model_id,architecture_id,fold_id,epoch,train_loss,val_loss,train_mae,val_mae,lr
LSTM5_74baa8a4,LSTM5,loso_subject_S001,1,0.29691205681733884,,0.38598417051679174,,0.001
LSTM5_74baa8a4,LSTM5,loso_subject_S001,2,0.05230073827702592,,0.17026048627552973,,0.001
LSTM5_74baa8a4,LSTM5,loso_subject_S001,3,0.03673936299883689,,0.1417904538314279,,0.001
LSTM5_74baa8a4,LSTM5,loso_subject_S001,4,0.03035699313027966,,0.1299342739168293,,0.001
LSTM5_74baa8a4,LSTM5,loso_subject_S001,5,0.025007019978278158,,0.11782187330990818,,0.001
LSTM5_74baa8a4,LSTM5,loso_subject_S001,6,0.02169418241510321,,0.10911045375503178,,0.001
LSTM5_74baa8a4,LSTM5,loso_subject_S001,7,0.020568029730219043,,0.10807485022522605,,0.001
LSTM5_74baa8a4,LSTM5,loso_subject_S001,8,0.019318123096553647,,0.10297352910167193,,0.001
LSTM5_74baa8a4,LSTM5,loso_subject_S001,9,0.018440351119378102,,0.10148267320017108,,0.001
LSTM5_74baa8a4,LSTM5,loso_subject_S001,10,0.018407447258210828,,0.10006080235567903,,0.001
LSTM5_74baa8a4,LSTM5,loso_subject_S001,11,0.01762951487421112,,0.09840739040767522,,0.001
LSTM5_74baa8a4,LSTM5,loso_subject_S001,12,0.015820734178739967,,0.093429416898063,,0.001
LSTM5_74baa8a4,LSTM5,loso_subject_S001,13,0.0150740365770822,,0.0903632116927431,,0.001
LSTM5_74baa8a4,LSTM5,loso_subject_S001,14,0.014599191788471343,,0.09041687351306928,,0.001
LSTM5_74baa8a4,LSTM5,loso_subject_S001,15,0.014616860435551212,,0.08989806311234906,,0.001
LSTM5_74baa8a4,LSTM5,loso_subject_S001,16,0.014121486690525252,,0.08765423604878131,,0.001
LSTM5_74baa8a4,LSTM5,loso_subject_S001,17,0.013455201938548529,,0.08715377529373365,,0.001
LSTM5_74baa8a4,LSTM5,loso_subject_S001,18,0.01391962297846542,,0.08611941621855564,,0.001
LSTM5_74baa8a4,LSTM5,loso_subject_S001,19,0.014097251504945686,,0.08728898495882396,,0.001
LSTM5_74baa8a4,LSTM5,loso_subject_S001,20,0.01234504921558207,,0.08224257063527124,,0.001
LSTM5_74baa8a4,LSTM5,loso_subject_S001,21,0.013144120494897526,,0.08422821769581448,,0.001
LSTM5_74baa8a4,LSTM5,loso_subject_S001,22,0.014179431330074675,,0.08743617979282145,,0.001
LSTM5_74baa8a4,LSTM5,loso_subject_S001,23,0.012075979724823214,,0.08024234556752916,,0.001
LSTM5_74baa8a4,LSTM5,loso_subject_S001,24,0.012043306167631001,,0.08106713654248614,,0.001
LSTM5_74baa8a4,LSTM5,loso_subject_S001,25,0.013432664025056731,,0.08334146695891838,,0.001
LSTM5_74baa8a4,LSTM5,loso_subject_S001,26,0.012902114397689186,,0.08395973391695741,,0.001
LSTM5_74baa8a4,LSTM5,loso_subject_S001,27,0.012152323197615545,,0.08028283667837104,,0.001
LSTM5_74baa8a4,LSTM5,loso_subject_S001,28,0.012375483198261343,,0.08228604273163831,,0.001
LSTM5_74baa8a4,LSTM5,loso_subject_S001,29,0.01244711662590496,,0.08143990498223243,,0.001
LSTM5_74baa8a4,LSTM5,loso_subject_S001,30,0.012178823466714185,,0.08126202450985348,,0.001
LSTM5_74baa8a4,LSTM5,loso_subject_S001,31,0.011940787876695355,,0.07956553357519854,,0.001
LSTM5_74baa8a4,LSTM5,loso_subject_S001,32,0.011731201022189447,,0.0793805177525066,,0.001
LSTM5_74baa8a4,LSTM5,loso_subject_S001,33,0.011017403971377389,,0.07690544534193476,,0.001
LSTM5_74baa8a4,LSTM5,loso_subject_S001,34,0.011094185806048753,,0.07543667789050036,,0.001
LSTM5_74baa8a4,LSTM5,loso_subject_S001,35,0.011013273053486395,,0.07600911822666659,,0.001
LSTM5_74baa8a4,LSTM5,loso_subject_S001,36,0.011234944066473082,,0.07810251485304616,,0.001
LSTM5_74baa8a4,LSTM5,loso_subject_S001,37,0.012636070265335501,,0.08101265988372171,,0.001
LSTM5_74baa8a4,LSTM5,loso_subject_S001,38,0.012413799001602884,,0.08053965057052188,,0.001
LSTM5_74baa8a4,LSTM5,loso_subject_S001,39,0.011812699311923469,,0.07913073002625978,,0.001
LSTM5_74baa8a4,LSTM5,loso_subject_S001,40,0.011489800628849684,,0.07694689898726942,,0.001
LSTM5_74baa8a4,LSTM5,loso_subject_S001,41,0.01157851064751082,,0.07780832552005515,,0.001
LSTM5_74baa8a4,LSTM5,loso_subject_S001,42,0.011690463813459156,,0.07737453421369653,,0.001
LSTM5_74baa8a4,LSTM5,loso_subject_S001,43,0.011298989234509326,,0.07791817104412072,,0.001
LSTM5_74baa8a4,LSTM5,loso_subject_S001,44,0.011323954760533609,,0.07701470899093693,,0.001
LSTM5_74baa8a4,LSTM5,loso_subject_S001,45,0.010917708506675934,,0.07581715910741288,,0.001
LSTM5_74baa8a4,LSTM5,loso_subject_S001,46,0.010973931987660435,,0.0760902667120824,,0.001
LSTM5_74baa8a4,LSTM5,loso_subject_S001,47,0.010860719042750579,,0.0755574327611685,,0.001
LSTM5_74baa8a4,LSTM5,loso_subject_S001,48,0.01114210572638364,,0.07647737647917846,,0.001
LSTM5_74baa8a4,LSTM5,loso_subject_S001,49,0.010742635434322488,,0.07483678858099314,,0.001
LSTM5_74baa8a4,LSTM5,loso_subject_S001,50,0.010166280768231799,,0.07293683068511864,,0.001
LSTM5_74baa8a4,LSTM5,loso_subject_S001,51,0.010661093560014387,,0.0746261375654286,,0.001
LSTM5_74baa8a4,LSTM5,loso_subject_S001,52,0.01122957474987757,,0.07662732074198333,,0.001
LSTM5_74baa8a4,LSTM5,loso_subject_S001,53,0.010394052771325882,,0.0749605973002599,,0.001
LSTM5_74baa8a4,LSTM5,loso_subject_S001,54,0.010121221135926582,,0.07265305092404963,,0.001
LSTM5_74baa8a4,LSTM5,loso_subject_S001,55,0.010911033926921051,,0.07628012930691759,,0.001
LSTM5_74baa8a4,LSTM5,loso_subject_S001,56,0.011275072052855413,,0.07646272214907833,,0.001
LSTM5_74baa8a4,LSTM5,loso_subject_S001,57,0.01120192970264563,,0.07693455424311597,,0.001
LSTM5_74baa8a4,LSTM5,loso_subject_S001,58,0.0101344388232023,,0.07210940891955672,,0.001
LSTM5_74baa8a4,LSTM5,loso_subject_S001,59,0.010053389060060985,,0.0729849797742338,,0.001
LSTM5_74baa8a4,LSTM5,loso_subject_S001,60,0.010729797083327105,,0.07406702867282744,,0.001
LSTM5_74baa8a4,LSTM5,loso_subject_S001,61,0.010024483181935861,,0.07316240296061655,,0.001
LSTM5_74baa8a4,LSTM5,loso_subject_S001,62,0.010619451125088003,,0.07395675216705712,,0.001
LSTM5_74baa8a4,LSTM5,loso_subject_S001,63,0.010782848816715688,,0.07555864499002703,,0.001
LSTM5_74baa8a4,LSTM5,loso_subject_S001,64,0.010489102311690967,,0.07458084468469474,,0.001
LSTM5_74baa8a4,LSTM5,loso_subject_S001,65,0.010586455923167423,,0.07446509841834437,,0.001
LSTM5_74baa8a4,LSTM5,loso_subject_S001,66,0.01147456857851625,,0.07673341727612554,,0.001
LSTM5_74baa8a4,LSTM5,loso_subject_S001,67,0.010106929400463129,,0.07291099403661833,,0.001
LSTM5_74baa8a4,LSTM5,loso_subject_S001,68,0.011048337016347722,,0.07558383874530514,,0.001
LSTM5_74baa8a4,LSTM5,loso_subject_S001,69,0.010350807400700953,,0.07265937431291032,,0.001
LSTM5_74baa8a4,LSTM5,loso_subject_S001,70,0.010210482120174006,,0.07171996441027412,,0.001
LSTM5_74baa8a4,LSTM5,loso_subject_S001,71,0.010363240136103492,,0.0722640942024959,,0.001
LSTM5_74baa8a4,LSTM5,loso_subject_S001,72,0.010442632549255499,,0.07334033985600921,,0.001
LSTM5_74baa8a4,LSTM5,loso_subject_S001,73,0.010688174168339042,,0.07370175509594817,,0.001
LSTM5_74baa8a4,LSTM5,loso_subject_S001,74,0.0106073322485767,,0.07416148156969916,,0.001
LSTM5_74baa8a4,LSTM5,loso_subject_S001,75,0.009973445675567736,,0.07218457740402648,,0.001
LSTM5_74baa8a4,LSTM5,loso_subject_S001,76,0.010403676753432194,,0.07260419955942903,,0.001
LSTM5_74baa8a4,LSTM5,loso_subject_S001,77,0.010901095794012773,,0.07441544870726222,,0.001
LSTM5_74baa8a4,LSTM5,loso_subject_S001,78,0.011055209256401037,,0.07488045276245756,,0.001
LSTM5_74baa8a4,LSTM5,loso_subject_S001,79,0.010522514183241741,,0.07261939671222642,,0.001
LSTM5_74baa8a4,LSTM5,loso_subject_S001,80,0.009850453685302029,,0.07151043579048964,,0.001
LSTM5_74baa8a4,LSTM5,loso_subject_S002,1,0.28714680426468364,,0.3772740446454487,,0.001
LSTM5_74baa8a4,LSTM5,loso_subject_S002,2,0.049666357131597776,,0.16601681469813445,,0.001
LSTM5_74baa8a4,LSTM5,loso_subject_S002,3,0.03610504532745838,,0.14110594767551246,,0.001
LSTM5_74baa8a4,LSTM5,loso_subject_S002,4,0.027607732029776857,,0.1231611946051211,,0.001
LSTM5_74baa8a4,LSTM5,loso_subject_S002,5,0.02558091057928585,,0.11852261113895184,,0.001
LSTM5_74baa8a4,LSTM5,loso_subject_S002,6,0.020366676300467134,,0.10635263611691628,,0.001
LSTM5_74baa8a4,LSTM5,loso_subject_S002,7,0.020085376745540583,,0.10554427961421584,,0.001
LSTM5_74baa8a4,LSTM5,loso_subject_S002,8,0.018956060916679656,,0.10402563534050559,,0.001
LSTM5_74baa8a4,LSTM5,loso_subject_S002,9,0.017197177275789215,,0.09858114405121586,,0.001
LSTM5_74baa8a4,LSTM5,loso_subject_S002,10,0.016791369304765952,,0.09677615007311374,,0.001
LSTM5_74baa8a4,LSTM5,loso_subject_S002,11,0.01623937892508433,,0.09326771236180217,,0.001
LSTM5_74baa8a4,LSTM5,loso_subject_S002,12,0.015080625741647001,,0.09127799794173663,,0.001
LSTM5_74baa8a4,LSTM5,loso_subject_S002,13,0.015376842329525249,,0.0911969296245288,,0.001
LSTM5_74baa8a4,LSTM5,loso_subject_S002,14,0.01374362166932652,,0.08652876009822168,,0.001
LSTM5_74baa8a4,LSTM5,loso_subject_S002,15,0.01405618360419833,,0.08770362828784199,,0.001
LSTM5_74baa8a4,LSTM5,loso_subject_S002,16,0.013562949844649194,,0.08797547175204365,,0.001
LSTM5_74baa8a4,LSTM5,loso_subject_S002,17,0.013333814913839462,,0.08639793012910957,,0.001
LSTM5_74baa8a4,LSTM5,loso_subject_S002,18,0.013214293726537674,,0.08418079266191969,,0.001
LSTM5_74baa8a4,LSTM5,loso_subject_S002,19,0.01307253587361656,,0.08333724112422095,,0.001
LSTM5_74baa8a4,LSTM5,loso_subject_S002,20,0.012655920084679868,,0.08367098569601782,,0.001
LSTM5_74baa8a4,LSTM5,loso_subject_S002,21,0.014008694491211462,,0.08608724625182967,,0.001
LSTM5_74baa8a4,LSTM5,loso_subject_S002,22,0.0124405245683411,,0.08133275828169317,,0.001
LSTM5_74baa8a4,LSTM5,loso_subject_S002,23,0.01236633231466328,,0.08187781464175352,,0.001
LSTM5_74baa8a4,LSTM5,loso_subject_S002,24,0.012345063751316769,,0.08214588437634589,,0.001
LSTM5_74baa8a4,LSTM5,loso_subject_S002,25,0.011877510616664533,,0.08036193024969616,,0.001
LSTM5_74baa8a4,LSTM5,loso_subject_S002,26,0.012951899695864647,,0.0830872921327234,,0.001
LSTM5_74baa8a4,LSTM5,loso_subject_S002,27,0.01232172131459843,,0.0820034228861102,,0.001
LSTM5_74baa8a4,LSTM5,loso_subject_S002,28,0.01225314427820468,,0.08095788868710756,,0.001
LSTM5_74baa8a4,LSTM5,loso_subject_S002,29,0.011741320453162717,,0.07968238191897044,,0.001
LSTM5_74baa8a4,LSTM5,loso_subject_S002,30,0.011800644915205143,,0.07859721662958964,,0.001
LSTM5_74baa8a4,LSTM5,loso_subject_S002,31,0.011669013730407634,,0.07886804737041468,,0.001
LSTM5_74baa8a4,LSTM5,loso_subject_S002,32,0.011172103096641682,,0.07715614123366185,,0.001
LSTM5_74baa8a4,LSTM5,loso_subject_S002,33,0.010528636939907923,,0.07483432795991318,,0.001
LSTM5_74baa8a4,LSTM5,loso_subject_S002,34,0.01112467001675295,,0.07681604701806292,,0.001
LSTM5_74baa8a4,LSTM5,loso_subject_S002,35,0.011277523364725182,,0.07759096530354952,,0.001
LSTM5_74baa8a4,LSTM5,loso_subject_S002,36,0.010928739346496763,,0.07645614618398623,,0.001
LSTM5_74baa8a4,LSTM5,loso_subject_S002,37,0.010916691793353476,,0.07631376845099742,,0.001
LSTM5_74baa8a4,LSTM5,loso_subject_S002,38,0.01057094132887402,,0.07571701799521995,,0.001
LSTM5_74baa8a4,LSTM5,loso_subject_S002,39,0.011393382932438079,,0.07753281306028059,,0.001
LSTM5_74baa8a4,LSTM5,loso_subject_S002,40,0.010972135201696183,,0.07614822189715627,,0.001
LSTM5_74baa8a4,LSTM5,loso_subject_S002,41,0.011087709967660992,,0.07691316267125371,,0.001
LSTM5_74baa8a4,LSTM5,loso_subject_S002,42,0.01168431116947672,,0.07866421562214074,,0.001
LSTM5_74baa8a4,LSTM5,loso_subject_S002,43,0.010883316646243129,,0.07513534819659858,,0.001
LSTM5_74baa8a4,LSTM5,loso_subject_S002,44,0.011816167287714348,,0.07927296526958041,,0.001
LSTM5_74baa8a4,LSTM5,loso_subject_S002,45,0.010170947088732814,,0.07267907488680217,,0.001
LSTM5_74baa8a4,LSTM5,loso_subject_S002,46,0.010399545031734047,,0.0739959765184459,,0.001
LSTM5_74baa8a4,LSTM5,loso_subject_S002,47,0.01024598850516373,,0.07254493111056269,,0.001
LSTM5_74baa8a4,LSTM5,loso_subject_S002,48,0.010697160125704083,,0.07417621350887656,,0.001
LSTM5_74baa8a4,LSTM5,loso_subject_S002,49,0.011051013512552688,,0.0760273999352785,,0.001
LSTM5_74baa8a4,LSTM5,loso_subject_S002,50,0.010680591705041837,,0.07484151311860535,,0.001
LSTM5_74baa8a4,LSTM5,loso_subject_S002,51,0.01122057160224184,,0.07621509497125524,,0.001
LSTM5_74baa8a4,LSTM5,loso_subject_S002,52,0.010556996494433925,,0.07423723468546942,,0.001
LSTM5_74baa8a4,LSTM5,loso_subject_S002,53,0.010221651074203298,,0.07355163193708461,,0.001
LSTM5_74baa8a4,LSTM5,loso_subject_S002,54,0.010136195805233176,,0.07339782748676935,,0.001
LSTM5_74baa8a4,LSTM5,loso_subject_S002,55,0.010768592987936608,,0.07580822851824007,,0.001
LSTM5_74baa8a4,LSTM5,loso_subject_S002,56,0.009807117432058931,,0.07113682061786301,,0.001
LSTM5_74baa8a4,LSTM5,loso_subject_S002,57,0.010438489195560008,,0.07436758146651701,,0.001
LSTM5_74baa8a4,LSTM5,loso_subject_S002,58,0.010055110031414627,,0.07360132488329418,,0.001
LSTM5_74baa8a4,LSTM5,loso_subject_S002,59,0.009928831208940796,,0.07161783311285191,,0.001
LSTM5_74baa8a4,LSTM5,loso_subject_S002,60,0.010090010305332568,,0.07221798129201579,,0.001
LSTM5_74baa8a4,LSTM5,loso_subject_S002,61,0.010474523972201681,,0.07307902870301754,,0.001
LSTM5_74baa8a4,LSTM5,loso_subject_S002,62,0.01029636995272036,,0.07312958000630608,,0.001
LSTM5_74baa8a4,LSTM5,loso_subject_S002,63,0.009706801966438106,,0.07172627907124697,,0.001
LSTM5_74baa8a4,LSTM5,loso_subject_S002,64,0.010673162986697545,,0.07469277140964853,,0.001
LSTM5_74baa8a4,LSTM5,loso_subject_S002,65,0.01084902843756912,,0.07539231652395374,,0.001
LSTM5_74baa8a4,LSTM5,loso_subject_S002,66,0.010317774328115085,,0.07305299488582842,,0.001
LSTM5_74baa8a4,LSTM5,loso_subject_S002,67,0.009926932695180208,,0.07242079376293105,,0.001
LSTM5_74baa8a4,LSTM5,loso_subject_S002,68,0.010036613439193235,,0.07235180560521462,,0.001
LSTM5_74baa8a4,LSTM5,loso_subject_S002,69,0.009496645280872452,,0.0702674065477807,,0.001
LSTM5_74baa8a4,LSTM5,loso_subject_S002,70,0.010191925104700773,,0.07211530312616067,,0.001
LSTM5_74baa8a4,LSTM5,loso_subject_S002,71,0.010239120540955082,,0.0721233452817075,,0.001
LSTM5_74baa8a4,LSTM5,loso_subject_S002,72,0.010347419410491854,,0.07270927109757253,,0.001
LSTM5_74baa8a4,LSTM5,loso_subject_S002,73,0.010267358394921608,,0.07239203720587511,,0.001
LSTM5_74baa8a4,LSTM5,loso_subject_S002,74,0.009870075490675324,,0.07207311571839843,,0.001
LSTM5_74baa8a4,LSTM5,loso_subject_S002,75,0.009136686411437904,,0.06929700835048769,,0.001
LSTM5_74baa8a4,LSTM5,loso_subject_S002,76,0.010994176647831094,,0.07502158481975423,,0.001
LSTM5_74baa8a4,LSTM5,loso_subject_S002,77,0.009727948512757467,,0.07145117951078567,,0.001
LSTM5_74baa8a4,LSTM5,loso_subject_S002,78,0.010017584051432049,,0.07138491098932571,,0.001
LSTM5_74baa8a4,LSTM5,loso_subject_S002,79,0.01024763380323639,,0.07308798409207187,,0.001
LSTM5_74baa8a4,LSTM5,loso_subject_S002,80,0.009805973642212347,,0.07136979098337173,,0.001
LSTM5_74baa8a4,LSTM5,loso_subject_S003,1,0.2869281426344069,,0.373002312241609,,0.001
LSTM5_74baa8a4,LSTM5,loso_subject_S003,2,0.04771043741360698,,0.16214708444800865,,0.001
LSTM5_74baa8a4,LSTM5,loso_subject_S003,3,0.034801232008142495,,0.13797858016694417,,0.001
LSTM5_74baa8a4,LSTM5,loso_subject_S003,4,0.027002651356380598,,0.12041265379499506,,0.001
LSTM5_74baa8a4,LSTM5,loso_subject_S003,5,0.02279225016793639,,0.112769157614237,,0.001
LSTM5_74baa8a4,LSTM5,loso_subject_S003,6,0.02182016830733401,,0.10943553559542087,,0.001
LSTM5_74baa8a4,LSTM5,loso_subject_S003,7,0.020342303417978977,,0.10547055258859055,,0.001
LSTM5_74baa8a4,LSTM5,loso_subject_S003,8,0.018094048569887732,,0.10011091559197528,,0.001
LSTM5_74baa8a4,LSTM5,loso_subject_S003,9,0.01753211411499027,,0.09752868722186445,,0.001
LSTM5_74baa8a4,LSTM5,loso_subject_S003,10,0.015575290921529613,,0.09387136127557795,,0.001
LSTM5_74baa8a4,LSTM5,loso_subject_S003,11,0.016259428454134105,,0.09397313697838489,,0.001
LSTM5_74baa8a4,LSTM5,loso_subject_S003,12,0.015278317510653778,,0.09236287963899054,,0.001
LSTM5_74baa8a4,LSTM5,loso_subject_S003,13,0.015591035052130156,,0.09133538780149054,,0.001
LSTM5_74baa8a4,LSTM5,loso_subject_S003,14,0.014787565900779705,,0.08964644282880292,,0.001
LSTM5_74baa8a4,LSTM5,loso_subject_S003,15,0.014225812964801243,,0.08750717196727528,,0.001
LSTM5_74baa8a4,LSTM5,loso_subject_S003,16,0.01516124164716601,,0.08996216367312292,,0.001
LSTM5_74baa8a4,LSTM5,loso_subject_S003,17,0.013222330941214269,,0.08485221711221845,,0.001
LSTM5_74baa8a4,LSTM5,loso_subject_S003,18,0.013486799738513355,,0.08441386700988264,,0.001
LSTM5_74baa8a4,LSTM5,loso_subject_S003,19,0.012571632686624493,,0.0822578580091221,,0.001
LSTM5_74baa8a4,LSTM5,loso_subject_S003,20,0.014565198330065686,,0.08751014123960202,,0.001
LSTM5_74baa8a4,LSTM5,loso_subject_S003,21,0.012380711186649223,,0.08172558689958871,,0.001
LSTM5_74baa8a4,LSTM5,loso_subject_S003,22,0.013002672503385902,,0.08266235392898626,,0.001
LSTM5_74baa8a4,LSTM5,loso_subject_S003,23,0.011916561611096704,,0.08003907030027398,,0.001
LSTM5_74baa8a4,LSTM5,loso_subject_S003,24,0.011928400466687502,,0.07960964816907881,,0.001
LSTM5_74baa8a4,LSTM5,loso_subject_S003,25,0.01192570930937734,,0.08043159758827088,,0.001
LSTM5_74baa8a4,LSTM5,loso_subject_S003,26,0.012372225593981472,,0.08058851304245584,,0.001
LSTM5_74baa8a4,LSTM5,loso_subject_S003,27,0.01178592432593258,,0.07861954236720048,,0.001
LSTM5_74baa8a4,LSTM5,loso_subject_S003,28,0.011603271012292936,,0.07927433851660418,,0.001
LSTM5_74baa8a4,LSTM5,loso_subject_S003,29,0.01254770719214786,,0.0806386461476453,,0.001
LSTM5_74baa8a4,LSTM5,loso_subject_S003,30,0.012773987947614744,,0.08270911068540072,,0.001
LSTM5_74baa8a4,LSTM5,loso_subject_S003,31,0.011545376205777872,,0.07816641521402667,,0.001
LSTM5_74baa8a4,LSTM5,loso_subject_S003,32,0.01214294129371707,,0.07936855815890906,,0.001
LSTM5_74baa8a4,LSTM5,loso_subject_S003,33,0.011626117199887305,,0.07829201825750942,,0.001
LSTM5_74baa8a4,LSTM5,loso_subject_S003,34,0.0108453016280748,,0.07576437380466804,,0.001
LSTM5_74baa8a4,LSTM5,loso_subject_S003,35,0.011273654869903066,,0.0768115402939687,,0.001
LSTM5_74baa8a4,LSTM5,loso_subject_S003,36,0.011798061530935112,,0.07825047709947623,,0.001
LSTM5_74baa8a4,LSTM5,loso_subject_S003,37,0.011445624157946338,,0.07891879969396964,,0.001
LSTM5_74baa8a4,LSTM5,loso_subject_S003,38,0.011448113507452715,,0.07747510210343476,,0.001
LSTM5_74baa8a4,LSTM5,loso_subject_S003,39,0.01093701255556258,,0.07562489540056713,,0.001
LSTM5_74baa8a4,LSTM5,loso_subject_S003,40,0.010672901046196908,,0.07551711227822804,,0.001
LSTM5_74baa8a4,LSTM5,loso_subject_S003,41,0.010759743506921694,,0.07501329524793486,,0.001
LSTM5_74baa8a4,LSTM5,loso_subject_S003,42,0.01120700366506118,,0.07604226483990925,,0.001
LSTM5_74baa8a4,LSTM5,loso_subject_S003,43,0.01060948154968532,,0.07561150301193846,,0.001
LSTM5_74baa8a4,LSTM5,loso_subject_S003,44,0.010868706140553222,,0.07457743122797786,,0.001
LSTM5_74baa8a4,LSTM5,loso_subject_S003,45,0.010000338121024882,,0.07237068540104218,,0.001
LSTM5_74baa8a4,LSTM5,loso_subject_S003,46,0.010910247923967279,,0.07487820645557318,,0.001
LSTM5_74baa8a4,LSTM5,loso_subject_S003,47,0.010766065123346517,,0.07428817736745777,,0.001
LSTM5_74baa8a4,LSTM5,loso_subject_S003,48,0.010160199191543247,,0.07225636661980527,,0.001
LSTM5_74baa8a4,LSTM5,loso_subject_S003,49,0.010405798055985427,,0.07343521879379045,,0.001
LSTM5_74baa8a4,LSTM5,loso_subject_S003,50,0.010541013737923505,,0.07667232321208355,,0.001
LSTM5_74baa8a4,LSTM5,loso_subject_S003,51,0.011200545729606368,,0.076337907049391,,0.001
LSTM5_74baa8a4,LSTM5,loso_subject_S003,52,0.010972097769261639,,0.07521704583160352,,0.001
LSTM5_74baa8a4,LSTM5,loso_subject_S003,53,0.009985834316630967,,0.07080504367396963,,0.001
LSTM5_74baa8a4,LSTM5,loso_subject_S003,54,0.011063346357204289,,0.07452656963157257,,0.001
LSTM5_74baa8a4,LSTM5,loso_subject_S003,55,0.010120915440953488,,0.072343817235671,,0.001
LSTM5_74baa8a4,LSTM5,loso_subject_S003,56,0.011128455781894253,,0.07589371180260815,,0.001
LSTM5_74baa8a4,LSTM5,loso_subject_S003,57,0.011017320187731385,,0.07482550609946827,,0.001
LSTM5_74baa8a4,LSTM5,loso_subject_S003,58,0.010664271719161855,,0.07365592852258836,,0.001
LSTM5_74baa8a4,LSTM5,loso_subject_S003,59,0.010925374766166852,,0.07493833553643874,,0.001
LSTM5_74baa8a4,LSTM5,loso_subject_S003,60,0.010813838011178753,,0.07514060927346004,,0.001
LSTM5_74baa8a4,LSTM5,loso_subject_S003,61,0.01043422950628667,,0.07281162409022875,,0.001
LSTM5_74baa8a4,LSTM5,loso_subject_S003,62,0.009946699298206383,,0.07186779301859522,,0.001
LSTM5_74baa8a4,LSTM5,loso_subject_S003,63,0.01045992374430164,,0.07461063591418443,,0.001
LSTM5_74baa8a4,LSTM5,loso_subject_S003,64,0.010186671218882308,,0.07347121300056808,,0.001
LSTM5_74baa8a4,LSTM5,loso_subject_S003,65,0.00990715585384064,,0.07169373001917292,,0.001
LSTM5_74baa8a4,LSTM5,loso_subject_S003,66,0.010014956999496146,,0.07171761827824324,,0.001
LSTM5_74baa8a4,LSTM5,loso_subject_S003,67,0.01087071600690548,,0.07313695471979761,,0.001
LSTM5_74baa8a4,LSTM5,loso_subject_S003,68,0.010825883092106756,,0.0743944750867796,,0.001
LSTM5_74baa8a4,LSTM5,loso_subject_S003,69,0.010344189625199418,,0.07209869538160402,,0.001
LSTM5_74baa8a4,LSTM5,loso_subject_S003,70,0.010223686890061735,,0.07283171842207656,,0.001
LSTM5_74baa8a4,LSTM5,loso_subject_S003,71,0.010519900496187257,,0.07334502691216067,,0.001
LSTM5_74baa8a4,LSTM5,loso_subject_S003,72,0.009832599147818323,,0.0708535947125571,,0.001
LSTM5_74baa8a4,LSTM5,loso_subject_S003,73,0.009741157005874463,,0.07056753095829288,,0.001
LSTM5_74baa8a4,LSTM5,loso_subject_S003,74,0.010618844139277215,,0.0752581864039519,,0.001
LSTM5_74baa8a4,LSTM5,loso_subject_S003,75,0.009743217427595466,,0.0709577431253413,,0.001
LSTM5_74baa8a4,LSTM5,loso_subject_S003,76,0.009491520056224084,,0.06985400912466384,,0.001
LSTM5_74baa8a4,LSTM5,loso_subject_S003,77,0.010090648829517062,,0.07183272724694229,,0.001
LSTM5_74baa8a4,LSTM5,loso_subject_S003,78,0.009973637644207516,,0.07150985613681268,,0.001
LSTM5_74baa8a4,LSTM5,loso_subject_S003,79,0.0107360048663477,,0.07455440343098171,,0.001
LSTM5_74baa8a4,LSTM5,loso_subject_S003,80,0.011004616089477151,,0.0743925952968966,,0.001
LSTM5_74baa8a4,LSTM5,loso_subject_S004,1,0.30818892668729725,,0.39228098379943893,,0.001
LSTM5_74baa8a4,LSTM5,loso_subject_S004,2,0.04959652321199145,,0.1665637012318127,,0.001
LSTM5_74baa8a4,LSTM5,loso_subject_S004,3,0.033556446939006564,,0.13517346037486835,,0.001
LSTM5_74baa8a4,LSTM5,loso_subject_S004,4,0.02623148158379236,,0.12213623908841575,,0.001
LSTM5_74baa8a4,LSTM5,loso_subject_S004,5,0.023520921338941125,,0.11468162160417752,,0.001
LSTM5_74baa8a4,LSTM5,loso_subject_S004,6,0.022178825036195275,,0.11302668725354648,,0.001
LSTM5_74baa8a4,LSTM5,loso_subject_S004,7,0.019295520771736328,,0.1041774633716866,,0.001
LSTM5_74baa8a4,LSTM5,loso_subject_S004,8,0.018857609731424866,,0.10297031647901095,,0.001
LSTM5_74baa8a4,LSTM5,loso_subject_S004,9,0.016765445226256604,,0.09811497737456132,,0.001
LSTM5_74baa8a4,LSTM5,loso_subject_S004,10,0.01661312430851756,,0.09656442671614102,,0.001
LSTM5_74baa8a4,LSTM5,loso_subject_S004,11,0.01650915242392034,,0.09599717734720613,,0.001
LSTM5_74baa8a4,LSTM5,loso_subject_S004,12,0.014925259746911218,,0.09104918611779128,,0.001
LSTM5_74baa8a4,LSTM5,loso_subject_S004,13,0.015274448775711092,,0.09185456249477203,,0.001
LSTM5_74baa8a4,LSTM5,loso_subject_S004,14,0.013775935588203026,,0.08772053323126319,,0.001
LSTM5_74baa8a4,LSTM5,loso_subject_S004,15,0.013944080998323206,,0.08729745017491106,,0.001
LSTM5_74baa8a4,LSTM5,loso_subject_S004,16,0.014016684000937014,,0.08903929783743603,,0.001
LSTM5_74baa8a4,LSTM5,loso_subject_S004,17,0.013755256559708431,,0.08705559049716391,,0.001
LSTM5_74baa8a4,LSTM5,loso_subject_S004,18,0.013952725082385795,,0.08760718803726793,,0.001
LSTM5_74baa8a4,LSTM5,loso_subject_S004,19,0.014016295785866842,,0.0869228261545312,,0.001
LSTM5_74baa8a4,LSTM5,loso_subject_S004,20,0.012760056682910194,,0.08386048452585759,,0.001
LSTM5_74baa8a4,LSTM5,loso_subject_S004,21,0.0128644582633436,,0.08342231577322398,,0.001
LSTM5_74baa8a4,LSTM5,loso_subject_S004,22,0.013097668758680308,,0.08323534878378164,,0.001
LSTM5_74baa8a4,LSTM5,loso_subject_S004,23,0.013526813304804413,,0.08546808545337978,,0.001
LSTM5_74baa8a4,LSTM5,loso_subject_S004,24,0.012871198319119906,,0.08445390756512501,,0.001
LSTM5_74baa8a4,LSTM5,loso_subject_S004,25,0.012941515993441365,,0.0833333337334678,,0.001
LSTM5_74baa8a4,LSTM5,loso_subject_S004,26,0.012075393434961175,,0.0798168949861721,,0.001
LSTM5_74baa8a4,LSTM5,loso_subject_S004,27,0.012084552100836738,,0.08069803912395536,,0.001
LSTM5_74baa8a4,LSTM5,loso_subject_S004,28,0.011044149247127742,,0.07801660278409511,,0.001
LSTM5_74baa8a4,LSTM5,loso_subject_S004,29,0.011724730182642041,,0.07855897630342919,,0.001
LSTM5_74baa8a4,LSTM5,loso_subject_S004,30,0.010952007367662563,,0.07602261004523654,,0.001
LSTM5_74baa8a4,LSTM5,loso_subject_S004,31,0.011228066122434936,,0.07757214864818372,,0.001
LSTM5_74baa8a4,LSTM5,loso_subject_S004,32,0.011756648977541766,,0.07883139017929934,,0.001
LSTM5_74baa8a4,LSTM5,loso_subject_S004,33,0.012232870402753837,,0.0809011579919948,,0.001
LSTM5_74baa8a4,LSTM5,loso_subject_S004,34,0.011384781728973076,,0.07878529875431756,,0.001
LSTM5_74baa8a4,LSTM5,loso_subject_S004,35,0.011056429570410453,,0.07636661404729844,,0.001
LSTM5_74baa8a4,LSTM5,loso_subject_S004,36,0.01114561926816866,,0.07591745599223267,,0.001
LSTM5_74baa8a4,LSTM5,loso_subject_S004,37,0.011249744804398576,,0.07700926413446503,,0.001
LSTM5_74baa8a4,LSTM5,loso_subject_S004,38,0.01143880222563115,,0.07752732169811281,,0.001
LSTM5_74baa8a4,LSTM5,loso_subject_S004,39,0.011197350063911172,,0.07681623006394873,,0.001
LSTM5_74baa8a4,LSTM5,loso_subject_S004,40,0.010664315466939049,,0.07585723800288902,,0.001
LSTM5_74baa8a4,LSTM5,loso_subject_S004,41,0.011854478699103933,,0.079261059758585,,0.001
LSTM5_74baa8a4,LSTM5,loso_subject_S004,42,0.011123758067540188,,0.07699770840130633,,0.001
LSTM5_74baa8a4,LSTM5,loso_subject_S004,43,0.011535335474751222,,0.07804554012927965,,0.001
LSTM5_74baa8a4,LSTM5,loso_subject_S004,44,0.010336617628252387,,0.07273558573977694,,0.001
LSTM5_74baa8a4,LSTM5,loso_subject_S004,45,0.01130999799355145,,0.07617692434869316,,0.001
LSTM5_74baa8a4,LSTM5,loso_subject_S004,46,0.010993295349902095,,0.07600004727291623,,0.001
LSTM5_74baa8a4,LSTM5,loso_subject_S004,47,0.01190018680489151,,0.07919056005843259,,0.001
LSTM5_74baa8a4,LSTM5,loso_subject_S004,48,0.010023418222639394,,0.07379606852474799,,0.001
LSTM5_74baa8a4,LSTM5,loso_subject_S004,49,0.010900464799835136,,0.07626709306221614,,0.001
LSTM5_74baa8a4,LSTM5,loso_subject_S004,50,0.011704644553792314,,0.077389898253309,,0.001
LSTM5_74baa8a4,LSTM5,loso_subject_S004,51,0.010639957220358747,,0.07407869019428028,,0.001
LSTM5_74baa8a4,LSTM5,loso_subject_S004,52,0.010270590996843437,,0.07258260170930336,,0.001
LSTM5_74baa8a4,LSTM5,loso_subject_S004,53,0.010093055408074779,,0.07206679964204829,,0.001
LSTM5_74baa8a4,LSTM5,loso_subject_S004,54,0.010862183276916886,,0.07500743514887283,,0.001
LSTM5_74baa8a4,LSTM5,loso_subject_S004,55,0.010665436374134652,,0.07457740595835972,,0.001
LSTM5_74baa8a4,LSTM5,loso_subject_S004,56,0.010604503408474514,,0.07451944551417417,,0.001
LSTM5_74baa8a4,LSTM5,loso_subject_S004,57,0.011301266226658764,,0.07510410402938743,,0.001
LSTM5_74baa8a4,LSTM5,loso_subject_S004,58,0.009866348388173185,,0.07237986258618012,,0.001
LSTM5_74baa8a4,LSTM5,loso_subject_S004,59,0.011155410205886219,,0.07664680233181462,,0.001
LSTM5_74baa8a4,LSTM5,loso_subject_S004,60,0.010603875544123216,,0.07490523772017457,,0.001
LSTM5_74baa8a4,LSTM5,loso_subject_S004,61,0.009860116365855513,,0.07221476340283112,,0.001
LSTM5_74baa8a4,LSTM5,loso_subject_S004,62,0.01028968449927272,,0.0728846099636458,,0.001
LSTM5_74baa8a4,LSTM5,loso_subject_S004,63,0.01014186208743074,,0.07308495691944979,,0.001
LSTM5_74baa8a4,LSTM5,loso_subject_S004,64,0.010141679610667009,,0.0718457714625409,,0.001
LSTM5_74baa8a4,LSTM5,loso_subject_S004,65,0.010412906880160803,,0.07425436080502441,,0.001
LSTM5_74baa8a4,LSTM5,loso_subject_S004,66,0.010990883883068629,,0.07456010962499071,,0.001
LSTM5_74baa8a4,LSTM5,loso_subject_S004,67,0.010204605563894095,,0.073935504238057,,0.001
LSTM5_74baa8a4,LSTM5,loso_subject_S004,68,0.00986083356070597,,0.07200194840152813,,0.001
LSTM5_74baa8a4,LSTM5,loso_subject_S004,69,0.009499746233512466,,0.07089184495081066,,0.001
LSTM5_74baa8a4,LSTM5,loso_subject_S004,70,0.010439219978115461,,0.07349066863742072,,0.001
LSTM5_74baa8a4,LSTM5,loso_subject_S004,71,0.010712504823587059,,0.07332325522448091,,0.001
LSTM5_74baa8a4,LSTM5,loso_subject_S004,72,0.011289303945346208,,0.07547007726585714,,0.001
LSTM5_74baa8a4,LSTM5,loso_subject_S004,73,0.009929607754340937,,0.07208251577806571,,0.001
LSTM5_74baa8a4,LSTM5,loso_subject_S004,74,0.010490802374711462,,0.07392971183197646,,0.001
LSTM5_74baa8a4,LSTM5,loso_subject_S004,75,0.009876766797802475,,0.07192637609967636,,0.001
LSTM5_74baa8a4,LSTM5,loso_subject_S004,76,0.010947033337308029,,0.07627030226562856,,0.001
LSTM5_74baa8a4,LSTM5,loso_subject_S004,77,0.009539750928149154,,0.07020604069492105,,0.001
LSTM5_74baa8a4,LSTM5,loso_subject_S004,78,0.010143708482888697,,0.07133866963331441,,0.001
LSTM5_74baa8a4,LSTM5,loso_subject_S004,79,0.009979008150395423,,0.07170624235342431,,0.001
LSTM5_74baa8a4,LSTM5,loso_subject_S004,80,0.010344529775972364,,0.07235695649272184,,0.001
LSTM5_74baa8a4,LSTM5,loso_subject_S005,1,0.2986930378118352,,0.38843115403582196,,0.001
LSTM5_74baa8a4,LSTM5,loso_subject_S005,2,0.058328113742556975,,0.17686145231856837,,0.001
LSTM5_74baa8a4,LSTM5,loso_subject_S005,3,0.03709329875701872,,0.14294170598698747,,0.001
LSTM5_74baa8a4,LSTM5,loso_subject_S005,4,0.0331383048148106,,0.13411929499957967,,0.001
LSTM5_74baa8a4,LSTM5,loso_subject_S005,5,0.02545667838808829,,0.11806692236222088,,0.001
LSTM5_74baa8a4,LSTM5,loso_subject_S005,6,0.022353824312534874,,0.11136575204785051,,0.001
LSTM5_74baa8a4,LSTM5,loso_subject_S005,7,0.020604675158334137,,0.10824735349162928,,0.001
LSTM5_74baa8a4,LSTM5,loso_subject_S005,8,0.02203812903934719,,0.10885679183877105,,0.001
LSTM5_74baa8a4,LSTM5,loso_subject_S005,9,0.018058473926113417,,0.10037337473912139,,0.001
LSTM5_74baa8a4,LSTM5,loso_subject_S005,10,0.01855537857435677,,0.10020988181733921,,0.001
LSTM5_74baa8a4,LSTM5,loso_subject_S005,11,0.017146708703378432,,0.09721207299881339,,0.001
LSTM5_74baa8a4,LSTM5,loso_subject_S005,12,0.01543962368601231,,0.09220629050653784,,0.001
LSTM5_74baa8a4,LSTM5,loso_subject_S005,13,0.015644919721895415,,0.0932743668751296,,0.001
LSTM5_74baa8a4,LSTM5,loso_subject_S005,14,0.014423631472304696,,0.08845545188936409,,0.001
LSTM5_74baa8a4,LSTM5,loso_subject_S005,15,0.01593001783918811,,0.09179950990442938,,0.001
LSTM5_74baa8a4,LSTM5,loso_subject_S005,16,0.015314130591860653,,0.09130742918543322,,0.001
LSTM5_74baa8a4,LSTM5,loso_subject_S005,17,0.015484810223287137,,0.091003219849516,,0.001
LSTM5_74baa8a4,LSTM5,loso_subject_S005,18,0.013509800969097143,,0.08704051374600887,,0.001
LSTM5_74baa8a4,LSTM5,loso_subject_S005,19,0.013010048524483238,,0.08330604121487029,,0.001
LSTM5_74baa8a4,LSTM5,loso_subject_S005,20,0.013564752178358766,,0.08431993002804522,,0.001
LSTM5_74baa8a4,LSTM5,loso_subject_S005,21,0.014190674180603869,,0.08652113296467928,,0.001
LSTM5_74baa8a4,LSTM5,loso_subject_S005,22,0.013092040570284822,,0.08475245997069279,,0.001
LSTM5_74baa8a4,LSTM5,loso_subject_S005,23,0.016181652216426486,,0.09107846239297455,,0.001
LSTM5_74baa8a4,LSTM5,loso_subject_S005,24,0.012638092110507659,,0.08193202202273121,,0.001
LSTM5_74baa8a4,LSTM5,loso_subject_S005,25,0.01265086624988115,,0.08078701909029493,,0.001
LSTM5_74baa8a4,LSTM5,loso_subject_S005,26,0.012098838699204688,,0.08060379745869749,,0.001
LSTM5_74baa8a4,LSTM5,loso_subject_S005,27,0.012386785679664567,,0.08108945650927164,,0.001
LSTM5_74baa8a4,LSTM5,loso_subject_S005,28,0.012010886116877999,,0.08044433861348213,,0.001
LSTM5_74baa8a4,LSTM5,loso_subject_S005,29,0.011893313012561985,,0.07956121219147201,,0.001
LSTM5_74baa8a4,LSTM5,loso_subject_S005,30,0.012925799025547304,,0.08187259408933276,,0.001
LSTM5_74baa8a4,LSTM5,loso_subject_S005,31,0.011844296518716192,,0.07947028665371088,,0.001
LSTM5_74baa8a4,LSTM5,loso_subject_S005,32,0.011713535023619921,,0.07899606409853364,,0.001
LSTM5_74baa8a4,LSTM5,loso_subject_S005,33,0.012303042081198232,,0.07927426898000228,,0.001
LSTM5_74baa8a4,LSTM5,loso_subject_S005,34,0.011240334179586392,,0.0780744717723161,,0.001
LSTM5_74baa8a4,LSTM5,loso_subject_S005,35,0.011542489598718262,,0.07934214437616405,,0.001
LSTM5_74baa8a4,LSTM5,loso_subject_S005,36,0.011946782476523154,,0.07792476674995547,,0.001
LSTM5_74baa8a4,LSTM5,loso_subject_S005,37,0.011871518416397216,,0.07819799559732273,,0.001
LSTM5_74baa8a4,LSTM5,loso_subject_S005,38,0.011737843656691253,,0.0788456938019886,,0.001
LSTM5_74baa8a4,LSTM5,loso_subject_S005,39,0.011825002202282851,,0.0783440017650538,,0.001
LSTM5_74baa8a4,LSTM5,loso_subject_S005,40,0.011539949837227689,,0.07863210108159743,,0.001
LSTM5_74baa8a4,LSTM5,loso_subject_S005,41,0.011754622257294178,,0.07816196985186108,,0.001
LSTM5_74baa8a4,LSTM5,loso_subject_S005,42,0.012362165660300573,,0.0792616977647274,,0.001
LSTM5_74baa8a4,LSTM5,loso_subject_S005,43,0.011692441920844674,,0.07800662872834484,,0.001
LSTM5_74baa8a4,LSTM5,loso_subject_S005,44,0.011743490281841193,,0.07684202419130362,,0.001
LSTM5_74baa8a4,LSTM5,loso_subject_S005,45,0.010776064656325093,,0.07540917312305177,,0.001
LSTM5_74baa8a4,LSTM5,loso_subject_S005,46,0.010311281320108636,,0.0732261258079179,,0.001
LSTM5_74baa8a4,LSTM5,loso_subject_S005,47,0.011375602657997355,,0.079068109366025,,0.001
LSTM5_74baa8a4,LSTM5,loso_subject_S005,48,0.01160899951932836,,0.07839663770996651,,0.001
LSTM5_74baa8a4,LSTM5,loso_subject_S005,49,0.010846426363672822,,0.0752775441462071,,0.001
LSTM5_74baa8a4,LSTM5,loso_subject_S005,50,0.012545254286422959,,0.07897127318818933,,0.001
LSTM5_74baa8a4,LSTM5,loso_subject_S005,51,0.01200105320802414,,0.07903911718294218,,0.001
LSTM5_74baa8a4,LSTM5,loso_subject_S005,52,0.010645570730284562,,0.07499421362096877,,0.001
LSTM5_74baa8a4,LSTM5,loso_subject_S005,53,0.010764664626265024,,0.07552668565075822,,0.001
LSTM5_74baa8a4,LSTM5,loso_subject_S005,54,0.009753793828027789,,0.07215109857277592,,0.001
LSTM5_74baa8a4,LSTM5,loso_subject_S005,55,0.01110317489007649,,0.0750600933000008,,0.001
LSTM5_74baa8a4,LSTM5,loso_subject_S005,56,0.010449273157995357,,0.07233493741531752,,0.001
LSTM5_74baa8a4,LSTM5,loso_subject_S005,57,0.011648782394694386,,0.07819511142358108,,0.001
LSTM5_74baa8a4,LSTM5,loso_subject_S005,58,0.009878417988364674,,0.07251651798116565,,0.001
LSTM5_74baa8a4,LSTM5,loso_subject_S005,59,0.01017351043099009,,0.07212758953571004,,0.001
LSTM5_74baa8a4,LSTM5,loso_subject_S005,60,0.010207525703857,,0.07335889018447397,,0.001
LSTM5_74baa8a4,LSTM5,loso_subject_S005,61,0.010023226829467864,,0.07290451424883586,,0.001
LSTM5_74baa8a4,LSTM5,loso_subject_S005,62,0.01053877105393034,,0.0742706927404111,,0.001
LSTM5_74baa8a4,LSTM5,loso_subject_S005,63,0.011615974781923912,,0.07672845064131585,,0.001
LSTM5_74baa8a4,LSTM5,loso_subject_S005,64,0.009990918299558144,,0.07227659758098602,,0.001
LSTM5_74baa8a4,LSTM5,loso_subject_S005,65,0.010809534538588498,,0.07527120807867017,,0.001
LSTM5_74baa8a4,LSTM5,loso_subject_S005,66,0.01088924610879419,,0.07535355684244736,,0.001
LSTM5_74baa8a4,LSTM5,loso_subject_S005,67,0.010863451434078157,,0.07409382263812808,,0.001
LSTM5_74baa8a4,LSTM5,loso_subject_S005,68,0.010125832575408082,,0.07265127803938189,,0.001
LSTM5_74baa8a4,LSTM5,loso_subject_S005,69,0.011026468676635865,,0.07501743316524277,,0.001
LSTM5_74baa8a4,LSTM5,loso_subject_S005,70,0.010222800339474097,,0.07328671864432196,,0.001
LSTM5_74baa8a4,LSTM5,loso_subject_S005,71,0.010964302502952357,,0.07469723000432789,,0.001
LSTM5_74baa8a4,LSTM5,loso_subject_S005,72,0.010213740452280658,,0.07160587646648449,,0.001
LSTM5_74baa8a4,LSTM5,loso_subject_S005,73,0.011188333799643306,,0.07609111080682647,,0.001
LSTM5_74baa8a4,LSTM5,loso_subject_S005,74,0.010459968570079897,,0.07352534946595131,,0.001
LSTM5_74baa8a4,LSTM5,loso_subject_S005,75,0.010100117436280344,,0.07220815454753295,,0.001
LSTM5_74baa8a4,LSTM5,loso_subject_S005,76,0.01056182958260553,,0.07388959804151274,,0.001
LSTM5_74baa8a4,LSTM5,loso_subject_S005,77,0.01048857538303948,,0.07300616000749169,,0.001
LSTM5_74baa8a4,LSTM5,loso_subject_S005,78,0.010159831948300512,,0.0733088880710361,,0.001
LSTM5_74baa8a4,LSTM5,loso_subject_S005,79,0.010384063824249643,,0.07248455416475204,,0.001
LSTM5_74baa8a4,LSTM5,loso_subject_S005,80,0.010187893484454801,,0.07119858265514255,,0.001
LSTM5_74baa8a4,LSTM5,loso_subject_S006,1,0.3007349518478894,,0.38836089045297906,,0.001
LSTM5_74baa8a4,LSTM5,loso_subject_S006,2,0.055978739847902394,,0.17467034424914687,,0.001
LSTM5_74baa8a4,LSTM5,loso_subject_S006,3,0.03923834900020576,,0.14575276597112904,,0.001
LSTM5_74baa8a4,LSTM5,loso_subject_S006,4,0.032928042220654055,,0.13392213426652502,,0.001
LSTM5_74baa8a4,LSTM5,loso_subject_S006,5,0.028341554563309324,,0.12313474250621483,,0.001
LSTM5_74baa8a4,LSTM5,loso_subject_S006,6,0.023633878571210336,,0.11430290390233525,,0.001
LSTM5_74baa8a4,LSTM5,loso_subject_S006,7,0.022120214174272585,,0.1092630391482447,,0.001
LSTM5_74baa8a4,LSTM5,loso_subject_S006,8,0.019872693573964425,,0.1053719409420842,,0.001
LSTM5_74baa8a4,LSTM5,loso_subject_S006,9,0.019799054172806075,,0.10497424482810692,,0.001
LSTM5_74baa8a4,LSTM5,loso_subject_S006,10,0.018250180851118486,,0.09964431578018626,,0.001
LSTM5_74baa8a4,LSTM5,loso_subject_S006,11,0.01659473500474066,,0.09609455322144461,,0.001
LSTM5_74baa8a4,LSTM5,loso_subject_S006,12,0.01555033382333693,,0.09316530408429317,,0.001
LSTM5_74baa8a4,LSTM5,loso_subject_S006,13,0.01591978365647011,,0.09375476605090939,,0.001
LSTM5_74baa8a4,LSTM5,loso_subject_S006,14,0.014796439726211008,,0.0905120701330607,,0.001
LSTM5_74baa8a4,LSTM5,loso_subject_S006,15,0.014551459109319037,,0.0896913690156624,,0.001
LSTM5_74baa8a4,LSTM5,loso_subject_S006,16,0.01442652662880108,,0.08928245880076142,,0.001
LSTM5_74baa8a4,LSTM5,loso_subject_S006,17,0.014059636467060104,,0.08785240828502373,,0.001
LSTM5_74baa8a4,LSTM5,loso_subject_S006,18,0.014557809988800132,,0.08860836605556675,,0.001
LSTM5_74baa8a4,LSTM5,loso_subject_S006,19,0.013547667210585758,,0.08497003539175284,,0.001
LSTM5_74baa8a4,LSTM5,loso_subject_S006,20,0.01357425685178061,,0.08590014950662363,,0.001
LSTM5_74baa8a4,LSTM5,loso_subject_S006,21,0.013791724489849121,,0.08648407489794199,,0.001
LSTM5_74baa8a4,LSTM5,loso_subject_S006,22,0.012797443929021476,,0.08324399700418847,,0.001
LSTM5_74baa8a4,LSTM5,loso_subject_S006,23,0.011780123569865207,,0.08018642346389958,,0.001
LSTM5_74baa8a4,LSTM5,loso_subject_S006,24,0.012304366070044334,,0.08200289015887213,,0.001
LSTM5_74baa8a4,LSTM5,loso_subject_S006,25,0.013714160006798681,,0.0852261437255828,,0.001
LSTM5_74baa8a4,LSTM5,loso_subject_S006,26,0.011709690781035384,,0.07866896066020747,,0.001
LSTM5_74baa8a4,LSTM5,loso_subject_S006,27,0.012914202908878444,,0.08368203984420808,,0.001
LSTM5_74baa8a4,LSTM5,loso_subject_S006,28,0.012616349987258187,,0.08149277473815152,,0.001
LSTM5_74baa8a4,LSTM5,loso_subject_S006,29,0.011696705182434106,,0.0795999114386371,,0.001
LSTM5_74baa8a4,LSTM5,loso_subject_S006,30,0.011864905299038673,,0.07971295689950224,,0.001
LSTM5_74baa8a4,LSTM5,loso_subject_S006,31,0.011714082577678024,,0.07927188344421934,,0.001
LSTM5_74baa8a4,LSTM5,loso_subject_S006,32,0.011892848510722646,,0.07833654812124909,,0.001
LSTM5_74baa8a4,LSTM5,loso_subject_S006,33,0.011661367063395312,,0.07843850400359904,,0.001
LSTM5_74baa8a4,LSTM5,loso_subject_S006,34,0.011211352247256235,,0.07778155144120825,,0.001
LSTM5_74baa8a4,LSTM5,loso_subject_S006,35,0.010907771065831184,,0.07527548160220755,,0.001
LSTM5_74baa8a4,LSTM5,loso_subject_S006,36,0.01150155054466402,,0.07811588946668828,,0.001
LSTM5_74baa8a4,LSTM5,loso_subject_S006,37,0.011599481319550608,,0.07898537087880197,,0.001
LSTM5_74baa8a4,LSTM5,loso_subject_S006,38,0.011622752513370065,,0.0790305142519904,,0.001
LSTM5_74baa8a4,LSTM5,loso_subject_S006,39,0.011867419511201929,,0.07871537509023166,,0.001
LSTM5_74baa8a4,LSTM5,loso_subject_S006,40,0.011657811655495011,,0.07993910064707037,,0.001
LSTM5_74baa8a4,LSTM5,loso_subject_S006,41,0.011815063311855813,,0.07931868738082588,,0.001
LSTM5_74baa8a4,LSTM5,loso_subject_S006,42,0.011161321575646518,,0.07589909367141176,,0.001
LSTM5_74baa8a4,LSTM5,loso_subject_S006,43,0.011631509709004008,,0.07848982445773531,,0.001
LSTM5_74baa8a4,LSTM5,loso_subject_S006,44,0.010492242491025417,,0.0753513720558315,,0.001
LSTM5_74baa8a4,LSTM5,loso_subject_S006,45,0.011615606063030293,,0.07747191435000936,,0.001
LSTM5_74baa8a4,LSTM5,loso_subject_S006,46,0.011906489439797207,,0.07723760910210062,,0.001
LSTM5_74baa8a4,LSTM5,loso_subject_S006,47,0.011516820998160078,,0.07922799616563515,,0.001
LSTM5_74baa8a4,LSTM5,loso_subject_S006,48,0.011178647106910338,,0.07629829003918366,,0.001
LSTM5_74baa8a4,LSTM5,loso_subject_S006,49,0.010939927603744093,,0.07555509621246917,,0.001
LSTM5_74baa8a4,LSTM5,loso_subject_S006,50,0.010852464650314851,,0.07499579523430495,,0.001
LSTM5_74baa8a4,LSTM5,loso_subject_S006,51,0.010536737572096411,,0.07519410367383332,,0.001
LSTM5_74baa8a4,LSTM5,loso_subject_S006,52,0.011061066089839231,,0.07580876515292731,,0.001
LSTM5_74baa8a4,LSTM5,loso_subject_S006,53,0.010664572465981617,,0.07501714059808215,,0.001
LSTM5_74baa8a4,LSTM5,loso_subject_S006,54,0.011131455824084457,,0.07650090900600934,,0.001
LSTM5_74baa8a4,LSTM5,loso_subject_S006,55,0.01090172061421832,,0.07659790322917406,,0.001
LSTM5_74baa8a4,LSTM5,loso_subject_S006,56,0.010108982044898096,,0.07242416816412425,,0.001
LSTM5_74baa8a4,LSTM5,loso_subject_S006,57,0.011216440352565442,,0.07648779586201808,,0.001
LSTM5_74baa8a4,LSTM5,loso_subject_S006,58,0.011131865209060126,,0.07595213185079762,,0.001
LSTM5_74baa8a4,LSTM5,loso_subject_S006,59,0.009957064263766906,,0.07201313184665852,,0.001
LSTM5_74baa8a4,LSTM5,loso_subject_S006,60,0.009962310709181379,,0.07250164638532967,,0.001
LSTM5_74baa8a4,LSTM5,loso_subject_S006,61,0.011062117514857014,,0.07524448413340772,,0.001
LSTM5_74baa8a4,LSTM5,loso_subject_S006,62,0.010857375689828004,,0.0750256779863209,,0.001
LSTM5_74baa8a4,LSTM5,loso_subject_S006,63,0.010685866858932327,,0.07503158831205524,,0.001
LSTM5_74baa8a4,LSTM5,loso_subject_S006,64,0.010733219466675988,,0.07439409947541893,,0.001
LSTM5_74baa8a4,LSTM5,loso_subject_S006,65,0.010136489641898479,,0.07290889408256186,,0.001
LSTM5_74baa8a4,LSTM5,loso_subject_S006,66,0.009697250884453782,,0.07050748755697345,,0.001
LSTM5_74baa8a4,LSTM5,loso_subject_S006,67,0.010081677850274766,,0.07217554857984917,,0.001
LSTM5_74baa8a4,LSTM5,loso_subject_S006,68,0.010589061747686784,,0.07435500414156523,,0.001
LSTM5_74baa8a4,LSTM5,loso_subject_S006,69,0.01036197452454782,,0.07377166588042604,,0.001
LSTM5_74baa8a4,LSTM5,loso_subject_S006,70,0.010522572919115668,,0.07419861657697646,,0.001
LSTM5_74baa8a4,LSTM5,loso_subject_S006,71,0.010322135262435576,,0.07305395810819063,,0.001
LSTM5_74baa8a4,LSTM5,loso_subject_S006,72,0.01041146718179349,,0.0738402926286713,,0.001
LSTM5_74baa8a4,LSTM5,loso_subject_S006,73,0.010489527853663827,,0.07490468538198315,,0.001
LSTM5_74baa8a4,LSTM5,loso_subject_S006,74,0.01023081707630734,,0.0726915645550509,,0.001
LSTM5_74baa8a4,LSTM5,loso_subject_S006,75,0.010782038655559548,,0.0745109927947404,,0.001
LSTM5_74baa8a4,LSTM5,loso_subject_S006,76,0.010132201473976745,,0.07279341203756019,,0.001
LSTM5_74baa8a4,LSTM5,loso_subject_S006,77,0.010415749433526739,,0.07308183457763469,,0.001
LSTM5_74baa8a4,LSTM5,loso_subject_S006,78,0.009811427199938258,,0.07209393705745212,,0.001
LSTM5_74baa8a4,LSTM5,loso_subject_S006,79,0.010392756613551593,,0.0739905125782138,,0.001
LSTM5_74baa8a4,LSTM5,loso_subject_S006,80,0.009996392611475264,,0.07185424534512348,,0.001
LSTM5_74baa8a4,LSTM5,loso_subject_S007,1,0.2636403478818642,,0.3638381484121225,,0.001
LSTM5_74baa8a4,LSTM5,loso_subject_S007,2,0.04915372590983707,,0.16501413766565967,,0.001
LSTM5_74baa8a4,LSTM5,loso_subject_S007,3,0.03370083980125679,,0.13489028834872,,0.001
LSTM5_74baa8a4,LSTM5,loso_subject_S007,4,0.030604995069503316,,0.12967921748968117,,0.001
LSTM5_74baa8a4,LSTM5,loso_subject_S007,5,0.026128298334188022,,0.11950676387098835,,0.001
LSTM5_74baa8a4,LSTM5,loso_subject_S007,6,0.02265378694655447,,0.10954570095847575,,0.001
LSTM5_74baa8a4,LSTM5,loso_subject_S007,7,0.02015429408220704,,0.10598150017437602,,0.001
LSTM5_74baa8a4,LSTM5,loso_subject_S007,8,0.019080037782881008,,0.10205602160747167,,0.001
LSTM5_74baa8a4,LSTM5,loso_subject_S007,9,0.019364870282650118,,0.10218991800916326,,0.001
LSTM5_74baa8a4,LSTM5,loso_subject_S007,10,0.017617714318123364,,0.09942055568918624,,0.001
LSTM5_74baa8a4,LSTM5,loso_subject_S007,11,0.01633627455137112,,0.09576532366842172,,0.001
LSTM5_74baa8a4,LSTM5,loso_subject_S007,12,0.016071688620917082,,0.09411602472762527,,0.001
LSTM5_74baa8a4,LSTM5,loso_subject_S007,13,0.014651252000239926,,0.0900614090915623,,0.001
LSTM5_74baa8a4,LSTM5,loso_subject_S007,14,0.014112692396558973,,0.0879593573475521,,0.001
LSTM5_74baa8a4,LSTM5,loso_subject_S007,15,0.014302075012636285,,0.08793240343403479,,0.001
LSTM5_74baa8a4,LSTM5,loso_subject_S007,16,0.014485231941227297,,0.08747153555522608,,0.001
LSTM5_74baa8a4,LSTM5,loso_subject_S007,17,0.013716328351998935,,0.0864755969363835,,0.001
LSTM5_74baa8a4,LSTM5,loso_subject_S007,18,0.013817414760905733,,0.08601041053089563,,0.001
LSTM5_74baa8a4,LSTM5,loso_subject_S007,19,0.012882594500691276,,0.08377313573301744,,0.001
LSTM5_74baa8a4,LSTM5,loso_subject_S007,20,0.013511836672696441,,0.08425916048745449,,0.001
LSTM5_74baa8a4,LSTM5,loso_subject_S007,21,0.01310918596756121,,0.08455031086100903,,0.001
LSTM5_74baa8a4,LSTM5,loso_subject_S007,22,0.01283370200720225,,0.0825701621602567,,0.001
LSTM5_74baa8a4,LSTM5,loso_subject_S007,23,0.012696372842218097,,0.08224172659526638,,0.001
LSTM5_74baa8a4,LSTM5,loso_subject_S007,24,0.012835557782810793,,0.08226248113396531,,0.001
LSTM5_74baa8a4,LSTM5,loso_subject_S007,25,0.011384210439526704,,0.07776230463593214,,0.001
LSTM5_74baa8a4,LSTM5,loso_subject_S007,26,0.012475748153695142,,0.08075081998450148,,0.001
LSTM5_74baa8a4,LSTM5,loso_subject_S007,27,0.011231877284408427,,0.07789882295899143,,0.001
LSTM5_74baa8a4,LSTM5,loso_subject_S007,28,0.011196100011062035,,0.07749692292863503,,0.001
LSTM5_74baa8a4,LSTM5,loso_subject_S007,29,0.012146062940171778,,0.08052446557362083,,0.001
LSTM5_74baa8a4,LSTM5,loso_subject_S007,30,0.010869973063500156,,0.07707035376833271,,0.001
LSTM5_74baa8a4,LSTM5,loso_subject_S007,31,0.012011418631812583,,0.0789255017093678,,0.001
LSTM5_74baa8a4,LSTM5,loso_subject_S007,32,0.011877409600583966,,0.07833190490245319,,0.001
LSTM5_74baa8a4,LSTM5,loso_subject_S007,33,0.010876822753698648,,0.07669209356767585,,0.001
LSTM5_74baa8a4,LSTM5,loso_subject_S007,34,0.011403369839264654,,0.07772329491414344,,0.001
LSTM5_74baa8a4,LSTM5,loso_subject_S007,35,0.011593586510567374,,0.07829579543917513,,0.001
LSTM5_74baa8a4,LSTM5,loso_subject_S007,36,0.011189125528029274,,0.07679427429573145,,0.001
LSTM5_74baa8a4,LSTM5,loso_subject_S007,37,0.010947685607261623,,0.07668790617355693,,0.001
LSTM5_74baa8a4,LSTM5,loso_subject_S007,38,0.01162899633471436,,0.07835109145104917,,0.001
LSTM5_74baa8a4,LSTM5,loso_subject_S007,39,0.011239588491407878,,0.0757273084607469,,0.001
LSTM5_74baa8a4,LSTM5,loso_subject_S007,40,0.010681234986066131,,0.07564653622863679,,0.001
LSTM5_74baa8a4,LSTM5,loso_subject_S007,41,0.011939128793018878,,0.07771896588093577,,0.001
LSTM5_74baa8a4,LSTM5,loso_subject_S007,42,0.010849986873243166,,0.0751156340318553,,0.001
LSTM5_74baa8a4,LSTM5,loso_subject_S007,43,0.0112140448402951,,0.07626409380223002,,0.001
LSTM5_74baa8a4,LSTM5,loso_subject_S007,44,0.01054144070975018,,0.0744710912320113,,0.001
LSTM5_74baa8a4,LSTM5,loso_subject_S007,45,0.011772783551191459,,0.07756315288414438,,0.001
LSTM5_74baa8a4,LSTM5,loso_subject_S007,46,0.01092112455038952,,0.07583553464219732,,0.001
LSTM5_74baa8a4,LSTM5,loso_subject_S007,47,0.010606958215442502,,0.07450733427494967,,0.001
LSTM5_74baa8a4,LSTM5,loso_subject_S007,48,0.010843502798870464,,0.07484374086447197,,0.001
LSTM5_74baa8a4,LSTM5,loso_subject_S007,49,0.010853783168472377,,0.07588358920881297,,0.001
LSTM5_74baa8a4,LSTM5,loso_subject_S007,50,0.010630841192781083,,0.07458267429225916,,0.001
LSTM5_74baa8a4,LSTM5,loso_subject_S007,51,0.011015835717211162,,0.07580403697122261,,0.001
LSTM5_74baa8a4,LSTM5,loso_subject_S007,52,0.010129272940213952,,0.07315618000366476,,0.001
LSTM5_74baa8a4,LSTM5,loso_subject_S007,53,0.01085227715303256,,0.07522877500499338,,0.001
LSTM5_74baa8a4,LSTM5,loso_subject_S007,54,0.010970774456964013,,0.07579387186583954,,0.001
LSTM5_74baa8a4,LSTM5,loso_subject_S007,55,0.011096357498678973,,0.07635726577140324,,0.001
LSTM5_74baa8a4,LSTM5,loso_subject_S007,56,0.01046166226712742,,0.07322074527154111,,0.001
LSTM5_74baa8a4,LSTM5,loso_subject_S007,57,0.010497439370698927,,0.07284734126877072,,0.001
LSTM5_74baa8a4,LSTM5,loso_subject_S007,58,0.010799804744844883,,0.07538235420531912,,0.001
LSTM5_74baa8a4,LSTM5,loso_subject_S007,59,0.009931505977280044,,0.07154591143474709,,0.001
LSTM5_74baa8a4,LSTM5,loso_subject_S007,60,0.010966189016357274,,0.07444533635849976,,0.001
LSTM5_74baa8a4,LSTM5,loso_subject_S007,61,0.009842953951068266,,0.07168299371875225,,0.001
LSTM5_74baa8a4,LSTM5,loso_subject_S007,62,0.009913568765963167,,0.07184835085855097,,0.001
LSTM5_74baa8a4,LSTM5,loso_subject_S007,63,0.01031199070459623,,0.07418622094074302,,0.001
LSTM5_74baa8a4,LSTM5,loso_subject_S007,64,0.010177823392437228,,0.07371568275081855,,0.001
LSTM5_74baa8a4,LSTM5,loso_subject_S007,65,0.010002763445243715,,0.07243569447396,,0.001
LSTM5_74baa8a4,LSTM5,loso_subject_S007,66,0.010433366432914783,,0.07252532577424102,,0.001
LSTM5_74baa8a4,LSTM5,loso_subject_S007,67,0.010129305221835095,,0.07173369031432662,,0.001
LSTM5_74baa8a4,LSTM5,loso_subject_S007,68,0.010588583708660275,,0.07366014345933967,,0.001
LSTM5_74baa8a4,LSTM5,loso_subject_S007,69,0.010305148288373426,,0.07276819446921785,,0.001
LSTM5_74baa8a4,LSTM5,loso_subject_S007,70,0.01076724352934649,,0.07431570165768664,,0.001
LSTM5_74baa8a4,LSTM5,loso_subject_S007,71,0.010004863786453069,,0.07286636089548008,,0.001
LSTM5_74baa8a4,LSTM5,loso_subject_S007,72,0.010156090465467471,,0.07312039046261934,,0.001
LSTM5_74baa8a4,LSTM5,loso_subject_S007,73,0.010576616115028975,,0.07232132824132928,,0.001
LSTM5_74baa8a4,LSTM5,loso_subject_S007,74,0.010476736225736132,,0.07275988396516703,,0.001
LSTM5_74baa8a4,LSTM5,loso_subject_S007,75,0.009557070330589338,,0.0702468198731409,,0.001
LSTM5_74baa8a4,LSTM5,loso_subject_S007,76,0.009679916366005892,,0.07190935036207508,,0.001
LSTM5_74baa8a4,LSTM5,loso_subject_S007,77,0.009264332502826681,,0.06938497688193918,,0.001
LSTM5_74baa8a4,LSTM5,loso_subject_S007,78,0.009344715881905377,,0.06908393443614291,,0.001
LSTM5_74baa8a4,LSTM5,loso_subject_S007,79,0.0102229776122398,,0.07248735243250651,,0.001
LSTM5_74baa8a4,LSTM5,loso_subject_S007,80,0.010127870858714742,,0.0721726106365605,,0.001
LSTM5_74baa8a4,LSTM5,loso_subject_S008,1,0.31090316502365434,,0.39367954695025825,,0.001
LSTM5_74baa8a4,LSTM5,loso_subject_S008,2,0.05449520739342955,,0.1737329801408256,,0.001
LSTM5_74baa8a4,LSTM5,loso_subject_S008,3,0.037749377088155,,0.1455063278776078,,0.001
LSTM5_74baa8a4,LSTM5,loso_subject_S008,4,0.029573773376557578,,0.12754665623312583,,0.001
LSTM5_74baa8a4,LSTM5,loso_subject_S008,5,0.026767107072514656,,0.12184947859950182,,0.001
LSTM5_74baa8a4,LSTM5,loso_subject_S008,6,0.023565453692161224,,0.1150135644727096,,0.001
LSTM5_74baa8a4,LSTM5,loso_subject_S008,7,0.020451409148293832,,0.10555051247253344,,0.001
LSTM5_74baa8a4,LSTM5,loso_subject_S008,8,0.01959909894222702,,0.10381100993789971,,0.001
LSTM5_74baa8a4,LSTM5,loso_subject_S008,9,0.019933359889225108,,0.10476173914787246,,0.001
LSTM5_74baa8a4,LSTM5,loso_subject_S008,10,0.01746071995438025,,0.09885326634628629,,0.001
LSTM5_74baa8a4,LSTM5,loso_subject_S008,11,0.0160802643626584,,0.09593687340598052,,0.001
LSTM5_74baa8a4,LSTM5,loso_subject_S008,12,0.01577238120468613,,0.09446772266949248,,0.001
LSTM5_74baa8a4,LSTM5,loso_subject_S008,13,0.014686875062754356,,0.0893340012534439,,0.001
LSTM5_74baa8a4,LSTM5,loso_subject_S008,14,0.01458432006629349,,0.08915606405638608,,0.001
LSTM5_74baa8a4,LSTM5,loso_subject_S008,15,0.01385768759632256,,0.08775629744373635,,0.001
LSTM5_74baa8a4,LSTM5,loso_subject_S008,16,0.013314031510206182,,0.08552586020990269,,0.001
LSTM5_74baa8a4,LSTM5,loso_subject_S008,17,0.014897696235347467,,0.09006097645944747,,0.001
LSTM5_74baa8a4,LSTM5,loso_subject_S008,18,0.013814033867745865,,0.08615008598918021,,0.001
LSTM5_74baa8a4,LSTM5,loso_subject_S008,19,0.012908996727475383,,0.08394556353119739,,0.001
LSTM5_74baa8a4,LSTM5,loso_subject_S008,20,0.012611531438748323,,0.08233897392954845,,0.001
LSTM5_74baa8a4,LSTM5,loso_subject_S008,21,0.012928522997015707,,0.08261822529031927,,0.001
LSTM5_74baa8a4,LSTM5,loso_subject_S008,22,0.012928690156386508,,0.08402892067856294,,0.001
LSTM5_74baa8a4,LSTM5,loso_subject_S008,23,0.0134447183852133,,0.08512425596738504,,0.001
LSTM5_74baa8a4,LSTM5,loso_subject_S008,24,0.012603774611074214,,0.08232675556079108,,0.001
LSTM5_74baa8a4,LSTM5,loso_subject_S008,25,0.011606869475727134,,0.0809768823263581,,0.001
LSTM5_74baa8a4,LSTM5,loso_subject_S008,26,0.012600956170010322,,0.0819442467929004,,0.001
LSTM5_74baa8a4,LSTM5,loso_subject_S008,27,0.012871043517018772,,0.08219316930382181,,0.001
LSTM5_74baa8a4,LSTM5,loso_subject_S008,28,0.012331248025992104,,0.08131425501981963,,0.001
LSTM5_74baa8a4,LSTM5,loso_subject_S008,29,0.011641766604834711,,0.07916966722811906,,0.001
LSTM5_74baa8a4,LSTM5,loso_subject_S008,30,0.011644008808287485,,0.07861315991169987,,0.001
LSTM5_74baa8a4,LSTM5,loso_subject_S008,31,0.0117885262467474,,0.07972426849664864,,0.001
LSTM5_74baa8a4,LSTM5,loso_subject_S008,32,0.011606824608455114,,0.07933042055720389,,0.001
LSTM5_74baa8a4,LSTM5,loso_subject_S008,33,0.012445553798415006,,0.08196283657299845,,0.001
LSTM5_74baa8a4,LSTM5,loso_subject_S008,34,0.012003442162076378,,0.08030701268163051,,0.001
LSTM5_74baa8a4,LSTM5,loso_subject_S008,35,0.012100658975589413,,0.08002310699385153,,0.001
LSTM5_74baa8a4,LSTM5,loso_subject_S008,36,0.011369004138340081,,0.07773711529102496,,0.001
LSTM5_74baa8a4,LSTM5,loso_subject_S008,37,0.011266927254435264,,0.07746932370365814,,0.001
LSTM5_74baa8a4,LSTM5,loso_subject_S008,38,0.010771106508236488,,0.07542019232399809,,0.001
LSTM5_74baa8a4,LSTM5,loso_subject_S008,39,0.011250862267121806,,0.07763594984051811,,0.001
LSTM5_74baa8a4,LSTM5,loso_subject_S008,40,0.011891395873145054,,0.07825900101998345,,0.001
LSTM5_74baa8a4,LSTM5,loso_subject_S008,41,0.011899053657831522,,0.0799601625148996,,0.001
LSTM5_74baa8a4,LSTM5,loso_subject_S008,42,0.010402191648156943,,0.0740177136273225,,0.001
LSTM5_74baa8a4,LSTM5,loso_subject_S008,43,0.010663251617064985,,0.07463337461128161,,0.001
LSTM5_74baa8a4,LSTM5,loso_subject_S008,44,0.011056585813632213,,0.07729162200807148,,0.001
LSTM5_74baa8a4,LSTM5,loso_subject_S008,45,0.010835641675625136,,0.07570450205131121,,0.001
LSTM5_74baa8a4,LSTM5,loso_subject_S008,46,0.01079885176142656,,0.0756527163958672,,0.001
LSTM5_74baa8a4,LSTM5,loso_subject_S008,47,0.011499979435221144,,0.07746087109170309,,0.001
LSTM5_74baa8a4,LSTM5,loso_subject_S008,48,0.011163140456544879,,0.07605874263735271,,0.001
LSTM5_74baa8a4,LSTM5,loso_subject_S008,49,0.0111894406206112,,0.07520973035666388,,0.001
LSTM5_74baa8a4,LSTM5,loso_subject_S008,50,0.011441692110002805,,0.076975921620836,,0.001
LSTM5_74baa8a4,LSTM5,loso_subject_S008,51,0.010252387487880685,,0.07380607980703971,,0.001
LSTM5_74baa8a4,LSTM5,loso_subject_S008,52,0.01012786668253075,,0.0729455221200479,,0.001
LSTM5_74baa8a4,LSTM5,loso_subject_S008,53,0.010027841721758227,,0.07230688269621907,,0.001
LSTM5_74baa8a4,LSTM5,loso_subject_S008,54,0.010551668206213068,,0.07457132036480885,,0.001
LSTM5_74baa8a4,LSTM5,loso_subject_S008,55,0.01081092141578225,,0.07443831401168152,,0.001
LSTM5_74baa8a4,LSTM5,loso_subject_S008,56,0.010746374538596313,,0.07386633498218767,,0.001
LSTM5_74baa8a4,LSTM5,loso_subject_S008,57,0.01136953929972396,,0.07605336190360348,,0.001
LSTM5_74baa8a4,LSTM5,loso_subject_S008,58,0.0111725923149764,,0.07654688836138729,,0.001
LSTM5_74baa8a4,LSTM5,loso_subject_S008,59,0.010961116075907882,,0.0746274783308301,,0.001
LSTM5_74baa8a4,LSTM5,loso_subject_S008,60,0.010410114355500075,,0.0734710602498636,,0.001
LSTM5_74baa8a4,LSTM5,loso_subject_S008,61,0.01124847673850471,,0.07587687980302338,,0.001
LSTM5_74baa8a4,LSTM5,loso_subject_S008,62,0.011113183361995817,,0.07676217074533483,,0.001
LSTM5_74baa8a4,LSTM5,loso_subject_S008,63,0.010570831185586951,,0.07372181108161635,,0.001
LSTM5_74baa8a4,LSTM5,loso_subject_S008,64,0.010133317646849063,,0.07321928194765867,,0.001
LSTM5_74baa8a4,LSTM5,loso_subject_S008,65,0.009785231702455316,,0.0717109158721218,,0.001
LSTM5_74baa8a4,LSTM5,loso_subject_S008,66,0.01026123085552982,,0.07312874419277532,,0.001
LSTM5_74baa8a4,LSTM5,loso_subject_S008,67,0.009813127650452518,,0.0710490456785868,,0.001
LSTM5_74baa8a4,LSTM5,loso_subject_S008,68,0.010846082433886033,,0.07473305237499832,,0.001
LSTM5_74baa8a4,LSTM5,loso_subject_S008,69,0.010369933418097483,,0.07419033116339413,,0.001
LSTM5_74baa8a4,LSTM5,loso_subject_S008,70,0.0105435171737234,,0.07419385266166291,,0.001
LSTM5_74baa8a4,LSTM5,loso_subject_S008,71,0.010029778219352982,,0.0729409394792935,,0.001
LSTM5_74baa8a4,LSTM5,loso_subject_S008,72,0.009639433381387985,,0.07079569233320797,,0.001
LSTM5_74baa8a4,LSTM5,loso_subject_S008,73,0.010196852096534587,,0.07336648553227276,,0.001
LSTM5_74baa8a4,LSTM5,loso_subject_S008,74,0.01018639132500039,,0.07197603599977738,,0.001
LSTM5_74baa8a4,LSTM5,loso_subject_S008,75,0.010048379194330955,,0.07149089516089112,,0.001
LSTM5_74baa8a4,LSTM5,loso_subject_S008,76,0.009844192840991032,,0.07155938487648199,,0.001
LSTM5_74baa8a4,LSTM5,loso_subject_S008,77,0.01032172110749454,,0.07176686675121603,,0.001
LSTM5_74baa8a4,LSTM5,loso_subject_S008,78,0.010148382428866143,,0.07216255478130532,,0.001
LSTM5_74baa8a4,LSTM5,loso_subject_S008,79,0.010695320472063853,,0.07448821916927575,,0.001
LSTM5_74baa8a4,LSTM5,loso_subject_S008,80,0.010436904522206572,,0.07299165201585008,,0.001
LSTM5_74baa8a4,LSTM5,loso_subject_S009,1,0.323706907178529,,0.41252207065313673,,0.001
LSTM5_74baa8a4,LSTM5,loso_subject_S009,2,0.054334225293120646,,0.17074903302898442,,0.001
LSTM5_74baa8a4,LSTM5,loso_subject_S009,3,0.03477528029141403,,0.1366049583105577,,0.001
LSTM5_74baa8a4,LSTM5,loso_subject_S009,4,0.030863973573880262,,0.12924089277499928,,0.001
LSTM5_74baa8a4,LSTM5,loso_subject_S009,5,0.027623697522069324,,0.12329031734664965,,0.001
LSTM5_74baa8a4,LSTM5,loso_subject_S009,6,0.023625777911129246,,0.11370933950189718,,0.001
LSTM5_74baa8a4,LSTM5,loso_subject_S009,7,0.020741241741960823,,0.107872940347459,,0.001
LSTM5_74baa8a4,LSTM5,loso_subject_S009,8,0.01995482394867116,,0.10526021623286687,,0.001
LSTM5_74baa8a4,LSTM5,loso_subject_S009,9,0.017733827357524518,,0.10105784328068197,,0.001
LSTM5_74baa8a4,LSTM5,loso_subject_S009,10,0.01599701175299052,,0.09512087402425506,,0.001
LSTM5_74baa8a4,LSTM5,loso_subject_S009,11,0.015869262175345185,,0.09441550578502951,,0.001
LSTM5_74baa8a4,LSTM5,loso_subject_S009,12,0.015602764263537057,,0.09377427734222539,,0.001
LSTM5_74baa8a4,LSTM5,loso_subject_S009,13,0.01451894846222497,,0.09039367076971887,,0.001
LSTM5_74baa8a4,LSTM5,loso_subject_S009,14,0.01561903712680772,,0.0933428376177909,,0.001
LSTM5_74baa8a4,LSTM5,loso_subject_S009,15,0.014170258757616646,,0.08952059548304765,,0.001
LSTM5_74baa8a4,LSTM5,loso_subject_S009,16,0.013777325504935831,,0.08833980419733363,,0.001
LSTM5_74baa8a4,LSTM5,loso_subject_S009,17,0.012890341264259107,,0.0846671708156404,,0.001
LSTM5_74baa8a4,LSTM5,loso_subject_S009,18,0.013149185166243584,,0.08441589878734194,,0.001
LSTM5_74baa8a4,LSTM5,loso_subject_S009,19,0.013422711205780587,,0.08456647330852148,,0.001
LSTM5_74baa8a4,LSTM5,loso_subject_S009,20,0.0125760033516646,,0.08453840055288613,,0.001
LSTM5_74baa8a4,LSTM5,loso_subject_S009,21,0.012353068923132832,,0.08289500531925034,,0.001
LSTM5_74baa8a4,LSTM5,loso_subject_S009,22,0.012274048273348371,,0.08285255394078232,,0.001
LSTM5_74baa8a4,LSTM5,loso_subject_S009,23,0.01245679894038601,,0.0829199131130849,,0.001
LSTM5_74baa8a4,LSTM5,loso_subject_S009,24,0.013344957871177262,,0.08556802500737137,,0.001
LSTM5_74baa8a4,LSTM5,loso_subject_S009,25,0.011668723284608466,,0.0808047217105617,,0.001
LSTM5_74baa8a4,LSTM5,loso_subject_S009,26,0.012381044688805489,,0.08189917639136217,,0.001
LSTM5_74baa8a4,LSTM5,loso_subject_S009,27,0.013089560348955588,,0.08337969174590916,,0.001
LSTM5_74baa8a4,LSTM5,loso_subject_S009,28,0.012331657920524531,,0.08163494233412612,,0.001
LSTM5_74baa8a4,LSTM5,loso_subject_S009,29,0.01196308119419945,,0.08031425196914758,,0.001
LSTM5_74baa8a4,LSTM5,loso_subject_S009,30,0.01277785332392276,,0.08314472656241598,,0.001
LSTM5_74baa8a4,LSTM5,loso_subject_S009,31,0.011353507561987334,,0.07882194237177144,,0.001
LSTM5_74baa8a4,LSTM5,loso_subject_S009,32,0.011131928162990095,,0.07776678616711685,,0.001
LSTM5_74baa8a4,LSTM5,loso_subject_S009,33,0.011080249501243294,,0.07767180537193505,,0.001
LSTM5_74baa8a4,LSTM5,loso_subject_S009,34,0.0110886993591529,,0.07787049023293648,,0.001
LSTM5_74baa8a4,LSTM5,loso_subject_S009,35,0.010945544030045745,,0.0761666810485883,,0.001
LSTM5_74baa8a4,LSTM5,loso_subject_S009,36,0.011431842628845227,,0.07747765817101586,,0.001
LSTM5_74baa8a4,LSTM5,loso_subject_S009,37,0.011342193349927268,,0.07841025004463811,,0.001
LSTM5_74baa8a4,LSTM5,loso_subject_S009,38,0.010600791480639627,,0.07569779207039797,,0.001
LSTM5_74baa8a4,LSTM5,loso_subject_S009,39,0.01062851849368802,,0.07536673886556552,,0.001
LSTM5_74baa8a4,LSTM5,loso_subject_S009,40,0.011049916360837297,,0.07754364518227051,,0.001
LSTM5_74baa8a4,LSTM5,loso_subject_S009,41,0.010319079339603207,,0.07460615463205456,,0.001
LSTM5_74baa8a4,LSTM5,loso_subject_S009,42,0.01026407736773921,,0.07476883120461188,,0.001
LSTM5_74baa8a4,LSTM5,loso_subject_S009,43,0.011308561435929157,,0.07629966727761145,,0.001
LSTM5_74baa8a4,LSTM5,loso_subject_S009,44,0.010836673920681788,,0.07554751547953727,,0.001
LSTM5_74baa8a4,LSTM5,loso_subject_S009,45,0.010972248490290869,,0.0760924290248649,,0.001
LSTM5_74baa8a4,LSTM5,loso_subject_S009,46,0.009974907164725226,,0.07286437085228065,,0.001
LSTM5_74baa8a4,LSTM5,loso_subject_S009,47,0.0106099360256652,,0.07628543287168256,,0.001
LSTM5_74baa8a4,LSTM5,loso_subject_S009,48,0.011121860099918524,,0.07577341875552679,,0.001
LSTM5_74baa8a4,LSTM5,loso_subject_S009,49,0.010392051276478964,,0.07384651424310239,,0.001
LSTM5_74baa8a4,LSTM5,loso_subject_S009,50,0.010556765839580711,,0.07382017227814236,,0.001
LSTM5_74baa8a4,LSTM5,loso_subject_S009,51,0.010329278147968498,,0.0731890177251718,,0.001
LSTM5_74baa8a4,LSTM5,loso_subject_S009,52,0.010656017886349003,,0.07490598892464358,,0.001
LSTM5_74baa8a4,LSTM5,loso_subject_S009,53,0.010269373888086743,,0.07284458093072509,,0.001
LSTM5_74baa8a4,LSTM5,loso_subject_S009,54,0.010660728721433328,,0.0748709736659004,,0.001
LSTM5_74baa8a4,LSTM5,loso_subject_S009,55,0.011351500285900958,,0.07652360696510171,,0.001
LSTM5_74baa8a4,LSTM5,loso_subject_S009,56,0.010681843735513955,,0.07562126694704079,,0.001
LSTM5_74baa8a4,LSTM5,loso_subject_S009,57,0.011220376278400243,,0.07663636405387524,,0.001
LSTM5_74baa8a4,LSTM5,loso_subject_S009,58,0.010020732315139546,,0.07287605143992615,,0.001
LSTM5_74baa8a4,LSTM5,loso_subject_S009,59,0.010609851030677792,,0.0754289370233142,,0.001
LSTM5_74baa8a4,LSTM5,loso_subject_S009,60,0.009989107290838762,,0.07336756434038132,,0.001
LSTM5_74baa8a4,LSTM5,loso_subject_S009,61,0.010183233509986874,,0.07358968147427837,,0.001
LSTM5_74baa8a4,LSTM5,loso_subject_S009,62,0.010675609561163547,,0.07443688784019835,,0.001
LSTM5_74baa8a4,LSTM5,loso_subject_S009,63,0.011344371374628834,,0.0769793601738434,,0.001
LSTM5_74baa8a4,LSTM5,loso_subject_S009,64,0.010703106797316689,,0.076226583248023,,0.001
LSTM5_74baa8a4,LSTM5,loso_subject_S009,65,0.010484581835937552,,0.07369555404682927,,0.001
LSTM5_74baa8a4,LSTM5,loso_subject_S009,66,0.009787688396217725,,0.07079892864970373,,0.001
LSTM5_74baa8a4,LSTM5,loso_subject_S009,67,0.010274814654875817,,0.07409588327516738,,0.001
LSTM5_74baa8a4,LSTM5,loso_subject_S009,68,0.01093347457723021,,0.07583836728025821,,0.001
LSTM5_74baa8a4,LSTM5,loso_subject_S009,69,0.01027319254139052,,0.07234593996650386,,0.001
LSTM5_74baa8a4,LSTM5,loso_subject_S009,70,0.010059263210568964,,0.07265585687796124,,0.001
LSTM5_74baa8a4,LSTM5,loso_subject_S009,71,0.01006952326140912,,0.07179204327695315,,0.001
LSTM5_74baa8a4,LSTM5,loso_subject_S009,72,0.010060427921469956,,0.07177227287959458,,0.001
LSTM5_74baa8a4,LSTM5,loso_subject_S009,73,0.009865399266778211,,0.07322169991811461,,0.001
LSTM5_74baa8a4,LSTM5,loso_subject_S009,74,0.009928090703858208,,0.07223917769283808,,0.001
LSTM5_74baa8a4,LSTM5,loso_subject_S009,75,0.010157797452770264,,0.07280033723622617,,0.001
LSTM5_74baa8a4,LSTM5,loso_subject_S009,76,0.011262339560022665,,0.07585791535382673,,0.001
LSTM5_74baa8a4,LSTM5,loso_subject_S009,77,0.00996570430234515,,0.07272347986625442,,0.001
LSTM5_74baa8a4,LSTM5,loso_subject_S009,78,0.010003908746617052,,0.07249120050699416,,0.001
LSTM5_74baa8a4,LSTM5,loso_subject_S009,79,0.009165068973218338,,0.06970275961131253,,0.001
LSTM5_74baa8a4,LSTM5,loso_subject_S009,80,0.009940706991849835,,0.07193984473707328,,0.001
LSTM5_74baa8a4,LSTM5,loso_subject_S010,1,0.2947186415307474,,0.384056995947089,,0.001
LSTM5_74baa8a4,LSTM5,loso_subject_S010,2,0.056067224003924616,,0.17461398132695446,,0.001
LSTM5_74baa8a4,LSTM5,loso_subject_S010,3,0.03777644578242462,,0.14336435426401611,,0.001
LSTM5_74baa8a4,LSTM5,loso_subject_S010,4,0.0290416344730246,,0.12498995505923392,,0.001
LSTM5_74baa8a4,LSTM5,loso_subject_S010,5,0.027269425511160152,,0.12211668093732539,,0.001
LSTM5_74baa8a4,LSTM5,loso_subject_S010,6,0.023287734272045977,,0.11386513858433538,,0.001
LSTM5_74baa8a4,LSTM5,loso_subject_S010,7,0.01977371262423944,,0.10492391323083199,,0.001
LSTM5_74baa8a4,LSTM5,loso_subject_S010,8,0.019923770006921068,,0.10474779822682374,,0.001
LSTM5_74baa8a4,LSTM5,loso_subject_S010,9,0.01799247078422532,,0.09997501328487524,,0.001
LSTM5_74baa8a4,LSTM5,loso_subject_S010,10,0.016909372516026432,,0.0973687293945543,,0.001
LSTM5_74baa8a4,LSTM5,loso_subject_S010,11,0.015590119446884066,,0.09319098592204536,,0.001
LSTM5_74baa8a4,LSTM5,loso_subject_S010,12,0.015693344978503134,,0.0939204208382824,,0.001
LSTM5_74baa8a4,LSTM5,loso_subject_S010,13,0.01415042205119893,,0.08915453915227979,,0.001
LSTM5_74baa8a4,LSTM5,loso_subject_S010,14,0.014784868791599402,,0.08977693022697564,,0.001
LSTM5_74baa8a4,LSTM5,loso_subject_S010,15,0.014758255907003111,,0.08831340633382734,,0.001
LSTM5_74baa8a4,LSTM5,loso_subject_S010,16,0.015038429757442651,,0.08870701180608481,,0.001
LSTM5_74baa8a4,LSTM5,loso_subject_S010,17,0.013216493797532263,,0.08603301036277873,,0.001
LSTM5_74baa8a4,LSTM5,loso_subject_S010,18,0.01282426013942533,,0.08499498207897148,,0.001
LSTM5_74baa8a4,LSTM5,loso_subject_S010,19,0.013384680604724676,,0.08520119170414521,,0.001
LSTM5_74baa8a4,LSTM5,loso_subject_S010,20,0.013247205857562538,,0.0854798014972034,,0.001
LSTM5_74baa8a4,LSTM5,loso_subject_S010,21,0.013386921447345474,,0.08470897463144073,,0.001
LSTM5_74baa8a4,LSTM5,loso_subject_S010,22,0.01300785866934781,,0.08409426463330352,,0.001
LSTM5_74baa8a4,LSTM5,loso_subject_S010,23,0.01258571252426845,,0.082664680608967,,0.001
LSTM5_74baa8a4,LSTM5,loso_subject_S010,24,0.012419070620277283,,0.08335476470273613,,0.001
LSTM5_74baa8a4,LSTM5,loso_subject_S010,25,0.013035895504657453,,0.08211332848208062,,0.001
LSTM5_74baa8a4,LSTM5,loso_subject_S010,26,0.012755422642667021,,0.08322678998412703,,0.001
LSTM5_74baa8a4,LSTM5,loso_subject_S010,27,0.012185967430072343,,0.0805759353095653,,0.001
LSTM5_74baa8a4,LSTM5,loso_subject_S010,28,0.011988081355522944,,0.08100216956146611,,0.001
LSTM5_74baa8a4,LSTM5,loso_subject_S010,29,0.012399926874161566,,0.08155958365273956,,0.001
LSTM5_74baa8a4,LSTM5,loso_subject_S010,30,0.012817349452650386,,0.08076969342543774,,0.001
LSTM5_74baa8a4,LSTM5,loso_subject_S010,31,0.011327572041409927,,0.07780532511088672,,0.001
LSTM5_74baa8a4,LSTM5,loso_subject_S010,32,0.012341039930939074,,0.08052466039689596,,0.001
LSTM5_74baa8a4,LSTM5,loso_subject_S010,33,0.011432895497887726,,0.07761710163730903,,0.001
LSTM5_74baa8a4,LSTM5,loso_subject_S010,34,0.011834160829050429,,0.07781041535155085,,0.001
LSTM5_74baa8a4,LSTM5,loso_subject_S010,35,0.011990577357027354,,0.07856793467230445,,0.001
LSTM5_74baa8a4,LSTM5,loso_subject_S010,36,0.011039327538303481,,0.07646137795692322,,0.001
LSTM5_74baa8a4,LSTM5,loso_subject_S010,37,0.011535227862030468,,0.07630924109944562,,0.001
LSTM5_74baa8a4,LSTM5,loso_subject_S010,38,0.010851010390426089,,0.07608946768529463,,0.001
LSTM5_74baa8a4,LSTM5,loso_subject_S010,39,0.010622253018062586,,0.07594671430003723,,0.001
LSTM5_74baa8a4,LSTM5,loso_subject_S010,40,0.011581370319996105,,0.07717721285435977,,0.001
LSTM5_74baa8a4,LSTM5,loso_subject_S010,41,0.011819783442547457,,0.07932796907004894,,0.001
LSTM5_74baa8a4,LSTM5,loso_subject_S010,42,0.011410455502969707,,0.0760780407178322,,0.001
LSTM5_74baa8a4,LSTM5,loso_subject_S010,43,0.010991527090511667,,0.07576018274830491,,0.001
LSTM5_74baa8a4,LSTM5,loso_subject_S010,44,0.010889283810310915,,0.07515987519649851,,0.001
LSTM5_74baa8a4,LSTM5,loso_subject_S010,45,0.010382189427646215,,0.07430577351342911,,0.001
LSTM5_74baa8a4,LSTM5,loso_subject_S010,46,0.010389198831613832,,0.07410242176695958,,0.001
LSTM5_74baa8a4,LSTM5,loso_subject_S010,47,0.01105188449819716,,0.07565044374473943,,0.001
LSTM5_74baa8a4,LSTM5,loso_subject_S010,48,0.011375068898669025,,0.07608728482819244,,0.001
LSTM5_74baa8a4,LSTM5,loso_subject_S010,49,0.011492449457150878,,0.07562402511553076,,0.001
LSTM5_74baa8a4,LSTM5,loso_subject_S010,50,0.011582560795390566,,0.07776798149583324,,0.001
LSTM5_74baa8a4,LSTM5,loso_subject_S010,51,0.0107707938246879,,0.07479118737398378,,0.001
LSTM5_74baa8a4,LSTM5,loso_subject_S010,52,0.010654879052554501,,0.07532637130194063,,0.001
LSTM5_74baa8a4,LSTM5,loso_subject_S010,53,0.010286539188342407,,0.0738277970444436,,0.001
LSTM5_74baa8a4,LSTM5,loso_subject_S010,54,0.010512217805289582,,0.07429321159852431,,0.001
LSTM5_74baa8a4,LSTM5,loso_subject_S010,55,0.010294703732700956,,0.07248587351917421,,0.001
LSTM5_74baa8a4,LSTM5,loso_subject_S010,56,0.010520264675103178,,0.07286468396450849,,0.001
LSTM5_74baa8a4,LSTM5,loso_subject_S010,57,0.010126498641583744,,0.0725433347069177,,0.001
LSTM5_74baa8a4,LSTM5,loso_subject_S010,58,0.010915176992760909,,0.07504910606865915,,0.001
LSTM5_74baa8a4,LSTM5,loso_subject_S010,59,0.01052905041449422,,0.07383478949934044,,0.001
LSTM5_74baa8a4,LSTM5,loso_subject_S010,60,0.010239336938165979,,0.07301134420521307,,0.001
LSTM5_74baa8a4,LSTM5,loso_subject_S010,61,0.010481325889493794,,0.07261591760704181,,0.001
LSTM5_74baa8a4,LSTM5,loso_subject_S010,62,0.011190780469485177,,0.07562678118380124,,0.001
LSTM5_74baa8a4,LSTM5,loso_subject_S010,63,0.01032190823314974,,0.07431159936741695,,0.001
LSTM5_74baa8a4,LSTM5,loso_subject_S010,64,0.01046256300086943,,0.07388414257324782,,0.001
LSTM5_74baa8a4,LSTM5,loso_subject_S010,65,0.009860119938650387,,0.07251500063294532,,0.001
LSTM5_74baa8a4,LSTM5,loso_subject_S010,66,0.011290281105961576,,0.07516142582933374,,0.001
LSTM5_74baa8a4,LSTM5,loso_subject_S010,67,0.01149258715119338,,0.07738334761369949,,0.001
LSTM5_74baa8a4,LSTM5,loso_subject_S010,68,0.010049023548978688,,0.07229612715292297,,0.001
LSTM5_74baa8a4,LSTM5,loso_subject_S010,69,0.009149158484233706,,0.06932449088800674,,0.001
LSTM5_74baa8a4,LSTM5,loso_subject_S010,70,0.010603341649617725,,0.0738391856239146,,0.001
LSTM5_74baa8a4,LSTM5,loso_subject_S010,71,0.010779609492911188,,0.07499344070485774,,0.001
LSTM5_74baa8a4,LSTM5,loso_subject_S010,72,0.011216111483189883,,0.07490390462963373,,0.001
LSTM5_74baa8a4,LSTM5,loso_subject_S010,73,0.010786512830113405,,0.07483267804920274,,0.001
LSTM5_74baa8a4,LSTM5,loso_subject_S010,74,0.009831938972109116,,0.07160337250104687,,0.001
LSTM5_74baa8a4,LSTM5,loso_subject_S010,75,0.010077709464368804,,0.07247437642524707,,0.001
LSTM5_74baa8a4,LSTM5,loso_subject_S010,76,0.01070153498609594,,0.0723277745450903,,0.001
LSTM5_74baa8a4,LSTM5,loso_subject_S010,77,0.011296885005329679,,0.07501157535402567,,0.001
LSTM5_74baa8a4,LSTM5,loso_subject_S010,78,0.009891299545364891,,0.07153875442559288,,0.001
LSTM5_74baa8a4,LSTM5,loso_subject_S010,79,0.010252807636388996,,0.07283835832704634,,0.001
LSTM5_74baa8a4,LSTM5,loso_subject_S010,80,0.011146127348078178,,0.07518782058818228,,0.001
LSTM5_74baa8a4,LSTM5,loso_subject_S011,1,0.29360339952249837,,0.38946173402202494,,0.001
LSTM5_74baa8a4,LSTM5,loso_subject_S011,2,0.055931232528156224,,0.17499805895822892,,0.001
LSTM5_74baa8a4,LSTM5,loso_subject_S011,3,0.03848723621468881,,0.14468007917110318,,0.001
LSTM5_74baa8a4,LSTM5,loso_subject_S011,4,0.03166207099928565,,0.13103142007220786,,0.001
LSTM5_74baa8a4,LSTM5,loso_subject_S011,5,0.02747516305504655,,0.12261120989679487,,0.001
LSTM5_74baa8a4,LSTM5,loso_subject_S011,6,0.023718884602528603,,0.11349048695065456,,0.001
LSTM5_74baa8a4,LSTM5,loso_subject_S011,7,0.02411037733453287,,0.11454091801784126,,0.001
LSTM5_74baa8a4,LSTM5,loso_subject_S011,8,0.019585582656773307,,0.10516851629959617,,0.001
LSTM5_74baa8a4,LSTM5,loso_subject_S011,9,0.019267917570673945,,0.10391254928725054,,0.001
LSTM5_74baa8a4,LSTM5,loso_subject_S011,10,0.0175084220573445,,0.09861200094099554,,0.001
LSTM5_74baa8a4,LSTM5,loso_subject_S011,11,0.01709051106360479,,0.09722813467313315,,0.001
LSTM5_74baa8a4,LSTM5,loso_subject_S011,12,0.016945808693276575,,0.09742679920747822,,0.001
LSTM5_74baa8a4,LSTM5,loso_subject_S011,13,0.016080830725616953,,0.09435748313912945,,0.001
LSTM5_74baa8a4,LSTM5,loso_subject_S011,14,0.015690938354016956,,0.09322686422016262,,0.001
LSTM5_74baa8a4,LSTM5,loso_subject_S011,15,0.014522533286951293,,0.08981677825002705,,0.001
LSTM5_74baa8a4,LSTM5,loso_subject_S011,16,0.015062550313342488,,0.09014872337702579,,0.001
LSTM5_74baa8a4,LSTM5,loso_subject_S011,17,0.014550211380709952,,0.08904854120645173,,0.001
LSTM5_74baa8a4,LSTM5,loso_subject_S011,18,0.01365793069244851,,0.08629668388633392,,0.001
LSTM5_74baa8a4,LSTM5,loso_subject_S011,19,0.013605712373282303,,0.08598397130070419,,0.001
LSTM5_74baa8a4,LSTM5,loso_subject_S011,20,0.013324593059026025,,0.08611183946904959,,0.001
LSTM5_74baa8a4,LSTM5,loso_subject_S011,21,0.01394379409758354,,0.08741227887350929,,0.001
LSTM5_74baa8a4,LSTM5,loso_subject_S011,22,0.012799952322919094,,0.08456079249382636,,0.001
LSTM5_74baa8a4,LSTM5,loso_subject_S011,23,0.012926041912084907,,0.08388940021125595,,0.001
LSTM5_74baa8a4,LSTM5,loso_subject_S011,24,0.012948200121089808,,0.08482541729214277,,0.001
LSTM5_74baa8a4,LSTM5,loso_subject_S011,25,0.012233164963027407,,0.08135494451288854,,0.001
LSTM5_74baa8a4,LSTM5,loso_subject_S011,26,0.011975855815910662,,0.08071413580646544,,0.001
LSTM5_74baa8a4,LSTM5,loso_subject_S011,27,0.01191399419744866,,0.081300306708346,,0.001
LSTM5_74baa8a4,LSTM5,loso_subject_S011,28,0.012120363900099376,,0.08055099186302775,,0.001
LSTM5_74baa8a4,LSTM5,loso_subject_S011,29,0.011545921673449379,,0.07899603520431771,,0.001
LSTM5_74baa8a4,LSTM5,loso_subject_S011,30,0.012979754488403966,,0.08318766871306145,,0.001
LSTM5_74baa8a4,LSTM5,loso_subject_S011,31,0.012247979905261455,,0.08071436912809117,,0.001
LSTM5_74baa8a4,LSTM5,loso_subject_S011,32,0.011743687380709097,,0.07984038823969558,,0.001
LSTM5_74baa8a4,LSTM5,loso_subject_S011,33,0.012689561987993153,,0.08311510247726751,,0.001
LSTM5_74baa8a4,LSTM5,loso_subject_S011,34,0.012454054222390603,,0.08028136222690328,,0.001
LSTM5_74baa8a4,LSTM5,loso_subject_S011,35,0.012330959477726658,,0.08160132568682617,,0.001
LSTM5_74baa8a4,LSTM5,loso_subject_S011,36,0.011428445960568185,,0.07819123997520376,,0.001
LSTM5_74baa8a4,LSTM5,loso_subject_S011,37,0.012454506901591044,,0.08115168384231476,,0.001
LSTM5_74baa8a4,LSTM5,loso_subject_S011,38,0.011475302925760699,,0.07840032461916827,,0.001
LSTM5_74baa8a4,LSTM5,loso_subject_S011,39,0.012123265681795078,,0.07961725175828281,,0.001
LSTM5_74baa8a4,LSTM5,loso_subject_S011,40,0.010623826686792551,,0.07612782577848509,,0.001
LSTM5_74baa8a4,LSTM5,loso_subject_S011,41,0.011133307955458815,,0.07777926531836876,,0.001
LSTM5_74baa8a4,LSTM5,loso_subject_S011,42,0.011745053064946234,,0.07714923703102544,,0.001
LSTM5_74baa8a4,LSTM5,loso_subject_S011,43,0.010670336377182382,,0.07513325481619136,,0.001
LSTM5_74baa8a4,LSTM5,loso_subject_S011,44,0.011646276430561096,,0.0774309601169803,,0.001
LSTM5_74baa8a4,LSTM5,loso_subject_S011,45,0.011490656954734545,,0.07819778244153383,,0.001
LSTM5_74baa8a4,LSTM5,loso_subject_S011,46,0.010886487468560083,,0.07650215275574077,,0.001
LSTM5_74baa8a4,LSTM5,loso_subject_S011,47,0.011912221002673652,,0.07941727611853137,,0.001
LSTM5_74baa8a4,LSTM5,loso_subject_S011,48,0.010330990973545565,,0.07458742335245808,,0.001
LSTM5_74baa8a4,LSTM5,loso_subject_S011,49,0.010814530124809691,,0.07435002825779967,,0.001
LSTM5_74baa8a4,LSTM5,loso_subject_S011,50,0.010756748511177666,,0.07545976476779508,,0.001
LSTM5_74baa8a4,LSTM5,loso_subject_S011,51,0.01058346961452739,,0.07457273063196351,,0.001
LSTM5_74baa8a4,LSTM5,loso_subject_S011,52,0.010902878456492921,,0.07577916517166941,,0.001
LSTM5_74baa8a4,LSTM5,loso_subject_S011,53,0.010972361939567117,,0.07736185609383758,,0.001
LSTM5_74baa8a4,LSTM5,loso_subject_S011,54,0.010793127730374955,,0.07572479473725,,0.001
LSTM5_74baa8a4,LSTM5,loso_subject_S011,55,0.011514398829547514,,0.0779234443278525,,0.001
LSTM5_74baa8a4,LSTM5,loso_subject_S011,56,0.01046321481120966,,0.07392284307669383,,0.001
LSTM5_74baa8a4,LSTM5,loso_subject_S011,57,0.010345148717225416,,0.07296227405628103,,0.001
LSTM5_74baa8a4,LSTM5,loso_subject_S011,58,0.010558369447940653,,0.07330669634765692,,0.001
LSTM5_74baa8a4,LSTM5,loso_subject_S011,59,0.010465330707371342,,0.07318363713360031,,0.001
LSTM5_74baa8a4,LSTM5,loso_subject_S011,60,0.0102949434219016,,0.07264235631549747,,0.001
LSTM5_74baa8a4,LSTM5,loso_subject_S011,61,0.010690036623828897,,0.07415227166023482,,0.001
LSTM5_74baa8a4,LSTM5,loso_subject_S011,62,0.010935023392525086,,0.0756102362170175,,0.001
LSTM5_74baa8a4,LSTM5,loso_subject_S011,63,0.01074263571104655,,0.0738835659867769,,0.001
LSTM5_74baa8a4,LSTM5,loso_subject_S011,64,0.010114725550867188,,0.07384376033777897,,0.001
LSTM5_74baa8a4,LSTM5,loso_subject_S011,65,0.01052477151099525,,0.07420047619903353,,0.001
LSTM5_74baa8a4,LSTM5,loso_subject_S011,66,0.010720836752490297,,0.07496130916737077,,0.001
LSTM5_74baa8a4,LSTM5,loso_subject_S011,67,0.010836013932801602,,0.07556950574878706,,0.001
LSTM5_74baa8a4,LSTM5,loso_subject_S011,68,0.010192880934130368,,0.07342428548125514,,0.001
LSTM5_74baa8a4,LSTM5,loso_subject_S011,69,0.010358604750582,,0.07388412142157987,,0.001
LSTM5_74baa8a4,LSTM5,loso_subject_S011,70,0.010526744464093048,,0.07433148475044568,,0.001
LSTM5_74baa8a4,LSTM5,loso_subject_S011,71,0.010041910838596195,,0.07228761074504106,,0.001
LSTM5_74baa8a4,LSTM5,loso_subject_S011,72,0.010499493999320845,,0.07370859641892376,,0.001
LSTM5_74baa8a4,LSTM5,loso_subject_S011,73,0.010650040305946417,,0.07520204693742641,,0.001
LSTM5_74baa8a4,LSTM5,loso_subject_S011,74,0.01103877496304196,,0.07560418164603516,,0.001
LSTM5_74baa8a4,LSTM5,loso_subject_S011,75,0.009606914258123617,,0.07037173276781604,,0.001
LSTM5_74baa8a4,LSTM5,loso_subject_S011,76,0.009872921077165114,,0.07117453245865688,,0.001
LSTM5_74baa8a4,LSTM5,loso_subject_S011,77,0.010377277799070283,,0.07266509358528549,,0.001
LSTM5_74baa8a4,LSTM5,loso_subject_S011,78,0.009455520521264846,,0.06969678989196305,,0.001
LSTM5_74baa8a4,LSTM5,loso_subject_S011,79,0.010266145103712817,,0.0726565589374949,,0.001
LSTM5_74baa8a4,LSTM5,loso_subject_S011,80,0.010582621412854284,,0.07500023666454807,,0.001
LSTM5_74baa8a4,LSTM5,loso_subject_S012,1,0.2994789076659066,,0.39336812374887853,,0.001
LSTM5_74baa8a4,LSTM5,loso_subject_S012,2,0.05655497878920412,,0.17433921602784452,,0.001
LSTM5_74baa8a4,LSTM5,loso_subject_S012,3,0.034989824580937426,,0.13874271228748275,,0.001
LSTM5_74baa8a4,LSTM5,loso_subject_S012,4,0.029874672824377745,,0.12771190630367035,,0.001
LSTM5_74baa8a4,LSTM5,loso_subject_S012,5,0.024560169828791768,,0.11705094183584515,,0.001
LSTM5_74baa8a4,LSTM5,loso_subject_S012,6,0.022511541976803114,,0.11140153089145727,,0.001
LSTM5_74baa8a4,LSTM5,loso_subject_S012,7,0.02026290625203276,,0.10667673038152736,,0.001
LSTM5_74baa8a4,LSTM5,loso_subject_S012,8,0.01902383214581541,,0.10151089472616535,,0.001
LSTM5_74baa8a4,LSTM5,loso_subject_S012,9,0.01802536318561332,,0.10119136558756393,,0.001
LSTM5_74baa8a4,LSTM5,loso_subject_S012,10,0.016243117119654406,,0.09497645084296595,,0.001
LSTM5_74baa8a4,LSTM5,loso_subject_S012,11,0.017089456467592242,,0.09677630611097979,,0.001
LSTM5_74baa8a4,LSTM5,loso_subject_S012,12,0.014659113106248244,,0.09028811511736687,,0.001
LSTM5_74baa8a4,LSTM5,loso_subject_S012,13,0.015775254085018946,,0.09238998606486273,,0.001
LSTM5_74baa8a4,LSTM5,loso_subject_S012,14,0.013332534048827206,,0.0864543768930902,,0.001
LSTM5_74baa8a4,LSTM5,loso_subject_S012,15,0.01389215839594902,,0.08688140156333868,,0.001
LSTM5_74baa8a4,LSTM5,loso_subject_S012,16,0.013438849216197521,,0.08593653824942313,,0.001
LSTM5_74baa8a4,LSTM5,loso_subject_S012,17,0.013484740508878618,,0.08499778094732657,,0.001
LSTM5_74baa8a4,LSTM5,loso_subject_S012,18,0.01310839536631003,,0.085578013213408,,0.001
LSTM5_74baa8a4,LSTM5,loso_subject_S012,19,0.013190970769068557,,0.08498141961052269,,0.001
LSTM5_74baa8a4,LSTM5,loso_subject_S012,20,0.012781875818345978,,0.08276080815356641,,0.001
LSTM5_74baa8a4,LSTM5,loso_subject_S012,21,0.014265340712115299,,0.08823963752163248,,0.001
LSTM5_74baa8a4,LSTM5,loso_subject_S012,22,0.012903718591611574,,0.08254321724836633,,0.001
LSTM5_74baa8a4,LSTM5,loso_subject_S012,23,0.012374905617461414,,0.08207078925240353,,0.001
LSTM5_74baa8a4,LSTM5,loso_subject_S012,24,0.011797624835931629,,0.08059968697247832,,0.001
LSTM5_74baa8a4,LSTM5,loso_subject_S012,25,0.012667603245689229,,0.08154314258536502,,0.001
LSTM5_74baa8a4,LSTM5,loso_subject_S012,26,0.011284350562938583,,0.07773605140289776,,0.001
LSTM5_74baa8a4,LSTM5,loso_subject_S012,27,0.012713688623643778,,0.08255263390705672,,0.001
LSTM5_74baa8a4,LSTM5,loso_subject_S012,28,0.012206344182964363,,0.08041268207865974,,0.001
LSTM5_74baa8a4,LSTM5,loso_subject_S012,29,0.01214429122740801,,0.08036928997019528,,0.001
LSTM5_74baa8a4,LSTM5,loso_subject_S012,30,0.01186394853549081,,0.07922963479832237,,0.001
LSTM5_74baa8a4,LSTM5,loso_subject_S012,31,0.011347934211201732,,0.0789984735261528,,0.001
LSTM5_74baa8a4,LSTM5,loso_subject_S012,32,0.010947729526629833,,0.07592305311494608,,0.001
LSTM5_74baa8a4,LSTM5,loso_subject_S012,33,0.0103277987481461,,0.07501633681782983,,0.001
LSTM5_74baa8a4,LSTM5,loso_subject_S012,34,0.012348651315005461,,0.0809878226425278,,0.001
LSTM5_74baa8a4,LSTM5,loso_subject_S012,35,0.011513177625017336,,0.07823320314487743,,0.001
LSTM5_74baa8a4,LSTM5,loso_subject_S012,36,0.010729992936860956,,0.07645803873438248,,0.001
LSTM5_74baa8a4,LSTM5,loso_subject_S012,37,0.011144799535872394,,0.07684891733894146,,0.001
LSTM5_74baa8a4,LSTM5,loso_subject_S012,38,0.011335525403565994,,0.07766375655768029,,0.001
LSTM5_74baa8a4,LSTM5,loso_subject_S012,39,0.012147400500843017,,0.07987475655070904,,0.001
LSTM5_74baa8a4,LSTM5,loso_subject_S012,40,0.011082741247402722,,0.07725240650218765,,0.001
LSTM5_74baa8a4,LSTM5,loso_subject_S012,41,0.01066647964735534,,0.07535211872050346,,0.001
LSTM5_74baa8a4,LSTM5,loso_subject_S012,42,0.010418459957792763,,0.07479269191860723,,0.001
LSTM5_74baa8a4,LSTM5,loso_subject_S012,43,0.01084910305807082,,0.07497467816121672,,0.001
LSTM5_74baa8a4,LSTM5,loso_subject_S012,44,0.010165359521652238,,0.07390625929936867,,0.001
LSTM5_74baa8a4,LSTM5,loso_subject_S012,45,0.010814980058683709,,0.074173627491313,,0.001
LSTM5_74baa8a4,LSTM5,loso_subject_S012,46,0.010659629682972375,,0.07496975688191801,,0.001
LSTM5_74baa8a4,LSTM5,loso_subject_S012,47,0.01044022151168737,,0.07402338370074321,,0.001
LSTM5_74baa8a4,LSTM5,loso_subject_S012,48,0.010799379550527045,,0.07629637713440911,,0.001
LSTM5_74baa8a4,LSTM5,loso_subject_S012,49,0.011185082100765537,,0.07637075793491326,,0.001
LSTM5_74baa8a4,LSTM5,loso_subject_S012,50,0.011139025509603119,,0.07603160777483817,,0.001
LSTM5_74baa8a4,LSTM5,loso_subject_S012,51,0.011223774743043289,,0.07663947639776714,,0.001
LSTM5_74baa8a4,LSTM5,loso_subject_S012,52,0.01097404698676697,,0.0745265715300177,,0.001
LSTM5_74baa8a4,LSTM5,loso_subject_S012,53,0.010529238912039414,,0.0743822440666246,,0.001
LSTM5_74baa8a4,LSTM5,loso_subject_S012,54,0.010234175791886204,,0.07348923698750923,,0.001
LSTM5_74baa8a4,LSTM5,loso_subject_S012,55,0.01085224975234436,,0.07573309983714593,,0.001
LSTM5_74baa8a4,LSTM5,loso_subject_S012,56,0.010713776177210884,,0.07492617178767812,,0.001
LSTM5_74baa8a4,LSTM5,loso_subject_S012,57,0.010205359581765796,,0.07327649821054684,,0.001
LSTM5_74baa8a4,LSTM5,loso_subject_S012,58,0.01059745799986159,,0.07333522212069284,,0.001
LSTM5_74baa8a4,LSTM5,loso_subject_S012,59,0.00973285464469165,,0.07112536889139615,,0.001
LSTM5_74baa8a4,LSTM5,loso_subject_S012,60,0.011062596804169206,,0.07668755976180942,,0.001
LSTM5_74baa8a4,LSTM5,loso_subject_S012,61,0.010993493232916367,,0.07600428566666745,,0.001
LSTM5_74baa8a4,LSTM5,loso_subject_S012,62,0.010337867913695724,,0.0728826106308601,,0.001
LSTM5_74baa8a4,LSTM5,loso_subject_S012,63,0.010068008490962383,,0.07300978567737208,,0.001
LSTM5_74baa8a4,LSTM5,loso_subject_S012,64,0.010147121277172839,,0.07449414996772866,,0.001
LSTM5_74baa8a4,LSTM5,loso_subject_S012,65,0.010053167716033339,,0.07202129099001779,,0.001
LSTM5_74baa8a4,LSTM5,loso_subject_S012,66,0.00963348538616249,,0.07016880105507245,,0.001
LSTM5_74baa8a4,LSTM5,loso_subject_S012,67,0.011688208451234514,,0.07771085184269011,,0.001
LSTM5_74baa8a4,LSTM5,loso_subject_S012,68,0.010665860235794711,,0.07305141777905651,,0.001
LSTM5_74baa8a4,LSTM5,loso_subject_S012,69,0.010194643753753962,,0.07280866713068769,,0.001
LSTM5_74baa8a4,LSTM5,loso_subject_S012,70,0.010226185900667305,,0.07176846826601618,,0.001
LSTM5_74baa8a4,LSTM5,loso_subject_S012,71,0.009652176934751667,,0.07204814765953575,,0.001
LSTM5_74baa8a4,LSTM5,loso_subject_S012,72,0.009675104861012874,,0.07174581252825377,,0.001
LSTM5_74baa8a4,LSTM5,loso_subject_S012,73,0.010777487670009528,,0.07399313022286115,,0.001
LSTM5_74baa8a4,LSTM5,loso_subject_S012,74,0.01049686863294878,,0.07325280343346961,,0.001
LSTM5_74baa8a4,LSTM5,loso_subject_S012,75,0.009380758168547195,,0.06999539231928521,,0.001
LSTM5_74baa8a4,LSTM5,loso_subject_S012,76,0.00999898407013299,,0.07050775809118516,,0.001
LSTM5_74baa8a4,LSTM5,loso_subject_S012,77,0.009899224743865035,,0.07230200343091177,,0.001
LSTM5_74baa8a4,LSTM5,loso_subject_S012,78,0.009471189481624159,,0.07056409971944945,,0.001
LSTM5_74baa8a4,LSTM5,loso_subject_S012,79,0.01054682357247299,,0.07315549371492489,,0.001
LSTM5_74baa8a4,LSTM5,loso_subject_S012,80,0.010256777695029405,,0.07204495223372454,,0.001
LSTM5_74baa8a4,LSTM5,loso_subject_S013,1,0.2981480001240338,,0.38785465679786824,,0.001
LSTM5_74baa8a4,LSTM5,loso_subject_S013,2,0.05507441808385824,,0.17417823268622948,,0.001
LSTM5_74baa8a4,LSTM5,loso_subject_S013,3,0.03704644956542228,,0.14294412840138038,,0.001
LSTM5_74baa8a4,LSTM5,loso_subject_S013,4,0.029507480270017393,,0.12817738483507166,,0.001
LSTM5_74baa8a4,LSTM5,loso_subject_S013,5,0.026346964582248972,,0.11990537586666289,,0.001
LSTM5_74baa8a4,LSTM5,loso_subject_S013,6,0.022650836879219958,,0.11140759762317415,,0.001
LSTM5_74baa8a4,LSTM5,loso_subject_S013,7,0.019597156591486756,,0.10563791182148394,,0.001
LSTM5_74baa8a4,LSTM5,loso_subject_S013,8,0.018014474342227298,,0.10168155874051744,,0.001
LSTM5_74baa8a4,LSTM5,loso_subject_S013,9,0.019064067369179122,,0.10406309987502123,,0.001
LSTM5_74baa8a4,LSTM5,loso_subject_S013,10,0.016514656073339875,,0.09553189605237945,,0.001
LSTM5_74baa8a4,LSTM5,loso_subject_S013,11,0.015262749592561728,,0.0936519332230091,,0.001
LSTM5_74baa8a4,LSTM5,loso_subject_S013,12,0.015675365416303513,,0.09357209167783223,,0.001
LSTM5_74baa8a4,LSTM5,loso_subject_S013,13,0.017065953991558185,,0.09718197568383798,,0.001
LSTM5_74baa8a4,LSTM5,loso_subject_S013,14,0.014595972730595836,,0.09018975151752039,,0.001
LSTM5_74baa8a4,LSTM5,loso_subject_S013,15,0.014037358240475731,,0.08777458114283425,,0.001
LSTM5_74baa8a4,LSTM5,loso_subject_S013,16,0.014061642854558255,,0.08628106880440282,,0.001
LSTM5_74baa8a4,LSTM5,loso_subject_S013,17,0.013961648205837245,,0.08734612869364874,,0.001
LSTM5_74baa8a4,LSTM5,loso_subject_S013,18,0.014202765647381072,,0.08682252290072265,,0.001
LSTM5_74baa8a4,LSTM5,loso_subject_S013,19,0.013898774068901148,,0.08790746421883346,,0.001
LSTM5_74baa8a4,LSTM5,loso_subject_S013,20,0.01366230680277108,,0.08692373615251016,,0.001
LSTM5_74baa8a4,LSTM5,loso_subject_S013,21,0.012890927178203743,,0.08273775240100881,,0.001
LSTM5_74baa8a4,LSTM5,loso_subject_S013,22,0.01382783199216993,,0.08673793367607883,,0.001
LSTM5_74baa8a4,LSTM5,loso_subject_S013,23,0.013428133581740357,,0.08338618450379245,,0.001
LSTM5_74baa8a4,LSTM5,loso_subject_S013,24,0.012200165989380033,,0.08071661034904459,,0.001
LSTM5_74baa8a4,LSTM5,loso_subject_S013,25,0.012876106786822515,,0.08300014276983876,,0.001
LSTM5_74baa8a4,LSTM5,loso_subject_S013,26,0.012972590318393139,,0.08344577882024977,,0.001
LSTM5_74baa8a4,LSTM5,loso_subject_S013,27,0.011643187425754688,,0.07919607350119838,,0.001
LSTM5_74baa8a4,LSTM5,loso_subject_S013,28,0.012929136706171213,,0.08274256066670493,,0.001
LSTM5_74baa8a4,LSTM5,loso_subject_S013,29,0.01289744885076606,,0.08409824702474807,,0.001
LSTM5_74baa8a4,LSTM5,loso_subject_S013,30,0.011708227204030783,,0.07908468125043092,,0.001
LSTM5_74baa8a4,LSTM5,loso_subject_S013,31,0.012087611239107829,,0.07880360897255953,,0.001
LSTM5_74baa8a4,LSTM5,loso_subject_S013,32,0.013554573561700563,,0.08501071448206271,,0.001
LSTM5_74baa8a4,LSTM5,loso_subject_S013,33,0.012189244884731514,,0.08111575860037375,,0.001
LSTM5_74baa8a4,LSTM5,loso_subject_S013,34,0.011161141785443144,,0.07710349114325943,,0.001
LSTM5_74baa8a4,LSTM5,loso_subject_S013,35,0.011986029662546657,,0.07865954672218,,0.001
LSTM5_74baa8a4,LSTM5,loso_subject_S013,36,0.010846792934117494,,0.07572786970428688,,0.001
LSTM5_74baa8a4,LSTM5,loso_subject_S013,37,0.011785190148407189,,0.0782875749563414,,0.001
LSTM5_74baa8a4,LSTM5,loso_subject_S013,38,0.012474130105015344,,0.07972362702958798,,0.001
LSTM5_74baa8a4,LSTM5,loso_subject_S013,39,0.011411773821920473,,0.07708731073314551,,0.001
LSTM5_74baa8a4,LSTM5,loso_subject_S013,40,0.011213931768501877,,0.07758022160441787,,0.001
LSTM5_74baa8a4,LSTM5,loso_subject_S013,41,0.012517212519530582,,0.08196418902703693,,0.001
LSTM5_74baa8a4,LSTM5,loso_subject_S013,42,0.010277404854931529,,0.07404877221773541,,0.001
LSTM5_74baa8a4,LSTM5,loso_subject_S013,43,0.011095144100445348,,0.07643440496275034,,0.001
LSTM5_74baa8a4,LSTM5,loso_subject_S013,44,0.01155181364033115,,0.07757555383538443,,0.001
LSTM5_74baa8a4,LSTM5,loso_subject_S013,45,0.010645591045813585,,0.07384402056535085,,0.001
LSTM5_74baa8a4,LSTM5,loso_subject_S013,46,0.01119289583644815,,0.07790777068289499,,0.001
LSTM5_74baa8a4,LSTM5,loso_subject_S013,47,0.011133886920041823,,0.07671682233848269,,0.001
LSTM5_74baa8a4,LSTM5,loso_subject_S013,48,0.01146510900959136,,0.07809693009134323,,0.001
LSTM5_74baa8a4,LSTM5,loso_subject_S013,49,0.011715108410100497,,0.07784457482279293,,0.001
LSTM5_74baa8a4,LSTM5,loso_subject_S013,50,0.010967934147883503,,0.07467676658557837,,0.001
LSTM5_74baa8a4,LSTM5,loso_subject_S013,51,0.010271791020339286,,0.07492173718554633,,0.001
LSTM5_74baa8a4,LSTM5,loso_subject_S013,52,0.010627522692084312,,0.07526320392492587,,0.001
LSTM5_74baa8a4,LSTM5,loso_subject_S013,53,0.010597181764662896,,0.07518905194663497,,0.001
LSTM5_74baa8a4,LSTM5,loso_subject_S013,54,0.010668781441057387,,0.07461366739380297,,0.001
LSTM5_74baa8a4,LSTM5,loso_subject_S013,55,0.01054262584124608,,0.07411020496692607,,0.001
LSTM5_74baa8a4,LSTM5,loso_subject_S013,56,0.01063827385820409,,0.07419350030560973,,0.001
LSTM5_74baa8a4,LSTM5,loso_subject_S013,57,0.010653060850953418,,0.07429650288922761,,0.001
LSTM5_74baa8a4,LSTM5,loso_subject_S013,58,0.01071783149215792,,0.07392466535407399,,0.001
LSTM5_74baa8a4,LSTM5,loso_subject_S013,59,0.011228515015589812,,0.07621285996582142,,0.001
LSTM5_74baa8a4,LSTM5,loso_subject_S013,60,0.010565436544345209,,0.07425362701335597,,0.001
LSTM5_74baa8a4,LSTM5,loso_subject_S013,61,0.01104069043483053,,0.07436290164157827,,0.001
LSTM5_74baa8a4,LSTM5,loso_subject_S013,62,0.010103673821995183,,0.07243064593070399,,0.001
LSTM5_74baa8a4,LSTM5,loso_subject_S013,63,0.011441161747647342,,0.07740009067550538,,0.001
LSTM5_74baa8a4,LSTM5,loso_subject_S013,64,0.010910129787587614,,0.07535141618163498,,0.001
LSTM5_74baa8a4,LSTM5,loso_subject_S013,65,0.01120662067144636,,0.07693305433427215,,0.001
LSTM5_74baa8a4,LSTM5,loso_subject_S013,66,0.010948275191778387,,0.07605591671019005,,0.001
LSTM5_74baa8a4,LSTM5,loso_subject_S013,67,0.010241446888847917,,0.07333000376820564,,0.001
LSTM5_74baa8a4,LSTM5,loso_subject_S013,68,0.009860702713941613,,0.07115785993596234,,0.001
LSTM5_74baa8a4,LSTM5,loso_subject_S013,69,0.01027582427733159,,0.07281371416553618,,0.001
LSTM5_74baa8a4,LSTM5,loso_subject_S013,70,0.011395024263827259,,0.07528346897590728,,0.001
LSTM5_74baa8a4,LSTM5,loso_subject_S013,71,0.010518571301659067,,0.07303656049506374,,0.001
LSTM5_74baa8a4,LSTM5,loso_subject_S013,72,0.010395745209679402,,0.07246324050994146,,0.001
LSTM5_74baa8a4,LSTM5,loso_subject_S013,73,0.01170541382636185,,0.07621197914951063,,0.001
LSTM5_74baa8a4,LSTM5,loso_subject_S013,74,0.00987997872572609,,0.07300198531891934,,0.001
LSTM5_74baa8a4,LSTM5,loso_subject_S013,75,0.010428408358896536,,0.07320688298297306,,0.001
LSTM5_74baa8a4,LSTM5,loso_subject_S013,76,0.009848060005556339,,0.07223551719592362,,0.001
LSTM5_74baa8a4,LSTM5,loso_subject_S013,77,0.013161848394801378,,0.08129394868063548,,0.001
LSTM5_74baa8a4,LSTM5,loso_subject_S013,78,0.009981075094867418,,0.07120581321102917,,0.001
LSTM5_74baa8a4,LSTM5,loso_subject_S013,79,0.010292059123003608,,0.07212401959631178,,0.001
LSTM5_74baa8a4,LSTM5,loso_subject_S013,80,0.010771213685748753,,0.07307078579746226,,0.001
LSTM5_74baa8a4,LSTM5,loso_subject_S014,1,0.29678390914307895,,0.39094070172266165,,0.001
LSTM5_74baa8a4,LSTM5,loso_subject_S014,2,0.058078048654162114,,0.1748066433222897,,0.001
LSTM5_74baa8a4,LSTM5,loso_subject_S014,3,0.03681836652312371,,0.14093103880748628,,0.001
LSTM5_74baa8a4,LSTM5,loso_subject_S014,4,0.028607452236069097,,0.12561841870693713,,0.001
LSTM5_74baa8a4,LSTM5,loso_subject_S014,5,0.025713814984501628,,0.12011964372498256,,0.001
LSTM5_74baa8a4,LSTM5,loso_subject_S014,6,0.021894965936991324,,0.11143813816164101,,0.001
LSTM5_74baa8a4,LSTM5,loso_subject_S014,7,0.018916215647095908,,0.1036082805881268,,0.001
LSTM5_74baa8a4,LSTM5,loso_subject_S014,8,0.01916187276674416,,0.1038407426251361,,0.001
LSTM5_74baa8a4,LSTM5,loso_subject_S014,9,0.020109865691506967,,0.10487881439824327,,0.001
LSTM5_74baa8a4,LSTM5,loso_subject_S014,10,0.017119364832484517,,0.09811760772813859,,0.001
LSTM5_74baa8a4,LSTM5,loso_subject_S014,11,0.016475237360552945,,0.09536513582754035,,0.001
LSTM5_74baa8a4,LSTM5,loso_subject_S014,12,0.015738496344171623,,0.09429158876084608,,0.001
LSTM5_74baa8a4,LSTM5,loso_subject_S014,13,0.015051764149205138,,0.09114617932804471,,0.001
LSTM5_74baa8a4,LSTM5,loso_subject_S014,14,0.015114316687518668,,0.09177087673174891,,0.001
LSTM5_74baa8a4,LSTM5,loso_subject_S014,15,0.013761496753370874,,0.08651091166976362,,0.001
LSTM5_74baa8a4,LSTM5,loso_subject_S014,16,0.01391244564164428,,0.08751843532868366,,0.001
LSTM5_74baa8a4,LSTM5,loso_subject_S014,17,0.013128609147221396,,0.08513878213291458,,0.001
LSTM5_74baa8a4,LSTM5,loso_subject_S014,18,0.013497445431834057,,0.08443303386333914,,0.001
LSTM5_74baa8a4,LSTM5,loso_subject_S014,19,0.013488719190069366,,0.08399695684502048,,0.001
LSTM5_74baa8a4,LSTM5,loso_subject_S014,20,0.013789219697356817,,0.08630220436297392,,0.001
LSTM5_74baa8a4,LSTM5,loso_subject_S014,21,0.012132632829572844,,0.0812075110850002,,0.001
LSTM5_74baa8a4,LSTM5,loso_subject_S014,22,0.011870736231604926,,0.08053885685204835,,0.001
LSTM5_74baa8a4,LSTM5,loso_subject_S014,23,0.012525699210180982,,0.08026311470848406,,0.001
LSTM5_74baa8a4,LSTM5,loso_subject_S014,24,0.012319994106841937,,0.08147239946941233,,0.001
LSTM5_74baa8a4,LSTM5,loso_subject_S014,25,0.01191505282164018,,0.0797318582949431,,0.001
LSTM5_74baa8a4,LSTM5,loso_subject_S014,26,0.01198068694414004,,0.08026818185654407,,0.001
LSTM5_74baa8a4,LSTM5,loso_subject_S014,27,0.012131961973870906,,0.08121181367625735,,0.001
LSTM5_74baa8a4,LSTM5,loso_subject_S014,28,0.012141554965210747,,0.08083241222540455,,0.001
LSTM5_74baa8a4,LSTM5,loso_subject_S014,29,0.012603413975163865,,0.08045466051028623,,0.001
LSTM5_74baa8a4,LSTM5,loso_subject_S014,30,0.011629574662128111,,0.07900627860540867,,0.001
LSTM5_74baa8a4,LSTM5,loso_subject_S014,31,0.011785767822208798,,0.07923885347441643,,0.001
LSTM5_74baa8a4,LSTM5,loso_subject_S014,32,0.011197321872617669,,0.077573191399909,,0.001
LSTM5_74baa8a4,LSTM5,loso_subject_S014,33,0.011587817481420876,,0.07838609332249014,,0.001
LSTM5_74baa8a4,LSTM5,loso_subject_S014,34,0.010912064072125211,,0.07650950887655637,,0.001
LSTM5_74baa8a4,LSTM5,loso_subject_S014,35,0.011070637329983549,,0.07677882661942477,,0.001
LSTM5_74baa8a4,LSTM5,loso_subject_S014,36,0.01088589117430529,,0.07618239729613019,,0.001
LSTM5_74baa8a4,LSTM5,loso_subject_S014,37,0.011003683753664844,,0.07700587958565802,,0.001
LSTM5_74baa8a4,LSTM5,loso_subject_S014,38,0.012223584052505076,,0.0797835446585842,,0.001
LSTM5_74baa8a4,LSTM5,loso_subject_S014,39,0.010277038420593944,,0.07390478769714387,,0.001
LSTM5_74baa8a4,LSTM5,loso_subject_S014,40,0.011103501194583584,,0.07592173053791787,,0.001
LSTM5_74baa8a4,LSTM5,loso_subject_S014,41,0.010945247399882691,,0.07575644857912178,,0.001
LSTM5_74baa8a4,LSTM5,loso_subject_S014,42,0.010694922677852553,,0.07415580994612013,,0.001
LSTM5_74baa8a4,LSTM5,loso_subject_S014,43,0.01096164918665161,,0.07585042064073762,,0.001
LSTM5_74baa8a4,LSTM5,loso_subject_S014,44,0.01124236245350322,,0.0760519425357868,,0.001
LSTM5_74baa8a4,LSTM5,loso_subject_S014,45,0.010418808589957269,,0.07492026090309718,,0.001
LSTM5_74baa8a4,LSTM5,loso_subject_S014,46,0.01136137391189323,,0.0768036510016732,,0.001
LSTM5_74baa8a4,LSTM5,loso_subject_S014,47,0.01050551125468494,,0.07426659724220923,,0.001
LSTM5_74baa8a4,LSTM5,loso_subject_S014,48,0.012088698165704905,,0.07946992591764991,,0.001
LSTM5_74baa8a4,LSTM5,loso_subject_S014,49,0.010549228137379513,,0.07330238995141793,,0.001
LSTM5_74baa8a4,LSTM5,loso_subject_S014,50,0.011098336978220796,,0.07661747201816645,,0.001
LSTM5_74baa8a4,LSTM5,loso_subject_S014,51,0.011440119398255321,,0.07548777841425741,,0.001
LSTM5_74baa8a4,LSTM5,loso_subject_S014,52,0.011375190811148796,,0.0773036401307102,,0.001
LSTM5_74baa8a4,LSTM5,loso_subject_S014,53,0.010010412409257645,,0.07264907973061811,,0.001
LSTM5_74baa8a4,LSTM5,loso_subject_S014,54,0.011030852224340203,,0.07518409140263634,,0.001
LSTM5_74baa8a4,LSTM5,loso_subject_S014,55,0.010586835669852196,,0.07509571298246548,,0.001
LSTM5_74baa8a4,LSTM5,loso_subject_S014,56,0.010921544384410349,,0.07444221939308097,,0.001
LSTM5_74baa8a4,LSTM5,loso_subject_S014,57,0.010279783737080269,,0.07327553644315805,,0.001
LSTM5_74baa8a4,LSTM5,loso_subject_S014,58,0.010210197426733889,,0.07287738313961865,,0.001
LSTM5_74baa8a4,LSTM5,loso_subject_S014,59,0.011504314965707522,,0.07600173543047818,,0.001
LSTM5_74baa8a4,LSTM5,loso_subject_S014,60,0.010252795676369515,,0.07301922609289009,,0.001
LSTM5_74baa8a4,LSTM5,loso_subject_S014,61,0.01004222092146006,,0.07213865790365878,,0.001
LSTM5_74baa8a4,LSTM5,loso_subject_S014,62,0.010594395032731133,,0.07280274530538032,,0.001
LSTM5_74baa8a4,LSTM5,loso_subject_S014,63,0.009947685519942693,,0.07188908677331561,,0.001
LSTM5_74baa8a4,LSTM5,loso_subject_S014,64,0.010105288364071225,,0.07309058704352492,,0.001
LSTM5_74baa8a4,LSTM5,loso_subject_S014,65,0.010329884207173753,,0.07451385602690651,,0.001
LSTM5_74baa8a4,LSTM5,loso_subject_S014,66,0.010506972407111327,,0.0737136847853286,,0.001
LSTM5_74baa8a4,LSTM5,loso_subject_S014,67,0.010231657903065789,,0.07285856526206462,,0.001
LSTM5_74baa8a4,LSTM5,loso_subject_S014,68,0.010217075541541332,,0.07270849376698324,,0.001
LSTM5_74baa8a4,LSTM5,loso_subject_S014,69,0.010087504972215408,,0.07237617547768707,,0.001
LSTM5_74baa8a4,LSTM5,loso_subject_S014,70,0.010296985432856866,,0.07260374293597723,,0.001
LSTM5_74baa8a4,LSTM5,loso_subject_S014,71,0.010276604880422213,,0.07348158786970012,,0.001
LSTM5_74baa8a4,LSTM5,loso_subject_S014,72,0.010887182318649878,,0.07408267793120234,,0.001
LSTM5_74baa8a4,LSTM5,loso_subject_S014,73,0.010410866399591759,,0.07319128498505272,,0.001
LSTM5_74baa8a4,LSTM5,loso_subject_S014,74,0.010766336217721668,,0.07269441502655657,,0.001
LSTM5_74baa8a4,LSTM5,loso_subject_S014,75,0.010045807271017148,,0.07259152076783262,,0.001
LSTM5_74baa8a4,LSTM5,loso_subject_S014,76,0.009652492167274948,,0.07040368871750664,,0.001
LSTM5_74baa8a4,LSTM5,loso_subject_S014,77,0.010837864160494788,,0.07431101397015526,,0.001
LSTM5_74baa8a4,LSTM5,loso_subject_S014,78,0.009659434338927176,,0.07100932073333989,,0.001
LSTM5_74baa8a4,LSTM5,loso_subject_S014,79,0.009860514929042928,,0.07106873315781932,,0.001
LSTM5_74baa8a4,LSTM5,loso_subject_S014,80,0.010361053839895724,,0.07328828636531495,,0.001
LSTM5_74baa8a4,LSTM5,loso_subject_S016,1,0.31035312386855024,,0.3988260330508217,,0.001
LSTM5_74baa8a4,LSTM5,loso_subject_S016,2,0.05258750926296591,,0.17089500208113642,,0.001
LSTM5_74baa8a4,LSTM5,loso_subject_S016,3,0.03722476093438984,,0.14288782954432355,,0.001
LSTM5_74baa8a4,LSTM5,loso_subject_S016,4,0.030173512292064344,,0.12942946804815356,,0.001
LSTM5_74baa8a4,LSTM5,loso_subject_S016,5,0.02495538583665213,,0.11674568683704874,,0.001
LSTM5_74baa8a4,LSTM5,loso_subject_S016,6,0.02206148669999677,,0.11047927425034094,,0.001
LSTM5_74baa8a4,LSTM5,loso_subject_S016,7,0.021122411062222846,,0.10643425829552108,,0.001
LSTM5_74baa8a4,LSTM5,loso_subject_S016,8,0.020481626528523145,,0.10623587976628275,,0.001
LSTM5_74baa8a4,LSTM5,loso_subject_S016,9,0.018099323178030355,,0.10131457110537066,,0.001
LSTM5_74baa8a4,LSTM5,loso_subject_S016,10,0.016609681292591796,,0.09581301301053252,,0.001
LSTM5_74baa8a4,LSTM5,loso_subject_S016,11,0.016455265373428125,,0.09523561588370927,,0.001
LSTM5_74baa8a4,LSTM5,loso_subject_S016,12,0.016215800544566245,,0.09343667810124562,,0.001
LSTM5_74baa8a4,LSTM5,loso_subject_S016,13,0.014062265169367075,,0.08824808963970227,,0.001
LSTM5_74baa8a4,LSTM5,loso_subject_S016,14,0.014408597064663051,,0.08894700833806603,,0.001
LSTM5_74baa8a4,LSTM5,loso_subject_S016,15,0.01468168283188037,,0.08987897801405412,,0.001
LSTM5_74baa8a4,LSTM5,loso_subject_S016,16,0.014438461732541399,,0.08896632259965159,,0.001
LSTM5_74baa8a4,LSTM5,loso_subject_S016,17,0.013728165301589195,,0.0864050724684404,,0.001
LSTM5_74baa8a4,LSTM5,loso_subject_S016,18,0.01351269799926204,,0.08560588714802608,,0.001
LSTM5_74baa8a4,LSTM5,loso_subject_S016,19,0.012995883745052228,,0.08304779409071866,,0.001
LSTM5_74baa8a4,LSTM5,loso_subject_S016,20,0.013170982270830186,,0.08521870968562505,,0.001
LSTM5_74baa8a4,LSTM5,loso_subject_S016,21,0.013434193165871897,,0.08511088305776651,,0.001
LSTM5_74baa8a4,LSTM5,loso_subject_S016,22,0.012578868084544418,,0.08196485620151384,,0.001
LSTM5_74baa8a4,LSTM5,loso_subject_S016,23,0.01342654823996117,,0.08559050393986956,,0.001
LSTM5_74baa8a4,LSTM5,loso_subject_S016,24,0.013280416416023134,,0.08427112574462356,,0.001
LSTM5_74baa8a4,LSTM5,loso_subject_S016,25,0.012428566883493187,,0.0821923391711443,,0.001
LSTM5_74baa8a4,LSTM5,loso_subject_S016,26,0.01369769415546026,,0.08454429065204513,,0.001
LSTM5_74baa8a4,LSTM5,loso_subject_S016,27,0.012364462946679483,,0.08236572958503884,,0.001
LSTM5_74baa8a4,LSTM5,loso_subject_S016,28,0.01186220348617779,,0.07919188679454547,,0.001
LSTM5_74baa8a4,LSTM5,loso_subject_S016,29,0.0119441430383097,,0.0793501752949546,,0.001
LSTM5_74baa8a4,LSTM5,loso_subject_S016,30,0.011071573734517183,,0.07772110256160947,,0.001
LSTM5_74baa8a4,LSTM5,loso_subject_S016,31,0.011661268097254582,,0.07969862756014859,,0.001
LSTM5_74baa8a4,LSTM5,loso_subject_S016,32,0.010559877072380543,,0.0757998007182819,,0.001
LSTM5_74baa8a4,LSTM5,loso_subject_S016,33,0.012185236956322475,,0.08103498868259829,,0.001
LSTM5_74baa8a4,LSTM5,loso_subject_S016,34,0.011123048560295445,,0.07700172985020406,,0.001
LSTM5_74baa8a4,LSTM5,loso_subject_S016,35,0.012154935902848527,,0.08099611721486664,,0.001
LSTM5_74baa8a4,LSTM5,loso_subject_S016,36,0.011601660077068698,,0.07831378213120521,,0.001
LSTM5_74baa8a4,LSTM5,loso_subject_S016,37,0.011510341236257231,,0.0783493217618811,,0.001
LSTM5_74baa8a4,LSTM5,loso_subject_S016,38,0.010473334732966964,,0.07460196133116721,,0.001
LSTM5_74baa8a4,LSTM5,loso_subject_S016,39,0.011280684691334917,,0.07751222364536864,,0.001
LSTM5_74baa8a4,LSTM5,loso_subject_S016,40,0.01102793885895725,,0.0769407320279886,,0.001
LSTM5_74baa8a4,LSTM5,loso_subject_S016,41,0.011650842554589102,,0.07765281954159661,,0.001
LSTM5_74baa8a4,LSTM5,loso_subject_S016,42,0.01165004343852992,,0.07788247983667991,,0.001
LSTM5_74baa8a4,LSTM5,loso_subject_S016,43,0.01069807106825082,,0.07523432931490194,,0.001
LSTM5_74baa8a4,LSTM5,loso_subject_S016,44,0.010476716778619954,,0.075141810867834,,0.001
LSTM5_74baa8a4,LSTM5,loso_subject_S016,45,0.010834547931061358,,0.07526933555200306,,0.001
LSTM5_74baa8a4,LSTM5,loso_subject_S016,46,0.011973486552007704,,0.07964118191282274,,0.001
LSTM5_74baa8a4,LSTM5,loso_subject_S016,47,0.010453897244872857,,0.07538501453161672,,0.001
LSTM5_74baa8a4,LSTM5,loso_subject_S016,48,0.010409557634719742,,0.07383692554891928,,0.001
LSTM5_74baa8a4,LSTM5,loso_subject_S016,49,0.010927874805723985,,0.07526791163922777,,0.001
LSTM5_74baa8a4,LSTM5,loso_subject_S016,50,0.01134541962925506,,0.07630921805039384,,0.001
LSTM5_74baa8a4,LSTM5,loso_subject_S016,51,0.011320827118226608,,0.07614201683592604,,0.001
LSTM5_74baa8a4,LSTM5,loso_subject_S016,52,0.010357591498373687,,0.0737126183159802,,0.001
LSTM5_74baa8a4,LSTM5,loso_subject_S016,53,0.01141298255920101,,0.07649172806572908,,0.001
LSTM5_74baa8a4,LSTM5,loso_subject_S016,54,0.010498971757274976,,0.07394897575580242,,0.001
LSTM5_74baa8a4,LSTM5,loso_subject_S016,55,0.010123758383760737,,0.07383877674775913,,0.001
LSTM5_74baa8a4,LSTM5,loso_subject_S016,56,0.011098352326444813,,0.07558775974434213,,0.001
LSTM5_74baa8a4,LSTM5,loso_subject_S016,57,0.011809675463388118,,0.07806842520133739,,0.001
LSTM5_74baa8a4,LSTM5,loso_subject_S016,58,0.010272011835015065,,0.0740342328519533,,0.001
LSTM5_74baa8a4,LSTM5,loso_subject_S016,59,0.01028003174659963,,0.07443612183634717,,0.001
LSTM5_74baa8a4,LSTM5,loso_subject_S016,60,0.010486159647269466,,0.07384790876908781,,0.001
LSTM5_74baa8a4,LSTM5,loso_subject_S016,61,0.01063359701232818,,0.0739276986883068,,0.001
LSTM5_74baa8a4,LSTM5,loso_subject_S016,62,0.010475665408879372,,0.07328208999711676,,0.001
LSTM5_74baa8a4,LSTM5,loso_subject_S016,63,0.011551663974463739,,0.07653934670825187,,0.001
LSTM5_74baa8a4,LSTM5,loso_subject_S016,64,0.010498984246704287,,0.07387997023036884,,0.001
LSTM5_74baa8a4,LSTM5,loso_subject_S016,65,0.010087071737095362,,0.0732674469965123,,0.001
LSTM5_74baa8a4,LSTM5,loso_subject_S016,66,0.010663135787088203,,0.07381249030065376,,0.001
LSTM5_74baa8a4,LSTM5,loso_subject_S016,67,0.010631705393557385,,0.0755289507837131,,0.001
LSTM5_74baa8a4,LSTM5,loso_subject_S016,68,0.01082433957912246,,0.07434643517106594,,0.001
LSTM5_74baa8a4,LSTM5,loso_subject_S016,69,0.01073946342251795,,0.07312922159995568,,0.001
LSTM5_74baa8a4,LSTM5,loso_subject_S016,70,0.010326751787915714,,0.07321428203516313,,0.001
LSTM5_74baa8a4,LSTM5,loso_subject_S016,71,0.009811218188086075,,0.07154994199305023,,0.001
LSTM5_74baa8a4,LSTM5,loso_subject_S016,72,0.010072240654001481,,0.07231039100896208,,0.001
LSTM5_74baa8a4,LSTM5,loso_subject_S016,73,0.010134113005016918,,0.07313777441446231,,0.001
LSTM5_74baa8a4,LSTM5,loso_subject_S016,74,0.010059327300032372,,0.07287657604351667,,0.001
LSTM5_74baa8a4,LSTM5,loso_subject_S016,75,0.010507084248649786,,0.07471494922075891,,0.001
LSTM5_74baa8a4,LSTM5,loso_subject_S016,76,0.010146286701486538,,0.07155126242832968,,0.001
LSTM5_74baa8a4,LSTM5,loso_subject_S016,77,0.009560404246393374,,0.06961584418610275,,0.001
LSTM5_74baa8a4,LSTM5,loso_subject_S016,78,0.010477919023824937,,0.07342878472961105,,0.001
LSTM5_74baa8a4,LSTM5,loso_subject_S016,79,0.010043155705464034,,0.0715600729668607,,0.001
LSTM5_74baa8a4,LSTM5,loso_subject_S016,80,0.010085181341575841,,0.07186136438975162,,0.001
LSTM5_74baa8a4,LSTM5,loso_subject_S017,1,0.30394023444862045,,0.3945044287203745,,0.001
LSTM5_74baa8a4,LSTM5,loso_subject_S017,2,0.055245370311841804,,0.175128965884073,,0.001
LSTM5_74baa8a4,LSTM5,loso_subject_S017,3,0.03588839019473377,,0.1408032573541338,,0.001
LSTM5_74baa8a4,LSTM5,loso_subject_S017,4,0.029842311048794493,,0.12795855666054842,,0.001
LSTM5_74baa8a4,LSTM5,loso_subject_S017,5,0.024622684664182583,,0.1172999449417182,,0.001
LSTM5_74baa8a4,LSTM5,loso_subject_S017,6,0.022433645134815113,,0.11140190607334281,,0.001
LSTM5_74baa8a4,LSTM5,loso_subject_S017,7,0.020818442760900474,,0.10743615907231135,,0.001
LSTM5_74baa8a4,LSTM5,loso_subject_S017,8,0.019977472434171074,,0.105465848700272,,0.001
LSTM5_74baa8a4,LSTM5,loso_subject_S017,9,0.019412311869498076,,0.10534220213795306,,0.001
LSTM5_74baa8a4,LSTM5,loso_subject_S017,10,0.017834344574846485,,0.09867881014007904,,0.001
LSTM5_74baa8a4,LSTM5,loso_subject_S017,11,0.01781398754286342,,0.09851761907339096,,0.001
LSTM5_74baa8a4,LSTM5,loso_subject_S017,12,0.016014011265031963,,0.09341539548530738,,0.001
LSTM5_74baa8a4,LSTM5,loso_subject_S017,13,0.016231083135786913,,0.09544915525110197,,0.001
LSTM5_74baa8a4,LSTM5,loso_subject_S017,14,0.015049364125535328,,0.09238882294259809,,0.001
LSTM5_74baa8a4,LSTM5,loso_subject_S017,15,0.014685448909871997,,0.08912871126475194,,0.001
LSTM5_74baa8a4,LSTM5,loso_subject_S017,16,0.015516169186073616,,0.09224556224366112,,0.001
LSTM5_74baa8a4,LSTM5,loso_subject_S017,17,0.014323641300575504,,0.08878903792368319,,0.001
LSTM5_74baa8a4,LSTM5,loso_subject_S017,18,0.013115445319485216,,0.08568857613343075,,0.001
LSTM5_74baa8a4,LSTM5,loso_subject_S017,19,0.013838477417140825,,0.08688861390412103,,0.001
LSTM5_74baa8a4,LSTM5,loso_subject_S017,20,0.013946953693319065,,0.08558599329767866,,0.001
LSTM5_74baa8a4,LSTM5,loso_subject_S017,21,0.013275343726026713,,0.0851090905494271,,0.001
LSTM5_74baa8a4,LSTM5,loso_subject_S017,22,0.012898218798525164,,0.08378917801829062,,0.001
LSTM5_74baa8a4,LSTM5,loso_subject_S017,23,0.01230313675088426,,0.08099595691120276,,0.001
LSTM5_74baa8a4,LSTM5,loso_subject_S017,24,0.012448941864010929,,0.08202008008333429,,0.001
LSTM5_74baa8a4,LSTM5,loso_subject_S017,25,0.01191005200560684,,0.08020307996532408,,0.001
LSTM5_74baa8a4,LSTM5,loso_subject_S017,26,0.011646857415033683,,0.0795566210811607,,0.001
LSTM5_74baa8a4,LSTM5,loso_subject_S017,27,0.012546584547875316,,0.08203098143618476,,0.001
LSTM5_74baa8a4,LSTM5,loso_subject_S017,28,0.012152566440076135,,0.07974674047660628,,0.001
LSTM5_74baa8a4,LSTM5,loso_subject_S017,29,0.012411530799852006,,0.08203138370518905,,0.001
LSTM5_74baa8a4,LSTM5,loso_subject_S017,30,0.011746963213303098,,0.07889788245556245,,0.001
LSTM5_74baa8a4,LSTM5,loso_subject_S017,31,0.011809018452234846,,0.07916491251111529,,0.001
LSTM5_74baa8a4,LSTM5,loso_subject_S017,32,0.011766018786284464,,0.07907311852132926,,0.001
LSTM5_74baa8a4,LSTM5,loso_subject_S017,33,0.012297179834395024,,0.08185412348189613,,0.001
LSTM5_74baa8a4,LSTM5,loso_subject_S017,34,0.011904671612862015,,0.07963510633886609,,0.001
LSTM5_74baa8a4,LSTM5,loso_subject_S017,35,0.01115585443520895,,0.07657718621038492,,0.001
LSTM5_74baa8a4,LSTM5,loso_subject_S017,36,0.011927794259836484,,0.07910687159980691,,0.001
LSTM5_74baa8a4,LSTM5,loso_subject_S017,37,0.011984853872787754,,0.0786943724339976,,0.001
LSTM5_74baa8a4,LSTM5,loso_subject_S017,38,0.011157039677622927,,0.0777773049398945,,0.001
LSTM5_74baa8a4,LSTM5,loso_subject_S017,39,0.01150110422021799,,0.07836480183082645,,0.001
LSTM5_74baa8a4,LSTM5,loso_subject_S017,40,0.010877974156025315,,0.07590964801266602,,0.001
LSTM5_74baa8a4,LSTM5,loso_subject_S017,41,0.011174901902956195,,0.07709537368563928,,0.001
LSTM5_74baa8a4,LSTM5,loso_subject_S017,42,0.011575174073700376,,0.07785398397734973,,0.001
LSTM5_74baa8a4,LSTM5,loso_subject_S017,43,0.010954568076832025,,0.07543358537193123,,0.001
LSTM5_74baa8a4,LSTM5,loso_subject_S017,44,0.011271690532845683,,0.07775031307626469,,0.001
LSTM5_74baa8a4,LSTM5,loso_subject_S017,45,0.011810370481272996,,0.07781268770038832,,0.001
LSTM5_74baa8a4,LSTM5,loso_subject_S017,46,0.010888493288635708,,0.07516578647257394,,0.001
LSTM5_74baa8a4,LSTM5,loso_subject_S017,47,0.011773067865536302,,0.07887639423294546,,0.001
LSTM5_74baa8a4,LSTM5,loso_subject_S017,48,0.011172103722848653,,0.07571923595592067,,0.001
LSTM5_74baa8a4,LSTM5,loso_subject_S017,49,0.010380015369489104,,0.07447790591412508,,0.001
LSTM5_74baa8a4,LSTM5,loso_subject_S017,50,0.010779911118353011,,0.07389642260812815,,0.001
LSTM5_74baa8a4,LSTM5,loso_subject_S017,51,0.01047314058163176,,0.0749005320867734,,0.001
LSTM5_74baa8a4,LSTM5,loso_subject_S017,52,0.01126233145407553,,0.07650866359472275,,0.001
LSTM5_74baa8a4,LSTM5,loso_subject_S017,53,0.011429549553373119,,0.07762857641884473,,0.001
LSTM5_74baa8a4,LSTM5,loso_subject_S017,54,0.010032616645315951,,0.07217211257588414,,0.001
LSTM5_74baa8a4,LSTM5,loso_subject_S017,55,0.011080273606319557,,0.07626888664073027,,0.001
LSTM5_74baa8a4,LSTM5,loso_subject_S017,56,0.010612526846168929,,0.07418299357262616,,0.001
LSTM5_74baa8a4,LSTM5,loso_subject_S017,57,0.009760327956728855,,0.07221694605495142,,0.001
LSTM5_74baa8a4,LSTM5,loso_subject_S017,58,0.009993170158134843,,0.0719621952420498,,0.001
LSTM5_74baa8a4,LSTM5,loso_subject_S017,59,0.010220192499443203,,0.07257178672063301,,0.001
LSTM5_74baa8a4,LSTM5,loso_subject_S017,60,0.010159770474928942,,0.07326304064634953,,0.001
LSTM5_74baa8a4,LSTM5,loso_subject_S017,61,0.009672625644997573,,0.07122666896885908,,0.001
LSTM5_74baa8a4,LSTM5,loso_subject_S017,62,0.010771754710198572,,0.07510960042850742,,0.001
LSTM5_74baa8a4,LSTM5,loso_subject_S017,63,0.01070187928225206,,0.07461362989876559,,0.001
LSTM5_74baa8a4,LSTM5,loso_subject_S017,64,0.010941811202086165,,0.07620105518332086,,0.001
LSTM5_74baa8a4,LSTM5,loso_subject_S017,65,0.009554456588208176,,0.07052519758500814,,0.001
LSTM5_74baa8a4,LSTM5,loso_subject_S017,66,0.010386848572844241,,0.07466773342762033,,0.001
LSTM5_74baa8a4,LSTM5,loso_subject_S017,67,0.010733770500775036,,0.07350372833250457,,0.001
LSTM5_74baa8a4,LSTM5,loso_subject_S017,68,0.009681631766150561,,0.07211056928380263,,0.001
LSTM5_74baa8a4,LSTM5,loso_subject_S017,69,0.010638511996856543,,0.07440025995341305,,0.001
LSTM5_74baa8a4,LSTM5,loso_subject_S017,70,0.010376620090812071,,0.07412726257510764,,0.001
LSTM5_74baa8a4,LSTM5,loso_subject_S017,71,0.009938372123721504,,0.07100109678057946,,0.001
LSTM5_74baa8a4,LSTM5,loso_subject_S017,72,0.010324288617476633,,0.07169962541889945,,0.001
LSTM5_74baa8a4,LSTM5,loso_subject_S017,73,0.010052268175119885,,0.07225108224602424,,0.001
LSTM5_74baa8a4,LSTM5,loso_subject_S017,74,0.010653122230803119,,0.07347471747064191,,0.001
LSTM5_74baa8a4,LSTM5,loso_subject_S017,75,0.010956233414084842,,0.0764340691299618,,0.001
LSTM5_74baa8a4,LSTM5,loso_subject_S017,76,0.010477656342681482,,0.07339674200098883,,0.001
LSTM5_74baa8a4,LSTM5,loso_subject_S017,77,0.010402704222774655,,0.07280053095463429,,0.001
LSTM5_74baa8a4,LSTM5,loso_subject_S017,78,0.010560564207747017,,0.073814489664393,,0.001
LSTM5_74baa8a4,LSTM5,loso_subject_S017,79,0.010374880442590644,,0.07339913993450388,,0.001
LSTM5_74baa8a4,LSTM5,loso_subject_S017,80,0.009986782037345186,,0.0712988029962803,,0.001
LSTM5_74baa8a4,LSTM5,loso_subject_S018,1,0.2653979458685579,,0.361190539355562,,0.001
LSTM5_74baa8a4,LSTM5,loso_subject_S018,2,0.05155130395570394,,0.16976423301542315,,0.001
LSTM5_74baa8a4,LSTM5,loso_subject_S018,3,0.03575554644628627,,0.14062856597088222,,0.001
LSTM5_74baa8a4,LSTM5,loso_subject_S018,4,0.028189249819411254,,0.12467213431246726,,0.001
LSTM5_74baa8a4,LSTM5,loso_subject_S018,5,0.025132353640431024,,0.1176521611033064,,0.001
LSTM5_74baa8a4,LSTM5,loso_subject_S018,6,0.023375422646103733,,0.11385422505928805,,0.001
LSTM5_74baa8a4,LSTM5,loso_subject_S018,7,0.020232823438934646,,0.1067948913047929,,0.001
LSTM5_74baa8a4,LSTM5,loso_subject_S018,8,0.02018963026861848,,0.10465560837132057,,0.001
LSTM5_74baa8a4,LSTM5,loso_subject_S018,9,0.01830156256085653,,0.10149680264878048,,0.001
LSTM5_74baa8a4,LSTM5,loso_subject_S018,10,0.017133676747683447,,0.09783451013119118,,0.001
LSTM5_74baa8a4,LSTM5,loso_subject_S018,11,0.01615497827736219,,0.09400588003071872,,0.001
LSTM5_74baa8a4,LSTM5,loso_subject_S018,12,0.015585080024668541,,0.09338839711035556,,0.001
LSTM5_74baa8a4,LSTM5,loso_subject_S018,13,0.013908274383201432,,0.08787568461620944,,0.001
LSTM5_74baa8a4,LSTM5,loso_subject_S018,14,0.015293417614276444,,0.09159292956442419,,0.001
LSTM5_74baa8a4,LSTM5,loso_subject_S018,15,0.014371138247062794,,0.08884093799903724,,0.001
LSTM5_74baa8a4,LSTM5,loso_subject_S018,16,0.0143146980505207,,0.08784241334397964,,0.001
LSTM5_74baa8a4,LSTM5,loso_subject_S018,17,0.01345048400270777,,0.08546756908624524,,0.001
LSTM5_74baa8a4,LSTM5,loso_subject_S018,18,0.014013419965186713,,0.08825138917381611,,0.001
LSTM5_74baa8a4,LSTM5,loso_subject_S018,19,0.013169244575521509,,0.08394194111352554,,0.001
LSTM5_74baa8a4,LSTM5,loso_subject_S018,20,0.013877107414379015,,0.08546673383489796,,0.001
LSTM5_74baa8a4,LSTM5,loso_subject_S018,21,0.01293887607870057,,0.08406432411295742,,0.001
LSTM5_74baa8a4,LSTM5,loso_subject_S018,22,0.01299067893208568,,0.08350955666108066,,0.001
LSTM5_74baa8a4,LSTM5,loso_subject_S018,23,0.013331126747701547,,0.0852184700336825,,0.001
LSTM5_74baa8a4,LSTM5,loso_subject_S018,24,0.013355170460291355,,0.08538002059906877,,0.001
LSTM5_74baa8a4,LSTM5,loso_subject_S018,25,0.01330044081039501,,0.08548946680974064,,0.001
LSTM5_74baa8a4,LSTM5,loso_subject_S018,26,0.012691544090536818,,0.08194888978729427,,0.001
LSTM5_74baa8a4,LSTM5,loso_subject_S018,27,0.012132845346036376,,0.08150677311320788,,0.001
LSTM5_74baa8a4,LSTM5,loso_subject_S018,28,0.012445708321234213,,0.08152798633310114,,0.001
LSTM5_74baa8a4,LSTM5,loso_subject_S018,29,0.011669168252665297,,0.07955703468625448,,0.001
LSTM5_74baa8a4,LSTM5,loso_subject_S018,30,0.011807878633091068,,0.07873730765521339,,0.001
LSTM5_74baa8a4,LSTM5,loso_subject_S018,31,0.01207688756777575,,0.08052724571810994,,0.001
LSTM5_74baa8a4,LSTM5,loso_subject_S018,32,0.011681780945062014,,0.07965889957693552,,0.001
LSTM5_74baa8a4,LSTM5,loso_subject_S018,33,0.011968768521940945,,0.07893018606688161,,0.001
LSTM5_74baa8a4,LSTM5,loso_subject_S018,34,0.011370411162170248,,0.07828141737227155,,0.001
LSTM5_74baa8a4,LSTM5,loso_subject_S018,35,0.011364035316146404,,0.07768754617874525,,0.001
LSTM5_74baa8a4,LSTM5,loso_subject_S018,36,0.010919313392696304,,0.0754204720819258,,0.001
LSTM5_74baa8a4,LSTM5,loso_subject_S018,37,0.011305263826512618,,0.07591375086530498,,0.001
LSTM5_74baa8a4,LSTM5,loso_subject_S018,38,0.011558362752853142,,0.07756593069810977,,0.001
LSTM5_74baa8a4,LSTM5,loso_subject_S018,39,0.012284431412870545,,0.08122861651604452,,0.001
LSTM5_74baa8a4,LSTM5,loso_subject_S018,40,0.011573179624974728,,0.07928167668131327,,0.001
LSTM5_74baa8a4,LSTM5,loso_subject_S018,41,0.010880196472880983,,0.07660503592050187,,0.001
LSTM5_74baa8a4,LSTM5,loso_subject_S018,42,0.011134184858992369,,0.07616876163047932,,0.001
LSTM5_74baa8a4,LSTM5,loso_subject_S018,43,0.01099666518080384,,0.07601033330212816,,0.001
LSTM5_74baa8a4,LSTM5,loso_subject_S018,44,0.01106197671437307,,0.07626626742546337,,0.001
LSTM5_74baa8a4,LSTM5,loso_subject_S018,45,0.011001609318355407,,0.07492422268121594,,0.001
LSTM5_74baa8a4,LSTM5,loso_subject_S018,46,0.010743802155454642,,0.07467357175134691,,0.001
LSTM5_74baa8a4,LSTM5,loso_subject_S018,47,0.010022106705975009,,0.07360755898595604,,0.001
LSTM5_74baa8a4,LSTM5,loso_subject_S018,48,0.010883716831339938,,0.07590645431787119,,0.001
LSTM5_74baa8a4,LSTM5,loso_subject_S018,49,0.011244671921418004,,0.07592774331258258,,0.001
LSTM5_74baa8a4,LSTM5,loso_subject_S018,50,0.01080718482362813,,0.07529825331835911,,0.001
LSTM5_74baa8a4,LSTM5,loso_subject_S018,51,0.010548586901686035,,0.07376235388725404,,0.001
LSTM5_74baa8a4,LSTM5,loso_subject_S018,52,0.010449124705494073,,0.07453045522251099,,0.001
LSTM5_74baa8a4,LSTM5,loso_subject_S018,53,0.010110113410670368,,0.0732437049971977,,0.001
LSTM5_74baa8a4,LSTM5,loso_subject_S018,54,0.010441650965425226,,0.07422407387970882,,0.001
LSTM5_74baa8a4,LSTM5,loso_subject_S018,55,0.010082711457871407,,0.07353651375668425,,0.001
LSTM5_74baa8a4,LSTM5,loso_subject_S018,56,0.010731948971701639,,0.07368537936215615,,0.001
LSTM5_74baa8a4,LSTM5,loso_subject_S018,57,0.010047528914165223,,0.07232943350836525,,0.001
LSTM5_74baa8a4,LSTM5,loso_subject_S018,58,0.010718047402822485,,0.07493628893931209,,0.001
LSTM5_74baa8a4,LSTM5,loso_subject_S018,59,0.010668696475564624,,0.07472129080487394,,0.001
LSTM5_74baa8a4,LSTM5,loso_subject_S018,60,0.011060251242236906,,0.0769239614796489,,0.001
LSTM5_74baa8a4,LSTM5,loso_subject_S018,61,0.010592976989868792,,0.07398299334907482,,0.001
LSTM5_74baa8a4,LSTM5,loso_subject_S018,62,0.009488228569342488,,0.07017359511231927,,0.001
LSTM5_74baa8a4,LSTM5,loso_subject_S018,63,0.009926052073108241,,0.07200292892590586,,0.001
LSTM5_74baa8a4,LSTM5,loso_subject_S018,64,0.01058814584841035,,0.07448622484690468,,0.001
LSTM5_74baa8a4,LSTM5,loso_subject_S018,65,0.010543336113768871,,0.07336581851060861,,0.001
LSTM5_74baa8a4,LSTM5,loso_subject_S018,66,0.011457155400239002,,0.07589715205389878,,0.001
LSTM5_74baa8a4,LSTM5,loso_subject_S018,67,0.009981072319977087,,0.07311054327707181,,0.001
LSTM5_74baa8a4,LSTM5,loso_subject_S018,68,0.009526159348162894,,0.06966964052668934,,0.001
LSTM5_74baa8a4,LSTM5,loso_subject_S018,69,0.010101968409880887,,0.07304840963119748,,0.001
LSTM5_74baa8a4,LSTM5,loso_subject_S018,70,0.009539679289370183,,0.0711097801600504,,0.001
LSTM5_74baa8a4,LSTM5,loso_subject_S018,71,0.009802203389933739,,0.07057549526512062,,0.001
LSTM5_74baa8a4,LSTM5,loso_subject_S018,72,0.010505068925566496,,0.07365578682772045,,0.001
LSTM5_74baa8a4,LSTM5,loso_subject_S018,73,0.010451731676880033,,0.07463512800890824,,0.001
LSTM5_74baa8a4,LSTM5,loso_subject_S018,74,0.009534289017163973,,0.07034953834650534,,0.001
LSTM5_74baa8a4,LSTM5,loso_subject_S018,75,0.009439982966760265,,0.07127788025290241,,0.001
LSTM5_74baa8a4,LSTM5,loso_subject_S018,76,0.01040462668412905,,0.07283519132913342,,0.001
LSTM5_74baa8a4,LSTM5,loso_subject_S018,77,0.010727518935402702,,0.07511607476567525,,0.001
LSTM5_74baa8a4,LSTM5,loso_subject_S018,78,0.010007493016908535,,0.07240717801243035,,0.001
LSTM5_74baa8a4,LSTM5,loso_subject_S018,79,0.009912063330684399,,0.07106041707012845,,0.001
LSTM5_74baa8a4,LSTM5,loso_subject_S018,80,0.010247465777780195,,0.07301465649247293,,0.001
LSTM5_74baa8a4,LSTM5,loso_subject_S019,1,0.31288590260205956,,0.39157629181029524,,0.001
LSTM5_74baa8a4,LSTM5,loso_subject_S019,2,0.059247117757525294,,0.1808129748588471,,0.001
LSTM5_74baa8a4,LSTM5,loso_subject_S019,3,0.03772296185314783,,0.1445976728098532,,0.001
LSTM5_74baa8a4,LSTM5,loso_subject_S019,4,0.0304314066849397,,0.1301046673146487,,0.001
LSTM5_74baa8a4,LSTM5,loso_subject_S019,5,0.025945381285903662,,0.1193487342732988,,0.001
LSTM5_74baa8a4,LSTM5,loso_subject_S019,6,0.024099320008294976,,0.11649814915957786,,0.001
LSTM5_74baa8a4,LSTM5,loso_subject_S019,7,0.021267380561405654,,0.10901609355492804,,0.001
LSTM5_74baa8a4,LSTM5,loso_subject_S019,8,0.018124852928378475,,0.10207033383705509,,0.001
LSTM5_74baa8a4,LSTM5,loso_subject_S019,9,0.018069842718321665,,0.1011646115773478,,0.001
LSTM5_74baa8a4,LSTM5,loso_subject_S019,10,0.017874879231631467,,0.0987132100675353,,0.001
LSTM5_74baa8a4,LSTM5,loso_subject_S019,11,0.017267636079951056,,0.09754973220060541,,0.001
LSTM5_74baa8a4,LSTM5,loso_subject_S019,12,0.016205268501595534,,0.09476306092271994,,0.001
LSTM5_74baa8a4,LSTM5,loso_subject_S019,13,0.016235406025124376,,0.09348527853983547,,0.001
LSTM5_74baa8a4,LSTM5,loso_subject_S019,14,0.016228907859083853,,0.09337173509489,,0.001
LSTM5_74baa8a4,LSTM5,loso_subject_S019,15,0.015014696084422829,,0.09078815071511127,,0.001
LSTM5_74baa8a4,LSTM5,loso_subject_S019,16,0.014581892513422574,,0.08938046430012134,,0.001
LSTM5_74baa8a4,LSTM5,loso_subject_S019,17,0.012767917160654637,,0.08332440997331422,,0.001
LSTM5_74baa8a4,LSTM5,loso_subject_S019,18,0.014511206937664885,,0.08890550243665758,,0.001
LSTM5_74baa8a4,LSTM5,loso_subject_S019,19,0.013414773741118127,,0.08583796130702244,,0.001
LSTM5_74baa8a4,LSTM5,loso_subject_S019,20,0.0136852467375629,,0.08650642050749117,,0.001
LSTM5_74baa8a4,LSTM5,loso_subject_S019,21,0.013133880044661074,,0.08492865330843086,,0.001
LSTM5_74baa8a4,LSTM5,loso_subject_S019,22,0.013549196572351443,,0.08496720540590716,,0.001
LSTM5_74baa8a4,LSTM5,loso_subject_S019,23,0.01290627499398442,,0.08470754555745977,,0.001
LSTM5_74baa8a4,LSTM5,loso_subject_S019,24,0.01311249690959195,,0.08435859073651329,,0.001
LSTM5_74baa8a4,LSTM5,loso_subject_S019,25,0.013005048763936749,,0.08483391964605146,,0.001
LSTM5_74baa8a4,LSTM5,loso_subject_S019,26,0.011953275031357668,,0.08045630275371314,,0.001
LSTM5_74baa8a4,LSTM5,loso_subject_S019,27,0.013495869179702675,,0.08517112779284573,,0.001
LSTM5_74baa8a4,LSTM5,loso_subject_S019,28,0.012500345374003125,,0.08210617009904266,,0.001
LSTM5_74baa8a4,LSTM5,loso_subject_S019,29,0.012157068830293414,,0.0806643590691009,,0.001
LSTM5_74baa8a4,LSTM5,loso_subject_S019,30,0.01254528812100282,,0.08052290233788922,,0.001
LSTM5_74baa8a4,LSTM5,loso_subject_S019,31,0.011842044346810379,,0.0794670719191456,,0.001
LSTM5_74baa8a4,LSTM5,loso_subject_S019,32,0.011179991990029892,,0.0771857884902981,,0.001
LSTM5_74baa8a4,LSTM5,loso_subject_S019,33,0.01118069217013924,,0.07639843602407317,,0.001
LSTM5_74baa8a4,LSTM5,loso_subject_S019,34,0.011786356438861154,,0.0786594556733542,,0.001
LSTM5_74baa8a4,LSTM5,loso_subject_S019,35,0.011643446906171319,,0.07823898695845215,,0.001
LSTM5_74baa8a4,LSTM5,loso_subject_S019,36,0.011739521033929935,,0.07906603500031043,,0.001
LSTM5_74baa8a4,LSTM5,loso_subject_S019,37,0.011407315585326346,,0.0769934390006178,,0.001
LSTM5_74baa8a4,LSTM5,loso_subject_S019,38,0.011797039535634471,,0.077582320921279,,0.001
LSTM5_74baa8a4,LSTM5,loso_subject_S019,39,0.01153486087154427,,0.07838928939647656,,0.001
LSTM5_74baa8a4,LSTM5,loso_subject_S019,40,0.012343651795048932,,0.08005278442760852,,0.001
LSTM5_74baa8a4,LSTM5,loso_subject_S019,41,0.012209464094021183,,0.07980817988698866,,0.001
LSTM5_74baa8a4,LSTM5,loso_subject_S019,42,0.011762196242222408,,0.07763678753289624,,0.001
LSTM5_74baa8a4,LSTM5,loso_subject_S019,43,0.011124847250852096,,0.07623091451243821,,0.001
LSTM5_74baa8a4,LSTM5,loso_subject_S019,44,0.010999225220986418,,0.07604616057773592,,0.001
LSTM5_74baa8a4,LSTM5,loso_subject_S019,45,0.011273448523963834,,0.07637973930396767,,0.001
LSTM5_74baa8a4,LSTM5,loso_subject_S019,46,0.010937665850603958,,0.07499775364475102,,0.001
LSTM5_74baa8a4,LSTM5,loso_subject_S019,47,0.011138699680838736,,0.07545451399576773,,0.001
LSTM5_74baa8a4,LSTM5,loso_subject_S019,48,0.011812569852968377,,0.07855479596997549,,0.001
LSTM5_74baa8a4,LSTM5,loso_subject_S019,49,0.011384440640960402,,0.07691523797862068,,0.001
LSTM5_74baa8a4,LSTM5,loso_subject_S019,50,0.011334231150573018,,0.0771013277368365,,0.001
LSTM5_74baa8a4,LSTM5,loso_subject_S019,51,0.010826872557729595,,0.07454272158847851,,0.001
LSTM5_74baa8a4,LSTM5,loso_subject_S019,52,0.011099246835962969,,0.07687254136271267,,0.001
LSTM5_74baa8a4,LSTM5,loso_subject_S019,53,0.009997984714370163,,0.07194317795308251,,0.001
LSTM5_74baa8a4,LSTM5,loso_subject_S019,54,0.010726925139117964,,0.07496700930382638,,0.001
LSTM5_74baa8a4,LSTM5,loso_subject_S019,55,0.010608436087105409,,0.07378607607830037,,0.001
LSTM5_74baa8a4,LSTM5,loso_subject_S019,56,0.009854539273775638,,0.07233466651496616,,0.001
LSTM5_74baa8a4,LSTM5,loso_subject_S019,57,0.010445630511791874,,0.07445967243009527,,0.001
LSTM5_74baa8a4,LSTM5,loso_subject_S019,58,0.0115417490562827,,0.07596238909696164,,0.001
LSTM5_74baa8a4,LSTM5,loso_subject_S019,59,0.011054706287590794,,0.07569227039702017,,0.001
LSTM5_74baa8a4,LSTM5,loso_subject_S019,60,0.01053075619607812,,0.07425686150341346,,0.001
LSTM5_74baa8a4,LSTM5,loso_subject_S019,61,0.010372104564650654,,0.0737512573055919,,0.001
LSTM5_74baa8a4,LSTM5,loso_subject_S019,62,0.010335752088126642,,0.07364639273924144,,0.001
LSTM5_74baa8a4,LSTM5,loso_subject_S019,63,0.010362844834463113,,0.07306064387370487,,0.001
LSTM5_74baa8a4,LSTM5,loso_subject_S019,64,0.010491468452249108,,0.07334206503642482,,0.001
LSTM5_74baa8a4,LSTM5,loso_subject_S019,65,0.010985689149230671,,0.07419491629653635,,0.001
LSTM5_74baa8a4,LSTM5,loso_subject_S019,66,0.011092742253644807,,0.07562695281661075,,0.001
LSTM5_74baa8a4,LSTM5,loso_subject_S019,67,0.01042589725765549,,0.07315423826312609,,0.001
LSTM5_74baa8a4,LSTM5,loso_subject_S019,68,0.010094518029399445,,0.07322303578457523,,0.001
LSTM5_74baa8a4,LSTM5,loso_subject_S019,69,0.010111324733070193,,0.07296093930832749,,0.001
LSTM5_74baa8a4,LSTM5,loso_subject_S019,70,0.010348715251026715,,0.0729854460955626,,0.001
LSTM5_74baa8a4,LSTM5,loso_subject_S019,71,0.009936160803385084,,0.07194634508171584,,0.001
LSTM5_74baa8a4,LSTM5,loso_subject_S019,72,0.010776475643298188,,0.07390693212412917,,0.001
LSTM5_74baa8a4,LSTM5,loso_subject_S019,73,0.010504463603805053,,0.07171261380164136,,0.001
LSTM5_74baa8a4,LSTM5,loso_subject_S019,74,0.011071857907801819,,0.07427009513428694,,0.001
LSTM5_74baa8a4,LSTM5,loso_subject_S019,75,0.00993128501901616,,0.07196584631855361,,0.001
LSTM5_74baa8a4,LSTM5,loso_subject_S019,76,0.010477159050319762,,0.07313540073584564,,0.001
LSTM5_74baa8a4,LSTM5,loso_subject_S019,77,0.011021455820855824,,0.07558215945415195,,0.001
LSTM5_74baa8a4,LSTM5,loso_subject_S019,78,0.011107038917000966,,0.07646031456565064,,0.001
LSTM5_74baa8a4,LSTM5,loso_subject_S019,79,0.010501494912867561,,0.07298489785800681,,0.001
LSTM5_74baa8a4,LSTM5,loso_subject_S019,80,0.010559249513093193,,0.07308957334637833,,0.001
