model_id,architecture_id,fold_id,epoch,train_loss,val_loss,train_mae,val_mae,lr
TCN1_c3e92e3b,TCN1,loso_subject_S001,1,0.22511231103895646,,0.32196687908489746,,0.001
TCN1_c3e92e3b,TCN1,loso_subject_S001,2,0.0345614291048388,,0.13471089995728402,,0.0009996530663083252
TCN1_c3e92e3b,TCN1,loso_subject_S001,3,0.019759898839278207,,0.10262105247706356,,0.0009986128001799074
TCN1_c3e92e3b,TCN1,loso_subject_S001,4,0.012002976199361741,,0.08090629807442608,,0.0009968808056297167
TCN1_c3e92e3b,TCN1,loso_subject_S001,5,0.00881331090002266,,0.06868745023378402,,0.0009944597532678117
TCN1_c3e92e3b,TCN1,loso_subject_S001,6,0.007798586107078615,,0.06457937686156373,,0.0009913533761814533
TCN1_c3e92e3b,TCN1,loso_subject_S001,7,0.005838620521701686,,0.055929850487593136,,0.000987566464178954
TCN1_c3e92e3b,TCN1,loso_subject_S001,8,0.005797086050891136,,0.055018934492301004,,0.0009831048564041408
TCN1_c3e92e3b,TCN1,loso_subject_S001,9,0.00459802334318233,,0.04860748320687147,,0.0009779754323328187
TCN1_c3e92e3b,TCN1,loso_subject_S001,10,0.003587377859923453,,0.0440784670804941,,0.0009721861011651174
TCN1_c3e92e3b,TCN1,loso_subject_S001,11,0.003461389032687431,,0.042624467004098096,,0.0009657457896300785
TCN1_c3e92e3b,TCN1,loso_subject_S001,12,0.002785456489226394,,0.03797504389853513,,0.000958664428221286
TCN1_c3e92e3b,TCN1,loso_subject_S001,13,0.0028287253349171767,,0.03780154818335672,,0.000950952935884765
TCN1_c3e92e3b,TCN1,loso_subject_S001,14,0.002535394057810714,,0.03569181183834763,,0.0009426232031827582
TCN1_c3e92e3b,TCN1,loso_subject_S001,15,0.002257554908204449,,0.033565949706472635,,0.0009336880739593409
TCN1_c3e92e3b,TCN1,loso_subject_S001,16,0.0020341919143957755,,0.032343913181600015,,0.0009241613255361449
TCN1_c3e92e3b,TCN1,loso_subject_S001,17,0.0020043045550567186,,0.031967057371707,,0.0009140576474687258
TCN1_c3e92e3b,TCN1,loso_subject_S001,18,0.0018040019060452993,,0.0309142764484174,,0.0009033926188963346
TCN1_c3e92e3b,TCN1,loso_subject_S001,19,0.00183181868014627,,0.030123208256427055,,0.0008921826845200134
TCN1_c3e92e3b,TCN1,loso_subject_S001,20,0.0018339259490234919,,0.030180820591551562,,0.000880445129246058
TCN1_c3e92e3b,TCN1,loso_subject_S001,21,0.0015038185534246673,,0.026743809956048567,,0.0008681980515339459
TCN1_c3e92e3b,TCN1,loso_subject_S001,22,0.001423763014234044,,0.027157974944454363,,0.0008554603354898234
TCN1_c3e92e3b,TCN1,loso_subject_S001,23,0.0013936811485525868,,0.02612669157602552,,0.0008422516217485822
TCN1_c3e92e3b,TCN1,loso_subject_S001,24,0.0013593993246225813,,0.026062469843933504,,0.0008285922771894248
TCN1_c3e92e3b,TCN1,loso_subject_S001,25,0.001234180768678225,,0.02459783124398493,,0.0008145033635316124
TCN1_c3e92e3b,TCN1,loso_subject_S001,26,0.0011438834873577712,,0.02363503979900091,,0.0008000066048588205
TCN1_c3e92e3b,TCN1,loso_subject_S001,27,0.0011994888066914082,,0.02461318307223552,,0.0007851243541221765
TCN1_c3e92e3b,TCN1,loso_subject_S001,28,0.0011135415362092307,,0.02316151456221948,,0.0007698795586736293
TCN1_c3e92e3b,TCN1,loso_subject_S001,29,0.0011073628337604196,,0.023566121405278567,,0.0007542957248827956
TCN1_c3e92e3b,TCN1,loso_subject_S001,30,0.0009895939107010848,,0.02210677465188753,,0.0007383968818918422
TCN1_c3e92e3b,TCN1,loso_subject_S001,31,0.000962841702563214,,0.021680290269326472,,0.00072220754456429
TCN1_c3e92e3b,TCN1,loso_subject_S001,32,0.0009593248915703556,,0.0214192453774345,,0.0007057526756848715
TCN1_c3e92e3b,TCN1,loso_subject_S001,33,0.000884975067177595,,0.020463036251261297,,0.000689057647468726
TCN1_c3e92e3b,TCN1,loso_subject_S001,34,0.0008825082484391253,,0.02060370134525529,,0.000672148202439283
TCN1_c3e92e3b,TCN1,loso_subject_S001,35,0.0008062106340198861,,0.019673906132116017,,0.0006550504137351571
TCN1_c3e92e3b,TCN1,loso_subject_S001,36,0.0008339201489898611,,0.01939723387380696,,0.0006377906449072574
TCN1_c3e92e3b,TCN1,loso_subject_S001,37,0.0007753833595589105,,0.019527541034572597,,0.0006203955092681036
TCN1_c3e92e3b,TCN1,loso_subject_S001,38,0.000872548648569221,,0.020593062839310446,,0.0006028918288560267
TCN1_c3e92e3b,TCN1,loso_subject_S001,39,0.0008068631334289415,,0.0196832756623173,,0.00058530659307753
TCN1_c3e92e3b,TCN1,loso_subject_S001,40,0.000819829378747441,,0.019681688793038776,,0.0005676669170915806
TCN1_c3e92e3b,TCN1,loso_subject_S001,41,0.0007312059679001338,,0.01885688962926742,,0.0005499999999999997
TCN1_c3e92e3b,TCN1,loso_subject_S001,42,0.000695751083722045,,0.01775977547751497,,0.000532333082908419
TCN1_c3e92e3b,TCN1,loso_subject_S001,43,0.0007001057982974253,,0.01792605482243067,,0.0005146934069224697
TCN1_c3e92e3b,TCN1,loso_subject_S001,44,0.0007233061189793118,,0.018214706975430914,,0.000497108171143973
TCN1_c3e92e3b,TCN1,loso_subject_S001,45,0.0006361286834877167,,0.01679247927617415,,0.00047960449073189616
TCN1_c3e92e3b,TCN1,loso_subject_S001,46,0.0006271731292168313,,0.017052648887088538,,0.00046220935509274226
TCN1_c3e92e3b,TCN1,loso_subject_S001,47,0.0006246625422279977,,0.016908192828518968,,0.00044494958626484254
TCN1_c3e92e3b,TCN1,loso_subject_S001,48,0.0006537551916258474,,0.01736673054201711,,0.00042785179756071645
TCN1_c3e92e3b,TCN1,loso_subject_S001,49,0.0006016521648756007,,0.016574971853257996,,0.0004109423525312737
TCN1_c3e92e3b,TCN1,loso_subject_S001,50,0.0006377910677932208,,0.016648620826108563,,0.0003942473243151282
TCN1_c3e92e3b,TCN1,loso_subject_S001,51,0.000594381153458386,,0.01691500246927273,,0.0003777924554357096
TCN1_c3e92e3b,TCN1,loso_subject_S001,52,0.0005402418033010468,,0.015622854045391646,,0.0003616031181081575
TCN1_c3e92e3b,TCN1,loso_subject_S001,53,0.0005806853716776711,,0.016828798318557204,,0.000345704275117204
TCN1_c3e92e3b,TCN1,loso_subject_S001,54,0.0005211860905898198,,0.015362570352807067,,0.00033012044132637024
TCN1_c3e92e3b,TCN1,loso_subject_S001,55,0.0005023105162828481,,0.015234834413313931,,0.00031487564587782306
TCN1_c3e92e3b,TCN1,loso_subject_S001,56,0.0005350081537140233,,0.015374857568855546,,0.00029999339514117897
TCN1_c3e92e3b,TCN1,loso_subject_S001,57,0.0005374370828418062,,0.015282863569945841,,0.0002854966364683872
TCN1_c3e92e3b,TCN1,loso_subject_S001,58,0.0004906050376197893,,0.014708712869333222,,0.0002714077228105749
TCN1_c3e92e3b,TCN1,loso_subject_S001,59,0.0005395634540702247,,0.015353775715265501,,0.00025774837825141746
TCN1_c3e92e3b,TCN1,loso_subject_S001,60,0.0005149761062592725,,0.014889123169787022,,0.0002445396645101764
TCN1_c3e92e3b,TCN1,loso_subject_S001,61,0.0004864570870909055,,0.014543052204330574,,0.0002318019484660537
TCN1_c3e92e3b,TCN1,loso_subject_S001,62,0.0004689702147981567,,0.01446182295116599,,0.00021955487075394156
TCN1_c3e92e3b,TCN1,loso_subject_S001,63,0.0004379331900431302,,0.014101854590906597,,0.0002078173154799862
TCN1_c3e92e3b,TCN1,loso_subject_S001,64,0.0004627795428832192,,0.014354273605183682,,0.00019660738110366478
TCN1_c3e92e3b,TCN1,loso_subject_S001,65,0.00048118830108411414,,0.014215819230762226,,0.00018594235253127373
TCN1_c3e92e3b,TCN1,loso_subject_S001,66,0.0005048732134148196,,0.014483430135459371,,0.00017583867446385477
TCN1_c3e92e3b,TCN1,loso_subject_S001,67,0.000509017939146927,,0.014824235556517639,,0.00016631192604065853
TCN1_c3e92e3b,TCN1,loso_subject_S001,68,0.00039674276903436435,,0.013325730242479057,,0.00015737679681724137
TCN1_c3e92e3b,TCN1,loso_subject_S001,69,0.0004285750249072948,,0.013649882405372507,,0.0001490470641152345
TCN1_c3e92e3b,TCN1,loso_subject_S001,70,0.00040771223032703356,,0.01334000830862427,,0.00014133557177871338
TCN1_c3e92e3b,TCN1,loso_subject_S001,71,0.00041543843116482955,,0.013673715549977062,,0.00013425421036992097
TCN1_c3e92e3b,TCN1,loso_subject_S001,72,0.00040034144685220397,,0.013427566427543789,,0.00012781389883488212
TCN1_c3e92e3b,TCN1,loso_subject_S001,73,0.0004651393493328364,,0.013568271132617445,,0.0001220245676671809
TCN1_c3e92e3b,TCN1,loso_subject_S001,74,0.0004061499245929834,,0.013344267676260567,,0.00011689514359585877
TCN1_c3e92e3b,TCN1,loso_subject_S001,75,0.00042414180567732694,,0.013507635928162202,,0.00011243353582104555
TCN1_c3e92e3b,TCN1,loso_subject_S001,76,0.00039785449473821833,,0.01314262443981124,,0.0001086466238185463
TCN1_c3e92e3b,TCN1,loso_subject_S001,77,0.00037243248736066085,,0.012880000080171266,,0.00010554024673218805
TCN1_c3e92e3b,TCN1,loso_subject_S001,78,0.0003878549134173568,,0.012841320456402435,,0.00010311919437028317
TCN1_c3e92e3b,TCN1,loso_subject_S001,79,0.00040255494286335446,,0.013104723343860853,,0.00010138719982009242
TCN1_c3e92e3b,TCN1,loso_subject_S001,80,0.0003928679361215313,,0.01310010421279111,,0.0001003469336916747
TCN1_c3e92e3b,TCN1,loso_subject_S002,1,0.24704893416569468,,0.3485497779926824,,0.001
TCN1_c3e92e3b,TCN1,loso_subject_S002,2,0.035251585623392694,,0.13909407877005064,,0.0009996530663083252
TCN1_c3e92e3b,TCN1,loso_subject_S002,3,0.01899971205009943,,0.10403297062894078,,0.0009986128001799074
TCN1_c3e92e3b,TCN1,loso_subject_S002,4,0.013622624254896644,,0.08792819481945796,,0.0009968808056297167
TCN1_c3e92e3b,TCN1,loso_subject_S002,5,0.010114204696816854,,0.07439634812605476,,0.0009944597532678117
TCN1_c3e92e3b,TCN1,loso_subject_S002,6,0.008581958097264922,,0.06833412940922719,,0.0009913533761814533
TCN1_c3e92e3b,TCN1,loso_subject_S002,7,0.006296419235939451,,0.05895718008240275,,0.000987566464178954
TCN1_c3e92e3b,TCN1,loso_subject_S002,8,0.005253483069472667,,0.05350145881387852,,0.0009831048564041408
TCN1_c3e92e3b,TCN1,loso_subject_S002,9,0.005222363300517755,,0.05332583716677734,,0.0009779754323328187
TCN1_c3e92e3b,TCN1,loso_subject_S002,10,0.0044532503373179814,,0.048855572523899986,,0.0009721861011651174
TCN1_c3e92e3b,TCN1,loso_subject_S002,11,0.00382941144713712,,0.04640832886257918,,0.0009657457896300785
TCN1_c3e92e3b,TCN1,loso_subject_S002,12,0.00325019162090184,,0.04255248215889425,,0.000958664428221286
TCN1_c3e92e3b,TCN1,loso_subject_S002,13,0.0029650070193156957,,0.0401066816078415,,0.000950952935884765
TCN1_c3e92e3b,TCN1,loso_subject_S002,14,0.003020546343473999,,0.040834310733829315,,0.0009426232031827582
TCN1_c3e92e3b,TCN1,loso_subject_S002,15,0.002443301322529048,,0.0358932195256022,,0.0009336880739593409
TCN1_c3e92e3b,TCN1,loso_subject_S002,16,0.0022365537738249655,,0.03484100386974666,,0.0009241613255361449
TCN1_c3e92e3b,TCN1,loso_subject_S002,17,0.002119462958114612,,0.03395507847322077,,0.0009140576474687258
TCN1_c3e92e3b,TCN1,loso_subject_S002,18,0.0022324844441359336,,0.03459887818213483,,0.0009033926188963346
TCN1_c3e92e3b,TCN1,loso_subject_S002,19,0.0019064725682989198,,0.031972779637938785,,0.0008921826845200134
TCN1_c3e92e3b,TCN1,loso_subject_S002,20,0.001875069535853692,,0.03197779200121326,,0.000880445129246058
TCN1_c3e92e3b,TCN1,loso_subject_S002,21,0.0016695377880099676,,0.029679897836649132,,0.0008681980515339459
TCN1_c3e92e3b,TCN1,loso_subject_S002,22,0.0014734111818304626,,0.02844896119097816,,0.0008554603354898234
TCN1_c3e92e3b,TCN1,loso_subject_S002,23,0.001469736103590983,,0.027410493289127907,,0.0008422516217485822
TCN1_c3e92e3b,TCN1,loso_subject_S002,24,0.0014858472825519601,,0.02784647796530306,,0.0008285922771894248
TCN1_c3e92e3b,TCN1,loso_subject_S002,25,0.0012785883160895948,,0.025624476056990635,,0.0008145033635316124
TCN1_c3e92e3b,TCN1,loso_subject_S002,26,0.0012920449207788852,,0.025374209246442552,,0.0008000066048588205
TCN1_c3e92e3b,TCN1,loso_subject_S002,27,0.0011760547484792473,,0.024767565770712076,,0.0007851243541221765
TCN1_c3e92e3b,TCN1,loso_subject_S002,28,0.0011590269895391514,,0.02441449702003432,,0.0007698795586736293
TCN1_c3e92e3b,TCN1,loso_subject_S002,29,0.0009958152443081615,,0.02241210836116768,,0.0007542957248827956
TCN1_c3e92e3b,TCN1,loso_subject_S002,30,0.0010807284292028796,,0.02396292426186152,,0.0007383968818918422
TCN1_c3e92e3b,TCN1,loso_subject_S002,31,0.0010816414514124215,,0.023766878824335196,,0.00072220754456429
TCN1_c3e92e3b,TCN1,loso_subject_S002,32,0.0010062641478378316,,0.023158981803241396,,0.0007057526756848715
TCN1_c3e92e3b,TCN1,loso_subject_S002,33,0.0009705852253198258,,0.02226618506429366,,0.000689057647468726
TCN1_c3e92e3b,TCN1,loso_subject_S002,34,0.0008746541527640914,,0.02058504588546266,,0.000672148202439283
TCN1_c3e92e3b,TCN1,loso_subject_S002,35,0.000833344028982277,,0.02022573519843959,,0.0006550504137351571
TCN1_c3e92e3b,TCN1,loso_subject_S002,36,0.0007878184029511336,,0.02028234380072561,,0.0006377906449072574
TCN1_c3e92e3b,TCN1,loso_subject_S002,37,0.0007822872398900416,,0.019824931966214977,,0.0006203955092681036
TCN1_c3e92e3b,TCN1,loso_subject_S002,38,0.0008485913208737693,,0.02020738035223054,,0.0006028918288560267
TCN1_c3e92e3b,TCN1,loso_subject_S002,39,0.0007196605136134446,,0.018718017566583516,,0.00058530659307753
TCN1_c3e92e3b,TCN1,loso_subject_S002,40,0.000728261633127661,,0.01895049175331542,,0.0005676669170915806
TCN1_c3e92e3b,TCN1,loso_subject_S002,41,0.0007445646624546498,,0.019015035391921075,,0.0005499999999999997
TCN1_c3e92e3b,TCN1,loso_subject_S002,42,0.0006818020549869604,,0.018070118269569363,,0.000532333082908419
TCN1_c3e92e3b,TCN1,loso_subject_S002,43,0.000635863143137955,,0.017867338510146193,,0.0005146934069224697
TCN1_c3e92e3b,TCN1,loso_subject_S002,44,0.0006627291499248604,,0.017543940767843463,,0.000497108171143973
TCN1_c3e92e3b,TCN1,loso_subject_S002,45,0.0006257270412863571,,0.017262219453838205,,0.00047960449073189616
TCN1_c3e92e3b,TCN1,loso_subject_S002,46,0.0006066868924696384,,0.016615586365209968,,0.00046220935509274226
TCN1_c3e92e3b,TCN1,loso_subject_S002,47,0.0006054791241603384,,0.01667296781824699,,0.00044494958626484254
TCN1_c3e92e3b,TCN1,loso_subject_S002,48,0.000553469148231207,,0.01629267953118848,,0.00042785179756071645
TCN1_c3e92e3b,TCN1,loso_subject_S002,49,0.0005503944850054913,,0.016339791558228373,,0.0004109423525312737
TCN1_c3e92e3b,TCN1,loso_subject_S002,50,0.0005869916509756626,,0.01688721862470914,,0.0003942473243151282
TCN1_c3e92e3b,TCN1,loso_subject_S002,51,0.0005354075448646826,,0.01606232968383822,,0.0003777924554357096
TCN1_c3e92e3b,TCN1,loso_subject_S002,52,0.0005293093530327793,,0.015510691166793636,,0.0003616031181081575
TCN1_c3e92e3b,TCN1,loso_subject_S002,53,0.0005402543127477485,,0.015771982435443355,,0.000345704275117204
TCN1_c3e92e3b,TCN1,loso_subject_S002,54,0.0005667079754997618,,0.016244355233420743,,0.00033012044132637024
TCN1_c3e92e3b,TCN1,loso_subject_S002,55,0.0004928038788734582,,0.01503349620285654,,0.00031487564587782306
TCN1_c3e92e3b,TCN1,loso_subject_S002,56,0.0005107728291342445,,0.015305765674743475,,0.00029999339514117897
TCN1_c3e92e3b,TCN1,loso_subject_S002,57,0.0004810513558751837,,0.01498029727627096,,0.0002854966364683872
TCN1_c3e92e3b,TCN1,loso_subject_S002,58,0.000504002618277322,,0.015181003400280241,,0.0002714077228105749
TCN1_c3e92e3b,TCN1,loso_subject_S002,59,0.0005050538637643231,,0.015305701139276793,,0.00025774837825141746
TCN1_c3e92e3b,TCN1,loso_subject_S002,60,0.0004397676853136967,,0.014428861444168762,,0.0002445396645101764
TCN1_c3e92e3b,TCN1,loso_subject_S002,61,0.0005065756529184868,,0.015180031030342496,,0.0002318019484660537
TCN1_c3e92e3b,TCN1,loso_subject_S002,62,0.00045408577033237055,,0.014199256961201799,,0.00021955487075394156
TCN1_c3e92e3b,TCN1,loso_subject_S002,63,0.0004375929958228731,,0.013810439158814023,,0.0002078173154799862
TCN1_c3e92e3b,TCN1,loso_subject_S002,64,0.0004331970092376067,,0.013668206616722304,,0.00019660738110366478
TCN1_c3e92e3b,TCN1,loso_subject_S002,65,0.000431679560993094,,0.014342215080160045,,0.00018594235253127373
TCN1_c3e92e3b,TCN1,loso_subject_S002,66,0.00043626096362398757,,0.0140491079548942,,0.00017583867446385477
TCN1_c3e92e3b,TCN1,loso_subject_S002,67,0.0004204556924773909,,0.013608009794069854,,0.00016631192604065853
TCN1_c3e92e3b,TCN1,loso_subject_S002,68,0.000391946318488326,,0.0132915345082351,,0.00015737679681724137
TCN1_c3e92e3b,TCN1,loso_subject_S002,69,0.0003988449520814981,,0.013166987292705701,,0.0001490470641152345
TCN1_c3e92e3b,TCN1,loso_subject_S002,70,0.0004193143001915047,,0.013225460380552934,,0.00014133557177871338
TCN1_c3e92e3b,TCN1,loso_subject_S002,71,0.000392034253666291,,0.01305543282007507,,0.00013425421036992097
TCN1_c3e92e3b,TCN1,loso_subject_S002,72,0.00040445343242104064,,0.013241506184127666,,0.00012781389883488212
TCN1_c3e92e3b,TCN1,loso_subject_S002,73,0.0004056575337345514,,0.013417478218496794,,0.0001220245676671809
TCN1_c3e92e3b,TCN1,loso_subject_S002,74,0.0004104026267490293,,0.012992448894806028,,0.00011689514359585877
TCN1_c3e92e3b,TCN1,loso_subject_S002,75,0.00035777657617943297,,0.01246219550306348,,0.00011243353582104555
TCN1_c3e92e3b,TCN1,loso_subject_S002,76,0.00036650765653259914,,0.012948626094060488,,0.0001086466238185463
TCN1_c3e92e3b,TCN1,loso_subject_S002,77,0.0004107310313997612,,0.013431991996436283,,0.00010554024673218805
TCN1_c3e92e3b,TCN1,loso_subject_S002,78,0.0003833456454515724,,0.013024890792879723,,0.00010311919437028317
TCN1_c3e92e3b,TCN1,loso_subject_S002,79,0.00036319697345854016,,0.012747032696316982,,0.00010138719982009242
TCN1_c3e92e3b,TCN1,loso_subject_S002,80,0.0003563680864230727,,0.012735545645104795,,0.0001003469336916747
TCN1_c3e92e3b,TCN1,loso_subject_S003,1,0.2800843661850837,,0.37307912608844407,,0.001
TCN1_c3e92e3b,TCN1,loso_subject_S003,2,0.03933588068555782,,0.14752571827565936,,0.0009996530663083252
TCN1_c3e92e3b,TCN1,loso_subject_S003,3,0.02199525248597268,,0.11165453741091126,,0.0009986128001799074
TCN1_c3e92e3b,TCN1,loso_subject_S003,4,0.014352050392074744,,0.09095481950462009,,0.0009968808056297167
TCN1_c3e92e3b,TCN1,loso_subject_S003,5,0.010038267820752275,,0.07571544793247148,,0.0009944597532678117
TCN1_c3e92e3b,TCN1,loso_subject_S003,6,0.007703199438434627,,0.06634332939195978,,0.0009913533761814533
TCN1_c3e92e3b,TCN1,loso_subject_S003,7,0.005749143461853255,,0.058031254709178144,,0.000987566464178954
TCN1_c3e92e3b,TCN1,loso_subject_S003,8,0.005126506168550769,,0.05461310116730299,,0.0009831048564041408
TCN1_c3e92e3b,TCN1,loso_subject_S003,9,0.004839083108512564,,0.05237345591511303,,0.0009779754323328187
TCN1_c3e92e3b,TCN1,loso_subject_S003,10,0.003902894721726915,,0.047156011524458266,,0.0009721861011651174
TCN1_c3e92e3b,TCN1,loso_subject_S003,11,0.0032598187276504345,,0.042963093915127315,,0.0009657457896300785
TCN1_c3e92e3b,TCN1,loso_subject_S003,12,0.0029428720122627932,,0.04076253423848289,,0.000958664428221286
TCN1_c3e92e3b,TCN1,loso_subject_S003,13,0.002841819843445031,,0.040095957698349956,,0.000950952935884765
TCN1_c3e92e3b,TCN1,loso_subject_S003,14,0.0024681041902557617,,0.03723330394965322,,0.0009426232031827582
TCN1_c3e92e3b,TCN1,loso_subject_S003,15,0.0021299613218384444,,0.03496736725622023,,0.0009336880739593409
TCN1_c3e92e3b,TCN1,loso_subject_S003,16,0.0020521790705262722,,0.03429135475108524,,0.0009241613255361449
TCN1_c3e92e3b,TCN1,loso_subject_S003,17,0.0020154434435838008,,0.03410908842357162,,0.0009140576474687258
TCN1_c3e92e3b,TCN1,loso_subject_S003,18,0.0018546239754185722,,0.03249363260547347,,0.0009033926188963346
TCN1_c3e92e3b,TCN1,loso_subject_S003,19,0.0016007450240252655,,0.0298457235437132,,0.0008921826845200134
TCN1_c3e92e3b,TCN1,loso_subject_S003,20,0.0014249819623053887,,0.02855103285472407,,0.000880445129246058
TCN1_c3e92e3b,TCN1,loso_subject_S003,21,0.001408327390197581,,0.02813564519783101,,0.0008681980515339459
TCN1_c3e92e3b,TCN1,loso_subject_S003,22,0.0012938870096909445,,0.02693115047167276,,0.0008554603354898234
TCN1_c3e92e3b,TCN1,loso_subject_S003,23,0.00116682333308158,,0.025611141291146607,,0.0008422516217485822
TCN1_c3e92e3b,TCN1,loso_subject_S003,24,0.0011027827267411348,,0.024973121606309524,,0.0008285922771894248
TCN1_c3e92e3b,TCN1,loso_subject_S003,25,0.0011440536002907998,,0.02508856453484669,,0.0008145033635316124
TCN1_c3e92e3b,TCN1,loso_subject_S003,26,0.0009813536446517132,,0.0235951958823642,,0.0008000066048588205
TCN1_c3e92e3b,TCN1,loso_subject_S003,27,0.0010513324003712258,,0.02425413522143309,,0.0007851243541221765
TCN1_c3e92e3b,TCN1,loso_subject_S003,28,0.0007861450888024866,,0.021250950452036677,,0.0007698795586736293
TCN1_c3e92e3b,TCN1,loso_subject_S003,29,0.0008065283619186726,,0.021432024314639773,,0.0007542957248827956
TCN1_c3e92e3b,TCN1,loso_subject_S003,30,0.0008937124627208316,,0.022047692999788586,,0.0007383968818918422
TCN1_c3e92e3b,TCN1,loso_subject_S003,31,0.0007774600987120237,,0.020742082043135525,,0.00072220754456429
TCN1_c3e92e3b,TCN1,loso_subject_S003,32,0.000730197905313764,,0.020200639014479597,,0.0007057526756848715
TCN1_c3e92e3b,TCN1,loso_subject_S003,33,0.0006650164697695782,,0.019003775904983766,,0.000689057647468726
TCN1_c3e92e3b,TCN1,loso_subject_S003,34,0.0006827478439491865,,0.019482293566184524,,0.000672148202439283
TCN1_c3e92e3b,TCN1,loso_subject_S003,35,0.0006728826571012088,,0.019220844994447855,,0.0006550504137351571
TCN1_c3e92e3b,TCN1,loso_subject_S003,36,0.0006401840833594965,,0.01864083078518001,,0.0006377906449072574
TCN1_c3e92e3b,TCN1,loso_subject_S003,37,0.000641050314268585,,0.018943794938424366,,0.0006203955092681036
TCN1_c3e92e3b,TCN1,loso_subject_S003,38,0.000600538497008274,,0.01821837364848563,,0.0006028918288560267
TCN1_c3e92e3b,TCN1,loso_subject_S003,39,0.0005457979588924865,,0.017290468955757535,,0.00058530659307753
TCN1_c3e92e3b,TCN1,loso_subject_S003,40,0.0005760873612800305,,0.017823501699194493,,0.0005676669170915806
TCN1_c3e92e3b,TCN1,loso_subject_S003,41,0.0006082798917932039,,0.017862591430514014,,0.0005499999999999997
TCN1_c3e92e3b,TCN1,loso_subject_S003,42,0.0005515097896174938,,0.017371348964410862,,0.000532333082908419
TCN1_c3e92e3b,TCN1,loso_subject_S003,43,0.0004890616442862013,,0.0162819355450604,,0.0005146934069224697
TCN1_c3e92e3b,TCN1,loso_subject_S003,44,0.0004857216482447469,,0.01620743472852576,,0.000497108171143973
TCN1_c3e92e3b,TCN1,loso_subject_S003,45,0.00048656125844532714,,0.01610742527580325,,0.00047960449073189616
TCN1_c3e92e3b,TCN1,loso_subject_S003,46,0.00047601794663536555,,0.015839971479885577,,0.00046220935509274226
TCN1_c3e92e3b,TCN1,loso_subject_S003,47,0.0004625881891833376,,0.015811950071140092,,0.00044494958626484254
TCN1_c3e92e3b,TCN1,loso_subject_S003,48,0.00044841269367201325,,0.015319028944445298,,0.00042785179756071645
TCN1_c3e92e3b,TCN1,loso_subject_S003,49,0.00042297345028219027,,0.014998065781268468,,0.0004109423525312737
TCN1_c3e92e3b,TCN1,loso_subject_S003,50,0.0004397653713471392,,0.015421690119583983,,0.0003942473243151282
TCN1_c3e92e3b,TCN1,loso_subject_S003,51,0.0004023937719690004,,0.014470723208018154,,0.0003777924554357096
TCN1_c3e92e3b,TCN1,loso_subject_S003,52,0.000442035413712132,,0.015086290052930993,,0.0003616031181081575
TCN1_c3e92e3b,TCN1,loso_subject_S003,53,0.00038592174446686365,,0.014347324719014518,,0.000345704275117204
TCN1_c3e92e3b,TCN1,loso_subject_S003,54,0.0003798048438185652,,0.014003268214634634,,0.00033012044132637024
TCN1_c3e92e3b,TCN1,loso_subject_S003,55,0.0003928857935290872,,0.014323885964114692,,0.00031487564587782306
TCN1_c3e92e3b,TCN1,loso_subject_S003,56,0.00035081167550692153,,0.013601265751627262,,0.00029999339514117897
TCN1_c3e92e3b,TCN1,loso_subject_S003,57,0.0003540614185773354,,0.013789356535505575,,0.0002854966364683872
TCN1_c3e92e3b,TCN1,loso_subject_S003,58,0.0003259194276928317,,0.01312913808158222,,0.0002714077228105749
TCN1_c3e92e3b,TCN1,loso_subject_S003,59,0.0003413664061789282,,0.01335660886551469,,0.00025774837825141746
TCN1_c3e92e3b,TCN1,loso_subject_S003,60,0.00036212873151837476,,0.01358113350444989,,0.0002445396645101764
TCN1_c3e92e3b,TCN1,loso_subject_S003,61,0.00031727944280603333,,0.013028261025904294,,0.0002318019484660537
TCN1_c3e92e3b,TCN1,loso_subject_S003,62,0.00032203018876098135,,0.012965288298174343,,0.00021955487075394156
TCN1_c3e92e3b,TCN1,loso_subject_S003,63,0.0003169703539725131,,0.013041491741998807,,0.0002078173154799862
TCN1_c3e92e3b,TCN1,loso_subject_S003,64,0.00032817707026494417,,0.012996090191508642,,0.00019660738110366478
TCN1_c3e92e3b,TCN1,loso_subject_S003,65,0.0003093408189668417,,0.012855472177120582,,0.00018594235253127373
TCN1_c3e92e3b,TCN1,loso_subject_S003,66,0.00032140111747197325,,0.012703873910698636,,0.00017583867446385477
TCN1_c3e92e3b,TCN1,loso_subject_S003,67,0.0002961388190014133,,0.012512949342566674,,0.00016631192604065853
TCN1_c3e92e3b,TCN1,loso_subject_S003,68,0.0002990943142668108,,0.012594925180410374,,0.00015737679681724137
TCN1_c3e92e3b,TCN1,loso_subject_S003,69,0.00029305475222659384,,0.012307904444174875,,0.0001490470641152345
TCN1_c3e92e3b,TCN1,loso_subject_S003,70,0.000270030926516472,,0.011921549187963504,,0.00014133557177871338
TCN1_c3e92e3b,TCN1,loso_subject_S003,71,0.00033158223336178934,,0.013156751211875263,,0.00013425421036992097
TCN1_c3e92e3b,TCN1,loso_subject_S003,72,0.00028463096704176445,,0.012310792063627934,,0.00012781389883488212
TCN1_c3e92e3b,TCN1,loso_subject_S003,73,0.0002784254627030667,,0.012032480503709697,,0.0001220245676671809
TCN1_c3e92e3b,TCN1,loso_subject_S003,74,0.0002732256872307351,,0.012006770659118593,,0.00011689514359585877
TCN1_c3e92e3b,TCN1,loso_subject_S003,75,0.0002752724036266118,,0.011988207364725363,,0.00011243353582104555
TCN1_c3e92e3b,TCN1,loso_subject_S003,76,0.00027666464293169685,,0.011921510526029539,,0.0001086466238185463
TCN1_c3e92e3b,TCN1,loso_subject_S003,77,0.00029422621077234833,,0.012509289449488821,,0.00010554024673218805
TCN1_c3e92e3b,TCN1,loso_subject_S003,78,0.0002783405692591266,,0.011812114960245118,,0.00010311919437028317
TCN1_c3e92e3b,TCN1,loso_subject_S003,79,0.0002489021419573279,,0.011642968044694989,,0.00010138719982009242
TCN1_c3e92e3b,TCN1,loso_subject_S003,80,0.00029819183943855985,,0.012331709388428903,,0.0001003469336916747
TCN1_c3e92e3b,TCN1,loso_subject_S004,1,0.18401153021799607,,0.30159150577910304,,0.001
TCN1_c3e92e3b,TCN1,loso_subject_S004,2,0.0319262777679525,,0.13158680760524782,,0.0009996530663083252
TCN1_c3e92e3b,TCN1,loso_subject_S004,3,0.016180669412796438,,0.09540669449227367,,0.0009986128001799074
TCN1_c3e92e3b,TCN1,loso_subject_S004,4,0.011939288901524498,,0.08258376978101908,,0.0009968808056297167
TCN1_c3e92e3b,TCN1,loso_subject_S004,5,0.008840603856490884,,0.0714814852710884,,0.0009944597532678117
TCN1_c3e92e3b,TCN1,loso_subject_S004,6,0.0065618650618442815,,0.06137702676633007,,0.0009913533761814533
TCN1_c3e92e3b,TCN1,loso_subject_S004,7,0.0060397451482800115,,0.05773646541011806,,0.000987566464178954
TCN1_c3e92e3b,TCN1,loso_subject_S004,8,0.005028341128436556,,0.052848318757434086,,0.0009831048564041408
TCN1_c3e92e3b,TCN1,loso_subject_S004,9,0.0046336296156001605,,0.05060132327019394,,0.0009779754323328187
TCN1_c3e92e3b,TCN1,loso_subject_S004,10,0.004001339411369833,,0.04681833126631549,,0.0009721861011651174
TCN1_c3e92e3b,TCN1,loso_subject_S004,11,0.00349731195109168,,0.04266165183861428,,0.0009657457896300785
TCN1_c3e92e3b,TCN1,loso_subject_S004,12,0.003014123685296745,,0.0401391653813886,,0.000958664428221286
TCN1_c3e92e3b,TCN1,loso_subject_S004,13,0.0026111891279844285,,0.03751076591442879,,0.000950952935884765
TCN1_c3e92e3b,TCN1,loso_subject_S004,14,0.0025304545963310905,,0.03687102020020208,,0.0009426232031827582
TCN1_c3e92e3b,TCN1,loso_subject_S004,15,0.002330806549180452,,0.03507798846087349,,0.0009336880739593409
TCN1_c3e92e3b,TCN1,loso_subject_S004,16,0.0021101658792901873,,0.033257375090509925,,0.0009241613255361449
TCN1_c3e92e3b,TCN1,loso_subject_S004,17,0.0020120286021812366,,0.03229323926269114,,0.0009140576474687258
TCN1_c3e92e3b,TCN1,loso_subject_S004,18,0.0019133130359373085,,0.031721832346132656,,0.0009033926188963346
TCN1_c3e92e3b,TCN1,loso_subject_S004,19,0.001702034172205697,,0.029559611195437076,,0.0008921826845200134
TCN1_c3e92e3b,TCN1,loso_subject_S004,20,0.0016917254120485112,,0.02962822861341348,,0.000880445129246058
TCN1_c3e92e3b,TCN1,loso_subject_S004,21,0.001470662564612113,,0.027553054436132613,,0.0008681980515339459
TCN1_c3e92e3b,TCN1,loso_subject_S004,22,0.0014723499833662974,,0.027299579993878473,,0.0008554603354898234
TCN1_c3e92e3b,TCN1,loso_subject_S004,23,0.0011920719640639817,,0.024582685495552044,,0.0008422516217485822
TCN1_c3e92e3b,TCN1,loso_subject_S004,24,0.0011767038659021005,,0.024379730909213707,,0.0008285922771894248
TCN1_c3e92e3b,TCN1,loso_subject_S004,25,0.0013508993420211157,,0.026019713885136263,,0.0008145033635316124
TCN1_c3e92e3b,TCN1,loso_subject_S004,26,0.0012184470978342692,,0.024694483592530285,,0.0008000066048588205
TCN1_c3e92e3b,TCN1,loso_subject_S004,27,0.0011492720815970356,,0.024070691538280106,,0.0007851243541221765
TCN1_c3e92e3b,TCN1,loso_subject_S004,28,0.001141229974054283,,0.023739991870965413,,0.0007698795586736293
TCN1_c3e92e3b,TCN1,loso_subject_S004,29,0.0010806794719351906,,0.023126130999351135,,0.0007542957248827956
TCN1_c3e92e3b,TCN1,loso_subject_S004,30,0.0009907081942621746,,0.021941174883041648,,0.0007383968818918422
TCN1_c3e92e3b,TCN1,loso_subject_S004,31,0.0009485875759571691,,0.021566293391956762,,0.00072220754456429
TCN1_c3e92e3b,TCN1,loso_subject_S004,32,0.0009675460587271484,,0.022117927532068336,,0.0007057526756848715
TCN1_c3e92e3b,TCN1,loso_subject_S004,33,0.0009087285367929945,,0.021358764428435584,,0.000689057647468726
TCN1_c3e92e3b,TCN1,loso_subject_S004,34,0.0008697209126644659,,0.020807282198797718,,0.000672148202439283
TCN1_c3e92e3b,TCN1,loso_subject_S004,35,0.0009504423066877481,,0.021404942290305654,,0.0006550504137351571
TCN1_c3e92e3b,TCN1,loso_subject_S004,36,0.0008502924695902872,,0.02021552731557037,,0.0006377906449072574
TCN1_c3e92e3b,TCN1,loso_subject_S004,37,0.0008100170367062203,,0.019972913301128103,,0.0006203955092681036
TCN1_c3e92e3b,TCN1,loso_subject_S004,38,0.0007835766922785556,,0.018714005236167265,,0.0006028918288560267
TCN1_c3e92e3b,TCN1,loso_subject_S004,39,0.0007254115216192249,,0.018487129183855405,,0.00058530659307753
TCN1_c3e92e3b,TCN1,loso_subject_S004,40,0.0007176074073769423,,0.01851920470327228,,0.0005676669170915806
TCN1_c3e92e3b,TCN1,loso_subject_S004,41,0.0006933439112482831,,0.01817565515230235,,0.0005499999999999997
TCN1_c3e92e3b,TCN1,loso_subject_S004,42,0.0006877663246028855,,0.017997842485017478,,0.000532333082908419
TCN1_c3e92e3b,TCN1,loso_subject_S004,43,0.0006256313274912592,,0.017298725766639676,,0.0005146934069224697
TCN1_c3e92e3b,TCN1,loso_subject_S004,44,0.0006687536227641896,,0.01779624271699684,,0.000497108171143973
TCN1_c3e92e3b,TCN1,loso_subject_S004,45,0.0006162922712566933,,0.017227287567166318,,0.00047960449073189616
TCN1_c3e92e3b,TCN1,loso_subject_S004,46,0.000623939750943102,,0.01683864958326108,,0.00046220935509274226
TCN1_c3e92e3b,TCN1,loso_subject_S004,47,0.0005767398404032898,,0.01665887672060611,,0.00044494958626484254
TCN1_c3e92e3b,TCN1,loso_subject_S004,48,0.0006151812246057054,,0.01695174199610611,,0.00042785179756071645
TCN1_c3e92e3b,TCN1,loso_subject_S004,49,0.000539368846323307,,0.015868430826235756,,0.0004109423525312737
TCN1_c3e92e3b,TCN1,loso_subject_S004,50,0.000592495367417881,,0.015787181233126335,,0.0003942473243151282
TCN1_c3e92e3b,TCN1,loso_subject_S004,51,0.0005598445577340269,,0.016054032102937262,,0.0003777924554357096
TCN1_c3e92e3b,TCN1,loso_subject_S004,52,0.000580690787682761,,0.01586627872069253,,0.0003616031181081575
TCN1_c3e92e3b,TCN1,loso_subject_S004,53,0.0004967933609450601,,0.01524689963279228,,0.000345704275117204
TCN1_c3e92e3b,TCN1,loso_subject_S004,54,0.0005498384747951192,,0.015698014794836755,,0.00033012044132637024
TCN1_c3e92e3b,TCN1,loso_subject_S004,55,0.0005238788483725841,,0.015722026914402828,,0.00031487564587782306
TCN1_c3e92e3b,TCN1,loso_subject_S004,56,0.0005094554392601215,,0.014902085150563788,,0.00029999339514117897
TCN1_c3e92e3b,TCN1,loso_subject_S004,57,0.0005038470739514406,,0.014697629505298567,,0.0002854966364683872
TCN1_c3e92e3b,TCN1,loso_subject_S004,58,0.0004735630113362735,,0.014770396157443742,,0.0002714077228105749
TCN1_c3e92e3b,TCN1,loso_subject_S004,59,0.00047367532050621256,,0.014296356417295814,,0.00025774837825141746
TCN1_c3e92e3b,TCN1,loso_subject_S004,60,0.00048111405748310995,,0.014203836687060644,,0.0002445396645101764
TCN1_c3e92e3b,TCN1,loso_subject_S004,61,0.0004943660830586847,,0.014432396658102559,,0.0002318019484660537
TCN1_c3e92e3b,TCN1,loso_subject_S004,62,0.0004631638148227276,,0.014072390229145474,,0.00021955487075394156
TCN1_c3e92e3b,TCN1,loso_subject_S004,63,0.00047743477005097535,,0.014212839650806388,,0.0002078173154799862
TCN1_c3e92e3b,TCN1,loso_subject_S004,64,0.00043059870267204037,,0.013534823747557208,,0.00019660738110366478
TCN1_c3e92e3b,TCN1,loso_subject_S004,65,0.00042873159695589857,,0.013536898468914964,,0.00018594235253127373
TCN1_c3e92e3b,TCN1,loso_subject_S004,66,0.000458005481763156,,0.013968093796164264,,0.00017583867446385477
TCN1_c3e92e3b,TCN1,loso_subject_S004,67,0.0004131019078391771,,0.01342481103878107,,0.00016631192604065853
TCN1_c3e92e3b,TCN1,loso_subject_S004,68,0.0004480518842560479,,0.013699127267766837,,0.00015737679681724137
TCN1_c3e92e3b,TCN1,loso_subject_S004,69,0.00044795022965318863,,0.013694071370434241,,0.0001490470641152345
TCN1_c3e92e3b,TCN1,loso_subject_S004,70,0.0004075034778324347,,0.013168567737272107,,0.00014133557177871338
TCN1_c3e92e3b,TCN1,loso_subject_S004,71,0.0004043780561991272,,0.013197478194004474,,0.00013425421036992097
TCN1_c3e92e3b,TCN1,loso_subject_S004,72,0.00040854658417575007,,0.012881212632250325,,0.00012781389883488212
TCN1_c3e92e3b,TCN1,loso_subject_S004,73,0.0004135172079979144,,0.013276919107468317,,0.0001220245676671809
TCN1_c3e92e3b,TCN1,loso_subject_S004,74,0.0003926333654311916,,0.013057135229868835,,0.00011689514359585877
TCN1_c3e92e3b,TCN1,loso_subject_S004,75,0.00039736422418325924,,0.012902406361469207,,0.00011243353582104555
TCN1_c3e92e3b,TCN1,loso_subject_S004,76,0.0003873827059779851,,0.012914553020858281,,0.0001086466238185463
TCN1_c3e92e3b,TCN1,loso_subject_S004,77,0.0003873125167666124,,0.012980742595397167,,0.00010554024673218805
TCN1_c3e92e3b,TCN1,loso_subject_S004,78,0.00035368764094109327,,0.012618660447657883,,0.00010311919437028317
TCN1_c3e92e3b,TCN1,loso_subject_S004,79,0.0003783563786207691,,0.01237929248589599,,0.00010138719982009242
TCN1_c3e92e3b,TCN1,loso_subject_S004,80,0.00036950034097106105,,0.012627542629013734,,0.0001003469336916747
TCN1_c3e92e3b,TCN1,loso_subject_S005,1,0.20932375188065064,,0.32606168335411734,,0.001
TCN1_c3e92e3b,TCN1,loso_subject_S005,2,0.03784033625351691,,0.14195255208951216,,0.0009996530663083252
TCN1_c3e92e3b,TCN1,loso_subject_S005,3,0.01910762099085102,,0.10307441154437667,,0.0009986128001799074
TCN1_c3e92e3b,TCN1,loso_subject_S005,4,0.013771309842810086,,0.08591828891441684,,0.0009968808056297167
TCN1_c3e92e3b,TCN1,loso_subject_S005,5,0.010268700587223109,,0.07460665923794382,,0.0009944597532678117
TCN1_c3e92e3b,TCN1,loso_subject_S005,6,0.0072084739864660815,,0.06297854813190858,,0.0009913533761814533
TCN1_c3e92e3b,TCN1,loso_subject_S005,7,0.0061226738661324205,,0.05773998837117042,,0.000987566464178954
TCN1_c3e92e3b,TCN1,loso_subject_S005,8,0.005386798680400788,,0.05402599316052203,,0.0009831048564041408
TCN1_c3e92e3b,TCN1,loso_subject_S005,9,0.005109337221595869,,0.05153343851198108,,0.0009779754323328187
TCN1_c3e92e3b,TCN1,loso_subject_S005,10,0.0036994370975159743,,0.04525547410796934,,0.0009721861011651174
TCN1_c3e92e3b,TCN1,loso_subject_S005,11,0.00402541542123787,,0.045822340061843596,,0.0009657457896300785
TCN1_c3e92e3b,TCN1,loso_subject_S005,12,0.003329940788040999,,0.042008502120247475,,0.000958664428221286
TCN1_c3e92e3b,TCN1,loso_subject_S005,13,0.0031071011415673196,,0.040308637807698784,,0.000950952935884765
TCN1_c3e92e3b,TCN1,loso_subject_S005,14,0.00271850975433765,,0.03782177637919224,,0.0009426232031827582
TCN1_c3e92e3b,TCN1,loso_subject_S005,15,0.002571318283003243,,0.03636633798022319,,0.0009336880739593409
TCN1_c3e92e3b,TCN1,loso_subject_S005,16,0.00220257082180066,,0.03369707339554517,,0.0009241613255361449
TCN1_c3e92e3b,TCN1,loso_subject_S005,17,0.0022107384836701706,,0.033471465835493985,,0.0009140576474687258
TCN1_c3e92e3b,TCN1,loso_subject_S005,18,0.0021522853467867745,,0.03290508151969812,,0.0009033926188963346
TCN1_c3e92e3b,TCN1,loso_subject_S005,19,0.0018926384503581265,,0.03090590857376214,,0.0008921826845200134
TCN1_c3e92e3b,TCN1,loso_subject_S005,20,0.0016532656464903733,,0.028841131419553693,,0.000880445129246058
TCN1_c3e92e3b,TCN1,loso_subject_S005,21,0.0019179545975458703,,0.030350536074959786,,0.0008681980515339459
TCN1_c3e92e3b,TCN1,loso_subject_S005,22,0.0018491288966502447,,0.03029043288971377,,0.0008554603354898234
TCN1_c3e92e3b,TCN1,loso_subject_S005,23,0.001471661615706726,,0.02705251374520336,,0.0008422516217485822
TCN1_c3e92e3b,TCN1,loso_subject_S005,24,0.001418653671524834,,0.026006399045472667,,0.0008285922771894248
TCN1_c3e92e3b,TCN1,loso_subject_S005,25,0.0014371453713682885,,0.026195039842977053,,0.0008145033635316124
TCN1_c3e92e3b,TCN1,loso_subject_S005,26,0.0012537349868921798,,0.024317970260367458,,0.0008000066048588205
TCN1_c3e92e3b,TCN1,loso_subject_S005,27,0.0012447055500340823,,0.02488631523586174,,0.0007851243541221765
TCN1_c3e92e3b,TCN1,loso_subject_S005,28,0.0010773227533401838,,0.02231353541562785,,0.0007698795586736293
TCN1_c3e92e3b,TCN1,loso_subject_S005,29,0.0010470921625844092,,0.02261572177728492,,0.0007542957248827956
TCN1_c3e92e3b,TCN1,loso_subject_S005,30,0.0009404200361246949,,0.02090914323035971,,0.0007383968818918422
TCN1_c3e92e3b,TCN1,loso_subject_S005,31,0.0010272157144074808,,0.02171757822099806,,0.00072220754456429
TCN1_c3e92e3b,TCN1,loso_subject_S005,32,0.0010136883740421423,,0.0219621003780247,,0.0007057526756848715
TCN1_c3e92e3b,TCN1,loso_subject_S005,33,0.0009184932948881602,,0.02084842220253912,,0.000689057647468726
TCN1_c3e92e3b,TCN1,loso_subject_S005,34,0.0008659688016056455,,0.020675916603604273,,0.000672148202439283
TCN1_c3e92e3b,TCN1,loso_subject_S005,35,0.000817204400982053,,0.019608851299706985,,0.0006550504137351571
TCN1_c3e92e3b,TCN1,loso_subject_S005,36,0.0007352780917049116,,0.018530879015859484,,0.0006377906449072574
TCN1_c3e92e3b,TCN1,loso_subject_S005,37,0.0007951477266380836,,0.018724890469029903,,0.0006203955092681036
TCN1_c3e92e3b,TCN1,loso_subject_S005,38,0.0007359733998953483,,0.017884636416065,,0.0006028918288560267
TCN1_c3e92e3b,TCN1,loso_subject_S005,39,0.0007609282049895566,,0.018577781302453918,,0.00058530659307753
TCN1_c3e92e3b,TCN1,loso_subject_S005,40,0.0007427321557025504,,0.01848827955208134,,0.0005676669170915806
TCN1_c3e92e3b,TCN1,loso_subject_S005,41,0.0006997142490889534,,0.017802454854136035,,0.0005499999999999997
TCN1_c3e92e3b,TCN1,loso_subject_S005,42,0.0006775167590895597,,0.01758527034137131,,0.000532333082908419
TCN1_c3e92e3b,TCN1,loso_subject_S005,43,0.0006244796939725025,,0.01727576697874598,,0.0005146934069224697
TCN1_c3e92e3b,TCN1,loso_subject_S005,44,0.0006272134451360883,,0.017118345239158377,,0.000497108171143973
TCN1_c3e92e3b,TCN1,loso_subject_S005,45,0.000620413157864833,,0.01705296902119503,,0.00047960449073189616
TCN1_c3e92e3b,TCN1,loso_subject_S005,46,0.0006232698068758568,,0.017187039718769313,,0.00046220935509274226
TCN1_c3e92e3b,TCN1,loso_subject_S005,47,0.0006327215462339781,,0.01671335171437711,,0.00044494958626484254
TCN1_c3e92e3b,TCN1,loso_subject_S005,48,0.0005836561565373232,,0.01605071686208248,,0.00042785179756071645
TCN1_c3e92e3b,TCN1,loso_subject_S005,49,0.000514130712365223,,0.015184587929969965,,0.0004109423525312737
TCN1_c3e92e3b,TCN1,loso_subject_S005,50,0.0005932504897651107,,0.016134156408773755,,0.0003942473243151282
TCN1_c3e92e3b,TCN1,loso_subject_S005,51,0.0005106294878683793,,0.015466669233636645,,0.0003777924554357096
TCN1_c3e92e3b,TCN1,loso_subject_S005,52,0.0006137903148400575,,0.0162543014022474,,0.0003616031181081575
TCN1_c3e92e3b,TCN1,loso_subject_S005,53,0.0005890564438362475,,0.01609255420647994,,0.000345704275117204
TCN1_c3e92e3b,TCN1,loso_subject_S005,54,0.000530047354657114,,0.01484070881794337,,0.00033012044132637024
TCN1_c3e92e3b,TCN1,loso_subject_S005,55,0.0005197097886665232,,0.015201976118488524,,0.00031487564587782306
TCN1_c3e92e3b,TCN1,loso_subject_S005,56,0.0004478882848040388,,0.014573644505934505,,0.00029999339514117897
TCN1_c3e92e3b,TCN1,loso_subject_S005,57,0.000531974118425425,,0.015059906498563981,,0.0002854966364683872
TCN1_c3e92e3b,TCN1,loso_subject_S005,58,0.0005451068906320112,,0.015037856258629939,,0.0002714077228105749
TCN1_c3e92e3b,TCN1,loso_subject_S005,59,0.00048094134445623223,,0.014630085866860156,,0.00025774837825141746
TCN1_c3e92e3b,TCN1,loso_subject_S005,60,0.0004755058203650632,,0.014240524776712213,,0.0002445396645101764
TCN1_c3e92e3b,TCN1,loso_subject_S005,61,0.0004760457865723787,,0.01430813733984179,,0.0002318019484660537
TCN1_c3e92e3b,TCN1,loso_subject_S005,62,0.0004798091010650645,,0.013807800263420714,,0.00021955487075394156
TCN1_c3e92e3b,TCN1,loso_subject_S005,63,0.00048445343777359345,,0.014247144219614948,,0.0002078173154799862
TCN1_c3e92e3b,TCN1,loso_subject_S005,64,0.00044680430981769214,,0.013752342800612946,,0.00019660738110366478
TCN1_c3e92e3b,TCN1,loso_subject_S005,65,0.00044375563482595005,,0.01391498216717113,,0.00018594235253127373
TCN1_c3e92e3b,TCN1,loso_subject_S005,66,0.0004489712575657147,,0.014044800272955219,,0.00017583867446385477
TCN1_c3e92e3b,TCN1,loso_subject_S005,67,0.00042796756963145444,,0.013127098052600341,,0.00016631192604065853
TCN1_c3e92e3b,TCN1,loso_subject_S005,68,0.00041246492083505456,,0.013353534276142666,,0.00015737679681724137
TCN1_c3e92e3b,TCN1,loso_subject_S005,69,0.000408047450580809,,0.012990681809268307,,0.0001490470641152345
TCN1_c3e92e3b,TCN1,loso_subject_S005,70,0.0004104692270580374,,0.013581738226217418,,0.00014133557177871338
TCN1_c3e92e3b,TCN1,loso_subject_S005,71,0.0004702293674013364,,0.013727397778716713,,0.00013425421036992097
TCN1_c3e92e3b,TCN1,loso_subject_S005,72,0.0004211729129183554,,0.013209908901882252,,0.00012781389883488212
TCN1_c3e92e3b,TCN1,loso_subject_S005,73,0.0004665687158163446,,0.01368767838836123,,0.0001220245676671809
TCN1_c3e92e3b,TCN1,loso_subject_S005,74,0.0004078451785916119,,0.012826724161009332,,0.00011689514359585877
TCN1_c3e92e3b,TCN1,loso_subject_S005,75,0.00042956549050079804,,0.013332031351282124,,0.00011243353582104555
TCN1_c3e92e3b,TCN1,loso_subject_S005,76,0.00042546839296735134,,0.013227961638961432,,0.0001086466238185463
TCN1_c3e92e3b,TCN1,loso_subject_S005,77,0.0004382207313252123,,0.01312321691166724,,0.00010554024673218805
TCN1_c3e92e3b,TCN1,loso_subject_S005,78,0.0004108709169042363,,0.013106049384298789,,0.00010311919437028317
TCN1_c3e92e3b,TCN1,loso_subject_S005,79,0.00041689239839670395,,0.012928779762708693,,0.00010138719982009242
TCN1_c3e92e3b,TCN1,loso_subject_S005,80,0.0004081032835976173,,0.012926820392876152,,0.0001003469336916747
TCN1_c3e92e3b,TCN1,loso_subject_S006,1,0.2081672521815053,,0.32571352980920326,,0.001
TCN1_c3e92e3b,TCN1,loso_subject_S006,2,0.035838309758416856,,0.13832012718068376,,0.0009996530663083252
TCN1_c3e92e3b,TCN1,loso_subject_S006,3,0.01976406606020549,,0.1031964387546786,,0.0009986128001799074
TCN1_c3e92e3b,TCN1,loso_subject_S006,4,0.012136501009833819,,0.08279762308920464,,0.0009968808056297167
TCN1_c3e92e3b,TCN1,loso_subject_S006,5,0.010246062888946668,,0.07438751613197056,,0.0009944597532678117
TCN1_c3e92e3b,TCN1,loso_subject_S006,6,0.00781179997727093,,0.06577482083717104,,0.0009913533761814533
TCN1_c3e92e3b,TCN1,loso_subject_S006,7,0.00565405780525097,,0.055722256889489966,,0.000987566464178954
TCN1_c3e92e3b,TCN1,loso_subject_S006,8,0.006020043938196717,,0.0561791505002122,,0.0009831048564041408
TCN1_c3e92e3b,TCN1,loso_subject_S006,9,0.0048288468995719355,,0.05140936174695738,,0.0009779754323328187
TCN1_c3e92e3b,TCN1,loso_subject_S006,10,0.004084715417041485,,0.047135492707490526,,0.0009721861011651174
TCN1_c3e92e3b,TCN1,loso_subject_S006,11,0.003210420820524677,,0.04239844761515993,,0.0009657457896300785
TCN1_c3e92e3b,TCN1,loso_subject_S006,12,0.003097714676746944,,0.04041308171110592,,0.000958664428221286
TCN1_c3e92e3b,TCN1,loso_subject_S006,13,0.002632412019301561,,0.03804039899708414,,0.000950952935884765
TCN1_c3e92e3b,TCN1,loso_subject_S006,14,0.002454911136270892,,0.03649171111789996,,0.0009426232031827582
TCN1_c3e92e3b,TCN1,loso_subject_S006,15,0.0023120559935732392,,0.03493372477340309,,0.0009336880739593409
TCN1_c3e92e3b,TCN1,loso_subject_S006,16,0.002104892488384662,,0.03351388984743576,,0.0009241613255361449
TCN1_c3e92e3b,TCN1,loso_subject_S006,17,0.0019587493105691646,,0.032518818749576385,,0.0009140576474687258
TCN1_c3e92e3b,TCN1,loso_subject_S006,18,0.0018045317370251573,,0.031432515820804814,,0.0009033926188963346
TCN1_c3e92e3b,TCN1,loso_subject_S006,19,0.0016944915120677634,,0.029436531880730962,,0.0008921826845200134
TCN1_c3e92e3b,TCN1,loso_subject_S006,20,0.0015847184187930824,,0.029159551086312904,,0.000880445129246058
TCN1_c3e92e3b,TCN1,loso_subject_S006,21,0.0013746611008645505,,0.026963811979823598,,0.0008681980515339459
TCN1_c3e92e3b,TCN1,loso_subject_S006,22,0.0013996210090674063,,0.02679226179006508,,0.0008554603354898234
TCN1_c3e92e3b,TCN1,loso_subject_S006,23,0.001280567457541333,,0.025783911024145623,,0.0008422516217485822
TCN1_c3e92e3b,TCN1,loso_subject_S006,24,0.0011675836679260502,,0.024953029775105266,,0.0008285922771894248
TCN1_c3e92e3b,TCN1,loso_subject_S006,25,0.0011713383903684533,,0.02435554455134911,,0.0008145033635316124
TCN1_c3e92e3b,TCN1,loso_subject_S006,26,0.0010715632159256751,,0.02311679180582456,,0.0008000066048588205
TCN1_c3e92e3b,TCN1,loso_subject_S006,27,0.0010863147533957452,,0.02289779734079081,,0.0007851243541221765
TCN1_c3e92e3b,TCN1,loso_subject_S006,28,0.0010611341903013823,,0.022720684877807887,,0.0007698795586736293
TCN1_c3e92e3b,TCN1,loso_subject_S006,29,0.0011196298747428231,,0.02351954633616469,,0.0007542957248827956
TCN1_c3e92e3b,TCN1,loso_subject_S006,30,0.0009679188260886018,,0.02186650275036137,,0.0007383968818918422
TCN1_c3e92e3b,TCN1,loso_subject_S006,31,0.0009953274704388112,,0.021979359899445047,,0.00072220754456429
TCN1_c3e92e3b,TCN1,loso_subject_S006,32,0.000843391334411391,,0.02018267922508996,,0.0007057526756848715
TCN1_c3e92e3b,TCN1,loso_subject_S006,33,0.0008015241723278576,,0.019740155333587337,,0.000689057647468726
TCN1_c3e92e3b,TCN1,loso_subject_S006,34,0.0008853526104281401,,0.020215216797325762,,0.000672148202439283
TCN1_c3e92e3b,TCN1,loso_subject_S006,35,0.0008145797180309301,,0.019874105893053343,,0.0006550504137351571
TCN1_c3e92e3b,TCN1,loso_subject_S006,36,0.0008394048935314318,,0.020195589866335538,,0.0006377906449072574
TCN1_c3e92e3b,TCN1,loso_subject_S006,37,0.0007243268894012747,,0.01866569233021546,,0.0006203955092681036
TCN1_c3e92e3b,TCN1,loso_subject_S006,38,0.0008072590295288986,,0.019015222816125506,,0.0006028918288560267
TCN1_c3e92e3b,TCN1,loso_subject_S006,39,0.0007471562257699954,,0.019076467422551546,,0.00058530659307753
TCN1_c3e92e3b,TCN1,loso_subject_S006,40,0.000708734324657924,,0.01851190055936516,,0.0005676669170915806
TCN1_c3e92e3b,TCN1,loso_subject_S006,41,0.0006619025428937819,,0.017060524862381302,,0.0005499999999999997
TCN1_c3e92e3b,TCN1,loso_subject_S006,42,0.0006651281712277777,,0.017255087103172327,,0.000532333082908419
TCN1_c3e92e3b,TCN1,loso_subject_S006,43,0.0007009854078581215,,0.01836113766830074,,0.0005146934069224697
TCN1_c3e92e3b,TCN1,loso_subject_S006,44,0.0006515525490427632,,0.017567704126597708,,0.000497108171143973
TCN1_c3e92e3b,TCN1,loso_subject_S006,45,0.0005821360134037536,,0.016458041510593574,,0.00047960449073189616
TCN1_c3e92e3b,TCN1,loso_subject_S006,46,0.000591886864926662,,0.016169147745711366,,0.00046220935509274226
TCN1_c3e92e3b,TCN1,loso_subject_S006,47,0.0005601083512149268,,0.01568015413103777,,0.00044494958626484254
TCN1_c3e92e3b,TCN1,loso_subject_S006,48,0.0005502583540176235,,0.015957818908296728,,0.00042785179756071645
TCN1_c3e92e3b,TCN1,loso_subject_S006,49,0.0006168400296394927,,0.016439731077959988,,0.0004109423525312737
TCN1_c3e92e3b,TCN1,loso_subject_S006,50,0.0005187025884503124,,0.015516195763965637,,0.0003942473243151282
TCN1_c3e92e3b,TCN1,loso_subject_S006,51,0.0005030940740925181,,0.01517341134769222,,0.0003777924554357096
TCN1_c3e92e3b,TCN1,loso_subject_S006,52,0.0005766292803508148,,0.015446178891325166,,0.0003616031181081575
TCN1_c3e92e3b,TCN1,loso_subject_S006,53,0.0005027777000633583,,0.015308180218301309,,0.000345704275117204
TCN1_c3e92e3b,TCN1,loso_subject_S006,54,0.0004999414151155733,,0.014852002768828624,,0.00033012044132637024
TCN1_c3e92e3b,TCN1,loso_subject_S006,55,0.0005320605434138108,,0.01544543096647576,,0.00031487564587782306
TCN1_c3e92e3b,TCN1,loso_subject_S006,56,0.0004791560912186311,,0.0145995212535714,,0.00029999339514117897
TCN1_c3e92e3b,TCN1,loso_subject_S006,57,0.0005330981070681834,,0.015282812631246243,,0.0002854966364683872
TCN1_c3e92e3b,TCN1,loso_subject_S006,58,0.0004947820510086887,,0.014751852444225276,,0.0002714077228105749
TCN1_c3e92e3b,TCN1,loso_subject_S006,59,0.0004929828502894424,,0.014621204827183624,,0.00025774837825141746
TCN1_c3e92e3b,TCN1,loso_subject_S006,60,0.0004961645385032752,,0.015016091282008426,,0.0002445396645101764
TCN1_c3e92e3b,TCN1,loso_subject_S006,61,0.000480991810898142,,0.014827135151743161,,0.0002318019484660537
TCN1_c3e92e3b,TCN1,loso_subject_S006,62,0.00043834393491382556,,0.01404466909697173,,0.00021955487075394156
TCN1_c3e92e3b,TCN1,loso_subject_S006,63,0.0004335511247368566,,0.0134988930666311,,0.0002078173154799862
TCN1_c3e92e3b,TCN1,loso_subject_S006,64,0.0004469772838788916,,0.013855655295685233,,0.00019660738110366478
TCN1_c3e92e3b,TCN1,loso_subject_S006,65,0.00045240109377190057,,0.014009393838577461,,0.00018594235253127373
TCN1_c3e92e3b,TCN1,loso_subject_S006,66,0.00040632349913537316,,0.01334209941328801,,0.00017583867446385477
TCN1_c3e92e3b,TCN1,loso_subject_S006,67,0.00041138901927083467,,0.013228454003347122,,0.00016631192604065853
TCN1_c3e92e3b,TCN1,loso_subject_S006,68,0.0004119625292908608,,0.013289082309287084,,0.00015737679681724137
TCN1_c3e92e3b,TCN1,loso_subject_S006,69,0.0003977465894782571,,0.013014458875128516,,0.0001490470641152345
TCN1_c3e92e3b,TCN1,loso_subject_S006,70,0.0004330937290382201,,0.013171096734582138,,0.00014133557177871338
TCN1_c3e92e3b,TCN1,loso_subject_S006,71,0.00043154358849619524,,0.013327730818968408,,0.00013425421036992097
TCN1_c3e92e3b,TCN1,loso_subject_S006,72,0.000378990980453108,,0.012716791390972006,,0.00012781389883488212
TCN1_c3e92e3b,TCN1,loso_subject_S006,73,0.00037771964171609903,,0.012856113892792181,,0.0001220245676671809
TCN1_c3e92e3b,TCN1,loso_subject_S006,74,0.0004197917654323759,,0.013098327238979178,,0.00011689514359585877
TCN1_c3e92e3b,TCN1,loso_subject_S006,75,0.00039068537628708617,,0.01268285215982546,,0.00011243353582104555
TCN1_c3e92e3b,TCN1,loso_subject_S006,76,0.0004123820073986183,,0.01285414846754731,,0.0001086466238185463
TCN1_c3e92e3b,TCN1,loso_subject_S006,77,0.00038140934050244165,,0.0127527656956047,,0.00010554024673218805
TCN1_c3e92e3b,TCN1,loso_subject_S006,78,0.0004235018082138972,,0.01307469157176968,,0.00010311919437028317
TCN1_c3e92e3b,TCN1,loso_subject_S006,79,0.00041101515198329843,,0.01310225720669434,,0.00010138719982009242
TCN1_c3e92e3b,TCN1,loso_subject_S006,80,0.0003613162730575893,,0.01239374104711491,,0.0001003469336916747
TCN1_c3e92e3b,TCN1,loso_subject_S008,1,0.1878252422115331,,0.31445554824833205,,0.001
TCN1_c3e92e3b,TCN1,loso_subject_S008,2,0.03804530178564696,,0.14388124749784356,,0.0009996530663083252
TCN1_c3e92e3b,TCN1,loso_subject_S008,3,0.01882610977815327,,0.10255284589659214,,0.0009986128001799074
TCN1_c3e92e3b,TCN1,loso_subject_S008,4,0.01274003750754953,,0.08410735861758852,,0.0009968808056297167
TCN1_c3e92e3b,TCN1,loso_subject_S008,5,0.009840340947721234,,0.0745568268351173,,0.0009944597532678117
TCN1_c3e92e3b,TCN1,loso_subject_S008,6,0.0077534538669379776,,0.06605267335866004,,0.0009913533761814533
TCN1_c3e92e3b,TCN1,loso_subject_S008,7,0.006232487610377948,,0.05910821595801809,,0.000987566464178954
TCN1_c3e92e3b,TCN1,loso_subject_S008,8,0.005525683258086305,,0.05443225493056738,,0.0009831048564041408
TCN1_c3e92e3b,TCN1,loso_subject_S008,9,0.004584626769116931,,0.049968847286259395,,0.0009779754323328187
TCN1_c3e92e3b,TCN1,loso_subject_S008,10,0.004008747647133669,,0.04672204572423888,,0.0009721861011651174
TCN1_c3e92e3b,TCN1,loso_subject_S008,11,0.0037666156801409293,,0.045021633330971735,,0.0009657457896300785
TCN1_c3e92e3b,TCN1,loso_subject_S008,12,0.004052083191358928,,0.04696397217820213,,0.000958664428221286
TCN1_c3e92e3b,TCN1,loso_subject_S008,13,0.003145860138267259,,0.04111801339331879,,0.000950952935884765
TCN1_c3e92e3b,TCN1,loso_subject_S008,14,0.0027660342174675254,,0.03811002918411217,,0.0009426232031827582
TCN1_c3e92e3b,TCN1,loso_subject_S008,15,0.002429910541760466,,0.03588944381136203,,0.0009336880739593409
TCN1_c3e92e3b,TCN1,loso_subject_S008,16,0.0023484080601520567,,0.03520794936426817,,0.0009241613255361449
TCN1_c3e92e3b,TCN1,loso_subject_S008,17,0.0022093579661554745,,0.03384527356951226,,0.0009140576474687258
TCN1_c3e92e3b,TCN1,loso_subject_S008,18,0.0021302785064046927,,0.033354912649699586,,0.0009033926188963346
TCN1_c3e92e3b,TCN1,loso_subject_S008,19,0.0018607181362705434,,0.030718087284652546,,0.0008921826845200134
TCN1_c3e92e3b,TCN1,loso_subject_S008,20,0.001821141061712054,,0.03032093444958694,,0.000880445129246058
TCN1_c3e92e3b,TCN1,loso_subject_S008,21,0.0015144177024794495,,0.027889044489403342,,0.0008681980515339459
TCN1_c3e92e3b,TCN1,loso_subject_S008,22,0.0015986166148984893,,0.02808113215203951,,0.0008554603354898234
TCN1_c3e92e3b,TCN1,loso_subject_S008,23,0.0014378138428614343,,0.026635922586470153,,0.0008422516217485822
TCN1_c3e92e3b,TCN1,loso_subject_S008,24,0.0013896693237628824,,0.026592466519180312,,0.0008285922771894248
TCN1_c3e92e3b,TCN1,loso_subject_S008,25,0.0012646964750991374,,0.025204490048010803,,0.0008145033635316124
TCN1_c3e92e3b,TCN1,loso_subject_S008,26,0.001284953823139303,,0.025132448681828047,,0.0008000066048588205
TCN1_c3e92e3b,TCN1,loso_subject_S008,27,0.0011870276567461137,,0.024580531487331376,,0.0007851243541221765
TCN1_c3e92e3b,TCN1,loso_subject_S008,28,0.001124468144423234,,0.024079214518952653,,0.0007698795586736293
TCN1_c3e92e3b,TCN1,loso_subject_S008,29,0.001114343183529936,,0.02355407008532654,,0.0007542957248827956
TCN1_c3e92e3b,TCN1,loso_subject_S008,30,0.0009941692881792793,,0.02261666344721573,,0.0007383968818918422
TCN1_c3e92e3b,TCN1,loso_subject_S008,31,0.0009245498664249542,,0.021867678830465444,,0.00072220754456429
TCN1_c3e92e3b,TCN1,loso_subject_S008,32,0.0009377528668507936,,0.02196407570268818,,0.0007057526756848715
TCN1_c3e92e3b,TCN1,loso_subject_S008,33,0.0009281699333267815,,0.021567309519965116,,0.000689057647468726
TCN1_c3e92e3b,TCN1,loso_subject_S008,34,0.0009484218382187223,,0.021268577076381284,,0.000672148202439283
TCN1_c3e92e3b,TCN1,loso_subject_S008,35,0.0009277151308307815,,0.021426208513282845,,0.0006550504137351571
TCN1_c3e92e3b,TCN1,loso_subject_S008,36,0.0008781828852382708,,0.02088471431615513,,0.0006377906449072574
TCN1_c3e92e3b,TCN1,loso_subject_S008,37,0.0008081790465216844,,0.019772667437791824,,0.0006203955092681036
TCN1_c3e92e3b,TCN1,loso_subject_S008,38,0.0007794169159908116,,0.02007645659991876,,0.0006028918288560267
TCN1_c3e92e3b,TCN1,loso_subject_S008,39,0.000765723785689664,,0.01913506465931352,,0.00058530659307753
TCN1_c3e92e3b,TCN1,loso_subject_S008,40,0.0007013522364657734,,0.018595730358257664,,0.0005676669170915806
TCN1_c3e92e3b,TCN1,loso_subject_S008,41,0.0007698928051604134,,0.018875647850290268,,0.0005499999999999997
TCN1_c3e92e3b,TCN1,loso_subject_S008,42,0.000670242536268157,,0.017759921215351332,,0.000532333082908419
TCN1_c3e92e3b,TCN1,loso_subject_S008,43,0.0006717259601822701,,0.017772095367894276,,0.0005146934069224697
TCN1_c3e92e3b,TCN1,loso_subject_S008,44,0.0006901648628351622,,0.01829538307714194,,0.000497108171143973
TCN1_c3e92e3b,TCN1,loso_subject_S008,45,0.0005979677856792551,,0.01706033900828846,,0.00047960449073189616
TCN1_c3e92e3b,TCN1,loso_subject_S008,46,0.0006440301399328515,,0.017592169624253428,,0.00046220935509274226
TCN1_c3e92e3b,TCN1,loso_subject_S008,47,0.000654549669988409,,0.01761310006671201,,0.00044494958626484254
TCN1_c3e92e3b,TCN1,loso_subject_S008,48,0.000628077227624659,,0.01709753644796277,,0.00042785179756071645
TCN1_c3e92e3b,TCN1,loso_subject_S008,49,0.0006168610395357927,,0.01694342167277572,,0.0004109423525312737
TCN1_c3e92e3b,TCN1,loso_subject_S008,50,0.0006187843318093595,,0.01668984802658001,,0.0003942473243151282
TCN1_c3e92e3b,TCN1,loso_subject_S008,51,0.0006675902461835869,,0.017983668028302417,,0.0003777924554357096
TCN1_c3e92e3b,TCN1,loso_subject_S008,52,0.0005298128782560116,,0.016047650940770507,,0.0003616031181081575
TCN1_c3e92e3b,TCN1,loso_subject_S008,53,0.0005445458339484104,,0.01571626937809486,,0.000345704275117204
TCN1_c3e92e3b,TCN1,loso_subject_S008,54,0.0005772905421540669,,0.016196745622861195,,0.00033012044132637024
TCN1_c3e92e3b,TCN1,loso_subject_S008,55,0.0005564671378151417,,0.015856480955692965,,0.00031487564587782306
TCN1_c3e92e3b,TCN1,loso_subject_S008,56,0.000537756728898647,,0.015040174011981778,,0.00029999339514117897
TCN1_c3e92e3b,TCN1,loso_subject_S008,57,0.000519145070964256,,0.015414273048905762,,0.0002854966364683872
TCN1_c3e92e3b,TCN1,loso_subject_S008,58,0.00045524876595019905,,0.014867261540906505,,0.0002714077228105749
TCN1_c3e92e3b,TCN1,loso_subject_S008,59,0.000490138684850911,,0.014966837595840072,,0.00025774837825141746
TCN1_c3e92e3b,TCN1,loso_subject_S008,60,0.0005028877647077106,,0.015392804799402967,,0.0002445396645101764
TCN1_c3e92e3b,TCN1,loso_subject_S008,61,0.00048743122765636606,,0.014914237875010618,,0.0002318019484660537
TCN1_c3e92e3b,TCN1,loso_subject_S008,62,0.00046357129374426537,,0.014679480307075379,,0.00021955487075394156
TCN1_c3e92e3b,TCN1,loso_subject_S008,63,0.0005166674244527604,,0.015184048968807977,,0.0002078173154799862
TCN1_c3e92e3b,TCN1,loso_subject_S008,64,0.0004700299920596664,,0.01509627734491519,,0.00019660738110366478
TCN1_c3e92e3b,TCN1,loso_subject_S008,65,0.0004294508602816863,,0.014297495666376059,,0.00018594235253127373
TCN1_c3e92e3b,TCN1,loso_subject_S008,66,0.000413079232984906,,0.014174056203060795,,0.00017583867446385477
TCN1_c3e92e3b,TCN1,loso_subject_S008,67,0.0004335807163977452,,0.01446278544955207,,0.00016631192604065853
TCN1_c3e92e3b,TCN1,loso_subject_S008,68,0.0004233864150698063,,0.013801576572758208,,0.00015737679681724137
TCN1_c3e92e3b,TCN1,loso_subject_S008,69,0.00046005809386393323,,0.014207887491007896,,0.0001490470641152345
TCN1_c3e92e3b,TCN1,loso_subject_S008,70,0.0004274767094592531,,0.013971521741631092,,0.00014133557177871338
TCN1_c3e92e3b,TCN1,loso_subject_S008,71,0.0004437490381654241,,0.014124579547672064,,0.00013425421036992097
TCN1_c3e92e3b,TCN1,loso_subject_S008,72,0.0004244013162565397,,0.013971472305105783,,0.00012781389883488212
TCN1_c3e92e3b,TCN1,loso_subject_S008,73,0.00042017632978274915,,0.013908000437334466,,0.0001220245676671809
TCN1_c3e92e3b,TCN1,loso_subject_S008,74,0.00046098157935099357,,0.014482626574968242,,0.00011689514359585877
TCN1_c3e92e3b,TCN1,loso_subject_S008,75,0.0003991649745343146,,0.013779668801252727,,0.00011243353582104555
TCN1_c3e92e3b,TCN1,loso_subject_S008,76,0.00041979857142441455,,0.013541421407376355,,0.0001086466238185463
TCN1_c3e92e3b,TCN1,loso_subject_S008,77,0.0004258146182471217,,0.01387619029750282,,0.00010554024673218805
TCN1_c3e92e3b,TCN1,loso_subject_S008,78,0.00040474216294478596,,0.013607957111307913,,0.00010311919437028317
TCN1_c3e92e3b,TCN1,loso_subject_S008,79,0.0004371069297929492,,0.013716761241614582,,0.00010138719982009242
TCN1_c3e92e3b,TCN1,loso_subject_S008,80,0.0004001279134031516,,0.013483632278266842,,0.0001003469336916747
TCN1_c3e92e3b,TCN1,loso_subject_S009,1,0.24517483763735404,,0.3504869169132276,,0.001
TCN1_c3e92e3b,TCN1,loso_subject_S009,2,0.042947233908555725,,0.15041582760485736,,0.0009996530663083252
TCN1_c3e92e3b,TCN1,loso_subject_S009,3,0.023887548299336977,,0.11287093670530753,,0.0009986128001799074
TCN1_c3e92e3b,TCN1,loso_subject_S009,4,0.015569039705124769,,0.09219788031821902,,0.0009968808056297167
TCN1_c3e92e3b,TCN1,loso_subject_S009,5,0.011402889451181347,,0.07846699841320515,,0.0009944597532678117
TCN1_c3e92e3b,TCN1,loso_subject_S009,6,0.008975424973124807,,0.06972700721499595,,0.0009913533761814533
TCN1_c3e92e3b,TCN1,loso_subject_S009,7,0.008432259380986745,,0.06693071067671884,,0.000987566464178954
TCN1_c3e92e3b,TCN1,loso_subject_S009,8,0.00644494459265843,,0.05805466832085089,,0.0009831048564041408
TCN1_c3e92e3b,TCN1,loso_subject_S009,9,0.00575212589782578,,0.05481329628012397,,0.0009779754323328187
TCN1_c3e92e3b,TCN1,loso_subject_S009,10,0.004540925215802748,,0.04975046522238038,,0.0009721861011651174
TCN1_c3e92e3b,TCN1,loso_subject_S009,11,0.004098286180206659,,0.046073067763989624,,0.0009657457896300785
TCN1_c3e92e3b,TCN1,loso_subject_S009,12,0.004239789705025032,,0.04596447478979826,,0.000958664428221286
TCN1_c3e92e3b,TCN1,loso_subject_S009,13,0.0034053781075106763,,0.042246696539223194,,0.000950952935884765
TCN1_c3e92e3b,TCN1,loso_subject_S009,14,0.003021076522682878,,0.04007828777486628,,0.0009426232031827582
TCN1_c3e92e3b,TCN1,loso_subject_S009,15,0.002820690622849559,,0.03894431601193818,,0.0009336880739593409
TCN1_c3e92e3b,TCN1,loso_subject_S009,16,0.0026921430094675584,,0.03698490695519881,,0.0009241613255361449
TCN1_c3e92e3b,TCN1,loso_subject_S009,17,0.002401643377114934,,0.03497161060063676,,0.0009140576474687258
TCN1_c3e92e3b,TCN1,loso_subject_S009,18,0.0024129337186671114,,0.03511822845956141,,0.0009033926188963346
TCN1_c3e92e3b,TCN1,loso_subject_S009,19,0.0021121808333026074,,0.03276898250491782,,0.0008921826845200134
TCN1_c3e92e3b,TCN1,loso_subject_S009,20,0.0020826528396520935,,0.03298988553102721,,0.000880445129246058
TCN1_c3e92e3b,TCN1,loso_subject_S009,21,0.001936402810811573,,0.03147765748541464,,0.0008681980515339459
TCN1_c3e92e3b,TCN1,loso_subject_S009,22,0.001740835704946552,,0.030079782390120356,,0.0008554603354898234
TCN1_c3e92e3b,TCN1,loso_subject_S009,23,0.0017082312406273559,,0.029347200369970364,,0.0008422516217485822
TCN1_c3e92e3b,TCN1,loso_subject_S009,24,0.0017027127297214147,,0.028727115216580303,,0.0008285922771894248
TCN1_c3e92e3b,TCN1,loso_subject_S009,25,0.0014521996067328887,,0.026585338891229847,,0.0008145033635316124
TCN1_c3e92e3b,TCN1,loso_subject_S009,26,0.0014038906546457756,,0.02613249107856642,,0.0008000066048588205
TCN1_c3e92e3b,TCN1,loso_subject_S009,27,0.0013432289534565907,,0.025878939650614153,,0.0007851243541221765
TCN1_c3e92e3b,TCN1,loso_subject_S009,28,0.0013901505696015772,,0.02604495750909502,,0.0007698795586736293
TCN1_c3e92e3b,TCN1,loso_subject_S009,29,0.0012002791772829369,,0.02462954827668992,,0.0007542957248827956
TCN1_c3e92e3b,TCN1,loso_subject_S009,30,0.0012623718893420037,,0.02484217353842475,,0.0007383968818918422
TCN1_c3e92e3b,TCN1,loso_subject_S009,31,0.001362295453542505,,0.025581759527664293,,0.00072220754456429
TCN1_c3e92e3b,TCN1,loso_subject_S009,32,0.0013077220540832388,,0.0252083440057256,,0.0007057526756848715
TCN1_c3e92e3b,TCN1,loso_subject_S009,33,0.0011316180058532734,,0.02344396367499774,,0.000689057647468726
TCN1_c3e92e3b,TCN1,loso_subject_S009,34,0.0010254569973436776,,0.021723923527381638,,0.000672148202439283
TCN1_c3e92e3b,TCN1,loso_subject_S009,35,0.0010487185056924566,,0.02242207798090848,,0.0006550504137351571
TCN1_c3e92e3b,TCN1,loso_subject_S009,36,0.001016085960145574,,0.0222112041559409,,0.0006377906449072574
TCN1_c3e92e3b,TCN1,loso_subject_S009,37,0.0009027980268001556,,0.020733614028854805,,0.0006203955092681036
TCN1_c3e92e3b,TCN1,loso_subject_S009,38,0.0009383741178846157,,0.020752982194112105,,0.0006028918288560267
TCN1_c3e92e3b,TCN1,loso_subject_S009,39,0.0009523433016676626,,0.021064675751734863,,0.00058530659307753
TCN1_c3e92e3b,TCN1,loso_subject_S009,40,0.0008106509842698208,,0.019912278216162867,,0.0005676669170915806
TCN1_c3e92e3b,TCN1,loso_subject_S009,41,0.0008336898747736334,,0.019677157365632327,,0.0005499999999999997
TCN1_c3e92e3b,TCN1,loso_subject_S009,42,0.0010034712342365476,,0.02105405003848401,,0.000532333082908419
TCN1_c3e92e3b,TCN1,loso_subject_S009,43,0.0008071126563167622,,0.019351400837132878,,0.0005146934069224697
TCN1_c3e92e3b,TCN1,loso_subject_S009,44,0.0008903310259814713,,0.020008000968532128,,0.000497108171143973
TCN1_c3e92e3b,TCN1,loso_subject_S009,45,0.0008061242095374672,,0.020020948722958565,,0.00047960449073189616
TCN1_c3e92e3b,TCN1,loso_subject_S009,46,0.0007842576729176058,,0.018887012265622616,,0.00046220935509274226
TCN1_c3e92e3b,TCN1,loso_subject_S009,47,0.0007265920827525075,,0.019027079646052283,,0.00044494958626484254
TCN1_c3e92e3b,TCN1,loso_subject_S009,48,0.000700312585236547,,0.0181397031146017,,0.00042785179756071645
TCN1_c3e92e3b,TCN1,loso_subject_S009,49,0.0007055132869440554,,0.018560184779661624,,0.0004109423525312737
TCN1_c3e92e3b,TCN1,loso_subject_S009,50,0.0007273316871512427,,0.018076844936744732,,0.0003942473243151282
TCN1_c3e92e3b,TCN1,loso_subject_S009,51,0.0007135807715134102,,0.017723583954979073,,0.0003777924554357096
TCN1_c3e92e3b,TCN1,loso_subject_S009,52,0.0007774433629079299,,0.01813885374841365,,0.0003616031181081575
TCN1_c3e92e3b,TCN1,loso_subject_S009,53,0.0006613009675427086,,0.01751934669234536,,0.000345704275117204
TCN1_c3e92e3b,TCN1,loso_subject_S009,54,0.000640902103358795,,0.017192177051170307,,0.00033012044132637024
TCN1_c3e92e3b,TCN1,loso_subject_S009,55,0.0006447871631032533,,0.016776159998368134,,0.00031487564587782306
TCN1_c3e92e3b,TCN1,loso_subject_S009,56,0.0006666863046120852,,0.016843023773452096,,0.00029999339514117897
TCN1_c3e92e3b,TCN1,loso_subject_S009,57,0.0006141335755025714,,0.01678942865692079,,0.0002854966364683872
TCN1_c3e92e3b,TCN1,loso_subject_S009,58,0.0006456787430744788,,0.016928417629308322,,0.0002714077228105749
TCN1_c3e92e3b,TCN1,loso_subject_S009,59,0.0006506616707404398,,0.016772776524620978,,0.00025774837825141746
TCN1_c3e92e3b,TCN1,loso_subject_S009,60,0.0005774126915308774,,0.015889806440100074,,0.0002445396645101764
TCN1_c3e92e3b,TCN1,loso_subject_S009,61,0.0006652453838879327,,0.016636725620959292,,0.0002318019484660537
TCN1_c3e92e3b,TCN1,loso_subject_S009,62,0.0006048558342709756,,0.016127897849814457,,0.00021955487075394156
TCN1_c3e92e3b,TCN1,loso_subject_S009,63,0.0005647627298127521,,0.015734816986051472,,0.0002078173154799862
TCN1_c3e92e3b,TCN1,loso_subject_S009,64,0.0005578370295221579,,0.015802984464574944,,0.00019660738110366478
TCN1_c3e92e3b,TCN1,loso_subject_S009,65,0.0005730105450228704,,0.015608183700929989,,0.00018594235253127373
TCN1_c3e92e3b,TCN1,loso_subject_S009,66,0.0005723906327726912,,0.01552661508321762,,0.00017583867446385477
TCN1_c3e92e3b,TCN1,loso_subject_S009,67,0.0005415963774298275,,0.015240487854250452,,0.00016631192604065853
TCN1_c3e92e3b,TCN1,loso_subject_S009,68,0.0005200486666581128,,0.01504436939616095,,0.00015737679681724137
TCN1_c3e92e3b,TCN1,loso_subject_S009,69,0.0005090494335242759,,0.015024174809117209,,0.0001490470641152345
TCN1_c3e92e3b,TCN1,loso_subject_S009,70,0.0005453158195119944,,0.015146007951857015,,0.00014133557177871338
TCN1_c3e92e3b,TCN1,loso_subject_S009,71,0.0005064477634071161,,0.01489094581285661,,0.00013425421036992097
TCN1_c3e92e3b,TCN1,loso_subject_S009,72,0.0005320147525212219,,0.015299541219560937,,0.00012781389883488212
TCN1_c3e92e3b,TCN1,loso_subject_S009,73,0.0005152102434790736,,0.014910621822557667,,0.0001220245676671809
TCN1_c3e92e3b,TCN1,loso_subject_S009,74,0.0005234143017415507,,0.014819784513251348,,0.00011689514359585877
TCN1_c3e92e3b,TCN1,loso_subject_S009,75,0.0005548807249314533,,0.014974103626710448,,0.00011243353582104555
TCN1_c3e92e3b,TCN1,loso_subject_S009,76,0.0005531184254902076,,0.015009617517617617,,0.0001086466238185463
TCN1_c3e92e3b,TCN1,loso_subject_S009,77,0.0005108085652781566,,0.014688934263011271,,0.00010554024673218805
TCN1_c3e92e3b,TCN1,loso_subject_S009,78,0.0005208491638768464,,0.014783081386915663,,0.00010311919437028317
TCN1_c3e92e3b,TCN1,loso_subject_S009,79,0.0005295323902497661,,0.014920683387158946,,0.00010138719982009242
TCN1_c3e92e3b,TCN1,loso_subject_S009,80,0.0004668014464021491,,0.01444017459553751,,0.0001003469336916747
TCN1_c3e92e3b,TCN1,loso_subject_S010,1,0.2316787000301426,,0.33145331226675906,,0.001
TCN1_c3e92e3b,TCN1,loso_subject_S010,2,0.03530213155693585,,0.13747171517383167,,0.0009996530663083252
TCN1_c3e92e3b,TCN1,loso_subject_S010,3,0.02075197270236711,,0.10601933114491874,,0.0009986128001799074
TCN1_c3e92e3b,TCN1,loso_subject_S010,4,0.014783872399860561,,0.08849974770783375,,0.0009968808056297167
TCN1_c3e92e3b,TCN1,loso_subject_S010,5,0.010655044159377817,,0.07592556803770688,,0.0009944597532678117
TCN1_c3e92e3b,TCN1,loso_subject_S010,6,0.008309594706892132,,0.06686469674277606,,0.0009913533761814533
TCN1_c3e92e3b,TCN1,loso_subject_S010,7,0.006410450055453336,,0.05918875707086139,,0.000987566464178954
TCN1_c3e92e3b,TCN1,loso_subject_S010,8,0.005931232270861742,,0.056055374286786704,,0.0009831048564041408
TCN1_c3e92e3b,TCN1,loso_subject_S010,9,0.004989812627361583,,0.05119242844123493,,0.0009779754323328187
TCN1_c3e92e3b,TCN1,loso_subject_S010,10,0.004000055102427682,,0.04590300786691662,,0.0009721861011651174
TCN1_c3e92e3b,TCN1,loso_subject_S010,11,0.003497036723851071,,0.042800798400881246,,0.0009657457896300785
TCN1_c3e92e3b,TCN1,loso_subject_S010,12,0.0031148142117332946,,0.04070871933082545,,0.000958664428221286
TCN1_c3e92e3b,TCN1,loso_subject_S010,13,0.00302999034369832,,0.03963863617658281,,0.000950952935884765
TCN1_c3e92e3b,TCN1,loso_subject_S010,14,0.0025817988776578337,,0.03725873275044757,,0.0009426232031827582
TCN1_c3e92e3b,TCN1,loso_subject_S010,15,0.002179646531451718,,0.03413674410897585,,0.0009336880739593409
TCN1_c3e92e3b,TCN1,loso_subject_S010,16,0.002248308888955243,,0.03420382339982799,,0.0009241613255361449
TCN1_c3e92e3b,TCN1,loso_subject_S010,17,0.0018978965048107408,,0.03110216655683551,,0.0009140576474687258
TCN1_c3e92e3b,TCN1,loso_subject_S010,18,0.0017636647130536414,,0.030632776193853684,,0.0009033926188963346
TCN1_c3e92e3b,TCN1,loso_subject_S010,19,0.0017640462788840728,,0.029865381536485436,,0.0008921826845200134
TCN1_c3e92e3b,TCN1,loso_subject_S010,20,0.0017928792441950859,,0.030120703027300213,,0.000880445129246058
TCN1_c3e92e3b,TCN1,loso_subject_S010,21,0.001579384046487855,,0.028249035123082564,,0.0008681980515339459
TCN1_c3e92e3b,TCN1,loso_subject_S010,22,0.001448262213150674,,0.027269207586391946,,0.0008554603354898234
TCN1_c3e92e3b,TCN1,loso_subject_S010,23,0.0015479704406932727,,0.027970263742297094,,0.0008422516217485822
TCN1_c3e92e3b,TCN1,loso_subject_S010,24,0.0013581476063920814,,0.02576445415877276,,0.0008285922771894248
TCN1_c3e92e3b,TCN1,loso_subject_S010,25,0.001293044618453679,,0.025200617195304278,,0.0008145033635316124
TCN1_c3e92e3b,TCN1,loso_subject_S010,26,0.0012096549207305466,,0.02452960070144244,,0.0008000066048588205
TCN1_c3e92e3b,TCN1,loso_subject_S010,27,0.0010838485606991769,,0.02305017485378668,,0.0007851243541221765
TCN1_c3e92e3b,TCN1,loso_subject_S010,28,0.0010204398221673305,,0.022366064217929086,,0.0007698795586736293
TCN1_c3e92e3b,TCN1,loso_subject_S010,29,0.0010391030265318772,,0.022741751818490565,,0.0007542957248827956
TCN1_c3e92e3b,TCN1,loso_subject_S010,30,0.000926880823607657,,0.02200414710070776,,0.0007383968818918422
TCN1_c3e92e3b,TCN1,loso_subject_S010,31,0.0010736810966286427,,0.023543557149539655,,0.00072220754456429
TCN1_c3e92e3b,TCN1,loso_subject_S010,32,0.0009474395687768933,,0.02116839184333031,,0.0007057526756848715
TCN1_c3e92e3b,TCN1,loso_subject_S010,33,0.0009931877466391507,,0.022244428567912266,,0.000689057647468726
TCN1_c3e92e3b,TCN1,loso_subject_S010,34,0.0009715752545509064,,0.021142144994431424,,0.000672148202439283
TCN1_c3e92e3b,TCN1,loso_subject_S010,35,0.0008792312418046665,,0.02068942610493131,,0.0006550504137351571
TCN1_c3e92e3b,TCN1,loso_subject_S010,36,0.0008477293240490303,,0.02049724128865343,,0.0006377906449072574
TCN1_c3e92e3b,TCN1,loso_subject_S010,37,0.0008168952116843308,,0.02005195635440139,,0.0006203955092681036
TCN1_c3e92e3b,TCN1,loso_subject_S010,38,0.000811983915313629,,0.019607720980198654,,0.0006028918288560267
TCN1_c3e92e3b,TCN1,loso_subject_S010,39,0.0008058298969749743,,0.01917858405866847,,0.00058530659307753
TCN1_c3e92e3b,TCN1,loso_subject_S010,40,0.000800990372078838,,0.018567654997800043,,0.0005676669170915806
TCN1_c3e92e3b,TCN1,loso_subject_S010,41,0.0006972706497406527,,0.018188758422770807,,0.0005499999999999997
TCN1_c3e92e3b,TCN1,loso_subject_S010,42,0.0006933572307310027,,0.018096628866640416,,0.000532333082908419
TCN1_c3e92e3b,TCN1,loso_subject_S010,43,0.000635220065907553,,0.017067043408542495,,0.0005146934069224697
TCN1_c3e92e3b,TCN1,loso_subject_S010,44,0.000684593713317892,,0.01783554427336175,,0.000497108171143973
TCN1_c3e92e3b,TCN1,loso_subject_S010,45,0.0005836974501905004,,0.016935785325847535,,0.00047960449073189616
TCN1_c3e92e3b,TCN1,loso_subject_S010,46,0.0006099383400290744,,0.016929294688034106,,0.00046220935509274226
TCN1_c3e92e3b,TCN1,loso_subject_S010,47,0.0006051423516876207,,0.016165539116806352,,0.00044494958626484254
TCN1_c3e92e3b,TCN1,loso_subject_S010,48,0.0006660276563148449,,0.016687972957025402,,0.00042785179756071645
TCN1_c3e92e3b,TCN1,loso_subject_S010,49,0.0005675653510186221,,0.016218741050807742,,0.0004109423525312737
TCN1_c3e92e3b,TCN1,loso_subject_S010,50,0.0007068055635677366,,0.017812073482840543,,0.0003942473243151282
TCN1_c3e92e3b,TCN1,loso_subject_S010,51,0.0005869098894427391,,0.016328794432367715,,0.0003777924554357096
TCN1_c3e92e3b,TCN1,loso_subject_S010,52,0.0005784686271109073,,0.01594982356313736,,0.0003616031181081575
TCN1_c3e92e3b,TCN1,loso_subject_S010,53,0.0005023949709361704,,0.01538991181997564,,0.000345704275117204
TCN1_c3e92e3b,TCN1,loso_subject_S010,54,0.0005367042355240698,,0.015525198712694194,,0.00033012044132637024
TCN1_c3e92e3b,TCN1,loso_subject_S010,55,0.000553328125222637,,0.01533155257423078,,0.00031487564587782306
TCN1_c3e92e3b,TCN1,loso_subject_S010,56,0.0005265691776095065,,0.015331789386180473,,0.00029999339514117897
TCN1_c3e92e3b,TCN1,loso_subject_S010,57,0.0005202882034641391,,0.014902488109074418,,0.0002854966364683872
TCN1_c3e92e3b,TCN1,loso_subject_S010,58,0.0004933134066393249,,0.014710210318589613,,0.0002714077228105749
TCN1_c3e92e3b,TCN1,loso_subject_S010,59,0.00045619336143658506,,0.01423842796917383,,0.00025774837825141746
TCN1_c3e92e3b,TCN1,loso_subject_S010,60,0.0005531866785248566,,0.015273132827786041,,0.0002445396645101764
TCN1_c3e92e3b,TCN1,loso_subject_S010,61,0.0005328169755107327,,0.015082360962392738,,0.0002318019484660537
TCN1_c3e92e3b,TCN1,loso_subject_S010,62,0.00044553597977085803,,0.014388697138278214,,0.00021955487075394156
TCN1_c3e92e3b,TCN1,loso_subject_S010,63,0.00043437482239247455,,0.01377795155971281,,0.0002078173154799862
TCN1_c3e92e3b,TCN1,loso_subject_S010,64,0.0005032815714546337,,0.014352622217280583,,0.00019660738110366478
TCN1_c3e92e3b,TCN1,loso_subject_S010,65,0.00048755268650560484,,0.01433617890215522,,0.00018594235253127373
TCN1_c3e92e3b,TCN1,loso_subject_S010,66,0.00046499811999792387,,0.014019425400646423,,0.00017583867446385477
TCN1_c3e92e3b,TCN1,loso_subject_S010,67,0.00046164011522320324,,0.013644145612263996,,0.00016631192604065853
TCN1_c3e92e3b,TCN1,loso_subject_S010,68,0.00042935631587823165,,0.01368456365877624,,0.00015737679681724137
TCN1_c3e92e3b,TCN1,loso_subject_S010,69,0.0004686079366651179,,0.013735020851917554,,0.0001490470641152345
TCN1_c3e92e3b,TCN1,loso_subject_S010,70,0.00040978368408135487,,0.013397608224046514,,0.00014133557177871338
TCN1_c3e92e3b,TCN1,loso_subject_S010,71,0.00045317336136467366,,0.01375344120551209,,0.00013425421036992097
TCN1_c3e92e3b,TCN1,loso_subject_S010,72,0.0004175248765280512,,0.01301880285070705,,0.00012781389883488212
TCN1_c3e92e3b,TCN1,loso_subject_S010,73,0.00040187470999097013,,0.013089604546455733,,0.0001220245676671809
TCN1_c3e92e3b,TCN1,loso_subject_S010,74,0.00037589140923685284,,0.013098758957538164,,0.00011689514359585877
TCN1_c3e92e3b,TCN1,loso_subject_S010,75,0.00041187825120611934,,0.013156347503156765,,0.00011243353582104555
TCN1_c3e92e3b,TCN1,loso_subject_S010,76,0.00041332775878760475,,0.013363471096655848,,0.0001086466238185463
TCN1_c3e92e3b,TCN1,loso_subject_S010,77,0.0004507407476161548,,0.013420176988815024,,0.00010554024673218805
TCN1_c3e92e3b,TCN1,loso_subject_S010,78,0.0003930918895541514,,0.012957932678316452,,0.00010311919437028317
TCN1_c3e92e3b,TCN1,loso_subject_S010,79,0.00037701352976842524,,0.012782122570169674,,0.00010138719982009242
TCN1_c3e92e3b,TCN1,loso_subject_S010,80,0.000401341238574727,,0.012926820619880819,,0.0001003469336916747
TCN1_c3e92e3b,TCN1,loso_subject_S011,1,0.16241778504363905,,0.28543969518207474,,0.001
TCN1_c3e92e3b,TCN1,loso_subject_S011,2,0.032450742581494676,,0.133117816701666,,0.0009996530663083252
TCN1_c3e92e3b,TCN1,loso_subject_S011,3,0.01860354240459018,,0.10092158135003013,,0.0009986128001799074
TCN1_c3e92e3b,TCN1,loso_subject_S011,4,0.010833981737005905,,0.07873896798558282,,0.0009968808056297167
TCN1_c3e92e3b,TCN1,loso_subject_S011,5,0.008973259474601075,,0.07116559722643706,,0.0009944597532678117
TCN1_c3e92e3b,TCN1,loso_subject_S011,6,0.0061717849801546576,,0.05942940155362636,,0.0009913533761814533
TCN1_c3e92e3b,TCN1,loso_subject_S011,7,0.00516793299795092,,0.053640932470370634,,0.000987566464178954
TCN1_c3e92e3b,TCN1,loso_subject_S011,8,0.004487948824473002,,0.05045915876729267,,0.0009831048564041408
TCN1_c3e92e3b,TCN1,loso_subject_S011,9,0.0037224475080449623,,0.045927394731122936,,0.0009779754323328187
TCN1_c3e92e3b,TCN1,loso_subject_S011,10,0.0035906323617652643,,0.04421258546030613,,0.0009721861011651174
TCN1_c3e92e3b,TCN1,loso_subject_S011,11,0.0027916913754102647,,0.03943237434610271,,0.0009657457896300785
TCN1_c3e92e3b,TCN1,loso_subject_S011,12,0.002934217990639966,,0.03898395006424928,,0.000958664428221286
TCN1_c3e92e3b,TCN1,loso_subject_S011,13,0.002563054134022954,,0.03704548796764103,,0.000950952935884765
TCN1_c3e92e3b,TCN1,loso_subject_S011,14,0.002239573213722658,,0.03438777928220344,,0.0009426232031827582
TCN1_c3e92e3b,TCN1,loso_subject_S011,15,0.002236998088342534,,0.03420132542307579,,0.0009336880739593409
TCN1_c3e92e3b,TCN1,loso_subject_S011,16,0.00192311763654062,,0.03187917099811333,,0.0009241613255361449
TCN1_c3e92e3b,TCN1,loso_subject_S011,17,0.0018128066596488773,,0.03128668903437056,,0.0009140576474687258
TCN1_c3e92e3b,TCN1,loso_subject_S011,18,0.0016780268507157433,,0.029789341900930154,,0.0009033926188963346
TCN1_c3e92e3b,TCN1,loso_subject_S011,19,0.0014704045422942907,,0.027656027215899694,,0.0008921826845200134
TCN1_c3e92e3b,TCN1,loso_subject_S011,20,0.0014308116986631585,,0.02683912127257869,,0.000880445129246058
TCN1_c3e92e3b,TCN1,loso_subject_S011,21,0.001276706261018166,,0.025532980699699115,,0.0008681980515339459
TCN1_c3e92e3b,TCN1,loso_subject_S011,22,0.0011305333138217633,,0.02398128891734524,,0.0008554603354898234
TCN1_c3e92e3b,TCN1,loso_subject_S011,23,0.0011685987940974478,,0.023935493564762253,,0.0008422516217485822
TCN1_c3e92e3b,TCN1,loso_subject_S011,24,0.0011189510725973272,,0.02345362607503105,,0.0008285922771894248
TCN1_c3e92e3b,TCN1,loso_subject_S011,25,0.0010394056970047941,,0.022728318432031287,,0.0008145033635316124
TCN1_c3e92e3b,TCN1,loso_subject_S011,26,0.0010159239112760956,,0.02242882903908339,,0.0008000066048588205
TCN1_c3e92e3b,TCN1,loso_subject_S011,27,0.0009528220669234308,,0.021727370283936887,,0.0007851243541221765
TCN1_c3e92e3b,TCN1,loso_subject_S011,28,0.000996329080545262,,0.022513549361102513,,0.0007698795586736293
TCN1_c3e92e3b,TCN1,loso_subject_S011,29,0.0009582825133582597,,0.02163300450172122,,0.0007542957248827956
TCN1_c3e92e3b,TCN1,loso_subject_S011,30,0.0008338687333416078,,0.020556123021151278,,0.0007383968818918422
TCN1_c3e92e3b,TCN1,loso_subject_S011,31,0.0008390000058143618,,0.020360998250357122,,0.00072220754456429
TCN1_c3e92e3b,TCN1,loso_subject_S011,32,0.0008155110253734024,,0.019559745621042093,,0.0007057526756848715
TCN1_c3e92e3b,TCN1,loso_subject_S011,33,0.0007363285987917427,,0.01868489723030681,,0.000689057647468726
TCN1_c3e92e3b,TCN1,loso_subject_S011,34,0.0006878519522167328,,0.018299603036471775,,0.000672148202439283
TCN1_c3e92e3b,TCN1,loso_subject_S011,35,0.0006704328716216891,,0.017732746168153467,,0.0006550504137351571
TCN1_c3e92e3b,TCN1,loso_subject_S011,36,0.0007597551713895467,,0.018542605891260427,,0.0006377906449072574
TCN1_c3e92e3b,TCN1,loso_subject_S011,37,0.0007171153083727806,,0.018531370908021927,,0.0006203955092681036
TCN1_c3e92e3b,TCN1,loso_subject_S011,38,0.000701905870643454,,0.018797423803350647,,0.0006028918288560267
TCN1_c3e92e3b,TCN1,loso_subject_S011,39,0.0006802717442787073,,0.017868372902408735,,0.00058530659307753
TCN1_c3e92e3b,TCN1,loso_subject_S011,40,0.00063990059766891,,0.017632539350104476,,0.0005676669170915806
TCN1_c3e92e3b,TCN1,loso_subject_S011,41,0.0006088825498416885,,0.01658941154278174,,0.0005499999999999997
TCN1_c3e92e3b,TCN1,loso_subject_S011,42,0.0006179647161688421,,0.017092704733378136,,0.000532333082908419
TCN1_c3e92e3b,TCN1,loso_subject_S011,43,0.000595957173949669,,0.01658436603776864,,0.0005146934069224697
TCN1_c3e92e3b,TCN1,loso_subject_S011,44,0.0006026004027221919,,0.016676563615033602,,0.000497108171143973
TCN1_c3e92e3b,TCN1,loso_subject_S011,45,0.0005547779517658161,,0.015839223301567215,,0.00047960449073189616
TCN1_c3e92e3b,TCN1,loso_subject_S011,46,0.0005503483332398196,,0.015844894813011625,,0.00046220935509274226
TCN1_c3e92e3b,TCN1,loso_subject_S011,47,0.0005511184313433296,,0.015378068312479126,,0.00044494958626484254
TCN1_c3e92e3b,TCN1,loso_subject_S011,48,0.0005045496215937891,,0.015221280414410442,,0.00042785179756071645
TCN1_c3e92e3b,TCN1,loso_subject_S011,49,0.0005056523206281077,,0.014933078343845722,,0.0004109423525312737
TCN1_c3e92e3b,TCN1,loso_subject_S011,50,0.0005490952262718152,,0.015591471577508767,,0.0003942473243151282
TCN1_c3e92e3b,TCN1,loso_subject_S011,51,0.0005213288367062548,,0.015116258892338186,,0.0003777924554357096
TCN1_c3e92e3b,TCN1,loso_subject_S011,52,0.0004923529555293859,,0.015268464463050349,,0.0003616031181081575
TCN1_c3e92e3b,TCN1,loso_subject_S011,53,0.00046807054825411914,,0.014474776374377427,,0.000345704275117204
TCN1_c3e92e3b,TCN1,loso_subject_S011,54,0.00044732849767111307,,0.014059692436150581,,0.00033012044132637024
TCN1_c3e92e3b,TCN1,loso_subject_S011,55,0.00043247879673299986,,0.013552239829317289,,0.00031487564587782306
TCN1_c3e92e3b,TCN1,loso_subject_S011,56,0.0004336340098757722,,0.013531967917785631,,0.00029999339514117897
TCN1_c3e92e3b,TCN1,loso_subject_S011,57,0.0004445692510652945,,0.013795304649929192,,0.0002854966364683872
TCN1_c3e92e3b,TCN1,loso_subject_S011,58,0.0004170417135399332,,0.013491945713259935,,0.0002714077228105749
TCN1_c3e92e3b,TCN1,loso_subject_S011,59,0.0004480307485433728,,0.01382891623650398,,0.00025774837825141746
TCN1_c3e92e3b,TCN1,loso_subject_S011,60,0.0004209371794608112,,0.013267117447455658,,0.0002445396645101764
TCN1_c3e92e3b,TCN1,loso_subject_S011,61,0.0004240966835883753,,0.013280366193447057,,0.0002318019484660537
TCN1_c3e92e3b,TCN1,loso_subject_S011,62,0.00040248107450898,,0.013006415497916684,,0.00021955487075394156
TCN1_c3e92e3b,TCN1,loso_subject_S011,63,0.00039253859277054364,,0.012995284292491712,,0.0002078173154799862
TCN1_c3e92e3b,TCN1,loso_subject_S011,64,0.0004060208148650707,,0.013159074042242938,,0.00019660738110366478
TCN1_c3e92e3b,TCN1,loso_subject_S011,65,0.0003876398432042198,,0.012812113097107662,,0.00018594235253127373
TCN1_c3e92e3b,TCN1,loso_subject_S011,66,0.00037919918238337244,,0.012837380722013056,,0.00017583867446385477
TCN1_c3e92e3b,TCN1,loso_subject_S011,67,0.0004026377900771849,,0.012657234307806024,,0.00016631192604065853
TCN1_c3e92e3b,TCN1,loso_subject_S011,68,0.0003881805488692834,,0.012965823868622984,,0.00015737679681724137
TCN1_c3e92e3b,TCN1,loso_subject_S011,69,0.0003803961210082294,,0.012271839632397512,,0.0001490470641152345
TCN1_c3e92e3b,TCN1,loso_subject_S011,70,0.00036438455179951557,,0.012475035745649284,,0.00014133557177871338
TCN1_c3e92e3b,TCN1,loso_subject_S011,71,0.0003438897845068901,,0.012536472982115352,,0.00013425421036992097
TCN1_c3e92e3b,TCN1,loso_subject_S011,72,0.00034734810776386926,,0.0123356413273792,,0.00012781389883488212
TCN1_c3e92e3b,TCN1,loso_subject_S011,73,0.00036404703718984945,,0.012147122982848285,,0.0001220245676671809
TCN1_c3e92e3b,TCN1,loso_subject_S011,74,0.0003106569595048849,,0.011692910884529123,,0.00011689514359585877
TCN1_c3e92e3b,TCN1,loso_subject_S011,75,0.0003582338688827493,,0.012055679708008844,,0.00011243353582104555
TCN1_c3e92e3b,TCN1,loso_subject_S011,76,0.00032226191137616037,,0.012145605070379994,,0.0001086466238185463
TCN1_c3e92e3b,TCN1,loso_subject_S011,77,0.00036363196586708635,,0.012121901954606789,,0.00010554024673218805
TCN1_c3e92e3b,TCN1,loso_subject_S011,78,0.0003494380208011343,,0.01181491139488511,,0.00010311919437028317
TCN1_c3e92e3b,TCN1,loso_subject_S011,79,0.00034252642858748544,,0.011824990920261342,,0.00010138719982009242
TCN1_c3e92e3b,TCN1,loso_subject_S011,80,0.00034600459452253923,,0.011854775757838868,,0.0001003469336916747
TCN1_c3e92e3b,TCN1,loso_subject_S012,1,0.1596872707249812,,0.2802343285729537,,0.001
TCN1_c3e92e3b,TCN1,loso_subject_S012,2,0.02986298622257451,,0.1284969351782122,,0.0009996530663083252
TCN1_c3e92e3b,TCN1,loso_subject_S012,3,0.016562727358809374,,0.09600040554287188,,0.0009986128001799074
TCN1_c3e92e3b,TCN1,loso_subject_S012,4,0.010728114659200962,,0.07831019345372568,,0.0009968808056297167
TCN1_c3e92e3b,TCN1,loso_subject_S012,5,0.008126350136423634,,0.06871534415993354,,0.0009944597532678117
TCN1_c3e92e3b,TCN1,loso_subject_S012,6,0.006836078419683123,,0.061801045033653614,,0.0009913533761814533
TCN1_c3e92e3b,TCN1,loso_subject_S012,7,0.005680926027204798,,0.05596828492387421,,0.000987566464178954
TCN1_c3e92e3b,TCN1,loso_subject_S012,8,0.0050669477784547464,,0.05302054028686949,,0.0009831048564041408
TCN1_c3e92e3b,TCN1,loso_subject_S012,9,0.004415265084442423,,0.04935982355636867,,0.0009779754323328187
TCN1_c3e92e3b,TCN1,loso_subject_S012,10,0.0037762535668336332,,0.04594695845407756,,0.0009721861011651174
TCN1_c3e92e3b,TCN1,loso_subject_S012,11,0.0037584293481419356,,0.044324535791087125,,0.0009657457896300785
TCN1_c3e92e3b,TCN1,loso_subject_S012,12,0.0039741135003950835,,0.04517542121417501,,0.000958664428221286
TCN1_c3e92e3b,TCN1,loso_subject_S012,13,0.0031991443029908482,,0.042403522283383566,,0.000950952935884765
TCN1_c3e92e3b,TCN1,loso_subject_S012,14,0.0025897817319428043,,0.036101764789171174,,0.0009426232031827582
TCN1_c3e92e3b,TCN1,loso_subject_S012,15,0.002313009928109127,,0.0349342643759028,,0.0009336880739593409
TCN1_c3e92e3b,TCN1,loso_subject_S012,16,0.0021375800571449277,,0.03422481901188473,,0.0009241613255361449
TCN1_c3e92e3b,TCN1,loso_subject_S012,17,0.002003562913319432,,0.033085924034381715,,0.0009140576474687258
TCN1_c3e92e3b,TCN1,loso_subject_S012,18,0.001883225360191839,,0.031731041771662756,,0.0009033926188963346
TCN1_c3e92e3b,TCN1,loso_subject_S012,19,0.0016249549868915896,,0.029335550273047132,,0.0008921826845200134
TCN1_c3e92e3b,TCN1,loso_subject_S012,20,0.0017854714687489935,,0.03073779331881091,,0.000880445129246058
TCN1_c3e92e3b,TCN1,loso_subject_S012,21,0.0017215517810056833,,0.03061881917938912,,0.0008681980515339459
TCN1_c3e92e3b,TCN1,loso_subject_S012,22,0.0016197266535900874,,0.0293562846668696,,0.0008554603354898234
TCN1_c3e92e3b,TCN1,loso_subject_S012,23,0.001385867332611315,,0.02697038491547167,,0.0008422516217485822
TCN1_c3e92e3b,TCN1,loso_subject_S012,24,0.0012606490262701733,,0.025981626718810484,,0.0008285922771894248
TCN1_c3e92e3b,TCN1,loso_subject_S012,25,0.001331771731223183,,0.02594422533409902,,0.0008145033635316124
TCN1_c3e92e3b,TCN1,loso_subject_S012,26,0.0011637954068598893,,0.024468222699239824,,0.0008000066048588205
TCN1_c3e92e3b,TCN1,loso_subject_S012,27,0.0021865201577564893,,0.03293850973382191,,0.0007851243541221765
TCN1_c3e92e3b,TCN1,loso_subject_S012,28,0.001196466942511848,,0.024857157318248984,,0.0007698795586736293
TCN1_c3e92e3b,TCN1,loso_subject_S012,29,0.0013651051236661358,,0.02696414567448444,,0.0007542957248827956
TCN1_c3e92e3b,TCN1,loso_subject_S012,30,0.0011217319185633427,,0.02382896290383255,,0.0007383968818918422
TCN1_c3e92e3b,TCN1,loso_subject_S012,31,0.0010451574369432573,,0.02285979054781558,,0.00072220754456429
TCN1_c3e92e3b,TCN1,loso_subject_S012,32,0.001207739998508498,,0.024629757823481358,,0.0007057526756848715
TCN1_c3e92e3b,TCN1,loso_subject_S012,33,0.0009166904890413952,,0.021460832185466332,,0.000689057647468726
TCN1_c3e92e3b,TCN1,loso_subject_S012,34,0.0012304810928547127,,0.02513963398088764,,0.000672148202439283
TCN1_c3e92e3b,TCN1,loso_subject_S012,35,0.0008551597405696581,,0.0208672247047082,,0.0006550504137351571
TCN1_c3e92e3b,TCN1,loso_subject_S012,36,0.0010052550623231144,,0.02275471106523214,,0.0006377906449072574
TCN1_c3e92e3b,TCN1,loso_subject_S012,37,0.0011179268746119148,,0.023836556677209773,,0.0006203955092681036
TCN1_c3e92e3b,TCN1,loso_subject_S012,38,0.0008863268043114205,,0.020824882116734524,,0.0006028918288560267
TCN1_c3e92e3b,TCN1,loso_subject_S012,39,0.0009104342343311292,,0.021258371262187457,,0.00058530659307753
TCN1_c3e92e3b,TCN1,loso_subject_S012,40,0.0007565163730919697,,0.019154922496286014,,0.0005676669170915806
TCN1_c3e92e3b,TCN1,loso_subject_S012,41,0.0007500962620341184,,0.018868483788708035,,0.0005499999999999997
TCN1_c3e92e3b,TCN1,loso_subject_S012,42,0.0006971818696501352,,0.01831968457011853,,0.000532333082908419
TCN1_c3e92e3b,TCN1,loso_subject_S012,43,0.0009731237941141305,,0.021940932189751676,,0.0005146934069224697
TCN1_c3e92e3b,TCN1,loso_subject_S012,44,0.0007697194900021567,,0.019344744218984446,,0.000497108171143973
TCN1_c3e92e3b,TCN1,loso_subject_S012,45,0.0007539181392190696,,0.019313793120569626,,0.00047960449073189616
TCN1_c3e92e3b,TCN1,loso_subject_S012,46,0.0006989570225237836,,0.017958278036386954,,0.00046220935509274226
TCN1_c3e92e3b,TCN1,loso_subject_S012,47,0.0007254264547909012,,0.018476528616670995,,0.00044494958626484254
TCN1_c3e92e3b,TCN1,loso_subject_S012,48,0.0006656495482514895,,0.01809288685644295,,0.00042785179756071645
TCN1_c3e92e3b,TCN1,loso_subject_S012,49,0.0006961319331256646,,0.018459955564009544,,0.0004109423525312737
TCN1_c3e92e3b,TCN1,loso_subject_S012,50,0.0006558551286371894,,0.01771709417021128,,0.0003942473243151282
TCN1_c3e92e3b,TCN1,loso_subject_S012,51,0.0006044831034156847,,0.017270786554641444,,0.0003777924554357096
TCN1_c3e92e3b,TCN1,loso_subject_S012,52,0.0005702523349580965,,0.016276685610765156,,0.0003616031181081575
TCN1_c3e92e3b,TCN1,loso_subject_S012,53,0.0005757235889573948,,0.016367535551606954,,0.000345704275117204
TCN1_c3e92e3b,TCN1,loso_subject_S012,54,0.0005521612619150052,,0.016002486931917158,,0.00033012044132637024
TCN1_c3e92e3b,TCN1,loso_subject_S012,55,0.0006327122759951175,,0.016993983111713525,,0.00031487564587782306
TCN1_c3e92e3b,TCN1,loso_subject_S012,56,0.0005837810939568552,,0.01600646581432676,,0.00029999339514117897
TCN1_c3e92e3b,TCN1,loso_subject_S012,57,0.0005763860148613737,,0.0161896524149225,,0.0002854966364683872
TCN1_c3e92e3b,TCN1,loso_subject_S012,58,0.0005562985156911501,,0.015869460427986898,,0.0002714077228105749
TCN1_c3e92e3b,TCN1,loso_subject_S012,59,0.0005056991489558336,,0.015418273516571296,,0.00025774837825141746
TCN1_c3e92e3b,TCN1,loso_subject_S012,60,0.0005274724873613886,,0.015564998466337032,,0.0002445396645101764
TCN1_c3e92e3b,TCN1,loso_subject_S012,61,0.0005080504447567482,,0.01525888855214054,,0.0002318019484660537
TCN1_c3e92e3b,TCN1,loso_subject_S012,62,0.0005849701429437676,,0.016358217463422232,,0.00021955487075394156
TCN1_c3e92e3b,TCN1,loso_subject_S012,63,0.0005076304390532736,,0.01515597847855816,,0.0002078173154799862
TCN1_c3e92e3b,TCN1,loso_subject_S012,64,0.000517177913191624,,0.015259295196856483,,0.00019660738110366478
TCN1_c3e92e3b,TCN1,loso_subject_S012,65,0.0005140141577885606,,0.015233002853140002,,0.00018594235253127373
TCN1_c3e92e3b,TCN1,loso_subject_S012,66,0.0004694921152347742,,0.014898461830421872,,0.00017583867446385477
TCN1_c3e92e3b,TCN1,loso_subject_S012,67,0.0004752556618712502,,0.014653821262549863,,0.00016631192604065853
TCN1_c3e92e3b,TCN1,loso_subject_S012,68,0.00047637206993341504,,0.014277573537493751,,0.00015737679681724137
TCN1_c3e92e3b,TCN1,loso_subject_S012,69,0.00046763528312047627,,0.014330047870165646,,0.0001490470641152345
TCN1_c3e92e3b,TCN1,loso_subject_S012,70,0.0004903185624883514,,0.014409593071561986,,0.00014133557177871338
TCN1_c3e92e3b,TCN1,loso_subject_S012,71,0.0004542559213338687,,0.014459022892476237,,0.00013425421036992097
TCN1_c3e92e3b,TCN1,loso_subject_S012,72,0.0004556361721803331,,0.01414976471799202,,0.00012781389883488212
TCN1_c3e92e3b,TCN1,loso_subject_S012,73,0.0004596530079740094,,0.013821734606367918,,0.0001220245676671809
TCN1_c3e92e3b,TCN1,loso_subject_S012,74,0.0004703449662595284,,0.01465755163256454,,0.00011689514359585877
TCN1_c3e92e3b,TCN1,loso_subject_S012,75,0.0006709520668444438,,0.01708836621246135,,0.00011243353582104555
TCN1_c3e92e3b,TCN1,loso_subject_S012,76,0.0005549419368052376,,0.01573638929485601,,0.0001086466238185463
TCN1_c3e92e3b,TCN1,loso_subject_S012,77,0.0006232481654430097,,0.016220343978589617,,0.00010554024673218805
TCN1_c3e92e3b,TCN1,loso_subject_S012,78,0.00045579762348328196,,0.01407865822889671,,0.00010311919437028317
TCN1_c3e92e3b,TCN1,loso_subject_S012,79,0.0004315386862416983,,0.01390187589382959,,0.00010138719982009242
TCN1_c3e92e3b,TCN1,loso_subject_S012,80,0.0004429018846527299,,0.014194880521507428,,0.0001003469336916747
TCN1_c3e92e3b,TCN1,loso_subject_S013,1,0.22281325751762435,,0.3297583811320839,,0.001
TCN1_c3e92e3b,TCN1,loso_subject_S013,2,0.036300484662267464,,0.14345525595220782,,0.0009996530663083252
TCN1_c3e92e3b,TCN1,loso_subject_S013,3,0.020275250632132622,,0.10864015296486017,,0.0009986128001799074
TCN1_c3e92e3b,TCN1,loso_subject_S013,4,0.013216801594185448,,0.08618653568464495,,0.0009968808056297167
TCN1_c3e92e3b,TCN1,loso_subject_S013,5,0.010105634020083357,,0.07653807886624032,,0.0009944597532678117
TCN1_c3e92e3b,TCN1,loso_subject_S013,6,0.008045620209206503,,0.06705093027791248,,0.0009913533761814533
TCN1_c3e92e3b,TCN1,loso_subject_S013,7,0.006696609536228791,,0.06148551902975624,,0.000987566464178954
TCN1_c3e92e3b,TCN1,loso_subject_S013,8,0.005738448938223497,,0.056605683726146126,,0.0009831048564041408
TCN1_c3e92e3b,TCN1,loso_subject_S013,9,0.004892227459602163,,0.05250197778945122,,0.0009779754323328187
TCN1_c3e92e3b,TCN1,loso_subject_S013,10,0.004295050535936679,,0.049371794458205734,,0.0009721861011651174
TCN1_c3e92e3b,TCN1,loso_subject_S013,11,0.0035270014433379246,,0.044371676839193526,,0.0009657457896300785
TCN1_c3e92e3b,TCN1,loso_subject_S013,12,0.003126234738018439,,0.04155919209666009,,0.000958664428221286
TCN1_c3e92e3b,TCN1,loso_subject_S013,13,0.0028449998376234254,,0.039940107012783325,,0.000950952935884765
TCN1_c3e92e3b,TCN1,loso_subject_S013,14,0.0027617060008776283,,0.037992425843442805,,0.0009426232031827582
TCN1_c3e92e3b,TCN1,loso_subject_S013,15,0.0024633208220622123,,0.03593057258958705,,0.0009336880739593409
TCN1_c3e92e3b,TCN1,loso_subject_S013,16,0.0021311434134482147,,0.03397917663816287,,0.0009241613255361449
TCN1_c3e92e3b,TCN1,loso_subject_S013,17,0.002132618206235672,,0.03348461000199453,,0.0009140576474687258
TCN1_c3e92e3b,TCN1,loso_subject_S013,18,0.0018626079448643914,,0.031256204126271385,,0.0009033926188963346
TCN1_c3e92e3b,TCN1,loso_subject_S013,19,0.0018267119665366495,,0.0312669050610984,,0.0008921826845200134
TCN1_c3e92e3b,TCN1,loso_subject_S013,20,0.0017286942565174837,,0.030384456744596316,,0.000880445129246058
TCN1_c3e92e3b,TCN1,loso_subject_S013,21,0.0016279524534371739,,0.029371823070459976,,0.0008681980515339459
TCN1_c3e92e3b,TCN1,loso_subject_S013,22,0.0015190966873204494,,0.028335229693269622,,0.0008554603354898234
TCN1_c3e92e3b,TCN1,loso_subject_S013,23,0.0013719125741969065,,0.0269733113078141,,0.0008422516217485822
TCN1_c3e92e3b,TCN1,loso_subject_S013,24,0.0012780775280097788,,0.026077049930131758,,0.0008285922771894248
TCN1_c3e92e3b,TCN1,loso_subject_S013,25,0.0013042571602019507,,0.026085211361986195,,0.0008145033635316124
TCN1_c3e92e3b,TCN1,loso_subject_S013,26,0.0011514471891494087,,0.024020556737881858,,0.0008000066048588205
TCN1_c3e92e3b,TCN1,loso_subject_S013,27,0.0010724409809972806,,0.023301137941573898,,0.0007851243541221765
TCN1_c3e92e3b,TCN1,loso_subject_S013,28,0.0010674961537922377,,0.023410234496504898,,0.0007698795586736293
TCN1_c3e92e3b,TCN1,loso_subject_S013,29,0.001077865924412115,,0.023181880680420656,,0.0007542957248827956
TCN1_c3e92e3b,TCN1,loso_subject_S013,30,0.0010369186538537836,,0.022854513585142018,,0.0007383968818918422
TCN1_c3e92e3b,TCN1,loso_subject_S013,31,0.0009696930020968781,,0.021562493929404306,,0.00072220754456429
TCN1_c3e92e3b,TCN1,loso_subject_S013,32,0.0009954913067517692,,0.021797035170105835,,0.0007057526756848715
TCN1_c3e92e3b,TCN1,loso_subject_S013,33,0.0008724859558778876,,0.020827175004937658,,0.000689057647468726
TCN1_c3e92e3b,TCN1,loso_subject_S013,34,0.0008799905983065897,,0.020875777331596394,,0.000672148202439283
TCN1_c3e92e3b,TCN1,loso_subject_S013,35,0.0008539134914604585,,0.020463001607725986,,0.0006550504137351571
TCN1_c3e92e3b,TCN1,loso_subject_S013,36,0.0008503670825347135,,0.020545483865728072,,0.0006377906449072574
TCN1_c3e92e3b,TCN1,loso_subject_S013,37,0.0007498450743552364,,0.018933366121686442,,0.0006203955092681036
TCN1_c3e92e3b,TCN1,loso_subject_S013,38,0.0007636012960449445,,0.019322269783577314,,0.0006028918288560267
TCN1_c3e92e3b,TCN1,loso_subject_S013,39,0.0007605837661611819,,0.019469039030257762,,0.00058530659307753
TCN1_c3e92e3b,TCN1,loso_subject_S013,40,0.0007253485809631023,,0.018157436099450613,,0.0005676669170915806
TCN1_c3e92e3b,TCN1,loso_subject_S013,41,0.0006847455560378371,,0.01829839540926767,,0.0005499999999999997
TCN1_c3e92e3b,TCN1,loso_subject_S013,42,0.0007054037807848417,,0.018055598511663978,,0.000532333082908419
TCN1_c3e92e3b,TCN1,loso_subject_S013,43,0.0006354974440646098,,0.017748284282429975,,0.0005146934069224697
TCN1_c3e92e3b,TCN1,loso_subject_S013,44,0.0006589925514499997,,0.01723143276875428,,0.000497108171143973
TCN1_c3e92e3b,TCN1,loso_subject_S013,45,0.0006507831539800612,,0.01731122561865321,,0.00047960449073189616
TCN1_c3e92e3b,TCN1,loso_subject_S013,46,0.0006561253382552045,,0.017069600799960657,,0.00046220935509274226
TCN1_c3e92e3b,TCN1,loso_subject_S013,47,0.0006217524139740798,,0.017014531801205792,,0.00044494958626484254
TCN1_c3e92e3b,TCN1,loso_subject_S013,48,0.0005582414970458987,,0.01594463193011901,,0.00042785179756071645
TCN1_c3e92e3b,TCN1,loso_subject_S013,49,0.0005760634223424189,,0.016370741681858647,,0.0004109423525312737
TCN1_c3e92e3b,TCN1,loso_subject_S013,50,0.0005565162073243919,,0.01623573752570581,,0.0003942473243151282
TCN1_c3e92e3b,TCN1,loso_subject_S013,51,0.0005567604441616696,,0.015770731975670773,,0.0003777924554357096
TCN1_c3e92e3b,TCN1,loso_subject_S013,52,0.0005531094062345831,,0.01586587681064378,,0.0003616031181081575
TCN1_c3e92e3b,TCN1,loso_subject_S013,53,0.0005753598731428598,,0.016007148425886422,,0.000345704275117204
TCN1_c3e92e3b,TCN1,loso_subject_S013,54,0.0005137860172954082,,0.015344209634574944,,0.00033012044132637024
TCN1_c3e92e3b,TCN1,loso_subject_S013,55,0.0005420877004215589,,0.015705200952760002,,0.00031487564587782306
TCN1_c3e92e3b,TCN1,loso_subject_S013,56,0.0005653879707572629,,0.015472389851822695,,0.00029999339514117897
TCN1_c3e92e3b,TCN1,loso_subject_S013,57,0.0005045276568850293,,0.01499371639493562,,0.0002854966364683872
TCN1_c3e92e3b,TCN1,loso_subject_S013,58,0.0005065692331548043,,0.015144215868532884,,0.0002714077228105749
TCN1_c3e92e3b,TCN1,loso_subject_S013,59,0.0005365270016639482,,0.014962017952967826,,0.00025774837825141746
TCN1_c3e92e3b,TCN1,loso_subject_S013,60,0.000484748658735983,,0.014773007901978115,,0.0002445396645101764
TCN1_c3e92e3b,TCN1,loso_subject_S013,61,0.0004362598283259287,,0.014114139558658347,,0.0002318019484660537
TCN1_c3e92e3b,TCN1,loso_subject_S013,62,0.0004867840202516928,,0.01434353387734869,,0.00021955487075394156
TCN1_c3e92e3b,TCN1,loso_subject_S013,63,0.0004412657840070573,,0.014024996839458586,,0.0002078173154799862
TCN1_c3e92e3b,TCN1,loso_subject_S013,64,0.0004599212685375342,,0.01403512732495208,,0.00019660738110366478
TCN1_c3e92e3b,TCN1,loso_subject_S013,65,0.0004172592309443264,,0.01346729600902661,,0.00018594235253127373
TCN1_c3e92e3b,TCN1,loso_subject_S013,66,0.0004415589423259412,,0.013795623185749332,,0.00017583867446385477
TCN1_c3e92e3b,TCN1,loso_subject_S013,67,0.0004290196746904922,,0.013889515702300336,,0.00016631192604065853
TCN1_c3e92e3b,TCN1,loso_subject_S013,68,0.0004452155657656591,,0.013667688935054488,,0.00015737679681724137
TCN1_c3e92e3b,TCN1,loso_subject_S013,69,0.00039786804673238874,,0.01323786049973608,,0.0001490470641152345
TCN1_c3e92e3b,TCN1,loso_subject_S013,70,0.00042608057576531847,,0.013623462369364995,,0.00014133557177871338
TCN1_c3e92e3b,TCN1,loso_subject_S013,71,0.00044544613321856726,,0.013816108788089077,,0.00013425421036992097
TCN1_c3e92e3b,TCN1,loso_subject_S013,72,0.000428091838788805,,0.013341712372939449,,0.00012781389883488212
TCN1_c3e92e3b,TCN1,loso_subject_S013,73,0.00041234418178845574,,0.013505862386321177,,0.0001220245676671809
TCN1_c3e92e3b,TCN1,loso_subject_S013,74,0.0004333506853967738,,0.013379165337276512,,0.00011689514359585877
TCN1_c3e92e3b,TCN1,loso_subject_S013,75,0.000412668352761624,,0.013237034144295853,,0.00011243353582104555
TCN1_c3e92e3b,TCN1,loso_subject_S013,76,0.00042830284452306105,,0.013624629536006082,,0.0001086466238185463
TCN1_c3e92e3b,TCN1,loso_subject_S013,77,0.0003938284143358985,,0.013119847743121934,,0.00010554024673218805
TCN1_c3e92e3b,TCN1,loso_subject_S013,78,0.0004133201879585347,,0.012974851555215008,,0.00010311919437028317
TCN1_c3e92e3b,TCN1,loso_subject_S013,79,0.00042721009360322627,,0.013459959011659473,,0.00010138719982009242
TCN1_c3e92e3b,TCN1,loso_subject_S013,80,0.00046159131840292053,,0.013676896970046317,,0.0001003469336916747
TCN1_c3e92e3b,TCN1,loso_subject_S014,1,0.15882357795594707,,0.2779158020667188,,0.001
TCN1_c3e92e3b,TCN1,loso_subject_S014,2,0.02641461649553847,,0.12139294604898916,,0.0009996530663083252
TCN1_c3e92e3b,TCN1,loso_subject_S014,3,0.014505927004109822,,0.09036592182360198,,0.0009986128001799074
TCN1_c3e92e3b,TCN1,loso_subject_S014,4,0.010457937315213913,,0.07738255001288319,,0.0009968808056297167
TCN1_c3e92e3b,TCN1,loso_subject_S014,5,0.008274608425928852,,0.06863744269000249,,0.0009944597532678117
TCN1_c3e92e3b,TCN1,loso_subject_S014,6,0.006747297323423522,,0.06164025036912216,,0.0009913533761814533
TCN1_c3e92e3b,TCN1,loso_subject_S014,7,0.005037332052943662,,0.05361756985478976,,0.000987566464178954
TCN1_c3e92e3b,TCN1,loso_subject_S014,8,0.005483414498687499,,0.05490719296531483,,0.0009831048564041408
TCN1_c3e92e3b,TCN1,loso_subject_S014,9,0.004176660351999142,,0.048228286806310576,,0.0009779754323328187
TCN1_c3e92e3b,TCN1,loso_subject_S014,10,0.0037421535632928106,,0.045102222777384446,,0.0009721861011651174
TCN1_c3e92e3b,TCN1,loso_subject_S014,11,0.003115568887790213,,0.04153777998453085,,0.0009657457896300785
TCN1_c3e92e3b,TCN1,loso_subject_S014,12,0.002963429930934553,,0.04030823197551008,,0.000958664428221286
TCN1_c3e92e3b,TCN1,loso_subject_S014,13,0.0027525098562510984,,0.038678431672839436,,0.000950952935884765
TCN1_c3e92e3b,TCN1,loso_subject_S014,14,0.0025881701636053813,,0.03739336666307951,,0.0009426232031827582
TCN1_c3e92e3b,TCN1,loso_subject_S014,15,0.0024587001266085135,,0.03720520617399232,,0.0009336880739593409
TCN1_c3e92e3b,TCN1,loso_subject_S014,16,0.0018951545655845976,,0.03212583393415085,,0.0009241613255361449
TCN1_c3e92e3b,TCN1,loso_subject_S014,17,0.0018640723908828027,,0.0312708881391127,,0.0009140576474687258
TCN1_c3e92e3b,TCN1,loso_subject_S014,18,0.001636090572466457,,0.029884510258361318,,0.0009033926188963346
TCN1_c3e92e3b,TCN1,loso_subject_S014,19,0.0015346438064617824,,0.028667210965893263,,0.0008921826845200134
TCN1_c3e92e3b,TCN1,loso_subject_S014,20,0.001664000684284749,,0.029393468856659728,,0.000880445129246058
TCN1_c3e92e3b,TCN1,loso_subject_S014,21,0.0016886406177933548,,0.029307382964925976,,0.0008681980515339459
TCN1_c3e92e3b,TCN1,loso_subject_S014,22,0.0013090835342259607,,0.026220639826688784,,0.0008554603354898234
TCN1_c3e92e3b,TCN1,loso_subject_S014,23,0.0016495694532233064,,0.02907604798801079,,0.0008422516217485822
TCN1_c3e92e3b,TCN1,loso_subject_S014,24,0.0013082030256150736,,0.02599381991679478,,0.0008285922771894248
TCN1_c3e92e3b,TCN1,loso_subject_S014,25,0.002184388667527576,,0.03136439011740563,,0.0008145033635316124
TCN1_c3e92e3b,TCN1,loso_subject_S014,26,0.0012301598847306102,,0.024569141237359298,,0.0008000066048588205
TCN1_c3e92e3b,TCN1,loso_subject_S014,27,0.001140925381747699,,0.024118146097923177,,0.0007851243541221765
TCN1_c3e92e3b,TCN1,loso_subject_S014,28,0.001110851855478953,,0.023912227052581735,,0.0007698795586736293
TCN1_c3e92e3b,TCN1,loso_subject_S014,29,0.0014518956563645794,,0.026585725369801545,,0.0007542957248827956
TCN1_c3e92e3b,TCN1,loso_subject_S014,30,0.0013652661345794944,,0.026042480556790818,,0.0007383968818918422
TCN1_c3e92e3b,TCN1,loso_subject_S014,31,0.001093119111234055,,0.023415513394846373,,0.00072220754456429
TCN1_c3e92e3b,TCN1,loso_subject_S014,32,0.0009092391705961111,,0.021248504979905936,,0.0007057526756848715
TCN1_c3e92e3b,TCN1,loso_subject_S014,33,0.0008279406185422397,,0.02027746177893543,,0.000689057647468726
TCN1_c3e92e3b,TCN1,loso_subject_S014,34,0.0007989700843493361,,0.02032674285875719,,0.000672148202439283
TCN1_c3e92e3b,TCN1,loso_subject_S014,35,0.0007625602354123202,,0.01954207145095074,,0.0006550504137351571
TCN1_c3e92e3b,TCN1,loso_subject_S014,36,0.0007751813385491725,,0.01924136771815742,,0.0006377906449072574
TCN1_c3e92e3b,TCN1,loso_subject_S014,37,0.0007656757317401203,,0.019235887126728312,,0.0006203955092681036
TCN1_c3e92e3b,TCN1,loso_subject_S014,38,0.0008764226012087446,,0.02061357777470846,,0.0006028918288560267
TCN1_c3e92e3b,TCN1,loso_subject_S014,39,0.000700988978027336,,0.01816458003200173,,0.00058530659307753
TCN1_c3e92e3b,TCN1,loso_subject_S014,40,0.0006963368757855887,,0.01857520240676828,,0.0005676669170915806
TCN1_c3e92e3b,TCN1,loso_subject_S014,41,0.0006626396252202892,,0.017707097307733042,,0.0005499999999999997
TCN1_c3e92e3b,TCN1,loso_subject_S014,42,0.0008512884186515948,,0.020216508490525198,,0.000532333082908419
TCN1_c3e92e3b,TCN1,loso_subject_S014,43,0.0006697992915572228,,0.017722493652981692,,0.0005146934069224697
TCN1_c3e92e3b,TCN1,loso_subject_S014,44,0.0006377839532337691,,0.01703087510398774,,0.000497108171143973
TCN1_c3e92e3b,TCN1,loso_subject_S014,45,0.0013722373735051323,,0.024495743794433127,,0.00047960449073189616
TCN1_c3e92e3b,TCN1,loso_subject_S014,46,0.0007155360314632957,,0.018235121953264766,,0.00046220935509274226
TCN1_c3e92e3b,TCN1,loso_subject_S014,47,0.0009384450706951648,,0.020677491301490415,,0.00044494958626484254
TCN1_c3e92e3b,TCN1,loso_subject_S014,48,0.0006046243573253807,,0.017042668113178228,,0.00042785179756071645
TCN1_c3e92e3b,TCN1,loso_subject_S014,49,0.0006063081717888731,,0.016561483036480047,,0.0004109423525312737
TCN1_c3e92e3b,TCN1,loso_subject_S014,50,0.0005683490310373426,,0.016036356239245986,,0.0003942473243151282
TCN1_c3e92e3b,TCN1,loso_subject_S014,51,0.0005643263519587428,,0.016330811072691187,,0.0003777924554357096
TCN1_c3e92e3b,TCN1,loso_subject_S014,52,0.0005629875595010944,,0.01618380925044139,,0.0003616031181081575
TCN1_c3e92e3b,TCN1,loso_subject_S014,53,0.0006544552798480181,,0.017433759251353292,,0.000345704275117204
TCN1_c3e92e3b,TCN1,loso_subject_S014,54,0.0005543203825104969,,0.01590968380557256,,0.00033012044132637024
TCN1_c3e92e3b,TCN1,loso_subject_S014,55,0.0005242083814818925,,0.015411413748114541,,0.00031487564587782306
TCN1_c3e92e3b,TCN1,loso_subject_S014,56,0.0005003362723907056,,0.015266161802871523,,0.00029999339514117897
TCN1_c3e92e3b,TCN1,loso_subject_S014,57,0.0004836619541423351,,0.014942003407077594,,0.0002854966364683872
TCN1_c3e92e3b,TCN1,loso_subject_S014,58,0.0004738775815155129,,0.014703891759007815,,0.0002714077228105749
TCN1_c3e92e3b,TCN1,loso_subject_S014,59,0.0004833761791839756,,0.014718231078117124,,0.00025774837825141746
TCN1_c3e92e3b,TCN1,loso_subject_S014,60,0.0004809532384827918,,0.015212218546907848,,0.0002445396645101764
TCN1_c3e92e3b,TCN1,loso_subject_S014,61,0.0004675983466229327,,0.014400010198000534,,0.0002318019484660537
TCN1_c3e92e3b,TCN1,loso_subject_S014,62,0.00045575045139349397,,0.014275992867902099,,0.00021955487075394156
TCN1_c3e92e3b,TCN1,loso_subject_S014,63,0.0004281464645343379,,0.01391750389934598,,0.0002078173154799862
TCN1_c3e92e3b,TCN1,loso_subject_S014,64,0.0004735484240372651,,0.014730436996207375,,0.00019660738110366478
TCN1_c3e92e3b,TCN1,loso_subject_S014,65,0.0005893984288514824,,0.01623871929576725,,0.00018594235253127373
TCN1_c3e92e3b,TCN1,loso_subject_S014,66,0.00046824446137599626,,0.01465442945677882,,0.00017583867446385477
TCN1_c3e92e3b,TCN1,loso_subject_S014,67,0.0004562315382479934,,0.014303638372437456,,0.00016631192604065853
TCN1_c3e92e3b,TCN1,loso_subject_S014,68,0.0004139591963465226,,0.013601703473788975,,0.00015737679681724137
TCN1_c3e92e3b,TCN1,loso_subject_S014,69,0.0004450691164513111,,0.014050584616604403,,0.0001490470641152345
TCN1_c3e92e3b,TCN1,loso_subject_S014,70,0.0004932356071750031,,0.01451793010449369,,0.00014133557177871338
TCN1_c3e92e3b,TCN1,loso_subject_S014,71,0.0004110273650452275,,0.013680758156476886,,0.00013425421036992097
TCN1_c3e92e3b,TCN1,loso_subject_S014,72,0.00044099835905539746,,0.013651864402666561,,0.00012781389883488212
TCN1_c3e92e3b,TCN1,loso_subject_S014,73,0.0003822247919322945,,0.013027897006586978,,0.0001220245676671809
TCN1_c3e92e3b,TCN1,loso_subject_S014,74,0.0004460990214401165,,0.014009497748570856,,0.00011689514359585877
TCN1_c3e92e3b,TCN1,loso_subject_S014,75,0.00038544597819780357,,0.013369005559255798,,0.00011243353582104555
TCN1_c3e92e3b,TCN1,loso_subject_S014,76,0.0004048546350340506,,0.013397812155187636,,0.0001086466238185463
TCN1_c3e92e3b,TCN1,loso_subject_S014,77,0.00038762120688128553,,0.01334164604063957,,0.00010554024673218805
TCN1_c3e92e3b,TCN1,loso_subject_S014,78,0.0004623425644907408,,0.014203518335604709,,0.00010311919437028317
TCN1_c3e92e3b,TCN1,loso_subject_S014,79,0.00037903750891653357,,0.013228417090527675,,0.00010138719982009242
TCN1_c3e92e3b,TCN1,loso_subject_S014,80,0.0003696631497832903,,0.013035323606181023,,0.0001003469336916747
TCN1_c3e92e3b,TCN1,loso_subject_S016,1,0.19551031265517663,,0.3172960070838238,,0.001
TCN1_c3e92e3b,TCN1,loso_subject_S016,2,0.03865270057927827,,0.1446803235736034,,0.0009996530663083252
TCN1_c3e92e3b,TCN1,loso_subject_S016,3,0.020907517792232554,,0.10713190651291497,,0.0009986128001799074
TCN1_c3e92e3b,TCN1,loso_subject_S016,4,0.012632650825077663,,0.08374556813179328,,0.0009968808056297167
TCN1_c3e92e3b,TCN1,loso_subject_S016,5,0.009476786669114,,0.07297001994806704,,0.0009944597532678117
TCN1_c3e92e3b,TCN1,loso_subject_S016,6,0.007296974373102468,,0.06340264206397629,,0.0009913533761814533
TCN1_c3e92e3b,TCN1,loso_subject_S016,7,0.00597715599589729,,0.05665430568418298,,0.000987566464178954
TCN1_c3e92e3b,TCN1,loso_subject_S016,8,0.005300725465665394,,0.05344739196767117,,0.0009831048564041408
TCN1_c3e92e3b,TCN1,loso_subject_S016,9,0.004166270143679536,,0.047857387605605116,,0.0009779754323328187
TCN1_c3e92e3b,TCN1,loso_subject_S016,10,0.003622404936995687,,0.04482530108365872,,0.0009721861011651174
TCN1_c3e92e3b,TCN1,loso_subject_S016,11,0.003464797765126417,,0.04347386596669461,,0.0009657457896300785
TCN1_c3e92e3b,TCN1,loso_subject_S016,12,0.003039678453839816,,0.04066149118398853,,0.000958664428221286
TCN1_c3e92e3b,TCN1,loso_subject_S016,13,0.0027034612891861007,,0.03854320088436393,,0.000950952935884765
TCN1_c3e92e3b,TCN1,loso_subject_S016,14,0.0026708983150797697,,0.037567368521287677,,0.0009426232031827582
TCN1_c3e92e3b,TCN1,loso_subject_S016,15,0.0026154093386295775,,0.03765883228314626,,0.0009336880739593409
TCN1_c3e92e3b,TCN1,loso_subject_S016,16,0.002223567748766882,,0.034630997620782644,,0.0009241613255361449
TCN1_c3e92e3b,TCN1,loso_subject_S016,17,0.0018296905249561965,,0.03150482087248772,,0.0009140576474687258
TCN1_c3e92e3b,TCN1,loso_subject_S016,18,0.0017148950443061283,,0.029907284783893553,,0.0009033926188963346
TCN1_c3e92e3b,TCN1,loso_subject_S016,19,0.001681783366711166,,0.03001608254622678,,0.0008921826845200134
TCN1_c3e92e3b,TCN1,loso_subject_S016,20,0.001550208917636694,,0.02807180174993446,,0.000880445129246058
TCN1_c3e92e3b,TCN1,loso_subject_S016,21,0.0014929804041477334,,0.02832328441775037,,0.0008681980515339459
TCN1_c3e92e3b,TCN1,loso_subject_S016,22,0.0012334285250268178,,0.02544692672050031,,0.0008554603354898234
TCN1_c3e92e3b,TCN1,loso_subject_S016,23,0.001323779385746644,,0.025552516168947194,,0.0008422516217485822
TCN1_c3e92e3b,TCN1,loso_subject_S016,24,0.0014243857072411608,,0.02655084202959934,,0.0008285922771894248
TCN1_c3e92e3b,TCN1,loso_subject_S016,25,0.0011880233023695188,,0.024401816192405154,,0.0008145033635316124
TCN1_c3e92e3b,TCN1,loso_subject_S016,26,0.0012386438066024962,,0.02441189271315493,,0.0008000066048588205
TCN1_c3e92e3b,TCN1,loso_subject_S016,27,0.0011902832182376438,,0.024539345995230905,,0.0007851243541221765
TCN1_c3e92e3b,TCN1,loso_subject_S016,28,0.0009751615180676409,,0.02243613433742012,,0.0007698795586736293
TCN1_c3e92e3b,TCN1,loso_subject_S016,29,0.0010110543308599824,,0.022274310193736175,,0.0007542957248827956
TCN1_c3e92e3b,TCN1,loso_subject_S016,30,0.0009773379972331906,,0.021511497959774237,,0.0007383968818918422
TCN1_c3e92e3b,TCN1,loso_subject_S016,31,0.0008626114239981123,,0.020384059924302728,,0.00072220754456429
TCN1_c3e92e3b,TCN1,loso_subject_S016,32,0.0008271885779873536,,0.020207471781018272,,0.0007057526756848715
TCN1_c3e92e3b,TCN1,loso_subject_S016,33,0.0008483971830366314,,0.020374808385568714,,0.000689057647468726
TCN1_c3e92e3b,TCN1,loso_subject_S016,34,0.0009530478721389661,,0.021192255876858496,,0.000672148202439283
TCN1_c3e92e3b,TCN1,loso_subject_S016,35,0.0007375233782325489,,0.018607883896409026,,0.0006550504137351571
TCN1_c3e92e3b,TCN1,loso_subject_S016,36,0.0007417907034191765,,0.018474510878364457,,0.0006377906449072574
TCN1_c3e92e3b,TCN1,loso_subject_S016,37,0.0007248842070033979,,0.01849724737872387,,0.0006203955092681036
TCN1_c3e92e3b,TCN1,loso_subject_S016,38,0.0008042603846634401,,0.019894293771592287,,0.0006028918288560267
TCN1_c3e92e3b,TCN1,loso_subject_S016,39,0.00065604555851283,,0.017512237668117315,,0.00058530659307753
TCN1_c3e92e3b,TCN1,loso_subject_S016,40,0.000650896074923864,,0.01760316771472587,,0.0005676669170915806
TCN1_c3e92e3b,TCN1,loso_subject_S016,41,0.0006127743086036065,,0.016555273765573232,,0.0005499999999999997
TCN1_c3e92e3b,TCN1,loso_subject_S016,42,0.0006451609606252878,,0.017748505006926308,,0.000532333082908419
TCN1_c3e92e3b,TCN1,loso_subject_S016,43,0.0006202192795737559,,0.017239465190961596,,0.0005146934069224697
TCN1_c3e92e3b,TCN1,loso_subject_S016,44,0.0006123867835325186,,0.016395266140354223,,0.000497108171143973
TCN1_c3e92e3b,TCN1,loso_subject_S016,45,0.0006200680865009812,,0.016861682053625423,,0.00047960449073189616
TCN1_c3e92e3b,TCN1,loso_subject_S016,46,0.0005360493105936086,,0.01590234586025211,,0.00046220935509274226
TCN1_c3e92e3b,TCN1,loso_subject_S016,47,0.0005359464337807098,,0.01577396011204726,,0.00044494958626484254
TCN1_c3e92e3b,TCN1,loso_subject_S016,48,0.0005312567004364673,,0.01600189250332101,,0.00042785179756071645
TCN1_c3e92e3b,TCN1,loso_subject_S016,49,0.0005766748122673672,,0.015990846353425736,,0.0004109423525312737
TCN1_c3e92e3b,TCN1,loso_subject_S016,50,0.0005214722396683537,,0.015528017939655135,,0.0003942473243151282
TCN1_c3e92e3b,TCN1,loso_subject_S016,51,0.0005167862316144096,,0.01547071969401261,,0.0003777924554357096
TCN1_c3e92e3b,TCN1,loso_subject_S016,52,0.0005228491855039943,,0.01495261049901832,,0.0003616031181081575
TCN1_c3e92e3b,TCN1,loso_subject_S016,53,0.0005012780636107054,,0.014800916965201937,,0.000345704275117204
TCN1_c3e92e3b,TCN1,loso_subject_S016,54,0.0005102074371423602,,0.014593258994474168,,0.00033012044132637024
TCN1_c3e92e3b,TCN1,loso_subject_S016,55,0.0004949396908103461,,0.014897364773475452,,0.00031487564587782306
TCN1_c3e92e3b,TCN1,loso_subject_S016,56,0.0004628182912555001,,0.014284223747557034,,0.00029999339514117897
TCN1_c3e92e3b,TCN1,loso_subject_S016,57,0.00045853982765062766,,0.014209921037323834,,0.0002854966364683872
TCN1_c3e92e3b,TCN1,loso_subject_S016,58,0.0004709614985422718,,0.014240831191634044,,0.0002714077228105749
TCN1_c3e92e3b,TCN1,loso_subject_S016,59,0.0004494896058078066,,0.014115326623394885,,0.00025774837825141746
TCN1_c3e92e3b,TCN1,loso_subject_S016,60,0.0004691615199090304,,0.01392904313495907,,0.0002445396645101764
TCN1_c3e92e3b,TCN1,loso_subject_S016,61,0.000452263146504977,,0.013893871378383273,,0.0002318019484660537
TCN1_c3e92e3b,TCN1,loso_subject_S016,62,0.0004584997734454418,,0.01389772945830234,,0.00021955487075394156
TCN1_c3e92e3b,TCN1,loso_subject_S016,63,0.0004344772529225277,,0.013665951983179228,,0.0002078173154799862
TCN1_c3e92e3b,TCN1,loso_subject_S016,64,0.0004167972293609988,,0.013405123380969101,,0.00019660738110366478
TCN1_c3e92e3b,TCN1,loso_subject_S016,65,0.0004170132556246049,,0.013473127881219816,,0.00018594235253127373
TCN1_c3e92e3b,TCN1,loso_subject_S016,66,0.00040594289274686505,,0.013089298957274682,,0.00017583867446385477
TCN1_c3e92e3b,TCN1,loso_subject_S016,67,0.0004258840267600157,,0.01347149247877879,,0.00016631192604065853
TCN1_c3e92e3b,TCN1,loso_subject_S016,68,0.0004169116880159186,,0.013070370754771354,,0.00015737679681724137
TCN1_c3e92e3b,TCN1,loso_subject_S016,69,0.00036500433856876064,,0.012439629854509563,,0.0001490470641152345
TCN1_c3e92e3b,TCN1,loso_subject_S016,70,0.0004116140990131023,,0.012839643474438554,,0.00014133557177871338
TCN1_c3e92e3b,TCN1,loso_subject_S016,71,0.0004120563780255341,,0.013028564410978284,,0.00013425421036992097
TCN1_c3e92e3b,TCN1,loso_subject_S016,72,0.00040268871457885264,,0.01264014300807871,,0.00012781389883488212
TCN1_c3e92e3b,TCN1,loso_subject_S016,73,0.0003643222840598987,,0.01244203723847227,,0.0001220245676671809
TCN1_c3e92e3b,TCN1,loso_subject_S016,74,0.00037359117897634394,,0.012285418943289777,,0.00011689514359585877
TCN1_c3e92e3b,TCN1,loso_subject_S016,75,0.00040258394328605173,,0.012704436549911869,,0.00011243353582104555
TCN1_c3e92e3b,TCN1,loso_subject_S016,76,0.00037282645304739754,,0.012476300920582009,,0.0001086466238185463
TCN1_c3e92e3b,TCN1,loso_subject_S016,77,0.0003538627085249731,,0.012251215734726302,,0.00010554024673218805
TCN1_c3e92e3b,TCN1,loso_subject_S016,78,0.00037804813816801373,,0.012572757700013731,,0.00010311919437028317
TCN1_c3e92e3b,TCN1,loso_subject_S016,79,0.0003714507334739539,,0.01263266298969853,,0.00010138719982009242
TCN1_c3e92e3b,TCN1,loso_subject_S016,80,0.0003462056517001771,,0.012237692716214357,,0.0001003469336916747
TCN1_c3e92e3b,TCN1,loso_subject_S017,1,0.29092112933930925,,0.37600763803597265,,0.001
TCN1_c3e92e3b,TCN1,loso_subject_S017,2,0.04255352636356751,,0.15304282802226218,,0.0009996530663083252
TCN1_c3e92e3b,TCN1,loso_subject_S017,3,0.021302186533674897,,0.11058414492646301,,0.0009986128001799074
TCN1_c3e92e3b,TCN1,loso_subject_S017,4,0.01491976394253347,,0.09127958885434118,,0.0009968808056297167
TCN1_c3e92e3b,TCN1,loso_subject_S017,5,0.011144819540820286,,0.07941213186662385,,0.0009944597532678117
TCN1_c3e92e3b,TCN1,loso_subject_S017,6,0.009486279265733543,,0.0728229374521589,,0.0009913533761814533
TCN1_c3e92e3b,TCN1,loso_subject_S017,7,0.0071025321891917004,,0.06383007257843534,,0.000987566464178954
TCN1_c3e92e3b,TCN1,loso_subject_S017,8,0.006383078437272026,,0.05930627673430105,,0.0009831048564041408
TCN1_c3e92e3b,TCN1,loso_subject_S017,9,0.005337108696029171,,0.05465244542351621,,0.0009779754323328187
TCN1_c3e92e3b,TCN1,loso_subject_S017,10,0.004229067231855734,,0.04894207059574588,,0.0009721861011651174
TCN1_c3e92e3b,TCN1,loso_subject_S017,11,0.003662490586222218,,0.04467955585764813,,0.0009657457896300785
TCN1_c3e92e3b,TCN1,loso_subject_S017,12,0.0033868557666385784,,0.043601833541427215,,0.000958664428221286
TCN1_c3e92e3b,TCN1,loso_subject_S017,13,0.0031378271916385086,,0.04197781344339812,,0.000950952935884765
TCN1_c3e92e3b,TCN1,loso_subject_S017,14,0.002816526139698959,,0.03943168314161825,,0.0009426232031827582
TCN1_c3e92e3b,TCN1,loso_subject_S017,15,0.0026143941086546846,,0.03750331857645968,,0.0009336880739593409
TCN1_c3e92e3b,TCN1,loso_subject_S017,16,0.002340588686402801,,0.035827821318813804,,0.0009241613255361449
TCN1_c3e92e3b,TCN1,loso_subject_S017,17,0.002217039010499805,,0.03488882516691621,,0.0009140576474687258
TCN1_c3e92e3b,TCN1,loso_subject_S017,18,0.00204990385849785,,0.03355544385405889,,0.0009033926188963346
TCN1_c3e92e3b,TCN1,loso_subject_S017,19,0.0019131305836843624,,0.032393245039093056,,0.0008921826845200134
TCN1_c3e92e3b,TCN1,loso_subject_S017,20,0.0018078939247875142,,0.03145542257708115,,0.000880445129246058
TCN1_c3e92e3b,TCN1,loso_subject_S017,21,0.0015315713631292166,,0.029253157161198928,,0.0008681980515339459
TCN1_c3e92e3b,TCN1,loso_subject_S017,22,0.0015457965902178111,,0.02874351341892141,,0.0008554603354898234
TCN1_c3e92e3b,TCN1,loso_subject_S017,23,0.0016384384644090603,,0.02954593865167424,,0.0008422516217485822
TCN1_c3e92e3b,TCN1,loso_subject_S017,24,0.0015579415194125943,,0.028538561919379018,,0.0008285922771894248
TCN1_c3e92e3b,TCN1,loso_subject_S017,25,0.0013788468437584925,,0.027055129545173657,,0.0008145033635316124
TCN1_c3e92e3b,TCN1,loso_subject_S017,26,0.0013128368907907276,,0.026009075240093504,,0.0008000066048588205
TCN1_c3e92e3b,TCN1,loso_subject_S017,27,0.0012622641767901428,,0.025529563557628008,,0.0007851243541221765
TCN1_c3e92e3b,TCN1,loso_subject_S017,28,0.0011368936166772888,,0.024702509636042362,,0.0007698795586736293
TCN1_c3e92e3b,TCN1,loso_subject_S017,29,0.0011619874505126222,,0.02451649023758349,,0.0007542957248827956
TCN1_c3e92e3b,TCN1,loso_subject_S017,30,0.0011138579312611595,,0.024433761903898104,,0.0007383968818918422
TCN1_c3e92e3b,TCN1,loso_subject_S017,31,0.0011862752870489283,,0.025036685609945764,,0.00072220754456429
TCN1_c3e92e3b,TCN1,loso_subject_S017,32,0.0010043519697559512,,0.02257765865288561,,0.0007057526756848715
TCN1_c3e92e3b,TCN1,loso_subject_S017,33,0.0010495445075756054,,0.023041166570283766,,0.000689057647468726
TCN1_c3e92e3b,TCN1,loso_subject_S017,34,0.0010005692431121883,,0.02234729111664217,,0.000672148202439283
TCN1_c3e92e3b,TCN1,loso_subject_S017,35,0.0009514034045873584,,0.022316482072107187,,0.0006550504137351571
TCN1_c3e92e3b,TCN1,loso_subject_S017,36,0.0009331022808896343,,0.021825506261312248,,0.0006377906449072574
TCN1_c3e92e3b,TCN1,loso_subject_S017,37,0.0009629062660814363,,0.021997889218538222,,0.0006203955092681036
TCN1_c3e92e3b,TCN1,loso_subject_S017,38,0.0008476415921415425,,0.020529362642888252,,0.0006028918288560267
TCN1_c3e92e3b,TCN1,loso_subject_S017,39,0.0008816799776784754,,0.0209202198349558,,0.00058530659307753
TCN1_c3e92e3b,TCN1,loso_subject_S017,40,0.0008211425890289537,,0.020419872987930833,,0.0005676669170915806
TCN1_c3e92e3b,TCN1,loso_subject_S017,41,0.0007981892009757656,,0.019448228359982365,,0.0005499999999999997
TCN1_c3e92e3b,TCN1,loso_subject_S017,42,0.0007853172474300286,,0.019661826133016043,,0.000532333082908419
TCN1_c3e92e3b,TCN1,loso_subject_S017,43,0.0007067518732840304,,0.01923281895151404,,0.0005146934069224697
TCN1_c3e92e3b,TCN1,loso_subject_S017,44,0.0007617532252578644,,0.019627521488650174,,0.000497108171143973
TCN1_c3e92e3b,TCN1,loso_subject_S017,45,0.000705065953654784,,0.018578246009881033,,0.00047960449073189616
TCN1_c3e92e3b,TCN1,loso_subject_S017,46,0.0006239031318545793,,0.0178136830598429,,0.00046220935509274226
TCN1_c3e92e3b,TCN1,loso_subject_S017,47,0.0007122082537373383,,0.01856668174117854,,0.00044494958626484254
TCN1_c3e92e3b,TCN1,loso_subject_S017,48,0.0007122785775566089,,0.018895884016380395,,0.00042785179756071645
TCN1_c3e92e3b,TCN1,loso_subject_S017,49,0.0006750682155255787,,0.017964898391810768,,0.0004109423525312737
TCN1_c3e92e3b,TCN1,loso_subject_S017,50,0.0005962676436605449,,0.01705597902063352,,0.0003942473243151282
TCN1_c3e92e3b,TCN1,loso_subject_S017,51,0.0006590766505354347,,0.017442495842069458,,0.0003777924554357096
TCN1_c3e92e3b,TCN1,loso_subject_S017,52,0.0006621006809225351,,0.01788734827412817,,0.0003616031181081575
TCN1_c3e92e3b,TCN1,loso_subject_S017,53,0.0006075355994009537,,0.016867976657786193,,0.000345704275117204
TCN1_c3e92e3b,TCN1,loso_subject_S017,54,0.0005604109604414856,,0.016657636461445576,,0.00033012044132637024
TCN1_c3e92e3b,TCN1,loso_subject_S017,55,0.0005545823963283887,,0.016098805831670154,,0.00031487564587782306
TCN1_c3e92e3b,TCN1,loso_subject_S017,56,0.0005268842673614168,,0.015949536107988004,,0.00029999339514117897
TCN1_c3e92e3b,TCN1,loso_subject_S017,57,0.000547994706033611,,0.016196532556499943,,0.0002854966364683872
TCN1_c3e92e3b,TCN1,loso_subject_S017,58,0.0005675454857774642,,0.016473557544422125,,0.0002714077228105749
TCN1_c3e92e3b,TCN1,loso_subject_S017,59,0.0005096813561429526,,0.015657647862533056,,0.00025774837825141746
TCN1_c3e92e3b,TCN1,loso_subject_S017,60,0.0005172631930427639,,0.015453983199574693,,0.0002445396645101764
TCN1_c3e92e3b,TCN1,loso_subject_S017,61,0.0005273385155830902,,0.015686390790501336,,0.0002318019484660537
TCN1_c3e92e3b,TCN1,loso_subject_S017,62,0.0005076386859218843,,0.015322746210979309,,0.00021955487075394156
TCN1_c3e92e3b,TCN1,loso_subject_S017,63,0.0005523307055134866,,0.015890921555997275,,0.0002078173154799862
TCN1_c3e92e3b,TCN1,loso_subject_S017,64,0.00048125131129562066,,0.01483359709899634,,0.00019660738110366478
TCN1_c3e92e3b,TCN1,loso_subject_S017,65,0.0005722146812295879,,0.01628699730381102,,0.00018594235253127373
TCN1_c3e92e3b,TCN1,loso_subject_S017,66,0.0004867807767238444,,0.014957373797696592,,0.00017583867446385477
TCN1_c3e92e3b,TCN1,loso_subject_S017,67,0.0004650987425593152,,0.014907430882352019,,0.00016631192604065853
TCN1_c3e92e3b,TCN1,loso_subject_S017,68,0.00048719884589103326,,0.01431537408069892,,0.00015737679681724137
TCN1_c3e92e3b,TCN1,loso_subject_S017,69,0.0004567028139994023,,0.014573496938703606,,0.0001490470641152345
TCN1_c3e92e3b,TCN1,loso_subject_S017,70,0.00046453341452410535,,0.0144522990338676,,0.00014133557177871338
TCN1_c3e92e3b,TCN1,loso_subject_S017,71,0.0004646397197117441,,0.014640218623409187,,0.00013425421036992097
TCN1_c3e92e3b,TCN1,loso_subject_S017,72,0.0004288198934711443,,0.014000995553618405,,0.00012781389883488212
TCN1_c3e92e3b,TCN1,loso_subject_S017,73,0.0004836111426221023,,0.014425703433889206,,0.0001220245676671809
TCN1_c3e92e3b,TCN1,loso_subject_S017,74,0.0004413677140375977,,0.014025191630649287,,0.00011689514359585877
TCN1_c3e92e3b,TCN1,loso_subject_S017,75,0.00046636800969050935,,0.014297181875478087,,0.00011243353582104555
TCN1_c3e92e3b,TCN1,loso_subject_S017,76,0.0004303334481843442,,0.014074875804952588,,0.0001086466238185463
TCN1_c3e92e3b,TCN1,loso_subject_S017,77,0.00041632563760717154,,0.013891583831203829,,0.00010554024673218805
TCN1_c3e92e3b,TCN1,loso_subject_S017,78,0.00041750313140591084,,0.013777339126900854,,0.00010311919437028317
TCN1_c3e92e3b,TCN1,loso_subject_S017,79,0.0004353643206901825,,0.013941595922260517,,0.00010138719982009242
TCN1_c3e92e3b,TCN1,loso_subject_S017,80,0.000451330298861875,,0.013866743226562443,,0.0001003469336916747
TCN1_c3e92e3b,TCN1,loso_subject_S018,1,0.20353451632409467,,0.3160564525010093,,0.001
TCN1_c3e92e3b,TCN1,loso_subject_S018,2,0.031495256544211106,,0.13193597806410792,,0.0009996530663083252
TCN1_c3e92e3b,TCN1,loso_subject_S018,3,0.0160807182270082,,0.09279638560903077,,0.0009986128001799074
TCN1_c3e92e3b,TCN1,loso_subject_S018,4,0.011514385347518384,,0.07955421782082128,,0.0009968808056297167
TCN1_c3e92e3b,TCN1,loso_subject_S018,5,0.008657090360158255,,0.06991278820581596,,0.0009944597532678117
TCN1_c3e92e3b,TCN1,loso_subject_S018,6,0.0066406032511908365,,0.060749462347715256,,0.0009913533761814533
TCN1_c3e92e3b,TCN1,loso_subject_S018,7,0.005304353958970812,,0.05398480998163433,,0.000987566464178954
TCN1_c3e92e3b,TCN1,loso_subject_S018,8,0.004664488908900783,,0.05035243527442169,,0.0009831048564041408
TCN1_c3e92e3b,TCN1,loso_subject_S018,9,0.0039810408541420764,,0.04650315538280293,,0.0009779754323328187
TCN1_c3e92e3b,TCN1,loso_subject_S018,10,0.003439291518129705,,0.04359932469222761,,0.0009721861011651174
TCN1_c3e92e3b,TCN1,loso_subject_S018,11,0.0032580481095127365,,0.041523084938092,,0.0009657457896300785
TCN1_c3e92e3b,TCN1,loso_subject_S018,12,0.0030398164162314,,0.04023794015563781,,0.000958664428221286
TCN1_c3e92e3b,TCN1,loso_subject_S018,13,0.00250059477301262,,0.03712559747487046,,0.000950952935884765
TCN1_c3e92e3b,TCN1,loso_subject_S018,14,0.002248732025040734,,0.03479004026607388,,0.0009426232031827582
TCN1_c3e92e3b,TCN1,loso_subject_S018,15,0.0021425990120068497,,0.033254617180551053,,0.0009336880739593409
TCN1_c3e92e3b,TCN1,loso_subject_S018,16,0.002018331204999001,,0.031611611124148606,,0.0009241613255361449
TCN1_c3e92e3b,TCN1,loso_subject_S018,17,0.001818113091092571,,0.030457731461174746,,0.0009140576474687258
TCN1_c3e92e3b,TCN1,loso_subject_S018,18,0.0018335351663997096,,0.030852247965990936,,0.0009033926188963346
TCN1_c3e92e3b,TCN1,loso_subject_S018,19,0.0015138947739883626,,0.028307132011682865,,0.0008921826845200134
TCN1_c3e92e3b,TCN1,loso_subject_S018,20,0.001551993469862637,,0.029008361081902977,,0.000880445129246058
TCN1_c3e92e3b,TCN1,loso_subject_S018,21,0.0014821903632520211,,0.027206206095473362,,0.0008681980515339459
TCN1_c3e92e3b,TCN1,loso_subject_S018,22,0.001427316179026585,,0.026772803361939164,,0.0008554603354898234
TCN1_c3e92e3b,TCN1,loso_subject_S018,23,0.0013733085855009808,,0.02656885770632828,,0.0008422516217485822
TCN1_c3e92e3b,TCN1,loso_subject_S018,24,0.0012702452820159227,,0.025006054155588844,,0.0008285922771894248
TCN1_c3e92e3b,TCN1,loso_subject_S018,25,0.0012238300642117437,,0.025021804429713714,,0.0008145033635316124
TCN1_c3e92e3b,TCN1,loso_subject_S018,26,0.0011378189402398153,,0.024003729292343217,,0.0008000066048588205
TCN1_c3e92e3b,TCN1,loso_subject_S018,27,0.0011449491703582372,,0.023197659581668095,,0.0007851243541221765
TCN1_c3e92e3b,TCN1,loso_subject_S018,28,0.0011101254934291864,,0.022993124655440966,,0.0007698795586736293
TCN1_c3e92e3b,TCN1,loso_subject_S018,29,0.0010091500595182888,,0.022503508529548952,,0.0007542957248827956
TCN1_c3e92e3b,TCN1,loso_subject_S018,30,0.0009850921071462083,,0.021355382360062115,,0.0007383968818918422
TCN1_c3e92e3b,TCN1,loso_subject_S018,31,0.000982048198468133,,0.021698163446025695,,0.00072220754456429
TCN1_c3e92e3b,TCN1,loso_subject_S018,32,0.0010045367936867835,,0.022366037992076142,,0.0007057526756848715
TCN1_c3e92e3b,TCN1,loso_subject_S018,33,0.0008778036211373984,,0.020764642770442234,,0.000689057647468726
TCN1_c3e92e3b,TCN1,loso_subject_S018,34,0.0008848403333184301,,0.020699570381784178,,0.000672148202439283
TCN1_c3e92e3b,TCN1,loso_subject_S018,35,0.0008934774331211219,,0.020227913373605494,,0.0006550504137351571
TCN1_c3e92e3b,TCN1,loso_subject_S018,36,0.0007932965732494646,,0.019878166254070746,,0.0006377906449072574
TCN1_c3e92e3b,TCN1,loso_subject_S018,37,0.0008164079575014008,,0.01978611656186958,,0.0006203955092681036
TCN1_c3e92e3b,TCN1,loso_subject_S018,38,0.0007767812910722041,,0.01923984336443957,,0.0006028918288560267
TCN1_c3e92e3b,TCN1,loso_subject_S018,39,0.0007514629390768468,,0.018558504101818783,,0.00058530659307753
TCN1_c3e92e3b,TCN1,loso_subject_S018,40,0.0006590825204246648,,0.01784186092633169,,0.0005676669170915806
TCN1_c3e92e3b,TCN1,loso_subject_S018,41,0.0006406789055900927,,0.017355078725791277,,0.0005499999999999997
TCN1_c3e92e3b,TCN1,loso_subject_S018,42,0.0006415991791390279,,0.01718529091177731,,0.000532333082908419
TCN1_c3e92e3b,TCN1,loso_subject_S018,43,0.000603425294578717,,0.01711692544247252,,0.0005146934069224697
TCN1_c3e92e3b,TCN1,loso_subject_S018,44,0.0006733395934994937,,0.01746094872763181,,0.000497108171143973
TCN1_c3e92e3b,TCN1,loso_subject_S018,45,0.0006582067502881426,,0.017337998253492023,,0.00047960449073189616
TCN1_c3e92e3b,TCN1,loso_subject_S018,46,0.00063823822824661,,0.01715780478350724,,0.00046220935509274226
TCN1_c3e92e3b,TCN1,loso_subject_S018,47,0.0005709029943938525,,0.016408664595568476,,0.00044494958626484254
TCN1_c3e92e3b,TCN1,loso_subject_S018,48,0.0005608776130242208,,0.015851786062567607,,0.00042785179756071645
TCN1_c3e92e3b,TCN1,loso_subject_S018,49,0.000628762079474259,,0.01657541892191292,,0.0004109423525312737
TCN1_c3e92e3b,TCN1,loso_subject_S018,50,0.0006020419616475292,,0.01633603151377523,,0.0003942473243151282
TCN1_c3e92e3b,TCN1,loso_subject_S018,51,0.0005737775138746413,,0.015913463812399813,,0.0003777924554357096
TCN1_c3e92e3b,TCN1,loso_subject_S018,52,0.0006123270802839767,,0.016233346579966036,,0.0003616031181081575
TCN1_c3e92e3b,TCN1,loso_subject_S018,53,0.0005739999556238319,,0.015599616578312494,,0.000345704275117204
TCN1_c3e92e3b,TCN1,loso_subject_S018,54,0.0005230223118810631,,0.015315907043138052,,0.00033012044132637024
TCN1_c3e92e3b,TCN1,loso_subject_S018,55,0.0005425625452700555,,0.015359761777996302,,0.00031487564587782306
TCN1_c3e92e3b,TCN1,loso_subject_S018,56,0.0005231927214742856,,0.015527411662198919,,0.00029999339514117897
TCN1_c3e92e3b,TCN1,loso_subject_S018,57,0.0005618322486244127,,0.015401639048807267,,0.0002854966364683872
TCN1_c3e92e3b,TCN1,loso_subject_S018,58,0.0005387698012197167,,0.014903767808654348,,0.0002714077228105749
TCN1_c3e92e3b,TCN1,loso_subject_S018,59,0.0004716147219053086,,0.01473957346315116,,0.00025774837825141746
TCN1_c3e92e3b,TCN1,loso_subject_S018,60,0.0005123337132520986,,0.014666649472244582,,0.0002445396645101764
TCN1_c3e92e3b,TCN1,loso_subject_S018,61,0.00047854933185685595,,0.014350636684636963,,0.0002318019484660537
TCN1_c3e92e3b,TCN1,loso_subject_S018,62,0.00045362628537098893,,0.014025098477167947,,0.00021955487075394156
TCN1_c3e92e3b,TCN1,loso_subject_S018,63,0.00045931620888935696,,0.014085284182207895,,0.0002078173154799862
TCN1_c3e92e3b,TCN1,loso_subject_S018,64,0.0004837163189225871,,0.014124764558548929,,0.00019660738110366478
TCN1_c3e92e3b,TCN1,loso_subject_S018,65,0.00043113772465483977,,0.013663639164327437,,0.00018594235253127373
TCN1_c3e92e3b,TCN1,loso_subject_S018,66,0.0004945554943965111,,0.01408413539716884,,0.00017583867446385477
TCN1_c3e92e3b,TCN1,loso_subject_S018,67,0.0004586194203474597,,0.013650274480665607,,0.00016631192604065853
TCN1_c3e92e3b,TCN1,loso_subject_S018,68,0.0004496300213999791,,0.013572618671608187,,0.00015737679681724137
TCN1_c3e92e3b,TCN1,loso_subject_S018,69,0.0004069278907306992,,0.013252256054029606,,0.0001490470641152345
TCN1_c3e92e3b,TCN1,loso_subject_S018,70,0.0004428277858354329,,0.01375953540418209,,0.00014133557177871338
TCN1_c3e92e3b,TCN1,loso_subject_S018,71,0.0004580896345688366,,0.01365755530398046,,0.00013425421036992097
TCN1_c3e92e3b,TCN1,loso_subject_S018,72,0.00042182441360402945,,0.013549519167937443,,0.00012781389883488212
TCN1_c3e92e3b,TCN1,loso_subject_S018,73,0.00041316332750589374,,0.013225739695163134,,0.0001220245676671809
TCN1_c3e92e3b,TCN1,loso_subject_S018,74,0.000415000121938529,,0.013382164035420582,,0.00011689514359585877
TCN1_c3e92e3b,TCN1,loso_subject_S018,75,0.000400661013551013,,0.013206334470467646,,0.00011243353582104555
TCN1_c3e92e3b,TCN1,loso_subject_S018,76,0.00040088270618984285,,0.01296483211288052,,0.0001086466238185463
TCN1_c3e92e3b,TCN1,loso_subject_S018,77,0.0004108684334114638,,0.012857892356665823,,0.00010554024673218805
TCN1_c3e92e3b,TCN1,loso_subject_S018,78,0.00041354188769454284,,0.013650903525599754,,0.00010311919437028317
TCN1_c3e92e3b,TCN1,loso_subject_S018,79,0.00041313292803678466,,0.013126949899081912,,0.00010138719982009242
TCN1_c3e92e3b,TCN1,loso_subject_S018,80,0.0004229000002718158,,0.013112068960160336,,0.0001003469336916747
TCN1_c3e92e3b,TCN1,loso_subject_S019,1,0.2013381518321709,,0.313877071335238,,0.001
TCN1_c3e92e3b,TCN1,loso_subject_S019,2,0.0430154880848927,,0.14826154496809327,,0.0009996530663083252
TCN1_c3e92e3b,TCN1,loso_subject_S019,3,0.02284682934919011,,0.10850292570625236,,0.0009986128001799074
TCN1_c3e92e3b,TCN1,loso_subject_S019,4,0.015024676618662124,,0.08839670650183089,,0.0009968808056297167
TCN1_c3e92e3b,TCN1,loso_subject_S019,5,0.011415680137890872,,0.07846981349939469,,0.0009944597532678117
TCN1_c3e92e3b,TCN1,loso_subject_S019,6,0.00885987492709767,,0.06865460208339354,,0.0009913533761814533
TCN1_c3e92e3b,TCN1,loso_subject_S019,7,0.0070380513317023835,,0.061565918277960846,,0.000987566464178954
TCN1_c3e92e3b,TCN1,loso_subject_S019,8,0.006011569046125187,,0.057312768851033105,,0.0009831048564041408
TCN1_c3e92e3b,TCN1,loso_subject_S019,9,0.005626845246333011,,0.053611833510787875,,0.0009779754323328187
TCN1_c3e92e3b,TCN1,loso_subject_S019,10,0.004932316408263793,,0.05060379683469999,,0.0009721861011651174
TCN1_c3e92e3b,TCN1,loso_subject_S019,11,0.003949789757831522,,0.04550390174665286,,0.0009657457896300785
TCN1_c3e92e3b,TCN1,loso_subject_S019,12,0.0034263699781149626,,0.04256512302235474,,0.000958664428221286
TCN1_c3e92e3b,TCN1,loso_subject_S019,13,0.003128535142628678,,0.040443926298833505,,0.000950952935884765
TCN1_c3e92e3b,TCN1,loso_subject_S019,14,0.0030898719420803457,,0.03961296148449339,,0.0009426232031827582
TCN1_c3e92e3b,TCN1,loso_subject_S019,15,0.0025806233312646067,,0.03699713040964565,,0.0009336880739593409
TCN1_c3e92e3b,TCN1,loso_subject_S019,16,0.0024061484299969,,0.03521320161067244,,0.0009241613255361449
TCN1_c3e92e3b,TCN1,loso_subject_S019,17,0.0024425528498442863,,0.035677344343389,,0.0009140576474687258
TCN1_c3e92e3b,TCN1,loso_subject_S019,18,0.0021586684467919926,,0.033262835611852684,,0.0009033926188963346
TCN1_c3e92e3b,TCN1,loso_subject_S019,19,0.00199817410483989,,0.031923313532122556,,0.0008921826845200134
TCN1_c3e92e3b,TCN1,loso_subject_S019,20,0.001848675253730211,,0.030769247261371858,,0.000880445129246058
TCN1_c3e92e3b,TCN1,loso_subject_S019,21,0.001754546454386858,,0.029969019541772172,,0.0008681980515339459
TCN1_c3e92e3b,TCN1,loso_subject_S019,22,0.001572855357736835,,0.02845600238699914,,0.0008554603354898234
TCN1_c3e92e3b,TCN1,loso_subject_S019,23,0.0014707913608468163,,0.02751112974986899,,0.0008422516217485822
TCN1_c3e92e3b,TCN1,loso_subject_S019,24,0.0017091073770705404,,0.028860418977985622,,0.0008285922771894248
TCN1_c3e92e3b,TCN1,loso_subject_S019,25,0.0014487533622656033,,0.02714007279466442,,0.0008145033635316124
TCN1_c3e92e3b,TCN1,loso_subject_S019,26,0.001517735205352753,,0.027431869817994954,,0.0008000066048588205
TCN1_c3e92e3b,TCN1,loso_subject_S019,27,0.0013687595956584407,,0.026021014511862055,,0.0007851243541221765
TCN1_c3e92e3b,TCN1,loso_subject_S019,28,0.0013994947056257638,,0.02641498978660059,,0.0007698795586736293
TCN1_c3e92e3b,TCN1,loso_subject_S019,29,0.0012951872136154632,,0.02592092816242305,,0.0007542957248827956
TCN1_c3e92e3b,TCN1,loso_subject_S019,30,0.0012434921511803104,,0.024503646737054026,,0.0007383968818918422
TCN1_c3e92e3b,TCN1,loso_subject_S019,31,0.0012342648623433503,,0.024453099072762968,,0.00072220754456429
TCN1_c3e92e3b,TCN1,loso_subject_S019,32,0.0012305097423426616,,0.024593419252081666,,0.0007057526756848715
TCN1_c3e92e3b,TCN1,loso_subject_S019,33,0.0010914923346753546,,0.023250002852718412,,0.000689057647468726
TCN1_c3e92e3b,TCN1,loso_subject_S019,34,0.0011056807718693145,,0.02313936649812885,,0.000672148202439283
TCN1_c3e92e3b,TCN1,loso_subject_S019,35,0.0009499607246030936,,0.021702623980617966,,0.0006550504137351571
TCN1_c3e92e3b,TCN1,loso_subject_S019,36,0.0010789974853448645,,0.022706010990965128,,0.0006377906449072574
TCN1_c3e92e3b,TCN1,loso_subject_S019,37,0.0009042671494585156,,0.021174366414531298,,0.0006203955092681036
TCN1_c3e92e3b,TCN1,loso_subject_S019,38,0.0008877438617200364,,0.020659722947302384,,0.0006028918288560267
TCN1_c3e92e3b,TCN1,loso_subject_S019,39,0.0008664831532061928,,0.020368713680543774,,0.00058530659307753
TCN1_c3e92e3b,TCN1,loso_subject_S019,40,0.0009085041147612996,,0.020999260035223014,,0.0005676669170915806
TCN1_c3e92e3b,TCN1,loso_subject_S019,41,0.0008971475087523413,,0.020402819252498854,,0.0005499999999999997
TCN1_c3e92e3b,TCN1,loso_subject_S019,42,0.0008453611591997332,,0.019857482317426393,,0.000532333082908419
TCN1_c3e92e3b,TCN1,loso_subject_S019,43,0.0006780384354149061,,0.018413556477233188,,0.0005146934069224697
TCN1_c3e92e3b,TCN1,loso_subject_S019,44,0.000849106156851465,,0.019890431305240153,,0.000497108171143973
TCN1_c3e92e3b,TCN1,loso_subject_S019,45,0.0007915056660064472,,0.01956338218331358,,0.00047960449073189616
TCN1_c3e92e3b,TCN1,loso_subject_S019,46,0.0007706097710082459,,0.018756482403502105,,0.00046220935509274226
TCN1_c3e92e3b,TCN1,loso_subject_S019,47,0.0007639815446131043,,0.01837570486212253,,0.00044494958626484254
TCN1_c3e92e3b,TCN1,loso_subject_S019,48,0.0007072441037142008,,0.01818916329162772,,0.00042785179756071645
TCN1_c3e92e3b,TCN1,loso_subject_S019,49,0.0006732345612401706,,0.017794127834917076,,0.0004109423525312737
TCN1_c3e92e3b,TCN1,loso_subject_S019,50,0.0007141528601102127,,0.018368838068987044,,0.0003942473243151282
TCN1_c3e92e3b,TCN1,loso_subject_S019,51,0.0006599672372664119,,0.017367751991439608,,0.0003777924554357096
TCN1_c3e92e3b,TCN1,loso_subject_S019,52,0.0006705693814242791,,0.017513757210539552,,0.0003616031181081575
TCN1_c3e92e3b,TCN1,loso_subject_S019,53,0.0006036166874287063,,0.01686220636080116,,0.000345704275117204
TCN1_c3e92e3b,TCN1,loso_subject_S019,54,0.0006359709261135089,,0.0167811804696202,,0.00033012044132637024
TCN1_c3e92e3b,TCN1,loso_subject_S019,55,0.0006104298806833342,,0.016688446035426498,,0.00031487564587782306
TCN1_c3e92e3b,TCN1,loso_subject_S019,56,0.0006295017408591601,,0.017158677459384656,,0.00029999339514117897
TCN1_c3e92e3b,TCN1,loso_subject_S019,57,0.0005794843909385507,,0.016499123510914728,,0.0002854966364683872
TCN1_c3e92e3b,TCN1,loso_subject_S019,58,0.0005708670341980191,,0.016527685162451677,,0.0002714077228105749
TCN1_c3e92e3b,TCN1,loso_subject_S019,59,0.0005607075797342668,,0.016411733866792958,,0.00025774837825141746
TCN1_c3e92e3b,TCN1,loso_subject_S019,60,0.0005871878497095571,,0.016213504176441927,,0.0002445396645101764
TCN1_c3e92e3b,TCN1,loso_subject_S019,61,0.0005296309088754882,,0.015411465756511568,,0.0002318019484660537
TCN1_c3e92e3b,TCN1,loso_subject_S019,62,0.0005608841141643734,,0.015587298885050506,,0.00021955487075394156
TCN1_c3e92e3b,TCN1,loso_subject_S019,63,0.0005255793773890217,,0.01545651023244486,,0.0002078173154799862
TCN1_c3e92e3b,TCN1,loso_subject_S019,64,0.0005286474774991183,,0.015585502903403168,,0.00019660738110366478
TCN1_c3e92e3b,TCN1,loso_subject_S019,65,0.0005057837595053924,,0.01513212999375325,,0.00018594235253127373
TCN1_c3e92e3b,TCN1,loso_subject_S019,66,0.0005295997842823315,,0.01528318234041328,,0.00017583867446385477
TCN1_c3e92e3b,TCN1,loso_subject_S019,67,0.0005713463465895672,,0.015464090850874076,,0.00016631192604065853
TCN1_c3e92e3b,TCN1,loso_subject_S019,68,0.0005169132477292107,,0.015023505103653913,,0.00015737679681724137
TCN1_c3e92e3b,TCN1,loso_subject_S019,69,0.00052802155758628,,0.015094560886025846,,0.0001490470641152345
TCN1_c3e92e3b,TCN1,loso_subject_S019,70,0.0005312591830100877,,0.014785845254740818,,0.00014133557177871338
TCN1_c3e92e3b,TCN1,loso_subject_S019,71,0.0005158930636827807,,0.014875969044861567,,0.00013425421036992097
TCN1_c3e92e3b,TCN1,loso_subject_S019,72,0.0005433004701368399,,0.015077477842673812,,0.00012781389883488212
TCN1_c3e92e3b,TCN1,loso_subject_S019,73,0.0005748299868350415,,0.015265644399682305,,0.0001220245676671809
TCN1_c3e92e3b,TCN1,loso_subject_S019,74,0.0005078560495935184,,0.014758108550003023,,0.00011689514359585877
TCN1_c3e92e3b,TCN1,loso_subject_S019,75,0.0004746670389093871,,0.014356044483430816,,0.00011243353582104555
TCN1_c3e92e3b,TCN1,loso_subject_S019,76,0.0004884143677173536,,0.014450422694787116,,0.0001086466238185463
TCN1_c3e92e3b,TCN1,loso_subject_S019,77,0.000505955299614141,,0.014606634666114952,,0.00010554024673218805
TCN1_c3e92e3b,TCN1,loso_subject_S019,78,0.0004851274152997655,,0.014423201041465218,,0.00010311919437028317
TCN1_c3e92e3b,TCN1,loso_subject_S019,79,0.0004764797187697885,,0.014122319500468987,,0.00010138719982009242
TCN1_c3e92e3b,TCN1,loso_subject_S019,80,0.0005072295689142365,,0.014860008609841215,,0.0001003469336916747
