model_id,architecture_id,fold_id,epoch,train_loss,val_loss,train_mae,val_mae,lr
TCN3_366f120b,TCN3,loso_subject_S001,1,0.32048921161793437,,0.4133378253604495,,0.001
TCN3_366f120b,TCN3,loso_subject_S001,2,0.06395915777477197,,0.1901962484341872,,0.0009996530663083252
TCN3_366f120b,TCN3,loso_subject_S001,3,0.034129489915021606,,0.13761623738022932,,0.0009986128001799074
TCN3_366f120b,TCN3,loso_subject_S001,4,0.02138130696066564,,0.10992271795738073,,0.0009968808056297167
TCN3_366f120b,TCN3,loso_subject_S001,5,0.016627681014617902,,0.09597634805578947,,0.0009944597532678117
TCN3_366f120b,TCN3,loso_subject_S001,6,0.012436213819492435,,0.08344690887047422,,0.0009913533761814533
TCN3_366f120b,TCN3,loso_subject_S001,7,0.01119760544574458,,0.07884569687971306,,0.000987566464178954
TCN3_366f120b,TCN3,loso_subject_S001,8,0.009099860156519661,,0.07072309347512269,,0.0009831048564041408
TCN3_366f120b,TCN3,loso_subject_S001,9,0.007093347936672468,,0.06272123714784446,,0.0009779754323328187
TCN3_366f120b,TCN3,loso_subject_S001,10,0.006808631527247027,,0.06086216727617542,,0.0009721861011651174
TCN3_366f120b,TCN3,loso_subject_S001,11,0.005777701904027547,,0.05581139672514879,,0.0009657457896300785
TCN3_366f120b,TCN3,loso_subject_S001,12,0.005174055103159772,,0.053054015711201434,,0.000958664428221286
TCN3_366f120b,TCN3,loso_subject_S001,13,0.004267443155091329,,0.04818520721131125,,0.000950952935884765
TCN3_366f120b,TCN3,loso_subject_S001,14,0.0039505752968142195,,0.04583952218233774,,0.0009426232031827582
TCN3_366f120b,TCN3,loso_subject_S001,15,0.003535366849816586,,0.04334104471889643,,0.0009336880739593409
TCN3_366f120b,TCN3,loso_subject_S001,16,0.00375377851526412,,0.04485753040753209,,0.0009241613255361449
TCN3_366f120b,TCN3,loso_subject_S001,17,0.0030200500422484975,,0.04057238644629133,,0.0009140576474687258
TCN3_366f120b,TCN3,loso_subject_S001,18,0.002925644991862802,,0.03908557664655818,,0.0009033926188963346
TCN3_366f120b,TCN3,loso_subject_S001,19,0.0028205441643033053,,0.03794717080111362,,0.0008921826845200134
TCN3_366f120b,TCN3,loso_subject_S001,20,0.0028698529374793897,,0.03797584633260543,,0.000880445129246058
TCN3_366f120b,TCN3,loso_subject_S001,21,0.002456769056270461,,0.03494074407041797,,0.0008681980515339459
TCN3_366f120b,TCN3,loso_subject_S001,22,0.0021856294382535863,,0.03364469495820162,,0.0008554603354898234
TCN3_366f120b,TCN3,loso_subject_S001,23,0.002175301753593248,,0.03302312992981042,,0.0008422516217485822
TCN3_366f120b,TCN3,loso_subject_S001,24,0.0020712222075460834,,0.03257322462827752,,0.0008285922771894248
TCN3_366f120b,TCN3,loso_subject_S001,25,0.001832337865755616,,0.03063623999056182,,0.0008145033635316124
TCN3_366f120b,TCN3,loso_subject_S001,26,0.0018854567572863736,,0.03072736165149843,,0.0008000066048588205
TCN3_366f120b,TCN3,loso_subject_S001,27,0.0016368675414094882,,0.029098571111510364,,0.0007851243541221765
TCN3_366f120b,TCN3,loso_subject_S001,28,0.0016785268687924833,,0.028727093348021766,,0.0007698795586736293
TCN3_366f120b,TCN3,loso_subject_S001,29,0.0015898409549833592,,0.027391580332782443,,0.0007542957248827956
TCN3_366f120b,TCN3,loso_subject_S001,30,0.0014944165917698251,,0.027726143479075566,,0.0007383968818918422
TCN3_366f120b,TCN3,loso_subject_S001,31,0.001364848839344204,,0.02643249819280327,,0.00072220754456429
TCN3_366f120b,TCN3,loso_subject_S001,32,0.0014557064267832491,,0.027239362967680387,,0.0007057526756848715
TCN3_366f120b,TCN3,loso_subject_S001,33,0.0012934215470285712,,0.025202836008751256,,0.000689057647468726
TCN3_366f120b,TCN3,loso_subject_S001,34,0.0013443954862939706,,0.025663158496002907,,0.000672148202439283
TCN3_366f120b,TCN3,loso_subject_S001,35,0.0012725484900171493,,0.02479900662069744,,0.0006550504137351571
TCN3_366f120b,TCN3,loso_subject_S001,36,0.0012505166209004141,,0.024394060816467413,,0.0006377906449072574
TCN3_366f120b,TCN3,loso_subject_S001,37,0.0012131903540765316,,0.02403412973615143,,0.0006203955092681036
TCN3_366f120b,TCN3,loso_subject_S001,38,0.0011894021846371615,,0.024093398601722268,,0.0006028918288560267
TCN3_366f120b,TCN3,loso_subject_S001,39,0.0011228141841018958,,0.0239217132279633,,0.00058530659307753
TCN3_366f120b,TCN3,loso_subject_S001,40,0.0011285186173289933,,0.023346153069677425,,0.0005676669170915806
TCN3_366f120b,TCN3,loso_subject_S001,41,0.0010114319623381297,,0.02234499402857366,,0.0005499999999999997
TCN3_366f120b,TCN3,loso_subject_S001,42,0.0010804337281784058,,0.02260961666436593,,0.000532333082908419
TCN3_366f120b,TCN3,loso_subject_S001,43,0.0010554749968022757,,0.022161017414144692,,0.0005146934069224697
TCN3_366f120b,TCN3,loso_subject_S001,44,0.000998581163838297,,0.021679897710258376,,0.000497108171143973
TCN3_366f120b,TCN3,loso_subject_S001,45,0.0009783411443806999,,0.02120803095838011,,0.00047960449073189616
TCN3_366f120b,TCN3,loso_subject_S001,46,0.0009583392352393843,,0.02154653905252602,,0.00046220935509274226
TCN3_366f120b,TCN3,loso_subject_S001,47,0.0008889186401740798,,0.020978381815772055,,0.00044494958626484254
TCN3_366f120b,TCN3,loso_subject_S001,48,0.0008992611216462942,,0.020533766265478107,,0.00042785179756071645
TCN3_366f120b,TCN3,loso_subject_S001,49,0.0008945472421034023,,0.02049744986173754,,0.0004109423525312737
TCN3_366f120b,TCN3,loso_subject_S001,50,0.0008912973536982136,,0.020647159587041015,,0.0003942473243151282
TCN3_366f120b,TCN3,loso_subject_S001,51,0.0008625007892602264,,0.020327653757256887,,0.0003777924554357096
TCN3_366f120b,TCN3,loso_subject_S001,52,0.0008766275329768763,,0.020338882583367673,,0.0003616031181081575
TCN3_366f120b,TCN3,loso_subject_S001,53,0.0008244199596767853,,0.020197900866738734,,0.000345704275117204
TCN3_366f120b,TCN3,loso_subject_S001,54,0.0007622905204385131,,0.01931259720249807,,0.00033012044132637024
TCN3_366f120b,TCN3,loso_subject_S001,55,0.0007547820579627834,,0.01931263209093591,,0.00031487564587782306
TCN3_366f120b,TCN3,loso_subject_S001,56,0.0008147825873463184,,0.019602684345622064,,0.00029999339514117897
TCN3_366f120b,TCN3,loso_subject_S001,57,0.0007226293213108327,,0.018644066664574518,,0.0002854966364683872
TCN3_366f120b,TCN3,loso_subject_S001,58,0.0007724634125543561,,0.019122380967038777,,0.0002714077228105749
TCN3_366f120b,TCN3,loso_subject_S001,59,0.0007392542625294469,,0.018902084282690572,,0.00025774837825141746
TCN3_366f120b,TCN3,loso_subject_S001,60,0.0007467123743173069,,0.019012552753322275,,0.0002445396645101764
TCN3_366f120b,TCN3,loso_subject_S001,61,0.0007583564764409403,,0.018565396552529388,,0.0002318019484660537
TCN3_366f120b,TCN3,loso_subject_S001,62,0.000768460734394567,,0.01889829559202616,,0.00021955487075394156
TCN3_366f120b,TCN3,loso_subject_S001,63,0.0006915424802798997,,0.018006561251054095,,0.0002078173154799862
TCN3_366f120b,TCN3,loso_subject_S001,64,0.0007281423892475575,,0.018226529913655736,,0.00019660738110366478
TCN3_366f120b,TCN3,loso_subject_S001,65,0.0007359156635659699,,0.018530788468568007,,0.00018594235253127373
TCN3_366f120b,TCN3,loso_subject_S001,66,0.0007230329580907191,,0.018112366079559686,,0.00017583867446385477
TCN3_366f120b,TCN3,loso_subject_S001,67,0.0006749206650209822,,0.017812741838601858,,0.00016631192604065853
TCN3_366f120b,TCN3,loso_subject_S001,68,0.0006609148501173595,,0.017525984058603093,,0.00015737679681724137
TCN3_366f120b,TCN3,loso_subject_S001,69,0.0006935618969358398,,0.017902203564513865,,0.0001490470641152345
TCN3_366f120b,TCN3,loso_subject_S001,70,0.0006323387284082744,,0.017393500334724712,,0.00014133557177871338
TCN3_366f120b,TCN3,loso_subject_S001,71,0.0006877683238050876,,0.017440404272578522,,0.00013425421036992097
TCN3_366f120b,TCN3,loso_subject_S001,72,0.0006367922320942772,,0.01736513588383824,,0.00012781389883488212
TCN3_366f120b,TCN3,loso_subject_S001,73,0.0006553596528630595,,0.01762896745260063,,0.0001220245676671809
TCN3_366f120b,TCN3,loso_subject_S001,74,0.0006678074432729073,,0.0174861279071625,,0.00011689514359585877
TCN3_366f120b,TCN3,loso_subject_S001,75,0.0006353515170544926,,0.01707747645907552,,0.00011243353582104555
TCN3_366f120b,TCN3,loso_subject_S001,76,0.0006710741523361484,,0.017439084735011667,,0.0001086466238185463
TCN3_366f120b,TCN3,loso_subject_S001,77,0.0006729466372919769,,0.01746615477077346,,0.00010554024673218805
TCN3_366f120b,TCN3,loso_subject_S001,78,0.0006318772712586904,,0.017228655848503718,,0.00010311919437028317
TCN3_366f120b,TCN3,loso_subject_S001,79,0.0006392936638552019,,0.017334395907643192,,0.00010138719982009242
TCN3_366f120b,TCN3,loso_subject_S001,80,0.0005835449501257679,,0.016745618250847347,,0.0001003469336916747
TCN3_366f120b,TCN3,loso_subject_S002,1,0.299431468451529,,0.4021835653037228,,0.001
TCN3_366f120b,TCN3,loso_subject_S002,2,0.055330905322212756,,0.1719602969739418,,0.0009996530663083252
TCN3_366f120b,TCN3,loso_subject_S002,3,0.02898814836492273,,0.12522356743758806,,0.0009986128001799074
TCN3_366f120b,TCN3,loso_subject_S002,4,0.017445328618234286,,0.09857978551236009,,0.0009968808056297167
TCN3_366f120b,TCN3,loso_subject_S002,5,0.013923005786395833,,0.08864983617864174,,0.0009944597532678117
TCN3_366f120b,TCN3,loso_subject_S002,6,0.010396340938497443,,0.07672563471907962,,0.0009913533761814533
TCN3_366f120b,TCN3,loso_subject_S002,7,0.007826977253790243,,0.0664895691115913,,0.000987566464178954
TCN3_366f120b,TCN3,loso_subject_S002,8,0.006702682294880364,,0.06161807366802458,,0.0009831048564041408
TCN3_366f120b,TCN3,loso_subject_S002,9,0.005975307032110204,,0.058019477251511985,,0.0009779754323328187
TCN3_366f120b,TCN3,loso_subject_S002,10,0.004754698028743504,,0.05199813929729816,,0.0009721861011651174
TCN3_366f120b,TCN3,loso_subject_S002,11,0.004501688253969468,,0.05003042412373368,,0.0009657457896300785
TCN3_366f120b,TCN3,loso_subject_S002,12,0.004044659578411862,,0.04722382039306018,,0.000958664428221286
TCN3_366f120b,TCN3,loso_subject_S002,13,0.0036431303820930994,,0.044563179919669106,,0.000950952935884765
TCN3_366f120b,TCN3,loso_subject_S002,14,0.0033380950014267503,,0.042477976654307914,,0.0009426232031827582
TCN3_366f120b,TCN3,loso_subject_S002,15,0.0028755560206046786,,0.039507843040186785,,0.0009336880739593409
TCN3_366f120b,TCN3,loso_subject_S002,16,0.00293549317038996,,0.03979276675009601,,0.0009241613255361449
TCN3_366f120b,TCN3,loso_subject_S002,17,0.00258810572148318,,0.03721448702031169,,0.0009140576474687258
TCN3_366f120b,TCN3,loso_subject_S002,18,0.0024279623632986265,,0.03589089155513349,,0.0009033926188963346
TCN3_366f120b,TCN3,loso_subject_S002,19,0.0022284287158943297,,0.03423998508829653,,0.0008921826845200134
TCN3_366f120b,TCN3,loso_subject_S002,20,0.0021444452089376116,,0.03366638675569223,,0.000880445129246058
TCN3_366f120b,TCN3,loso_subject_S002,21,0.0019444039592331655,,0.031644320910900275,,0.0008681980515339459
TCN3_366f120b,TCN3,loso_subject_S002,22,0.00186190540736803,,0.03140768995730883,,0.0008554603354898234
TCN3_366f120b,TCN3,loso_subject_S002,23,0.0017822974402240085,,0.030826393495108784,,0.0008422516217485822
TCN3_366f120b,TCN3,loso_subject_S002,24,0.0017188315079683335,,0.03011324377211715,,0.0008285922771894248
TCN3_366f120b,TCN3,loso_subject_S002,25,0.001660091670777214,,0.029276308739454106,,0.0008145033635316124
TCN3_366f120b,TCN3,loso_subject_S002,26,0.0015885095804959377,,0.028466223188199163,,0.0008000066048588205
TCN3_366f120b,TCN3,loso_subject_S002,27,0.0014795716737695927,,0.027449971198324184,,0.0007851243541221765
TCN3_366f120b,TCN3,loso_subject_S002,28,0.0014046647371934228,,0.027042291435939246,,0.0007698795586736293
TCN3_366f120b,TCN3,loso_subject_S002,29,0.0013375869422251809,,0.026399945390635525,,0.0007542957248827956
TCN3_366f120b,TCN3,loso_subject_S002,30,0.0013798398542556349,,0.02637767416254595,,0.0007383968818918422
TCN3_366f120b,TCN3,loso_subject_S002,31,0.0012920237132731025,,0.025584924274398416,,0.00072220754456429
TCN3_366f120b,TCN3,loso_subject_S002,32,0.0011952021792259275,,0.024717826460456026,,0.0007057526756848715
TCN3_366f120b,TCN3,loso_subject_S002,33,0.001175087434116168,,0.02443734284203786,,0.000689057647468726
TCN3_366f120b,TCN3,loso_subject_S002,34,0.0011284674966487965,,0.024004147079247064,,0.000672148202439283
TCN3_366f120b,TCN3,loso_subject_S002,35,0.0011371490520867334,,0.023639597636042287,,0.0006550504137351571
TCN3_366f120b,TCN3,loso_subject_S002,36,0.0010339964575823445,,0.022962536692461222,,0.0006377906449072574
TCN3_366f120b,TCN3,loso_subject_S002,37,0.0010394695372720909,,0.022912348272273963,,0.0006203955092681036
TCN3_366f120b,TCN3,loso_subject_S002,38,0.0009401050542631935,,0.022006674069387527,,0.0006028918288560267
TCN3_366f120b,TCN3,loso_subject_S002,39,0.0009119441024545304,,0.021034647932953007,,0.00058530659307753
TCN3_366f120b,TCN3,loso_subject_S002,40,0.0009154947990284793,,0.021393660811672793,,0.0005676669170915806
TCN3_366f120b,TCN3,loso_subject_S002,41,0.0009158692438160353,,0.0215564038436514,,0.0005499999999999997
TCN3_366f120b,TCN3,loso_subject_S002,42,0.0008974463774004966,,0.021106137718699024,,0.000532333082908419
TCN3_366f120b,TCN3,loso_subject_S002,43,0.0008677501409451678,,0.020826458856858687,,0.0005146934069224697
TCN3_366f120b,TCN3,loso_subject_S002,44,0.0008755605927216437,,0.02059693420577587,,0.000497108171143973
TCN3_366f120b,TCN3,loso_subject_S002,45,0.0008555047120775445,,0.0206342549693205,,0.00047960449073189616
TCN3_366f120b,TCN3,loso_subject_S002,46,0.0008343179041361659,,0.02025148470142476,,0.00046220935509274226
TCN3_366f120b,TCN3,loso_subject_S002,47,0.0007485330999712768,,0.01966349801310494,,0.00044494958626484254
TCN3_366f120b,TCN3,loso_subject_S002,48,0.0007975245677725232,,0.019803618948007452,,0.00042785179756071645
TCN3_366f120b,TCN3,loso_subject_S002,49,0.0007700201147730001,,0.019770137619829938,,0.0004109423525312737
TCN3_366f120b,TCN3,loso_subject_S002,50,0.0007413456953545681,,0.019086489666362023,,0.0003942473243151282
TCN3_366f120b,TCN3,loso_subject_S002,51,0.0007493970785981701,,0.01890208763354495,,0.0003777924554357096
TCN3_366f120b,TCN3,loso_subject_S002,52,0.0007263129143262362,,0.01868136628068964,,0.0003616031181081575
TCN3_366f120b,TCN3,loso_subject_S002,53,0.0007176226342624345,,0.018862197486886296,,0.000345704275117204
TCN3_366f120b,TCN3,loso_subject_S002,54,0.0006829101635687873,,0.018489102865087575,,0.00033012044132637024
TCN3_366f120b,TCN3,loso_subject_S002,55,0.0006995725632887285,,0.018437154783770955,,0.00031487564587782306
TCN3_366f120b,TCN3,loso_subject_S002,56,0.0006980851906492555,,0.01830812654302354,,0.00029999339514117897
TCN3_366f120b,TCN3,loso_subject_S002,57,0.000671680869697655,,0.018129123626795626,,0.0002854966364683872
TCN3_366f120b,TCN3,loso_subject_S002,58,0.0006389423195224512,,0.01754698230432895,,0.0002714077228105749
TCN3_366f120b,TCN3,loso_subject_S002,59,0.0006531270700123961,,0.01741408267668609,,0.00025774837825141746
TCN3_366f120b,TCN3,loso_subject_S002,60,0.0006230111295340054,,0.017240357093651352,,0.0002445396645101764
TCN3_366f120b,TCN3,loso_subject_S002,61,0.0006240714943241476,,0.01743183236084977,,0.0002318019484660537
TCN3_366f120b,TCN3,loso_subject_S002,62,0.0006005581846925126,,0.017203690439699815,,0.00021955487075394156
TCN3_366f120b,TCN3,loso_subject_S002,63,0.0005859313940318098,,0.01717779499822017,,0.0002078173154799862
TCN3_366f120b,TCN3,loso_subject_S002,64,0.0006330806637072901,,0.017417730195373692,,0.00019660738110366478
TCN3_366f120b,TCN3,loso_subject_S002,65,0.0005775278948916898,,0.016516403964565034,,0.00018594235253127373
TCN3_366f120b,TCN3,loso_subject_S002,66,0.0006306179296114143,,0.017075190770215,,0.00017583867446385477
TCN3_366f120b,TCN3,loso_subject_S002,67,0.000586411281726916,,0.01672415404681818,,0.00016631192604065853
TCN3_366f120b,TCN3,loso_subject_S002,68,0.0005854852772404289,,0.016600830979467386,,0.00015737679681724137
TCN3_366f120b,TCN3,loso_subject_S002,69,0.0005768755148149488,,0.016448911751277093,,0.0001490470641152345
TCN3_366f120b,TCN3,loso_subject_S002,70,0.000552525887585712,,0.016208590163950577,,0.00014133557177871338
TCN3_366f120b,TCN3,loso_subject_S002,71,0.0005598097566554733,,0.016171481099661527,,0.00013425421036992097
TCN3_366f120b,TCN3,loso_subject_S002,72,0.0005719448112918494,,0.016518338521650994,,0.00012781389883488212
TCN3_366f120b,TCN3,loso_subject_S002,73,0.0005684162117046765,,0.016522960771932525,,0.0001220245676671809
TCN3_366f120b,TCN3,loso_subject_S002,74,0.0005491297259440136,,0.0158039527927928,,0.00011689514359585877
TCN3_366f120b,TCN3,loso_subject_S002,75,0.000567134350089885,,0.016397197199713647,,0.00011243353582104555
TCN3_366f120b,TCN3,loso_subject_S002,76,0.0005437828081941593,,0.016045066584840378,,0.0001086466238185463
TCN3_366f120b,TCN3,loso_subject_S002,77,0.0005411837644169764,,0.015733610670667746,,0.00010554024673218805
TCN3_366f120b,TCN3,loso_subject_S002,78,0.000547133032488822,,0.01600991873767237,,0.00010311919437028317
TCN3_366f120b,TCN3,loso_subject_S002,79,0.0005487526963966397,,0.01612578630842644,,0.00010138719982009242
TCN3_366f120b,TCN3,loso_subject_S002,80,0.0005471798964493243,,0.01576532112726008,,0.0001003469336916747
TCN3_366f120b,TCN3,loso_subject_S003,1,0.22299227704078461,,0.3430240191634913,,0.001
TCN3_366f120b,TCN3,loso_subject_S003,2,0.05339320332438997,,0.1708044584926633,,0.0009996530663083252
TCN3_366f120b,TCN3,loso_subject_S003,3,0.028310511786157858,,0.12402771426690534,,0.0009986128001799074
TCN3_366f120b,TCN3,loso_subject_S003,4,0.017884542367563407,,0.09975626692818378,,0.0009968808056297167
TCN3_366f120b,TCN3,loso_subject_S003,5,0.012766586920222709,,0.0834230114366935,,0.0009944597532678117
TCN3_366f120b,TCN3,loso_subject_S003,6,0.009167599665574799,,0.07180067562864706,,0.0009913533761814533
TCN3_366f120b,TCN3,loso_subject_S003,7,0.007461706758677579,,0.06400411000341003,,0.000987566464178954
TCN3_366f120b,TCN3,loso_subject_S003,8,0.006178824012252885,,0.05822051900672518,,0.0009831048564041408
TCN3_366f120b,TCN3,loso_subject_S003,9,0.005071561018881401,,0.0530803373540299,,0.0009779754323328187
TCN3_366f120b,TCN3,loso_subject_S003,10,0.004316343547131901,,0.04872308024463879,,0.0009721861011651174
TCN3_366f120b,TCN3,loso_subject_S003,11,0.004013096968630196,,0.04648722689592374,,0.0009657457896300785
TCN3_366f120b,TCN3,loso_subject_S003,12,0.0036622675363181295,,0.04354103871920924,,0.000958664428221286
TCN3_366f120b,TCN3,loso_subject_S003,13,0.0032129090875833736,,0.04118367989887119,,0.000950952935884765
TCN3_366f120b,TCN3,loso_subject_S003,14,0.0029366571778574814,,0.038765458965808325,,0.0009426232031827582
TCN3_366f120b,TCN3,loso_subject_S003,15,0.00262104787965549,,0.03770462570505723,,0.0009336880739593409
TCN3_366f120b,TCN3,loso_subject_S003,16,0.0024440112573850584,,0.03653587341480787,,0.0009241613255361449
TCN3_366f120b,TCN3,loso_subject_S003,17,0.0021726062755293503,,0.03380468977976972,,0.0009140576474687258
TCN3_366f120b,TCN3,loso_subject_S003,18,0.002225854486598408,,0.03416545225597119,,0.0009033926188963346
TCN3_366f120b,TCN3,loso_subject_S003,19,0.001998304764524285,,0.032244821521445526,,0.0008921826845200134
TCN3_366f120b,TCN3,loso_subject_S003,20,0.0018220364273387312,,0.03186748573757649,,0.000880445129246058
TCN3_366f120b,TCN3,loso_subject_S003,21,0.0017152302823372882,,0.03003303070686611,,0.0008681980515339459
TCN3_366f120b,TCN3,loso_subject_S003,22,0.0015659830001288548,,0.028554133224041142,,0.0008554603354898234
TCN3_366f120b,TCN3,loso_subject_S003,23,0.0015899425152982847,,0.028735593977766885,,0.0008422516217485822
TCN3_366f120b,TCN3,loso_subject_S003,24,0.0014706312912428272,,0.02792762373016698,,0.0008285922771894248
TCN3_366f120b,TCN3,loso_subject_S003,25,0.0013619994214745883,,0.026688715182154824,,0.0008145033635316124
TCN3_366f120b,TCN3,loso_subject_S003,26,0.0013147869649162967,,0.02671577725604449,,0.0008000066048588205
TCN3_366f120b,TCN3,loso_subject_S003,27,0.0012457006008252784,,0.025819888109069482,,0.0007851243541221765
TCN3_366f120b,TCN3,loso_subject_S003,28,0.001321652822593878,,0.02631171878970833,,0.0007698795586736293
TCN3_366f120b,TCN3,loso_subject_S003,29,0.0011829348395393199,,0.024654678751082616,,0.0007542957248827956
TCN3_366f120b,TCN3,loso_subject_S003,30,0.0011056945871048718,,0.02421900155565664,,0.0007383968818918422
TCN3_366f120b,TCN3,loso_subject_S003,31,0.0010052850709202634,,0.023047434816939456,,0.00072220754456429
TCN3_366f120b,TCN3,loso_subject_S003,32,0.0010149354117859198,,0.022947077566475734,,0.0007057526756848715
TCN3_366f120b,TCN3,loso_subject_S003,33,0.0010399280891133869,,0.02313099050249939,,0.000689057647468726
TCN3_366f120b,TCN3,loso_subject_S003,34,0.0009472468383121939,,0.02209585493352751,,0.000672148202439283
TCN3_366f120b,TCN3,loso_subject_S003,35,0.0009746763699670509,,0.02242046205160504,,0.0006550504137351571
TCN3_366f120b,TCN3,loso_subject_S003,36,0.0009038575845261346,,0.021862609674315612,,0.0006377906449072574
TCN3_366f120b,TCN3,loso_subject_S003,37,0.0009239191930024991,,0.022174236625201665,,0.0006203955092681036
TCN3_366f120b,TCN3,loso_subject_S003,38,0.000813587568298743,,0.020741118276867632,,0.0006028918288560267
TCN3_366f120b,TCN3,loso_subject_S003,39,0.0008636375105476875,,0.021256836068248824,,0.00058530659307753
TCN3_366f120b,TCN3,loso_subject_S003,40,0.0007957798188613942,,0.020396003534322815,,0.0005676669170915806
TCN3_366f120b,TCN3,loso_subject_S003,41,0.0007184374664149402,,0.0194797978465641,,0.0005499999999999997
TCN3_366f120b,TCN3,loso_subject_S003,42,0.0007642864663023457,,0.019806287254304177,,0.000532333082908419
TCN3_366f120b,TCN3,loso_subject_S003,43,0.0007110222220646039,,0.01958942728611201,,0.0005146934069224697
TCN3_366f120b,TCN3,loso_subject_S003,44,0.0006557118216119565,,0.018770179767180883,,0.000497108171143973
TCN3_366f120b,TCN3,loso_subject_S003,45,0.0007175344987616596,,0.019591611441547356,,0.00047960449073189616
TCN3_366f120b,TCN3,loso_subject_S003,46,0.0006802868121592748,,0.018881619098027973,,0.00046220935509274226
TCN3_366f120b,TCN3,loso_subject_S003,47,0.0006731290721158469,,0.018562480410231355,,0.00044494958626484254
TCN3_366f120b,TCN3,loso_subject_S003,48,0.0006625492319366861,,0.018750559522540004,,0.00042785179756071645
TCN3_366f120b,TCN3,loso_subject_S003,49,0.0006058544381459801,,0.017718140706651248,,0.0004109423525312737
TCN3_366f120b,TCN3,loso_subject_S003,50,0.000636921265310426,,0.018264563159555165,,0.0003942473243151282
TCN3_366f120b,TCN3,loso_subject_S003,51,0.0005786868415675895,,0.01756152935986603,,0.0003777924554357096
TCN3_366f120b,TCN3,loso_subject_S003,52,0.000598146018583235,,0.017866251904102348,,0.0003616031181081575
TCN3_366f120b,TCN3,loso_subject_S003,53,0.0005933045785771005,,0.01778431257368594,,0.000345704275117204
TCN3_366f120b,TCN3,loso_subject_S003,54,0.0005358212543281213,,0.017146597080197404,,0.00033012044132637024
TCN3_366f120b,TCN3,loso_subject_S003,55,0.0005454364471733776,,0.01684422022687151,,0.00031487564587782306
TCN3_366f120b,TCN3,loso_subject_S003,56,0.0005480451814349382,,0.01715607331020333,,0.00029999339514117897
TCN3_366f120b,TCN3,loso_subject_S003,57,0.000564074493113715,,0.01686084793611369,,0.0002854966364683872
TCN3_366f120b,TCN3,loso_subject_S003,58,0.0005348578444441119,,0.016639620692781763,,0.0002714077228105749
TCN3_366f120b,TCN3,loso_subject_S003,59,0.0005157132089785684,,0.016461184352415312,,0.00025774837825141746
TCN3_366f120b,TCN3,loso_subject_S003,60,0.0005255786156463018,,0.016669673357183314,,0.0002445396645101764
TCN3_366f120b,TCN3,loso_subject_S003,61,0.0004933129921730604,,0.01629245973077467,,0.0002318019484660537
TCN3_366f120b,TCN3,loso_subject_S003,62,0.0005017489235689648,,0.016282474421666342,,0.00021955487075394156
TCN3_366f120b,TCN3,loso_subject_S003,63,0.0005008203971606723,,0.016085950038342813,,0.0002078173154799862
TCN3_366f120b,TCN3,loso_subject_S003,64,0.0004923347362032673,,0.01589897786796854,,0.00019660738110366478
TCN3_366f120b,TCN3,loso_subject_S003,65,0.00048808706215547126,,0.015905299537184527,,0.00018594235253127373
TCN3_366f120b,TCN3,loso_subject_S003,66,0.00046594946370887366,,0.015584282521460439,,0.00017583867446385477
TCN3_366f120b,TCN3,loso_subject_S003,67,0.00047699742198437605,,0.015821693589118647,,0.00016631192604065853
TCN3_366f120b,TCN3,loso_subject_S003,68,0.0004539886576269868,,0.015422321284827836,,0.00015737679681724137
TCN3_366f120b,TCN3,loso_subject_S003,69,0.00041898954522363245,,0.015222234656586446,,0.0001490470641152345
TCN3_366f120b,TCN3,loso_subject_S003,70,0.00041877435989406123,,0.015099868016454342,,0.00014133557177871338
TCN3_366f120b,TCN3,loso_subject_S003,71,0.0004676564765815238,,0.01551904361829979,,0.00013425421036992097
TCN3_366f120b,TCN3,loso_subject_S003,72,0.0004263432237185363,,0.014874403812466675,,0.00012781389883488212
TCN3_366f120b,TCN3,loso_subject_S003,73,0.00042733921991362745,,0.014998052446553936,,0.0001220245676671809
TCN3_366f120b,TCN3,loso_subject_S003,74,0.00042335200055221896,,0.014857147554293527,,0.00011689514359585877
TCN3_366f120b,TCN3,loso_subject_S003,75,0.0004302960498115191,,0.015063647651115177,,0.00011243353582104555
TCN3_366f120b,TCN3,loso_subject_S003,76,0.0004221889743218073,,0.014989887611254941,,0.0001086466238185463
TCN3_366f120b,TCN3,loso_subject_S003,77,0.0004169254751141765,,0.014831590852030355,,0.00010554024673218805
TCN3_366f120b,TCN3,loso_subject_S003,78,0.00042138486249191173,,0.01465384544314455,,0.00010311919437028317
TCN3_366f120b,TCN3,loso_subject_S003,79,0.00043161732378809624,,0.01485791982245696,,0.00010138719982009242
TCN3_366f120b,TCN3,loso_subject_S003,80,0.000423926479646068,,0.01481171272227315,,0.0001003469336916747
TCN3_366f120b,TCN3,loso_subject_S004,1,0.2583580797079483,,0.37143110690693665,,0.001
TCN3_366f120b,TCN3,loso_subject_S004,2,0.058073910896041636,,0.17602288079972825,,0.0009996530663083252
TCN3_366f120b,TCN3,loso_subject_S004,3,0.030540194350609142,,0.12666701947756903,,0.0009986128001799074
TCN3_366f120b,TCN3,loso_subject_S004,4,0.018610236955256074,,0.09745409620707927,,0.0009968808056297167
TCN3_366f120b,TCN3,loso_subject_S004,5,0.014125899109779617,,0.0856921817785857,,0.0009944597532678117
TCN3_366f120b,TCN3,loso_subject_S004,6,0.010783502817469233,,0.07583454302929513,,0.0009913533761814533
TCN3_366f120b,TCN3,loso_subject_S004,7,0.008410421873218455,,0.06569959211477594,,0.000987566464178954
TCN3_366f120b,TCN3,loso_subject_S004,8,0.007282168775894957,,0.06051901845098217,,0.0009831048564041408
TCN3_366f120b,TCN3,loso_subject_S004,9,0.006463426128197405,,0.05727241953207389,,0.0009779754323328187
TCN3_366f120b,TCN3,loso_subject_S004,10,0.005558198847010687,,0.05240687530801837,,0.0009721861011651174
TCN3_366f120b,TCN3,loso_subject_S004,11,0.004822320398610484,,0.04894392098269436,,0.0009657457896300785
TCN3_366f120b,TCN3,loso_subject_S004,12,0.003914438735666384,,0.04497928397406621,,0.000958664428221286
TCN3_366f120b,TCN3,loso_subject_S004,13,0.003737346190442193,,0.04265628446865503,,0.000950952935884765
TCN3_366f120b,TCN3,loso_subject_S004,14,0.003461496773297237,,0.0423938168032155,,0.0009426232031827582
TCN3_366f120b,TCN3,loso_subject_S004,15,0.002871523711331355,,0.038200427044117226,,0.0009336880739593409
TCN3_366f120b,TCN3,loso_subject_S004,16,0.002795093856852468,,0.038032018309859424,,0.0009241613255361449
TCN3_366f120b,TCN3,loso_subject_S004,17,0.002796481181384846,,0.037411081330631625,,0.0009140576474687258
TCN3_366f120b,TCN3,loso_subject_S004,18,0.002492802554241238,,0.03585874270281566,,0.0009033926188963346
TCN3_366f120b,TCN3,loso_subject_S004,19,0.0020994712377971946,,0.03301659695647709,,0.0008921826845200134
TCN3_366f120b,TCN3,loso_subject_S004,20,0.0021040595098721685,,0.03244625707118164,,0.000880445129246058
TCN3_366f120b,TCN3,loso_subject_S004,21,0.001825594212825732,,0.030584189179330142,,0.0008681980515339459
TCN3_366f120b,TCN3,loso_subject_S004,22,0.0017105346007995066,,0.029521533015895707,,0.0008554603354898234
TCN3_366f120b,TCN3,loso_subject_S004,23,0.0017297303921104555,,0.029488817580424122,,0.0008422516217485822
TCN3_366f120b,TCN3,loso_subject_S004,24,0.001576720230101047,,0.02862176075279812,,0.0008285922771894248
TCN3_366f120b,TCN3,loso_subject_S004,25,0.0014274327332459288,,0.026645344120637453,,0.0008145033635316124
TCN3_366f120b,TCN3,loso_subject_S004,26,0.0013967717539051083,,0.026790396977924815,,0.0008000066048588205
TCN3_366f120b,TCN3,loso_subject_S004,27,0.0012845774937246673,,0.025493755161399765,,0.0007851243541221765
TCN3_366f120b,TCN3,loso_subject_S004,28,0.0013284688141731989,,0.025823369036313496,,0.0007698795586736293
TCN3_366f120b,TCN3,loso_subject_S004,29,0.0011874148537976167,,0.024487524932347828,,0.0007542957248827956
TCN3_366f120b,TCN3,loso_subject_S004,30,0.001168671435436314,,0.023967363969390292,,0.0007383968818918422
TCN3_366f120b,TCN3,loso_subject_S004,31,0.0011546966893739951,,0.023922689039954065,,0.00072220754456429
TCN3_366f120b,TCN3,loso_subject_S004,32,0.0010723444494775377,,0.02283638996475242,,0.0007057526756848715
TCN3_366f120b,TCN3,loso_subject_S004,33,0.0010533583008255022,,0.023168095675201186,,0.000689057647468726
TCN3_366f120b,TCN3,loso_subject_S004,34,0.0009532891054768383,,0.021718469518213542,,0.000672148202439283
TCN3_366f120b,TCN3,loso_subject_S004,35,0.0009937521078155532,,0.022243077738563724,,0.0006550504137351571
TCN3_366f120b,TCN3,loso_subject_S004,36,0.0009450847405588993,,0.021441301778430583,,0.0006377906449072574
TCN3_366f120b,TCN3,loso_subject_S004,37,0.0008628436860618185,,0.020777480949246457,,0.0006203955092681036
TCN3_366f120b,TCN3,loso_subject_S004,38,0.0008361987214177345,,0.020280910739026558,,0.0006028918288560267
TCN3_366f120b,TCN3,loso_subject_S004,39,0.0008087240660745279,,0.01983170569196259,,0.00058530659307753
TCN3_366f120b,TCN3,loso_subject_S004,40,0.0008545414962356128,,0.02033076417203825,,0.0005676669170915806
TCN3_366f120b,TCN3,loso_subject_S004,41,0.0007935383938738139,,0.01967153573450308,,0.0005499999999999997
TCN3_366f120b,TCN3,loso_subject_S004,42,0.0008569597594020407,,0.020628276089580604,,0.000532333082908419
TCN3_366f120b,TCN3,loso_subject_S004,43,0.0007168784264050876,,0.01860151137636527,,0.0005146934069224697
TCN3_366f120b,TCN3,loso_subject_S004,44,0.0007295991568230291,,0.018659107399479385,,0.000497108171143973
TCN3_366f120b,TCN3,loso_subject_S004,45,0.0006795876365563386,,0.01836711988448898,,0.00047960449073189616
TCN3_366f120b,TCN3,loso_subject_S004,46,0.0006918823448906975,,0.018524325879458903,,0.00046220935509274226
TCN3_366f120b,TCN3,loso_subject_S004,47,0.0006950112031859627,,0.017878889372173207,,0.00044494958626484254
TCN3_366f120b,TCN3,loso_subject_S004,48,0.000703151800282739,,0.018355908273275157,,0.00042785179756071645
TCN3_366f120b,TCN3,loso_subject_S004,49,0.0006609537504755069,,0.017785049641305648,,0.0004109423525312737
TCN3_366f120b,TCN3,loso_subject_S004,50,0.0006157868131724431,,0.017414450901164804,,0.0003942473243151282
TCN3_366f120b,TCN3,loso_subject_S004,51,0.0006410039859547372,,0.017285533199103545,,0.0003777924554357096
TCN3_366f120b,TCN3,loso_subject_S004,52,0.0006305174099665318,,0.017297694754378076,,0.0003616031181081575
TCN3_366f120b,TCN3,loso_subject_S004,53,0.0005808421531457843,,0.0170460189712848,,0.000345704275117204
TCN3_366f120b,TCN3,loso_subject_S004,54,0.0005775404705834208,,0.01663159804405649,,0.00033012044132637024
TCN3_366f120b,TCN3,loso_subject_S004,55,0.0006314955823958573,,0.01718757836466549,,0.00031487564587782306
TCN3_366f120b,TCN3,loso_subject_S004,56,0.0005722284161343598,,0.016925037431976608,,0.00029999339514117897
TCN3_366f120b,TCN3,loso_subject_S004,57,0.0005684725653107214,,0.016305751159479322,,0.0002854966364683872
TCN3_366f120b,TCN3,loso_subject_S004,58,0.0005604154588019997,,0.01632588987338944,,0.0002714077228105749
TCN3_366f120b,TCN3,loso_subject_S004,59,0.000540076328961859,,0.015848980524497444,,0.00025774837825141746
TCN3_366f120b,TCN3,loso_subject_S004,60,0.0005579632544013033,,0.016204649698571418,,0.0002445396645101764
TCN3_366f120b,TCN3,loso_subject_S004,61,0.0005564770489600287,,0.015893584753485054,,0.0002318019484660537
TCN3_366f120b,TCN3,loso_subject_S004,62,0.0005161715267011657,,0.015503064331731094,,0.00021955487075394156
TCN3_366f120b,TCN3,loso_subject_S004,63,0.0005489885126331636,,0.016237922451933378,,0.0002078173154799862
TCN3_366f120b,TCN3,loso_subject_S004,64,0.0005142939473979947,,0.015390703830121954,,0.00019660738110366478
TCN3_366f120b,TCN3,loso_subject_S004,65,0.000537565665556039,,0.015727744827227608,,0.00018594235253127373
TCN3_366f120b,TCN3,loso_subject_S004,66,0.000500579846125085,,0.015607284205093339,,0.00017583867446385477
TCN3_366f120b,TCN3,loso_subject_S004,67,0.0005290742947220969,,0.015402793894208141,,0.00016631192604065853
TCN3_366f120b,TCN3,loso_subject_S004,68,0.0004810076028866441,,0.014801409608823821,,0.00015737679681724137
TCN3_366f120b,TCN3,loso_subject_S004,69,0.0004847396509083356,,0.014963733961806322,,0.0001490470641152345
TCN3_366f120b,TCN3,loso_subject_S004,70,0.000513271768095598,,0.015102169699582089,,0.00014133557177871338
TCN3_366f120b,TCN3,loso_subject_S004,71,0.0004653342272280984,,0.015212207707374425,,0.00013425421036992097
TCN3_366f120b,TCN3,loso_subject_S004,72,0.0004777078411964869,,0.014934386864369093,,0.00012781389883488212
TCN3_366f120b,TCN3,loso_subject_S004,73,0.0004761737822305184,,0.014902535778796503,,0.0001220245676671809
TCN3_366f120b,TCN3,loso_subject_S004,74,0.0004772819803913783,,0.014706605339658058,,0.00011689514359585877
TCN3_366f120b,TCN3,loso_subject_S004,75,0.0004655273329664111,,0.0147637770309801,,0.00011243353582104555
TCN3_366f120b,TCN3,loso_subject_S004,76,0.0004618441034151072,,0.014497202036232601,,0.0001086466238185463
TCN3_366f120b,TCN3,loso_subject_S004,77,0.00045076811695313136,,0.014491667110138995,,0.00010554024673218805
TCN3_366f120b,TCN3,loso_subject_S004,78,0.0004460831893600526,,0.014595010525167425,,0.00010311919437028317
TCN3_366f120b,TCN3,loso_subject_S004,79,0.0004629117351713361,,0.014395032360124432,,0.00010138719982009242
TCN3_366f120b,TCN3,loso_subject_S004,80,0.00044815327738024113,,0.014456151216236583,,0.0001003469336916747
TCN3_366f120b,TCN3,loso_subject_S005,1,0.35689602057376413,,0.4397797448744953,,0.001
TCN3_366f120b,TCN3,loso_subject_S005,2,0.05457193980521106,,0.17753758826150015,,0.0009996530663083252
TCN3_366f120b,TCN3,loso_subject_S005,3,0.02967562598681694,,0.12847440434499,,0.0009986128001799074
TCN3_366f120b,TCN3,loso_subject_S005,4,0.01895370592995715,,0.10386927482312856,,0.0009968808056297167
TCN3_366f120b,TCN3,loso_subject_S005,5,0.013208391180471755,,0.08637596808195928,,0.0009944597532678117
TCN3_366f120b,TCN3,loso_subject_S005,6,0.010289159703542043,,0.0764781510311182,,0.0009913533761814533
TCN3_366f120b,TCN3,loso_subject_S005,7,0.008604962952155302,,0.06966339037992035,,0.000987566464178954
TCN3_366f120b,TCN3,loso_subject_S005,8,0.007600296171121426,,0.06509434978506264,,0.0009831048564041408
TCN3_366f120b,TCN3,loso_subject_S005,9,0.006192982167247111,,0.058488231035324495,,0.0009779754323328187
TCN3_366f120b,TCN3,loso_subject_S005,10,0.005396445232853548,,0.05499997266628637,,0.0009721861011651174
TCN3_366f120b,TCN3,loso_subject_S005,11,0.004763408156378837,,0.05040211724848471,,0.0009657457896300785
TCN3_366f120b,TCN3,loso_subject_S005,12,0.004249033534346282,,0.04917245456128804,,0.000958664428221286
TCN3_366f120b,TCN3,loso_subject_S005,13,0.0036536546900817557,,0.04444796409419779,,0.000950952935884765
TCN3_366f120b,TCN3,loso_subject_S005,14,0.0033728929532138765,,0.04269283076958038,,0.0009426232031827582
TCN3_366f120b,TCN3,loso_subject_S005,15,0.003136967005424278,,0.040306003122199514,,0.0009336880739593409
TCN3_366f120b,TCN3,loso_subject_S005,16,0.0029410227338557762,,0.03968552679535472,,0.0009241613255361449
TCN3_366f120b,TCN3,loso_subject_S005,17,0.0027253125239570493,,0.03804074226538476,,0.0009140576474687258
TCN3_366f120b,TCN3,loso_subject_S005,18,0.0024508567151864643,,0.03641910395321179,,0.0009033926188963346
TCN3_366f120b,TCN3,loso_subject_S005,19,0.0023011528023871445,,0.03555856803527464,,0.0008921826845200134
TCN3_366f120b,TCN3,loso_subject_S005,20,0.002243498715797738,,0.03475544496150147,,0.000880445129246058
TCN3_366f120b,TCN3,loso_subject_S005,21,0.0019990042023640443,,0.032747928466355436,,0.0008681980515339459
TCN3_366f120b,TCN3,loso_subject_S005,22,0.001848299854431848,,0.031235093428870923,,0.0008554603354898234
TCN3_366f120b,TCN3,loso_subject_S005,23,0.0016529219205182924,,0.029242475377872536,,0.0008422516217485822
TCN3_366f120b,TCN3,loso_subject_S005,24,0.0014853830228372137,,0.02797499080109108,,0.0008285922771894248
TCN3_366f120b,TCN3,loso_subject_S005,25,0.0015961591507953436,,0.028022404626622133,,0.0008145033635316124
TCN3_366f120b,TCN3,loso_subject_S005,26,0.0014638144049297624,,0.02753315642476082,,0.0008000066048588205
TCN3_366f120b,TCN3,loso_subject_S005,27,0.0013532967733794587,,0.0260510602756165,,0.0007851243541221765
TCN3_366f120b,TCN3,loso_subject_S005,28,0.0014281524070729294,,0.026877279766539666,,0.0007698795586736293
TCN3_366f120b,TCN3,loso_subject_S005,29,0.001308616043828148,,0.025061367080887024,,0.0007542957248827956
TCN3_366f120b,TCN3,loso_subject_S005,30,0.001271720901894488,,0.02527040666280753,,0.0007383968818918422
TCN3_366f120b,TCN3,loso_subject_S005,31,0.0011456092804473263,,0.024288856520384244,,0.00072220754456429
TCN3_366f120b,TCN3,loso_subject_S005,32,0.0011338337812073682,,0.023959959812030043,,0.0007057526756848715
TCN3_366f120b,TCN3,loso_subject_S005,33,0.0010614520927363493,,0.023423411645020643,,0.000689057647468726
TCN3_366f120b,TCN3,loso_subject_S005,34,0.0010581956207259549,,0.022549334280319994,,0.000672148202439283
TCN3_366f120b,TCN3,loso_subject_S005,35,0.00102708473854854,,0.02264203675498124,,0.0006550504137351571
TCN3_366f120b,TCN3,loso_subject_S005,36,0.001009388025150771,,0.022401008864311636,,0.0006377906449072574
TCN3_366f120b,TCN3,loso_subject_S005,37,0.0009598703551544799,,0.02196874280075571,,0.0006203955092681036
TCN3_366f120b,TCN3,loso_subject_S005,38,0.0009554137324806265,,0.021843330743929225,,0.0006028918288560267
TCN3_366f120b,TCN3,loso_subject_S005,39,0.0009113824839700561,,0.02121512201001213,,0.00058530659307753
TCN3_366f120b,TCN3,loso_subject_S005,40,0.0008998246195188917,,0.020846612743855335,,0.0005676669170915806
TCN3_366f120b,TCN3,loso_subject_S005,41,0.0008676464783040482,,0.020498810220293623,,0.0005499999999999997
TCN3_366f120b,TCN3,loso_subject_S005,42,0.0008043109471893809,,0.019688601082400656,,0.000532333082908419
TCN3_366f120b,TCN3,loso_subject_S005,43,0.0008504229223867401,,0.02076689985679278,,0.0005146934069224697
TCN3_366f120b,TCN3,loso_subject_S005,44,0.00085370043465874,,0.020202275299476682,,0.000497108171143973
TCN3_366f120b,TCN3,loso_subject_S005,45,0.0008590476984339337,,0.01965512648199402,,0.00047960449073189616
TCN3_366f120b,TCN3,loso_subject_S005,46,0.0007709110342045617,,0.019319530132738398,,0.00046220935509274226
TCN3_366f120b,TCN3,loso_subject_S005,47,0.0007843830119723091,,0.019162061663007574,,0.00044494958626484254
TCN3_366f120b,TCN3,loso_subject_S005,48,0.0007142777822088488,,0.018879390000635852,,0.00042785179756071645
TCN3_366f120b,TCN3,loso_subject_S005,49,0.0007159128807780711,,0.018607944763764588,,0.0004109423525312737
TCN3_366f120b,TCN3,loso_subject_S005,50,0.000691386821434226,,0.018406041836168986,,0.0003942473243151282
TCN3_366f120b,TCN3,loso_subject_S005,51,0.0006821406284448891,,0.0182349171692906,,0.0003777924554357096
TCN3_366f120b,TCN3,loso_subject_S005,52,0.0006855577190721299,,0.017952930974319527,,0.0003616031181081575
TCN3_366f120b,TCN3,loso_subject_S005,53,0.000700037904781426,,0.018421510772290085,,0.000345704275117204
TCN3_366f120b,TCN3,loso_subject_S005,54,0.0006751782736032184,,0.01798803970192276,,0.00033012044132637024
TCN3_366f120b,TCN3,loso_subject_S005,55,0.00064034486164056,,0.017677269390316955,,0.00031487564587782306
TCN3_366f120b,TCN3,loso_subject_S005,56,0.0006453890131338287,,0.017352136419037097,,0.00029999339514117897
TCN3_366f120b,TCN3,loso_subject_S005,57,0.0006387176303830277,,0.01734851032635356,,0.0002854966364683872
TCN3_366f120b,TCN3,loso_subject_S005,58,0.0005926737708235064,,0.0170034238083269,,0.0002714077228105749
TCN3_366f120b,TCN3,loso_subject_S005,59,0.0006374376780296273,,0.017133112328044382,,0.00025774837825141746
TCN3_366f120b,TCN3,loso_subject_S005,60,0.0005944851495654548,,0.016924618732552885,,0.0002445396645101764
TCN3_366f120b,TCN3,loso_subject_S005,61,0.0005818148265368665,,0.01662963336149275,,0.0002318019484660537
TCN3_366f120b,TCN3,loso_subject_S005,62,0.0005962731491705981,,0.01645509440820575,,0.00021955487075394156
TCN3_366f120b,TCN3,loso_subject_S005,63,0.0006228021358945582,,0.016773036585122653,,0.0002078173154799862
TCN3_366f120b,TCN3,loso_subject_S005,64,0.0005557603316394288,,0.016330118009458224,,0.00019660738110366478
TCN3_366f120b,TCN3,loso_subject_S005,65,0.000573711908452607,,0.016344817535818235,,0.00018594235253127373
TCN3_366f120b,TCN3,loso_subject_S005,66,0.0005639568633962512,,0.016020329563589227,,0.00017583867446385477
TCN3_366f120b,TCN3,loso_subject_S005,67,0.0005515461286558506,,0.016027226716076554,,0.00016631192604065853
TCN3_366f120b,TCN3,loso_subject_S005,68,0.000533499946990988,,0.015951160973402014,,0.00015737679681724137
TCN3_366f120b,TCN3,loso_subject_S005,69,0.0005305190794742047,,0.015831145312980376,,0.0001490470641152345
TCN3_366f120b,TCN3,loso_subject_S005,70,0.000564291539090231,,0.015983028496288194,,0.00014133557177871338
TCN3_366f120b,TCN3,loso_subject_S005,71,0.0005535780473845875,,0.01576484152761132,,0.00013425421036992097
TCN3_366f120b,TCN3,loso_subject_S005,72,0.0005787324058424377,,0.015999973700747353,,0.00012781389883488212
TCN3_366f120b,TCN3,loso_subject_S005,73,0.0005435595931739582,,0.01591142237618718,,0.0001220245676671809
TCN3_366f120b,TCN3,loso_subject_S005,74,0.0005174345150311818,,0.015365256568092739,,0.00011689514359585877
TCN3_366f120b,TCN3,loso_subject_S005,75,0.000542084247218731,,0.015656821225664926,,0.00011243353582104555
TCN3_366f120b,TCN3,loso_subject_S005,76,0.0005464810444162873,,0.015575091567513478,,0.0001086466238185463
TCN3_366f120b,TCN3,loso_subject_S005,77,0.0005408009513219303,,0.015487520987924455,,0.00010554024673218805
TCN3_366f120b,TCN3,loso_subject_S005,78,0.00055127093078149,,0.015583308966696872,,0.00010311919437028317
TCN3_366f120b,TCN3,loso_subject_S005,79,0.0005098938080462319,,0.015207681307766218,,0.00010138719982009242
TCN3_366f120b,TCN3,loso_subject_S005,80,0.0004943522190994586,,0.015155874587493748,,0.0001003469336916747
TCN3_366f120b,TCN3,loso_subject_S006,1,0.2763915186110639,,0.387375936860969,,0.001
TCN3_366f120b,TCN3,loso_subject_S006,2,0.04828201477387899,,0.16322704945134472,,0.0009996530663083252
TCN3_366f120b,TCN3,loso_subject_S006,3,0.02511627051680641,,0.11958960235777644,,0.0009986128001799074
TCN3_366f120b,TCN3,loso_subject_S006,4,0.016711232502533337,,0.09698062807478869,,0.0009968808056297167
TCN3_366f120b,TCN3,loso_subject_S006,5,0.011683048683497349,,0.08104566700513195,,0.0009944597532678117
TCN3_366f120b,TCN3,loso_subject_S006,6,0.008659766012626349,,0.06921769378209656,,0.0009913533761814533
TCN3_366f120b,TCN3,loso_subject_S006,7,0.00736173694994496,,0.06406028469682172,,0.000987566464178954
TCN3_366f120b,TCN3,loso_subject_S006,8,0.006283269912442017,,0.05911414890360494,,0.0009831048564041408
TCN3_366f120b,TCN3,loso_subject_S006,9,0.005240203263019914,,0.054014908195928316,,0.0009779754323328187
TCN3_366f120b,TCN3,loso_subject_S006,10,0.004728820183920004,,0.050574402872710214,,0.0009721861011651174
TCN3_366f120b,TCN3,loso_subject_S006,11,0.004109865231396454,,0.0464810738969915,,0.0009657457896300785
TCN3_366f120b,TCN3,loso_subject_S006,12,0.003790254072877368,,0.04458037818404402,,0.000958664428221286
TCN3_366f120b,TCN3,loso_subject_S006,13,0.0031298735178315706,,0.04064357202132615,,0.000950952935884765
TCN3_366f120b,TCN3,loso_subject_S006,14,0.0029724647094508195,,0.03957371000619621,,0.0009426232031827582
TCN3_366f120b,TCN3,loso_subject_S006,15,0.002801765455355538,,0.038211936146483015,,0.0009336880739593409
TCN3_366f120b,TCN3,loso_subject_S006,16,0.002535953240070267,,0.036642793224308995,,0.0009241613255361449
TCN3_366f120b,TCN3,loso_subject_S006,17,0.00239154306429041,,0.03493842673071616,,0.0009140576474687258
TCN3_366f120b,TCN3,loso_subject_S006,18,0.0022046436997070905,,0.033491176879694065,,0.0009033926188963346
TCN3_366f120b,TCN3,loso_subject_S006,19,0.002051623774423866,,0.032208049817349364,,0.0008921826845200134
TCN3_366f120b,TCN3,loso_subject_S006,20,0.0020834350645746783,,0.032505257605169126,,0.000880445129246058
TCN3_366f120b,TCN3,loso_subject_S006,21,0.0020022978164262995,,0.03228943502940348,,0.0008681980515339459
TCN3_366f120b,TCN3,loso_subject_S006,22,0.0018247509504957552,,0.030763740132952123,,0.0008554603354898234
TCN3_366f120b,TCN3,loso_subject_S006,23,0.0015879221346889322,,0.02886012650188028,,0.0008422516217485822
TCN3_366f120b,TCN3,loso_subject_S006,24,0.0016059650975706302,,0.028946072737038312,,0.0008285922771894248
TCN3_366f120b,TCN3,loso_subject_S006,25,0.001434118757181113,,0.026391984228104973,,0.0008145033635316124
TCN3_366f120b,TCN3,loso_subject_S006,26,0.0013900531977419693,,0.02677898506130943,,0.0008000066048588205
TCN3_366f120b,TCN3,loso_subject_S006,27,0.001387401439015379,,0.026347776437353396,,0.0007851243541221765
TCN3_366f120b,TCN3,loso_subject_S006,28,0.0013298289331459111,,0.025614179715671502,,0.0007698795586736293
TCN3_366f120b,TCN3,loso_subject_S006,29,0.001314410999383813,,0.026207333233383222,,0.0007542957248827956
TCN3_366f120b,TCN3,loso_subject_S006,30,0.0011660125374969763,,0.024173833558865012,,0.0007383968818918422
TCN3_366f120b,TCN3,loso_subject_S006,31,0.0010923307161029713,,0.02347258186562055,,0.00072220754456429
TCN3_366f120b,TCN3,loso_subject_S006,32,0.001128346596877756,,0.023835052323138328,,0.0007057526756848715
TCN3_366f120b,TCN3,loso_subject_S006,33,0.001083507817596534,,0.022954102365299444,,0.000689057647468726
TCN3_366f120b,TCN3,loso_subject_S006,34,0.0011968745715060115,,0.024567944147934107,,0.000672148202439283
TCN3_366f120b,TCN3,loso_subject_S006,35,0.0009990139597140717,,0.022119540087903285,,0.0006550504137351571
TCN3_366f120b,TCN3,loso_subject_S006,36,0.0009481039823138,,0.021706716393168828,,0.0006377906449072574
TCN3_366f120b,TCN3,loso_subject_S006,37,0.0009617818615032733,,0.021682465406572884,,0.0006203955092681036
TCN3_366f120b,TCN3,loso_subject_S006,38,0.0009074296868114026,,0.02089801619916476,,0.0006028918288560267
TCN3_366f120b,TCN3,loso_subject_S006,39,0.000870978523780758,,0.020687707400865698,,0.00058530659307753
TCN3_366f120b,TCN3,loso_subject_S006,40,0.0008380869171111738,,0.02010092743267147,,0.0005676669170915806
TCN3_366f120b,TCN3,loso_subject_S006,41,0.0008145048243211197,,0.020161201388346837,,0.0005499999999999997
TCN3_366f120b,TCN3,loso_subject_S006,42,0.0008130486398113075,,0.019679539770881008,,0.000532333082908419
TCN3_366f120b,TCN3,loso_subject_S006,43,0.0008152924609871066,,0.019926908498194226,,0.0005146934069224697
TCN3_366f120b,TCN3,loso_subject_S006,44,0.0007481248610299935,,0.018853633946311114,,0.000497108171143973
TCN3_366f120b,TCN3,loso_subject_S006,45,0.0007620799904427248,,0.019482542272424862,,0.00047960449073189616
TCN3_366f120b,TCN3,loso_subject_S006,46,0.0006944355785520087,,0.01827822156503664,,0.00046220935509274226
TCN3_366f120b,TCN3,loso_subject_S006,47,0.0007645514963093484,,0.019161761163158392,,0.00044494958626484254
TCN3_366f120b,TCN3,loso_subject_S006,48,0.0007721650204767207,,0.019225962344509115,,0.00042785179756071645
TCN3_366f120b,TCN3,loso_subject_S006,49,0.0007199143532433749,,0.018341844983175225,,0.0004109423525312737
TCN3_366f120b,TCN3,loso_subject_S006,50,0.000694043076507202,,0.018176722025338356,,0.0003942473243151282
TCN3_366f120b,TCN3,loso_subject_S006,51,0.0007090217084201383,,0.018378458137300414,,0.0003777924554357096
TCN3_366f120b,TCN3,loso_subject_S006,52,0.0006566113879047186,,0.01809908888394616,,0.0003616031181081575
TCN3_366f120b,TCN3,loso_subject_S006,53,0.0006588184599781852,,0.017625595009398712,,0.000345704275117204
TCN3_366f120b,TCN3,loso_subject_S006,54,0.0006902740167171046,,0.018442661727614842,,0.00033012044132637024
TCN3_366f120b,TCN3,loso_subject_S006,55,0.0006623927616206692,,0.017707380991894905,,0.00031487564587782306
TCN3_366f120b,TCN3,loso_subject_S006,56,0.0006205906325311952,,0.017254814679182252,,0.00029999339514117897
TCN3_366f120b,TCN3,loso_subject_S006,57,0.000622744516811986,,0.017240211800237333,,0.0002854966364683872
TCN3_366f120b,TCN3,loso_subject_S006,58,0.0006013532307893726,,0.016699589053319454,,0.0002714077228105749
TCN3_366f120b,TCN3,loso_subject_S006,59,0.0006355603708474182,,0.017225520284026026,,0.00025774837825141746
TCN3_366f120b,TCN3,loso_subject_S006,60,0.0005907105786997962,,0.016564834662917444,,0.0002445396645101764
TCN3_366f120b,TCN3,loso_subject_S006,61,0.0006124120300624327,,0.01686940464786927,,0.0002318019484660537
TCN3_366f120b,TCN3,loso_subject_S006,62,0.0005919094230550354,,0.01651395513626637,,0.00021955487075394156
TCN3_366f120b,TCN3,loso_subject_S006,63,0.0005484862737666419,,0.016121722135910378,,0.0002078173154799862
TCN3_366f120b,TCN3,loso_subject_S006,64,0.0005441338497509609,,0.01620077732329772,,0.00019660738110366478
TCN3_366f120b,TCN3,loso_subject_S006,65,0.0005451276399960594,,0.01614118476021274,,0.00018594235253127373
TCN3_366f120b,TCN3,loso_subject_S006,66,0.0005458449710832484,,0.015913313840977116,,0.00017583867446385477
TCN3_366f120b,TCN3,loso_subject_S006,67,0.0005608265889570097,,0.016144188055206312,,0.00016631192604065853
TCN3_366f120b,TCN3,loso_subject_S006,68,0.000536024865728297,,0.016028265654364757,,0.00015737679681724137
TCN3_366f120b,TCN3,loso_subject_S006,69,0.0005532029128051324,,0.015933973550014826,,0.0001490470641152345
TCN3_366f120b,TCN3,loso_subject_S006,70,0.0005094846305932084,,0.015624414929700386,,0.00014133557177871338
TCN3_366f120b,TCN3,loso_subject_S006,71,0.0004903777805690881,,0.015271163006912006,,0.00013425421036992097
TCN3_366f120b,TCN3,loso_subject_S006,72,0.0005269109233673042,,0.015422592096581332,,0.00012781389883488212
TCN3_366f120b,TCN3,loso_subject_S006,73,0.0005171915838271822,,0.015107667575679726,,0.0001220245676671809
TCN3_366f120b,TCN3,loso_subject_S006,74,0.0005050713179554822,,0.015164353283744702,,0.00011689514359585877
TCN3_366f120b,TCN3,loso_subject_S006,75,0.0005302643381806287,,0.015663242091079704,,0.00011243353582104555
TCN3_366f120b,TCN3,loso_subject_S006,76,0.0005149911564241859,,0.015364494855312556,,0.0001086466238185463
TCN3_366f120b,TCN3,loso_subject_S006,77,0.0005097516454045017,,0.015360012774932447,,0.00010554024673218805
TCN3_366f120b,TCN3,loso_subject_S006,78,0.000525116760750599,,0.015297311081921885,,0.00010311919437028317
TCN3_366f120b,TCN3,loso_subject_S006,79,0.0004890669093242838,,0.015019310453641792,,0.00010138719982009242
TCN3_366f120b,TCN3,loso_subject_S006,80,0.0005012168454132908,,0.014990361695614478,,0.0001003469336916747
TCN3_366f120b,TCN3,loso_subject_S008,1,0.2702105984629226,,0.3786515786918404,,0.001
TCN3_366f120b,TCN3,loso_subject_S008,2,0.051682511040069344,,0.16439302968789535,,0.0009996530663083252
TCN3_366f120b,TCN3,loso_subject_S008,3,0.02751370499737704,,0.11954976258827786,,0.0009986128001799074
TCN3_366f120b,TCN3,loso_subject_S008,4,0.018738945016623886,,0.09967524307816333,,0.0009968808056297167
TCN3_366f120b,TCN3,loso_subject_S008,5,0.012798662095877369,,0.08399956398732926,,0.0009944597532678117
TCN3_366f120b,TCN3,loso_subject_S008,6,0.01051102921953468,,0.07613520482018797,,0.0009913533761814533
TCN3_366f120b,TCN3,loso_subject_S008,7,0.008385977051994368,,0.06735559514940061,,0.000987566464178954
TCN3_366f120b,TCN3,loso_subject_S008,8,0.00640835129353264,,0.05933372455221939,,0.0009831048564041408
TCN3_366f120b,TCN3,loso_subject_S008,9,0.005557401322489722,,0.054511789025394906,,0.0009779754323328187
TCN3_366f120b,TCN3,loso_subject_S008,10,0.0050060550240315325,,0.052478008840077764,,0.0009721861011651174
TCN3_366f120b,TCN3,loso_subject_S008,11,0.004410915689396195,,0.0489368735116732,,0.0009657457896300785
TCN3_366f120b,TCN3,loso_subject_S008,12,0.004150148639689655,,0.047311375976535834,,0.000958664428221286
TCN3_366f120b,TCN3,loso_subject_S008,13,0.0034049178899249184,,0.0429845945866474,,0.000950952935884765
TCN3_366f120b,TCN3,loso_subject_S008,14,0.0030424569760868973,,0.04020250588902016,,0.0009426232031827582
TCN3_366f120b,TCN3,loso_subject_S008,15,0.0029482063595427438,,0.03952709875364796,,0.0009336880739593409
TCN3_366f120b,TCN3,loso_subject_S008,16,0.002911671117570037,,0.039433450120655925,,0.0009241613255361449
TCN3_366f120b,TCN3,loso_subject_S008,17,0.002446358672202664,,0.03623966494369278,,0.0009140576474687258
TCN3_366f120b,TCN3,loso_subject_S008,18,0.0023404856997219724,,0.03486317580086281,,0.0009033926188963346
TCN3_366f120b,TCN3,loso_subject_S008,19,0.002150772731984805,,0.03406150545246904,,0.0008921826845200134
TCN3_366f120b,TCN3,loso_subject_S008,20,0.00199571710249716,,0.033089837568493416,,0.000880445129246058
TCN3_366f120b,TCN3,loso_subject_S008,21,0.001935204730398736,,0.03178520401055887,,0.0008681980515339459
TCN3_366f120b,TCN3,loso_subject_S008,22,0.0018963951940375826,,0.0314660621406344,,0.0008554603354898234
TCN3_366f120b,TCN3,loso_subject_S008,23,0.001880523069234088,,0.031743470877704835,,0.0008422516217485822
TCN3_366f120b,TCN3,loso_subject_S008,24,0.001690442020364456,,0.029746286331877498,,0.0008285922771894248
TCN3_366f120b,TCN3,loso_subject_S008,25,0.0016565735070965567,,0.029914645250075547,,0.0008145033635316124
TCN3_366f120b,TCN3,loso_subject_S008,26,0.0014477394867400577,,0.027631899672310768,,0.0008000066048588205
TCN3_366f120b,TCN3,loso_subject_S008,27,0.0013423661326479185,,0.026390934647766665,,0.0007851243541221765
TCN3_366f120b,TCN3,loso_subject_S008,28,0.001373526956410684,,0.02637986630980421,,0.0007698795586736293
TCN3_366f120b,TCN3,loso_subject_S008,29,0.0013152670120163362,,0.02610846811536919,,0.0007542957248827956
TCN3_366f120b,TCN3,loso_subject_S008,30,0.0012790153893561384,,0.025565475931799152,,0.0007383968818918422
TCN3_366f120b,TCN3,loso_subject_S008,31,0.001239778373930061,,0.02588261246143746,,0.00072220754456429
TCN3_366f120b,TCN3,loso_subject_S008,32,0.0012191165454191366,,0.024689597512202732,,0.0007057526756848715
TCN3_366f120b,TCN3,loso_subject_S008,33,0.0011278969799072872,,0.02423352570396871,,0.000689057647468726
TCN3_366f120b,TCN3,loso_subject_S008,34,0.0010719592068581653,,0.023821996280850754,,0.000672148202439283
TCN3_366f120b,TCN3,loso_subject_S008,35,0.001096526366855128,,0.023472579992434822,,0.0006550504137351571
TCN3_366f120b,TCN3,loso_subject_S008,36,0.0009524294398330561,,0.02216722582997588,,0.0006377906449072574
TCN3_366f120b,TCN3,loso_subject_S008,37,0.000932660426736164,,0.021924312963026552,,0.0006203955092681036
TCN3_366f120b,TCN3,loso_subject_S008,38,0.0010341347021008839,,0.02257570560866243,,0.0006028918288560267
TCN3_366f120b,TCN3,loso_subject_S008,39,0.0009275025818010017,,0.021716867560615687,,0.00058530659307753
TCN3_366f120b,TCN3,loso_subject_S008,40,0.0009417490755771191,,0.022191941792368493,,0.0005676669170915806
TCN3_366f120b,TCN3,loso_subject_S008,41,0.0009253750897529162,,0.021454570565957017,,0.0005499999999999997
TCN3_366f120b,TCN3,loso_subject_S008,42,0.0008353414134942809,,0.020613699991189432,,0.000532333082908419
TCN3_366f120b,TCN3,loso_subject_S008,43,0.000862072067728795,,0.02063082513589878,,0.0005146934069224697
TCN3_366f120b,TCN3,loso_subject_S008,44,0.0008267827043986265,,0.020066330586587806,,0.000497108171143973
TCN3_366f120b,TCN3,loso_subject_S008,45,0.0007966861706569145,,0.02013631441034401,,0.00047960449073189616
TCN3_366f120b,TCN3,loso_subject_S008,46,0.0007875907974539406,,0.01979112017697585,,0.00046220935509274226
TCN3_366f120b,TCN3,loso_subject_S008,47,0.0007890574092062068,,0.01960361097439443,,0.00044494958626484254
TCN3_366f120b,TCN3,loso_subject_S008,48,0.0007995808559516414,,0.020173289391509867,,0.00042785179756071645
TCN3_366f120b,TCN3,loso_subject_S008,49,0.0007110217765944718,,0.019029309205133974,,0.0004109423525312737
TCN3_366f120b,TCN3,loso_subject_S008,50,0.0007030561971687727,,0.018656016580149048,,0.0003942473243151282
TCN3_366f120b,TCN3,loso_subject_S008,51,0.0006901238497403962,,0.018273566708382906,,0.0003777924554357096
TCN3_366f120b,TCN3,loso_subject_S008,52,0.0006894983501006522,,0.018520067789247304,,0.0003616031181081575
TCN3_366f120b,TCN3,loso_subject_S008,53,0.0006978880675062093,,0.018395133506356288,,0.000345704275117204
TCN3_366f120b,TCN3,loso_subject_S008,54,0.0006623191550371103,,0.017877823800159204,,0.00033012044132637024
TCN3_366f120b,TCN3,loso_subject_S008,55,0.0006973435061775434,,0.017861288096348946,,0.00031487564587782306
TCN3_366f120b,TCN3,loso_subject_S008,56,0.0006508875880476696,,0.01778199136673832,,0.00029999339514117897
TCN3_366f120b,TCN3,loso_subject_S008,57,0.0006432133009349854,,0.01749744712517484,,0.0002854966364683872
TCN3_366f120b,TCN3,loso_subject_S008,58,0.0006590151675412225,,0.017763833549245947,,0.0002714077228105749
TCN3_366f120b,TCN3,loso_subject_S008,59,0.0006092964801142235,,0.0173573237514058,,0.00025774837825141746
TCN3_366f120b,TCN3,loso_subject_S008,60,0.0006148453912160573,,0.017215839356016355,,0.0002445396645101764
TCN3_366f120b,TCN3,loso_subject_S008,61,0.0005861300728000296,,0.016648572617506917,,0.0002318019484660537
TCN3_366f120b,TCN3,loso_subject_S008,62,0.0005932914343610786,,0.016602875492248922,,0.00021955487075394156
TCN3_366f120b,TCN3,loso_subject_S008,63,0.0006080805039721153,,0.016833465434191716,,0.0002078173154799862
TCN3_366f120b,TCN3,loso_subject_S008,64,0.0005598439543241725,,0.016804199146191898,,0.00019660738110366478
TCN3_366f120b,TCN3,loso_subject_S008,65,0.0005853626815664436,,0.01683620539321894,,0.00018594235253127373
TCN3_366f120b,TCN3,loso_subject_S008,66,0.0006130465535859347,,0.01654133198303272,,0.00017583867446385477
TCN3_366f120b,TCN3,loso_subject_S008,67,0.0005695941245445611,,0.016720072491418676,,0.00016631192604065853
TCN3_366f120b,TCN3,loso_subject_S008,68,0.0005440179627323381,,0.016206152006135642,,0.00015737679681724137
TCN3_366f120b,TCN3,loso_subject_S008,69,0.0005608575550647,,0.01617484539623966,,0.0001490470641152345
TCN3_366f120b,TCN3,loso_subject_S008,70,0.0005498007319720917,,0.01615449668954217,,0.00014133557177871338
TCN3_366f120b,TCN3,loso_subject_S008,71,0.0005331463990998063,,0.01606495769214918,,0.00013425421036992097
TCN3_366f120b,TCN3,loso_subject_S008,72,0.0005269873796233046,,0.015729307950228394,,0.00012781389883488212
TCN3_366f120b,TCN3,loso_subject_S008,73,0.0005029581126578299,,0.015433659461468043,,0.0001220245676671809
TCN3_366f120b,TCN3,loso_subject_S008,74,0.0005708792236708178,,0.016160835851597756,,0.00011689514359585877
TCN3_366f120b,TCN3,loso_subject_S008,75,0.0005279736337806687,,0.015931575699610123,,0.00011243353582104555
TCN3_366f120b,TCN3,loso_subject_S008,76,0.0005232769391931838,,0.015855314989754846,,0.0001086466238185463
TCN3_366f120b,TCN3,loso_subject_S008,77,0.0005258762426148147,,0.015690686062229817,,0.00010554024673218805
TCN3_366f120b,TCN3,loso_subject_S008,78,0.0004971888099540048,,0.015456122576125325,,0.00010311919437028317
TCN3_366f120b,TCN3,loso_subject_S008,79,0.0005258381816904935,,0.015505339088033044,,0.00010138719982009242
TCN3_366f120b,TCN3,loso_subject_S008,80,0.0004968182111572238,,0.015512002007647472,,0.0001003469336916747
TCN3_366f120b,TCN3,loso_subject_S009,1,0.2835609707981348,,0.39022121917117725,,0.001
TCN3_366f120b,TCN3,loso_subject_S009,2,0.05590337197380987,,0.17554050802507185,,0.0009996530663083252
TCN3_366f120b,TCN3,loso_subject_S009,3,0.029479851374741305,,0.1269030547277494,,0.0009986128001799074
TCN3_366f120b,TCN3,loso_subject_S009,4,0.019390134352513334,,0.10362675548954443,,0.0009968808056297167
TCN3_366f120b,TCN3,loso_subject_S009,5,0.01377787711945447,,0.08702827617526054,,0.0009944597532678117
TCN3_366f120b,TCN3,loso_subject_S009,6,0.010365315533073788,,0.07540192598985,,0.0009913533761814533
TCN3_366f120b,TCN3,loso_subject_S009,7,0.008105886973101984,,0.06840185871855779,,0.000987566464178954
TCN3_366f120b,TCN3,loso_subject_S009,8,0.006661140074191446,,0.060494850474325096,,0.0009831048564041408
TCN3_366f120b,TCN3,loso_subject_S009,9,0.006338036089966243,,0.05918926686387171,,0.0009779754323328187
TCN3_366f120b,TCN3,loso_subject_S009,10,0.0052059462918391955,,0.05295155307447368,,0.0009721861011651174
TCN3_366f120b,TCN3,loso_subject_S009,11,0.004724901820405979,,0.04994410022415898,,0.0009657457896300785
TCN3_366f120b,TCN3,loso_subject_S009,12,0.0038834005350839684,,0.04661879205906933,,0.000958664428221286
TCN3_366f120b,TCN3,loso_subject_S009,13,0.003608911322027614,,0.04384459157220342,,0.000950952935884765
TCN3_366f120b,TCN3,loso_subject_S009,14,0.003170911145968024,,0.04123198198662563,,0.0009426232031827582
TCN3_366f120b,TCN3,loso_subject_S009,15,0.0031311993847008457,,0.04072376035831191,,0.0009336880739593409
TCN3_366f120b,TCN3,loso_subject_S009,16,0.0029157844811296936,,0.03852693368257447,,0.0009241613255361449
TCN3_366f120b,TCN3,loso_subject_S009,17,0.0026917021605186164,,0.03711993141438474,,0.0009140576474687258
TCN3_366f120b,TCN3,loso_subject_S009,18,0.0024131640014026993,,0.035277646500617266,,0.0009033926188963346
TCN3_366f120b,TCN3,loso_subject_S009,19,0.0020155143733559685,,0.03263681301508437,,0.0008921826845200134
TCN3_366f120b,TCN3,loso_subject_S009,20,0.0020105629664612934,,0.03183905001391064,,0.000880445129246058
TCN3_366f120b,TCN3,loso_subject_S009,21,0.0021497367865363644,,0.032467595682564104,,0.0008681980515339459
TCN3_366f120b,TCN3,loso_subject_S009,22,0.001998346846614202,,0.031215059401636772,,0.0008554603354898234
TCN3_366f120b,TCN3,loso_subject_S009,23,0.0017501133525828745,,0.02942261802540584,,0.0008422516217485822
TCN3_366f120b,TCN3,loso_subject_S009,24,0.001714814613065259,,0.029585803689604454,,0.0008285922771894248
TCN3_366f120b,TCN3,loso_subject_S009,25,0.0017254441071682695,,0.029248772654682398,,0.0008145033635316124
TCN3_366f120b,TCN3,loso_subject_S009,26,0.0015395540143469009,,0.027807500255717474,,0.0008000066048588205
TCN3_366f120b,TCN3,loso_subject_S009,27,0.0014189423950897021,,0.027014622591774572,,0.0007851243541221765
TCN3_366f120b,TCN3,loso_subject_S009,28,0.0014552830729040909,,0.027403200045228004,,0.0007698795586736293
TCN3_366f120b,TCN3,loso_subject_S009,29,0.0014666875623251226,,0.025931590194390577,,0.0007542957248827956
TCN3_366f120b,TCN3,loso_subject_S009,30,0.0012994810981167989,,0.0258464845828712,,0.0007383968818918422
TCN3_366f120b,TCN3,loso_subject_S009,31,0.0012785935343179683,,0.025033953811296007,,0.00072220754456429
TCN3_366f120b,TCN3,loso_subject_S009,32,0.0012030365892728282,,0.024153748908164827,,0.0007057526756848715
TCN3_366f120b,TCN3,loso_subject_S009,33,0.0011616403472461652,,0.02416602869264104,,0.000689057647468726
TCN3_366f120b,TCN3,loso_subject_S009,34,0.00119877389409918,,0.024010565724562515,,0.000672148202439283
TCN3_366f120b,TCN3,loso_subject_S009,35,0.0011513046715249816,,0.023853221273219042,,0.0006550504137351571
TCN3_366f120b,TCN3,loso_subject_S009,36,0.001078417392405258,,0.023106711493297058,,0.0006377906449072574
TCN3_366f120b,TCN3,loso_subject_S009,37,0.0010575826838083396,,0.022161259612237864,,0.0006203955092681036
TCN3_366f120b,TCN3,loso_subject_S009,38,0.0009513863478787243,,0.022015776696868918,,0.0006028918288560267
TCN3_366f120b,TCN3,loso_subject_S009,39,0.0009300559613620862,,0.021899131084368986,,0.00058530659307753
TCN3_366f120b,TCN3,loso_subject_S009,40,0.000966909327623646,,0.021897750144655056,,0.0005676669170915806
TCN3_366f120b,TCN3,loso_subject_S009,41,0.000909368311774663,,0.021364088254896076,,0.0005499999999999997
TCN3_366f120b,TCN3,loso_subject_S009,42,0.0008507330229886892,,0.020828086290169846,,0.000532333082908419
TCN3_366f120b,TCN3,loso_subject_S009,43,0.0009208212041729977,,0.020774278154766016,,0.0005146934069224697
TCN3_366f120b,TCN3,loso_subject_S009,44,0.0008615747951394455,,0.02079426861283454,,0.000497108171143973
TCN3_366f120b,TCN3,loso_subject_S009,45,0.0008325164883651516,,0.019556402038274842,,0.00047960449073189616
TCN3_366f120b,TCN3,loso_subject_S009,46,0.0009600686422676187,,0.0210627375847914,,0.00046220935509274226
TCN3_366f120b,TCN3,loso_subject_S009,47,0.0008549507778794082,,0.020224156662483107,,0.00044494958626484254
TCN3_366f120b,TCN3,loso_subject_S009,48,0.0007906216818479483,,0.019295150011947208,,0.00042785179756071645
TCN3_366f120b,TCN3,loso_subject_S009,49,0.0008068559995577248,,0.01950950203040107,,0.0004109423525312737
TCN3_366f120b,TCN3,loso_subject_S009,50,0.0008415766443993726,,0.019827534169466657,,0.0003942473243151282
TCN3_366f120b,TCN3,loso_subject_S009,51,0.0007342144143132663,,0.018746107308702034,,0.0003777924554357096
TCN3_366f120b,TCN3,loso_subject_S009,52,0.0007575734555509619,,0.018626989373429256,,0.0003616031181081575
TCN3_366f120b,TCN3,loso_subject_S009,53,0.0007083771858808839,,0.018485162893987515,,0.000345704275117204
TCN3_366f120b,TCN3,loso_subject_S009,54,0.0006942571642205373,,0.018311539474366742,,0.00033012044132637024
TCN3_366f120b,TCN3,loso_subject_S009,55,0.0007052721292976374,,0.018029822311787444,,0.00031487564587782306
TCN3_366f120b,TCN3,loso_subject_S009,56,0.0006887020750913176,,0.017943419875915755,,0.00029999339514117897
TCN3_366f120b,TCN3,loso_subject_S009,57,0.0006857429477597841,,0.017850118329409848,,0.0002854966364683872
TCN3_366f120b,TCN3,loso_subject_S009,58,0.0006685511953864162,,0.017886426151645454,,0.0002714077228105749
TCN3_366f120b,TCN3,loso_subject_S009,59,0.0006719584019844082,,0.017915504370731385,,0.00025774837825141746
TCN3_366f120b,TCN3,loso_subject_S009,60,0.0006641877219160299,,0.017626642588187347,,0.0002445396645101764
TCN3_366f120b,TCN3,loso_subject_S009,61,0.0007018603381848978,,0.017532188762825997,,0.0002318019484660537
TCN3_366f120b,TCN3,loso_subject_S009,62,0.0006493612487578172,,0.017551584804261274,,0.00021955487075394156
TCN3_366f120b,TCN3,loso_subject_S009,63,0.0006797938417135315,,0.018075605960224162,,0.0002078173154799862
TCN3_366f120b,TCN3,loso_subject_S009,64,0.0006485697475992228,,0.01712850720452314,,0.00019660738110366478
TCN3_366f120b,TCN3,loso_subject_S009,65,0.0006102775597272822,,0.016759482424028894,,0.00018594235253127373
TCN3_366f120b,TCN3,loso_subject_S009,66,0.0006335614393306473,,0.016885642576116053,,0.00017583867446385477
TCN3_366f120b,TCN3,loso_subject_S009,67,0.0005766134477612054,,0.01655585915696892,,0.00016631192604065853
TCN3_366f120b,TCN3,loso_subject_S009,68,0.0006497433165680956,,0.0167712583206594,,0.00015737679681724137
TCN3_366f120b,TCN3,loso_subject_S009,69,0.0005971328778700395,,0.016808428335934877,,0.0001490470641152345
TCN3_366f120b,TCN3,loso_subject_S009,70,0.000621014361968264,,0.016526765084232797,,0.00014133557177871338
TCN3_366f120b,TCN3,loso_subject_S009,71,0.0005923003912109627,,0.016436901726675304,,0.00013425421036992097
TCN3_366f120b,TCN3,loso_subject_S009,72,0.0005996150827162306,,0.016385841881856322,,0.00012781389883488212
TCN3_366f120b,TCN3,loso_subject_S009,73,0.0005607616221823264,,0.01645245764997195,,0.0001220245676671809
TCN3_366f120b,TCN3,loso_subject_S009,74,0.0005413402594223788,,0.01599040449681607,,0.00011689514359585877
TCN3_366f120b,TCN3,loso_subject_S009,75,0.0005728532374963503,,0.01603405560705472,,0.00011243353582104555
TCN3_366f120b,TCN3,loso_subject_S009,76,0.0005561987762286498,,0.016104868888346988,,0.0001086466238185463
TCN3_366f120b,TCN3,loso_subject_S009,77,0.0005688972884275823,,0.015956247331235896,,0.00010554024673218805
TCN3_366f120b,TCN3,loso_subject_S009,78,0.0005560871560936158,,0.01584290888753127,,0.00010311919437028317
TCN3_366f120b,TCN3,loso_subject_S009,79,0.0006051916015249761,,0.016235683515498586,,0.00010138719982009242
TCN3_366f120b,TCN3,loso_subject_S009,80,0.0005579873478299388,,0.015972136054188013,,0.0001003469336916747
TCN3_366f120b,TCN3,loso_subject_S010,1,0.20839325582078264,,0.32880875522592123,,0.001
TCN3_366f120b,TCN3,loso_subject_S010,2,0.046288280992090786,,0.16119358549612936,,0.0009996530663083252
TCN3_366f120b,TCN3,loso_subject_S010,3,0.02616444093712082,,0.12029544404103078,,0.0009986128001799074
TCN3_366f120b,TCN3,loso_subject_S010,4,0.017333934099255405,,0.09823417818228626,,0.0009968808056297167
TCN3_366f120b,TCN3,loso_subject_S010,5,0.0124652787120843,,0.08315537608689713,,0.0009944597532678117
TCN3_366f120b,TCN3,loso_subject_S010,6,0.009172687978388383,,0.07050964569602407,,0.0009913533761814533
TCN3_366f120b,TCN3,loso_subject_S010,7,0.007314495989846439,,0.06336563282749429,,0.000987566464178954
TCN3_366f120b,TCN3,loso_subject_S010,8,0.006376150240507734,,0.05902781402287276,,0.0009831048564041408
TCN3_366f120b,TCN3,loso_subject_S010,9,0.005530695306192064,,0.05525316473039136,,0.0009779754323328187
TCN3_366f120b,TCN3,loso_subject_S010,10,0.004762891522604779,,0.05056214572921876,,0.0009721861011651174
TCN3_366f120b,TCN3,loso_subject_S010,11,0.0042777669153647785,,0.048528136275342935,,0.0009657457896300785
TCN3_366f120b,TCN3,loso_subject_S010,12,0.004003369784946613,,0.04596493646586092,,0.000958664428221286
TCN3_366f120b,TCN3,loso_subject_S010,13,0.00360509415116647,,0.0439354687417122,,0.000950952935884765
TCN3_366f120b,TCN3,loso_subject_S010,14,0.003140542454374915,,0.040720741391223746,,0.0009426232031827582
TCN3_366f120b,TCN3,loso_subject_S010,15,0.0029792081862479074,,0.03934562011905338,,0.0009336880739593409
TCN3_366f120b,TCN3,loso_subject_S010,16,0.002780404391203488,,0.03842328100100807,,0.0009241613255361449
TCN3_366f120b,TCN3,loso_subject_S010,17,0.002523366785066158,,0.036026357632616295,,0.0009140576474687258
TCN3_366f120b,TCN3,loso_subject_S010,18,0.0023532158814025795,,0.0348947045888339,,0.0009033926188963346
TCN3_366f120b,TCN3,loso_subject_S010,19,0.002174911418078052,,0.03355413253665974,,0.0008921826845200134
TCN3_366f120b,TCN3,loso_subject_S010,20,0.002119202053809191,,0.032762318517788096,,0.000880445129246058
TCN3_366f120b,TCN3,loso_subject_S010,21,0.0017853703158470014,,0.030655365980649562,,0.0008681980515339459
TCN3_366f120b,TCN3,loso_subject_S010,22,0.0018208375124542924,,0.030864161038235728,,0.0008554603354898234
TCN3_366f120b,TCN3,loso_subject_S010,23,0.001797663450383465,,0.030439430839926798,,0.0008422516217485822
TCN3_366f120b,TCN3,loso_subject_S010,24,0.001635832950436258,,0.028798218231339944,,0.0008285922771894248
TCN3_366f120b,TCN3,loso_subject_S010,25,0.0014811786610716732,,0.027718044488284563,,0.0008145033635316124
TCN3_366f120b,TCN3,loso_subject_S010,26,0.0015291675119001162,,0.027923394148701704,,0.0008000066048588205
TCN3_366f120b,TCN3,loso_subject_S010,27,0.0014799484388111224,,0.026813671139145966,,0.0007851243541221765
TCN3_366f120b,TCN3,loso_subject_S010,28,0.001289514175238712,,0.025702284941603894,,0.0007698795586736293
TCN3_366f120b,TCN3,loso_subject_S010,29,0.0013193191163996848,,0.026000775096397245,,0.0007542957248827956
TCN3_366f120b,TCN3,loso_subject_S010,30,0.001345372948531704,,0.026242444338734152,,0.0007383968818918422
TCN3_366f120b,TCN3,loso_subject_S010,31,0.0012576396147319512,,0.025165934930718798,,0.00072220754456429
TCN3_366f120b,TCN3,loso_subject_S010,32,0.0011970241442074553,,0.02433350723795854,,0.0007057526756848715
TCN3_366f120b,TCN3,loso_subject_S010,33,0.001211612604540181,,0.023801974257321043,,0.000689057647468726
TCN3_366f120b,TCN3,loso_subject_S010,34,0.0010479933990924495,,0.02306667164615963,,0.000672148202439283
TCN3_366f120b,TCN3,loso_subject_S010,35,0.001025092164002265,,0.022761238655297486,,0.0006550504137351571
TCN3_366f120b,TCN3,loso_subject_S010,36,0.0009526881081709144,,0.02207179499729987,,0.0006377906449072574
TCN3_366f120b,TCN3,loso_subject_S010,37,0.0009378588796452178,,0.02146616219680072,,0.0006203955092681036
TCN3_366f120b,TCN3,loso_subject_S010,38,0.0009254052928749466,,0.021322805541574036,,0.0006028918288560267
TCN3_366f120b,TCN3,loso_subject_S010,39,0.0009651688224052145,,0.022007540524068586,,0.00058530659307753
TCN3_366f120b,TCN3,loso_subject_S010,40,0.0009509473378628983,,0.021715503792065556,,0.0005676669170915806
TCN3_366f120b,TCN3,loso_subject_S010,41,0.0009549304239319958,,0.021842259294542823,,0.0005499999999999997
TCN3_366f120b,TCN3,loso_subject_S010,42,0.0008335537319613665,,0.02043060243631312,,0.000532333082908419
TCN3_366f120b,TCN3,loso_subject_S010,43,0.0008162320126990982,,0.020058968662170676,,0.0005146934069224697
TCN3_366f120b,TCN3,loso_subject_S010,44,0.0008637832597206342,,0.02048412351483717,,0.000497108171143973
TCN3_366f120b,TCN3,loso_subject_S010,45,0.0007747512222248095,,0.019389201402350696,,0.00047960449073189616
TCN3_366f120b,TCN3,loso_subject_S010,46,0.0008351288761664051,,0.019974971665552756,,0.00046220935509274226
TCN3_366f120b,TCN3,loso_subject_S010,47,0.0008224419898256858,,0.019984979955753806,,0.00044494958626484254
TCN3_366f120b,TCN3,loso_subject_S010,48,0.0007443389331864462,,0.019087401259204616,,0.00042785179756071645
TCN3_366f120b,TCN3,loso_subject_S010,49,0.000775245442411106,,0.018973831938995052,,0.0004109423525312737
TCN3_366f120b,TCN3,loso_subject_S010,50,0.0007250625023789453,,0.018748782204168875,,0.0003942473243151282
TCN3_366f120b,TCN3,loso_subject_S010,51,0.0006876351668722771,,0.01831095492490796,,0.0003777924554357096
TCN3_366f120b,TCN3,loso_subject_S010,52,0.0006779079628536193,,0.01845446369005955,,0.0003616031181081575
TCN3_366f120b,TCN3,loso_subject_S010,53,0.0006660639231163762,,0.017947152873493345,,0.000345704275117204
TCN3_366f120b,TCN3,loso_subject_S010,54,0.0006839160815267961,,0.018125427553761977,,0.00033012044132637024
TCN3_366f120b,TCN3,loso_subject_S010,55,0.0006601385565521652,,0.017712048345035123,,0.00031487564587782306
TCN3_366f120b,TCN3,loso_subject_S010,56,0.0006683975604929677,,0.017719481327162133,,0.00029999339514117897
TCN3_366f120b,TCN3,loso_subject_S010,57,0.0006205999020334898,,0.01747077183084769,,0.0002854966364683872
TCN3_366f120b,TCN3,loso_subject_S010,58,0.0006576857314383687,,0.017483071190256726,,0.0002714077228105749
TCN3_366f120b,TCN3,loso_subject_S010,59,0.0006572989447154679,,0.017567485839985363,,0.00025774837825141746
TCN3_366f120b,TCN3,loso_subject_S010,60,0.0006095794039983485,,0.01699733743013038,,0.0002445396645101764
TCN3_366f120b,TCN3,loso_subject_S010,61,0.0005743004188828463,,0.01653118640038108,,0.0002318019484660537
TCN3_366f120b,TCN3,loso_subject_S010,62,0.0005801667674914196,,0.01653616260319196,,0.00021955487075394156
TCN3_366f120b,TCN3,loso_subject_S010,63,0.0005968851284685624,,0.01679894312704178,,0.0002078173154799862
TCN3_366f120b,TCN3,loso_subject_S010,64,0.0005397972809039787,,0.016189195158229135,,0.00019660738110366478
TCN3_366f120b,TCN3,loso_subject_S010,65,0.0005568674722096006,,0.015960640488205502,,0.00018594235253127373
TCN3_366f120b,TCN3,loso_subject_S010,66,0.00056597056576909,,0.01605387665017875,,0.00017583867446385477
TCN3_366f120b,TCN3,loso_subject_S010,67,0.000565247338357921,,0.016187640095095646,,0.00016631192604065853
TCN3_366f120b,TCN3,loso_subject_S010,68,0.0005563730890745086,,0.01616205804201488,,0.00015737679681724137
TCN3_366f120b,TCN3,loso_subject_S010,69,0.0005719115724787116,,0.016050946792955986,,0.0001490470641152345
TCN3_366f120b,TCN3,loso_subject_S010,70,0.0005328004131861669,,0.01591126031280191,,0.00014133557177871338
TCN3_366f120b,TCN3,loso_subject_S010,71,0.0005540013099239479,,0.016089166126633258,,0.00013425421036992097
TCN3_366f120b,TCN3,loso_subject_S010,72,0.0005286012300330006,,0.015618330189046485,,0.00012781389883488212
TCN3_366f120b,TCN3,loso_subject_S010,73,0.0005472664131314675,,0.015801711405038332,,0.0001220245676671809
TCN3_366f120b,TCN3,loso_subject_S010,74,0.0004995906906190027,,0.015783467616096954,,0.00011689514359585877
TCN3_366f120b,TCN3,loso_subject_S010,75,0.0005810161640895021,,0.016103946268140518,,0.00011243353582104555
TCN3_366f120b,TCN3,loso_subject_S010,76,0.0005401499977359498,,0.015650568725893908,,0.0001086466238185463
TCN3_366f120b,TCN3,loso_subject_S010,77,0.000538303266340791,,0.015444842790257379,,0.00010554024673218805
TCN3_366f120b,TCN3,loso_subject_S010,78,0.0005221943317770143,,0.015647303700959115,,0.00010311919437028317
TCN3_366f120b,TCN3,loso_subject_S010,79,0.0004960340845911616,,0.015320300368845546,,0.00010138719982009242
TCN3_366f120b,TCN3,loso_subject_S010,80,0.0005183952166940521,,0.015554104349086112,,0.0001003469336916747
TCN3_366f120b,TCN3,loso_subject_S011,1,0.27462084893624533,,0.38877593280480194,,0.001
TCN3_366f120b,TCN3,loso_subject_S011,2,0.05013618516673728,,0.16595628562979411,,0.0009996530663083252
TCN3_366f120b,TCN3,loso_subject_S011,3,0.028011391648518555,,0.12591387896573275,,0.0009986128001799074
TCN3_366f120b,TCN3,loso_subject_S011,4,0.01749592020050783,,0.09923550338001705,,0.0009968808056297167
TCN3_366f120b,TCN3,loso_subject_S011,5,0.012249093798140931,,0.08173584102008924,,0.0009944597532678117
TCN3_366f120b,TCN3,loso_subject_S011,6,0.009852441972169581,,0.07382215805508772,,0.0009913533761814533
TCN3_366f120b,TCN3,loso_subject_S011,7,0.007510380949058554,,0.06407197104320154,,0.000987566464178954
TCN3_366f120b,TCN3,loso_subject_S011,8,0.007089112381933474,,0.06159617504938146,,0.0009831048564041408
TCN3_366f120b,TCN3,loso_subject_S011,9,0.00575870630780329,,0.055482120637951104,,0.0009779754323328187
TCN3_366f120b,TCN3,loso_subject_S011,10,0.0047946533117494425,,0.0512414280712784,,0.0009721861011651174
TCN3_366f120b,TCN3,loso_subject_S011,11,0.004385159058432793,,0.04842574076210428,,0.0009657457896300785
TCN3_366f120b,TCN3,loso_subject_S011,12,0.0039222791176987265,,0.04560294142008506,,0.000958664428221286
TCN3_366f120b,TCN3,loso_subject_S011,13,0.0032899843571865266,,0.04237695744491094,,0.000950952935884765
TCN3_366f120b,TCN3,loso_subject_S011,14,0.003153400093705888,,0.04062299248779566,,0.0009426232031827582
TCN3_366f120b,TCN3,loso_subject_S011,15,0.002779884935490969,,0.03830570477696915,,0.0009336880739593409
TCN3_366f120b,TCN3,loso_subject_S011,16,0.00262012623244876,,0.03786805742468551,,0.0009241613255361449
TCN3_366f120b,TCN3,loso_subject_S011,17,0.002416382137905369,,0.03579733151831568,,0.0009140576474687258
TCN3_366f120b,TCN3,loso_subject_S011,18,0.0024591992850991526,,0.035927567148675246,,0.0009033926188963346
TCN3_366f120b,TCN3,loso_subject_S011,19,0.0019844492209415325,,0.032039064288328784,,0.0008921826845200134
TCN3_366f120b,TCN3,loso_subject_S011,20,0.0019286686705513249,,0.031035908475124385,,0.000880445129246058
TCN3_366f120b,TCN3,loso_subject_S011,21,0.002037577657917045,,0.03285139475320645,,0.0008681980515339459
TCN3_366f120b,TCN3,loso_subject_S011,22,0.0018242264740410837,,0.03027148513567711,,0.0008554603354898234
TCN3_366f120b,TCN3,loso_subject_S011,23,0.001694779730298799,,0.029415118424848157,,0.0008422516217485822
TCN3_366f120b,TCN3,loso_subject_S011,24,0.0014903236013223652,,0.027656628814139227,,0.0008285922771894248
TCN3_366f120b,TCN3,loso_subject_S011,25,0.0014634310713741404,,0.027733184126766283,,0.0008145033635316124
TCN3_366f120b,TCN3,loso_subject_S011,26,0.0013816102914039796,,0.026426671387539853,,0.0008000066048588205
TCN3_366f120b,TCN3,loso_subject_S011,27,0.0012822842161596762,,0.02560474901491581,,0.0007851243541221765
TCN3_366f120b,TCN3,loso_subject_S011,28,0.001315200253377001,,0.025800558296896894,,0.0007698795586736293
TCN3_366f120b,TCN3,loso_subject_S011,29,0.0012089500054012887,,0.024911867002852188,,0.0007542957248827956
TCN3_366f120b,TCN3,loso_subject_S011,30,0.001097375219024147,,0.02396650953600342,,0.0007383968818918422
TCN3_366f120b,TCN3,loso_subject_S011,31,0.0011606533564072553,,0.024100039062062487,,0.00072220754456429
TCN3_366f120b,TCN3,loso_subject_S011,32,0.001068350061333052,,0.02357935805999144,,0.0007057526756848715
TCN3_366f120b,TCN3,loso_subject_S011,33,0.0010367137193461702,,0.022987790785881937,,0.000689057647468726
TCN3_366f120b,TCN3,loso_subject_S011,34,0.0010628932996047924,,0.022852492357011263,,0.000672148202439283
TCN3_366f120b,TCN3,loso_subject_S011,35,0.0009793183913255935,,0.02221086252307505,,0.0006550504137351571
TCN3_366f120b,TCN3,loso_subject_S011,36,0.0009524129465404323,,0.022099220571249932,,0.0006377906449072574
TCN3_366f120b,TCN3,loso_subject_S011,37,0.0009640941536801815,,0.021282206103454947,,0.0006203955092681036
TCN3_366f120b,TCN3,loso_subject_S011,38,0.0009115047568399876,,0.02150825406282931,,0.0006028918288560267
TCN3_366f120b,TCN3,loso_subject_S011,39,0.0008260732304652877,,0.02032842652547535,,0.00058530659307753
TCN3_366f120b,TCN3,loso_subject_S011,40,0.0007930736505517137,,0.01993166164807569,,0.0005676669170915806
TCN3_366f120b,TCN3,loso_subject_S011,41,0.0007819701291109112,,0.020061531186717017,,0.0005499999999999997
TCN3_366f120b,TCN3,loso_subject_S011,42,0.0008052274231785237,,0.019660656292747998,,0.000532333082908419
TCN3_366f120b,TCN3,loso_subject_S011,43,0.000730216507115998,,0.018957649030142822,,0.0005146934069224697
TCN3_366f120b,TCN3,loso_subject_S011,44,0.0007605587722180245,,0.019593389434369165,,0.000497108171143973
TCN3_366f120b,TCN3,loso_subject_S011,45,0.0007712246845011291,,0.019547490489053142,,0.00047960449073189616
TCN3_366f120b,TCN3,loso_subject_S011,46,0.0006916700978140235,,0.018170508284055698,,0.00046220935509274226
TCN3_366f120b,TCN3,loso_subject_S011,47,0.0006933055179081913,,0.018382792009926232,,0.00044494958626484254
TCN3_366f120b,TCN3,loso_subject_S011,48,0.0006654579155009979,,0.01816572658605462,,0.00042785179756071645
TCN3_366f120b,TCN3,loso_subject_S011,49,0.0006860411358581574,,0.018705495677741327,,0.0004109423525312737
TCN3_366f120b,TCN3,loso_subject_S011,50,0.0006488096898843217,,0.017842261484606325,,0.0003942473243151282
TCN3_366f120b,TCN3,loso_subject_S011,51,0.0006600437411576056,,0.017773405463999033,,0.0003777924554357096
TCN3_366f120b,TCN3,loso_subject_S011,52,0.000636044555982745,,0.01747443789585692,,0.0003616031181081575
TCN3_366f120b,TCN3,loso_subject_S011,53,0.0006018877948395031,,0.017349680598392737,,0.000345704275117204
TCN3_366f120b,TCN3,loso_subject_S011,54,0.0006278074611055949,,0.0173491186883915,,0.00033012044132637024
TCN3_366f120b,TCN3,loso_subject_S011,55,0.000583523240178143,,0.017152269348108318,,0.00031487564587782306
TCN3_366f120b,TCN3,loso_subject_S011,56,0.0005821901623104497,,0.01663581124176924,,0.00029999339514117897
TCN3_366f120b,TCN3,loso_subject_S011,57,0.0005944568948194263,,0.016465854197590994,,0.0002854966364683872
TCN3_366f120b,TCN3,loso_subject_S011,58,0.0005663767464096882,,0.016523907869660404,,0.0002714077228105749
TCN3_366f120b,TCN3,loso_subject_S011,59,0.0005610402296350221,,0.016377490269959313,,0.00025774837825141746
TCN3_366f120b,TCN3,loso_subject_S011,60,0.0005267288049724415,,0.015944198412056073,,0.0002445396645101764
TCN3_366f120b,TCN3,loso_subject_S011,61,0.0005216013185584724,,0.015978847424053814,,0.0002318019484660537
TCN3_366f120b,TCN3,loso_subject_S011,62,0.0005716429291870701,,0.01585617118635657,,0.00021955487075394156
TCN3_366f120b,TCN3,loso_subject_S011,63,0.0005248583980000775,,0.01580362436453528,,0.0002078173154799862
TCN3_366f120b,TCN3,loso_subject_S011,64,0.0005269049375958918,,0.015560022649078235,,0.00019660738110366478
TCN3_366f120b,TCN3,loso_subject_S011,65,0.0005148581127145703,,0.015546633511427734,,0.00018594235253127373
TCN3_366f120b,TCN3,loso_subject_S011,66,0.0005381817305072651,,0.01559597384352854,,0.00017583867446385477
TCN3_366f120b,TCN3,loso_subject_S011,67,0.000488170874122209,,0.015120029529228224,,0.00016631192604065853
TCN3_366f120b,TCN3,loso_subject_S011,68,0.0005007464090365618,,0.01512499029261137,,0.00015737679681724137
TCN3_366f120b,TCN3,loso_subject_S011,69,0.0005094601337618935,,0.015401409935192465,,0.0001490470641152345
TCN3_366f120b,TCN3,loso_subject_S011,70,0.0004974474220070209,,0.015197758107639627,,0.00014133557177871338
TCN3_366f120b,TCN3,loso_subject_S011,71,0.0004776761701363103,,0.015024384619233779,,0.00013425421036992097
TCN3_366f120b,TCN3,loso_subject_S011,72,0.000496252349109067,,0.014955728974750445,,0.00012781389883488212
TCN3_366f120b,TCN3,loso_subject_S011,73,0.0004874586447597132,,0.014518208655302203,,0.0001220245676671809
TCN3_366f120b,TCN3,loso_subject_S011,74,0.00047934675051060474,,0.01472129298741102,,0.00011689514359585877
TCN3_366f120b,TCN3,loso_subject_S011,75,0.0004940315315214179,,0.01475859057051047,,0.00011243353582104555
TCN3_366f120b,TCN3,loso_subject_S011,76,0.0004841474071012635,,0.014697111281511795,,0.0001086466238185463
TCN3_366f120b,TCN3,loso_subject_S011,77,0.0004579620624926065,,0.014556142671969113,,0.00010554024673218805
TCN3_366f120b,TCN3,loso_subject_S011,78,0.0004548286685758878,,0.014527256801530006,,0.00010311919437028317
TCN3_366f120b,TCN3,loso_subject_S011,79,0.0004619706383181562,,0.01454862400355966,,0.00010138719982009242
TCN3_366f120b,TCN3,loso_subject_S011,80,0.0004643297369967973,,0.014532251119010423,,0.0001003469336916747
TCN3_366f120b,TCN3,loso_subject_S012,1,0.2535885156912407,,0.3640024017291277,,0.001
TCN3_366f120b,TCN3,loso_subject_S012,2,0.04753642393899453,,0.16232430634802858,,0.0009996530663083252
TCN3_366f120b,TCN3,loso_subject_S012,3,0.02664494093441525,,0.12148222099431293,,0.0009986128001799074
TCN3_366f120b,TCN3,loso_subject_S012,4,0.01791023623957195,,0.10141138045563576,,0.0009968808056297167
TCN3_366f120b,TCN3,loso_subject_S012,5,0.01296529374591516,,0.08579096349619203,,0.0009944597532678117
TCN3_366f120b,TCN3,loso_subject_S012,6,0.009452491772032088,,0.0735681130268836,,0.0009913533761814533
TCN3_366f120b,TCN3,loso_subject_S012,7,0.007992296247972418,,0.06759093163907033,,0.000987566464178954
TCN3_366f120b,TCN3,loso_subject_S012,8,0.006627099025510462,,0.061557135497980954,,0.0009831048564041408
TCN3_366f120b,TCN3,loso_subject_S012,9,0.006014086855789006,,0.05746837120271672,,0.0009779754323328187
TCN3_366f120b,TCN3,loso_subject_S012,10,0.005422522474007434,,0.05520650005260846,,0.0009721861011651174
TCN3_366f120b,TCN3,loso_subject_S012,11,0.004378109510279199,,0.049365757469641246,,0.0009657457896300785
TCN3_366f120b,TCN3,loso_subject_S012,12,0.003815961825414061,,0.04565755169666578,,0.000958664428221286
TCN3_366f120b,TCN3,loso_subject_S012,13,0.004238338349803743,,0.047937736900671254,,0.000950952935884765
TCN3_366f120b,TCN3,loso_subject_S012,14,0.0032472621113118854,,0.04227679076484764,,0.0009426232031827582
TCN3_366f120b,TCN3,loso_subject_S012,15,0.0035122900092961927,,0.04393370849185309,,0.0009336880739593409
TCN3_366f120b,TCN3,loso_subject_S012,16,0.0028010403638613996,,0.039236413893726584,,0.0009241613255361449
TCN3_366f120b,TCN3,loso_subject_S012,17,0.0029642650943534836,,0.04019337345809784,,0.0009140576474687258
TCN3_366f120b,TCN3,loso_subject_S012,18,0.002570111535185618,,0.03794389113352995,,0.0009033926188963346
TCN3_366f120b,TCN3,loso_subject_S012,19,0.0023302041536897183,,0.035744940077755374,,0.0008921826845200134
TCN3_366f120b,TCN3,loso_subject_S012,20,0.0021457100388174275,,0.033981170278722245,,0.000880445129246058
TCN3_366f120b,TCN3,loso_subject_S012,21,0.0018348923896557917,,0.0315915321681776,,0.0008681980515339459
TCN3_366f120b,TCN3,loso_subject_S012,22,0.002031585505213954,,0.03272782405296724,,0.0008554603354898234
TCN3_366f120b,TCN3,loso_subject_S012,23,0.0019542478523704816,,0.03220887669854562,,0.0008422516217485822
TCN3_366f120b,TCN3,loso_subject_S012,24,0.0016241249593622281,,0.0296330557645219,,0.0008285922771894248
TCN3_366f120b,TCN3,loso_subject_S012,25,0.0016272157497116576,,0.029325062430709176,,0.0008145033635316124
TCN3_366f120b,TCN3,loso_subject_S012,26,0.0019001904967116947,,0.03125271867699463,,0.0008000066048588205
TCN3_366f120b,TCN3,loso_subject_S012,27,0.0013648058400887422,,0.026889120316180567,,0.0007851243541221765
TCN3_366f120b,TCN3,loso_subject_S012,28,0.001507039509777719,,0.027953969635968193,,0.0007698795586736293
TCN3_366f120b,TCN3,loso_subject_S012,29,0.0014281203101763466,,0.027630604167204833,,0.0007542957248827956
TCN3_366f120b,TCN3,loso_subject_S012,30,0.0013711194804592753,,0.026722385820735526,,0.0007383968818918422
TCN3_366f120b,TCN3,loso_subject_S012,31,0.0013048573212243737,,0.02558749648731545,,0.00072220754456429
TCN3_366f120b,TCN3,loso_subject_S012,32,0.0012668747420912692,,0.025342203565276156,,0.0007057526756848715
TCN3_366f120b,TCN3,loso_subject_S012,33,0.001591654449448128,,0.028494510907356666,,0.000689057647468726
TCN3_366f120b,TCN3,loso_subject_S012,34,0.0011571813836535642,,0.024765869878026963,,0.000672148202439283
TCN3_366f120b,TCN3,loso_subject_S012,35,0.0010604353812566324,,0.023122241971262194,,0.0006550504137351571
TCN3_366f120b,TCN3,loso_subject_S012,36,0.0010705085618761437,,0.023049413127810427,,0.0006377906449072574
TCN3_366f120b,TCN3,loso_subject_S012,37,0.001009068566077794,,0.02258365371766856,,0.0006203955092681036
TCN3_366f120b,TCN3,loso_subject_S012,38,0.0009986163104909961,,0.02248260696768642,,0.0006028918288560267
TCN3_366f120b,TCN3,loso_subject_S012,39,0.0009037683312135822,,0.021711460733461238,,0.00058530659307753
TCN3_366f120b,TCN3,loso_subject_S012,40,0.0013677189851643368,,0.026132046547432047,,0.0005676669170915806
TCN3_366f120b,TCN3,loso_subject_S012,41,0.0011225366717829356,,0.024319213583208706,,0.0005499999999999997
TCN3_366f120b,TCN3,loso_subject_S012,42,0.000997991959684169,,0.022928722715330266,,0.000532333082908419
TCN3_366f120b,TCN3,loso_subject_S012,43,0.0009958463835961133,,0.022500643067757686,,0.0005146934069224697
TCN3_366f120b,TCN3,loso_subject_S012,44,0.0008592910485024275,,0.021029082316027483,,0.000497108171143973
TCN3_366f120b,TCN3,loso_subject_S012,45,0.0008874727533497263,,0.02112188549008469,,0.00047960449073189616
TCN3_366f120b,TCN3,loso_subject_S012,46,0.0008724014205406533,,0.020879304604143667,,0.00046220935509274226
TCN3_366f120b,TCN3,loso_subject_S012,47,0.0009030300268674955,,0.02150815897167779,,0.00044494958626484254
TCN3_366f120b,TCN3,loso_subject_S012,48,0.0007963065126636964,,0.01984091102829325,,0.00042785179756071645
TCN3_366f120b,TCN3,loso_subject_S012,49,0.0007833429961842518,,0.01940704552823818,,0.0004109423525312737
TCN3_366f120b,TCN3,loso_subject_S012,50,0.0007714682511924018,,0.01933411855700009,,0.0003942473243151282
TCN3_366f120b,TCN3,loso_subject_S012,51,0.0007827099148510906,,0.019758081497564473,,0.0003777924554357096
TCN3_366f120b,TCN3,loso_subject_S012,52,0.0008191626085686206,,0.020443344797633264,,0.0003616031181081575
TCN3_366f120b,TCN3,loso_subject_S012,53,0.0007586578206628782,,0.019795795143066588,,0.000345704275117204
TCN3_366f120b,TCN3,loso_subject_S012,54,0.0006860294384056752,,0.01855559739689369,,0.00033012044132637024
TCN3_366f120b,TCN3,loso_subject_S012,55,0.0006727779073999429,,0.01800730090059684,,0.00031487564587782306
TCN3_366f120b,TCN3,loso_subject_S012,56,0.0007115063423848342,,0.018718285610526058,,0.00029999339514117897
TCN3_366f120b,TCN3,loso_subject_S012,57,0.0006660706975880293,,0.018009395090675544,,0.0002854966364683872
TCN3_366f120b,TCN3,loso_subject_S012,58,0.0006835877885837721,,0.018093071474352324,,0.0002714077228105749
TCN3_366f120b,TCN3,loso_subject_S012,59,0.0007346882224089137,,0.01876206887683507,,0.00025774837825141746
TCN3_366f120b,TCN3,loso_subject_S012,60,0.0007887778745537198,,0.019710539404677964,,0.0002445396645101764
TCN3_366f120b,TCN3,loso_subject_S012,61,0.0006156226342929148,,0.017535169426588254,,0.0002318019484660537
TCN3_366f120b,TCN3,loso_subject_S012,62,0.0006482083698880093,,0.017898043729649624,,0.00021955487075394156
TCN3_366f120b,TCN3,loso_subject_S012,63,0.0006107241571077693,,0.017410800103611946,,0.0002078173154799862
TCN3_366f120b,TCN3,loso_subject_S012,64,0.0006449101604187001,,0.017953876107584484,,0.00019660738110366478
TCN3_366f120b,TCN3,loso_subject_S012,65,0.0006691458771681867,,0.01814569019328403,,0.00018594235253127373
TCN3_366f120b,TCN3,loso_subject_S012,66,0.0006332178561664073,,0.017451893712801567,,0.00017583867446385477
TCN3_366f120b,TCN3,loso_subject_S012,67,0.0005845135624432888,,0.01666344184739204,,0.00016631192604065853
TCN3_366f120b,TCN3,loso_subject_S012,68,0.0008229426741717651,,0.01965554796924382,,0.00015737679681724137
TCN3_366f120b,TCN3,loso_subject_S012,69,0.0006255335088030938,,0.017752394342628496,,0.0001490470641152345
TCN3_366f120b,TCN3,loso_subject_S012,70,0.0005973631438150232,,0.017372242474960067,,0.00014133557177871338
TCN3_366f120b,TCN3,loso_subject_S012,71,0.0005725466400830137,,0.0166995297559039,,0.00013425421036992097
TCN3_366f120b,TCN3,loso_subject_S012,72,0.0005714469197796188,,0.016530004816223277,,0.00012781389883488212
TCN3_366f120b,TCN3,loso_subject_S012,73,0.0005733388432716627,,0.01659108638446487,,0.0001220245676671809
TCN3_366f120b,TCN3,loso_subject_S012,74,0.0005745169609030179,,0.01657502595353816,,0.00011689514359585877
TCN3_366f120b,TCN3,loso_subject_S012,75,0.0006258405421627763,,0.01715301583379002,,0.00011243353582104555
TCN3_366f120b,TCN3,loso_subject_S012,76,0.0005997672153241275,,0.0166062453917072,,0.0001086466238185463
TCN3_366f120b,TCN3,loso_subject_S012,77,0.0005511322139829506,,0.016553461789371723,,0.00010554024673218805
TCN3_366f120b,TCN3,loso_subject_S012,78,0.0005557044860324822,,0.016367510114646346,,0.00010311919437028317
TCN3_366f120b,TCN3,loso_subject_S012,79,0.000544073993136282,,0.01599463161815239,,0.00010138719982009242
TCN3_366f120b,TCN3,loso_subject_S012,80,0.0005634807725385723,,0.016250469213944015,,0.0001003469336916747
TCN3_366f120b,TCN3,loso_subject_S013,1,0.3691851341649044,,0.44313015002727835,,0.001
TCN3_366f120b,TCN3,loso_subject_S013,2,0.05386233856401105,,0.17443675489402286,,0.0009996530663083252
TCN3_366f120b,TCN3,loso_subject_S013,3,0.028705980640262273,,0.1262211300558268,,0.0009986128001799074
TCN3_366f120b,TCN3,loso_subject_S013,4,0.017455523017003215,,0.09861481354527347,,0.0009968808056297167
TCN3_366f120b,TCN3,loso_subject_S013,5,0.011909628834634364,,0.08192961179117259,,0.0009944597532678117
TCN3_366f120b,TCN3,loso_subject_S013,6,0.008864314940901896,,0.07004959695874148,,0.0009913533761814533
TCN3_366f120b,TCN3,loso_subject_S013,7,0.0069761696978980605,,0.06290029388883493,,0.000987566464178954
TCN3_366f120b,TCN3,loso_subject_S013,8,0.006115593706229769,,0.057975478465199515,,0.0009831048564041408
TCN3_366f120b,TCN3,loso_subject_S013,9,0.004816812382370879,,0.051526773759424375,,0.0009779754323328187
TCN3_366f120b,TCN3,loso_subject_S013,10,0.004532087832387495,,0.04951485741459343,,0.0009721861011651174
TCN3_366f120b,TCN3,loso_subject_S013,11,0.004115288328452438,,0.046974963154534845,,0.0009657457896300785
TCN3_366f120b,TCN3,loso_subject_S013,12,0.0035658895038388665,,0.04414693761833517,,0.000958664428221286
TCN3_366f120b,TCN3,loso_subject_S013,13,0.0034776653215916405,,0.04330082310188727,,0.000950952935884765
TCN3_366f120b,TCN3,loso_subject_S013,14,0.002961905889637899,,0.039293298421547426,,0.0009426232031827582
TCN3_366f120b,TCN3,loso_subject_S013,15,0.002706832031385879,,0.03770648536605855,,0.0009336880739593409
TCN3_366f120b,TCN3,loso_subject_S013,16,0.0025583281546016105,,0.03701021552142262,,0.0009241613255361449
TCN3_366f120b,TCN3,loso_subject_S013,17,0.0024056983500956785,,0.035582980872133484,,0.0009140576474687258
TCN3_366f120b,TCN3,loso_subject_S013,18,0.0021713544195085394,,0.03343949859720306,,0.0009033926188963346
TCN3_366f120b,TCN3,loso_subject_S013,19,0.002011777189155604,,0.03217677859186429,,0.0008921826845200134
TCN3_366f120b,TCN3,loso_subject_S013,20,0.0018906766238552205,,0.03159273175012012,,0.000880445129246058
TCN3_366f120b,TCN3,loso_subject_S013,21,0.0019349214793649052,,0.031478243051811225,,0.0008681980515339459
TCN3_366f120b,TCN3,loso_subject_S013,22,0.0016985067507304318,,0.029668486358339654,,0.0008554603354898234
TCN3_366f120b,TCN3,loso_subject_S013,23,0.0016182700219641991,,0.02873140346421628,,0.0008422516217485822
TCN3_366f120b,TCN3,loso_subject_S013,24,0.0016556677271877577,,0.028684691048320478,,0.0008285922771894248
TCN3_366f120b,TCN3,loso_subject_S013,25,0.0015824533919914327,,0.028819205870548804,,0.0008145033635316124
TCN3_366f120b,TCN3,loso_subject_S013,26,0.0014631417584354022,,0.027428077735675748,,0.0008000066048588205
TCN3_366f120b,TCN3,loso_subject_S013,27,0.0015320773775880567,,0.028190976407956862,,0.0007851243541221765
TCN3_366f120b,TCN3,loso_subject_S013,28,0.001334881778751344,,0.026388129680749065,,0.0007698795586736293
TCN3_366f120b,TCN3,loso_subject_S013,29,0.0012485642747977243,,0.025289254528952497,,0.0007542957248827956
TCN3_366f120b,TCN3,loso_subject_S013,30,0.0012136146101903902,,0.024649381004517374,,0.0007383968818918422
TCN3_366f120b,TCN3,loso_subject_S013,31,0.0011944102655518268,,0.024406744233205387,,0.00072220754456429
TCN3_366f120b,TCN3,loso_subject_S013,32,0.0011441333920704179,,0.023969343741365754,,0.0007057526756848715
TCN3_366f120b,TCN3,loso_subject_S013,33,0.0011373617101491451,,0.024034132779869665,,0.000689057647468726
TCN3_366f120b,TCN3,loso_subject_S013,34,0.0011013727661375679,,0.023519593364990654,,0.000672148202439283
TCN3_366f120b,TCN3,loso_subject_S013,35,0.0010394365999285076,,0.023095128563110016,,0.0006550504137351571
TCN3_366f120b,TCN3,loso_subject_S013,36,0.0009617789322574436,,0.021920221961847605,,0.0006377906449072574
TCN3_366f120b,TCN3,loso_subject_S013,37,0.0009670953447252928,,0.0219420999529479,,0.0006203955092681036
TCN3_366f120b,TCN3,loso_subject_S013,38,0.0009849253678247448,,0.02206314499558843,,0.0006028918288560267
TCN3_366f120b,TCN3,loso_subject_S013,39,0.0008914533325435422,,0.0213479886326771,,0.00058530659307753
TCN3_366f120b,TCN3,loso_subject_S013,40,0.0009956619202338432,,0.022078435547652424,,0.0005676669170915806
TCN3_366f120b,TCN3,loso_subject_S013,41,0.0008911164519516414,,0.02115755299593847,,0.0005499999999999997
TCN3_366f120b,TCN3,loso_subject_S013,42,0.0009279337854878763,,0.021239129382390354,,0.000532333082908419
TCN3_366f120b,TCN3,loso_subject_S013,43,0.0008078557099153214,,0.020036559771729738,,0.0005146934069224697
TCN3_366f120b,TCN3,loso_subject_S013,44,0.000837999766016213,,0.020565967482079294,,0.000497108171143973
TCN3_366f120b,TCN3,loso_subject_S013,45,0.0007890485013099237,,0.01983498395742585,,0.00047960449073189616
TCN3_366f120b,TCN3,loso_subject_S013,46,0.0007676378402967579,,0.019387101751022068,,0.00046220935509274226
TCN3_366f120b,TCN3,loso_subject_S013,47,0.0007516350616365517,,0.019659223461073207,,0.00044494958626484254
TCN3_366f120b,TCN3,loso_subject_S013,48,0.0007585406713362297,,0.019615745457676748,,0.00042785179756071645
TCN3_366f120b,TCN3,loso_subject_S013,49,0.0007349766583846209,,0.019147233356406772,,0.0004109423525312737
TCN3_366f120b,TCN3,loso_subject_S013,50,0.0006583257301031036,,0.018099451756042675,,0.0003942473243151282
TCN3_366f120b,TCN3,loso_subject_S013,51,0.0007045235286848341,,0.018500986839329044,,0.0003777924554357096
TCN3_366f120b,TCN3,loso_subject_S013,52,0.0006806221964914354,,0.018286469128171234,,0.0003616031181081575
TCN3_366f120b,TCN3,loso_subject_S013,53,0.0007002829537365878,,0.018603379527727764,,0.000345704275117204
TCN3_366f120b,TCN3,loso_subject_S013,54,0.0006491404293176449,,0.017916073928461233,,0.00033012044132637024
TCN3_366f120b,TCN3,loso_subject_S013,55,0.0006321528903064505,,0.01782078743570442,,0.00031487564587782306
TCN3_366f120b,TCN3,loso_subject_S013,56,0.0006358597056094735,,0.01764501030305365,,0.00029999339514117897
TCN3_366f120b,TCN3,loso_subject_S013,57,0.0006501065200469596,,0.017671365898306278,,0.0002854966364683872
TCN3_366f120b,TCN3,loso_subject_S013,58,0.0006103838519334196,,0.017255965886188405,,0.0002714077228105749
TCN3_366f120b,TCN3,loso_subject_S013,59,0.0006246731343759543,,0.017341570416096973,,0.00025774837825141746
TCN3_366f120b,TCN3,loso_subject_S013,60,0.0005964670573829122,,0.017081028308320853,,0.0002445396645101764
TCN3_366f120b,TCN3,loso_subject_S013,61,0.0006242719533608789,,0.017230299461311313,,0.0002318019484660537
TCN3_366f120b,TCN3,loso_subject_S013,62,0.0006058279170690276,,0.016921313158529586,,0.00021955487075394156
TCN3_366f120b,TCN3,loso_subject_S013,63,0.0005702483019837036,,0.01657645138942338,,0.0002078173154799862
TCN3_366f120b,TCN3,loso_subject_S013,64,0.0006007840276985645,,0.017022657341419584,,0.00019660738110366478
TCN3_366f120b,TCN3,loso_subject_S013,65,0.0005933720299055096,,0.016692592836416664,,0.00018594235253127373
TCN3_366f120b,TCN3,loso_subject_S013,66,0.0005454936892922396,,0.016299767868857964,,0.00017583867446385477
TCN3_366f120b,TCN3,loso_subject_S013,67,0.0005483858102599705,,0.016127191404522102,,0.00016631192604065853
TCN3_366f120b,TCN3,loso_subject_S013,68,0.0005664741331435491,,0.016302129886800947,,0.00015737679681724137
TCN3_366f120b,TCN3,loso_subject_S013,69,0.0005687990439579975,,0.016200214349525385,,0.0001490470641152345
TCN3_366f120b,TCN3,loso_subject_S013,70,0.0005307462073760514,,0.01593891817193426,,0.00014133557177871338
TCN3_366f120b,TCN3,loso_subject_S013,71,0.0005498705863721008,,0.01592697142608948,,0.00013425421036992097
TCN3_366f120b,TCN3,loso_subject_S013,72,0.0005449916234180346,,0.016073006695110158,,0.00012781389883488212
TCN3_366f120b,TCN3,loso_subject_S013,73,0.0005248161069939082,,0.01576270136019804,,0.0001220245676671809
TCN3_366f120b,TCN3,loso_subject_S013,74,0.0005476344332751239,,0.015901290388386356,,0.00011689514359585877
TCN3_366f120b,TCN3,loso_subject_S013,75,0.0005400503030894045,,0.016050914674100285,,0.00011243353582104555
TCN3_366f120b,TCN3,loso_subject_S013,76,0.000562325880175894,,0.016309934562199667,,0.0001086466238185463
TCN3_366f120b,TCN3,loso_subject_S013,77,0.0005003749341366759,,0.01548528033563381,,0.00010554024673218805
TCN3_366f120b,TCN3,loso_subject_S013,78,0.0005070523989995084,,0.015812674951222207,,0.00010311919437028317
TCN3_366f120b,TCN3,loso_subject_S013,79,0.0005221203818578,,0.015878426835022927,,0.00010138719982009242
TCN3_366f120b,TCN3,loso_subject_S013,80,0.0004862177294921188,,0.015093274610607247,,0.0001003469336916747
TCN3_366f120b,TCN3,loso_subject_S014,1,0.27654440976578126,,0.3866996274435662,,0.001
TCN3_366f120b,TCN3,loso_subject_S014,2,0.051859711252266766,,0.16906692605269583,,0.0009996530663083252
TCN3_366f120b,TCN3,loso_subject_S014,3,0.025562481969776892,,0.11977056192015954,,0.0009986128001799074
TCN3_366f120b,TCN3,loso_subject_S014,4,0.015802950372821405,,0.09391878282679766,,0.0009968808056297167
TCN3_366f120b,TCN3,loso_subject_S014,5,0.013274100227739997,,0.08625839321236861,,0.0009944597532678117
TCN3_366f120b,TCN3,loso_subject_S014,6,0.009631619586076442,,0.07342088096514218,,0.0009913533761814533
TCN3_366f120b,TCN3,loso_subject_S014,7,0.007405317762110806,,0.06381308004285362,,0.000987566464178954
TCN3_366f120b,TCN3,loso_subject_S014,8,0.007746418098111104,,0.06525013770636152,,0.0009831048564041408
TCN3_366f120b,TCN3,loso_subject_S014,9,0.00628269470624107,,0.05830874375758632,,0.0009779754323328187
TCN3_366f120b,TCN3,loso_subject_S014,10,0.005109414823406854,,0.05253256225424023,,0.0009721861011651174
TCN3_366f120b,TCN3,loso_subject_S014,11,0.004410742980021674,,0.04887263837613558,,0.0009657457896300785
TCN3_366f120b,TCN3,loso_subject_S014,12,0.00490604903922908,,0.05152935301711078,,0.000958664428221286
TCN3_366f120b,TCN3,loso_subject_S014,13,0.0040321888088237605,,0.04715509444019791,,0.000950952935884765
TCN3_366f120b,TCN3,loso_subject_S014,14,0.003334378583753716,,0.04238310040358979,,0.0009426232031827582
TCN3_366f120b,TCN3,loso_subject_S014,15,0.0029171728804509483,,0.03944915401510553,,0.0009336880739593409
TCN3_366f120b,TCN3,loso_subject_S014,16,0.0027713937912387725,,0.03838584244959626,,0.0009241613255361449
TCN3_366f120b,TCN3,loso_subject_S014,17,0.0025279337402309824,,0.03640582395530921,,0.0009140576474687258
TCN3_366f120b,TCN3,loso_subject_S014,18,0.0026002395776747165,,0.036856798870656605,,0.0009033926188963346
TCN3_366f120b,TCN3,loso_subject_S014,19,0.002300596556385919,,0.034371755650371365,,0.0008921826845200134
TCN3_366f120b,TCN3,loso_subject_S014,20,0.002341394297188093,,0.03490070824104983,,0.000880445129246058
TCN3_366f120b,TCN3,loso_subject_S014,21,0.0019196745409853187,,0.03196819435760809,,0.0008681980515339459
TCN3_366f120b,TCN3,loso_subject_S014,22,0.0020799725599893715,,0.032736907223894156,,0.0008554603354898234
TCN3_366f120b,TCN3,loso_subject_S014,23,0.001920402057845215,,0.03156246624899639,,0.0008422516217485822
TCN3_366f120b,TCN3,loso_subject_S014,24,0.001937991720250492,,0.031844339508354566,,0.0008285922771894248
TCN3_366f120b,TCN3,loso_subject_S014,25,0.0016885259656250597,,0.029257687648002483,,0.0008145033635316124
TCN3_366f120b,TCN3,loso_subject_S014,26,0.0016673264776608694,,0.028811519558846647,,0.0008000066048588205
TCN3_366f120b,TCN3,loso_subject_S014,27,0.0017294349902913196,,0.02960426202249446,,0.0007851243541221765
TCN3_366f120b,TCN3,loso_subject_S014,28,0.0014623530396929956,,0.02713594479147971,,0.0007698795586736293
TCN3_366f120b,TCN3,loso_subject_S014,29,0.001507198941727455,,0.02789439199735839,,0.0007542957248827956
TCN3_366f120b,TCN3,loso_subject_S014,30,0.0014003593573846391,,0.026713003053729926,,0.0007383968818918422
TCN3_366f120b,TCN3,loso_subject_S014,31,0.0014485671104316194,,0.02735025862481679,,0.00072220754456429
TCN3_366f120b,TCN3,loso_subject_S014,32,0.0013185162157992752,,0.0262831198946527,,0.0007057526756848715
TCN3_366f120b,TCN3,loso_subject_S014,33,0.0012571637706865885,,0.02504298869134615,,0.000689057647468726
TCN3_366f120b,TCN3,loso_subject_S014,34,0.0018281509282687246,,0.02962644509022426,,0.000672148202439283
TCN3_366f120b,TCN3,loso_subject_S014,35,0.0012668994597099241,,0.025347724551863095,,0.0006550504137351571
TCN3_366f120b,TCN3,loso_subject_S014,36,0.0012807344695499226,,0.025470778978538836,,0.0006377906449072574
TCN3_366f120b,TCN3,loso_subject_S014,37,0.0011387644624985844,,0.023749393376510698,,0.0006203955092681036
TCN3_366f120b,TCN3,loso_subject_S014,38,0.001145348885291887,,0.02382513711731786,,0.0006028918288560267
TCN3_366f120b,TCN3,loso_subject_S014,39,0.0010418968695786691,,0.022453205062294652,,0.00058530659307753
TCN3_366f120b,TCN3,loso_subject_S014,40,0.0016837001011844978,,0.02855681749677415,,0.0005676669170915806
TCN3_366f120b,TCN3,loso_subject_S014,41,0.0010800629485784342,,0.022744856504106764,,0.0005499999999999997
TCN3_366f120b,TCN3,loso_subject_S014,42,0.0011394490668030712,,0.02385010180934783,,0.000532333082908419
TCN3_366f120b,TCN3,loso_subject_S014,43,0.0010438706896604625,,0.022712959943683927,,0.0005146934069224697
TCN3_366f120b,TCN3,loso_subject_S014,44,0.0010588791324058944,,0.022750219647062656,,0.000497108171143973
TCN3_366f120b,TCN3,loso_subject_S014,45,0.0009457738849336755,,0.02128839156826,,0.00047960449073189616
TCN3_366f120b,TCN3,loso_subject_S014,46,0.0009463220040973257,,0.02139410868362984,,0.00046220935509274226
TCN3_366f120b,TCN3,loso_subject_S014,47,0.0012335811060403057,,0.025019366125906668,,0.00044494958626484254
TCN3_366f120b,TCN3,loso_subject_S014,48,0.0008548436489488679,,0.020566845385449447,,0.00042785179756071645
TCN3_366f120b,TCN3,loso_subject_S014,49,0.000921309695832646,,0.021377155179685973,,0.0004109423525312737
TCN3_366f120b,TCN3,loso_subject_S014,50,0.0008110059976280495,,0.02005592977251788,,0.0003942473243151282
TCN3_366f120b,TCN3,loso_subject_S014,51,0.0010582550397974476,,0.022464997254324687,,0.0003777924554357096
TCN3_366f120b,TCN3,loso_subject_S014,52,0.001040304815538974,,0.023007060392603203,,0.0003616031181081575
TCN3_366f120b,TCN3,loso_subject_S014,53,0.0009042102444333364,,0.02117243801798602,,0.000345704275117204
TCN3_366f120b,TCN3,loso_subject_S014,54,0.0008006562999942212,,0.020067438814656238,,0.00033012044132637024
TCN3_366f120b,TCN3,loso_subject_S014,55,0.0007674929654526233,,0.01893088692112973,,0.00031487564587782306
TCN3_366f120b,TCN3,loso_subject_S014,56,0.0007789062133694545,,0.01944026398031335,,0.00029999339514117897
TCN3_366f120b,TCN3,loso_subject_S014,57,0.0008392647710844839,,0.020680299072395155,,0.0002854966364683872
TCN3_366f120b,TCN3,loso_subject_S014,58,0.0007275233230219936,,0.018753352938362212,,0.0002714077228105749
TCN3_366f120b,TCN3,loso_subject_S014,59,0.0008276525076481883,,0.020372444138259758,,0.00025774837825141746
TCN3_366f120b,TCN3,loso_subject_S014,60,0.0007419307983659464,,0.018878701546803395,,0.0002445396645101764
TCN3_366f120b,TCN3,loso_subject_S014,61,0.000741617189240381,,0.018859845592129616,,0.0002318019484660537
TCN3_366f120b,TCN3,loso_subject_S014,62,0.0007167144749686754,,0.018498376209181315,,0.00021955487075394156
TCN3_366f120b,TCN3,loso_subject_S014,63,0.0009250345535081035,,0.021253157431079497,,0.0002078173154799862
TCN3_366f120b,TCN3,loso_subject_S014,64,0.0007163661990649935,,0.0186684653087059,,0.00019660738110366478
TCN3_366f120b,TCN3,loso_subject_S014,65,0.0007777985217403905,,0.019333862165441335,,0.00018594235253127373
TCN3_366f120b,TCN3,loso_subject_S014,66,0.0007440719323518175,,0.018911610526018516,,0.00017583867446385477
TCN3_366f120b,TCN3,loso_subject_S014,67,0.0006660664021745103,,0.017807118030476854,,0.00016631192604065853
TCN3_366f120b,TCN3,loso_subject_S014,68,0.000693460572117636,,0.017996995687383544,,0.00015737679681724137
TCN3_366f120b,TCN3,loso_subject_S014,69,0.0006374103509161739,,0.017598739645881847,,0.0001490470641152345
TCN3_366f120b,TCN3,loso_subject_S014,70,0.0006544052749775706,,0.01752848177895279,,0.00014133557177871338
TCN3_366f120b,TCN3,loso_subject_S014,71,0.0006192554981828824,,0.017146002193865428,,0.00013425421036992097
TCN3_366f120b,TCN3,loso_subject_S014,72,0.0006703833895237367,,0.01779741261325182,,0.00012781389883488212
TCN3_366f120b,TCN3,loso_subject_S014,73,0.0006807080336217096,,0.018030704484528315,,0.0001220245676671809
TCN3_366f120b,TCN3,loso_subject_S014,74,0.0006766139678277569,,0.017872130859434503,,0.00011689514359585877
TCN3_366f120b,TCN3,loso_subject_S014,75,0.0006563761411286619,,0.017564109741933075,,0.00011243353582104555
TCN3_366f120b,TCN3,loso_subject_S014,76,0.0006589699072704227,,0.01758458901746973,,0.0001086466238185463
TCN3_366f120b,TCN3,loso_subject_S014,77,0.0006579890697635157,,0.01735670764903666,,0.00010554024673218805
TCN3_366f120b,TCN3,loso_subject_S014,78,0.0006265419758484716,,0.01715517839470622,,0.00010311919437028317
TCN3_366f120b,TCN3,loso_subject_S014,79,0.0006129573909083542,,0.016935342317526126,,0.00010138719982009242
TCN3_366f120b,TCN3,loso_subject_S014,80,0.0006230601223274305,,0.016982624612761274,,0.0001003469336916747
TCN3_366f120b,TCN3,loso_subject_S016,1,0.3229357335346953,,0.4132091677061035,,0.001
TCN3_366f120b,TCN3,loso_subject_S016,2,0.06281052310089644,,0.18267133815998046,,0.0009996530663083252
TCN3_366f120b,TCN3,loso_subject_S016,3,0.03473475608405415,,0.13480809514707917,,0.0009986128001799074
TCN3_366f120b,TCN3,loso_subject_S016,4,0.0229848482503728,,0.11272267665684063,,0.0009968808056297167
TCN3_366f120b,TCN3,loso_subject_S016,5,0.015534322621455621,,0.09362157833720021,,0.0009944597532678117
TCN3_366f120b,TCN3,loso_subject_S016,6,0.010856001103551553,,0.07770757083518895,,0.0009913533761814533
TCN3_366f120b,TCN3,loso_subject_S016,7,0.00843559728870443,,0.06879493276571141,,0.000987566464178954
TCN3_366f120b,TCN3,loso_subject_S016,8,0.007247984976115719,,0.0640164865405566,,0.0009831048564041408
TCN3_366f120b,TCN3,loso_subject_S016,9,0.006095573709323883,,0.058670764004976436,,0.0009779754323328187
TCN3_366f120b,TCN3,loso_subject_S016,10,0.005032163492875828,,0.05354251484848539,,0.0009721861011651174
TCN3_366f120b,TCN3,loso_subject_S016,11,0.004534079821845242,,0.05092454907401957,,0.0009657457896300785
TCN3_366f120b,TCN3,loso_subject_S016,12,0.003949861120852085,,0.04656665295801917,,0.000958664428221286
TCN3_366f120b,TCN3,loso_subject_S016,13,0.00368116579165847,,0.044522972293098234,,0.000950952935884765
TCN3_366f120b,TCN3,loso_subject_S016,14,0.0031967696861111765,,0.04140910674036348,,0.0009426232031827582
TCN3_366f120b,TCN3,loso_subject_S016,15,0.0030626417181377195,,0.04062535004545473,,0.0009336880739593409
TCN3_366f120b,TCN3,loso_subject_S016,16,0.0029055593583992515,,0.03945144412704511,,0.0009241613255361449
TCN3_366f120b,TCN3,loso_subject_S016,17,0.002478480361521883,,0.03668099903469111,,0.0009140576474687258
TCN3_366f120b,TCN3,loso_subject_S016,18,0.0024285498131366183,,0.03552165795267427,,0.0009033926188963346
TCN3_366f120b,TCN3,loso_subject_S016,19,0.0022534214374646745,,0.03430144095308979,,0.0008921826845200134
TCN3_366f120b,TCN3,loso_subject_S016,20,0.002284394559979778,,0.03483206029212347,,0.000880445129246058
TCN3_366f120b,TCN3,loso_subject_S016,21,0.0019316972235227678,,0.03155013003533871,,0.0008681980515339459
TCN3_366f120b,TCN3,loso_subject_S016,22,0.0018043953091425487,,0.03084177764547095,,0.0008554603354898234
TCN3_366f120b,TCN3,loso_subject_S016,23,0.0017816098968700654,,0.03040018982326377,,0.0008422516217485822
TCN3_366f120b,TCN3,loso_subject_S016,24,0.0015541450738477403,,0.028410571959399028,,0.0008285922771894248
TCN3_366f120b,TCN3,loso_subject_S016,25,0.001615255091079678,,0.029030476319765918,,0.0008145033635316124
TCN3_366f120b,TCN3,loso_subject_S016,26,0.0016019925198595142,,0.02962613163201323,,0.0008000066048588205
TCN3_366f120b,TCN3,loso_subject_S016,27,0.0013772312507417863,,0.026690788072691207,,0.0007851243541221765
TCN3_366f120b,TCN3,loso_subject_S016,28,0.0013429125794022277,,0.026446889132141427,,0.0007698795586736293
TCN3_366f120b,TCN3,loso_subject_S016,29,0.0013628212904218016,,0.026660305665101827,,0.0007542957248827956
TCN3_366f120b,TCN3,loso_subject_S016,30,0.0013154748959551708,,0.02582872014782384,,0.0007383968818918422
TCN3_366f120b,TCN3,loso_subject_S016,31,0.0011969112183139647,,0.02477615926384766,,0.00072220754456429
TCN3_366f120b,TCN3,loso_subject_S016,32,0.0011442335532858329,,0.024392302050667218,,0.0007057526756848715
TCN3_366f120b,TCN3,loso_subject_S016,33,0.0011978583853884074,,0.024317789523195646,,0.000689057647468726
TCN3_366f120b,TCN3,loso_subject_S016,34,0.001086126307141655,,0.02305804853684621,,0.000672148202439283
TCN3_366f120b,TCN3,loso_subject_S016,35,0.0011263445447930623,,0.02368113423021006,,0.0006550504137351571
TCN3_366f120b,TCN3,loso_subject_S016,36,0.0010169897921041312,,0.022437606985623332,,0.0006377906449072574
TCN3_366f120b,TCN3,loso_subject_S016,37,0.0010281310369318036,,0.022760770341066827,,0.0006203955092681036
TCN3_366f120b,TCN3,loso_subject_S016,38,0.001086005256742229,,0.023533030115966823,,0.0006028918288560267
TCN3_366f120b,TCN3,loso_subject_S016,39,0.0009305098970438136,,0.021532764423628593,,0.00058530659307753
TCN3_366f120b,TCN3,loso_subject_S016,40,0.0009382869280505197,,0.021740630838330884,,0.0005676669170915806
TCN3_366f120b,TCN3,loso_subject_S016,41,0.0009640657181299763,,0.02188090905647016,,0.0005499999999999997
TCN3_366f120b,TCN3,loso_subject_S016,42,0.0008659139938774861,,0.021042008347429794,,0.000532333082908419
TCN3_366f120b,TCN3,loso_subject_S016,43,0.00089196427697166,,0.02074744511425655,,0.0005146934069224697
TCN3_366f120b,TCN3,loso_subject_S016,44,0.0009042503354052237,,0.02124916151885053,,0.000497108171143973
TCN3_366f120b,TCN3,loso_subject_S016,45,0.0008313374033780774,,0.020249726462999395,,0.00047960449073189616
TCN3_366f120b,TCN3,loso_subject_S016,46,0.0007780552151969986,,0.0194478607049896,,0.00046220935509274226
TCN3_366f120b,TCN3,loso_subject_S016,47,0.0007700131500411988,,0.019762243256572106,,0.00044494958626484254
TCN3_366f120b,TCN3,loso_subject_S016,48,0.0007581986716621364,,0.01954881037927505,,0.00042785179756071645
TCN3_366f120b,TCN3,loso_subject_S016,49,0.0007381470189348672,,0.01901955102587833,,0.0004109423525312737
TCN3_366f120b,TCN3,loso_subject_S016,50,0.0007682473370031361,,0.019474693631438722,,0.0003942473243151282
TCN3_366f120b,TCN3,loso_subject_S016,51,0.0007467983574881131,,0.019030530325289386,,0.0003777924554357096
TCN3_366f120b,TCN3,loso_subject_S016,52,0.0007001488644632213,,0.01856989468430386,,0.0003616031181081575
TCN3_366f120b,TCN3,loso_subject_S016,53,0.0007757982774387955,,0.01942515619418736,,0.000345704275117204
TCN3_366f120b,TCN3,loso_subject_S016,54,0.0007121948122381465,,0.01835989199039444,,0.00033012044132637024
TCN3_366f120b,TCN3,loso_subject_S016,55,0.0006925394685549447,,0.018247904116162984,,0.00031487564587782306
TCN3_366f120b,TCN3,loso_subject_S016,56,0.00071566054419909,,0.01832162215806364,,0.00029999339514117897
TCN3_366f120b,TCN3,loso_subject_S016,57,0.0006486651201759922,,0.017777297940434783,,0.0002854966364683872
TCN3_366f120b,TCN3,loso_subject_S016,58,0.0006452494702113408,,0.017673719649380398,,0.0002714077228105749
TCN3_366f120b,TCN3,loso_subject_S016,59,0.0006341251828514249,,0.017429982479312146,,0.00025774837825141746
TCN3_366f120b,TCN3,loso_subject_S016,60,0.000622438207183198,,0.01736012772324897,,0.0002445396645101764
TCN3_366f120b,TCN3,loso_subject_S016,61,0.0006252687408659987,,0.017218934456960124,,0.0002318019484660537
TCN3_366f120b,TCN3,loso_subject_S016,62,0.0005762314089341713,,0.016945689319865155,,0.00021955487075394156
TCN3_366f120b,TCN3,loso_subject_S016,63,0.0006187165679719708,,0.016819672519216268,,0.0002078173154799862
TCN3_366f120b,TCN3,loso_subject_S016,64,0.000649271427245496,,0.01738787667161658,,0.00019660738110366478
TCN3_366f120b,TCN3,loso_subject_S016,65,0.0005943075873596898,,0.016831521169549658,,0.00018594235253127373
TCN3_366f120b,TCN3,loso_subject_S016,66,0.0005653167384409473,,0.016482211639430505,,0.00017583867446385477
TCN3_366f120b,TCN3,loso_subject_S016,67,0.000592667241793016,,0.016736670664384282,,0.00016631192604065853
TCN3_366f120b,TCN3,loso_subject_S016,68,0.0005868503813889007,,0.0166527937258776,,0.00015737679681724137
TCN3_366f120b,TCN3,loso_subject_S016,69,0.0006045071493513413,,0.016517423617656044,,0.0001490470641152345
TCN3_366f120b,TCN3,loso_subject_S016,70,0.0005473747935917617,,0.01604975716537988,,0.00014133557177871338
TCN3_366f120b,TCN3,loso_subject_S016,71,0.000556313217400346,,0.016323000589640306,,0.00013425421036992097
TCN3_366f120b,TCN3,loso_subject_S016,72,0.0005632001907725746,,0.016184625827555043,,0.00012781389883488212
TCN3_366f120b,TCN3,loso_subject_S016,73,0.0005302690539132034,,0.01583126378083357,,0.0001220245676671809
TCN3_366f120b,TCN3,loso_subject_S016,74,0.0005414396112138061,,0.015899072139057013,,0.00011689514359585877
TCN3_366f120b,TCN3,loso_subject_S016,75,0.0005184443770213697,,0.01562259282077845,,0.00011243353582104555
TCN3_366f120b,TCN3,loso_subject_S016,76,0.0005270897861178116,,0.015837824241765063,,0.0001086466238185463
TCN3_366f120b,TCN3,loso_subject_S016,77,0.0005146787525591598,,0.015645670527267713,,0.00010554024673218805
TCN3_366f120b,TCN3,loso_subject_S016,78,0.0005424577662759977,,0.015960056239853915,,0.00010311919437028317
TCN3_366f120b,TCN3,loso_subject_S016,79,0.0005326748534727432,,0.01570287148091173,,0.00010138719982009242
TCN3_366f120b,TCN3,loso_subject_S016,80,0.0005405346744995934,,0.015890673102546313,,0.0001003469336916747
TCN3_366f120b,TCN3,loso_subject_S017,1,0.2833948545826972,,0.389370013176082,,0.001
TCN3_366f120b,TCN3,loso_subject_S017,2,0.05336059041394496,,0.166300536085694,,0.0009996530663083252
TCN3_366f120b,TCN3,loso_subject_S017,3,0.028143774130407206,,0.12157334846809573,,0.0009986128001799074
TCN3_366f120b,TCN3,loso_subject_S017,4,0.019710754822928275,,0.10328195046889746,,0.0009968808056297167
TCN3_366f120b,TCN3,loso_subject_S017,5,0.013145496135073237,,0.08444448401289889,,0.0009944597532678117
TCN3_366f120b,TCN3,loso_subject_S017,6,0.010057986985713115,,0.07393683673910512,,0.0009913533761814533
TCN3_366f120b,TCN3,loso_subject_S017,7,0.008316433087801759,,0.06593572553872093,,0.000987566464178954
TCN3_366f120b,TCN3,loso_subject_S017,8,0.007211723936117633,,0.06013369142140667,,0.0009831048564041408
TCN3_366f120b,TCN3,loso_subject_S017,9,0.006005987840581853,,0.05627844395177197,,0.0009779754323328187
TCN3_366f120b,TCN3,loso_subject_S017,10,0.005550622676738409,,0.054177361541443134,,0.0009721861011651174
TCN3_366f120b,TCN3,loso_subject_S017,11,0.004316148014015811,,0.04767229327611986,,0.0009657457896300785
TCN3_366f120b,TCN3,loso_subject_S017,12,0.004011806188894783,,0.0463998987664816,,0.000958664428221286
TCN3_366f120b,TCN3,loso_subject_S017,13,0.003738287599202339,,0.04409789541115784,,0.000950952935884765
TCN3_366f120b,TCN3,loso_subject_S017,14,0.0031246342544763604,,0.040403635774132196,,0.0009426232031827582
TCN3_366f120b,TCN3,loso_subject_S017,15,0.0028116990591127012,,0.03831309056769828,,0.0009336880739593409
TCN3_366f120b,TCN3,loso_subject_S017,16,0.002656466722476884,,0.037019733794005756,,0.0009241613255361449
TCN3_366f120b,TCN3,loso_subject_S017,17,0.0026044402953511233,,0.037193142624981565,,0.0009140576474687258
TCN3_366f120b,TCN3,loso_subject_S017,18,0.0023849567262170523,,0.03536753366366458,,0.0009033926188963346
TCN3_366f120b,TCN3,loso_subject_S017,19,0.002118037356231305,,0.03326337262596752,,0.0008921826845200134
TCN3_366f120b,TCN3,loso_subject_S017,20,0.0019513972227900944,,0.0313749037662812,,0.000880445129246058
TCN3_366f120b,TCN3,loso_subject_S017,21,0.0018680273364757238,,0.03076106826773198,,0.0008681980515339459
TCN3_366f120b,TCN3,loso_subject_S017,22,0.0018578136623188504,,0.030785073531568757,,0.0008554603354898234
TCN3_366f120b,TCN3,loso_subject_S017,23,0.0016558217219263568,,0.02979832285998111,,0.0008422516217485822
TCN3_366f120b,TCN3,loso_subject_S017,24,0.0015697965050644489,,0.02834060736523164,,0.0008285922771894248
TCN3_366f120b,TCN3,loso_subject_S017,25,0.0014117453736876384,,0.02746891923708275,,0.0008145033635316124
TCN3_366f120b,TCN3,loso_subject_S017,26,0.0013426427543384216,,0.02654102493818535,,0.0008000066048588205
TCN3_366f120b,TCN3,loso_subject_S017,27,0.0012995791402167281,,0.02570677475712787,,0.0007851243541221765
TCN3_366f120b,TCN3,loso_subject_S017,28,0.0012201606571557262,,0.025300997718714205,,0.0007698795586736293
TCN3_366f120b,TCN3,loso_subject_S017,29,0.0011773634723980032,,0.025253008510153684,,0.0007542957248827956
TCN3_366f120b,TCN3,loso_subject_S017,30,0.0011677851868938226,,0.02433530021217749,,0.0007383968818918422
TCN3_366f120b,TCN3,loso_subject_S017,31,0.0012064072445413065,,0.024680482398469906,,0.00072220754456429
TCN3_366f120b,TCN3,loso_subject_S017,32,0.0011890215274298096,,0.025152285749004962,,0.0007057526756848715
TCN3_366f120b,TCN3,loso_subject_S017,33,0.0011203256057766597,,0.023912515031740005,,0.000689057647468726
TCN3_366f120b,TCN3,loso_subject_S017,34,0.0010796793730126618,,0.023735513272516932,,0.000672148202439283
TCN3_366f120b,TCN3,loso_subject_S017,35,0.0009829691754609394,,0.022318279994282427,,0.0006550504137351571
TCN3_366f120b,TCN3,loso_subject_S017,36,0.000925168071182174,,0.02195677318067742,,0.0006377906449072574
TCN3_366f120b,TCN3,loso_subject_S017,37,0.000900722660462147,,0.02185276836555758,,0.0006203955092681036
TCN3_366f120b,TCN3,loso_subject_S017,38,0.0008904856368672116,,0.021660075001279727,,0.0006028918288560267
TCN3_366f120b,TCN3,loso_subject_S017,39,0.000996481723822781,,0.022814895966545037,,0.00058530659307753
TCN3_366f120b,TCN3,loso_subject_S017,40,0.0008380282778055093,,0.0206367177746733,,0.0005676669170915806
TCN3_366f120b,TCN3,loso_subject_S017,41,0.0007908724423900141,,0.019796552300018925,,0.0005499999999999997
TCN3_366f120b,TCN3,loso_subject_S017,42,0.0008465072796102494,,0.02028517682207556,,0.000532333082908419
TCN3_366f120b,TCN3,loso_subject_S017,43,0.0007665537175373213,,0.019900821172703285,,0.0005146934069224697
TCN3_366f120b,TCN3,loso_subject_S017,44,0.0007429583867642112,,0.019390677720161866,,0.000497108171143973
TCN3_366f120b,TCN3,loso_subject_S017,45,0.0006796613611203281,,0.01873301059008907,,0.00047960449073189616
TCN3_366f120b,TCN3,loso_subject_S017,46,0.0007748152610684673,,0.019380497202713967,,0.00046220935509274226
TCN3_366f120b,TCN3,loso_subject_S017,47,0.0007233570656446933,,0.018935119800751833,,0.00044494958626484254
TCN3_366f120b,TCN3,loso_subject_S017,48,0.00079604396306203,,0.02003789721205149,,0.00042785179756071645
TCN3_366f120b,TCN3,loso_subject_S017,49,0.0007252622525069152,,0.018991983589384566,,0.0004109423525312737
TCN3_366f120b,TCN3,loso_subject_S017,50,0.0007019972095765573,,0.018533580440059632,,0.0003942473243151282
TCN3_366f120b,TCN3,loso_subject_S017,51,0.0006465461178168639,,0.017946851387069574,,0.0003777924554357096
TCN3_366f120b,TCN3,loso_subject_S017,52,0.0006954751609989023,,0.018588008213269433,,0.0003616031181081575
TCN3_366f120b,TCN3,loso_subject_S017,53,0.0006456479656796301,,0.018111796872908082,,0.000345704275117204
TCN3_366f120b,TCN3,loso_subject_S017,54,0.0006701048274896282,,0.018157934788292605,,0.00033012044132637024
TCN3_366f120b,TCN3,loso_subject_S017,55,0.0006520837149302713,,0.01795370753012504,,0.00031487564587782306
TCN3_366f120b,TCN3,loso_subject_S017,56,0.0006207973751205079,,0.017600201591041403,,0.00029999339514117897
TCN3_366f120b,TCN3,loso_subject_S017,57,0.0006288562369652928,,0.01749526969716079,,0.0002854966364683872
TCN3_366f120b,TCN3,loso_subject_S017,58,0.0006007971630450016,,0.017058688860988765,,0.0002714077228105749
TCN3_366f120b,TCN3,loso_subject_S017,59,0.0005789282371489091,,0.016848541944852947,,0.00025774837825141746
TCN3_366f120b,TCN3,loso_subject_S017,60,0.0005736692906166413,,0.016836600399931803,,0.0002445396645101764
TCN3_366f120b,TCN3,loso_subject_S017,61,0.0006094211099632413,,0.016877216309364552,,0.0002318019484660537
TCN3_366f120b,TCN3,loso_subject_S017,62,0.0005660189072727262,,0.01656375749756859,,0.00021955487075394156
TCN3_366f120b,TCN3,loso_subject_S017,63,0.000566717536985817,,0.016524001577586916,,0.0002078173154799862
TCN3_366f120b,TCN3,loso_subject_S017,64,0.0005513660395501771,,0.016232279845097133,,0.00019660738110366478
TCN3_366f120b,TCN3,loso_subject_S017,65,0.0005546978861464346,,0.01627064136973188,,0.00018594235253127373
TCN3_366f120b,TCN3,loso_subject_S017,66,0.0005597335206691406,,0.016205779013897113,,0.00017583867446385477
TCN3_366f120b,TCN3,loso_subject_S017,67,0.0005498819469917037,,0.016179760957155054,,0.00016631192604065853
TCN3_366f120b,TCN3,loso_subject_S017,68,0.0005262366820734924,,0.016270891393391874,,0.00015737679681724137
TCN3_366f120b,TCN3,loso_subject_S017,69,0.0005577288832765115,,0.016045294163962595,,0.0001490470641152345
TCN3_366f120b,TCN3,loso_subject_S017,70,0.0005286833578369984,,0.01582258472061943,,0.00014133557177871338
TCN3_366f120b,TCN3,loso_subject_S017,71,0.0005286430688231108,,0.015874909622053783,,0.00013425421036992097
TCN3_366f120b,TCN3,loso_subject_S017,72,0.0004979721856523167,,0.015478849867046365,,0.00012781389883488212
TCN3_366f120b,TCN3,loso_subject_S017,73,0.0005191177701091843,,0.015793136889395855,,0.0001220245676671809
TCN3_366f120b,TCN3,loso_subject_S017,74,0.00049818476719991,,0.01541490256893649,,0.00011689514359585877
TCN3_366f120b,TCN3,loso_subject_S017,75,0.0004973614582181365,,0.01531208149731533,,0.00011243353582104555
TCN3_366f120b,TCN3,loso_subject_S017,76,0.0004986893847310827,,0.015329653950441554,,0.0001086466238185463
TCN3_366f120b,TCN3,loso_subject_S017,77,0.0004891822464079355,,0.01540096022279555,,0.00010554024673218805
TCN3_366f120b,TCN3,loso_subject_S017,78,0.0004841591928813667,,0.01515091462354313,,0.00010311919437028317
TCN3_366f120b,TCN3,loso_subject_S017,79,0.0005045811110475962,,0.015510248604143163,,0.00010138719982009242
TCN3_366f120b,TCN3,loso_subject_S017,80,0.00047466057132672666,,0.015124126841474775,,0.0001003469336916747
TCN3_366f120b,TCN3,loso_subject_S018,1,0.2157613751778482,,0.335001597911187,,0.001
TCN3_366f120b,TCN3,loso_subject_S018,2,0.04135265550221892,,0.15211280323649426,,0.0009996530663083252
TCN3_366f120b,TCN3,loso_subject_S018,3,0.02246724475294535,,0.1105830930860809,,0.0009986128001799074
TCN3_366f120b,TCN3,loso_subject_S018,4,0.014906821492968948,,0.09027296990426315,,0.0009968808056297167
TCN3_366f120b,TCN3,loso_subject_S018,5,0.01101400610451445,,0.07631474318734725,,0.0009944597532678117
TCN3_366f120b,TCN3,loso_subject_S018,6,0.008828424825702392,,0.06818576915778748,,0.0009913533761814533
TCN3_366f120b,TCN3,loso_subject_S018,7,0.006940505681719236,,0.060907908782541424,,0.000987566464178954
TCN3_366f120b,TCN3,loso_subject_S018,8,0.006300279177790438,,0.05723479022318663,,0.0009831048564041408
TCN3_366f120b,TCN3,loso_subject_S018,9,0.005144933832724307,,0.0511966685683992,,0.0009779754323328187
TCN3_366f120b,TCN3,loso_subject_S018,10,0.004380260379222189,,0.04765457587480043,,0.0009721861011651174
TCN3_366f120b,TCN3,loso_subject_S018,11,0.003992609521865546,,0.04541484188130466,,0.0009657457896300785
TCN3_366f120b,TCN3,loso_subject_S018,12,0.0032182373138136774,,0.04120095208523612,,0.000958664428221286
TCN3_366f120b,TCN3,loso_subject_S018,13,0.0033261372524474326,,0.04059963231479979,,0.000950952935884765
TCN3_366f120b,TCN3,loso_subject_S018,14,0.002937001167435058,,0.03805585154903556,,0.0009426232031827582
TCN3_366f120b,TCN3,loso_subject_S018,15,0.0027158017661157176,,0.037464813705245514,,0.0009336880739593409
TCN3_366f120b,TCN3,loso_subject_S018,16,0.002512191142570306,,0.03548248415386534,,0.0009241613255361449
TCN3_366f120b,TCN3,loso_subject_S018,17,0.002439569876753213,,0.03527160057440453,,0.0009140576474687258
TCN3_366f120b,TCN3,loso_subject_S018,18,0.0022143507879435432,,0.032949466008648357,,0.0009033926188963346
TCN3_366f120b,TCN3,loso_subject_S018,19,0.001870433874373249,,0.03129842716147692,,0.0008921826845200134
TCN3_366f120b,TCN3,loso_subject_S018,20,0.0018130728413250482,,0.030626057054125095,,0.000880445129246058
TCN3_366f120b,TCN3,loso_subject_S018,21,0.0017920312495506015,,0.029676240515211092,,0.0008681980515339459
TCN3_366f120b,TCN3,loso_subject_S018,22,0.0017047800259666463,,0.029536139006539817,,0.0008554603354898234
TCN3_366f120b,TCN3,loso_subject_S018,23,0.0016700484682952061,,0.02910467492360423,,0.0008422516217485822
TCN3_366f120b,TCN3,loso_subject_S018,24,0.0016748805447043197,,0.02904805782718078,,0.0008285922771894248
TCN3_366f120b,TCN3,loso_subject_S018,25,0.0015343114164885218,,0.02699111783367486,,0.0008145033635316124
TCN3_366f120b,TCN3,loso_subject_S018,26,0.0014418143881623554,,0.026554771231993304,,0.0008000066048588205
TCN3_366f120b,TCN3,loso_subject_S018,27,0.0013684656074696923,,0.026067281004394788,,0.0007851243541221765
TCN3_366f120b,TCN3,loso_subject_S018,28,0.0013444057683327454,,0.02625237884920714,,0.0007698795586736293
TCN3_366f120b,TCN3,loso_subject_S018,29,0.0013115738635968964,,0.0249499370741657,,0.0007542957248827956
TCN3_366f120b,TCN3,loso_subject_S018,30,0.0011955901220855121,,0.024041066824782045,,0.0007383968818918422
TCN3_366f120b,TCN3,loso_subject_S018,31,0.0014096062860909008,,0.026454782777328097,,0.00072220754456429
TCN3_366f120b,TCN3,loso_subject_S018,32,0.0011757405483977632,,0.023888525978459165,,0.0007057526756848715
TCN3_366f120b,TCN3,loso_subject_S018,33,0.0011735779416285198,,0.023891582900544283,,0.000689057647468726
TCN3_366f120b,TCN3,loso_subject_S018,34,0.0012340764887638477,,0.024633813710318257,,0.000672148202439283
TCN3_366f120b,TCN3,loso_subject_S018,35,0.001122136261160315,,0.02324836827119931,,0.0006550504137351571
TCN3_366f120b,TCN3,loso_subject_S018,36,0.0010376722858579544,,0.022029085169817955,,0.0006377906449072574
TCN3_366f120b,TCN3,loso_subject_S018,37,0.0010358830360843755,,0.022471468362628005,,0.0006203955092681036
TCN3_366f120b,TCN3,loso_subject_S018,38,0.0009634302311993571,,0.021810261538091236,,0.0006028918288560267
TCN3_366f120b,TCN3,loso_subject_S018,39,0.000951755491367099,,0.021272963681733117,,0.00058530659307753
TCN3_366f120b,TCN3,loso_subject_S018,40,0.0010179197956141906,,0.02169353030646125,,0.0005676669170915806
TCN3_366f120b,TCN3,loso_subject_S018,41,0.000912132269958973,,0.020948891564431835,,0.0005499999999999997
TCN3_366f120b,TCN3,loso_subject_S018,42,0.0009399092549290967,,0.02042454639591419,,0.000532333082908419
TCN3_366f120b,TCN3,loso_subject_S018,43,0.0008910464141131963,,0.020614493375372137,,0.0005146934069224697
TCN3_366f120b,TCN3,loso_subject_S018,44,0.0009020311906899112,,0.020651690061326243,,0.000497108171143973
TCN3_366f120b,TCN3,loso_subject_S018,45,0.0008792035033036652,,0.020457363297017736,,0.00047960449073189616
TCN3_366f120b,TCN3,loso_subject_S018,46,0.0008623199173527887,,0.0200368703827479,,0.00046220935509274226
TCN3_366f120b,TCN3,loso_subject_S018,47,0.0008234119421848289,,0.01955607897361126,,0.00044494958626484254
TCN3_366f120b,TCN3,loso_subject_S018,48,0.0007965504276140645,,0.019611757758772077,,0.00042785179756071645
TCN3_366f120b,TCN3,loso_subject_S018,49,0.0008556802543153786,,0.020375272591063778,,0.0004109423525312737
TCN3_366f120b,TCN3,loso_subject_S018,50,0.000796015892389923,,0.01938508294387692,,0.0003942473243151282
TCN3_366f120b,TCN3,loso_subject_S018,51,0.0008505632113353294,,0.02040711650368599,,0.0003777924554357096
TCN3_366f120b,TCN3,loso_subject_S018,52,0.0008151279534757446,,0.019645193727990305,,0.0003616031181081575
TCN3_366f120b,TCN3,loso_subject_S018,53,0.0007189994458901774,,0.018310870799785026,,0.000345704275117204
TCN3_366f120b,TCN3,loso_subject_S018,54,0.0007621981977271359,,0.018514342357031578,,0.00033012044132637024
TCN3_366f120b,TCN3,loso_subject_S018,55,0.0007092615384632627,,0.018300952382600395,,0.00031487564587782306
TCN3_366f120b,TCN3,loso_subject_S018,56,0.0007570260953734827,,0.018640198007976113,,0.00029999339514117897
TCN3_366f120b,TCN3,loso_subject_S018,57,0.0006904643956151532,,0.01810531544068864,,0.0002854966364683872
TCN3_366f120b,TCN3,loso_subject_S018,58,0.0006939616008619779,,0.018045084103556003,,0.0002714077228105749
TCN3_366f120b,TCN3,loso_subject_S018,59,0.0006903540961396591,,0.017857773551176515,,0.00025774837825141746
TCN3_366f120b,TCN3,loso_subject_S018,60,0.0007285321115030114,,0.018116607289434483,,0.0002445396645101764
TCN3_366f120b,TCN3,loso_subject_S018,61,0.0006405585047111455,,0.017499779845811317,,0.0002318019484660537
TCN3_366f120b,TCN3,loso_subject_S018,62,0.0006757745467159233,,0.017831383207279256,,0.00021955487075394156
TCN3_366f120b,TCN3,loso_subject_S018,63,0.0006609010178425135,,0.017322670298728908,,0.0002078173154799862
TCN3_366f120b,TCN3,loso_subject_S018,64,0.0006447414993435867,,0.017263001016729777,,0.00019660738110366478
TCN3_366f120b,TCN3,loso_subject_S018,65,0.0006875261091095039,,0.01744119474388763,,0.00018594235253127373
TCN3_366f120b,TCN3,loso_subject_S018,66,0.0006313161781760503,,0.01699299088025911,,0.00017583867446385477
TCN3_366f120b,TCN3,loso_subject_S018,67,0.0006482223643489121,,0.016986291936374708,,0.00016631192604065853
TCN3_366f120b,TCN3,loso_subject_S018,68,0.0006906432820216916,,0.017574348395003513,,0.00015737679681724137
TCN3_366f120b,TCN3,loso_subject_S018,69,0.0006321628199666847,,0.016657691574952446,,0.0001490470641152345
TCN3_366f120b,TCN3,loso_subject_S018,70,0.0006201437549115641,,0.016725687799729858,,0.00014133557177871338
TCN3_366f120b,TCN3,loso_subject_S018,71,0.0006645780288057016,,0.017301079930780425,,0.00013425421036992097
TCN3_366f120b,TCN3,loso_subject_S018,72,0.0006346822221540024,,0.01683927088669586,,0.00012781389883488212
TCN3_366f120b,TCN3,loso_subject_S018,73,0.0006152873437242041,,0.01647989431021668,,0.0001220245676671809
TCN3_366f120b,TCN3,loso_subject_S018,74,0.0005956989764908251,,0.016622907763082315,,0.00011689514359585877
TCN3_366f120b,TCN3,loso_subject_S018,75,0.0005897897542767858,,0.01634443591370836,,0.00011243353582104555
TCN3_366f120b,TCN3,loso_subject_S018,76,0.0005875931430781998,,0.016230253822312805,,0.0001086466238185463
TCN3_366f120b,TCN3,loso_subject_S018,77,0.0006069787390160475,,0.01647059208396599,,0.00010554024673218805
TCN3_366f120b,TCN3,loso_subject_S018,78,0.000587320410112548,,0.01623154784151461,,0.00010311919437028317
TCN3_366f120b,TCN3,loso_subject_S018,79,0.0005616082432768774,,0.015955901436095255,,0.00010138719982009242
TCN3_366f120b,TCN3,loso_subject_S018,80,0.0005539676082602712,,0.01600116979350074,,0.0001003469336916747
TCN3_366f120b,TCN3,loso_subject_S019,1,0.30043662892040185,,0.3975295698145503,,0.001
TCN3_366f120b,TCN3,loso_subject_S019,2,0.06501579713735754,,0.19036337138632495,,0.0009996530663083252
TCN3_366f120b,TCN3,loso_subject_S019,3,0.03245916481456588,,0.13429381197486223,,0.0009986128001799074
TCN3_366f120b,TCN3,loso_subject_S019,4,0.02143999803230255,,0.10965636174092994,,0.0009968808056297167
TCN3_366f120b,TCN3,loso_subject_S019,5,0.01575393887622562,,0.0922317788568957,,0.0009944597532678117
TCN3_366f120b,TCN3,loso_subject_S019,6,0.012328144232424213,,0.08315679870605928,,0.0009913533761814533
TCN3_366f120b,TCN3,loso_subject_S019,7,0.009895527186613207,,0.07414636814485631,,0.000987566464178954
TCN3_366f120b,TCN3,loso_subject_S019,8,0.007655201027025538,,0.06479573250078044,,0.0009831048564041408
TCN3_366f120b,TCN3,loso_subject_S019,9,0.006856617990122567,,0.06155673886495559,,0.0009779754323328187
TCN3_366f120b,TCN3,loso_subject_S019,10,0.0055249190880811575,,0.054990638897496696,,0.0009721861011651174
TCN3_366f120b,TCN3,loso_subject_S019,11,0.005241921598361358,,0.05275016902435716,,0.0009657457896300785
TCN3_366f120b,TCN3,loso_subject_S019,12,0.004651706513145379,,0.05001153577546091,,0.000958664428221286
TCN3_366f120b,TCN3,loso_subject_S019,13,0.003930406235426121,,0.04603105122102715,,0.000950952935884765
TCN3_366f120b,TCN3,loso_subject_S019,14,0.003784610547828483,,0.044405689455837775,,0.0009426232031827582
TCN3_366f120b,TCN3,loso_subject_S019,15,0.003368750199315827,,0.04274549406012693,,0.0009336880739593409
TCN3_366f120b,TCN3,loso_subject_S019,16,0.003153716070695672,,0.040981437790260124,,0.0009241613255361449
TCN3_366f120b,TCN3,loso_subject_S019,17,0.002908381114712542,,0.03844125060083216,,0.0009140576474687258
TCN3_366f120b,TCN3,loso_subject_S019,18,0.002523431724265134,,0.036755780777229664,,0.0009033926188963346
TCN3_366f120b,TCN3,loso_subject_S019,19,0.00253535230066908,,0.03583494603080245,,0.0008921826845200134
TCN3_366f120b,TCN3,loso_subject_S019,20,0.0022741711992754765,,0.03434833722653261,,0.000880445129246058
TCN3_366f120b,TCN3,loso_subject_S019,21,0.0022518399538445527,,0.03446992969318645,,0.0008681980515339459
TCN3_366f120b,TCN3,loso_subject_S019,22,0.0020701255611951285,,0.03315660718905478,,0.0008554603354898234
TCN3_366f120b,TCN3,loso_subject_S019,23,0.0021417837902460257,,0.03279202480797512,,0.0008422516217485822
TCN3_366f120b,TCN3,loso_subject_S019,24,0.0018596264754124625,,0.03109003430055477,,0.0008285922771894248
TCN3_366f120b,TCN3,loso_subject_S019,25,0.0017215474329162826,,0.02926076072879603,,0.0008145033635316124
TCN3_366f120b,TCN3,loso_subject_S019,26,0.0017475059162596841,,0.02962574458857649,,0.0008000066048588205
TCN3_366f120b,TCN3,loso_subject_S019,27,0.0015834541818341831,,0.02858335475962579,,0.0007851243541221765
TCN3_366f120b,TCN3,loso_subject_S019,28,0.0016988271150752364,,0.02928318666823697,,0.0007698795586736293
TCN3_366f120b,TCN3,loso_subject_S019,29,0.001441881987352748,,0.027117381357453056,,0.0007542957248827956
TCN3_366f120b,TCN3,loso_subject_S019,30,0.0014466905759399724,,0.027154840652357893,,0.0007383968818918422
TCN3_366f120b,TCN3,loso_subject_S019,31,0.001339945005005845,,0.02606440593200924,,0.00072220754456429
TCN3_366f120b,TCN3,loso_subject_S019,32,0.001622691373533383,,0.029095357372087634,,0.0007057526756848715
TCN3_366f120b,TCN3,loso_subject_S019,33,0.0013939812015565788,,0.026671543824455423,,0.000689057647468726
TCN3_366f120b,TCN3,loso_subject_S019,34,0.0012966080400942607,,0.025246964558003203,,0.000672148202439283
TCN3_366f120b,TCN3,loso_subject_S019,35,0.0012055875183776142,,0.025252665247137488,,0.0006550504137351571
TCN3_366f120b,TCN3,loso_subject_S019,36,0.0011251194890924097,,0.023823450366149357,,0.0006377906449072574
TCN3_366f120b,TCN3,loso_subject_S019,37,0.0011781778433753514,,0.023995870331291188,,0.0006203955092681036
TCN3_366f120b,TCN3,loso_subject_S019,38,0.0011557714797848888,,0.024141276315967117,,0.0006028918288560267
TCN3_366f120b,TCN3,loso_subject_S019,39,0.0010474335101398496,,0.02338549756675781,,0.00058530659307753
TCN3_366f120b,TCN3,loso_subject_S019,40,0.0009973781552887824,,0.022643497129500728,,0.0005676669170915806
TCN3_366f120b,TCN3,loso_subject_S019,41,0.0010209493386803036,,0.022665075722088156,,0.0005499999999999997
TCN3_366f120b,TCN3,loso_subject_S019,42,0.0010245400955890757,,0.022446452885150618,,0.000532333082908419
TCN3_366f120b,TCN3,loso_subject_S019,43,0.0010033510762669636,,0.02241022949480108,,0.0005146934069224697
TCN3_366f120b,TCN3,loso_subject_S019,44,0.0009588934963453487,,0.021922671320644797,,0.000497108171143973
TCN3_366f120b,TCN3,loso_subject_S019,45,0.000947868298418308,,0.02165161620902568,,0.00047960449073189616
TCN3_366f120b,TCN3,loso_subject_S019,46,0.0009067875509895581,,0.021524701610891768,,0.00046220935509274226
TCN3_366f120b,TCN3,loso_subject_S019,47,0.0009393144377586919,,0.02204195278067673,,0.00044494958626484254
TCN3_366f120b,TCN3,loso_subject_S019,48,0.0008580648897919521,,0.020911863642358548,,0.00042785179756071645
TCN3_366f120b,TCN3,loso_subject_S019,49,0.00079843092014797,,0.020054752861736868,,0.0004109423525312737
TCN3_366f120b,TCN3,loso_subject_S019,50,0.0008122357401097193,,0.020446629061396607,,0.0003942473243151282
TCN3_366f120b,TCN3,loso_subject_S019,51,0.0007693209457634748,,0.019571680338942937,,0.0003777924554357096
TCN3_366f120b,TCN3,loso_subject_S019,52,0.0007897295685592076,,0.020150062903928997,,0.0003616031181081575
TCN3_366f120b,TCN3,loso_subject_S019,53,0.0008303220964063323,,0.020514024257701696,,0.000345704275117204
TCN3_366f120b,TCN3,loso_subject_S019,54,0.0007979869403574574,,0.019638006642651463,,0.00033012044132637024
TCN3_366f120b,TCN3,loso_subject_S019,55,0.0007852316481726231,,0.019745871103461734,,0.00031487564587782306
TCN3_366f120b,TCN3,loso_subject_S019,56,0.0007462380588599153,,0.019547088573109966,,0.00029999339514117897
TCN3_366f120b,TCN3,loso_subject_S019,57,0.0007595722457064956,,0.01951378450265087,,0.0002854966364683872
TCN3_366f120b,TCN3,loso_subject_S019,58,0.0007097541567677866,,0.01878311832771985,,0.0002714077228105749
TCN3_366f120b,TCN3,loso_subject_S019,59,0.0007056239788969564,,0.0188343165030385,,0.00025774837825141746
TCN3_366f120b,TCN3,loso_subject_S019,60,0.0007264898977556768,,0.019042225106714945,,0.0002445396645101764
TCN3_366f120b,TCN3,loso_subject_S019,61,0.0007231491215219718,,0.01871369305353049,,0.0002318019484660537
TCN3_366f120b,TCN3,loso_subject_S019,62,0.0006350345099299148,,0.017874550106982537,,0.00021955487075394156
TCN3_366f120b,TCN3,loso_subject_S019,63,0.0006813682793909563,,0.01842378882271467,,0.0002078173154799862
TCN3_366f120b,TCN3,loso_subject_S019,64,0.0006858367299508594,,0.018549268856341696,,0.00019660738110366478
TCN3_366f120b,TCN3,loso_subject_S019,65,0.0006765646042811165,,0.018176100744653326,,0.00018594235253127373
TCN3_366f120b,TCN3,loso_subject_S019,66,0.0006573420779819052,,0.018269361758358513,,0.00017583867446385477
TCN3_366f120b,TCN3,loso_subject_S019,67,0.000646818159544309,,0.017938395983011023,,0.00016631192604065853
TCN3_366f120b,TCN3,loso_subject_S019,68,0.0006681351494086502,,0.01798613847498095,,0.00015737679681724137
TCN3_366f120b,TCN3,loso_subject_S019,69,0.0005846314354577874,,0.01717883764377371,,0.0001490470641152345
TCN3_366f120b,TCN3,loso_subject_S019,70,0.0006019608824884521,,0.017422844142980464,,0.00014133557177871338
TCN3_366f120b,TCN3,loso_subject_S019,71,0.0006329222607416226,,0.017681331764495337,,0.00013425421036992097
TCN3_366f120b,TCN3,loso_subject_S019,72,0.0006148275853604107,,0.0176474639817503,,0.00012781389883488212
TCN3_366f120b,TCN3,loso_subject_S019,73,0.0006429884878223546,,0.017507561506318953,,0.0001220245676671809
TCN3_366f120b,TCN3,loso_subject_S019,74,0.0006215259860383325,,0.01746322023050642,,0.00011689514359585877
TCN3_366f120b,TCN3,loso_subject_S019,75,0.0006377431690119026,,0.017478815156834568,,0.00011243353582104555
TCN3_366f120b,TCN3,loso_subject_S019,76,0.0006292078213671877,,0.017383049198782446,,0.0001086466238185463
TCN3_366f120b,TCN3,loso_subject_S019,77,0.0006626423893828054,,0.017663364898305042,,0.00010554024673218805
TCN3_366f120b,TCN3,loso_subject_S019,78,0.0005923949716246435,,0.0172769995513994,,0.00010311919437028317
TCN3_366f120b,TCN3,loso_subject_S019,79,0.0005850547282700941,,0.016825013744060174,,0.00010138719982009242
TCN3_366f120b,TCN3,loso_subject_S019,80,0.0005768708111939457,,0.01688206001993463,,0.0001003469336916747
