model_id,architecture_id,fold_id,epoch,train_loss,val_loss,train_mae,val_mae,lr
LSTM5_c1816170,LSTM5,loso_subject_S001,1,0.3344831310030674,,0.42433315172942354,,0.001
LSTM5_c1816170,LSTM5,loso_subject_S001,2,0.05204274230251148,,0.17309221733603328,,0.001
LSTM5_c1816170,LSTM5,loso_subject_S001,3,0.03288018046930974,,0.13735803414165015,,0.001
LSTM5_c1816170,LSTM5,loso_subject_S001,4,0.025149875069220128,,0.11999744608634423,,0.001
LSTM5_c1816170,LSTM5,loso_subject_S001,5,0.02161957853833716,,0.11249943956635125,,0.001
LSTM5_c1816170,LSTM5,loso_subject_S001,6,0.02076899461190817,,0.10860665701662521,,0.001
LSTM5_c1816170,LSTM5,loso_subject_S001,7,0.017713632198309102,,0.10080286222351953,,0.001
LSTM5_c1816170,LSTM5,loso_subject_S001,8,0.016704310807818243,,0.09779758186940994,,0.001
LSTM5_c1816170,LSTM5,loso_subject_S001,9,0.01649415812734126,,0.09756322557405037,,0.001
LSTM5_c1816170,LSTM5,loso_subject_S001,10,0.017047510390292505,,0.09592625012864238,,0.001
LSTM5_c1816170,LSTM5,loso_subject_S001,11,0.015576960108486438,,0.0926379360360642,,0.001
LSTM5_c1816170,LSTM5,loso_subject_S001,12,0.014715040803173065,,0.09053106414306157,,0.001
LSTM5_c1816170,LSTM5,loso_subject_S001,13,0.014012396321179897,,0.08816078507594938,,0.001
LSTM5_c1816170,LSTM5,loso_subject_S001,14,0.013484226743856522,,0.08555760480432442,,0.001
LSTM5_c1816170,LSTM5,loso_subject_S001,15,0.013207438961558926,,0.08544821750113053,,0.001
LSTM5_c1816170,LSTM5,loso_subject_S001,16,0.012716403944354599,,0.08421592040740712,,0.001
LSTM5_c1816170,LSTM5,loso_subject_S001,17,0.013470937702039333,,0.08530857935414703,,0.001
LSTM5_c1816170,LSTM5,loso_subject_S001,18,0.012216660575170188,,0.0821762283628295,,0.001
LSTM5_c1816170,LSTM5,loso_subject_S001,19,0.011875249012226394,,0.08162448612918735,,0.001
LSTM5_c1816170,LSTM5,loso_subject_S001,20,0.011622669787643708,,0.08047099558369186,,0.001
LSTM5_c1816170,LSTM5,loso_subject_S001,21,0.01247400482739319,,0.08276825977523743,,0.001
LSTM5_c1816170,LSTM5,loso_subject_S001,22,0.011961731599880124,,0.08006731851193932,,0.001
LSTM5_c1816170,LSTM5,loso_subject_S001,23,0.012628425876740334,,0.08198206767466468,,0.001
LSTM5_c1816170,LSTM5,loso_subject_S001,24,0.012121754420001532,,0.08038068252342169,,0.001
LSTM5_c1816170,LSTM5,loso_subject_S001,25,0.011365084457385924,,0.07774003012468589,,0.001
LSTM5_c1816170,LSTM5,loso_subject_S001,26,0.012280649154437589,,0.07996199939881428,,0.001
LSTM5_c1816170,LSTM5,loso_subject_S001,27,0.011614347341847055,,0.07827824033339724,,0.001
LSTM5_c1816170,LSTM5,loso_subject_S001,28,0.010983713412465458,,0.07705766182923118,,0.001
LSTM5_c1816170,LSTM5,loso_subject_S001,29,0.012194075646625523,,0.0798683395301962,,0.001
LSTM5_c1816170,LSTM5,loso_subject_S001,30,0.011575116437847076,,0.07758061641504396,,0.001
LSTM5_c1816170,LSTM5,loso_subject_S001,31,0.011667820906789087,,0.07811076616498953,,0.001
LSTM5_c1816170,LSTM5,loso_subject_S001,32,0.011108039481706248,,0.0774577770952386,,0.001
LSTM5_c1816170,LSTM5,loso_subject_S001,33,0.01057839292385008,,0.07597322066654542,,0.001
LSTM5_c1816170,LSTM5,loso_subject_S001,34,0.010745541354005645,,0.07599963707058396,,0.001
LSTM5_c1816170,LSTM5,loso_subject_S001,35,0.010567882313476815,,0.07657346468443244,,0.001
LSTM5_c1816170,LSTM5,loso_subject_S001,36,0.010648721970502395,,0.07551805540129428,,0.001
LSTM5_c1816170,LSTM5,loso_subject_S001,37,0.01063043606107552,,0.0754778711408146,,0.001
LSTM5_c1816170,LSTM5,loso_subject_S001,38,0.011312906538813578,,0.07722164881307501,,0.001
LSTM5_c1816170,LSTM5,loso_subject_S001,39,0.011058976021753385,,0.07577728416200477,,0.001
LSTM5_c1816170,LSTM5,loso_subject_S001,40,0.010599349822600534,,0.07506763520181854,,0.001
LSTM5_c1816170,LSTM5,loso_subject_S001,41,0.010901954195319613,,0.07538839726708274,,0.001
LSTM5_c1816170,LSTM5,loso_subject_S001,42,0.010009966472284719,,0.07332020196586653,,0.001
LSTM5_c1816170,LSTM5,loso_subject_S001,43,0.010764658315181554,,0.07493960647053347,,0.001
LSTM5_c1816170,LSTM5,loso_subject_S001,44,0.011286021187510997,,0.07781934556664989,,0.001
LSTM5_c1816170,LSTM5,loso_subject_S001,45,0.010747701408615543,,0.07562956535670642,,0.001
LSTM5_c1816170,LSTM5,loso_subject_S001,46,0.010870410731542653,,0.07604742959860608,,0.001
LSTM5_c1816170,LSTM5,loso_subject_S001,47,0.010169461246650885,,0.07341911748690645,,0.001
LSTM5_c1816170,LSTM5,loso_subject_S001,48,0.01083904683274872,,0.07317548046834842,,0.001
LSTM5_c1816170,LSTM5,loso_subject_S001,49,0.010312856520576587,,0.07306293720305143,,0.001
LSTM5_c1816170,LSTM5,loso_subject_S001,50,0.01050947852068852,,0.07395933491708694,,0.001
LSTM5_c1816170,LSTM5,loso_subject_S001,51,0.010967481759903223,,0.07523332833977524,,0.001
LSTM5_c1816170,LSTM5,loso_subject_S001,52,0.010255594710093335,,0.07320731122128803,,0.001
LSTM5_c1816170,LSTM5,loso_subject_S001,53,0.010322569279269741,,0.0733973447138032,,0.001
LSTM5_c1816170,LSTM5,loso_subject_S001,54,0.010371243397019107,,0.07288031944336104,,0.001
LSTM5_c1816170,LSTM5,loso_subject_S001,55,0.011602450577634264,,0.07579547066092847,,0.001
LSTM5_c1816170,LSTM5,loso_subject_S001,56,0.011227218729309058,,0.07592198108458817,,0.001
LSTM5_c1816170,LSTM5,loso_subject_S001,57,0.010369960193152297,,0.07378143653442208,,0.001
LSTM5_c1816170,LSTM5,loso_subject_S001,58,0.00962536338774433,,0.07079120293401621,,0.001
LSTM5_c1816170,LSTM5,loso_subject_S001,59,0.00985080257508551,,0.07123474829329345,,0.001
LSTM5_c1816170,LSTM5,loso_subject_S001,60,0.00962042922022053,,0.07162351729464786,,0.001
LSTM5_c1816170,LSTM5,loso_subject_S001,61,0.009756327215681976,,0.07139612969505851,,0.001
LSTM5_c1816170,LSTM5,loso_subject_S001,62,0.00947178928974734,,0.07064424586516183,,0.001
LSTM5_c1816170,LSTM5,loso_subject_S001,63,0.010730363524553853,,0.07461339608056691,,0.001
LSTM5_c1816170,LSTM5,loso_subject_S001,64,0.009678805643551721,,0.07133360509719076,,0.001
LSTM5_c1816170,LSTM5,loso_subject_S001,65,0.010842393756749252,,0.07362738547668066,,0.001
LSTM5_c1816170,LSTM5,loso_subject_S001,66,0.010087300761491327,,0.07208638128387992,,0.001
LSTM5_c1816170,LSTM5,loso_subject_S001,67,0.009438593899903286,,0.07043397828421825,,0.001
LSTM5_c1816170,LSTM5,loso_subject_S001,68,0.011455339436741582,,0.07780071927047046,,0.001
LSTM5_c1816170,LSTM5,loso_subject_S001,69,0.009899850099382478,,0.0721963866347,,0.001
LSTM5_c1816170,LSTM5,loso_subject_S001,70,0.010076213809159573,,0.071910610363695,,0.001
LSTM5_c1816170,LSTM5,loso_subject_S001,71,0.01049403076577641,,0.07325695562462071,,0.001
LSTM5_c1816170,LSTM5,loso_subject_S001,72,0.010104350352403556,,0.07156426284269182,,0.001
LSTM5_c1816170,LSTM5,loso_subject_S001,73,0.01007256709358712,,0.07155422683075256,,0.001
LSTM5_c1816170,LSTM5,loso_subject_S001,74,0.010555311437294624,,0.07351576854619617,,0.001
LSTM5_c1816170,LSTM5,loso_subject_S001,75,0.0092489292912802,,0.06958037538497203,,0.001
LSTM5_c1816170,LSTM5,loso_subject_S001,76,0.009516398527256217,,0.06881542976872419,,0.001
LSTM5_c1816170,LSTM5,loso_subject_S001,77,0.010455137305627308,,0.07274101511700086,,0.001
LSTM5_c1816170,LSTM5,loso_subject_S001,78,0.01004863329322708,,0.07248125306512004,,0.001
LSTM5_c1816170,LSTM5,loso_subject_S001,79,0.010472888269524371,,0.07247923867928975,,0.001
LSTM5_c1816170,LSTM5,loso_subject_S001,80,0.00978922579069181,,0.07039030413229314,,0.001
LSTM5_c1816170,LSTM5,loso_subject_S002,1,0.30193345777576863,,0.400631948536893,,0.001
LSTM5_c1816170,LSTM5,loso_subject_S002,2,0.0434162539166834,,0.15701287609261896,,0.001
LSTM5_c1816170,LSTM5,loso_subject_S002,3,0.03137339321199853,,0.13384280556426378,,0.001
LSTM5_c1816170,LSTM5,loso_subject_S002,4,0.0258609341415997,,0.1204402694284287,,0.001
LSTM5_c1816170,LSTM5,loso_subject_S002,5,0.02399201778933004,,0.11591848558970101,,0.001
LSTM5_c1816170,LSTM5,loso_subject_S002,6,0.02104561708666655,,0.10807781516282808,,0.001
LSTM5_c1816170,LSTM5,loso_subject_S002,7,0.01873929717262458,,0.10309215789662995,,0.001
LSTM5_c1816170,LSTM5,loso_subject_S002,8,0.01851586855354021,,0.09981646966123636,,0.001
LSTM5_c1816170,LSTM5,loso_subject_S002,9,0.017431410453156736,,0.10015736144704249,,0.001
LSTM5_c1816170,LSTM5,loso_subject_S002,10,0.016133800915421662,,0.09442129133734306,,0.001
LSTM5_c1816170,LSTM5,loso_subject_S002,11,0.014772732736671656,,0.0902535209622221,,0.001
LSTM5_c1816170,LSTM5,loso_subject_S002,12,0.014752750502242014,,0.08993355693144926,,0.001
LSTM5_c1816170,LSTM5,loso_subject_S002,13,0.014846232295001378,,0.09014862390608469,,0.001
LSTM5_c1816170,LSTM5,loso_subject_S002,14,0.013566483793712515,,0.08655884109026941,,0.001
LSTM5_c1816170,LSTM5,loso_subject_S002,15,0.014274460791991227,,0.08819127341367715,,0.001
LSTM5_c1816170,LSTM5,loso_subject_S002,16,0.012622466535773674,,0.08299208507553214,,0.001
LSTM5_c1816170,LSTM5,loso_subject_S002,17,0.013676026584919005,,0.08605017548848429,,0.001
LSTM5_c1816170,LSTM5,loso_subject_S002,18,0.013185526477445926,,0.0853476086402135,,0.001
LSTM5_c1816170,LSTM5,loso_subject_S002,19,0.012500085733647503,,0.08256729000443451,,0.001
LSTM5_c1816170,LSTM5,loso_subject_S002,20,0.013262976944699866,,0.08421546907315919,,0.001
LSTM5_c1816170,LSTM5,loso_subject_S002,21,0.012258257274706995,,0.08074245944287266,,0.001
LSTM5_c1816170,LSTM5,loso_subject_S002,22,0.012899980792974462,,0.08306566317066777,,0.001
LSTM5_c1816170,LSTM5,loso_subject_S002,23,0.011791198589737501,,0.07991255765643238,,0.001
LSTM5_c1816170,LSTM5,loso_subject_S002,24,0.011899256761047163,,0.07928844072265334,,0.001
LSTM5_c1816170,LSTM5,loso_subject_S002,25,0.011358252477560275,,0.07785083786753669,,0.001
LSTM5_c1816170,LSTM5,loso_subject_S002,26,0.01197622201524474,,0.08064894631487543,,0.001
LSTM5_c1816170,LSTM5,loso_subject_S002,27,0.011994657725759576,,0.07979586651463581,,0.001
LSTM5_c1816170,LSTM5,loso_subject_S002,28,0.011581025061231426,,0.07964130196663587,,0.001
LSTM5_c1816170,LSTM5,loso_subject_S002,29,0.011006830239413002,,0.07722476974636282,,0.001
LSTM5_c1816170,LSTM5,loso_subject_S002,30,0.010638287002690233,,0.07529075540698288,,0.001
LSTM5_c1816170,LSTM5,loso_subject_S002,31,0.010440092161516161,,0.07443003163422957,,0.001
LSTM5_c1816170,LSTM5,loso_subject_S002,32,0.011366020716674372,,0.07745782426555159,,0.001
LSTM5_c1816170,LSTM5,loso_subject_S002,33,0.01169530342574311,,0.07835097407435197,,0.001
LSTM5_c1816170,LSTM5,loso_subject_S002,34,0.013592387613996532,,0.08302177489677319,,0.001
LSTM5_c1816170,LSTM5,loso_subject_S002,35,0.012216067876216954,,0.08092636323303579,,0.001
LSTM5_c1816170,LSTM5,loso_subject_S002,36,0.011175627313589225,,0.07727699468276984,,0.001
LSTM5_c1816170,LSTM5,loso_subject_S002,37,0.010743451321111055,,0.07518127229575675,,0.001
LSTM5_c1816170,LSTM5,loso_subject_S002,38,0.011558377722241116,,0.07883399955552739,,0.001
LSTM5_c1816170,LSTM5,loso_subject_S002,39,0.011052151587284044,,0.0763102021387146,,0.001
LSTM5_c1816170,LSTM5,loso_subject_S002,40,0.011040283408526938,,0.07499143451557069,,0.001
LSTM5_c1816170,LSTM5,loso_subject_S002,41,0.010831668496389566,,0.07447959187004938,,0.001
LSTM5_c1816170,LSTM5,loso_subject_S002,42,0.010894123178765895,,0.07554956928227459,,0.001
LSTM5_c1816170,LSTM5,loso_subject_S002,43,0.01034543412363054,,0.07399969682935953,,0.001
LSTM5_c1816170,LSTM5,loso_subject_S002,44,0.010630511130661576,,0.07421515491580348,,0.001
LSTM5_c1816170,LSTM5,loso_subject_S002,45,0.010149784752463645,,0.07281692121243422,,0.001
LSTM5_c1816170,LSTM5,loso_subject_S002,46,0.0107468231663038,,0.07527597646850215,,0.001
LSTM5_c1816170,LSTM5,loso_subject_S002,47,0.01023013213297826,,0.0743103058089405,,0.001
LSTM5_c1816170,LSTM5,loso_subject_S002,48,0.010603895892388027,,0.07416170685697272,,0.001
LSTM5_c1816170,LSTM5,loso_subject_S002,49,0.00981991898578538,,0.07124057192036583,,0.001
LSTM5_c1816170,LSTM5,loso_subject_S002,50,0.010352179274871368,,0.07293424847047746,,0.001
LSTM5_c1816170,LSTM5,loso_subject_S002,51,0.011340751519573007,,0.07554122927005796,,0.001
LSTM5_c1816170,LSTM5,loso_subject_S002,52,0.011128292587702572,,0.07526162483348377,,0.001
LSTM5_c1816170,LSTM5,loso_subject_S002,53,0.01051964186097016,,0.07371935772448604,,0.001
LSTM5_c1816170,LSTM5,loso_subject_S002,54,0.00941164882641814,,0.06981223347353348,,0.001
LSTM5_c1816170,LSTM5,loso_subject_S002,55,0.010232925266551524,,0.07318815264898895,,0.001
LSTM5_c1816170,LSTM5,loso_subject_S002,56,0.010430958054322152,,0.0725460847160601,,0.001
LSTM5_c1816170,LSTM5,loso_subject_S002,57,0.010187330952728689,,0.07227989012792549,,0.001
LSTM5_c1816170,LSTM5,loso_subject_S002,58,0.010546330050297807,,0.07372073621291488,,0.001
LSTM5_c1816170,LSTM5,loso_subject_S002,59,0.010395397696368928,,0.07352275165520687,,0.001
LSTM5_c1816170,LSTM5,loso_subject_S002,60,0.009685282020066436,,0.0716938557930876,,0.001
LSTM5_c1816170,LSTM5,loso_subject_S002,61,0.009983787862289203,,0.07201904105623051,,0.001
LSTM5_c1816170,LSTM5,loso_subject_S002,62,0.010907967626482929,,0.07506039256507319,,0.001
LSTM5_c1816170,LSTM5,loso_subject_S002,63,0.010340333430386931,,0.072253575655528,,0.001
LSTM5_c1816170,LSTM5,loso_subject_S002,64,0.010723695585860107,,0.07430581986065626,,0.001
LSTM5_c1816170,LSTM5,loso_subject_S002,65,0.01024077238857851,,0.07325295233118576,,0.001
LSTM5_c1816170,LSTM5,loso_subject_S002,66,0.0098295756326366,,0.070579505461112,,0.001
LSTM5_c1816170,LSTM5,loso_subject_S002,67,0.009909378144680441,,0.07130780855383712,,0.001
LSTM5_c1816170,LSTM5,loso_subject_S002,68,0.009888867378138783,,0.07161944956984917,,0.001
LSTM5_c1816170,LSTM5,loso_subject_S002,69,0.010497725914818741,,0.07312386528373743,,0.001
LSTM5_c1816170,LSTM5,loso_subject_S002,70,0.010531179221502013,,0.07437626636671153,,0.001
LSTM5_c1816170,LSTM5,loso_subject_S002,71,0.009708869482793463,,0.07079310566710978,,0.001
LSTM5_c1816170,LSTM5,loso_subject_S002,72,0.010371401691470833,,0.07300404260963515,,0.001
LSTM5_c1816170,LSTM5,loso_subject_S002,73,0.010414143467424622,,0.07295485718693291,,0.001
LSTM5_c1816170,LSTM5,loso_subject_S002,74,0.011203313052025378,,0.07480911521845937,,0.001
LSTM5_c1816170,LSTM5,loso_subject_S002,75,0.00938689344860657,,0.0695633150174218,,0.001
LSTM5_c1816170,LSTM5,loso_subject_S002,76,0.010096950033965662,,0.0713703280351925,,0.001
LSTM5_c1816170,LSTM5,loso_subject_S002,77,0.009403277814152441,,0.07054695947333768,,0.001
LSTM5_c1816170,LSTM5,loso_subject_S002,78,0.009826625732252984,,0.0702450926757362,,0.001
LSTM5_c1816170,LSTM5,loso_subject_S002,79,0.009992562648201534,,0.07202213200776546,,0.001
LSTM5_c1816170,LSTM5,loso_subject_S002,80,0.010326395710932412,,0.07349457463374032,,0.001
LSTM5_c1816170,LSTM5,loso_subject_S003,1,0.3160541488295803,,0.4044485776395465,,0.001
LSTM5_c1816170,LSTM5,loso_subject_S003,2,0.04397725355959807,,0.1587608015636754,,0.001
LSTM5_c1816170,LSTM5,loso_subject_S003,3,0.02800541773822854,,0.12951059528203945,,0.001
LSTM5_c1816170,LSTM5,loso_subject_S003,4,0.02462178855309085,,0.11969670814112937,,0.001
LSTM5_c1816170,LSTM5,loso_subject_S003,5,0.022815917519928834,,0.11332380253827265,,0.001
LSTM5_c1816170,LSTM5,loso_subject_S003,6,0.01939723314675015,,0.10646321342548579,,0.001
LSTM5_c1816170,LSTM5,loso_subject_S003,7,0.017809982366622488,,0.10062203919218234,,0.001
LSTM5_c1816170,LSTM5,loso_subject_S003,8,0.017416058321326564,,0.09956320372942909,,0.001
LSTM5_c1816170,LSTM5,loso_subject_S003,9,0.0170864879651128,,0.09851831429283246,,0.001
LSTM5_c1816170,LSTM5,loso_subject_S003,10,0.015326237919908553,,0.09358852826545018,,0.001
LSTM5_c1816170,LSTM5,loso_subject_S003,11,0.014548906089797368,,0.08955227300321206,,0.001
LSTM5_c1816170,LSTM5,loso_subject_S003,12,0.015296570064955037,,0.09183061437424109,,0.001
LSTM5_c1816170,LSTM5,loso_subject_S003,13,0.014432574913177034,,0.08895019895661402,,0.001
LSTM5_c1816170,LSTM5,loso_subject_S003,14,0.013537672674212723,,0.08601344824063398,,0.001
LSTM5_c1816170,LSTM5,loso_subject_S003,15,0.013823332600239014,,0.08584374436297439,,0.001
LSTM5_c1816170,LSTM5,loso_subject_S003,16,0.012754294170244781,,0.08461631164972265,,0.001
LSTM5_c1816170,LSTM5,loso_subject_S003,17,0.013426979968948954,,0.08597612122981067,,0.001
LSTM5_c1816170,LSTM5,loso_subject_S003,18,0.013033435333446686,,0.08371681480785784,,0.001
LSTM5_c1816170,LSTM5,loso_subject_S003,19,0.012324274286390345,,0.08283601779044127,,0.001
LSTM5_c1816170,LSTM5,loso_subject_S003,20,0.012820397365176895,,0.08389543610340909,,0.001
LSTM5_c1816170,LSTM5,loso_subject_S003,21,0.012131084590494542,,0.08034111050399917,,0.001
LSTM5_c1816170,LSTM5,loso_subject_S003,22,0.012633683306076006,,0.08211118430577569,,0.001
LSTM5_c1816170,LSTM5,loso_subject_S003,23,0.011873900807534707,,0.0797539878483969,,0.001
LSTM5_c1816170,LSTM5,loso_subject_S003,24,0.012339079143742328,,0.08053352726292719,,0.001
LSTM5_c1816170,LSTM5,loso_subject_S003,25,0.011360702613631493,,0.07886286701029097,,0.001
LSTM5_c1816170,LSTM5,loso_subject_S003,26,0.011417217128125778,,0.0786817374728247,,0.001
LSTM5_c1816170,LSTM5,loso_subject_S003,27,0.010988148671825033,,0.07648734223770264,,0.001
LSTM5_c1816170,LSTM5,loso_subject_S003,28,0.01182592477796427,,0.07942039419152125,,0.001
LSTM5_c1816170,LSTM5,loso_subject_S003,29,0.01110887684108907,,0.07705709313089099,,0.001
LSTM5_c1816170,LSTM5,loso_subject_S003,30,0.011286004258345174,,0.07749808063004195,,0.001
LSTM5_c1816170,LSTM5,loso_subject_S003,31,0.011364820700743673,,0.07768442860955714,,0.001
LSTM5_c1816170,LSTM5,loso_subject_S003,32,0.010768183083619712,,0.07569896752221089,,0.001
LSTM5_c1816170,LSTM5,loso_subject_S003,33,0.011126554408287333,,0.07651575161808358,,0.001
LSTM5_c1816170,LSTM5,loso_subject_S003,34,0.01148732499769226,,0.07772150413897765,,0.001
LSTM5_c1816170,LSTM5,loso_subject_S003,35,0.010894297793004463,,0.07538950601324144,,0.001
LSTM5_c1816170,LSTM5,loso_subject_S003,36,0.009904841630689925,,0.07231540959639325,,0.001
LSTM5_c1816170,LSTM5,loso_subject_S003,37,0.010395516701924512,,0.07338619295038475,,0.001
LSTM5_c1816170,LSTM5,loso_subject_S003,38,0.010952851030698586,,0.07461863504736847,,0.001
LSTM5_c1816170,LSTM5,loso_subject_S003,39,0.010535234480542279,,0.07467282636936229,,0.001
LSTM5_c1816170,LSTM5,loso_subject_S003,40,0.010579817707626338,,0.07448680601867089,,0.001
LSTM5_c1816170,LSTM5,loso_subject_S003,41,0.01181408367338781,,0.07750602841422481,,0.001
LSTM5_c1816170,LSTM5,loso_subject_S003,42,0.011131327348720277,,0.07558270281290971,,0.001
LSTM5_c1816170,LSTM5,loso_subject_S003,43,0.011452196570246145,,0.07749309141601525,,0.001
LSTM5_c1816170,LSTM5,loso_subject_S003,44,0.011684229264490883,,0.07824487517699487,,0.001
LSTM5_c1816170,LSTM5,loso_subject_S003,45,0.010087230413790357,,0.07397516775022689,,0.001
LSTM5_c1816170,LSTM5,loso_subject_S003,46,0.010294189399789471,,0.07240213272649348,,0.001
LSTM5_c1816170,LSTM5,loso_subject_S003,47,0.010739897170325965,,0.07451660497642612,,0.001
LSTM5_c1816170,LSTM5,loso_subject_S003,48,0.009897131614149611,,0.07148171719926803,,0.001
LSTM5_c1816170,LSTM5,loso_subject_S003,49,0.010357583534927849,,0.07319178335673893,,0.001
LSTM5_c1816170,LSTM5,loso_subject_S003,50,0.009739925230716175,,0.07023310125869033,,0.001
LSTM5_c1816170,LSTM5,loso_subject_S003,51,0.010200114669744633,,0.07208174144868966,,0.001
LSTM5_c1816170,LSTM5,loso_subject_S003,52,0.010148147191450973,,0.0735108822923329,,0.001
LSTM5_c1816170,LSTM5,loso_subject_S003,53,0.01101909673070374,,0.07556815380301207,,0.001
LSTM5_c1816170,LSTM5,loso_subject_S003,54,0.010495269129530431,,0.07425578560832781,,0.001
LSTM5_c1816170,LSTM5,loso_subject_S003,55,0.01056382172346703,,0.074437635250627,,0.001
LSTM5_c1816170,LSTM5,loso_subject_S003,56,0.010801423439962368,,0.07500411631123972,,0.001
LSTM5_c1816170,LSTM5,loso_subject_S003,57,0.009855971493855774,,0.07232474510378469,,0.001
LSTM5_c1816170,LSTM5,loso_subject_S003,58,0.010434196282980882,,0.07249752088069734,,0.001
LSTM5_c1816170,LSTM5,loso_subject_S003,59,0.0099585388764479,,0.07166543360771287,,0.001
LSTM5_c1816170,LSTM5,loso_subject_S003,60,0.010554987454733194,,0.0731559848296986,,0.001
LSTM5_c1816170,LSTM5,loso_subject_S003,61,0.010352180384336907,,0.0731594281533962,,0.001
LSTM5_c1816170,LSTM5,loso_subject_S003,62,0.01011199027904746,,0.07108401073445318,,0.001
LSTM5_c1816170,LSTM5,loso_subject_S003,63,0.010858670350627717,,0.07431812352855578,,0.001
LSTM5_c1816170,LSTM5,loso_subject_S003,64,0.00987783276344535,,0.07161336084531002,,0.001
LSTM5_c1816170,LSTM5,loso_subject_S003,65,0.009824677575973169,,0.07089634684447273,,0.001
LSTM5_c1816170,LSTM5,loso_subject_S003,66,0.00985433923190796,,0.07092496560991082,,0.001
LSTM5_c1816170,LSTM5,loso_subject_S003,67,0.010591441020086882,,0.07424005173225866,,0.001
LSTM5_c1816170,LSTM5,loso_subject_S003,68,0.009462328603115267,,0.07069581650955001,,0.001
LSTM5_c1816170,LSTM5,loso_subject_S003,69,0.00958389001721813,,0.0699433806972728,,0.001
LSTM5_c1816170,LSTM5,loso_subject_S003,70,0.010348373225555162,,0.07261455006139955,,0.001
LSTM5_c1816170,LSTM5,loso_subject_S003,71,0.009617126854602955,,0.0710683254013474,,0.001
LSTM5_c1816170,LSTM5,loso_subject_S003,72,0.010271680565078902,,0.07245790698595221,,0.001
LSTM5_c1816170,LSTM5,loso_subject_S003,73,0.010438812513339682,,0.07456103062005615,,0.001
LSTM5_c1816170,LSTM5,loso_subject_S003,74,0.010075307751642554,,0.07170735605750714,,0.001
LSTM5_c1816170,LSTM5,loso_subject_S003,75,0.009983831113670728,,0.07167491782371842,,0.001
LSTM5_c1816170,LSTM5,loso_subject_S003,76,0.010039095087499783,,0.07146148475647335,,0.001
LSTM5_c1816170,LSTM5,loso_subject_S003,77,0.010304947636953707,,0.07307880573279942,,0.001
LSTM5_c1816170,LSTM5,loso_subject_S003,78,0.009476243392514893,,0.07046955115245217,,0.001
LSTM5_c1816170,LSTM5,loso_subject_S003,79,0.009907513828340448,,0.0709305803742322,,0.001
LSTM5_c1816170,LSTM5,loso_subject_S003,80,0.009845207329579433,,0.07063412974406265,,0.001
LSTM5_c1816170,LSTM5,loso_subject_S004,1,0.32243035525392794,,0.415457485838606,,0.001
LSTM5_c1816170,LSTM5,loso_subject_S004,2,0.04361557367337006,,0.1610228819380552,,0.001
LSTM5_c1816170,LSTM5,loso_subject_S004,3,0.027448670414553598,,0.1268540047030169,,0.001
LSTM5_c1816170,LSTM5,loso_subject_S004,4,0.024057245169855898,,0.11791035950990997,,0.001
LSTM5_c1816170,LSTM5,loso_subject_S004,5,0.020284086214704726,,0.10749132439717848,,0.001
LSTM5_c1816170,LSTM5,loso_subject_S004,6,0.018073490482100038,,0.1024901820173992,,0.001
LSTM5_c1816170,LSTM5,loso_subject_S004,7,0.0175994233964935,,0.10034946078960426,,0.001
LSTM5_c1816170,LSTM5,loso_subject_S004,8,0.016960032980078664,,0.09745664948316261,,0.001
LSTM5_c1816170,LSTM5,loso_subject_S004,9,0.01562837791492878,,0.09345211437389295,,0.001
LSTM5_c1816170,LSTM5,loso_subject_S004,10,0.015350048402025484,,0.0930345600434163,,0.001
LSTM5_c1816170,LSTM5,loso_subject_S004,11,0.014744501132413872,,0.09111302448417427,,0.001
LSTM5_c1816170,LSTM5,loso_subject_S004,12,0.014405963267425877,,0.08936843320766827,,0.001
LSTM5_c1816170,LSTM5,loso_subject_S004,13,0.015094682429378432,,0.09051283620668574,,0.001
LSTM5_c1816170,LSTM5,loso_subject_S004,14,0.014189396829974627,,0.08898769178139065,,0.001
LSTM5_c1816170,LSTM5,loso_subject_S004,15,0.01370448593136876,,0.0878634145190023,,0.001
LSTM5_c1816170,LSTM5,loso_subject_S004,16,0.014477330600211717,,0.08843134220800296,,0.001
LSTM5_c1816170,LSTM5,loso_subject_S004,17,0.014044016534953319,,0.08810848183217103,,0.001
LSTM5_c1816170,LSTM5,loso_subject_S004,18,0.012470735982992578,,0.08206787097224215,,0.001
LSTM5_c1816170,LSTM5,loso_subject_S004,19,0.012790680226568579,,0.0838953561637817,,0.001
LSTM5_c1816170,LSTM5,loso_subject_S004,20,0.012298787126335715,,0.0833195746295902,,0.001
LSTM5_c1816170,LSTM5,loso_subject_S004,21,0.012190668530869666,,0.08158121357595426,,0.001
LSTM5_c1816170,LSTM5,loso_subject_S004,22,0.011891627251884763,,0.07975307713085356,,0.001
LSTM5_c1816170,LSTM5,loso_subject_S004,23,0.011866305879497347,,0.0798989125637928,,0.001
LSTM5_c1816170,LSTM5,loso_subject_S004,24,0.01204761614831653,,0.0814854894529766,,0.001
LSTM5_c1816170,LSTM5,loso_subject_S004,25,0.01166512162010916,,0.0795375170832632,,0.001
LSTM5_c1816170,LSTM5,loso_subject_S004,26,0.012049536987007418,,0.081302346959425,,0.001
LSTM5_c1816170,LSTM5,loso_subject_S004,27,0.012355144368827316,,0.08108825438779559,,0.001
LSTM5_c1816170,LSTM5,loso_subject_S004,28,0.01122515388802275,,0.07794789589386601,,0.001
LSTM5_c1816170,LSTM5,loso_subject_S004,29,0.010991309312974701,,0.07624691040911744,,0.001
LSTM5_c1816170,LSTM5,loso_subject_S004,30,0.01144788408537349,,0.0789381662668254,,0.001
LSTM5_c1816170,LSTM5,loso_subject_S004,31,0.011674956968059659,,0.07946373720006063,,0.001
LSTM5_c1816170,LSTM5,loso_subject_S004,32,0.01086680879989134,,0.07676159346151043,,0.001
LSTM5_c1816170,LSTM5,loso_subject_S004,33,0.010789306128651456,,0.07743895684651568,,0.001
LSTM5_c1816170,LSTM5,loso_subject_S004,34,0.012224915350217361,,0.08061282933942704,,0.001
LSTM5_c1816170,LSTM5,loso_subject_S004,35,0.010029424024811072,,0.07365216348569183,,0.001
LSTM5_c1816170,LSTM5,loso_subject_S004,36,0.011944907191772894,,0.07879953377095783,,0.001
LSTM5_c1816170,LSTM5,loso_subject_S004,37,0.010591270382882639,,0.0751088507164216,,0.001
LSTM5_c1816170,LSTM5,loso_subject_S004,38,0.012497483947047564,,0.080876891503167,,0.001
LSTM5_c1816170,LSTM5,loso_subject_S004,39,0.010985446485756846,,0.07690522401498492,,0.001
LSTM5_c1816170,LSTM5,loso_subject_S004,40,0.011072142002514647,,0.0774809406115653,,0.001
LSTM5_c1816170,LSTM5,loso_subject_S004,41,0.012236573945383838,,0.08105028513133579,,0.001
LSTM5_c1816170,LSTM5,loso_subject_S004,42,0.010110454568033504,,0.07389679359212356,,0.001
LSTM5_c1816170,LSTM5,loso_subject_S004,43,0.011488149562603302,,0.07765661167079012,,0.001
LSTM5_c1816170,LSTM5,loso_subject_S004,44,0.010201826464485685,,0.07292850161821729,,0.001
LSTM5_c1816170,LSTM5,loso_subject_S004,45,0.01052363580201081,,0.074495231722308,,0.001
LSTM5_c1816170,LSTM5,loso_subject_S004,46,0.010421134262546691,,0.07467117311895193,,0.001
LSTM5_c1816170,LSTM5,loso_subject_S004,47,0.010458485114785426,,0.07446459233366043,,0.001
LSTM5_c1816170,LSTM5,loso_subject_S004,48,0.00995779410223944,,0.07299693631080098,,0.001
LSTM5_c1816170,LSTM5,loso_subject_S004,49,0.011955889494317067,,0.07948119796906845,,0.001
LSTM5_c1816170,LSTM5,loso_subject_S004,50,0.010206140371350408,,0.07434300520348486,,0.001
LSTM5_c1816170,LSTM5,loso_subject_S004,51,0.0101950255739822,,0.0741854341794436,,0.001
LSTM5_c1816170,LSTM5,loso_subject_S004,52,0.009884718810075174,,0.07080262397575772,,0.001
LSTM5_c1816170,LSTM5,loso_subject_S004,53,0.010419576185513348,,0.07383685319966557,,0.001
LSTM5_c1816170,LSTM5,loso_subject_S004,54,0.01059045817747971,,0.07306948813456524,,0.001
LSTM5_c1816170,LSTM5,loso_subject_S004,55,0.00998401237376997,,0.07168890257284576,,0.001
LSTM5_c1816170,LSTM5,loso_subject_S004,56,0.01111847394323407,,0.07690145476691893,,0.001
LSTM5_c1816170,LSTM5,loso_subject_S004,57,0.009826315602538233,,0.07230957072860955,,0.001
LSTM5_c1816170,LSTM5,loso_subject_S004,58,0.01007708499642911,,0.07270647117345516,,0.001
LSTM5_c1816170,LSTM5,loso_subject_S004,59,0.01045599312888618,,0.07381086719099268,,0.001
LSTM5_c1816170,LSTM5,loso_subject_S004,60,0.010728655601770765,,0.07463312528047064,,0.001
LSTM5_c1816170,LSTM5,loso_subject_S004,61,0.011063689396140643,,0.07757920424640617,,0.001
LSTM5_c1816170,LSTM5,loso_subject_S004,62,0.01046990332132535,,0.07316243267884878,,0.001
LSTM5_c1816170,LSTM5,loso_subject_S004,63,0.010560214112920992,,0.07517067565176112,,0.001
LSTM5_c1816170,LSTM5,loso_subject_S004,64,0.010122014778750639,,0.07458229530860404,,0.001
LSTM5_c1816170,LSTM5,loso_subject_S004,65,0.009688276818095058,,0.07129286994846702,,0.001
LSTM5_c1816170,LSTM5,loso_subject_S004,66,0.010082161640169904,,0.07222632099187547,,0.001
LSTM5_c1816170,LSTM5,loso_subject_S004,67,0.011606141538017894,,0.07613941076084695,,0.001
LSTM5_c1816170,LSTM5,loso_subject_S004,68,0.009952049283763136,,0.07145693184506868,,0.001
LSTM5_c1816170,LSTM5,loso_subject_S004,69,0.010354077249374993,,0.07363822794123752,,0.001
LSTM5_c1816170,LSTM5,loso_subject_S004,70,0.010780154126028708,,0.07391195370102055,,0.001
LSTM5_c1816170,LSTM5,loso_subject_S004,71,0.009951331947011994,,0.07173863901244847,,0.001
LSTM5_c1816170,LSTM5,loso_subject_S004,72,0.009375833244684481,,0.06878731005861018,,0.001
LSTM5_c1816170,LSTM5,loso_subject_S004,73,0.009267445876432238,,0.06864290984612302,,0.001
LSTM5_c1816170,LSTM5,loso_subject_S004,74,0.008879969697056324,,0.06867392240752884,,0.001
LSTM5_c1816170,LSTM5,loso_subject_S004,75,0.009951540752850563,,0.07145888373488217,,0.001
LSTM5_c1816170,LSTM5,loso_subject_S004,76,0.009641706050434752,,0.07153505416658826,,0.001
LSTM5_c1816170,LSTM5,loso_subject_S004,77,0.010118729029424338,,0.07205359079985539,,0.001
LSTM5_c1816170,LSTM5,loso_subject_S004,78,0.010741611357042465,,0.07471839930946629,,0.001
LSTM5_c1816170,LSTM5,loso_subject_S004,79,0.01091442197316713,,0.07519293555862103,,0.001
LSTM5_c1816170,LSTM5,loso_subject_S004,80,0.009222021767820792,,0.06867206185696438,,0.001
LSTM5_c1816170,LSTM5,loso_subject_S005,1,0.3231226090684542,,0.40812382486414206,,0.001
LSTM5_c1816170,LSTM5,loso_subject_S005,2,0.04838864356100165,,0.16671609472633483,,0.001
LSTM5_c1816170,LSTM5,loso_subject_S005,3,0.030701199227241745,,0.13341956815032163,,0.001
LSTM5_c1816170,LSTM5,loso_subject_S005,4,0.025234204599935108,,0.11966803947254182,,0.001
LSTM5_c1816170,LSTM5,loso_subject_S005,5,0.021656873390096466,,0.1103851035712214,,0.001
LSTM5_c1816170,LSTM5,loso_subject_S005,6,0.019866912785897358,,0.10582713413170426,,0.001
LSTM5_c1816170,LSTM5,loso_subject_S005,7,0.017927056122448024,,0.10079167821342086,,0.001
LSTM5_c1816170,LSTM5,loso_subject_S005,8,0.016012738638580454,,0.09499007373403083,,0.001
LSTM5_c1816170,LSTM5,loso_subject_S005,9,0.016250740755763816,,0.0947217056488532,,0.001
LSTM5_c1816170,LSTM5,loso_subject_S005,10,0.015927133895792808,,0.09314106243045948,,0.001
LSTM5_c1816170,LSTM5,loso_subject_S005,11,0.014147730888065198,,0.08888004506505259,,0.001
LSTM5_c1816170,LSTM5,loso_subject_S005,12,0.014360004816466402,,0.08956923403441727,,0.001
LSTM5_c1816170,LSTM5,loso_subject_S005,13,0.014224279890877435,,0.08807797698159571,,0.001
LSTM5_c1816170,LSTM5,loso_subject_S005,14,0.013796413241719275,,0.08804005685514954,,0.001
LSTM5_c1816170,LSTM5,loso_subject_S005,15,0.013447693527255587,,0.08659220126670882,,0.001
LSTM5_c1816170,LSTM5,loso_subject_S005,16,0.012946036406829103,,0.08409049436763619,,0.001
LSTM5_c1816170,LSTM5,loso_subject_S005,17,0.012895269618468763,,0.08178587485904516,,0.001
LSTM5_c1816170,LSTM5,loso_subject_S005,18,0.01298566851473704,,0.08516154671227867,,0.001
LSTM5_c1816170,LSTM5,loso_subject_S005,19,0.012864761232043954,,0.08401928217527169,,0.001
LSTM5_c1816170,LSTM5,loso_subject_S005,20,0.013235549503512864,,0.0839983931576281,,0.001
LSTM5_c1816170,LSTM5,loso_subject_S005,21,0.012317023036740518,,0.08197703331673066,,0.001
LSTM5_c1816170,LSTM5,loso_subject_S005,22,0.012207806505760154,,0.08062898043276528,,0.001
LSTM5_c1816170,LSTM5,loso_subject_S005,23,0.011817884068629216,,0.07931400651377651,,0.001
LSTM5_c1816170,LSTM5,loso_subject_S005,24,0.012424042905382342,,0.08133847099772004,,0.001
LSTM5_c1816170,LSTM5,loso_subject_S005,25,0.0121837717447916,,0.08013321731689818,,0.001
LSTM5_c1816170,LSTM5,loso_subject_S005,26,0.011886803523463186,,0.0806839965772213,,0.001
LSTM5_c1816170,LSTM5,loso_subject_S005,27,0.011753501175100267,,0.0790919987949634,,0.001
LSTM5_c1816170,LSTM5,loso_subject_S005,28,0.011375855618636434,,0.07840940403296728,,0.001
LSTM5_c1816170,LSTM5,loso_subject_S005,29,0.010673243847579858,,0.07505807465572925,,0.001
LSTM5_c1816170,LSTM5,loso_subject_S005,30,0.012268512024221044,,0.07907113699904422,,0.001
LSTM5_c1816170,LSTM5,loso_subject_S005,31,0.010514941022261502,,0.07471567576037641,,0.001
LSTM5_c1816170,LSTM5,loso_subject_S005,32,0.01097937926293871,,0.07613967075021025,,0.001
LSTM5_c1816170,LSTM5,loso_subject_S005,33,0.010830115947493823,,0.07594602679586239,,0.001
LSTM5_c1816170,LSTM5,loso_subject_S005,34,0.011282281659462871,,0.07660871984742881,,0.001
LSTM5_c1816170,LSTM5,loso_subject_S005,35,0.010590551100151587,,0.07457172008196561,,0.001
LSTM5_c1816170,LSTM5,loso_subject_S005,36,0.011260242688610155,,0.0765791969150932,,0.001
LSTM5_c1816170,LSTM5,loso_subject_S005,37,0.01087189190340594,,0.0766653842861152,,0.001
LSTM5_c1816170,LSTM5,loso_subject_S005,38,0.010932187014665416,,0.07565548284381395,,0.001
LSTM5_c1816170,LSTM5,loso_subject_S005,39,0.010538376965215604,,0.07412803048515491,,0.001
LSTM5_c1816170,LSTM5,loso_subject_S005,40,0.009845938944043306,,0.07284601189093065,,0.001
LSTM5_c1816170,LSTM5,loso_subject_S005,41,0.010226928188240966,,0.07323783967628296,,0.001
LSTM5_c1816170,LSTM5,loso_subject_S005,42,0.011152913647194763,,0.07583846434081669,,0.001
LSTM5_c1816170,LSTM5,loso_subject_S005,43,0.00995165231383965,,0.07289698095437783,,0.001
LSTM5_c1816170,LSTM5,loso_subject_S005,44,0.010588782020159608,,0.07371225816007845,,0.001
LSTM5_c1816170,LSTM5,loso_subject_S005,45,0.009886832542659214,,0.07163866386668767,,0.001
LSTM5_c1816170,LSTM5,loso_subject_S005,46,0.010687333505916545,,0.07429974165062408,,0.001
LSTM5_c1816170,LSTM5,loso_subject_S005,47,0.011025736084901204,,0.07554772669159356,,0.001
LSTM5_c1816170,LSTM5,loso_subject_S005,48,0.010013307145137566,,0.07223480693005828,,0.001
LSTM5_c1816170,LSTM5,loso_subject_S005,49,0.01042695088906777,,0.0736409048726239,,0.001
LSTM5_c1816170,LSTM5,loso_subject_S005,50,0.00984822014616651,,0.07232833152577522,,0.001
LSTM5_c1816170,LSTM5,loso_subject_S005,51,0.010115847020100308,,0.07308644509716918,,0.001
LSTM5_c1816170,LSTM5,loso_subject_S005,52,0.010146312205030197,,0.07349610640048551,,0.001
LSTM5_c1816170,LSTM5,loso_subject_S005,53,0.01047590031986916,,0.07502334236525228,,0.001
LSTM5_c1816170,LSTM5,loso_subject_S005,54,0.010596242357242542,,0.07348728491753895,,0.001
LSTM5_c1816170,LSTM5,loso_subject_S005,55,0.01048000920250322,,0.07331564458858802,,0.001
LSTM5_c1816170,LSTM5,loso_subject_S005,56,0.010326017180969574,,0.07368051935876627,,0.001
LSTM5_c1816170,LSTM5,loso_subject_S005,57,0.010219560187339102,,0.07216681982208574,,0.001
LSTM5_c1816170,LSTM5,loso_subject_S005,58,0.009839500900373643,,0.07132041307364467,,0.001
LSTM5_c1816170,LSTM5,loso_subject_S005,59,0.010772313742315418,,0.07291352936591432,,0.001
LSTM5_c1816170,LSTM5,loso_subject_S005,60,0.009822349181657482,,0.07073421211340881,,0.001
LSTM5_c1816170,LSTM5,loso_subject_S005,61,0.00986222389629598,,0.07131606850703653,,0.001
LSTM5_c1816170,LSTM5,loso_subject_S005,62,0.010877252094362489,,0.07523636947768464,,0.001
LSTM5_c1816170,LSTM5,loso_subject_S005,63,0.009672851877996023,,0.06948101049668805,,0.001
LSTM5_c1816170,LSTM5,loso_subject_S005,64,0.010013238183025023,,0.07163721780442217,,0.001
LSTM5_c1816170,LSTM5,loso_subject_S005,65,0.009055626229733067,,0.06932833391144845,,0.001
LSTM5_c1816170,LSTM5,loso_subject_S005,66,0.009789485232910154,,0.07124116250229255,,0.001
LSTM5_c1816170,LSTM5,loso_subject_S005,67,0.010047955563380392,,0.07215388790355413,,0.001
LSTM5_c1816170,LSTM5,loso_subject_S005,68,0.009582094536221716,,0.07118187101935308,,0.001
LSTM5_c1816170,LSTM5,loso_subject_S005,69,0.009012974222413008,,0.06849151880212097,,0.001
LSTM5_c1816170,LSTM5,loso_subject_S005,70,0.010233256394089486,,0.07153707233963784,,0.001
LSTM5_c1816170,LSTM5,loso_subject_S005,71,0.010314243664753343,,0.07239619411317541,,0.001
LSTM5_c1816170,LSTM5,loso_subject_S005,72,0.010016373582677138,,0.07238850509159836,,0.001
LSTM5_c1816170,LSTM5,loso_subject_S005,73,0.009160960867936021,,0.0691888278962902,,0.001
LSTM5_c1816170,LSTM5,loso_subject_S005,74,0.009274017636709575,,0.069476864842213,,0.001
LSTM5_c1816170,LSTM5,loso_subject_S005,75,0.010064309177291874,,0.07186409140199476,,0.001
LSTM5_c1816170,LSTM5,loso_subject_S005,76,0.010734917679426366,,0.07364160128909998,,0.001
LSTM5_c1816170,LSTM5,loso_subject_S005,77,0.011095509121515936,,0.07516988593316623,,0.001
LSTM5_c1816170,LSTM5,loso_subject_S005,78,0.009585835105698652,,0.0699394174542903,,0.001
LSTM5_c1816170,LSTM5,loso_subject_S005,79,0.00955233583422809,,0.07081970162532879,,0.001
LSTM5_c1816170,LSTM5,loso_subject_S005,80,0.010099268541349321,,0.0707388935152551,,0.001
LSTM5_c1816170,LSTM5,loso_subject_S006,1,0.3037192147134917,,0.40046971467186904,,0.001
LSTM5_c1816170,LSTM5,loso_subject_S006,2,0.04256080964926401,,0.15824091917994698,,0.001
LSTM5_c1816170,LSTM5,loso_subject_S006,3,0.02759470094211654,,0.12600528809500394,,0.001
LSTM5_c1816170,LSTM5,loso_subject_S006,4,0.02526808245559197,,0.12002194792180079,,0.001
LSTM5_c1816170,LSTM5,loso_subject_S006,5,0.022644057984594044,,0.11397803484141253,,0.001
LSTM5_c1816170,LSTM5,loso_subject_S006,6,0.020571212412537815,,0.10747063451487085,,0.001
LSTM5_c1816170,LSTM5,loso_subject_S006,7,0.018446920397749856,,0.10071922623888549,,0.001
LSTM5_c1816170,LSTM5,loso_subject_S006,8,0.01620326555237013,,0.09580503206298968,,0.001
LSTM5_c1816170,LSTM5,loso_subject_S006,9,0.016661101752994862,,0.09834809538910749,,0.001
LSTM5_c1816170,LSTM5,loso_subject_S006,10,0.01648982619279183,,0.09492364464051041,,0.001
LSTM5_c1816170,LSTM5,loso_subject_S006,11,0.01573328139287044,,0.09402391393643132,,0.001
LSTM5_c1816170,LSTM5,loso_subject_S006,12,0.014930569784194535,,0.09237815736245929,,0.001
LSTM5_c1816170,LSTM5,loso_subject_S006,13,0.014516832994534665,,0.09015502036270052,,0.001
LSTM5_c1816170,LSTM5,loso_subject_S006,14,0.013599905974321614,,0.08711860218904162,,0.001
LSTM5_c1816170,LSTM5,loso_subject_S006,15,0.01315704327802817,,0.08607346108626233,,0.001
LSTM5_c1816170,LSTM5,loso_subject_S006,16,0.01314313772213565,,0.08537467141035941,,0.001
LSTM5_c1816170,LSTM5,loso_subject_S006,17,0.012650405258692526,,0.08414735969428874,,0.001
LSTM5_c1816170,LSTM5,loso_subject_S006,18,0.012656081631194843,,0.08215920204258118,,0.001
LSTM5_c1816170,LSTM5,loso_subject_S006,19,0.011764491223688025,,0.0794880142147909,,0.001
LSTM5_c1816170,LSTM5,loso_subject_S006,20,0.011434031319148188,,0.07829520094792976,,0.001
LSTM5_c1816170,LSTM5,loso_subject_S006,21,0.011517769808445896,,0.07949274941422274,,0.001
LSTM5_c1816170,LSTM5,loso_subject_S006,22,0.012110470524690947,,0.08100731558999934,,0.001
LSTM5_c1816170,LSTM5,loso_subject_S006,23,0.011245794970947659,,0.07887297902209507,,0.001
LSTM5_c1816170,LSTM5,loso_subject_S006,24,0.011351811057263739,,0.07801945621122207,,0.001
LSTM5_c1816170,LSTM5,loso_subject_S006,25,0.012280020869340012,,0.08055046242277233,,0.001
LSTM5_c1816170,LSTM5,loso_subject_S006,26,0.01128838841781903,,0.07846583477307034,,0.001
LSTM5_c1816170,LSTM5,loso_subject_S006,27,0.011229441278356747,,0.07730344831421732,,0.001
LSTM5_c1816170,LSTM5,loso_subject_S006,28,0.011447455540521172,,0.07807758743357025,,0.001
LSTM5_c1816170,LSTM5,loso_subject_S006,29,0.011096618680143742,,0.07715969549903447,,0.001
LSTM5_c1816170,LSTM5,loso_subject_S006,30,0.011150870755095245,,0.07832256758703517,,0.001
LSTM5_c1816170,LSTM5,loso_subject_S006,31,0.010991766465909894,,0.07654860852705274,,0.001
LSTM5_c1816170,LSTM5,loso_subject_S006,32,0.011300515131560175,,0.07818966085617905,,0.001
LSTM5_c1816170,LSTM5,loso_subject_S006,33,0.011605163619817956,,0.07811399918622444,,0.001
LSTM5_c1816170,LSTM5,loso_subject_S006,34,0.01110618343119688,,0.07591400387894491,,0.001
LSTM5_c1816170,LSTM5,loso_subject_S006,35,0.011938920895168724,,0.07765285453349048,,0.001
LSTM5_c1816170,LSTM5,loso_subject_S006,36,0.010273515335130629,,0.07419986524794447,,0.001
LSTM5_c1816170,LSTM5,loso_subject_S006,37,0.011673285605492974,,0.07939103785559844,,0.001
LSTM5_c1816170,LSTM5,loso_subject_S006,38,0.01065869028711279,,0.07570753172409579,,0.001
LSTM5_c1816170,LSTM5,loso_subject_S006,39,0.011360869539381466,,0.07844415896438739,,0.001
LSTM5_c1816170,LSTM5,loso_subject_S006,40,0.012003200833620746,,0.08032770677944436,,0.001
LSTM5_c1816170,LSTM5,loso_subject_S006,41,0.010336255935692809,,0.07463242257514499,,0.001
LSTM5_c1816170,LSTM5,loso_subject_S006,42,0.010467022330602638,,0.0749351142410777,,0.001
LSTM5_c1816170,LSTM5,loso_subject_S006,43,0.010522969857919206,,0.07463765153914108,,0.001
LSTM5_c1816170,LSTM5,loso_subject_S006,44,0.010329966179793905,,0.0731001005472405,,0.001
LSTM5_c1816170,LSTM5,loso_subject_S006,45,0.010097925270779039,,0.07289213119528543,,0.001
LSTM5_c1816170,LSTM5,loso_subject_S006,46,0.010675682478100888,,0.07500950216829586,,0.001
LSTM5_c1816170,LSTM5,loso_subject_S006,47,0.010820928430018948,,0.07600467552509467,,0.001
LSTM5_c1816170,LSTM5,loso_subject_S006,48,0.01027831307829496,,0.07428198953672509,,0.001
LSTM5_c1816170,LSTM5,loso_subject_S006,49,0.010283143710978776,,0.0732416562672986,,0.001
LSTM5_c1816170,LSTM5,loso_subject_S006,50,0.0105326259707114,,0.07385605589742385,,0.001
LSTM5_c1816170,LSTM5,loso_subject_S006,51,0.010341943552277858,,0.07372951227546538,,0.001
LSTM5_c1816170,LSTM5,loso_subject_S006,52,0.009804195845089276,,0.07353543122099272,,0.001
LSTM5_c1816170,LSTM5,loso_subject_S006,53,0.009708800652589696,,0.07130548287958106,,0.001
LSTM5_c1816170,LSTM5,loso_subject_S006,54,0.010713029976772226,,0.0735505364959185,,0.001
LSTM5_c1816170,LSTM5,loso_subject_S006,55,0.010377515659066689,,0.07398434515650049,,0.001
LSTM5_c1816170,LSTM5,loso_subject_S006,56,0.009876855915650913,,0.0712622583569018,,0.001
LSTM5_c1816170,LSTM5,loso_subject_S006,57,0.01052696309056484,,0.0733400624292148,,0.001
LSTM5_c1816170,LSTM5,loso_subject_S006,58,0.010199342055345699,,0.07228853485702182,,0.001
LSTM5_c1816170,LSTM5,loso_subject_S006,59,0.009966643194515538,,0.07285964547248565,,0.001
LSTM5_c1816170,LSTM5,loso_subject_S006,60,0.009396095263796443,,0.069670565778551,,0.001
LSTM5_c1816170,LSTM5,loso_subject_S006,61,0.009746533862024606,,0.07230328377809127,,0.001
LSTM5_c1816170,LSTM5,loso_subject_S006,62,0.009576443490102943,,0.07086563725182082,,0.001
LSTM5_c1816170,LSTM5,loso_subject_S006,63,0.010946861551957695,,0.0745042739911611,,0.001
LSTM5_c1816170,LSTM5,loso_subject_S006,64,0.010282627328347631,,0.07259363295395728,,0.001
LSTM5_c1816170,LSTM5,loso_subject_S006,65,0.0096034471348889,,0.07126675895761742,,0.001
LSTM5_c1816170,LSTM5,loso_subject_S006,66,0.010583262437824644,,0.07334115578072009,,0.001
LSTM5_c1816170,LSTM5,loso_subject_S006,67,0.009837562222656613,,0.07210179882057213,,0.001
LSTM5_c1816170,LSTM5,loso_subject_S006,68,0.010207280499911191,,0.0736443789217644,,0.001
LSTM5_c1816170,LSTM5,loso_subject_S006,69,0.009895645894967879,,0.07205447694164412,,0.001
LSTM5_c1816170,LSTM5,loso_subject_S006,70,0.01017725736398477,,0.07265122703118682,,0.001
LSTM5_c1816170,LSTM5,loso_subject_S006,71,0.010217835125112528,,0.07149227534760216,,0.001
LSTM5_c1816170,LSTM5,loso_subject_S006,72,0.01011050359457666,,0.07347495720303542,,0.001
LSTM5_c1816170,LSTM5,loso_subject_S006,73,0.009502210064054944,,0.0714566563925974,,0.001
LSTM5_c1816170,LSTM5,loso_subject_S006,74,0.009473927047289528,,0.06980233387719935,,0.001
LSTM5_c1816170,LSTM5,loso_subject_S006,75,0.009422224213246627,,0.06964872084690629,,0.001
LSTM5_c1816170,LSTM5,loso_subject_S006,76,0.009649852969878558,,0.07016640992116087,,0.001
LSTM5_c1816170,LSTM5,loso_subject_S006,77,0.009989759048024698,,0.07184553945772426,,0.001
LSTM5_c1816170,LSTM5,loso_subject_S006,78,0.009679776874023292,,0.07098406009530409,,0.001
LSTM5_c1816170,LSTM5,loso_subject_S006,79,0.010054386061349101,,0.07210787930527199,,0.001
LSTM5_c1816170,LSTM5,loso_subject_S006,80,0.010123750735981962,,0.0729455936048968,,0.001
LSTM5_c1816170,LSTM5,loso_subject_S007,1,0.32122536872299196,,0.41055830689627343,,0.001
LSTM5_c1816170,LSTM5,loso_subject_S007,2,0.04505688114006206,,0.161049555719453,,0.001
LSTM5_c1816170,LSTM5,loso_subject_S007,3,0.029305636242481312,,0.12919071946942864,,0.001
LSTM5_c1816170,LSTM5,loso_subject_S007,4,0.02388798726513188,,0.11787304977911833,,0.001
LSTM5_c1816170,LSTM5,loso_subject_S007,5,0.022645283908189335,,0.11284631760683353,,0.001
LSTM5_c1816170,LSTM5,loso_subject_S007,6,0.020026495038337793,,0.1066050166817879,,0.001
LSTM5_c1816170,LSTM5,loso_subject_S007,7,0.01724330956645354,,0.09966776592966099,,0.001
LSTM5_c1816170,LSTM5,loso_subject_S007,8,0.016729946488870908,,0.09737348426988877,,0.001
LSTM5_c1816170,LSTM5,loso_subject_S007,9,0.017472379355174147,,0.09849980906613547,,0.001
LSTM5_c1816170,LSTM5,loso_subject_S007,10,0.015110517082335446,,0.09201411882750785,,0.001
LSTM5_c1816170,LSTM5,loso_subject_S007,11,0.015307740674286694,,0.09109931634610456,,0.001
LSTM5_c1816170,LSTM5,loso_subject_S007,12,0.014384905513503007,,0.0891366645790349,,0.001
LSTM5_c1816170,LSTM5,loso_subject_S007,13,0.014257179091903115,,0.08830148693532062,,0.001
LSTM5_c1816170,LSTM5,loso_subject_S007,14,0.012797825340738965,,0.08392781473299456,,0.001
LSTM5_c1816170,LSTM5,loso_subject_S007,15,0.013036650925387661,,0.08578408354141236,,0.001
LSTM5_c1816170,LSTM5,loso_subject_S007,16,0.014468202041501427,,0.08757551000147815,,0.001
LSTM5_c1816170,LSTM5,loso_subject_S007,17,0.012411118712812603,,0.08205135480287412,,0.001
LSTM5_c1816170,LSTM5,loso_subject_S007,18,0.013390124322272885,,0.08595843345481062,,0.001
LSTM5_c1816170,LSTM5,loso_subject_S007,19,0.012131647450104671,,0.08188797745965977,,0.001
LSTM5_c1816170,LSTM5,loso_subject_S007,20,0.012958472587795922,,0.08301705446343047,,0.001
LSTM5_c1816170,LSTM5,loso_subject_S007,21,0.012083083646785007,,0.0815067589031068,,0.001
LSTM5_c1816170,LSTM5,loso_subject_S007,22,0.01193090781588375,,0.08095805537796383,,0.001
LSTM5_c1816170,LSTM5,loso_subject_S007,23,0.011957062140661383,,0.08015599083517531,,0.001
LSTM5_c1816170,LSTM5,loso_subject_S007,24,0.012653737233163908,,0.08133918341069733,,0.001
LSTM5_c1816170,LSTM5,loso_subject_S007,25,0.011912978261343927,,0.08054111145329697,,0.001
LSTM5_c1816170,LSTM5,loso_subject_S007,26,0.011445919546424906,,0.07907533821555117,,0.001
LSTM5_c1816170,LSTM5,loso_subject_S007,27,0.011457222486694209,,0.07758539254630442,,0.001
LSTM5_c1816170,LSTM5,loso_subject_S007,28,0.011429350858590457,,0.07748745341629638,,0.001
LSTM5_c1816170,LSTM5,loso_subject_S007,29,0.01216146302829077,,0.0797564052055842,,0.001
LSTM5_c1816170,LSTM5,loso_subject_S007,30,0.01108328972135666,,0.07789478330301143,,0.001
LSTM5_c1816170,LSTM5,loso_subject_S007,31,0.011123140275879339,,0.0776490587819862,,0.001
LSTM5_c1816170,LSTM5,loso_subject_S007,32,0.010606516715245167,,0.07373508879855573,,0.001
LSTM5_c1816170,LSTM5,loso_subject_S007,33,0.011098183478942788,,0.07558554222203201,,0.001
LSTM5_c1816170,LSTM5,loso_subject_S007,34,0.010660933860084034,,0.0745473797198214,,0.001
LSTM5_c1816170,LSTM5,loso_subject_S007,35,0.011104594563415065,,0.0766664985834998,,0.001
LSTM5_c1816170,LSTM5,loso_subject_S007,36,0.010647986143004495,,0.07395732465467006,,0.001
LSTM5_c1816170,LSTM5,loso_subject_S007,37,0.010755236324623005,,0.07479859325928767,,0.001
LSTM5_c1816170,LSTM5,loso_subject_S007,38,0.011317851754951414,,0.07724332806929027,,0.001
LSTM5_c1816170,LSTM5,loso_subject_S007,39,0.010946320207533946,,0.07487021467343254,,0.001
LSTM5_c1816170,LSTM5,loso_subject_S007,40,0.011255170810924647,,0.07706080812086485,,0.001
LSTM5_c1816170,LSTM5,loso_subject_S007,41,0.011710240754014667,,0.07871049394420114,,0.001
LSTM5_c1816170,LSTM5,loso_subject_S007,42,0.010349549897378282,,0.07449403829047566,,0.001
LSTM5_c1816170,LSTM5,loso_subject_S007,43,0.010467166284445089,,0.07402082800310945,,0.001
LSTM5_c1816170,LSTM5,loso_subject_S007,44,0.01071638673377032,,0.07377351376457125,,0.001
LSTM5_c1816170,LSTM5,loso_subject_S007,45,0.011147632282888571,,0.07490745280436577,,0.001
LSTM5_c1816170,LSTM5,loso_subject_S007,46,0.010014297415193503,,0.07272764626616456,,0.001
LSTM5_c1816170,LSTM5,loso_subject_S007,47,0.01011633074289478,,0.07273577231778397,,0.001
LSTM5_c1816170,LSTM5,loso_subject_S007,48,0.010436801365546507,,0.07313899671940711,,0.001
LSTM5_c1816170,LSTM5,loso_subject_S007,49,0.011318160673914644,,0.07528132658528422,,0.001
LSTM5_c1816170,LSTM5,loso_subject_S007,50,0.009827591047146499,,0.07108857779729262,,0.001
LSTM5_c1816170,LSTM5,loso_subject_S007,51,0.009862096256989262,,0.07046257574966706,,0.001
LSTM5_c1816170,LSTM5,loso_subject_S007,52,0.010471264036856729,,0.073396206764931,,0.001
LSTM5_c1816170,LSTM5,loso_subject_S007,53,0.010654041932244458,,0.0749413626660559,,0.001
LSTM5_c1816170,LSTM5,loso_subject_S007,54,0.009676557109830546,,0.07150094878063903,,0.001
LSTM5_c1816170,LSTM5,loso_subject_S007,55,0.010360606573679543,,0.07226037776329108,,0.001
LSTM5_c1816170,LSTM5,loso_subject_S007,56,0.01050380367597276,,0.072697530678248,,0.001
LSTM5_c1816170,LSTM5,loso_subject_S007,57,0.009792453439359885,,0.07150560166717214,,0.001
LSTM5_c1816170,LSTM5,loso_subject_S007,58,0.011063741677760591,,0.07487511606695417,,0.001
LSTM5_c1816170,LSTM5,loso_subject_S007,59,0.010203594180486863,,0.07177774634377054,,0.001
LSTM5_c1816170,LSTM5,loso_subject_S007,60,0.010280557908117771,,0.07259529396140028,,0.001
LSTM5_c1816170,LSTM5,loso_subject_S007,61,0.010212009171720424,,0.07283877081923433,,0.001
LSTM5_c1816170,LSTM5,loso_subject_S007,62,0.010714745994528168,,0.07394196209176288,,0.001
LSTM5_c1816170,LSTM5,loso_subject_S007,63,0.010513249120264868,,0.0735373794570645,,0.001
LSTM5_c1816170,LSTM5,loso_subject_S007,64,0.009971140959570654,,0.07151081711767626,,0.001
LSTM5_c1816170,LSTM5,loso_subject_S007,65,0.010268050308921079,,0.07244583298225207,,0.001
LSTM5_c1816170,LSTM5,loso_subject_S007,66,0.009776662947769046,,0.07090395451574535,,0.001
LSTM5_c1816170,LSTM5,loso_subject_S007,67,0.010005233972051272,,0.07078789110946535,,0.001
LSTM5_c1816170,LSTM5,loso_subject_S007,68,0.009913083449820627,,0.07138915269492074,,0.001
LSTM5_c1816170,LSTM5,loso_subject_S007,69,0.010021947552055061,,0.07132434006281792,,0.001
LSTM5_c1816170,LSTM5,loso_subject_S007,70,0.009741643078942203,,0.07067960999731818,,0.001
LSTM5_c1816170,LSTM5,loso_subject_S007,71,0.010203555517347892,,0.07174294927307302,,0.001
LSTM5_c1816170,LSTM5,loso_subject_S007,72,0.009851214925452299,,0.07136090826290398,,0.001
LSTM5_c1816170,LSTM5,loso_subject_S007,73,0.009516735424996934,,0.07078237783097656,,0.001
LSTM5_c1816170,LSTM5,loso_subject_S007,74,0.009634714035664219,,0.06998492577489782,,0.001
LSTM5_c1816170,LSTM5,loso_subject_S007,75,0.00975186805977943,,0.07141426509830373,,0.001
LSTM5_c1816170,LSTM5,loso_subject_S007,76,0.010086014628290677,,0.07167274736667828,,0.001
LSTM5_c1816170,LSTM5,loso_subject_S007,77,0.009943838084311292,,0.07128124104885694,,0.001
LSTM5_c1816170,LSTM5,loso_subject_S007,78,0.010028746827862681,,0.0717621501057576,,0.001
LSTM5_c1816170,LSTM5,loso_subject_S007,79,0.010267478214179539,,0.0716826263662962,,0.001
LSTM5_c1816170,LSTM5,loso_subject_S007,80,0.010131235263042968,,0.07173684206847641,,0.001
LSTM5_c1816170,LSTM5,loso_subject_S008,1,0.2946547981375592,,0.3953881783050149,,0.001
LSTM5_c1816170,LSTM5,loso_subject_S008,2,0.03984819642759123,,0.15438564707655317,,0.001
LSTM5_c1816170,LSTM5,loso_subject_S008,3,0.030714126010607946,,0.1336941047543807,,0.001
LSTM5_c1816170,LSTM5,loso_subject_S008,4,0.024260088763237347,,0.11878419243291918,,0.001
LSTM5_c1816170,LSTM5,loso_subject_S008,5,0.021621076475159685,,0.11294024476030544,,0.001
LSTM5_c1816170,LSTM5,loso_subject_S008,6,0.020927236489014293,,0.10876982828254515,,0.001
LSTM5_c1816170,LSTM5,loso_subject_S008,7,0.019948022003024556,,0.10652050995003626,,0.001
LSTM5_c1816170,LSTM5,loso_subject_S008,8,0.016603388870979625,,0.09850623852733006,,0.001
LSTM5_c1816170,LSTM5,loso_subject_S008,9,0.017011481190657252,,0.09774164157505967,,0.001
LSTM5_c1816170,LSTM5,loso_subject_S008,10,0.016207385877983274,,0.09483807066192816,,0.001
LSTM5_c1816170,LSTM5,loso_subject_S008,11,0.016517948359251022,,0.09530416528616403,,0.001
LSTM5_c1816170,LSTM5,loso_subject_S008,12,0.01569171810621857,,0.0937612607700215,,0.001
LSTM5_c1816170,LSTM5,loso_subject_S008,13,0.01464211417529939,,0.09040186046298447,,0.001
LSTM5_c1816170,LSTM5,loso_subject_S008,14,0.012950643975529634,,0.08487126176262404,,0.001
LSTM5_c1816170,LSTM5,loso_subject_S008,15,0.014602089351432201,,0.08931879414111428,,0.001
LSTM5_c1816170,LSTM5,loso_subject_S008,16,0.01292568903510127,,0.08492882470417748,,0.001
LSTM5_c1816170,LSTM5,loso_subject_S008,17,0.01392094094596145,,0.08774207936978047,,0.001
LSTM5_c1816170,LSTM5,loso_subject_S008,18,0.013129858613437104,,0.08567468546038835,,0.001
LSTM5_c1816170,LSTM5,loso_subject_S008,19,0.011603626930206631,,0.08071169215747667,,0.001
LSTM5_c1816170,LSTM5,loso_subject_S008,20,0.012616348627795596,,0.08213614568663592,,0.001
LSTM5_c1816170,LSTM5,loso_subject_S008,21,0.012816376799925717,,0.08297257985529528,,0.001
LSTM5_c1816170,LSTM5,loso_subject_S008,22,0.011559511929959704,,0.07971587768418528,,0.001
LSTM5_c1816170,LSTM5,loso_subject_S008,23,0.012869824341461803,,0.0827939175963053,,0.001
LSTM5_c1816170,LSTM5,loso_subject_S008,24,0.012485648718465832,,0.08213396171612514,,0.001
LSTM5_c1816170,LSTM5,loso_subject_S008,25,0.012945635164687339,,0.08246807944118942,,0.001
LSTM5_c1816170,LSTM5,loso_subject_S008,26,0.011736693421477913,,0.07889975024078798,,0.001
LSTM5_c1816170,LSTM5,loso_subject_S008,27,0.011350902729281352,,0.07801490576993379,,0.001
LSTM5_c1816170,LSTM5,loso_subject_S008,28,0.011284156003558215,,0.07752132222858558,,0.001
LSTM5_c1816170,LSTM5,loso_subject_S008,29,0.011188161488014261,,0.07755304505910142,,0.001
LSTM5_c1816170,LSTM5,loso_subject_S008,30,0.011369375532712066,,0.07815661628372562,,0.001
LSTM5_c1816170,LSTM5,loso_subject_S008,31,0.01205238533375764,,0.07957238386150269,,0.001
LSTM5_c1816170,LSTM5,loso_subject_S008,32,0.01162856939369175,,0.07884928836084515,,0.001
LSTM5_c1816170,LSTM5,loso_subject_S008,33,0.011577308363231599,,0.07774163129526387,,0.001
LSTM5_c1816170,LSTM5,loso_subject_S008,34,0.011341285811723011,,0.07804230929746343,,0.001
LSTM5_c1816170,LSTM5,loso_subject_S008,35,0.011800462688494315,,0.08033836690949864,,0.001
LSTM5_c1816170,LSTM5,loso_subject_S008,36,0.010224460265580118,,0.07349635370734005,,0.001
LSTM5_c1816170,LSTM5,loso_subject_S008,37,0.011289977326862745,,0.07606753367318125,,0.001
LSTM5_c1816170,LSTM5,loso_subject_S008,38,0.010960506958120779,,0.0760554198487381,,0.001
LSTM5_c1816170,LSTM5,loso_subject_S008,39,0.011472040493065255,,0.07805075095350662,,0.001
LSTM5_c1816170,LSTM5,loso_subject_S008,40,0.009979466864083892,,0.07282889296718688,,0.001
LSTM5_c1816170,LSTM5,loso_subject_S008,41,0.010975951834861353,,0.07705387957241537,,0.001
LSTM5_c1816170,LSTM5,loso_subject_S008,42,0.010751297346475949,,0.07606040086050073,,0.001
LSTM5_c1816170,LSTM5,loso_subject_S008,43,0.010204872645049712,,0.07350937815055016,,0.001
LSTM5_c1816170,LSTM5,loso_subject_S008,44,0.010295813824739493,,0.07291036811992395,,0.001
LSTM5_c1816170,LSTM5,loso_subject_S008,45,0.01009979094348678,,0.07276548733395258,,0.001
LSTM5_c1816170,LSTM5,loso_subject_S008,46,0.01128441734635094,,0.07853961261637801,,0.001
LSTM5_c1816170,LSTM5,loso_subject_S008,47,0.010882565935320538,,0.07538385191826599,,0.001
LSTM5_c1816170,LSTM5,loso_subject_S008,48,0.010346940561645104,,0.07238667439113519,,0.001
LSTM5_c1816170,LSTM5,loso_subject_S008,49,0.010723743307082154,,0.07485094160765776,,0.001
LSTM5_c1816170,LSTM5,loso_subject_S008,50,0.010918212383157194,,0.07559600689559041,,0.001
LSTM5_c1816170,LSTM5,loso_subject_S008,51,0.010827836078128981,,0.07473376346234344,,0.001
LSTM5_c1816170,LSTM5,loso_subject_S008,52,0.009693523670011023,,0.07070431762607632,,0.001
LSTM5_c1816170,LSTM5,loso_subject_S008,53,0.01118567268347238,,0.07465605878948538,,0.001
LSTM5_c1816170,LSTM5,loso_subject_S008,54,0.010401198938826831,,0.07383823564364381,,0.001
LSTM5_c1816170,LSTM5,loso_subject_S008,55,0.009453931953343838,,0.06984132540947935,,0.001
LSTM5_c1816170,LSTM5,loso_subject_S008,56,0.010478118593674295,,0.07307265568557296,,0.001
LSTM5_c1816170,LSTM5,loso_subject_S008,57,0.010114568367931771,,0.07271868594300335,,0.001
LSTM5_c1816170,LSTM5,loso_subject_S008,58,0.010547084943105283,,0.07328620860369461,,0.001
LSTM5_c1816170,LSTM5,loso_subject_S008,59,0.009756826109543329,,0.07050187028225156,,0.001
LSTM5_c1816170,LSTM5,loso_subject_S008,60,0.009785413037442792,,0.07117899028162568,,0.001
LSTM5_c1816170,LSTM5,loso_subject_S008,61,0.010209520726702833,,0.07249231355329087,,0.001
LSTM5_c1816170,LSTM5,loso_subject_S008,62,0.011266670237753634,,0.07654399214221973,,0.001
LSTM5_c1816170,LSTM5,loso_subject_S008,63,0.011062883423731787,,0.07526660835258162,,0.001
LSTM5_c1816170,LSTM5,loso_subject_S008,64,0.010337250574228707,,0.07193495242514758,,0.001
LSTM5_c1816170,LSTM5,loso_subject_S008,65,0.010151381589114805,,0.07250526754295637,,0.001
LSTM5_c1816170,LSTM5,loso_subject_S008,66,0.009516425551753981,,0.070374563837728,,0.001
LSTM5_c1816170,LSTM5,loso_subject_S008,67,0.010333838459538081,,0.07169177965410904,,0.001
LSTM5_c1816170,LSTM5,loso_subject_S008,68,0.009426790781944746,,0.07013195054251385,,0.001
LSTM5_c1816170,LSTM5,loso_subject_S008,69,0.01043759495774126,,0.07285111430419894,,0.001
LSTM5_c1816170,LSTM5,loso_subject_S008,70,0.010740232706776204,,0.07424654373479489,,0.001
LSTM5_c1816170,LSTM5,loso_subject_S008,71,0.009689025402683798,,0.06975825954470598,,0.001
LSTM5_c1816170,LSTM5,loso_subject_S008,72,0.009261741263125988,,0.06883565439352729,,0.001
LSTM5_c1816170,LSTM5,loso_subject_S008,73,0.009715511580747146,,0.07002308916337592,,0.001
LSTM5_c1816170,LSTM5,loso_subject_S008,74,0.010119877804142644,,0.07187891127231039,,0.001
LSTM5_c1816170,LSTM5,loso_subject_S008,75,0.00988894386376124,,0.07268595316427154,,0.001
LSTM5_c1816170,LSTM5,loso_subject_S008,76,0.009546799182231364,,0.070128572214288,,0.001
LSTM5_c1816170,LSTM5,loso_subject_S008,77,0.009744054875448303,,0.07079197937211773,,0.001
LSTM5_c1816170,LSTM5,loso_subject_S008,78,0.009664952183047483,,0.06902305259995463,,0.001
LSTM5_c1816170,LSTM5,loso_subject_S008,79,0.010128526779457343,,0.07243922122603205,,0.001
LSTM5_c1816170,LSTM5,loso_subject_S008,80,0.00962414017525889,,0.0701413874592329,,0.001
LSTM5_c1816170,LSTM5,loso_subject_S009,1,0.31694299215508875,,0.4038778782484689,,0.001
LSTM5_c1816170,LSTM5,loso_subject_S009,2,0.05691424715953182,,0.17615814781649175,,0.001
LSTM5_c1816170,LSTM5,loso_subject_S009,3,0.03332148783563046,,0.13604953220742724,,0.001
LSTM5_c1816170,LSTM5,loso_subject_S009,4,0.024587633602024237,,0.11778318754874012,,0.001
LSTM5_c1816170,LSTM5,loso_subject_S009,5,0.02234121500299884,,0.11307744345028106,,0.001
LSTM5_c1816170,LSTM5,loso_subject_S009,6,0.02127545326948166,,0.10883480607349875,,0.001
LSTM5_c1816170,LSTM5,loso_subject_S009,7,0.01877725286035802,,0.10432170715605188,,0.001
LSTM5_c1816170,LSTM5,loso_subject_S009,8,0.018262424542200967,,0.10154390024255548,,0.001
LSTM5_c1816170,LSTM5,loso_subject_S009,9,0.015665650613615256,,0.09434169304474799,,0.001
LSTM5_c1816170,LSTM5,loso_subject_S009,10,0.015569932395789498,,0.09405750629131406,,0.001
LSTM5_c1816170,LSTM5,loso_subject_S009,11,0.015205379327292906,,0.09283988018187313,,0.001
LSTM5_c1816170,LSTM5,loso_subject_S009,12,0.015900163675842814,,0.09403058631371146,,0.001
LSTM5_c1816170,LSTM5,loso_subject_S009,13,0.01354373104239386,,0.08743746001574942,,0.001
LSTM5_c1816170,LSTM5,loso_subject_S009,14,0.014722233141771289,,0.08933034427881538,,0.001
LSTM5_c1816170,LSTM5,loso_subject_S009,15,0.013871410567021162,,0.08655444296032822,,0.001
LSTM5_c1816170,LSTM5,loso_subject_S009,16,0.01458175838513214,,0.08992416966488471,,0.001
LSTM5_c1816170,LSTM5,loso_subject_S009,17,0.013322701059504508,,0.08658314222565029,,0.001
LSTM5_c1816170,LSTM5,loso_subject_S009,18,0.01331789517058419,,0.08491775258948764,,0.001
LSTM5_c1816170,LSTM5,loso_subject_S009,19,0.013220883221603271,,0.0850660984925137,,0.001
LSTM5_c1816170,LSTM5,loso_subject_S009,20,0.01251753959990342,,0.0831530009805785,,0.001
LSTM5_c1816170,LSTM5,loso_subject_S009,21,0.012959976766402294,,0.08445277930716352,,0.001
LSTM5_c1816170,LSTM5,loso_subject_S009,22,0.012984479005085502,,0.08364680661804798,,0.001
LSTM5_c1816170,LSTM5,loso_subject_S009,23,0.011989976459207154,,0.08128580154101846,,0.001
LSTM5_c1816170,LSTM5,loso_subject_S009,24,0.011914971218459485,,0.08079556681002359,,0.001
LSTM5_c1816170,LSTM5,loso_subject_S009,25,0.011878728985457054,,0.08080032484079358,,0.001
LSTM5_c1816170,LSTM5,loso_subject_S009,26,0.011762172926639487,,0.07924156156304764,,0.001
LSTM5_c1816170,LSTM5,loso_subject_S009,27,0.01200770376456593,,0.08019906234177082,,0.001
LSTM5_c1816170,LSTM5,loso_subject_S009,28,0.011202984755095628,,0.0785920271837845,,0.001
LSTM5_c1816170,LSTM5,loso_subject_S009,29,0.011279627695855955,,0.07797821967457774,,0.001
LSTM5_c1816170,LSTM5,loso_subject_S009,30,0.011499291258037165,,0.07807196366831494,,0.001
LSTM5_c1816170,LSTM5,loso_subject_S009,31,0.01053897096574826,,0.07600775343432076,,0.001
LSTM5_c1816170,LSTM5,loso_subject_S009,32,0.011958649898687862,,0.08116982548798006,,0.001
LSTM5_c1816170,LSTM5,loso_subject_S009,33,0.011964292990352267,,0.08049104230044639,,0.001
LSTM5_c1816170,LSTM5,loso_subject_S009,34,0.01052920013819247,,0.0745671518044929,,0.001
LSTM5_c1816170,LSTM5,loso_subject_S009,35,0.010620254653843484,,0.07528896408983661,,0.001
LSTM5_c1816170,LSTM5,loso_subject_S009,36,0.011054908936776008,,0.07629956321728185,,0.001
LSTM5_c1816170,LSTM5,loso_subject_S009,37,0.01145996397493377,,0.0769604462967863,,0.001
LSTM5_c1816170,LSTM5,loso_subject_S009,38,0.011075503559919958,,0.07750421550918189,,0.001
LSTM5_c1816170,LSTM5,loso_subject_S009,39,0.011139809078586799,,0.07547415011234182,,0.001
LSTM5_c1816170,LSTM5,loso_subject_S009,40,0.011134089991348246,,0.07562353498166703,,0.001
LSTM5_c1816170,LSTM5,loso_subject_S009,41,0.010849996940795319,,0.0754470840875862,,0.001
LSTM5_c1816170,LSTM5,loso_subject_S009,42,0.010846331166996532,,0.0760303394472317,,0.001
LSTM5_c1816170,LSTM5,loso_subject_S009,43,0.011215335071309566,,0.07682542819274615,,0.001
LSTM5_c1816170,LSTM5,loso_subject_S009,44,0.010845383717347943,,0.07492367441709134,,0.001
LSTM5_c1816170,LSTM5,loso_subject_S009,45,0.011217266673762653,,0.07758331920483044,,0.001
LSTM5_c1816170,LSTM5,loso_subject_S009,46,0.01044351355419732,,0.07472000443660752,,0.001
LSTM5_c1816170,LSTM5,loso_subject_S009,47,0.010843233798037876,,0.0756714018908414,,0.001
LSTM5_c1816170,LSTM5,loso_subject_S009,48,0.010487380268801454,,0.074702021388678,,0.001
LSTM5_c1816170,LSTM5,loso_subject_S009,49,0.010372932196582018,,0.07390762328322174,,0.001
LSTM5_c1816170,LSTM5,loso_subject_S009,50,0.0112041877945108,,0.07630460476444786,,0.001
LSTM5_c1816170,LSTM5,loso_subject_S009,51,0.010079234933589643,,0.07333746622055583,,0.001
LSTM5_c1816170,LSTM5,loso_subject_S009,52,0.009675914876320739,,0.07087019508980577,,0.001
LSTM5_c1816170,LSTM5,loso_subject_S009,53,0.010855486090521178,,0.07575972639905709,,0.001
LSTM5_c1816170,LSTM5,loso_subject_S009,54,0.0108042126765027,,0.0755107685144188,,0.001
LSTM5_c1816170,LSTM5,loso_subject_S009,55,0.010987444471099308,,0.0743995328639097,,0.001
LSTM5_c1816170,LSTM5,loso_subject_S009,56,0.010326180379758885,,0.07386110400129225,,0.001
LSTM5_c1816170,LSTM5,loso_subject_S009,57,0.010724338905243285,,0.07457125732955867,,0.001
LSTM5_c1816170,LSTM5,loso_subject_S009,58,0.010020786730496034,,0.0728647549211014,,0.001
LSTM5_c1816170,LSTM5,loso_subject_S009,59,0.010243488686764671,,0.07303060907151453,,0.001
LSTM5_c1816170,LSTM5,loso_subject_S009,60,0.010154933449470091,,0.07282338077074861,,0.001
LSTM5_c1816170,LSTM5,loso_subject_S009,61,0.010816890211685434,,0.07446838476478237,,0.001
LSTM5_c1816170,LSTM5,loso_subject_S009,62,0.01005994528474038,,0.07151960644634396,,0.001
LSTM5_c1816170,LSTM5,loso_subject_S009,63,0.009496759353054787,,0.07092169275133874,,0.001
LSTM5_c1816170,LSTM5,loso_subject_S009,64,0.010298189968636183,,0.07239947643868654,,0.001
LSTM5_c1816170,LSTM5,loso_subject_S009,65,0.01096940503234176,,0.07587575351130472,,0.001
LSTM5_c1816170,LSTM5,loso_subject_S009,66,0.010315534604219244,,0.07339267446607314,,0.001
LSTM5_c1816170,LSTM5,loso_subject_S009,67,0.010714646218898956,,0.07437109409983399,,0.001
LSTM5_c1816170,LSTM5,loso_subject_S009,68,0.012254276247358746,,0.07904564832820839,,0.001
LSTM5_c1816170,LSTM5,loso_subject_S009,69,0.011390948960392888,,0.07701782839532807,,0.001
LSTM5_c1816170,LSTM5,loso_subject_S009,70,0.010567972217344332,,0.07427782829790602,,0.001
LSTM5_c1816170,LSTM5,loso_subject_S009,71,0.009644892652418144,,0.07118808502240911,,0.001
LSTM5_c1816170,LSTM5,loso_subject_S009,72,0.010417452597570783,,0.07265618538593,,0.001
LSTM5_c1816170,LSTM5,loso_subject_S009,73,0.01051491590919597,,0.07357451069176865,,0.001
LSTM5_c1816170,LSTM5,loso_subject_S009,74,0.010299089349630019,,0.07340301125592194,,0.001
LSTM5_c1816170,LSTM5,loso_subject_S009,75,0.010823633476562919,,0.07379369510994159,,0.001
LSTM5_c1816170,LSTM5,loso_subject_S009,76,0.009784880759957645,,0.07072179565950765,,0.001
LSTM5_c1816170,LSTM5,loso_subject_S009,77,0.00959104428631468,,0.07099821814248897,,0.001
LSTM5_c1816170,LSTM5,loso_subject_S009,78,0.01042296899109151,,0.07250850745111444,,0.001
LSTM5_c1816170,LSTM5,loso_subject_S009,79,0.010128614118097729,,0.07180075530208657,,0.001
LSTM5_c1816170,LSTM5,loso_subject_S009,80,0.010102860623179642,,0.07244745742153855,,0.001
LSTM5_c1816170,LSTM5,loso_subject_S010,1,0.3261656768876931,,0.4101666314114491,,0.001
LSTM5_c1816170,LSTM5,loso_subject_S010,2,0.05344734280347237,,0.17139912437041993,,0.001
LSTM5_c1816170,LSTM5,loso_subject_S010,3,0.032827209130736994,,0.13518240174342847,,0.001
LSTM5_c1816170,LSTM5,loso_subject_S010,4,0.02564801506037489,,0.12136430161193086,,0.001
LSTM5_c1816170,LSTM5,loso_subject_S010,5,0.021212798924061464,,0.10944662320202794,,0.001
LSTM5_c1816170,LSTM5,loso_subject_S010,6,0.02220967296841256,,0.11049538267216659,,0.001
LSTM5_c1816170,LSTM5,loso_subject_S010,7,0.017564646028018938,,0.10061195334924265,,0.001
LSTM5_c1816170,LSTM5,loso_subject_S010,8,0.01682397959928207,,0.0967570199755025,,0.001
LSTM5_c1816170,LSTM5,loso_subject_S010,9,0.016393026938028816,,0.09647297664669346,,0.001
LSTM5_c1816170,LSTM5,loso_subject_S010,10,0.015165310128238695,,0.09299455961129935,,0.001
LSTM5_c1816170,LSTM5,loso_subject_S010,11,0.014883962510327987,,0.09131845949318608,,0.001
LSTM5_c1816170,LSTM5,loso_subject_S010,12,0.014937505116823858,,0.09126709570438404,,0.001
LSTM5_c1816170,LSTM5,loso_subject_S010,13,0.014225372755578879,,0.08808205133588443,,0.001
LSTM5_c1816170,LSTM5,loso_subject_S010,14,0.012994478470439394,,0.08442795467494156,,0.001
LSTM5_c1816170,LSTM5,loso_subject_S010,15,0.014833500062854126,,0.09021704119120913,,0.001
LSTM5_c1816170,LSTM5,loso_subject_S010,16,0.01335322774781529,,0.08587827526143031,,0.001
LSTM5_c1816170,LSTM5,loso_subject_S010,17,0.013691762216811256,,0.08667507081343036,,0.001
LSTM5_c1816170,LSTM5,loso_subject_S010,18,0.013034956575614478,,0.08335328362698625,,0.001
LSTM5_c1816170,LSTM5,loso_subject_S010,19,0.013821447121318926,,0.08742534193058907,,0.001
LSTM5_c1816170,LSTM5,loso_subject_S010,20,0.01358301023232379,,0.08563208157939864,,0.001
LSTM5_c1816170,LSTM5,loso_subject_S010,21,0.01292677793027879,,0.08338864320164244,,0.001
LSTM5_c1816170,LSTM5,loso_subject_S010,22,0.011879335919147348,,0.08072429436621407,,0.001
LSTM5_c1816170,LSTM5,loso_subject_S010,23,0.011705192361082056,,0.07892543268321182,,0.001
LSTM5_c1816170,LSTM5,loso_subject_S010,24,0.011759379057424703,,0.07886660609192449,,0.001
LSTM5_c1816170,LSTM5,loso_subject_S010,25,0.012039454786905221,,0.08128697124167616,,0.001
LSTM5_c1816170,LSTM5,loso_subject_S010,26,0.011324991784035572,,0.07692046133168225,,0.001
LSTM5_c1816170,LSTM5,loso_subject_S010,27,0.01154231424145217,,0.07895173029652958,,0.001
LSTM5_c1816170,LSTM5,loso_subject_S010,28,0.011505009854221579,,0.08006536457779373,,0.001
LSTM5_c1816170,LSTM5,loso_subject_S010,29,0.011179115224097456,,0.07710100710391998,,0.001
LSTM5_c1816170,LSTM5,loso_subject_S010,30,0.012308704992526858,,0.08201408371549522,,0.001
LSTM5_c1816170,LSTM5,loso_subject_S010,31,0.01170950268711803,,0.07803145399674993,,0.001
LSTM5_c1816170,LSTM5,loso_subject_S010,32,0.012268595938832302,,0.07941141361233049,,0.001
LSTM5_c1816170,LSTM5,loso_subject_S010,33,0.010787346086056509,,0.07654115840278823,,0.001
LSTM5_c1816170,LSTM5,loso_subject_S010,34,0.010823527424426502,,0.07582291145923689,,0.001
LSTM5_c1816170,LSTM5,loso_subject_S010,35,0.01068852564751221,,0.07437646561508696,,0.001
LSTM5_c1816170,LSTM5,loso_subject_S010,36,0.011243281846985293,,0.07675013364535835,,0.001
LSTM5_c1816170,LSTM5,loso_subject_S010,37,0.010521006522691015,,0.07454484994775556,,0.001
LSTM5_c1816170,LSTM5,loso_subject_S010,38,0.010850062387366894,,0.07434338709256919,,0.001
LSTM5_c1816170,LSTM5,loso_subject_S010,39,0.010968195921351464,,0.07665060937698251,,0.001
LSTM5_c1816170,LSTM5,loso_subject_S010,40,0.011019015868235692,,0.07666088523242275,,0.001
LSTM5_c1816170,LSTM5,loso_subject_S010,41,0.010426950480403572,,0.07416372261757921,,0.001
LSTM5_c1816170,LSTM5,loso_subject_S010,42,0.010242980010256978,,0.07367748444156694,,0.001
LSTM5_c1816170,LSTM5,loso_subject_S010,43,0.010767427245567878,,0.07539461175062387,,0.001
LSTM5_c1816170,LSTM5,loso_subject_S010,44,0.010783030087210863,,0.07500455521157222,,0.001
LSTM5_c1816170,LSTM5,loso_subject_S010,45,0.010671240603321879,,0.07443436407690565,,0.001
LSTM5_c1816170,LSTM5,loso_subject_S010,46,0.009839572374860347,,0.07217761037384936,,0.001
LSTM5_c1816170,LSTM5,loso_subject_S010,47,0.009974634559283702,,0.07304085644301522,,0.001
LSTM5_c1816170,LSTM5,loso_subject_S010,48,0.01025547298689928,,0.07407336091173106,,0.001
LSTM5_c1816170,LSTM5,loso_subject_S010,49,0.010654975559213771,,0.07406074318832952,,0.001
LSTM5_c1816170,LSTM5,loso_subject_S010,50,0.0101303899559775,,0.07312811235782549,,0.001
LSTM5_c1816170,LSTM5,loso_subject_S010,51,0.009760086089739658,,0.07145971500227603,,0.001
LSTM5_c1816170,LSTM5,loso_subject_S010,52,0.010585855807319943,,0.07307572288466205,,0.001
LSTM5_c1816170,LSTM5,loso_subject_S010,53,0.010550792361127919,,0.07297557522657469,,0.001
LSTM5_c1816170,LSTM5,loso_subject_S010,54,0.010624549879229127,,0.07316626512945579,,0.001
LSTM5_c1816170,LSTM5,loso_subject_S010,55,0.00977398534970624,,0.07177492315546045,,0.001
LSTM5_c1816170,LSTM5,loso_subject_S010,56,0.010141328874094586,,0.07172554292775728,,0.001
LSTM5_c1816170,LSTM5,loso_subject_S010,57,0.01045535663555702,,0.07291595729554227,,0.001
LSTM5_c1816170,LSTM5,loso_subject_S010,58,0.010658138537127984,,0.07265326942275897,,0.001
LSTM5_c1816170,LSTM5,loso_subject_S010,59,0.009806281825059594,,0.07061371581601392,,0.001
LSTM5_c1816170,LSTM5,loso_subject_S010,60,0.009873785541892933,,0.07221277593979107,,0.001
LSTM5_c1816170,LSTM5,loso_subject_S010,61,0.010429388536094444,,0.0726519606163349,,0.001
LSTM5_c1816170,LSTM5,loso_subject_S010,62,0.01011253123543239,,0.07139161944829772,,0.001
LSTM5_c1816170,LSTM5,loso_subject_S010,63,0.009919379622184584,,0.07050377681043934,,0.001
LSTM5_c1816170,LSTM5,loso_subject_S010,64,0.011065756837869513,,0.07526503448269051,,0.001
LSTM5_c1816170,LSTM5,loso_subject_S010,65,0.010274154810794616,,0.07265384344778625,,0.001
LSTM5_c1816170,LSTM5,loso_subject_S010,66,0.010034024986103543,,0.07109804561572709,,0.001
LSTM5_c1816170,LSTM5,loso_subject_S010,67,0.010453412777244164,,0.07259124137571292,,0.001
LSTM5_c1816170,LSTM5,loso_subject_S010,68,0.00995390604162965,,0.0719899666390102,,0.001
LSTM5_c1816170,LSTM5,loso_subject_S010,69,0.009683139874540232,,0.0716139267524475,,0.001
LSTM5_c1816170,LSTM5,loso_subject_S010,70,0.00983464606381549,,0.07170037226063278,,0.001
LSTM5_c1816170,LSTM5,loso_subject_S010,71,0.010760970422860438,,0.0749290661491784,,0.001
LSTM5_c1816170,LSTM5,loso_subject_S010,72,0.009535820055936504,,0.06937331629210505,,0.001
LSTM5_c1816170,LSTM5,loso_subject_S010,73,0.009875388664601765,,0.07036536275019199,,0.001
LSTM5_c1816170,LSTM5,loso_subject_S010,74,0.009674981383267294,,0.07071496267330471,,0.001
LSTM5_c1816170,LSTM5,loso_subject_S010,75,0.008927641798893512,,0.06786205120421396,,0.001
LSTM5_c1816170,LSTM5,loso_subject_S010,76,0.01060511737722408,,0.0742466055737634,,0.001
LSTM5_c1816170,LSTM5,loso_subject_S010,77,0.010095484375843566,,0.07082590989291375,,0.001
LSTM5_c1816170,LSTM5,loso_subject_S010,78,0.00960829178917364,,0.069915365280923,,0.001
LSTM5_c1816170,LSTM5,loso_subject_S010,79,0.009502184646103182,,0.0689366389377951,,0.001
LSTM5_c1816170,LSTM5,loso_subject_S010,80,0.010177527191897332,,0.07179332067593565,,0.001
LSTM5_c1816170,LSTM5,loso_subject_S011,1,0.3188345053237333,,0.403142756773943,,0.001
LSTM5_c1816170,LSTM5,loso_subject_S011,2,0.04369521659841566,,0.15920065646685738,,0.001
LSTM5_c1816170,LSTM5,loso_subject_S011,3,0.028483646657961686,,0.13008109001852736,,0.001
LSTM5_c1816170,LSTM5,loso_subject_S011,4,0.024566915459061478,,0.11962171281017968,,0.001
LSTM5_c1816170,LSTM5,loso_subject_S011,5,0.02208661269589136,,0.11205553009863971,,0.001
LSTM5_c1816170,LSTM5,loso_subject_S011,6,0.020414841161873,,0.10838394564090839,,0.001
LSTM5_c1816170,LSTM5,loso_subject_S011,7,0.017065810571745194,,0.0977902392803126,,0.001
LSTM5_c1816170,LSTM5,loso_subject_S011,8,0.01843010643153194,,0.1019376055242568,,0.001
LSTM5_c1816170,LSTM5,loso_subject_S011,9,0.01574026899580105,,0.09440185185329249,,0.001
LSTM5_c1816170,LSTM5,loso_subject_S011,10,0.014746970397198746,,0.09180160628375839,,0.001
LSTM5_c1816170,LSTM5,loso_subject_S011,11,0.014491646443019061,,0.08996373928500068,,0.001
LSTM5_c1816170,LSTM5,loso_subject_S011,12,0.014341735292055494,,0.08997607661887146,,0.001
LSTM5_c1816170,LSTM5,loso_subject_S011,13,0.013739471305354307,,0.0861644369944864,,0.001
LSTM5_c1816170,LSTM5,loso_subject_S011,14,0.013887584960002843,,0.088261437810066,,0.001
LSTM5_c1816170,LSTM5,loso_subject_S011,15,0.012120636102180801,,0.0816755228569976,,0.001
LSTM5_c1816170,LSTM5,loso_subject_S011,16,0.014494160446097614,,0.09005894362926484,,0.001
LSTM5_c1816170,LSTM5,loso_subject_S011,17,0.013274942694487741,,0.08591622283662968,,0.001
LSTM5_c1816170,LSTM5,loso_subject_S011,18,0.013990851364853727,,0.08704355383289089,,0.001
LSTM5_c1816170,LSTM5,loso_subject_S011,19,0.01282459340103664,,0.08402746502898821,,0.001
LSTM5_c1816170,LSTM5,loso_subject_S011,20,0.012391202240092804,,0.08201285312543767,,0.001
LSTM5_c1816170,LSTM5,loso_subject_S011,21,0.012885056162580429,,0.0841051199147409,,0.001
LSTM5_c1816170,LSTM5,loso_subject_S011,22,0.01313506002225631,,0.0844709267776509,,0.001
LSTM5_c1816170,LSTM5,loso_subject_S011,23,0.012165465959770113,,0.08086070326353634,,0.001
LSTM5_c1816170,LSTM5,loso_subject_S011,24,0.010896234001353537,,0.07728373088063659,,0.001
LSTM5_c1816170,LSTM5,loso_subject_S011,25,0.0115182414582134,,0.07823058515346913,,0.001
LSTM5_c1816170,LSTM5,loso_subject_S011,26,0.010923435453165934,,0.07671228199536903,,0.001
LSTM5_c1816170,LSTM5,loso_subject_S011,27,0.011917710526016825,,0.07973072453342829,,0.001
LSTM5_c1816170,LSTM5,loso_subject_S011,28,0.01154454371684191,,0.07987968137424489,,0.001
LSTM5_c1816170,LSTM5,loso_subject_S011,29,0.01162915539431167,,0.07754314975425095,,0.001
LSTM5_c1816170,LSTM5,loso_subject_S011,30,0.011239204517781647,,0.07792894107288237,,0.001
LSTM5_c1816170,LSTM5,loso_subject_S011,31,0.01097745121163667,,0.0769136153282584,,0.001
LSTM5_c1816170,LSTM5,loso_subject_S011,32,0.011065577042111618,,0.07737373257361276,,0.001
LSTM5_c1816170,LSTM5,loso_subject_S011,33,0.010569514444254701,,0.07623206913207095,,0.001
LSTM5_c1816170,LSTM5,loso_subject_S011,34,0.011191531617959282,,0.07581398049740883,,0.001
LSTM5_c1816170,LSTM5,loso_subject_S011,35,0.009940877186472871,,0.0742031644507032,,0.001
LSTM5_c1816170,LSTM5,loso_subject_S011,36,0.011013547345814315,,0.07746136605387424,,0.001
LSTM5_c1816170,LSTM5,loso_subject_S011,37,0.010954552312743365,,0.07650550234308975,,0.001
LSTM5_c1816170,LSTM5,loso_subject_S011,38,0.010405316827694942,,0.07456560475831546,,0.001
LSTM5_c1816170,LSTM5,loso_subject_S011,39,0.010825656307379727,,0.07581343072820097,,0.001
LSTM5_c1816170,LSTM5,loso_subject_S011,40,0.010697577814495898,,0.07475528490111959,,0.001
LSTM5_c1816170,LSTM5,loso_subject_S011,41,0.011238685805499114,,0.07650394581445387,,0.001
LSTM5_c1816170,LSTM5,loso_subject_S011,42,0.011287722555009793,,0.07641491534922992,,0.001
LSTM5_c1816170,LSTM5,loso_subject_S011,43,0.010921681394038428,,0.0749055303479139,,0.001
LSTM5_c1816170,LSTM5,loso_subject_S011,44,0.010184914688614129,,0.07366941524353125,,0.001
LSTM5_c1816170,LSTM5,loso_subject_S011,45,0.01006564543399536,,0.07254161682623704,,0.001
LSTM5_c1816170,LSTM5,loso_subject_S011,46,0.010785764184239785,,0.07477366737856295,,0.001
LSTM5_c1816170,LSTM5,loso_subject_S011,47,0.010110349695788397,,0.07234588471878227,,0.001
LSTM5_c1816170,LSTM5,loso_subject_S011,48,0.009678239202844956,,0.07091907242992604,,0.001
LSTM5_c1816170,LSTM5,loso_subject_S011,49,0.010913568366445503,,0.0749012836941588,,0.001
LSTM5_c1816170,LSTM5,loso_subject_S011,50,0.010679907767319476,,0.07433904077929267,,0.001
LSTM5_c1816170,LSTM5,loso_subject_S011,51,0.010308818053591727,,0.07269960713835552,,0.001
LSTM5_c1816170,LSTM5,loso_subject_S011,52,0.010020606860001207,,0.07193321494751526,,0.001
LSTM5_c1816170,LSTM5,loso_subject_S011,53,0.009762559805555128,,0.07130232418569539,,0.001
LSTM5_c1816170,LSTM5,loso_subject_S011,54,0.009968503158225882,,0.07220673193739648,,0.001
LSTM5_c1816170,LSTM5,loso_subject_S011,55,0.010558040237860366,,0.0732364542375111,,0.001
LSTM5_c1816170,LSTM5,loso_subject_S011,56,0.010243343966332108,,0.07368096952908501,,0.001
LSTM5_c1816170,LSTM5,loso_subject_S011,57,0.009756809912148747,,0.07184361531956333,,0.001
LSTM5_c1816170,LSTM5,loso_subject_S011,58,0.009572913931569902,,0.07080456345084851,,0.001
LSTM5_c1816170,LSTM5,loso_subject_S011,59,0.010726094558735981,,0.07402323886113822,,0.001
LSTM5_c1816170,LSTM5,loso_subject_S011,60,0.010335043143684613,,0.07337060246721153,,0.001
LSTM5_c1816170,LSTM5,loso_subject_S011,61,0.01067139497810928,,0.07364523223927313,,0.001
LSTM5_c1816170,LSTM5,loso_subject_S011,62,0.011180766314224091,,0.07712481820204761,,0.001
LSTM5_c1816170,LSTM5,loso_subject_S011,63,0.011182872892977832,,0.07661891879632167,,0.001
LSTM5_c1816170,LSTM5,loso_subject_S011,64,0.010026315962029084,,0.07169849578747897,,0.001
LSTM5_c1816170,LSTM5,loso_subject_S011,65,0.010037465824125172,,0.0718101068714873,,0.001
LSTM5_c1816170,LSTM5,loso_subject_S011,66,0.009833318675198266,,0.07128790197247416,,0.001
LSTM5_c1816170,LSTM5,loso_subject_S011,67,0.009717275799861511,,0.07104825532198657,,0.001
LSTM5_c1816170,LSTM5,loso_subject_S011,68,0.009825489774313335,,0.07191712248800776,,0.001
LSTM5_c1816170,LSTM5,loso_subject_S011,69,0.010316549160103678,,0.07262331299934993,,0.001
LSTM5_c1816170,LSTM5,loso_subject_S011,70,0.010233269695418185,,0.07172955681337388,,0.001
LSTM5_c1816170,LSTM5,loso_subject_S011,71,0.009856514734638363,,0.07077866202355136,,0.001
LSTM5_c1816170,LSTM5,loso_subject_S011,72,0.01001717808767823,,0.07078915612120044,,0.001
LSTM5_c1816170,LSTM5,loso_subject_S011,73,0.010256032270009312,,0.07319060771820993,,0.001
LSTM5_c1816170,LSTM5,loso_subject_S011,74,0.009457330317394683,,0.06906956951938668,,0.001
LSTM5_c1816170,LSTM5,loso_subject_S011,75,0.009728929041396479,,0.0707868297571974,,0.001
LSTM5_c1816170,LSTM5,loso_subject_S011,76,0.010755054481283513,,0.07485585510730744,,0.001
LSTM5_c1816170,LSTM5,loso_subject_S011,77,0.009503523612524241,,0.06990773639307417,,0.001
LSTM5_c1816170,LSTM5,loso_subject_S011,78,0.009897320147774332,,0.0710531036932148,,0.001
LSTM5_c1816170,LSTM5,loso_subject_S011,79,0.00959729773516559,,0.07095869891180422,,0.001
LSTM5_c1816170,LSTM5,loso_subject_S011,80,0.009971599444675436,,0.0705455858541028,,0.001
LSTM5_c1816170,LSTM5,loso_subject_S012,1,0.32565389103563874,,0.4220700600948978,,0.001
LSTM5_c1816170,LSTM5,loso_subject_S012,2,0.04420507822224047,,0.15731188402389465,,0.001
LSTM5_c1816170,LSTM5,loso_subject_S012,3,0.029296046926499113,,0.13022241124147535,,0.001
LSTM5_c1816170,LSTM5,loso_subject_S012,4,0.023775004594971078,,0.11716883052769561,,0.001
LSTM5_c1816170,LSTM5,loso_subject_S012,5,0.022162224890639605,,0.11303486662332882,,0.001
LSTM5_c1816170,LSTM5,loso_subject_S012,6,0.019759713176763706,,0.10651534615678059,,0.001
LSTM5_c1816170,LSTM5,loso_subject_S012,7,0.01790350875687319,,0.10185820353101178,,0.001
LSTM5_c1816170,LSTM5,loso_subject_S012,8,0.017273834319826264,,0.09925866825902689,,0.001
LSTM5_c1816170,LSTM5,loso_subject_S012,9,0.017657695384627747,,0.10036260254582645,,0.001
LSTM5_c1816170,LSTM5,loso_subject_S012,10,0.015768714244074014,,0.09405207618655262,,0.001
LSTM5_c1816170,LSTM5,loso_subject_S012,11,0.015393908070769603,,0.09297202701479328,,0.001
LSTM5_c1816170,LSTM5,loso_subject_S012,12,0.015097779985763428,,0.09271921727494521,,0.001
LSTM5_c1816170,LSTM5,loso_subject_S012,13,0.014744296293054734,,0.09026064067510081,,0.001
LSTM5_c1816170,LSTM5,loso_subject_S012,14,0.014022574851647698,,0.08755257441477629,,0.001
LSTM5_c1816170,LSTM5,loso_subject_S012,15,0.013688600929002667,,0.08673300768047702,,0.001
LSTM5_c1816170,LSTM5,loso_subject_S012,16,0.014677938569211312,,0.08854059026017239,,0.001
LSTM5_c1816170,LSTM5,loso_subject_S012,17,0.013700746650781576,,0.08707930096883255,,0.001
LSTM5_c1816170,LSTM5,loso_subject_S012,18,0.012977101719868472,,0.08513160197395235,,0.001
LSTM5_c1816170,LSTM5,loso_subject_S012,19,0.011676217971175427,,0.07946585783961936,,0.001
LSTM5_c1816170,LSTM5,loso_subject_S012,20,0.012408348371065529,,0.08172927703407543,,0.001
LSTM5_c1816170,LSTM5,loso_subject_S012,21,0.012722916356814416,,0.08293947092368215,,0.001
LSTM5_c1816170,LSTM5,loso_subject_S012,22,0.011924496825603923,,0.07986887692967526,,0.001
LSTM5_c1816170,LSTM5,loso_subject_S012,23,0.012832692727752894,,0.08284209442602555,,0.001
LSTM5_c1816170,LSTM5,loso_subject_S012,24,0.01159708741450581,,0.07847676914781551,,0.001
LSTM5_c1816170,LSTM5,loso_subject_S012,25,0.011844206403629107,,0.07966385709775527,,0.001
LSTM5_c1816170,LSTM5,loso_subject_S012,26,0.010927539168366076,,0.07798811012821576,,0.001
LSTM5_c1816170,LSTM5,loso_subject_S012,27,0.011872728130398606,,0.08010413461582251,,0.001
LSTM5_c1816170,LSTM5,loso_subject_S012,28,0.011249598047850591,,0.07743212040212887,,0.001
LSTM5_c1816170,LSTM5,loso_subject_S012,29,0.011101152969964626,,0.076423992621391,,0.001
LSTM5_c1816170,LSTM5,loso_subject_S012,30,0.01091126302878062,,0.07658836945738211,,0.001
LSTM5_c1816170,LSTM5,loso_subject_S012,31,0.011366618970318775,,0.07747490451111842,,0.001
LSTM5_c1816170,LSTM5,loso_subject_S012,32,0.010499148444708836,,0.07496714469007108,,0.001
LSTM5_c1816170,LSTM5,loso_subject_S012,33,0.011162954438258942,,0.07748906730883447,,0.001
LSTM5_c1816170,LSTM5,loso_subject_S012,34,0.01125664700221998,,0.07675615205770021,,0.001
LSTM5_c1816170,LSTM5,loso_subject_S012,35,0.011133393469142144,,0.07646927818896662,,0.001
LSTM5_c1816170,LSTM5,loso_subject_S012,36,0.01044438753506817,,0.07453109097288219,,0.001
LSTM5_c1816170,LSTM5,loso_subject_S012,37,0.011353408705262623,,0.07689327655165906,,0.001
LSTM5_c1816170,LSTM5,loso_subject_S012,38,0.009971965744916388,,0.07324111822243129,,0.001
LSTM5_c1816170,LSTM5,loso_subject_S012,39,0.010607561735893093,,0.07546330724956356,,0.001
LSTM5_c1816170,LSTM5,loso_subject_S012,40,0.010457823621095453,,0.07491671366619819,,0.001
LSTM5_c1816170,LSTM5,loso_subject_S012,41,0.010314253808605033,,0.07473191178230112,,0.001
LSTM5_c1816170,LSTM5,loso_subject_S012,42,0.01083921835663429,,0.07533894544481005,,0.001
LSTM5_c1816170,LSTM5,loso_subject_S012,43,0.010394117205503579,,0.07401006473624934,,0.001
LSTM5_c1816170,LSTM5,loso_subject_S012,44,0.01045822416036971,,0.07476060157217819,,0.001
LSTM5_c1816170,LSTM5,loso_subject_S012,45,0.011774947976887707,,0.07873633608615871,,0.001
LSTM5_c1816170,LSTM5,loso_subject_S012,46,0.011012415926241578,,0.07619097610489738,,0.001
LSTM5_c1816170,LSTM5,loso_subject_S012,47,0.009913300562009937,,0.07300706766381662,,0.001
LSTM5_c1816170,LSTM5,loso_subject_S012,48,0.010485713360571301,,0.07481328512647253,,0.001
LSTM5_c1816170,LSTM5,loso_subject_S012,49,0.011434303471071867,,0.07689437118089497,,0.001
LSTM5_c1816170,LSTM5,loso_subject_S012,50,0.010303560827644036,,0.07320882361190785,,0.001
LSTM5_c1816170,LSTM5,loso_subject_S012,51,0.010721999741324857,,0.07562752012464269,,0.001
LSTM5_c1816170,LSTM5,loso_subject_S012,52,0.009422983074897187,,0.07077874837993,,0.001
LSTM5_c1816170,LSTM5,loso_subject_S012,53,0.011105908452096927,,0.0750022916563632,,0.001
LSTM5_c1816170,LSTM5,loso_subject_S012,54,0.010647886825271399,,0.07446975330117865,,0.001
LSTM5_c1816170,LSTM5,loso_subject_S012,55,0.009855327019044,,0.07115338844262206,,0.001
LSTM5_c1816170,LSTM5,loso_subject_S012,56,0.009536825014598306,,0.06969525054009651,,0.001
LSTM5_c1816170,LSTM5,loso_subject_S012,57,0.010594899012883591,,0.07419583786076561,,0.001
LSTM5_c1816170,LSTM5,loso_subject_S012,58,0.009661772215353234,,0.07136879306445212,,0.001
LSTM5_c1816170,LSTM5,loso_subject_S012,59,0.010455001194834184,,0.0734594462814135,,0.001
LSTM5_c1816170,LSTM5,loso_subject_S012,60,0.010899756605519466,,0.0749720455627347,,0.001
LSTM5_c1816170,LSTM5,loso_subject_S012,61,0.009487288097732,,0.0709787162214999,,0.001
LSTM5_c1816170,LSTM5,loso_subject_S012,62,0.009425456014772257,,0.06978588488921195,,0.001
LSTM5_c1816170,LSTM5,loso_subject_S012,63,0.010722785893275175,,0.07578678113379668,,0.001
LSTM5_c1816170,LSTM5,loso_subject_S012,64,0.010308428298238878,,0.07289382304761029,,0.001
LSTM5_c1816170,LSTM5,loso_subject_S012,65,0.010801004543599621,,0.07485016397420706,,0.001
LSTM5_c1816170,LSTM5,loso_subject_S012,66,0.010515314260998224,,0.0743702189075089,,0.001
LSTM5_c1816170,LSTM5,loso_subject_S012,67,0.009519928388253796,,0.07060911407292152,,0.001
LSTM5_c1816170,LSTM5,loso_subject_S012,68,0.009632374408481185,,0.07129255132790704,,0.001
LSTM5_c1816170,LSTM5,loso_subject_S012,69,0.00988450998306362,,0.070172407273504,,0.001
LSTM5_c1816170,LSTM5,loso_subject_S012,70,0.00949906360210301,,0.07064877754178517,,0.001
LSTM5_c1816170,LSTM5,loso_subject_S012,71,0.010824115290723621,,0.07393903199490297,,0.001
LSTM5_c1816170,LSTM5,loso_subject_S012,72,0.010077205172530683,,0.07275437795490071,,0.001
LSTM5_c1816170,LSTM5,loso_subject_S012,73,0.00957226286506863,,0.06999225354317176,,0.001
LSTM5_c1816170,LSTM5,loso_subject_S012,74,0.009865822116249458,,0.07042648560762756,,0.001
LSTM5_c1816170,LSTM5,loso_subject_S012,75,0.010568798176955196,,0.07470244639464237,,0.001
LSTM5_c1816170,LSTM5,loso_subject_S012,76,0.009907663952307598,,0.0704945042970072,,0.001
LSTM5_c1816170,LSTM5,loso_subject_S012,77,0.010057499179296556,,0.07112346157190909,,0.001
LSTM5_c1816170,LSTM5,loso_subject_S012,78,0.009029648141599043,,0.06792773887536949,,0.001
LSTM5_c1816170,LSTM5,loso_subject_S012,79,0.009812593630210068,,0.07083940977960956,,0.001
LSTM5_c1816170,LSTM5,loso_subject_S012,80,0.009234799307507084,,0.06882154268271422,,0.001
LSTM5_c1816170,LSTM5,loso_subject_S013,1,0.2946591684236658,,0.38717172545914647,,0.001
LSTM5_c1816170,LSTM5,loso_subject_S013,2,0.048273926766043966,,0.16369503593033385,,0.001
LSTM5_c1816170,LSTM5,loso_subject_S013,3,0.03180602401643856,,0.13363914422255518,,0.001
LSTM5_c1816170,LSTM5,loso_subject_S013,4,0.02500815470817141,,0.11959842868575608,,0.001
LSTM5_c1816170,LSTM5,loso_subject_S013,5,0.02153765634232368,,0.11092348847692748,,0.001
LSTM5_c1816170,LSTM5,loso_subject_S013,6,0.020271654455924517,,0.10708919180376111,,0.001
LSTM5_c1816170,LSTM5,loso_subject_S013,7,0.017988963780094017,,0.10034478764136272,,0.001
LSTM5_c1816170,LSTM5,loso_subject_S013,8,0.01630954984705213,,0.09617950857055574,,0.001
LSTM5_c1816170,LSTM5,loso_subject_S013,9,0.016319106881375063,,0.09481845348126015,,0.001
LSTM5_c1816170,LSTM5,loso_subject_S013,10,0.015338965749710375,,0.09185148449403172,,0.001
LSTM5_c1816170,LSTM5,loso_subject_S013,11,0.015062745485726609,,0.0918999257847969,,0.001
LSTM5_c1816170,LSTM5,loso_subject_S013,12,0.015403161450200936,,0.09184137716226205,,0.001
LSTM5_c1816170,LSTM5,loso_subject_S013,13,0.01290096413026091,,0.08474281788224204,,0.001
LSTM5_c1816170,LSTM5,loso_subject_S013,14,0.013330882083869344,,0.08388199609832045,,0.001
LSTM5_c1816170,LSTM5,loso_subject_S013,15,0.014581507297986716,,0.08903690601907424,,0.001
LSTM5_c1816170,LSTM5,loso_subject_S013,16,0.013336238362483823,,0.08497458242518303,,0.001
LSTM5_c1816170,LSTM5,loso_subject_S013,17,0.013034092770201976,,0.0835349305182957,,0.001
LSTM5_c1816170,LSTM5,loso_subject_S013,18,0.012425876976236986,,0.0821806762526514,,0.001
LSTM5_c1816170,LSTM5,loso_subject_S013,19,0.012272981823459516,,0.08117459263498047,,0.001
LSTM5_c1816170,LSTM5,loso_subject_S013,20,0.012522247593704405,,0.08229339747601411,,0.001
LSTM5_c1816170,LSTM5,loso_subject_S013,21,0.011956724042172706,,0.08077170783746904,,0.001
LSTM5_c1816170,LSTM5,loso_subject_S013,22,0.012053777188115677,,0.08063226252063418,,0.001
LSTM5_c1816170,LSTM5,loso_subject_S013,23,0.012282507229611038,,0.08032971206864119,,0.001
LSTM5_c1816170,LSTM5,loso_subject_S013,24,0.011815092458705215,,0.07899833675175048,,0.001
LSTM5_c1816170,LSTM5,loso_subject_S013,25,0.011903002619057614,,0.07860223803913957,,0.001
LSTM5_c1816170,LSTM5,loso_subject_S013,26,0.012581367750829488,,0.08249705069865597,,0.001
LSTM5_c1816170,LSTM5,loso_subject_S013,27,0.011852987773226962,,0.07923060703414735,,0.001
LSTM5_c1816170,LSTM5,loso_subject_S013,28,0.01128350028555582,,0.07752942800061688,,0.001
LSTM5_c1816170,LSTM5,loso_subject_S013,29,0.01254195656487563,,0.0809106576331738,,0.001
LSTM5_c1816170,LSTM5,loso_subject_S013,30,0.012106598340495947,,0.0790715044803631,,0.001
LSTM5_c1816170,LSTM5,loso_subject_S013,31,0.010876361201730165,,0.07631738645865128,,0.001
LSTM5_c1816170,LSTM5,loso_subject_S013,32,0.011042069525029617,,0.0762265047051132,,0.001
LSTM5_c1816170,LSTM5,loso_subject_S013,33,0.010980895293389862,,0.07645232179446038,,0.001
LSTM5_c1816170,LSTM5,loso_subject_S013,34,0.01124818277351565,,0.07681785984505606,,0.001
LSTM5_c1816170,LSTM5,loso_subject_S013,35,0.012015135269674106,,0.0790731263294243,,0.001
LSTM5_c1816170,LSTM5,loso_subject_S013,36,0.010759093423122769,,0.07439831215487874,,0.001
LSTM5_c1816170,LSTM5,loso_subject_S013,37,0.011021098114810647,,0.07642544106059532,,0.001
LSTM5_c1816170,LSTM5,loso_subject_S013,38,0.011215529424036015,,0.07663207611702372,,0.001
LSTM5_c1816170,LSTM5,loso_subject_S013,39,0.010336871843000063,,0.07413388829866648,,0.001
LSTM5_c1816170,LSTM5,loso_subject_S013,40,0.010606817025076593,,0.0748222277714309,,0.001
LSTM5_c1816170,LSTM5,loso_subject_S013,41,0.011342152044100362,,0.07702046813222808,,0.001
LSTM5_c1816170,LSTM5,loso_subject_S013,42,0.0112378066495882,,0.07624910356346636,,0.001
LSTM5_c1816170,LSTM5,loso_subject_S013,43,0.01102187946780528,,0.07593846113130319,,0.001
LSTM5_c1816170,LSTM5,loso_subject_S013,44,0.010236167840382168,,0.07260921959971935,,0.001
LSTM5_c1816170,LSTM5,loso_subject_S013,45,0.011165567241212093,,0.07670385466311651,,0.001
LSTM5_c1816170,LSTM5,loso_subject_S013,46,0.010626760856176538,,0.07296095169063341,,0.001
LSTM5_c1816170,LSTM5,loso_subject_S013,47,0.010598552465306884,,0.07289540243895892,,0.001
LSTM5_c1816170,LSTM5,loso_subject_S013,48,0.011157560827396077,,0.07431080722417248,,0.001
LSTM5_c1816170,LSTM5,loso_subject_S013,49,0.010244641959432614,,0.07173711386073044,,0.001
LSTM5_c1816170,LSTM5,loso_subject_S013,50,0.009743436524160083,,0.07108906402850093,,0.001
LSTM5_c1816170,LSTM5,loso_subject_S013,51,0.010479758970401086,,0.07358696936203103,,0.001
LSTM5_c1816170,LSTM5,loso_subject_S013,52,0.009898349597357617,,0.07173016045018106,,0.001
LSTM5_c1816170,LSTM5,loso_subject_S013,53,0.010033172927740449,,0.07222687263778221,,0.001
LSTM5_c1816170,LSTM5,loso_subject_S013,54,0.00988916855541154,,0.07044808342353596,,0.001
LSTM5_c1816170,LSTM5,loso_subject_S013,55,0.010751957144580337,,0.07420478494797841,,0.001
LSTM5_c1816170,LSTM5,loso_subject_S013,56,0.010087207547334552,,0.07161528269540098,,0.001
LSTM5_c1816170,LSTM5,loso_subject_S013,57,0.011313161104996475,,0.07488303722561651,,0.001
LSTM5_c1816170,LSTM5,loso_subject_S013,58,0.011215963181815398,,0.07530446467194238,,0.001
LSTM5_c1816170,LSTM5,loso_subject_S013,59,0.009967825791392224,,0.0709673593752932,,0.001
LSTM5_c1816170,LSTM5,loso_subject_S013,60,0.011008804641740722,,0.07455459418457058,,0.001
LSTM5_c1816170,LSTM5,loso_subject_S013,61,0.010234120584710814,,0.0723338405309285,,0.001
LSTM5_c1816170,LSTM5,loso_subject_S013,62,0.010367752791303704,,0.07380892007036206,,0.001
LSTM5_c1816170,LSTM5,loso_subject_S013,63,0.010654160809003058,,0.07447740405486672,,0.001
LSTM5_c1816170,LSTM5,loso_subject_S013,64,0.009725033069300698,,0.07032885967268569,,0.001
LSTM5_c1816170,LSTM5,loso_subject_S013,65,0.009819119961725341,,0.0709065112865877,,0.001
LSTM5_c1816170,LSTM5,loso_subject_S013,66,0.009990886828512215,,0.07145135436695416,,0.001
LSTM5_c1816170,LSTM5,loso_subject_S013,67,0.011256795749998737,,0.07491412747548704,,0.001
LSTM5_c1816170,LSTM5,loso_subject_S013,68,0.009697398249778357,,0.07124272840621433,,0.001
LSTM5_c1816170,LSTM5,loso_subject_S013,69,0.010381385645384485,,0.0714277276093134,,0.001
LSTM5_c1816170,LSTM5,loso_subject_S013,70,0.009622435891324648,,0.0708284327433826,,0.001
LSTM5_c1816170,LSTM5,loso_subject_S013,71,0.00990024264935712,,0.07154380429965815,,0.001
LSTM5_c1816170,LSTM5,loso_subject_S013,72,0.009405813831525826,,0.06900830906366097,,0.001
LSTM5_c1816170,LSTM5,loso_subject_S013,73,0.009765086992458524,,0.0697313322466574,,0.001
LSTM5_c1816170,LSTM5,loso_subject_S013,74,0.009647218225021372,,0.07020995828407373,,0.001
LSTM5_c1816170,LSTM5,loso_subject_S013,75,0.009545280345183519,,0.07053969039285937,,0.001
LSTM5_c1816170,LSTM5,loso_subject_S013,76,0.009732947531718758,,0.0697080289306079,,0.001
LSTM5_c1816170,LSTM5,loso_subject_S013,77,0.00938425989680008,,0.0702502109965266,,0.001
LSTM5_c1816170,LSTM5,loso_subject_S013,78,0.00889434115078651,,0.06744794422028066,,0.001
LSTM5_c1816170,LSTM5,loso_subject_S013,79,0.009570031468859413,,0.06904792464207131,,0.001
LSTM5_c1816170,LSTM5,loso_subject_S013,80,0.009468878287361844,,0.06893174909111625,,0.001
LSTM5_c1816170,LSTM5,loso_subject_S014,1,0.3130508159666103,,0.407793847886933,,0.001
LSTM5_c1816170,LSTM5,loso_subject_S014,2,0.052075414909721666,,0.17298563789443605,,0.001
LSTM5_c1816170,LSTM5,loso_subject_S014,3,0.03282342524739109,,0.13811600981885108,,0.001
LSTM5_c1816170,LSTM5,loso_subject_S014,4,0.025635302922025264,,0.12127740922016285,,0.001
LSTM5_c1816170,LSTM5,loso_subject_S014,5,0.023913073228865604,,0.11638984420643135,,0.001
LSTM5_c1816170,LSTM5,loso_subject_S014,6,0.020879031989954253,,0.10971275727724251,,0.001
LSTM5_c1816170,LSTM5,loso_subject_S014,7,0.019736118563382577,,0.10592020325088387,,0.001
LSTM5_c1816170,LSTM5,loso_subject_S014,8,0.018531987784205707,,0.10218473224360156,,0.001
LSTM5_c1816170,LSTM5,loso_subject_S014,9,0.01683840853940117,,0.09753185481421786,,0.001
LSTM5_c1816170,LSTM5,loso_subject_S014,10,0.015103793156937332,,0.09252263957049739,,0.001
LSTM5_c1816170,LSTM5,loso_subject_S014,11,0.015519924811122392,,0.09361052658521497,,0.001
LSTM5_c1816170,LSTM5,loso_subject_S014,12,0.015349812247305082,,0.09248375939247103,,0.001
LSTM5_c1816170,LSTM5,loso_subject_S014,13,0.013754945533532415,,0.08777492838602015,,0.001
LSTM5_c1816170,LSTM5,loso_subject_S014,14,0.01433651343119587,,0.08955477796711275,,0.001
LSTM5_c1816170,LSTM5,loso_subject_S014,15,0.01405108912405551,,0.08820513264571289,,0.001
LSTM5_c1816170,LSTM5,loso_subject_S014,16,0.012632329383208808,,0.0840286701110372,,0.001
LSTM5_c1816170,LSTM5,loso_subject_S014,17,0.012427233805697645,,0.08193992407681948,,0.001
LSTM5_c1816170,LSTM5,loso_subject_S014,18,0.013274123266660429,,0.08516663516961112,,0.001
LSTM5_c1816170,LSTM5,loso_subject_S014,19,0.013364023992563749,,0.08670096716653156,,0.001
LSTM5_c1816170,LSTM5,loso_subject_S014,20,0.012913476778330898,,0.08425412211311824,,0.001
LSTM5_c1816170,LSTM5,loso_subject_S014,21,0.012134232507018995,,0.08243446640806332,,0.001
LSTM5_c1816170,LSTM5,loso_subject_S014,22,0.012513371258338513,,0.08228946007750271,,0.001
LSTM5_c1816170,LSTM5,loso_subject_S014,23,0.01249442741930467,,0.08109455359879457,,0.001
LSTM5_c1816170,LSTM5,loso_subject_S014,24,0.012570440439357951,,0.0826199893861679,,0.001
LSTM5_c1816170,LSTM5,loso_subject_S014,25,0.011808117338425829,,0.07907931136000267,,0.001
LSTM5_c1816170,LSTM5,loso_subject_S014,26,0.012379004593533836,,0.08006892609305455,,0.001
LSTM5_c1816170,LSTM5,loso_subject_S014,27,0.01258971081978054,,0.08138254777029652,,0.001
LSTM5_c1816170,LSTM5,loso_subject_S014,28,0.011543312573995563,,0.07880431593169142,,0.001
LSTM5_c1816170,LSTM5,loso_subject_S014,29,0.011858272010812286,,0.08002839580432486,,0.001
LSTM5_c1816170,LSTM5,loso_subject_S014,30,0.0109005551864676,,0.07678812959774174,,0.001
LSTM5_c1816170,LSTM5,loso_subject_S014,31,0.011339561894437897,,0.07757828780024824,,0.001
LSTM5_c1816170,LSTM5,loso_subject_S014,32,0.012060023737199933,,0.080628934075771,,0.001
LSTM5_c1816170,LSTM5,loso_subject_S014,33,0.011149277226941978,,0.07656242400943002,,0.001
LSTM5_c1816170,LSTM5,loso_subject_S014,34,0.010817224706197812,,0.07569361908488986,,0.001
LSTM5_c1816170,LSTM5,loso_subject_S014,35,0.011259001103530598,,0.07739350490720284,,0.001
LSTM5_c1816170,LSTM5,loso_subject_S014,36,0.010862080007624265,,0.07576597159055491,,0.001
LSTM5_c1816170,LSTM5,loso_subject_S014,37,0.011127600807331968,,0.0768829580553632,,0.001
LSTM5_c1816170,LSTM5,loso_subject_S014,38,0.010235372033450764,,0.07415323871623003,,0.001
LSTM5_c1816170,LSTM5,loso_subject_S014,39,0.010466472212023379,,0.07485520500947315,,0.001
LSTM5_c1816170,LSTM5,loso_subject_S014,40,0.01073278605004684,,0.07531375166578444,,0.001
LSTM5_c1816170,LSTM5,loso_subject_S014,41,0.010871145270755908,,0.07672376032451497,,0.001
LSTM5_c1816170,LSTM5,loso_subject_S014,42,0.010808174442906859,,0.07539640392453612,,0.001
LSTM5_c1816170,LSTM5,loso_subject_S014,43,0.010996350500620042,,0.07590508945810334,,0.001
LSTM5_c1816170,LSTM5,loso_subject_S014,44,0.010295215176250613,,0.07394469375963234,,0.001
LSTM5_c1816170,LSTM5,loso_subject_S014,45,0.01115176459705801,,0.07623729316489278,,0.001
LSTM5_c1816170,LSTM5,loso_subject_S014,46,0.011084509178169855,,0.07456006105700427,,0.001
LSTM5_c1816170,LSTM5,loso_subject_S014,47,0.010794631450664753,,0.07538388883575141,,0.001
LSTM5_c1816170,LSTM5,loso_subject_S014,48,0.011128769453812309,,0.07731224895103432,,0.001
LSTM5_c1816170,LSTM5,loso_subject_S014,49,0.0100503868779652,,0.07336394301041697,,0.001
LSTM5_c1816170,LSTM5,loso_subject_S014,50,0.01161794066128082,,0.0773197411710329,,0.001
LSTM5_c1816170,LSTM5,loso_subject_S014,51,0.010635143514991306,,0.07583021965302668,,0.001
LSTM5_c1816170,LSTM5,loso_subject_S014,52,0.010167296094983255,,0.072542207381908,,0.001
LSTM5_c1816170,LSTM5,loso_subject_S014,53,0.010118648036310894,,0.07226396676078238,,0.001
LSTM5_c1816170,LSTM5,loso_subject_S014,54,0.010932774915627799,,0.07494921131080155,,0.001
LSTM5_c1816170,LSTM5,loso_subject_S014,55,0.010275966955437494,,0.07295844031442643,,0.001
LSTM5_c1816170,LSTM5,loso_subject_S014,56,0.010535965744150645,,0.07268992472697575,,0.001
LSTM5_c1816170,LSTM5,loso_subject_S014,57,0.009998521526990555,,0.07163758066573996,,0.001
LSTM5_c1816170,LSTM5,loso_subject_S014,58,0.010834558987619277,,0.07484365930121233,,0.001
LSTM5_c1816170,LSTM5,loso_subject_S014,59,0.01068565043651707,,0.07368729500709377,,0.001
LSTM5_c1816170,LSTM5,loso_subject_S014,60,0.01108681615659467,,0.07557646287964762,,0.001
LSTM5_c1816170,LSTM5,loso_subject_S014,61,0.010789662977277483,,0.07561591012245593,,0.001
LSTM5_c1816170,LSTM5,loso_subject_S014,62,0.010409595809550217,,0.07472743961120465,,0.001
LSTM5_c1816170,LSTM5,loso_subject_S014,63,0.010939117826285013,,0.07586635192714027,,0.001
LSTM5_c1816170,LSTM5,loso_subject_S014,64,0.010288735997434666,,0.07330282249919172,,0.001
LSTM5_c1816170,LSTM5,loso_subject_S014,65,0.010835322018169743,,0.07507273123288219,,0.001
LSTM5_c1816170,LSTM5,loso_subject_S014,66,0.010036576743048399,,0.07267253119381414,,0.001
LSTM5_c1816170,LSTM5,loso_subject_S014,67,0.010577437929213672,,0.07401761617784691,,0.001
LSTM5_c1816170,LSTM5,loso_subject_S014,68,0.010183735119234085,,0.07061809083277934,,0.001
LSTM5_c1816170,LSTM5,loso_subject_S014,69,0.010017100279491235,,0.07143794269538219,,0.001
LSTM5_c1816170,LSTM5,loso_subject_S014,70,0.010589340683022629,,0.07258219349057829,,0.001
LSTM5_c1816170,LSTM5,loso_subject_S014,71,0.009974831400789818,,0.07194924829106815,,0.001
LSTM5_c1816170,LSTM5,loso_subject_S014,72,0.009555989621606854,,0.06966392495868735,,0.001
LSTM5_c1816170,LSTM5,loso_subject_S014,73,0.009561401454436898,,0.07043794429933764,,0.001
LSTM5_c1816170,LSTM5,loso_subject_S014,74,0.009821771588583472,,0.07239310320302848,,0.001
LSTM5_c1816170,LSTM5,loso_subject_S014,75,0.00998108778026237,,0.0713697847484008,,0.001
LSTM5_c1816170,LSTM5,loso_subject_S014,76,0.009741011575623718,,0.07075568956686186,,0.001
LSTM5_c1816170,LSTM5,loso_subject_S014,77,0.009074217421249385,,0.06974750863813561,,0.001
LSTM5_c1816170,LSTM5,loso_subject_S014,78,0.009698702678066533,,0.07070357625006701,,0.001
LSTM5_c1816170,LSTM5,loso_subject_S014,79,0.00949319417439836,,0.06991454007132472,,0.001
LSTM5_c1816170,LSTM5,loso_subject_S014,80,0.01009768543503476,,0.07188604321844812,,0.001
LSTM5_c1816170,LSTM5,loso_subject_S016,1,0.29870109524599897,,0.40405600984421003,,0.001
LSTM5_c1816170,LSTM5,loso_subject_S016,2,0.04623660747204306,,0.16233060457826365,,0.001
LSTM5_c1816170,LSTM5,loso_subject_S016,3,0.030915255535989117,,0.13263098073781596,,0.001
LSTM5_c1816170,LSTM5,loso_subject_S016,4,0.02472756545571886,,0.11926644063560216,,0.001
LSTM5_c1816170,LSTM5,loso_subject_S016,5,0.021850655463761127,,0.11275274612494475,,0.001
LSTM5_c1816170,LSTM5,loso_subject_S016,6,0.01896825183028653,,0.10360246561688079,,0.001
LSTM5_c1816170,LSTM5,loso_subject_S016,7,0.016966746352921575,,0.09908296371529088,,0.001
LSTM5_c1816170,LSTM5,loso_subject_S016,8,0.016838949363259872,,0.0972897390201247,,0.001
LSTM5_c1816170,LSTM5,loso_subject_S016,9,0.015969797881794045,,0.09486166837476415,,0.001
LSTM5_c1816170,LSTM5,loso_subject_S016,10,0.015363596756694586,,0.09375288912354136,,0.001
LSTM5_c1816170,LSTM5,loso_subject_S016,11,0.015160870856258292,,0.0913916765497281,,0.001
LSTM5_c1816170,LSTM5,loso_subject_S016,12,0.01473004419092067,,0.0907340278992286,,0.001
LSTM5_c1816170,LSTM5,loso_subject_S016,13,0.01371976907568923,,0.08803006906128494,,0.001
LSTM5_c1816170,LSTM5,loso_subject_S016,14,0.012944254574514705,,0.0838516668102445,,0.001
LSTM5_c1816170,LSTM5,loso_subject_S016,15,0.012798460401021517,,0.08451943972407008,,0.001
LSTM5_c1816170,LSTM5,loso_subject_S016,16,0.01317187953057021,,0.08547235878966969,,0.001
LSTM5_c1816170,LSTM5,loso_subject_S016,17,0.012484146253420756,,0.08205049506129598,,0.001
LSTM5_c1816170,LSTM5,loso_subject_S016,18,0.012558607801177797,,0.0828886916122493,,0.001
LSTM5_c1816170,LSTM5,loso_subject_S016,19,0.012449186975301722,,0.08329961828049823,,0.001
LSTM5_c1816170,LSTM5,loso_subject_S016,20,0.01176967734812632,,0.08114570158825823,,0.001
LSTM5_c1816170,LSTM5,loso_subject_S016,21,0.012332294434419222,,0.08253403198436872,,0.001
LSTM5_c1816170,LSTM5,loso_subject_S016,22,0.012395975200911246,,0.08204346032008616,,0.001
LSTM5_c1816170,LSTM5,loso_subject_S016,23,0.012199301221931474,,0.08175812599045285,,0.001
LSTM5_c1816170,LSTM5,loso_subject_S016,24,0.011837455194950457,,0.07927007066780294,,0.001
LSTM5_c1816170,LSTM5,loso_subject_S016,25,0.010805224378168936,,0.07630493109219173,,0.001
LSTM5_c1816170,LSTM5,loso_subject_S016,26,0.011378529009866644,,0.07728527898971851,,0.001
LSTM5_c1816170,LSTM5,loso_subject_S016,27,0.010937284528327412,,0.07717552894847633,,0.001
LSTM5_c1816170,LSTM5,loso_subject_S016,28,0.011270961057416786,,0.07811770911752824,,0.001
LSTM5_c1816170,LSTM5,loso_subject_S016,29,0.011983461345176725,,0.0798602958226345,,0.001
LSTM5_c1816170,LSTM5,loso_subject_S016,30,0.011857146495324973,,0.07982192910634554,,0.001
LSTM5_c1816170,LSTM5,loso_subject_S016,31,0.012213080103051733,,0.08071458536315952,,0.001
LSTM5_c1816170,LSTM5,loso_subject_S016,32,0.011688019110429921,,0.0798921080471496,,0.001
LSTM5_c1816170,LSTM5,loso_subject_S016,33,0.010657487755652362,,0.07544687160197094,,0.001
LSTM5_c1816170,LSTM5,loso_subject_S016,34,0.011224555672758077,,0.07766072570219548,,0.001
LSTM5_c1816170,LSTM5,loso_subject_S016,35,0.011187239330724852,,0.07605209142498716,,0.001
LSTM5_c1816170,LSTM5,loso_subject_S016,36,0.011373285605357244,,0.0768658517556783,,0.001
LSTM5_c1816170,LSTM5,loso_subject_S016,37,0.011301288213691063,,0.07598602675650952,,0.001
LSTM5_c1816170,LSTM5,loso_subject_S016,38,0.011160485882907224,,0.07684663420421838,,0.001
LSTM5_c1816170,LSTM5,loso_subject_S016,39,0.01074495258019168,,0.07629702994985693,,0.001
LSTM5_c1816170,LSTM5,loso_subject_S016,40,0.010175427844053541,,0.07306637045370756,,0.001
LSTM5_c1816170,LSTM5,loso_subject_S016,41,0.011272690039590971,,0.07761616198974249,,0.001
LSTM5_c1816170,LSTM5,loso_subject_S016,42,0.01133093315248306,,0.07790894168897493,,0.001
LSTM5_c1816170,LSTM5,loso_subject_S016,43,0.010769460835224072,,0.07534208468784243,,0.001
LSTM5_c1816170,LSTM5,loso_subject_S016,44,0.010854578241926326,,0.07646107961087537,,0.001
LSTM5_c1816170,LSTM5,loso_subject_S016,45,0.010307972431293076,,0.07395583543728089,,0.001
LSTM5_c1816170,LSTM5,loso_subject_S016,46,0.010820140367781622,,0.0745098732015085,,0.001
LSTM5_c1816170,LSTM5,loso_subject_S016,47,0.011251030723459622,,0.0758916655235742,,0.001
LSTM5_c1816170,LSTM5,loso_subject_S016,48,0.009612022487986722,,0.0719313965922982,,0.001
LSTM5_c1816170,LSTM5,loso_subject_S016,49,0.010191585164318775,,0.07284983814468045,,0.001
LSTM5_c1816170,LSTM5,loso_subject_S016,50,0.010997490182563045,,0.07612329397857542,,0.001
LSTM5_c1816170,LSTM5,loso_subject_S016,51,0.010164371290459082,,0.07400785286045639,,0.001
LSTM5_c1816170,LSTM5,loso_subject_S016,52,0.009840703388598897,,0.07180636906941261,,0.001
LSTM5_c1816170,LSTM5,loso_subject_S016,53,0.009680189983643724,,0.0710598989792124,,0.001
LSTM5_c1816170,LSTM5,loso_subject_S016,54,0.009858573131130997,,0.07087471026640672,,0.001
LSTM5_c1816170,LSTM5,loso_subject_S016,55,0.009402657657332674,,0.06926058159601053,,0.001
LSTM5_c1816170,LSTM5,loso_subject_S016,56,0.010309774886001145,,0.07265191471435614,,0.001
LSTM5_c1816170,LSTM5,loso_subject_S016,57,0.010670959838175563,,0.07404017847846951,,0.001
LSTM5_c1816170,LSTM5,loso_subject_S016,58,0.01063513657485945,,0.07399565016729592,,0.001
LSTM5_c1816170,LSTM5,loso_subject_S016,59,0.01093735191530201,,0.07541628802669119,,0.001
LSTM5_c1816170,LSTM5,loso_subject_S016,60,0.011107821391686003,,0.07678595690508566,,0.001
LSTM5_c1816170,LSTM5,loso_subject_S016,61,0.009671948005902696,,0.07065629749696635,,0.001
LSTM5_c1816170,LSTM5,loso_subject_S016,62,0.010462984768949317,,0.07201486489123847,,0.001
LSTM5_c1816170,LSTM5,loso_subject_S016,63,0.010297590938325111,,0.07238500123545968,,0.001
LSTM5_c1816170,LSTM5,loso_subject_S016,64,0.009274851875765436,,0.06889157314625012,,0.001
LSTM5_c1816170,LSTM5,loso_subject_S016,65,0.010337713361337516,,0.07262600439451855,,0.001
LSTM5_c1816170,LSTM5,loso_subject_S016,66,0.01089322382154373,,0.07517617283135476,,0.001
LSTM5_c1816170,LSTM5,loso_subject_S016,67,0.009573188763574736,,0.07041471813028381,,0.001
LSTM5_c1816170,LSTM5,loso_subject_S016,68,0.010164828318000368,,0.07253254953132579,,0.001
LSTM5_c1816170,LSTM5,loso_subject_S016,69,0.0104150767608948,,0.07278828777857786,,0.001
LSTM5_c1816170,LSTM5,loso_subject_S016,70,0.010258525003783802,,0.07310481286613194,,0.001
LSTM5_c1816170,LSTM5,loso_subject_S016,71,0.010587439979233686,,0.07394210197163757,,0.001
LSTM5_c1816170,LSTM5,loso_subject_S016,72,0.00997429094415092,,0.07128975206666444,,0.001
LSTM5_c1816170,LSTM5,loso_subject_S016,73,0.010301950382145904,,0.07231883826340443,,0.001
LSTM5_c1816170,LSTM5,loso_subject_S016,74,0.010429698315906455,,0.07418896519749828,,0.001
LSTM5_c1816170,LSTM5,loso_subject_S016,75,0.010016884901643505,,0.07179427818786463,,0.001
LSTM5_c1816170,LSTM5,loso_subject_S016,76,0.009738268434295993,,0.07189621903310867,,0.001
LSTM5_c1816170,LSTM5,loso_subject_S016,77,0.009566243032555608,,0.07062000669318544,,0.001
LSTM5_c1816170,LSTM5,loso_subject_S016,78,0.009942310316124435,,0.071850612063027,,0.001
LSTM5_c1816170,LSTM5,loso_subject_S016,79,0.009662421923902261,,0.069839830634862,,0.001
LSTM5_c1816170,LSTM5,loso_subject_S016,80,0.010070155229221082,,0.0715622620205202,,0.001
LSTM5_c1816170,LSTM5,loso_subject_S017,1,0.31854781335036647,,0.4141728772016864,,0.001
LSTM5_c1816170,LSTM5,loso_subject_S017,2,0.047312501863575634,,0.16758385532590428,,0.001
LSTM5_c1816170,LSTM5,loso_subject_S017,3,0.028356260886905012,,0.1294120849291887,,0.001
LSTM5_c1816170,LSTM5,loso_subject_S017,4,0.022675019344145196,,0.11429370842898537,,0.001
LSTM5_c1816170,LSTM5,loso_subject_S017,5,0.020782244463807654,,0.11086419080491204,,0.001
LSTM5_c1816170,LSTM5,loso_subject_S017,6,0.017874798632285596,,0.10114619647624923,,0.001
LSTM5_c1816170,LSTM5,loso_subject_S017,7,0.017541370608640458,,0.1001682033044992,,0.001
LSTM5_c1816170,LSTM5,loso_subject_S017,8,0.017887539123993313,,0.10070335983669078,,0.001
LSTM5_c1816170,LSTM5,loso_subject_S017,9,0.015620695958668069,,0.09429839257988995,,0.001
LSTM5_c1816170,LSTM5,loso_subject_S017,10,0.015197419988568555,,0.0913043570542535,,0.001
LSTM5_c1816170,LSTM5,loso_subject_S017,11,0.013861668872982843,,0.08908472114448801,,0.001
LSTM5_c1816170,LSTM5,loso_subject_S017,12,0.014125837107175921,,0.08863193581834065,,0.001
LSTM5_c1816170,LSTM5,loso_subject_S017,13,0.014031988408885093,,0.08624591064437097,,0.001
LSTM5_c1816170,LSTM5,loso_subject_S017,14,0.013730517309186866,,0.08834813998453932,,0.001
LSTM5_c1816170,LSTM5,loso_subject_S017,15,0.012735934092457041,,0.0852451377798986,,0.001
LSTM5_c1816170,LSTM5,loso_subject_S017,16,0.013371623647105686,,0.08615557364128866,,0.001
LSTM5_c1816170,LSTM5,loso_subject_S017,17,0.013251725391715471,,0.08544961309206817,,0.001
LSTM5_c1816170,LSTM5,loso_subject_S017,18,0.01320436063843376,,0.08497983239054645,,0.001
LSTM5_c1816170,LSTM5,loso_subject_S017,19,0.013512503613128229,,0.08600218757020918,,0.001
LSTM5_c1816170,LSTM5,loso_subject_S017,20,0.012408211712080185,,0.08176175612997467,,0.001
LSTM5_c1816170,LSTM5,loso_subject_S017,21,0.012062861214324828,,0.08063819880027147,,0.001
LSTM5_c1816170,LSTM5,loso_subject_S017,22,0.012136149634213405,,0.08084345257901988,,0.001
LSTM5_c1816170,LSTM5,loso_subject_S017,23,0.011776668458402353,,0.07969133890909261,,0.001
LSTM5_c1816170,LSTM5,loso_subject_S017,24,0.011465371675702541,,0.07827205331575916,,0.001
LSTM5_c1816170,LSTM5,loso_subject_S017,25,0.011486186279183738,,0.07801259245833675,,0.001
LSTM5_c1816170,LSTM5,loso_subject_S017,26,0.011430867386395838,,0.0784007834455915,,0.001
LSTM5_c1816170,LSTM5,loso_subject_S017,27,0.010354934304491829,,0.07470945187396066,,0.001
LSTM5_c1816170,LSTM5,loso_subject_S017,28,0.01087506939714075,,0.07700279214362939,,0.001
LSTM5_c1816170,LSTM5,loso_subject_S017,29,0.011394127407023577,,0.07905684967369758,,0.001
LSTM5_c1816170,LSTM5,loso_subject_S017,30,0.012738556313668752,,0.08193985349853465,,0.001
LSTM5_c1816170,LSTM5,loso_subject_S017,31,0.012230436732502244,,0.08019608302386369,,0.001
LSTM5_c1816170,LSTM5,loso_subject_S017,32,0.011762925738945697,,0.07904343646935716,,0.001
LSTM5_c1816170,LSTM5,loso_subject_S017,33,0.01147600401260798,,0.07571892009578893,,0.001
LSTM5_c1816170,LSTM5,loso_subject_S017,34,0.010475511180444515,,0.07426792223141163,,0.001
LSTM5_c1816170,LSTM5,loso_subject_S017,35,0.012341311636645473,,0.07865032729085325,,0.001
LSTM5_c1816170,LSTM5,loso_subject_S017,36,0.01071092585190209,,0.07517453773914966,,0.001
LSTM5_c1816170,LSTM5,loso_subject_S017,37,0.01075791379852565,,0.07589850235482205,,0.001
LSTM5_c1816170,LSTM5,loso_subject_S017,38,0.010771817987946688,,0.07516791235765735,,0.001
LSTM5_c1816170,LSTM5,loso_subject_S017,39,0.011930633204968823,,0.07981163744147159,,0.001
LSTM5_c1816170,LSTM5,loso_subject_S017,40,0.010475422249016724,,0.07441218822419839,,0.001
LSTM5_c1816170,LSTM5,loso_subject_S017,41,0.0100895742737458,,0.07160625557357032,,0.001
LSTM5_c1816170,LSTM5,loso_subject_S017,42,0.010803802374083675,,0.07342924870837793,,0.001
LSTM5_c1816170,LSTM5,loso_subject_S017,43,0.010307458582191476,,0.0739011117815081,,0.001
LSTM5_c1816170,LSTM5,loso_subject_S017,44,0.010529252382461121,,0.07447726362306109,,0.001
LSTM5_c1816170,LSTM5,loso_subject_S017,45,0.010898014869176971,,0.0749909072638021,,0.001
LSTM5_c1816170,LSTM5,loso_subject_S017,46,0.010243093980362732,,0.07194020481257607,,0.001
LSTM5_c1816170,LSTM5,loso_subject_S017,47,0.01056605800852727,,0.07440229569855895,,0.001
LSTM5_c1816170,LSTM5,loso_subject_S017,48,0.009757893019048917,,0.07153547866966142,,0.001
LSTM5_c1816170,LSTM5,loso_subject_S017,49,0.01072933975426847,,0.07545189788965172,,0.001
LSTM5_c1816170,LSTM5,loso_subject_S017,50,0.010723873834877823,,0.07503192683930607,,0.001
LSTM5_c1816170,LSTM5,loso_subject_S017,51,0.010403001801455007,,0.0735454179562488,,0.001
LSTM5_c1816170,LSTM5,loso_subject_S017,52,0.010827024369621619,,0.07463352166033874,,0.001
LSTM5_c1816170,LSTM5,loso_subject_S017,53,0.010528475574287578,,0.07254480488524886,,0.001
LSTM5_c1816170,LSTM5,loso_subject_S017,54,0.01052951530564809,,0.07324834612944178,,0.001
LSTM5_c1816170,LSTM5,loso_subject_S017,55,0.009754634174858594,,0.0724347694541826,,0.001
LSTM5_c1816170,LSTM5,loso_subject_S017,56,0.009821285214302948,,0.07181993265106744,,0.001
LSTM5_c1816170,LSTM5,loso_subject_S017,57,0.010490750785291525,,0.07365474281518146,,0.001
LSTM5_c1816170,LSTM5,loso_subject_S017,58,0.00954221082700476,,0.07093742994459701,,0.001
LSTM5_c1816170,LSTM5,loso_subject_S017,59,0.01066669173402896,,0.07536347660068829,,0.001
LSTM5_c1816170,LSTM5,loso_subject_S017,60,0.009952617175587708,,0.07197714554024057,,0.001
LSTM5_c1816170,LSTM5,loso_subject_S017,61,0.010006102002613983,,0.07076427355422024,,0.001
LSTM5_c1816170,LSTM5,loso_subject_S017,62,0.010761585547236772,,0.07489517970444161,,0.001
LSTM5_c1816170,LSTM5,loso_subject_S017,63,0.00991023141692646,,0.07114258467091494,,0.001
LSTM5_c1816170,LSTM5,loso_subject_S017,64,0.010901634910007289,,0.07482302497959971,,0.001
LSTM5_c1816170,LSTM5,loso_subject_S017,65,0.010321221252319561,,0.07215783868262153,,0.001
LSTM5_c1816170,LSTM5,loso_subject_S017,66,0.009246590797554825,,0.06945821667807402,,0.001
LSTM5_c1816170,LSTM5,loso_subject_S017,67,0.01019526618522541,,0.07196806781695143,,0.001
LSTM5_c1816170,LSTM5,loso_subject_S017,68,0.009431485111026853,,0.06895089091041354,,0.001
LSTM5_c1816170,LSTM5,loso_subject_S017,69,0.010189922868733553,,0.07092266197227029,,0.001
LSTM5_c1816170,LSTM5,loso_subject_S017,70,0.009724304098652607,,0.06932043442672355,,0.001
LSTM5_c1816170,LSTM5,loso_subject_S017,71,0.00993168818610513,,0.07107463993036395,,0.001
LSTM5_c1816170,LSTM5,loso_subject_S017,72,0.010373006103165761,,0.07344383369738357,,0.001
LSTM5_c1816170,LSTM5,loso_subject_S017,73,0.009692780685190625,,0.0703517779204822,,0.001
LSTM5_c1816170,LSTM5,loso_subject_S017,74,0.009762649568371544,,0.06996915654496609,,0.001
LSTM5_c1816170,LSTM5,loso_subject_S017,75,0.01017349775146536,,0.072578661014669,,0.001
LSTM5_c1816170,LSTM5,loso_subject_S017,76,0.009283314134022941,,0.0689982970347859,,0.001
LSTM5_c1816170,LSTM5,loso_subject_S017,77,0.010422247764717065,,0.07376601276315431,,0.001
LSTM5_c1816170,LSTM5,loso_subject_S017,78,0.009837818567003595,,0.07047833272787148,,0.001
LSTM5_c1816170,LSTM5,loso_subject_S017,79,0.009141756842719251,,0.06877615873559682,,0.001
LSTM5_c1816170,LSTM5,loso_subject_S017,80,0.00945251932910838,,0.06915054756347763,,0.001
LSTM5_c1816170,LSTM5,loso_subject_S018,1,0.2968304996831687,,0.3949168298901239,,0.001
LSTM5_c1816170,LSTM5,loso_subject_S018,2,0.04140805163162853,,0.15438247255906143,,0.001
LSTM5_c1816170,LSTM5,loso_subject_S018,3,0.028357585619231806,,0.12804458792103585,,0.001
LSTM5_c1816170,LSTM5,loso_subject_S018,4,0.02438018205689221,,0.11788453807575973,,0.001
LSTM5_c1816170,LSTM5,loso_subject_S018,5,0.020066226624390657,,0.10561593624748493,,0.001
LSTM5_c1816170,LSTM5,loso_subject_S018,6,0.019260799063308166,,0.10358202896552585,,0.001
LSTM5_c1816170,LSTM5,loso_subject_S018,7,0.01801933830702835,,0.10068191133835053,,0.001
LSTM5_c1816170,LSTM5,loso_subject_S018,8,0.01594856623613638,,0.09525079513596667,,0.001
LSTM5_c1816170,LSTM5,loso_subject_S018,9,0.01568644423748619,,0.0946210784605107,,0.001
LSTM5_c1816170,LSTM5,loso_subject_S018,10,0.015184206945001224,,0.0924983008113961,,0.001
LSTM5_c1816170,LSTM5,loso_subject_S018,11,0.014726500151681593,,0.09016111158315557,,0.001
LSTM5_c1816170,LSTM5,loso_subject_S018,12,0.013653599238089972,,0.08606001760709063,,0.001
LSTM5_c1816170,LSTM5,loso_subject_S018,13,0.013721136633344155,,0.08763835780760822,,0.001
LSTM5_c1816170,LSTM5,loso_subject_S018,14,0.013665783310701892,,0.08614588796750373,,0.001
LSTM5_c1816170,LSTM5,loso_subject_S018,15,0.013230875772631151,,0.08548241367128008,,0.001
LSTM5_c1816170,LSTM5,loso_subject_S018,16,0.012597069247669863,,0.08258088701852254,,0.001
LSTM5_c1816170,LSTM5,loso_subject_S018,17,0.012384294801882042,,0.08297408178470056,,0.001
LSTM5_c1816170,LSTM5,loso_subject_S018,18,0.013270600918290262,,0.08620424929316793,,0.001
LSTM5_c1816170,LSTM5,loso_subject_S018,19,0.013038757515582157,,0.08446144238648833,,0.001
LSTM5_c1816170,LSTM5,loso_subject_S018,20,0.014398557703455689,,0.08697956662780072,,0.001
LSTM5_c1816170,LSTM5,loso_subject_S018,21,0.013058350738699159,,0.08411349307216565,,0.001
LSTM5_c1816170,LSTM5,loso_subject_S018,22,0.012584672014695328,,0.08258874387062091,,0.001
LSTM5_c1816170,LSTM5,loso_subject_S018,23,0.012145960034062308,,0.08203455657408261,,0.001
LSTM5_c1816170,LSTM5,loso_subject_S018,24,0.01168793495824638,,0.07923827201790755,,0.001
LSTM5_c1816170,LSTM5,loso_subject_S018,25,0.011673546836202378,,0.07888138934414048,,0.001
LSTM5_c1816170,LSTM5,loso_subject_S018,26,0.011519022995453739,,0.07830344511669028,,0.001
LSTM5_c1816170,LSTM5,loso_subject_S018,27,0.011863859281093524,,0.0781279890874195,,0.001
LSTM5_c1816170,LSTM5,loso_subject_S018,28,0.012049731957476313,,0.0789783098797716,,0.001
LSTM5_c1816170,LSTM5,loso_subject_S018,29,0.01078078994925643,,0.07659697507426591,,0.001
LSTM5_c1816170,LSTM5,loso_subject_S018,30,0.011860096652509707,,0.07914351770491306,,0.001
LSTM5_c1816170,LSTM5,loso_subject_S018,31,0.010641201610117081,,0.07594394929268782,,0.001
LSTM5_c1816170,LSTM5,loso_subject_S018,32,0.010192518373296584,,0.07407789247984353,,0.001
LSTM5_c1816170,LSTM5,loso_subject_S018,33,0.010920720588859475,,0.07544530735082572,,0.001
LSTM5_c1816170,LSTM5,loso_subject_S018,34,0.01147748449419116,,0.07633517624829045,,0.001
LSTM5_c1816170,LSTM5,loso_subject_S018,35,0.011216349297415577,,0.07633341688080189,,0.001
LSTM5_c1816170,LSTM5,loso_subject_S018,36,0.010795055596235408,,0.07505907100789687,,0.001
LSTM5_c1816170,LSTM5,loso_subject_S018,37,0.012322172050069018,,0.07898352574583789,,0.001
LSTM5_c1816170,LSTM5,loso_subject_S018,38,0.011208248384018966,,0.07687423017779245,,0.001
LSTM5_c1816170,LSTM5,loso_subject_S018,39,0.010941599336034556,,0.0752118662010392,,0.001
LSTM5_c1816170,LSTM5,loso_subject_S018,40,0.010874209320773952,,0.07454111535353332,,0.001
LSTM5_c1816170,LSTM5,loso_subject_S018,41,0.011981436825080787,,0.07799891934033959,,0.001
LSTM5_c1816170,LSTM5,loso_subject_S018,42,0.011132187120498852,,0.07577424659747817,,0.001
LSTM5_c1816170,LSTM5,loso_subject_S018,43,0.010327648200693311,,0.07434700949804342,,0.001
LSTM5_c1816170,LSTM5,loso_subject_S018,44,0.010395790173951402,,0.07441073622303337,,0.001
LSTM5_c1816170,LSTM5,loso_subject_S018,45,0.009428635109456488,,0.07118518517554405,,0.001
LSTM5_c1816170,LSTM5,loso_subject_S018,46,0.00999473085335671,,0.0720233811260638,,0.001
LSTM5_c1816170,LSTM5,loso_subject_S018,47,0.01081935601573507,,0.07488493399649132,,0.001
LSTM5_c1816170,LSTM5,loso_subject_S018,48,0.010039262148355224,,0.07290008476851147,,0.001
LSTM5_c1816170,LSTM5,loso_subject_S018,49,0.010299789522596805,,0.0724599384145552,,0.001
LSTM5_c1816170,LSTM5,loso_subject_S018,50,0.010382940741776992,,0.07257046711496164,,0.001
LSTM5_c1816170,LSTM5,loso_subject_S018,51,0.010344453638625281,,0.07308915463333664,,0.001
LSTM5_c1816170,LSTM5,loso_subject_S018,52,0.010234509702969657,,0.07261042692611686,,0.001
LSTM5_c1816170,LSTM5,loso_subject_S018,53,0.010176141114325571,,0.0720679022756591,,0.001
LSTM5_c1816170,LSTM5,loso_subject_S018,54,0.011857045438124596,,0.07840377222345754,,0.001
LSTM5_c1816170,LSTM5,loso_subject_S018,55,0.011343382361880804,,0.07686101858593641,,0.001
LSTM5_c1816170,LSTM5,loso_subject_S018,56,0.009914371426320144,,0.07148121806179605,,0.001
LSTM5_c1816170,LSTM5,loso_subject_S018,57,0.009981222520749402,,0.07195130373689332,,0.001
LSTM5_c1816170,LSTM5,loso_subject_S018,58,0.010333543463504553,,0.07247680664447322,,0.001
LSTM5_c1816170,LSTM5,loso_subject_S018,59,0.010648386039833941,,0.07485442702448693,,0.001
LSTM5_c1816170,LSTM5,loso_subject_S018,60,0.011006594595727824,,0.07470384315190733,,0.001
LSTM5_c1816170,LSTM5,loso_subject_S018,61,0.010837551047878508,,0.07504386941192824,,0.001
LSTM5_c1816170,LSTM5,loso_subject_S018,62,0.009440378749334231,,0.07165208127312202,,0.001
LSTM5_c1816170,LSTM5,loso_subject_S018,63,0.00943506199978773,,0.06924131456415143,,0.001
LSTM5_c1816170,LSTM5,loso_subject_S018,64,0.010263582459053658,,0.07231189735992738,,0.001
LSTM5_c1816170,LSTM5,loso_subject_S018,65,0.009783692804594101,,0.07174322817640291,,0.001
LSTM5_c1816170,LSTM5,loso_subject_S018,66,0.009935702220636982,,0.07156723056581818,,0.001
LSTM5_c1816170,LSTM5,loso_subject_S018,67,0.010015008494343444,,0.07133681943033483,,0.001
LSTM5_c1816170,LSTM5,loso_subject_S018,68,0.009895950438751381,,0.07145825499505702,,0.001
LSTM5_c1816170,LSTM5,loso_subject_S018,69,0.009656629640304375,,0.07133942412765673,,0.001
LSTM5_c1816170,LSTM5,loso_subject_S018,70,0.010031764438827463,,0.07215614591002294,,0.001
LSTM5_c1816170,LSTM5,loso_subject_S018,71,0.009873479483528878,,0.07188392580410671,,0.001
LSTM5_c1816170,LSTM5,loso_subject_S018,72,0.010360751993729702,,0.07165324074808117,,0.001
LSTM5_c1816170,LSTM5,loso_subject_S018,73,0.009855740038221074,,0.07084594409554726,,0.001
LSTM5_c1816170,LSTM5,loso_subject_S018,74,0.009651840702661311,,0.06959699699534919,,0.001
LSTM5_c1816170,LSTM5,loso_subject_S018,75,0.01038451125067652,,0.0732729823017223,,0.001
LSTM5_c1816170,LSTM5,loso_subject_S018,76,0.010481919324188526,,0.07359205256276356,,0.001
LSTM5_c1816170,LSTM5,loso_subject_S018,77,0.011027604594848077,,0.07494812554959074,,0.001
LSTM5_c1816170,LSTM5,loso_subject_S018,78,0.00981044785161015,,0.0707244130532916,,0.001
LSTM5_c1816170,LSTM5,loso_subject_S018,79,0.009764371568088553,,0.06933520645801101,,0.001
LSTM5_c1816170,LSTM5,loso_subject_S018,80,0.010026509626641592,,0.07073322028734079,,0.001
LSTM5_c1816170,LSTM5,loso_subject_S019,1,0.3320618376076203,,0.4180884052970366,,0.001
LSTM5_c1816170,LSTM5,loso_subject_S019,2,0.047973842738169306,,0.16574910657337608,,0.001
LSTM5_c1816170,LSTM5,loso_subject_S019,3,0.031716280874517305,,0.13440385568404278,,0.001
LSTM5_c1816170,LSTM5,loso_subject_S019,4,0.02744520236369682,,0.12463017337531007,,0.001
LSTM5_c1816170,LSTM5,loso_subject_S019,5,0.023522643831054884,,0.11545719596405109,,0.001
LSTM5_c1816170,LSTM5,loso_subject_S019,6,0.019809120866992026,,0.10620750241479202,,0.001
LSTM5_c1816170,LSTM5,loso_subject_S019,7,0.020277845275680922,,0.1081923877882862,,0.001
LSTM5_c1816170,LSTM5,loso_subject_S019,8,0.019004151370134417,,0.10344580745295254,,0.001
LSTM5_c1816170,LSTM5,loso_subject_S019,9,0.015879732104595642,,0.0948882114501064,,0.001
LSTM5_c1816170,LSTM5,loso_subject_S019,10,0.015238999224002176,,0.09329685647236674,,0.001
LSTM5_c1816170,LSTM5,loso_subject_S019,11,0.01603552399770173,,0.09526489578960272,,0.001
LSTM5_c1816170,LSTM5,loso_subject_S019,12,0.014929949041661224,,0.09079064795029057,,0.001
LSTM5_c1816170,LSTM5,loso_subject_S019,13,0.014688272756103297,,0.0912841026986258,,0.001
LSTM5_c1816170,LSTM5,loso_subject_S019,14,0.013859495690574588,,0.08671775355215035,,0.001
LSTM5_c1816170,LSTM5,loso_subject_S019,15,0.013662560935232246,,0.08700022280271254,,0.001
LSTM5_c1816170,LSTM5,loso_subject_S019,16,0.013960303575466664,,0.08825756909618675,,0.001
LSTM5_c1816170,LSTM5,loso_subject_S019,17,0.013526625907757753,,0.0862790897727086,,0.001
LSTM5_c1816170,LSTM5,loso_subject_S019,18,0.014180272171504867,,0.08806235181777138,,0.001
LSTM5_c1816170,LSTM5,loso_subject_S019,19,0.014416365252183415,,0.08821572200330671,,0.001
LSTM5_c1816170,LSTM5,loso_subject_S019,20,0.012614522775977383,,0.08311467564318796,,0.001
LSTM5_c1816170,LSTM5,loso_subject_S019,21,0.013797727099308219,,0.08632592578719821,,0.001
LSTM5_c1816170,LSTM5,loso_subject_S019,22,0.01243093495924231,,0.08230163789448572,,0.001
LSTM5_c1816170,LSTM5,loso_subject_S019,23,0.012662792270478559,,0.0826682259015356,,0.001
LSTM5_c1816170,LSTM5,loso_subject_S019,24,0.012549281822590323,,0.08291762910849794,,0.001
LSTM5_c1816170,LSTM5,loso_subject_S019,25,0.012204364067698559,,0.08101450564054828,,0.001
LSTM5_c1816170,LSTM5,loso_subject_S019,26,0.01252442484772565,,0.0796947577901164,,0.001
LSTM5_c1816170,LSTM5,loso_subject_S019,27,0.011730200882224843,,0.07995824647448767,,0.001
LSTM5_c1816170,LSTM5,loso_subject_S019,28,0.012386251140928206,,0.08151804263195869,,0.001
LSTM5_c1816170,LSTM5,loso_subject_S019,29,0.012017499621660573,,0.07880007590274145,,0.001
LSTM5_c1816170,LSTM5,loso_subject_S019,30,0.011133642043664974,,0.07722334670594891,,0.001
LSTM5_c1816170,LSTM5,loso_subject_S019,31,0.011836971349787184,,0.0794399966686166,,0.001
LSTM5_c1816170,LSTM5,loso_subject_S019,32,0.010844890346991976,,0.07601493769707993,,0.001
LSTM5_c1816170,LSTM5,loso_subject_S019,33,0.011763473842539542,,0.07927585084756068,,0.001
LSTM5_c1816170,LSTM5,loso_subject_S019,34,0.011734110204329231,,0.07741532285567906,,0.001
LSTM5_c1816170,LSTM5,loso_subject_S019,35,0.01151521134176789,,0.07702700552728661,,0.001
LSTM5_c1816170,LSTM5,loso_subject_S019,36,0.011319801331463044,,0.07685877036941936,,0.001
LSTM5_c1816170,LSTM5,loso_subject_S019,37,0.010711962084846887,,0.07534048287556258,,0.001
LSTM5_c1816170,LSTM5,loso_subject_S019,38,0.011477439789569865,,0.07820553306424827,,0.001
LSTM5_c1816170,LSTM5,loso_subject_S019,39,0.012558700841019965,,0.07979494185127013,,0.001
LSTM5_c1816170,LSTM5,loso_subject_S019,40,0.010300351540701651,,0.0740576574745711,,0.001
LSTM5_c1816170,LSTM5,loso_subject_S019,41,0.010865168468255599,,0.07498118397399953,,0.001
LSTM5_c1816170,LSTM5,loso_subject_S019,42,0.010356453992655714,,0.07297510075161882,,0.001
LSTM5_c1816170,LSTM5,loso_subject_S019,43,0.010703186301022044,,0.07538278931542594,,0.001
LSTM5_c1816170,LSTM5,loso_subject_S019,44,0.010802599395060309,,0.07405401630772558,,0.001
LSTM5_c1816170,LSTM5,loso_subject_S019,45,0.011166864323291312,,0.07651549454797925,,0.001
LSTM5_c1816170,LSTM5,loso_subject_S019,46,0.011103835290113837,,0.0756149961478107,,0.001
LSTM5_c1816170,LSTM5,loso_subject_S019,47,0.010737500787262882,,0.07392700076350875,,0.001
LSTM5_c1816170,LSTM5,loso_subject_S019,48,0.010637908121963654,,0.07494586388095778,,0.001
LSTM5_c1816170,LSTM5,loso_subject_S019,49,0.009895871535560449,,0.07186904296659623,,0.001
LSTM5_c1816170,LSTM5,loso_subject_S019,50,0.01054849761382557,,0.07293183790395429,,0.001
LSTM5_c1816170,LSTM5,loso_subject_S019,51,0.011380278290398178,,0.07644496194240899,,0.001
LSTM5_c1816170,LSTM5,loso_subject_S019,52,0.010790332931384247,,0.07454239275041599,,0.001
LSTM5_c1816170,LSTM5,loso_subject_S019,53,0.009728873651342855,,0.07127668996129119,,0.001
LSTM5_c1816170,LSTM5,loso_subject_S019,54,0.010341695137207289,,0.07341283815490095,,0.001
LSTM5_c1816170,LSTM5,loso_subject_S019,55,0.011185908246648958,,0.07581882503270075,,0.001
LSTM5_c1816170,LSTM5,loso_subject_S019,56,0.010222010554676425,,0.07255719417276732,,0.001
LSTM5_c1816170,LSTM5,loso_subject_S019,57,0.010411758643995527,,0.07375182538408248,,0.001
LSTM5_c1816170,LSTM5,loso_subject_S019,58,0.009433592316227606,,0.06977075931153763,,0.001
LSTM5_c1816170,LSTM5,loso_subject_S019,59,0.01015798250547498,,0.07253661680428862,,0.001
LSTM5_c1816170,LSTM5,loso_subject_S019,60,0.009698634368828138,,0.07096001438890541,,0.001
LSTM5_c1816170,LSTM5,loso_subject_S019,61,0.010876683284098293,,0.07494810078878995,,0.001
LSTM5_c1816170,LSTM5,loso_subject_S019,62,0.010131242610777882,,0.07340418016976596,,0.001
LSTM5_c1816170,LSTM5,loso_subject_S019,63,0.010601963527402022,,0.07339455639538159,,0.001
LSTM5_c1816170,LSTM5,loso_subject_S019,64,0.009843665867970518,,0.07144811763905422,,0.001
LSTM5_c1816170,LSTM5,loso_subject_S019,65,0.009740118032780546,,0.07103127078088697,,0.001
LSTM5_c1816170,LSTM5,loso_subject_S019,66,0.01034209121129868,,0.07250073759206885,,0.001
LSTM5_c1816170,LSTM5,loso_subject_S019,67,0.010192837758765436,,0.0727155419721828,,0.001
LSTM5_c1816170,LSTM5,loso_subject_S019,68,0.010633709872867849,,0.07412074277192932,,0.001
LSTM5_c1816170,LSTM5,loso_subject_S019,69,0.010939468094197905,,0.07604679232764222,,0.001
LSTM5_c1816170,LSTM5,loso_subject_S019,70,0.010196771937350505,,0.07142978687402321,,0.001
LSTM5_c1816170,LSTM5,loso_subject_S019,71,0.010591273147884554,,0.073256702882101,,0.001
LSTM5_c1816170,LSTM5,loso_subject_S019,72,0.009393467714768688,,0.06988008847536399,,0.001
LSTM5_c1816170,LSTM5,loso_subject_S019,73,0.010812385175858702,,0.0736166019853756,,0.001
LSTM5_c1816170,LSTM5,loso_subject_S019,74,0.010517649233017876,,0.07416522896640225,,0.001
LSTM5_c1816170,LSTM5,loso_subject_S019,75,0.009360705150756269,,0.07020685073503093,,0.001
LSTM5_c1816170,LSTM5,loso_subject_S019,76,0.010877772843222704,,0.07518788808472306,,0.001
LSTM5_c1816170,LSTM5,loso_subject_S019,77,0.010048791570672075,,0.07215502867105375,,0.001
LSTM5_c1816170,LSTM5,loso_subject_S019,78,0.009558526270215365,,0.070065131092776,,0.001
LSTM5_c1816170,LSTM5,loso_subject_S019,79,0.009480705710913941,,0.06990542170147633,,0.001
LSTM5_c1816170,LSTM5,loso_subject_S019,80,0.009474225614876904,,0.0700217629715493,,0.001
