model_id,architecture_id,fold_id,epoch,train_loss,val_loss,train_mae,val_mae,lr
LSTM5_bb7a0ae7,LSTM5,loso_subject_S001,1,0.33448313572236016,,0.4243331503094201,,0.001
LSTM5_bb7a0ae7,LSTM5,loso_subject_S001,2,0.05204274347401432,,0.17309222103691727,,0.001
LSTM5_bb7a0ae7,LSTM5,loso_subject_S001,3,0.0328801833259573,,0.13735803946222558,,0.001
LSTM5_bb7a0ae7,LSTM5,loso_subject_S001,4,0.02514987665618492,,0.11999744934347714,,0.001
LSTM5_bb7a0ae7,LSTM5,loso_subject_S001,5,0.021619578344196064,,0.1124994386389115,,0.001
LSTM5_bb7a0ae7,LSTM5,loso_subject_S001,6,0.020768993280654936,,0.10860665233061383,,0.001
LSTM5_bb7a0ae7,LSTM5,loso_subject_S001,7,0.017713632000839873,,0.10080286236551989,,0.001
LSTM5_bb7a0ae7,LSTM5,loso_subject_S001,8,0.016704310098925895,,0.09779758101740786,,0.001
LSTM5_bb7a0ae7,LSTM5,loso_subject_S001,9,0.01649415918568758,,0.0975632269097411,,0.001
LSTM5_bb7a0ae7,LSTM5,loso_subject_S001,10,0.017047510235534316,,0.0959262481228875,,0.001
LSTM5_bb7a0ae7,LSTM5,loso_subject_S001,11,0.015576959684704158,,0.0926379329874943,,0.001
LSTM5_bb7a0ae7,LSTM5,loso_subject_S001,12,0.014715041311822738,,0.09053106487081333,,0.001
LSTM5_bb7a0ae7,LSTM5,loso_subject_S001,13,0.014012396951861116,,0.08816078706395421,,0.001
LSTM5_bb7a0ae7,LSTM5,loso_subject_S001,14,0.01348422706224792,,0.08555760509720013,,0.001
LSTM5_bb7a0ae7,LSTM5,loso_subject_S001,15,0.013207439122418693,,0.08544821850400798,,0.001
LSTM5_bb7a0ae7,LSTM5,loso_subject_S001,16,0.012716405431475399,,0.08421592387310305,,0.001
LSTM5_bb7a0ae7,LSTM5,loso_subject_S001,17,0.013470934641820963,,0.08530857035043767,,0.001
LSTM5_bb7a0ae7,LSTM5,loso_subject_S001,18,0.012216660060973626,,0.08217622665882536,,0.001
LSTM5_bb7a0ae7,LSTM5,loso_subject_S001,19,0.011875247392534961,,0.08162448153192618,,0.001
LSTM5_bb7a0ae7,LSTM5,loso_subject_S001,20,0.011622669820925038,,0.08047099579225486,,0.001
LSTM5_bb7a0ae7,LSTM5,loso_subject_S001,21,0.012474005211515218,,0.08276826151696041,,0.001
LSTM5_bb7a0ae7,LSTM5,loso_subject_S001,22,0.011961731760185201,,0.08006731937281641,,0.001
LSTM5_bb7a0ae7,LSTM5,loso_subject_S001,23,0.012628426440858891,,0.08198207007979552,,0.001
LSTM5_bb7a0ae7,LSTM5,loso_subject_S001,24,0.012121754530107269,,0.08038068258998435,,0.001
LSTM5_bb7a0ae7,LSTM5,loso_subject_S001,25,0.01136508484955094,,0.07774003062612461,,0.001
LSTM5_bb7a0ae7,LSTM5,loso_subject_S001,26,0.012280649382969395,,0.07996200622814337,,0.001
LSTM5_bb7a0ae7,LSTM5,loso_subject_S001,27,0.01161434041933024,,0.07827821338883179,,0.001
LSTM5_bb7a0ae7,LSTM5,loso_subject_S001,28,0.010983705696188903,,0.07705763360000636,,0.001
LSTM5_bb7a0ae7,LSTM5,loso_subject_S001,29,0.012194066891971445,,0.07986832056871264,,0.001
LSTM5_bb7a0ae7,LSTM5,loso_subject_S001,30,0.011575156437846576,,0.07758068714009075,,0.001
LSTM5_bb7a0ae7,LSTM5,loso_subject_S001,31,0.011667826465326025,,0.07811075601196488,,0.001
LSTM5_bb7a0ae7,LSTM5,loso_subject_S001,32,0.011108071751284627,,0.07745777773867767,,0.001
LSTM5_bb7a0ae7,LSTM5,loso_subject_S001,33,0.010578370621475597,,0.07597305513408086,,0.001
LSTM5_bb7a0ae7,LSTM5,loso_subject_S001,34,0.010745480290529201,,0.0759992509050835,,0.001
LSTM5_bb7a0ae7,LSTM5,loso_subject_S001,35,0.010567882391133253,,0.07657341604043928,,0.001
LSTM5_bb7a0ae7,LSTM5,loso_subject_S001,36,0.010648727724289809,,0.07551793513143965,,0.001
LSTM5_bb7a0ae7,LSTM5,loso_subject_S001,37,0.010630516553360874,,0.07547823305975616,,0.001
LSTM5_bb7a0ae7,LSTM5,loso_subject_S001,38,0.011312256268757558,,0.077219740150939,,0.001
LSTM5_bb7a0ae7,LSTM5,loso_subject_S001,39,0.011058228810391589,,0.07577475372917103,,0.001
LSTM5_bb7a0ae7,LSTM5,loso_subject_S001,40,0.010598336664006832,,0.07506561750116769,,0.001
LSTM5_bb7a0ae7,LSTM5,loso_subject_S001,41,0.010902357984116793,,0.07538927596299828,,0.001
LSTM5_bb7a0ae7,LSTM5,loso_subject_S001,42,0.010010475835842239,,0.07332084386067564,,0.001
LSTM5_bb7a0ae7,LSTM5,loso_subject_S001,43,0.010764732243556435,,0.07494118221286084,,0.001
LSTM5_bb7a0ae7,LSTM5,loso_subject_S001,44,0.011286475155957402,,0.07781730426287921,,0.001
LSTM5_bb7a0ae7,LSTM5,loso_subject_S001,45,0.010747569573775794,,0.07563078632226582,,0.001
LSTM5_bb7a0ae7,LSTM5,loso_subject_S001,46,0.010870746877421627,,0.07604752104460945,,0.001
LSTM5_bb7a0ae7,LSTM5,loso_subject_S001,47,0.010169429444675204,,0.07341826181723433,,0.001
LSTM5_bb7a0ae7,LSTM5,loso_subject_S001,48,0.010839362845641293,,0.07317603065312228,,0.001
LSTM5_bb7a0ae7,LSTM5,loso_subject_S001,49,0.010312967973651986,,0.07306314470105543,,0.001
LSTM5_bb7a0ae7,LSTM5,loso_subject_S001,50,0.010509376978516099,,0.07395902952759517,,0.001
LSTM5_bb7a0ae7,LSTM5,loso_subject_S001,51,0.010967259458085925,,0.0752331403446311,,0.001
LSTM5_bb7a0ae7,LSTM5,loso_subject_S001,52,0.01025567507452291,,0.07320831089927868,,0.001
LSTM5_bb7a0ae7,LSTM5,loso_subject_S001,53,0.010322922436346285,,0.0734013846014283,,0.001
LSTM5_bb7a0ae7,LSTM5,loso_subject_S001,54,0.010370330058566298,,0.07287544734052706,,0.001
LSTM5_bb7a0ae7,LSTM5,loso_subject_S001,55,0.011603696646192124,,0.07579890262288945,,0.001
LSTM5_bb7a0ae7,LSTM5,loso_subject_S001,56,0.011220993343219294,,0.0759212986131805,,0.001
LSTM5_bb7a0ae7,LSTM5,loso_subject_S001,57,0.010368511223296916,,0.0737711610255886,,0.001
LSTM5_bb7a0ae7,LSTM5,loso_subject_S001,58,0.009626678522274635,,0.07078241427529419,,0.001
LSTM5_bb7a0ae7,LSTM5,loso_subject_S001,59,0.00985137577057151,,0.07123409628095977,,0.001
LSTM5_bb7a0ae7,LSTM5,loso_subject_S001,60,0.009614414967010779,,0.07158297643358329,,0.001
LSTM5_bb7a0ae7,LSTM5,loso_subject_S001,61,0.009757114603711673,,0.0713986494468038,,0.001
LSTM5_bb7a0ae7,LSTM5,loso_subject_S001,62,0.009468147422432757,,0.07062993389446158,,0.001
LSTM5_bb7a0ae7,LSTM5,loso_subject_S001,63,0.0107252170970223,,0.07459370827855916,,0.001
LSTM5_bb7a0ae7,LSTM5,loso_subject_S001,64,0.009672893605629307,,0.07131223338853042,,0.001
LSTM5_bb7a0ae7,LSTM5,loso_subject_S001,65,0.010838678231886618,,0.07361547081570954,,0.001
LSTM5_bb7a0ae7,LSTM5,loso_subject_S001,66,0.01008436553060405,,0.07207798899249565,,0.001
LSTM5_bb7a0ae7,LSTM5,loso_subject_S001,67,0.009440055271491915,,0.07044409117381299,,0.001
LSTM5_bb7a0ae7,LSTM5,loso_subject_S001,68,0.011452674647729939,,0.07779129185425944,,0.001
LSTM5_bb7a0ae7,LSTM5,loso_subject_S001,69,0.009898187135284663,,0.07218451874065498,,0.001
LSTM5_bb7a0ae7,LSTM5,loso_subject_S001,70,0.010080291996940199,,0.07193210972400915,,0.001
LSTM5_bb7a0ae7,LSTM5,loso_subject_S001,71,0.010492523582990571,,0.07324795991164577,,0.001
LSTM5_bb7a0ae7,LSTM5,loso_subject_S001,72,0.010105415684198201,,0.0715669806183556,,0.001
LSTM5_bb7a0ae7,LSTM5,loso_subject_S001,73,0.010068655827766625,,0.07154479629497147,,0.001
LSTM5_bb7a0ae7,LSTM5,loso_subject_S001,74,0.010549122195839526,,0.07350376769323445,,0.001
LSTM5_bb7a0ae7,LSTM5,loso_subject_S001,75,0.00924620640027587,,0.06956831179448293,,0.001
LSTM5_bb7a0ae7,LSTM5,loso_subject_S001,76,0.009523582045141964,,0.0688235979791267,,0.001
LSTM5_bb7a0ae7,LSTM5,loso_subject_S001,77,0.010454392155489267,,0.07271697258597828,,0.001
LSTM5_bb7a0ae7,LSTM5,loso_subject_S001,78,0.010047589894106802,,0.07244729620757878,,0.001
LSTM5_bb7a0ae7,LSTM5,loso_subject_S001,79,0.010469136933811084,,0.07245334702421329,,0.001
LSTM5_bb7a0ae7,LSTM5,loso_subject_S001,80,0.009796133837892834,,0.07042019580396035,,0.001
LSTM5_bb7a0ae7,LSTM5,loso_subject_S002,1,0.30193345819066025,,0.40063194621349973,,0.001
LSTM5_bb7a0ae7,LSTM5,loso_subject_S002,2,0.04341625416125111,,0.15701287846841958,,0.001
LSTM5_bb7a0ae7,LSTM5,loso_subject_S002,3,0.0313733939806399,,0.13384280407065383,,0.001
LSTM5_bb7a0ae7,LSTM5,loso_subject_S002,4,0.025860932792110013,,0.12044026691287511,,0.001
LSTM5_bb7a0ae7,LSTM5,loso_subject_S002,5,0.023992018533951373,,0.11591848620985486,,0.001
LSTM5_bb7a0ae7,LSTM5,loso_subject_S002,6,0.021045617440416272,,0.10807781483091475,,0.001
LSTM5_bb7a0ae7,LSTM5,loso_subject_S002,7,0.01873929645639057,,0.10309215794030276,,0.001
LSTM5_bb7a0ae7,LSTM5,loso_subject_S002,8,0.018515870125761204,,0.09981647701573679,,0.001
LSTM5_bb7a0ae7,LSTM5,loso_subject_S002,9,0.017431390035028405,,0.10015730701325787,,0.001
LSTM5_bb7a0ae7,LSTM5,loso_subject_S002,10,0.016133797875794408,,0.09442126467946266,,0.001
LSTM5_bb7a0ae7,LSTM5,loso_subject_S002,11,0.01477273090241383,,0.09025351208790805,,0.001
LSTM5_bb7a0ae7,LSTM5,loso_subject_S002,12,0.014752739234658226,,0.08993352914681049,,0.001
LSTM5_bb7a0ae7,LSTM5,loso_subject_S002,13,0.014845900423169696,,0.09014831016065088,,0.001
LSTM5_bb7a0ae7,LSTM5,loso_subject_S002,14,0.013566503556748767,,0.08655803061034727,,0.001
LSTM5_bb7a0ae7,LSTM5,loso_subject_S002,15,0.01427423687059987,,0.08819044770068049,,0.001
LSTM5_bb7a0ae7,LSTM5,loso_subject_S002,16,0.012622313295542356,,0.08299158612246531,,0.001
LSTM5_bb7a0ae7,LSTM5,loso_subject_S002,17,0.013676107004022822,,0.08604987125498748,,0.001
LSTM5_bb7a0ae7,LSTM5,loso_subject_S002,18,0.013185526729110466,,0.0853475765756398,,0.001
LSTM5_bb7a0ae7,LSTM5,loso_subject_S002,19,0.012500392570043505,,0.08256953558147583,,0.001
LSTM5_bb7a0ae7,LSTM5,loso_subject_S002,20,0.01326192739219836,,0.08421256434246635,,0.001
LSTM5_bb7a0ae7,LSTM5,loso_subject_S002,21,0.012258426262260112,,0.08074400804561299,,0.001
LSTM5_bb7a0ae7,LSTM5,loso_subject_S002,22,0.012900146863730089,,0.0830668709901405,,0.001
LSTM5_bb7a0ae7,LSTM5,loso_subject_S002,23,0.011791221828037242,,0.07991382249948707,,0.001
LSTM5_bb7a0ae7,LSTM5,loso_subject_S002,24,0.011898667366513578,,0.07928645406420597,,0.001
LSTM5_bb7a0ae7,LSTM5,loso_subject_S002,25,0.01135805506010268,,0.0778500696978284,,0.001
LSTM5_bb7a0ae7,LSTM5,loso_subject_S002,26,0.011976361248515555,,0.08064994961896786,,0.001
LSTM5_bb7a0ae7,LSTM5,loso_subject_S002,27,0.011994451097707326,,0.07979481347595262,,0.001
LSTM5_bb7a0ae7,LSTM5,loso_subject_S002,28,0.011580756401418242,,0.07964030855880114,,0.001
LSTM5_bb7a0ae7,LSTM5,loso_subject_S002,29,0.011006822128281224,,0.07722495728175638,,0.001
LSTM5_bb7a0ae7,LSTM5,loso_subject_S002,30,0.010638566847108873,,0.07529115314395599,,0.001
LSTM5_bb7a0ae7,LSTM5,loso_subject_S002,31,0.010439993644947708,,0.07442977054946448,,0.001
LSTM5_bb7a0ae7,LSTM5,loso_subject_S002,32,0.011366049367126518,,0.07745795994822334,,0.001
LSTM5_bb7a0ae7,LSTM5,loso_subject_S002,33,0.011695013880502576,,0.07834944901998829,,0.001
LSTM5_bb7a0ae7,LSTM5,loso_subject_S002,34,0.013592543084816385,,0.0830216760477455,,0.001
LSTM5_bb7a0ae7,LSTM5,loso_subject_S002,35,0.012216152046814753,,0.08092651408764011,,0.001
LSTM5_bb7a0ae7,LSTM5,loso_subject_S002,36,0.01117557942089903,,0.07727661624044214,,0.001
LSTM5_bb7a0ae7,LSTM5,loso_subject_S002,37,0.010743367956276517,,0.07518100736778478,,0.001
LSTM5_bb7a0ae7,LSTM5,loso_subject_S002,38,0.011558655872154907,,0.07883522442049605,,0.001
LSTM5_bb7a0ae7,LSTM5,loso_subject_S002,39,0.011052193887671511,,0.07631020176312849,,0.001
LSTM5_bb7a0ae7,LSTM5,loso_subject_S002,40,0.011040373164876544,,0.07499186769739265,,0.001
LSTM5_bb7a0ae7,LSTM5,loso_subject_S002,41,0.010831659840985452,,0.07447971897974942,,0.001
LSTM5_bb7a0ae7,LSTM5,loso_subject_S002,42,0.010894088678341468,,0.07554923921194613,,0.001
LSTM5_bb7a0ae7,LSTM5,loso_subject_S002,43,0.01034554974738277,,0.07399997464080908,,0.001
LSTM5_bb7a0ae7,LSTM5,loso_subject_S002,44,0.010630455967541107,,0.07421486864929881,,0.001
LSTM5_bb7a0ae7,LSTM5,loso_subject_S002,45,0.010149789932604273,,0.07281680491175349,,0.001
LSTM5_bb7a0ae7,LSTM5,loso_subject_S002,46,0.010746903346844918,,0.07527614951762616,,0.001
LSTM5_bb7a0ae7,LSTM5,loso_subject_S002,47,0.010230179850431323,,0.0743104558162924,,0.001
LSTM5_bb7a0ae7,LSTM5,loso_subject_S002,48,0.010603629227330229,,0.0741605140260068,,0.001
LSTM5_bb7a0ae7,LSTM5,loso_subject_S002,49,0.009819890646501973,,0.07124022674798126,,0.001
LSTM5_bb7a0ae7,LSTM5,loso_subject_S002,50,0.010352171232524259,,0.07293421071970449,,0.001
LSTM5_bb7a0ae7,LSTM5,loso_subject_S002,51,0.011340836026451407,,0.07554162548285016,,0.001
LSTM5_bb7a0ae7,LSTM5,loso_subject_S002,52,0.011128123167788682,,0.07526083537765013,,0.001
LSTM5_bb7a0ae7,LSTM5,loso_subject_S002,53,0.01051966682107025,,0.07371969597909822,,0.001
LSTM5_bb7a0ae7,LSTM5,loso_subject_S002,54,0.009411399344425617,,0.069811578259169,,0.001
LSTM5_bb7a0ae7,LSTM5,loso_subject_S002,55,0.010232856424016591,,0.0731881412154485,,0.001
LSTM5_bb7a0ae7,LSTM5,loso_subject_S002,56,0.010431049085917674,,0.07254596800485501,,0.001
LSTM5_bb7a0ae7,LSTM5,loso_subject_S002,57,0.010187342517287552,,0.07228015764132753,,0.001
LSTM5_bb7a0ae7,LSTM5,loso_subject_S002,58,0.010546364663179706,,0.07372124622393604,,0.001
LSTM5_bb7a0ae7,LSTM5,loso_subject_S002,59,0.01039531692569903,,0.0735224905879109,,0.001
LSTM5_bb7a0ae7,LSTM5,loso_subject_S002,60,0.009685370697697749,,0.07169374003394967,,0.001
LSTM5_bb7a0ae7,LSTM5,loso_subject_S002,61,0.00998423401602617,,0.07202139017275881,,0.001
LSTM5_bb7a0ae7,LSTM5,loso_subject_S002,62,0.010907881035865803,,0.07506056809044527,,0.001
LSTM5_bb7a0ae7,LSTM5,loso_subject_S002,63,0.01034039062866013,,0.07225301734238408,,0.001
LSTM5_bb7a0ae7,LSTM5,loso_subject_S002,64,0.01072379375850522,,0.07430614129250382,,0.001
LSTM5_bb7a0ae7,LSTM5,loso_subject_S002,65,0.010240828434981466,,0.07325313524162923,,0.001
LSTM5_bb7a0ae7,LSTM5,loso_subject_S002,66,0.009829570230310575,,0.070579583189971,,0.001
LSTM5_bb7a0ae7,LSTM5,loso_subject_S002,67,0.009909509676797938,,0.07130860884052648,,0.001
LSTM5_bb7a0ae7,LSTM5,loso_subject_S002,68,0.009888906384504903,,0.0716195867373963,,0.001
LSTM5_bb7a0ae7,LSTM5,loso_subject_S002,69,0.010497782807382302,,0.07312437531222772,,0.001
LSTM5_bb7a0ae7,LSTM5,loso_subject_S002,70,0.010531067942102098,,0.07437588114636445,,0.001
LSTM5_bb7a0ae7,LSTM5,loso_subject_S002,71,0.009708746409552459,,0.07079250582986253,,0.001
LSTM5_bb7a0ae7,LSTM5,loso_subject_S002,72,0.010371402596589724,,0.07300411822473038,,0.001
LSTM5_bb7a0ae7,LSTM5,loso_subject_S002,73,0.010414298962264519,,0.07295518931861779,,0.001
LSTM5_bb7a0ae7,LSTM5,loso_subject_S002,74,0.011203232049889609,,0.07480922147439485,,0.001
LSTM5_bb7a0ae7,LSTM5,loso_subject_S002,75,0.009386834219547922,,0.06956300643411359,,0.001
LSTM5_bb7a0ae7,LSTM5,loso_subject_S002,76,0.010097052528580775,,0.07137021542923112,,0.001
LSTM5_bb7a0ae7,LSTM5,loso_subject_S002,77,0.009402667348036173,,0.07053992234318925,,0.001
LSTM5_bb7a0ae7,LSTM5,loso_subject_S002,78,0.009827571564025365,,0.07024761220355107,,0.001
LSTM5_bb7a0ae7,LSTM5,loso_subject_S002,79,0.009996945147892811,,0.07202915774804626,,0.001
LSTM5_bb7a0ae7,LSTM5,loso_subject_S002,80,0.010324956817554631,,0.07348219566440246,,0.001
LSTM5_bb7a0ae7,LSTM5,loso_subject_S003,1,0.316054153100945,,0.40444857821840796,,0.001
LSTM5_bb7a0ae7,LSTM5,loso_subject_S003,2,0.04397725395756535,,0.15876079982256852,,0.001
LSTM5_bb7a0ae7,LSTM5,loso_subject_S003,3,0.028005417990349855,,0.12951059614580934,,0.001
LSTM5_bb7a0ae7,LSTM5,loso_subject_S003,4,0.024621788406114297,,0.1196967048081534,,0.001
LSTM5_bb7a0ae7,LSTM5,loso_subject_S003,5,0.022815917322075784,,0.11332380195941115,,0.001
LSTM5_bb7a0ae7,LSTM5,loso_subject_S003,6,0.01939723320045312,,0.1064632129167208,,0.001
LSTM5_bb7a0ae7,LSTM5,loso_subject_S003,7,0.017809981697313883,,0.10062203903842226,,0.001
LSTM5_bb7a0ae7,LSTM5,loso_subject_S003,8,0.01741605816756648,,0.09956320604035272,,0.001
LSTM5_bb7a0ae7,LSTM5,loso_subject_S003,9,0.017086489729679362,,0.09851831950710829,,0.001
LSTM5_bb7a0ae7,LSTM5,loso_subject_S003,10,0.015326237471064775,,0.09358852985731929,,0.001
LSTM5_bb7a0ae7,LSTM5,loso_subject_S003,11,0.01454890735831807,,0.0895522764809034,,0.001
LSTM5_bb7a0ae7,LSTM5,loso_subject_S003,12,0.015296570867955776,,0.09183061812779611,,0.001
LSTM5_bb7a0ae7,LSTM5,loso_subject_S003,13,0.01443257350163684,,0.08895019454505627,,0.001
LSTM5_bb7a0ae7,LSTM5,loso_subject_S003,14,0.013537673171106528,,0.08601344997721848,,0.001
LSTM5_bb7a0ae7,LSTM5,loso_subject_S003,15,0.013823332400124786,,0.08584374442854854,,0.001
LSTM5_bb7a0ae7,LSTM5,loso_subject_S003,16,0.012754294395514613,,0.08461631157510378,,0.001
LSTM5_bb7a0ae7,LSTM5,loso_subject_S003,17,0.013426980501738956,,0.08597612368997204,,0.001
LSTM5_bb7a0ae7,LSTM5,loso_subject_S003,18,0.013033435759961333,,0.08371681524652631,,0.001
LSTM5_bb7a0ae7,LSTM5,loso_subject_S003,19,0.012324274620479355,,0.08283601735629514,,0.001
LSTM5_bb7a0ae7,LSTM5,loso_subject_S003,20,0.012820397483040783,,0.08389543357315121,,0.001
LSTM5_bb7a0ae7,LSTM5,loso_subject_S003,21,0.012131084598691312,,0.0803411126724686,,0.001
LSTM5_bb7a0ae7,LSTM5,loso_subject_S003,22,0.012633682176335086,,0.0821111796047872,,0.001
LSTM5_bb7a0ae7,LSTM5,loso_subject_S003,23,0.011873900479663939,,0.0797539881333053,,0.001
LSTM5_bb7a0ae7,LSTM5,loso_subject_S003,24,0.012339079316722424,,0.08053352776490864,,0.001
LSTM5_bb7a0ae7,LSTM5,loso_subject_S003,25,0.011360702948003149,,0.07886286860216007,,0.001
LSTM5_bb7a0ae7,LSTM5,loso_subject_S003,26,0.011417217879119429,,0.07868174217833554,,0.001
LSTM5_bb7a0ae7,LSTM5,loso_subject_S003,27,0.010988147925212414,,0.07648733774700367,,0.001
LSTM5_bb7a0ae7,LSTM5,loso_subject_S003,28,0.011825925976247138,,0.07942039638599423,,0.001
LSTM5_bb7a0ae7,LSTM5,loso_subject_S003,29,0.011108876750641962,,0.07705709501219085,,0.001
LSTM5_bb7a0ae7,LSTM5,loso_subject_S003,30,0.011286004171996449,,0.07749808388161551,,0.001
LSTM5_bb7a0ae7,LSTM5,loso_subject_S003,31,0.011364821035115328,,0.07768442787919674,,0.001
LSTM5_bb7a0ae7,LSTM5,loso_subject_S003,32,0.010768182233982184,,0.07569896498969184,,0.001
LSTM5_bb7a0ae7,LSTM5,loso_subject_S003,33,0.011126553927787067,,0.07651574988376027,,0.001
LSTM5_bb7a0ae7,LSTM5,loso_subject_S003,34,0.011487324646079124,,0.07772150168107746,,0.001
LSTM5_bb7a0ae7,LSTM5,loso_subject_S003,35,0.010894297360554224,,0.07538950276392907,,0.001
LSTM5_bb7a0ae7,LSTM5,loso_subject_S003,36,0.00990484329067702,,0.0723154198530954,,0.001
LSTM5_bb7a0ae7,LSTM5,loso_subject_S003,37,0.010395517249694815,,0.0733861991573176,,0.001
LSTM5_bb7a0ae7,LSTM5,loso_subject_S003,38,0.010952850859131726,,0.07461863656235754,,0.001
LSTM5_bb7a0ae7,LSTM5,loso_subject_S003,39,0.010535236123994512,,0.07467282992167248,,0.001
LSTM5_bb7a0ae7,LSTM5,loso_subject_S003,40,0.010579817630181001,,0.07448680458282303,,0.001
LSTM5_bb7a0ae7,LSTM5,loso_subject_S003,41,0.011814082307636467,,0.07750602399814473,,0.001
LSTM5_bb7a0ae7,LSTM5,loso_subject_S003,42,0.01113132684546691,,0.07558270375582082,,0.001
LSTM5_bb7a0ae7,LSTM5,loso_subject_S003,43,0.011452195837624564,,0.07749309019497928,,0.001
LSTM5_bb7a0ae7,LSTM5,loso_subject_S003,44,0.011684228135597904,,0.07824486973660126,,0.001
LSTM5_bb7a0ae7,LSTM5,loso_subject_S003,45,0.010087229425655693,,0.07397516708091828,,0.001
LSTM5_bb7a0ae7,LSTM5,loso_subject_S003,46,0.010294191761589602,,0.07240213628897899,,0.001
LSTM5_bb7a0ae7,LSTM5,loso_subject_S003,47,0.010740078338711595,,0.0745168600644074,,0.001
LSTM5_bb7a0ae7,LSTM5,loso_subject_S003,48,0.009897264771372623,,0.07148232850979601,,0.001
LSTM5_bb7a0ae7,LSTM5,loso_subject_S003,49,0.01035754515284924,,0.07319148397454724,,0.001
LSTM5_bb7a0ae7,LSTM5,loso_subject_S003,50,0.00974001110628903,,0.07023389105641245,,0.001
LSTM5_bb7a0ae7,LSTM5,loso_subject_S003,51,0.0102002372775843,,0.07208237255017566,,0.001
LSTM5_bb7a0ae7,LSTM5,loso_subject_S003,52,0.010148137013890042,,0.07351039588134821,,0.001
LSTM5_bb7a0ae7,LSTM5,loso_subject_S003,53,0.011019053984552125,,0.07556815418967347,,0.001
LSTM5_bb7a0ae7,LSTM5,loso_subject_S003,54,0.010495082449241456,,0.07425477327680009,,0.001
LSTM5_bb7a0ae7,LSTM5,loso_subject_S003,55,0.010563814184135208,,0.07443761736471122,,0.001
LSTM5_bb7a0ae7,LSTM5,loso_subject_S003,56,0.010801512592547037,,0.0750043218251606,,0.001
LSTM5_bb7a0ae7,LSTM5,loso_subject_S003,57,0.009855922363551506,,0.07232475616772728,,0.001
LSTM5_bb7a0ae7,LSTM5,loso_subject_S003,58,0.010434220394625559,,0.07249740158548304,,0.001
LSTM5_bb7a0ae7,LSTM5,loso_subject_S003,59,0.009958538465761496,,0.07166522068730435,,0.001
LSTM5_bb7a0ae7,LSTM5,loso_subject_S003,60,0.010554964209684879,,0.07315591147709327,,0.001
LSTM5_bb7a0ae7,LSTM5,loso_subject_S003,61,0.010352269420753572,,0.07315946578165468,,0.001
LSTM5_bb7a0ae7,LSTM5,loso_subject_S003,62,0.010111970955305288,,0.07108380587401267,,0.001
LSTM5_bb7a0ae7,LSTM5,loso_subject_S003,63,0.010858621519646849,,0.0743178160468255,,0.001
LSTM5_bb7a0ae7,LSTM5,loso_subject_S003,64,0.009877742001891407,,0.07161279979737105,,0.001
LSTM5_bb7a0ae7,LSTM5,loso_subject_S003,65,0.009824703723667063,,0.07089649799289761,,0.001
LSTM5_bb7a0ae7,LSTM5,loso_subject_S003,66,0.009854340873522986,,0.07092522151417725,,0.001
LSTM5_bb7a0ae7,LSTM5,loso_subject_S003,67,0.010591404411760872,,0.07424012674230726,,0.001
LSTM5_bb7a0ae7,LSTM5,loso_subject_S003,68,0.009462300662024793,,0.07069585990833405,,0.001
LSTM5_bb7a0ae7,LSTM5,loso_subject_S003,69,0.009583874479818054,,0.06994353808428702,,0.001
LSTM5_bb7a0ae7,LSTM5,loso_subject_S003,70,0.010348471710585588,,0.07261498221316359,,0.001
LSTM5_bb7a0ae7,LSTM5,loso_subject_S003,71,0.009617338886368619,,0.07106879892814141,,0.001
LSTM5_bb7a0ae7,LSTM5,loso_subject_S003,72,0.010271433020386512,,0.07245809895089617,,0.001
LSTM5_bb7a0ae7,LSTM5,loso_subject_S003,73,0.010438757375651498,,0.07456139721801683,,0.001
LSTM5_bb7a0ae7,LSTM5,loso_subject_S003,74,0.010075107000609903,,0.07170644881873645,,0.001
LSTM5_bb7a0ae7,LSTM5,loso_subject_S003,75,0.009983716744997387,,0.07167475807603466,,0.001
LSTM5_bb7a0ae7,LSTM5,loso_subject_S003,76,0.010038777348360723,,0.07146051615838396,,0.001
LSTM5_bb7a0ae7,LSTM5,loso_subject_S003,77,0.010304852224298512,,0.0730779139243055,,0.001
LSTM5_bb7a0ae7,LSTM5,loso_subject_S003,78,0.009476330142315584,,0.07047005331932323,,0.001
LSTM5_bb7a0ae7,LSTM5,loso_subject_S003,79,0.00990779450437413,,0.07093172134189939,,0.001
LSTM5_bb7a0ae7,LSTM5,loso_subject_S003,80,0.00984461806595823,,0.07063135637114551,,0.001
LSTM5_bb7a0ae7,LSTM5,loso_subject_S004,1,0.32243035127805514,,0.41545748254648895,,0.001
LSTM5_bb7a0ae7,LSTM5,loso_subject_S004,2,0.04361557513080627,,0.16102288667773865,,0.001
LSTM5_bb7a0ae7,LSTM5,loso_subject_S004,3,0.027448670774389006,,0.1268540046503781,,0.001
LSTM5_bb7a0ae7,LSTM5,loso_subject_S004,4,0.024057245871706292,,0.11791035990908738,,0.001
LSTM5_bb7a0ae7,LSTM5,loso_subject_S004,5,0.02028408710024253,,0.10749132804680053,,0.001
LSTM5_bb7a0ae7,LSTM5,loso_subject_S004,6,0.018073490427405053,,0.10249018241657662,,0.001
LSTM5_bb7a0ae7,LSTM5,loso_subject_S004,7,0.017599422933710897,,0.10034945854368299,,0.001
LSTM5_bb7a0ae7,LSTM5,loso_subject_S004,8,0.01696003376116139,,0.09745665264587595,,0.001
LSTM5_bb7a0ae7,LSTM5,loso_subject_S004,9,0.015628376587992876,,0.09345211246135061,,0.001
LSTM5_bb7a0ae7,LSTM5,loso_subject_S004,10,0.01535004666768736,,0.09303455514691317,,0.001
LSTM5_bb7a0ae7,LSTM5,loso_subject_S004,11,0.014744501061406352,,0.09111302322084355,,0.001
LSTM5_bb7a0ae7,LSTM5,loso_subject_S004,12,0.014405963778460696,,0.08936843369457699,,0.001
LSTM5_bb7a0ae7,LSTM5,loso_subject_S004,13,0.015094681981811724,,0.09051283520216236,,0.001
LSTM5_bb7a0ae7,LSTM5,loso_subject_S004,14,0.014189396146355893,,0.08898768897398907,,0.001
LSTM5_bb7a0ae7,LSTM5,loso_subject_S004,15,0.013704486817454885,,0.08786341861166742,,0.001
LSTM5_bb7a0ae7,LSTM5,loso_subject_S004,16,0.014477330128655982,,0.0884313427036848,,0.001
LSTM5_bb7a0ae7,LSTM5,loso_subject_S004,17,0.014044015796913762,,0.08810847904670228,,0.001
LSTM5_bb7a0ae7,LSTM5,loso_subject_S004,18,0.01247073614365052,,0.0820678705138461,,0.001
LSTM5_bb7a0ae7,LSTM5,loso_subject_S004,19,0.012790681418686148,,0.08389536088262897,,0.001
LSTM5_bb7a0ae7,LSTM5,loso_subject_S004,20,0.012298787279591328,,0.08331957257887108,,0.001
LSTM5_bb7a0ae7,LSTM5,loso_subject_S004,21,0.012190667927579904,,0.0815812115241385,,0.001
LSTM5_bb7a0ae7,LSTM5,loso_subject_S004,22,0.01189162605668289,,0.07975307265546064,,0.001
LSTM5_bb7a0ae7,LSTM5,loso_subject_S004,23,0.011866306015755022,,0.0798989137733881,,0.001
LSTM5_bb7a0ae7,LSTM5,loso_subject_S004,24,0.012047615607672398,,0.08148548771589688,,0.001
LSTM5_bb7a0ae7,LSTM5,loso_subject_S004,25,0.011665124617092595,,0.0795375257971745,,0.001
LSTM5_bb7a0ae7,LSTM5,loso_subject_S004,26,0.012049537302565937,,0.08130235360945748,,0.001
LSTM5_bb7a0ae7,LSTM5,loso_subject_S004,27,0.012355144774104796,,0.08108825396668536,,0.001
LSTM5_bb7a0ae7,LSTM5,loso_subject_S004,28,0.011225154060675207,,0.07794789422258476,,0.001
LSTM5_bb7a0ae7,LSTM5,loso_subject_S004,29,0.010991309969999885,,0.0762469192897182,,0.001
LSTM5_bb7a0ae7,LSTM5,loso_subject_S004,30,0.011447882330884583,,0.07893816331466717,,0.001
LSTM5_bb7a0ae7,LSTM5,loso_subject_S004,31,0.011674959333309197,,0.07946374718497913,,0.001
LSTM5_bb7a0ae7,LSTM5,loso_subject_S004,32,0.010866808157533731,,0.07676159805643723,,0.001
LSTM5_bb7a0ae7,LSTM5,loso_subject_S004,33,0.010789305614326714,,0.07743895214411803,,0.001
LSTM5_bb7a0ae7,LSTM5,loso_subject_S004,34,0.012224901683874207,,0.08061280421098962,,0.001
LSTM5_bb7a0ae7,LSTM5,loso_subject_S004,35,0.010029415805484965,,0.07365213177302041,,0.001
LSTM5_bb7a0ae7,LSTM5,loso_subject_S004,36,0.011944901569361788,,0.07879945496193164,,0.001
LSTM5_bb7a0ae7,LSTM5,loso_subject_S004,37,0.010591239744919625,,0.0751087038542265,,0.001
LSTM5_bb7a0ae7,LSTM5,loso_subject_S004,38,0.012497542523591176,,0.08087713215670096,,0.001
LSTM5_bb7a0ae7,LSTM5,loso_subject_S004,39,0.010985406562532437,,0.07690499819900697,,0.001
LSTM5_bb7a0ae7,LSTM5,loso_subject_S004,40,0.01107219255356349,,0.07748107644374279,,0.001
LSTM5_bb7a0ae7,LSTM5,loso_subject_S004,41,0.012236552615780225,,0.08105028151132304,,0.001
LSTM5_bb7a0ae7,LSTM5,loso_subject_S004,42,0.0101104768375272,,0.07389715614610466,,0.001
LSTM5_bb7a0ae7,LSTM5,loso_subject_S004,43,0.01148813786966606,,0.07765654534373453,,0.001
LSTM5_bb7a0ae7,LSTM5,loso_subject_S004,44,0.010201808090672919,,0.07292841115847454,,0.001
LSTM5_bb7a0ae7,LSTM5,loso_subject_S004,45,0.010523652125447156,,0.07449526994244857,,0.001
LSTM5_bb7a0ae7,LSTM5,loso_subject_S004,46,0.010421138790578379,,0.07467123901612414,,0.001
LSTM5_bb7a0ae7,LSTM5,loso_subject_S004,47,0.010458443163871362,,0.07446448321127702,,0.001
LSTM5_bb7a0ae7,LSTM5,loso_subject_S004,48,0.009957787079348928,,0.0729969818608916,,0.001
LSTM5_bb7a0ae7,LSTM5,loso_subject_S004,49,0.011955860502960877,,0.07948111737580696,,0.001
LSTM5_bb7a0ae7,LSTM5,loso_subject_S004,50,0.010206099541066611,,0.07434286977487134,,0.001
LSTM5_bb7a0ae7,LSTM5,loso_subject_S004,51,0.010194961696274827,,0.07418524153905649,,0.001
LSTM5_bb7a0ae7,LSTM5,loso_subject_S004,52,0.009884661853407757,,0.07080257052546358,,0.001
LSTM5_bb7a0ae7,LSTM5,loso_subject_S004,53,0.010419648136145224,,0.07383736391536165,,0.001
LSTM5_bb7a0ae7,LSTM5,loso_subject_S004,54,0.010590422381190455,,0.07306939038654478,,0.001
LSTM5_bb7a0ae7,LSTM5,loso_subject_S004,55,0.009984047019682564,,0.07168912252179306,,0.001
LSTM5_bb7a0ae7,LSTM5,loso_subject_S004,56,0.011118453225487728,,0.07690126801768857,,0.001
LSTM5_bb7a0ae7,LSTM5,loso_subject_S004,57,0.009826301115359107,,0.0723095623085981,,0.001
LSTM5_bb7a0ae7,LSTM5,loso_subject_S004,58,0.01007712447935206,,0.07270652341305736,,0.001
LSTM5_bb7a0ae7,LSTM5,loso_subject_S004,59,0.010455994376041432,,0.07381088905582577,,0.001
LSTM5_bb7a0ae7,LSTM5,loso_subject_S004,60,0.010728643858936347,,0.07463318412185312,,0.001
LSTM5_bb7a0ae7,LSTM5,loso_subject_S004,61,0.011063643178195507,,0.07757903572773983,,0.001
LSTM5_bb7a0ae7,LSTM5,loso_subject_S004,62,0.010469927058536268,,0.07316250230021465,,0.001
LSTM5_bb7a0ae7,LSTM5,loso_subject_S004,63,0.010560248028744678,,0.07517091509021659,,0.001
LSTM5_bb7a0ae7,LSTM5,loso_subject_S004,64,0.010122154411955218,,0.074582885911873,,0.001
LSTM5_bb7a0ae7,LSTM5,loso_subject_S004,65,0.009688815316511607,,0.0712938421318943,,0.001
LSTM5_bb7a0ae7,LSTM5,loso_subject_S004,66,0.010081291265625585,,0.07222355803277937,,0.001
LSTM5_bb7a0ae7,LSTM5,loso_subject_S004,67,0.01160683998469527,,0.07614323108607543,,0.001
LSTM5_bb7a0ae7,LSTM5,loso_subject_S004,68,0.009951936872141402,,0.07145564381580406,,0.001
LSTM5_bb7a0ae7,LSTM5,loso_subject_S004,69,0.010353411408840364,,0.07363650372291895,,0.001
LSTM5_bb7a0ae7,LSTM5,loso_subject_S004,70,0.010780046999875061,,0.07391099031046275,,0.001
LSTM5_bb7a0ae7,LSTM5,loso_subject_S004,71,0.00995060685399151,,0.07173643182674716,,0.001
LSTM5_bb7a0ae7,LSTM5,loso_subject_S004,72,0.009375456994682362,,0.06878269918664329,,0.001
LSTM5_bb7a0ae7,LSTM5,loso_subject_S004,73,0.009267488637901262,,0.06864202790859344,,0.001
LSTM5_bb7a0ae7,LSTM5,loso_subject_S004,74,0.008879595088246362,,0.06867344951169926,,0.001
LSTM5_bb7a0ae7,LSTM5,loso_subject_S004,75,0.009952364361129125,,0.07145835228937669,,0.001
LSTM5_bb7a0ae7,LSTM5,loso_subject_S004,76,0.009641692959554088,,0.07153526909401531,,0.001
LSTM5_bb7a0ae7,LSTM5,loso_subject_S004,77,0.010117860543844557,,0.07205051771719595,,0.001
LSTM5_bb7a0ae7,LSTM5,loso_subject_S004,78,0.010740140030774116,,0.07471051951445373,,0.001
LSTM5_bb7a0ae7,LSTM5,loso_subject_S004,79,0.01091181985323293,,0.07518645799709202,,0.001
LSTM5_bb7a0ae7,LSTM5,loso_subject_S004,80,0.009222848303720228,,0.06867574436838465,,0.001
LSTM5_bb7a0ae7,LSTM5,loso_subject_S005,1,0.32312260734805553,,0.4081238262888472,,0.001
LSTM5_bb7a0ae7,LSTM5,loso_subject_S005,2,0.04838864477513715,,0.166716095998713,,0.001
LSTM5_bb7a0ae7,LSTM5,loso_subject_S005,3,0.030701200554502418,,0.1334195731591906,,0.001
LSTM5_bb7a0ae7,LSTM5,loso_subject_S005,4,0.025234206461460205,,0.11966804261764559,,0.001
LSTM5_bb7a0ae7,LSTM5,loso_subject_S005,5,0.02165687339065649,,0.11038510156856986,,0.001
LSTM5_bb7a0ae7,LSTM5,loso_subject_S005,6,0.019866916044686333,,0.1058271430114702,,0.001
LSTM5_bb7a0ae7,LSTM5,loso_subject_S005,7,0.017927054841109447,,0.10079167906465977,,0.001
LSTM5_bb7a0ae7,LSTM5,loso_subject_S005,8,0.0160127399412,,0.0949900821747367,,0.001
LSTM5_bb7a0ae7,LSTM5,loso_subject_S005,9,0.016250741966539167,,0.0947217100349737,,0.001
LSTM5_bb7a0ae7,LSTM5,loso_subject_S005,10,0.015927135829001182,,0.09314107160591893,,0.001
LSTM5_bb7a0ae7,LSTM5,loso_subject_S005,11,0.0141477317740257,,0.08888005047714001,,0.001
LSTM5_bb7a0ae7,LSTM5,loso_subject_S005,12,0.01436000456333483,,0.08956923517686949,,0.001
LSTM5_bb7a0ae7,LSTM5,loso_subject_S005,13,0.014224278514334507,,0.08807797283292605,,0.001
LSTM5_bb7a0ae7,LSTM5,loso_subject_S005,14,0.01379641210934751,,0.08804005396541743,,0.001
LSTM5_bb7a0ae7,LSTM5,loso_subject_S005,15,0.013447695837921216,,0.08659220798701603,,0.001
LSTM5_bb7a0ae7,LSTM5,loso_subject_S005,16,0.012946038490684363,,0.08409049895984612,,0.001
LSTM5_bb7a0ae7,LSTM5,loso_subject_S005,17,0.012895267345884875,,0.08178586999802294,,0.001
LSTM5_bb7a0ae7,LSTM5,loso_subject_S005,18,0.012985668668184056,,0.08516154929735685,,0.001
LSTM5_bb7a0ae7,LSTM5,loso_subject_S005,19,0.012864762147125786,,0.08401928404351709,,0.001
LSTM5_bb7a0ae7,LSTM5,loso_subject_S005,20,0.01323555023602635,,0.08399839515579943,,0.001
LSTM5_bb7a0ae7,LSTM5,loso_subject_S005,21,0.012317025088114296,,0.0819770363319085,,0.001
LSTM5_bb7a0ae7,LSTM5,loso_subject_S005,22,0.012207806229667533,,0.08062898002058644,,0.001
LSTM5_bb7a0ae7,LSTM5,loso_subject_S005,23,0.011817883030341751,,0.0793140101382622,,0.001
LSTM5_bb7a0ae7,LSTM5,loso_subject_S005,24,0.012424042789457043,,0.0813384711410866,,0.001
LSTM5_bb7a0ae7,LSTM5,loso_subject_S005,25,0.012183771768312675,,0.08013321717801183,,0.001
LSTM5_bb7a0ae7,LSTM5,loso_subject_S005,26,0.011886805219780732,,0.0806840030959193,,0.001
LSTM5_bb7a0ae7,LSTM5,loso_subject_S005,27,0.011753501502715244,,0.07909199905929548,,0.001
LSTM5_bb7a0ae7,LSTM5,loso_subject_S005,28,0.01137586838329996,,0.07840944331092284,,0.001
LSTM5_bb7a0ae7,LSTM5,loso_subject_S005,29,0.010673110210910771,,0.07505688530023888,,0.001
LSTM5_bb7a0ae7,LSTM5,loso_subject_S005,30,0.012268175385551895,,0.07906961579926389,,0.001
LSTM5_bb7a0ae7,LSTM5,loso_subject_S005,31,0.010514923760312387,,0.07471608688637067,,0.001
LSTM5_bb7a0ae7,LSTM5,loso_subject_S005,32,0.010978549891344697,,0.07613781654128667,,0.001
LSTM5_bb7a0ae7,LSTM5,loso_subject_S005,33,0.010829866913069428,,0.07594479686315707,,0.001
LSTM5_bb7a0ae7,LSTM5,loso_subject_S005,34,0.011282572272988019,,0.07660921469501035,,0.001
LSTM5_bb7a0ae7,LSTM5,loso_subject_S005,35,0.010590614097431455,,0.07457200925230478,,0.001
LSTM5_bb7a0ae7,LSTM5,loso_subject_S005,36,0.011260189336651216,,0.07657865045107207,,0.001
LSTM5_bb7a0ae7,LSTM5,loso_subject_S005,37,0.010871709417943774,,0.07666535802763481,,0.001
LSTM5_bb7a0ae7,LSTM5,loso_subject_S005,38,0.010932194521528587,,0.07565478845687064,,0.001
LSTM5_bb7a0ae7,LSTM5,loso_subject_S005,39,0.01053895979281907,,0.07412965344382709,,0.001
LSTM5_bb7a0ae7,LSTM5,loso_subject_S005,40,0.009845121134177827,,0.07284066288928562,,0.001
LSTM5_bb7a0ae7,LSTM5,loso_subject_S005,41,0.010227493221030956,,0.07323892620659275,,0.001
LSTM5_bb7a0ae7,LSTM5,loso_subject_S005,42,0.011151487299510498,,0.07584369179002506,,0.001
LSTM5_bb7a0ae7,LSTM5,loso_subject_S005,43,0.009951096931970844,,0.07288682332203034,,0.001
LSTM5_bb7a0ae7,LSTM5,loso_subject_S005,44,0.010590085721117182,,0.07372100154857499,,0.001
LSTM5_bb7a0ae7,LSTM5,loso_subject_S005,45,0.0098873037969222,,0.0716457340510151,,0.001
LSTM5_bb7a0ae7,LSTM5,loso_subject_S005,46,0.010681838053096616,,0.07428400068399925,,0.001
LSTM5_bb7a0ae7,LSTM5,loso_subject_S005,47,0.011024832680722855,,0.0755440680219406,,0.001
LSTM5_bb7a0ae7,LSTM5,loso_subject_S005,48,0.010007563986833994,,0.07222920013742853,,0.001
LSTM5_bb7a0ae7,LSTM5,loso_subject_S005,49,0.01043640946161833,,0.07367572016785537,,0.001
LSTM5_bb7a0ae7,LSTM5,loso_subject_S005,50,0.009846911210649643,,0.07232629823186494,,0.001
LSTM5_bb7a0ae7,LSTM5,loso_subject_S005,51,0.010117797102046636,,0.07309062050916457,,0.001
LSTM5_bb7a0ae7,LSTM5,loso_subject_S005,52,0.010146230123197895,,0.07349265315270323,,0.001
LSTM5_bb7a0ae7,LSTM5,loso_subject_S005,53,0.010480674018974736,,0.07503798349087883,,0.001
LSTM5_bb7a0ae7,LSTM5,loso_subject_S005,54,0.01059824763895228,,0.07350475161873427,,0.001
LSTM5_bb7a0ae7,LSTM5,loso_subject_S005,55,0.010480669804782088,,0.07332305495486657,,0.001
LSTM5_bb7a0ae7,LSTM5,loso_subject_S005,56,0.010329331500960881,,0.07369318125087385,,0.001
LSTM5_bb7a0ae7,LSTM5,loso_subject_S005,57,0.010221212384387878,,0.07216189894433202,,0.001
LSTM5_bb7a0ae7,LSTM5,loso_subject_S005,58,0.009840186028413685,,0.07132478410482264,,0.001
LSTM5_bb7a0ae7,LSTM5,loso_subject_S005,59,0.01077291098441783,,0.07291047482499859,,0.001
LSTM5_bb7a0ae7,LSTM5,loso_subject_S005,60,0.009827242189177137,,0.0707304133567119,,0.001
LSTM5_bb7a0ae7,LSTM5,loso_subject_S005,61,0.009868656588921025,,0.07133298933111754,,0.001
LSTM5_bb7a0ae7,LSTM5,loso_subject_S005,62,0.01087252987225014,,0.07521762677383796,,0.001
LSTM5_bb7a0ae7,LSTM5,loso_subject_S005,63,0.009661169543468085,,0.06942893865322823,,0.001
LSTM5_bb7a0ae7,LSTM5,loso_subject_S005,64,0.010012285389068861,,0.0716180996504521,,0.001
LSTM5_bb7a0ae7,LSTM5,loso_subject_S005,65,0.009051672388226583,,0.06930794882948185,,0.001
LSTM5_bb7a0ae7,LSTM5,loso_subject_S005,66,0.009789254575725858,,0.07124681014542973,,0.001
LSTM5_bb7a0ae7,LSTM5,loso_subject_S005,67,0.010044170205856007,,0.07214407134919874,,0.001
LSTM5_bb7a0ae7,LSTM5,loso_subject_S005,68,0.009575646228962861,,0.0711891462536942,,0.001
LSTM5_bb7a0ae7,LSTM5,loso_subject_S005,69,0.009014902437039693,,0.0685016446115737,,0.001
LSTM5_bb7a0ae7,LSTM5,loso_subject_S005,70,0.010251826915545003,,0.07162162837176457,,0.001
LSTM5_bb7a0ae7,LSTM5,loso_subject_S005,71,0.010311729175005594,,0.07238910537183965,,0.001
LSTM5_bb7a0ae7,LSTM5,loso_subject_S005,72,0.010018362258787767,,0.07240813420844666,,0.001
LSTM5_bb7a0ae7,LSTM5,loso_subject_S005,73,0.009169769446772674,,0.06920259631386165,,0.001
LSTM5_bb7a0ae7,LSTM5,loso_subject_S005,74,0.009254508346299038,,0.06938739124096378,,0.001
LSTM5_bb7a0ae7,LSTM5,loso_subject_S005,75,0.010037994932918683,,0.07177280215294478,,0.001
LSTM5_bb7a0ae7,LSTM5,loso_subject_S005,76,0.010730319463782868,,0.07364389402495045,,0.001
LSTM5_bb7a0ae7,LSTM5,loso_subject_S005,77,0.011093766001510696,,0.07517984807625709,,0.001
LSTM5_bb7a0ae7,LSTM5,loso_subject_S005,78,0.009594665163477196,,0.06998779411890818,,0.001
LSTM5_bb7a0ae7,LSTM5,loso_subject_S005,79,0.009565362913989905,,0.0708818934718959,,0.001
LSTM5_bb7a0ae7,LSTM5,loso_subject_S005,80,0.010113318630517138,,0.07081268626078739,,0.001
LSTM5_bb7a0ae7,LSTM5,loso_subject_S006,1,0.30371921662342316,,0.4004697193765835,,0.001
LSTM5_bb7a0ae7,LSTM5,loso_subject_S006,2,0.042560809911784465,,0.1582409197365121,,0.001
LSTM5_bb7a0ae7,LSTM5,loso_subject_S006,3,0.027594701453025918,,0.12600528948641673,,0.001
LSTM5_bb7a0ae7,LSTM5,loso_subject_S006,4,0.025268082578971153,,0.12002194833922462,,0.001
LSTM5_bb7a0ae7,LSTM5,loso_subject_S006,5,0.022644059066200067,,0.11397803762423808,,0.001
LSTM5_bb7a0ae7,LSTM5,loso_subject_S006,6,0.020571213166672667,,0.10747063930872268,,0.001
LSTM5_bb7a0ae7,LSTM5,loso_subject_S006,7,0.018446915899029723,,0.10071921060288443,,0.001
LSTM5_bb7a0ae7,LSTM5,loso_subject_S006,8,0.016203264979499404,,0.0958050271647819,,0.001
LSTM5_bb7a0ae7,LSTM5,loso_subject_S006,9,0.01666111560570479,,0.09834806860658564,,0.001
LSTM5_bb7a0ae7,LSTM5,loso_subject_S006,10,0.016489918268173455,,0.0949236119031767,,0.001
LSTM5_bb7a0ae7,LSTM5,loso_subject_S006,11,0.01573281386622038,,0.09402253841837259,,0.001
LSTM5_bb7a0ae7,LSTM5,loso_subject_S006,12,0.014929662115093585,,0.0923768254978023,,0.001
LSTM5_bb7a0ae7,LSTM5,loso_subject_S006,13,0.0145170924780705,,0.09015574761502486,,0.001
LSTM5_bb7a0ae7,LSTM5,loso_subject_S006,14,0.013603242599550196,,0.08713315725804836,,0.001
LSTM5_bb7a0ae7,LSTM5,loso_subject_S006,15,0.013164947864928084,,0.08609158814666498,,0.001
LSTM5_bb7a0ae7,LSTM5,loso_subject_S006,16,0.013141591049163343,,0.08535505722102668,,0.001
LSTM5_bb7a0ae7,LSTM5,loso_subject_S006,17,0.012658087638059213,,0.08418918833210477,,0.001
LSTM5_bb7a0ae7,LSTM5,loso_subject_S006,18,0.01265562917664321,,0.08217513517332313,,0.001
LSTM5_bb7a0ae7,LSTM5,loso_subject_S006,19,0.011778069470378863,,0.07952335966913492,,0.001
LSTM5_bb7a0ae7,LSTM5,loso_subject_S006,20,0.011432017176323724,,0.07832129634014538,,0.001
LSTM5_bb7a0ae7,LSTM5,loso_subject_S006,21,0.011543372551945093,,0.07958426208460613,,0.001
LSTM5_bb7a0ae7,LSTM5,loso_subject_S006,22,0.01211597204960063,,0.08105322443055349,,0.001
LSTM5_bb7a0ae7,LSTM5,loso_subject_S006,23,0.011195214430746947,,0.0786539352636731,,0.001
LSTM5_bb7a0ae7,LSTM5,loso_subject_S006,24,0.011361341360116147,,0.07806501398094026,,0.001
LSTM5_bb7a0ae7,LSTM5,loso_subject_S006,25,0.01231130998584909,,0.08063505667794157,,0.001
LSTM5_bb7a0ae7,LSTM5,loso_subject_S006,26,0.011289494260786868,,0.07851021372701462,,0.001
LSTM5_bb7a0ae7,LSTM5,loso_subject_S006,27,0.011223884815742054,,0.0773570830198638,,0.001
LSTM5_bb7a0ae7,LSTM5,loso_subject_S006,28,0.011432329529740388,,0.0780451080047392,,0.001
LSTM5_bb7a0ae7,LSTM5,loso_subject_S006,29,0.011079598132598093,,0.0771430666119008,,0.001
LSTM5_bb7a0ae7,LSTM5,loso_subject_S006,30,0.011152073844228085,,0.07832625347426309,,0.001
LSTM5_bb7a0ae7,LSTM5,loso_subject_S006,31,0.010997308424948725,,0.07654890410443385,,0.001
LSTM5_bb7a0ae7,LSTM5,loso_subject_S006,32,0.01127607866372725,,0.07808733780642518,,0.001
LSTM5_bb7a0ae7,LSTM5,loso_subject_S006,33,0.011599337851162864,,0.07808522454826833,,0.001
LSTM5_bb7a0ae7,LSTM5,loso_subject_S006,34,0.011108428540661049,,0.07588282584500515,,0.001
LSTM5_bb7a0ae7,LSTM5,loso_subject_S006,35,0.011933907905611451,,0.07764952312388572,,0.001
LSTM5_bb7a0ae7,LSTM5,loso_subject_S006,36,0.010278470609184905,,0.07422563826721265,,0.001
LSTM5_bb7a0ae7,LSTM5,loso_subject_S006,37,0.011669592752504843,,0.07940020810715966,,0.001
LSTM5_bb7a0ae7,LSTM5,loso_subject_S006,38,0.010673152174673451,,0.07574171309642275,,0.001
LSTM5_bb7a0ae7,LSTM5,loso_subject_S006,39,0.01135970995635629,,0.07840908153310336,,0.001
LSTM5_bb7a0ae7,LSTM5,loso_subject_S006,40,0.011965509961724177,,0.08024093605249659,,0.001
LSTM5_bb7a0ae7,LSTM5,loso_subject_S006,41,0.010307778882882947,,0.07453453308392587,,0.001
LSTM5_bb7a0ae7,LSTM5,loso_subject_S006,42,0.01047027400953775,,0.07497378215867714,,0.001
LSTM5_bb7a0ae7,LSTM5,loso_subject_S006,43,0.010536761078815054,,0.07470093957094956,,0.001
LSTM5_bb7a0ae7,LSTM5,loso_subject_S006,44,0.010309908200171674,,0.07299740692078284,,0.001
LSTM5_bb7a0ae7,LSTM5,loso_subject_S006,45,0.010114448930419219,,0.07288696338388083,,0.001
LSTM5_bb7a0ae7,LSTM5,loso_subject_S006,46,0.010685934442760456,,0.07505174349914114,,0.001
LSTM5_bb7a0ae7,LSTM5,loso_subject_S006,47,0.010810389555501527,,0.07597579096987743,,0.001
LSTM5_bb7a0ae7,LSTM5,loso_subject_S006,48,0.010277780540057043,,0.07426461367833917,,0.001
LSTM5_bb7a0ae7,LSTM5,loso_subject_S006,49,0.010294985364462723,,0.07325975703652203,,0.001
LSTM5_bb7a0ae7,LSTM5,loso_subject_S006,50,0.010546956272202816,,0.07390762700747915,,0.001
LSTM5_bb7a0ae7,LSTM5,loso_subject_S006,51,0.010345493588973785,,0.07377222191671745,,0.001
LSTM5_bb7a0ae7,LSTM5,loso_subject_S006,52,0.009794559662654531,,0.07348235417184587,,0.001
LSTM5_bb7a0ae7,LSTM5,loso_subject_S006,53,0.0097333087224697,,0.07139514863647592,,0.001
LSTM5_bb7a0ae7,LSTM5,loso_subject_S006,54,0.010701782161411771,,0.0735627914052473,,0.001
LSTM5_bb7a0ae7,LSTM5,loso_subject_S006,55,0.01035239414437227,,0.0738945224286778,,0.001
LSTM5_bb7a0ae7,LSTM5,loso_subject_S006,56,0.009887556284546488,,0.07130058547620492,,0.001
LSTM5_bb7a0ae7,LSTM5,loso_subject_S006,57,0.010487880795294006,,0.073221357759422,,0.001
LSTM5_bb7a0ae7,LSTM5,loso_subject_S006,58,0.010203853661266731,,0.07225483758546257,,0.001
LSTM5_bb7a0ae7,LSTM5,loso_subject_S006,59,0.009970553368243039,,0.07287415840777427,,0.001
LSTM5_bb7a0ae7,LSTM5,loso_subject_S006,60,0.009373846493888595,,0.0696333157627479,,0.001
LSTM5_bb7a0ae7,LSTM5,loso_subject_S006,61,0.009767965020392844,,0.07243781652043921,,0.001
LSTM5_bb7a0ae7,LSTM5,loso_subject_S006,62,0.009592364470985059,,0.07094116586792876,,0.001
LSTM5_bb7a0ae7,LSTM5,loso_subject_S006,63,0.010939826150725073,,0.07444061047357062,,0.001
LSTM5_bb7a0ae7,LSTM5,loso_subject_S006,64,0.010263140897068453,,0.07258279522245537,,0.001
LSTM5_bb7a0ae7,LSTM5,loso_subject_S006,65,0.009605774945634636,,0.07129438079704443,,0.001
LSTM5_bb7a0ae7,LSTM5,loso_subject_S006,66,0.010577359725130102,,0.07340182030047902,,0.001
LSTM5_bb7a0ae7,LSTM5,loso_subject_S006,67,0.009844170480277383,,0.0721395839302471,,0.001
LSTM5_bb7a0ae7,LSTM5,loso_subject_S006,68,0.010244561637976504,,0.07371644315703603,,0.001
LSTM5_bb7a0ae7,LSTM5,loso_subject_S006,69,0.009888231820884254,,0.07211304191518428,,0.001
LSTM5_bb7a0ae7,LSTM5,loso_subject_S006,70,0.010098557568013642,,0.072348770772729,,0.001
LSTM5_bb7a0ae7,LSTM5,loso_subject_S006,71,0.010185517557671928,,0.07130506145869778,,0.001
LSTM5_bb7a0ae7,LSTM5,loso_subject_S006,72,0.010127482758734407,,0.07346168665369189,,0.001
LSTM5_bb7a0ae7,LSTM5,loso_subject_S006,73,0.009471473692521467,,0.07134710762976974,,0.001
LSTM5_bb7a0ae7,LSTM5,loso_subject_S006,74,0.009465141671915983,,0.06972270454588526,,0.001
LSTM5_bb7a0ae7,LSTM5,loso_subject_S006,75,0.009431862043228238,,0.06971554190837888,,0.001
LSTM5_bb7a0ae7,LSTM5,loso_subject_S006,76,0.009599953843647549,,0.07001154825878379,,0.001
LSTM5_bb7a0ae7,LSTM5,loso_subject_S006,77,0.009975401881939822,,0.07172426345277397,,0.001
LSTM5_bb7a0ae7,LSTM5,loso_subject_S006,78,0.00966408997904569,,0.07086472554816635,,0.001
LSTM5_bb7a0ae7,LSTM5,loso_subject_S006,79,0.01004162061087698,,0.07213924771491662,,0.001
LSTM5_bb7a0ae7,LSTM5,loso_subject_S006,80,0.010134980835559715,,0.07290149961228895,,0.001
LSTM5_bb7a0ae7,LSTM5,loso_subject_S007,1,0.3212253676544246,,0.4105583001783647,,0.001
LSTM5_bb7a0ae7,LSTM5,loso_subject_S007,2,0.045056879799629336,,0.1610495511512751,,0.001
LSTM5_bb7a0ae7,LSTM5,loso_subject_S007,3,0.02930563681350355,,0.12919072082560645,,0.001
LSTM5_bb7a0ae7,LSTM5,loso_subject_S007,4,0.023887986196564532,,0.1178730484355366,,0.001
LSTM5_bb7a0ae7,LSTM5,loso_subject_S007,5,0.02264528241660367,,0.11284631627584787,,0.001
LSTM5_bb7a0ae7,LSTM5,loso_subject_S007,6,0.020026495726923433,,0.10660501641307155,,0.001
LSTM5_bb7a0ae7,LSTM5,loso_subject_S007,7,0.017243309368721343,,0.09966776340729622,,0.001
LSTM5_bb7a0ae7,LSTM5,loso_subject_S007,8,0.016729946273163057,,0.0973734856491594,,0.001
LSTM5_bb7a0ae7,LSTM5,loso_subject_S007,9,0.01747238133853172,,0.09849981385474475,,0.001
LSTM5_bb7a0ae7,LSTM5,loso_subject_S007,10,0.015110517432926305,,0.0920141214055053,,0.001
LSTM5_bb7a0ae7,LSTM5,loso_subject_S007,11,0.015307740615373785,,0.09109931518516597,,0.001
LSTM5_bb7a0ae7,LSTM5,loso_subject_S007,12,0.014384905447898432,,0.08913666498210941,,0.001
LSTM5_bb7a0ae7,LSTM5,loso_subject_S007,13,0.014257179642456725,,0.08830148948812593,,0.001
LSTM5_bb7a0ae7,LSTM5,loso_subject_S007,14,0.01279782458182522,,0.0839278126882311,,0.001
LSTM5_bb7a0ae7,LSTM5,loso_subject_S007,15,0.013036650225255617,,0.08578407984026455,,0.001
LSTM5_bb7a0ae7,LSTM5,loso_subject_S007,16,0.014468202760790009,,0.087575510564103,,0.001
LSTM5_bb7a0ae7,LSTM5,loso_subject_S007,17,0.012411119458080598,,0.0820513579057082,,0.001
LSTM5_bb7a0ae7,LSTM5,loso_subject_S007,18,0.013390123197023181,,0.08595842894751377,,0.001
LSTM5_bb7a0ae7,LSTM5,loso_subject_S007,19,0.012131647744538012,,0.0818879767017957,,0.001
LSTM5_bb7a0ae7,LSTM5,loso_subject_S007,20,0.01295847296935214,,0.08301705647250504,,0.001
LSTM5_bb7a0ae7,LSTM5,loso_subject_S007,21,0.012083084002624233,,0.081506758189329,,0.001
LSTM5_bb7a0ae7,LSTM5,loso_subject_S007,22,0.011930907446923609,,0.0809580565556972,,0.001
LSTM5_bb7a0ae7,LSTM5,loso_subject_S007,23,0.011957061997905824,,0.08015599147022762,,0.001
LSTM5_bb7a0ae7,LSTM5,loso_subject_S007,24,0.012653737104841356,,0.08133918380117577,,0.001
LSTM5_bb7a0ae7,LSTM5,loso_subject_S007,25,0.011912977847510255,,0.08054110816152171,,0.001
LSTM5_bb7a0ae7,LSTM5,loso_subject_S007,26,0.011445918790660179,,0.07907533620017856,,0.001
LSTM5_bb7a0ae7,LSTM5,loso_subject_S007,27,0.011457222376084892,,0.07758539247912533,,0.001
LSTM5_bb7a0ae7,LSTM5,loso_subject_S007,28,0.011429350799808757,,0.07748745289145977,,0.001
LSTM5_bb7a0ae7,LSTM5,loso_subject_S007,29,0.01216146334949078,,0.07975640263388478,,0.001
LSTM5_bb7a0ae7,LSTM5,loso_subject_S007,30,0.011083290502051125,,0.07789478631347427,,0.001
LSTM5_bb7a0ae7,LSTM5,loso_subject_S007,31,0.011123139988137664,,0.07764905712140316,,0.001
LSTM5_bb7a0ae7,LSTM5,loso_subject_S007,32,0.010606516895264127,,0.07373508504282492,,0.001
LSTM5_bb7a0ae7,LSTM5,loso_subject_S007,33,0.011098182540797337,,0.07558553685400311,,0.001
LSTM5_bb7a0ae7,LSTM5,loso_subject_S007,34,0.010660933479839907,,0.07454737861451548,,0.001
LSTM5_bb7a0ae7,LSTM5,loso_subject_S007,35,0.011104594435092511,,0.07666649756951546,,0.001
LSTM5_bb7a0ae7,LSTM5,loso_subject_S007,36,0.010647985609245656,,0.07395732339611186,,0.001
LSTM5_bb7a0ae7,LSTM5,loso_subject_S007,37,0.010755236633751771,,0.07479859471833346,,0.001
LSTM5_bb7a0ae7,LSTM5,loso_subject_S007,38,0.011317853309386262,,0.07724333233936097,,0.001
LSTM5_bb7a0ae7,LSTM5,loso_subject_S007,39,0.010946319797636548,,0.07487021239564162,,0.001
LSTM5_bb7a0ae7,LSTM5,loso_subject_S007,40,0.01125517074374556,,0.0770608072958217,,0.001
LSTM5_bb7a0ae7,LSTM5,loso_subject_S007,41,0.011710240248728215,,0.07871049302258805,,0.001
LSTM5_bb7a0ae7,LSTM5,loso_subject_S007,42,0.010349549544688075,,0.07449403226955,,0.001
LSTM5_bb7a0ae7,LSTM5,loso_subject_S007,43,0.01046716674157778,,0.07402086715382164,,0.001
LSTM5_bb7a0ae7,LSTM5,loso_subject_S007,44,0.010716399030167391,,0.07377355512379592,,0.001
LSTM5_bb7a0ae7,LSTM5,loso_subject_S007,45,0.011147622081114436,,0.07490742888441218,,0.001
LSTM5_bb7a0ae7,LSTM5,loso_subject_S007,46,0.010015674119368594,,0.07273168267541014,,0.001
LSTM5_bb7a0ae7,LSTM5,loso_subject_S007,47,0.010115962260880077,,0.07273554148414364,,0.001
LSTM5_bb7a0ae7,LSTM5,loso_subject_S007,48,0.01044168866720501,,0.07314991059186392,,0.001
LSTM5_bb7a0ae7,LSTM5,loso_subject_S007,49,0.011316330253996037,,0.07527690014475734,,0.001
LSTM5_bb7a0ae7,LSTM5,loso_subject_S007,50,0.009826960308736027,,0.07108717682152339,,0.001
LSTM5_bb7a0ae7,LSTM5,loso_subject_S007,51,0.009863533433364055,,0.07046603147128361,,0.001
LSTM5_bb7a0ae7,LSTM5,loso_subject_S007,52,0.010468544139586878,,0.0733862645225009,,0.001
LSTM5_bb7a0ae7,LSTM5,loso_subject_S007,53,0.01065198437091111,,0.07493327288274598,,0.001
LSTM5_bb7a0ae7,LSTM5,loso_subject_S007,54,0.00967194084902067,,0.07148637534632217,,0.001
LSTM5_bb7a0ae7,LSTM5,loso_subject_S007,55,0.01036198046053168,,0.07228488082716451,,0.001
LSTM5_bb7a0ae7,LSTM5,loso_subject_S007,56,0.010501447404141988,,0.07269111222244545,,0.001
LSTM5_bb7a0ae7,LSTM5,loso_subject_S007,57,0.009790929892985006,,0.07149602774248287,,0.001
LSTM5_bb7a0ae7,LSTM5,loso_subject_S007,58,0.011062080339993364,,0.0748709315152261,,0.001
LSTM5_bb7a0ae7,LSTM5,loso_subject_S007,59,0.010203919414652337,,0.07180021040689512,,0.001
LSTM5_bb7a0ae7,LSTM5,loso_subject_S007,60,0.010279832401271689,,0.07259667073800283,,0.001
LSTM5_bb7a0ae7,LSTM5,loso_subject_S007,61,0.010211527274087572,,0.07283962961148799,,0.001
LSTM5_bb7a0ae7,LSTM5,loso_subject_S007,62,0.01071380720982655,,0.07393429124563572,,0.001
LSTM5_bb7a0ae7,LSTM5,loso_subject_S007,63,0.010527659697779872,,0.07358669701656109,,0.001
LSTM5_bb7a0ae7,LSTM5,loso_subject_S007,64,0.009971778245580326,,0.07151276390883042,,0.001
LSTM5_bb7a0ae7,LSTM5,loso_subject_S007,65,0.010275468571653717,,0.0724688587255228,,0.001
LSTM5_bb7a0ae7,LSTM5,loso_subject_S007,66,0.009782207730362938,,0.07090637718465638,,0.001
LSTM5_bb7a0ae7,LSTM5,loso_subject_S007,67,0.010009003141839829,,0.07081219613778823,,0.001
LSTM5_bb7a0ae7,LSTM5,loso_subject_S007,68,0.009911607925471251,,0.07136783558454403,,0.001
LSTM5_bb7a0ae7,LSTM5,loso_subject_S007,69,0.010027357607252768,,0.07136422223139897,,0.001
LSTM5_bb7a0ae7,LSTM5,loso_subject_S007,70,0.009739963472662056,,0.07066720524248052,,0.001
LSTM5_bb7a0ae7,LSTM5,loso_subject_S007,71,0.010201850862190585,,0.07170955974280112,,0.001
LSTM5_bb7a0ae7,LSTM5,loso_subject_S007,72,0.009849305317004228,,0.07136305547341658,,0.001
LSTM5_bb7a0ae7,LSTM5,loso_subject_S007,73,0.009521292150702887,,0.070805582820647,,0.001
LSTM5_bb7a0ae7,LSTM5,loso_subject_S007,74,0.009630123769224664,,0.0699527956551651,,0.001
LSTM5_bb7a0ae7,LSTM5,loso_subject_S007,75,0.009753428740969055,,0.07140233225765683,,0.001
LSTM5_bb7a0ae7,LSTM5,loso_subject_S007,76,0.010086287896021062,,0.07169017513122784,,0.001
LSTM5_bb7a0ae7,LSTM5,loso_subject_S007,77,0.009939223450757343,,0.07126663187106719,,0.001
LSTM5_bb7a0ae7,LSTM5,loso_subject_S007,78,0.010026769868837432,,0.0717700373189286,,0.001
LSTM5_bb7a0ae7,LSTM5,loso_subject_S007,79,0.010268106058116075,,0.07169350936576392,,0.001
LSTM5_bb7a0ae7,LSTM5,loso_subject_S007,80,0.010132862016176566,,0.07172995448851457,,0.001
LSTM5_bb7a0ae7,LSTM5,loso_subject_S008,1,0.2946548006356181,,0.39538817730230363,,0.001
LSTM5_bb7a0ae7,LSTM5,loso_subject_S008,2,0.039848198102772965,,0.15438564995389853,,0.001
LSTM5_bb7a0ae7,LSTM5,loso_subject_S008,3,0.03071412709179226,,0.1336941047543807,,0.001
LSTM5_bb7a0ae7,LSTM5,loso_subject_S008,4,0.024260090818795425,,0.11878419639580845,,0.001
LSTM5_bb7a0ae7,LSTM5,loso_subject_S008,5,0.021621076590689462,,0.11294024532269567,,0.001
LSTM5_bb7a0ae7,LSTM5,loso_subject_S008,6,0.020927237587637062,,0.10876983093319056,,0.001
LSTM5_bb7a0ae7,LSTM5,loso_subject_S008,7,0.01994802221664565,,0.10652050967102096,,0.001
LSTM5_bb7a0ae7,LSTM5,loso_subject_S008,8,0.016603388507496795,,0.0985062382962705,,0.001
LSTM5_bb7a0ae7,LSTM5,loso_subject_S008,9,0.017011481410817767,,0.09774164023665813,,0.001
LSTM5_bb7a0ae7,LSTM5,loso_subject_S008,10,0.01620738715208051,,0.09483807493435004,,0.001
LSTM5_bb7a0ae7,LSTM5,loso_subject_S008,11,0.01651794768024112,,0.09530416222135528,,0.001
LSTM5_bb7a0ae7,LSTM5,loso_subject_S008,12,0.015691718047363776,,0.09376126163758472,,0.001
LSTM5_bb7a0ae7,LSTM5,loso_subject_S008,13,0.014642115482911163,,0.09040186291744724,,0.001
LSTM5_bb7a0ae7,LSTM5,loso_subject_S008,14,0.012950642981537606,,0.08487125933431895,,0.001
LSTM5_bb7a0ae7,LSTM5,loso_subject_S008,15,0.01460208887405445,,0.08931879160381884,,0.001
LSTM5_bb7a0ae7,LSTM5,loso_subject_S008,16,0.012925689055809436,,0.08492882922945698,,0.001
LSTM5_bb7a0ae7,LSTM5,loso_subject_S008,17,0.01392094424400956,,0.08774208951896223,,0.001
LSTM5_bb7a0ae7,LSTM5,loso_subject_S008,18,0.013129858978009838,,0.08567468454050976,,0.001
LSTM5_bb7a0ae7,LSTM5,loso_subject_S008,19,0.011603631418974358,,0.08071171097793099,,0.001
LSTM5_bb7a0ae7,LSTM5,loso_subject_S008,20,0.012616354180581654,,0.08213616809941231,,0.001
LSTM5_bb7a0ae7,LSTM5,loso_subject_S008,21,0.012816379587354019,,0.08297258288958674,,0.001
LSTM5_bb7a0ae7,LSTM5,loso_subject_S008,22,0.0115595207658077,,0.07971591467987103,,0.001
LSTM5_bb7a0ae7,LSTM5,loso_subject_S008,23,0.012869832357157386,,0.08279396680327031,,0.001
LSTM5_bb7a0ae7,LSTM5,loso_subject_S008,24,0.012485623706814454,,0.08213389841016794,,0.001
LSTM5_bb7a0ae7,LSTM5,loso_subject_S008,25,0.012945643696452248,,0.08246810254714446,,0.001
LSTM5_bb7a0ae7,LSTM5,loso_subject_S008,26,0.011736685497879179,,0.07889974611659298,,0.001
LSTM5_bb7a0ae7,LSTM5,loso_subject_S008,27,0.011350873929670222,,0.07801477849971766,,0.001
LSTM5_bb7a0ae7,LSTM5,loso_subject_S008,28,0.011284160019580282,,0.07752134738137946,,0.001
LSTM5_bb7a0ae7,LSTM5,loso_subject_S008,29,0.011188156298438556,,0.07755305692597117,,0.001
LSTM5_bb7a0ae7,LSTM5,loso_subject_S008,30,0.011369379907584874,,0.07815662811571844,,0.001
LSTM5_bb7a0ae7,LSTM5,loso_subject_S008,31,0.012052393452449107,,0.07957241276574456,,0.001
LSTM5_bb7a0ae7,LSTM5,loso_subject_S008,32,0.011628575575079675,,0.07884928788128759,,0.001
LSTM5_bb7a0ae7,LSTM5,loso_subject_S008,33,0.01157717696991038,,0.07774097812915141,,0.001
LSTM5_bb7a0ae7,LSTM5,loso_subject_S008,34,0.011341637988984061,,0.07804278717656941,,0.001
LSTM5_bb7a0ae7,LSTM5,loso_subject_S008,35,0.011800906996936426,,0.0803400794858295,,0.001
LSTM5_bb7a0ae7,LSTM5,loso_subject_S008,36,0.01022480267812288,,0.07349700965488634,,0.001
LSTM5_bb7a0ae7,LSTM5,loso_subject_S008,37,0.011290147912025346,,0.07606871134883274,,0.001
LSTM5_bb7a0ae7,LSTM5,loso_subject_S008,38,0.01096020037424955,,0.07605397175929922,,0.001
LSTM5_bb7a0ae7,LSTM5,loso_subject_S008,39,0.011472290658079755,,0.07805127804393723,,0.001
LSTM5_bb7a0ae7,LSTM5,loso_subject_S008,40,0.009980122842147485,,0.07283267232977975,,0.001
LSTM5_bb7a0ae7,LSTM5,loso_subject_S008,41,0.010977604344973288,,0.07705469121922172,,0.001
LSTM5_bb7a0ae7,LSTM5,loso_subject_S008,42,0.010753630133505939,,0.07606669612590719,,0.001
LSTM5_bb7a0ae7,LSTM5,loso_subject_S008,43,0.010206498142447368,,0.07351326910618665,,0.001
LSTM5_bb7a0ae7,LSTM5,loso_subject_S008,44,0.010295289478141045,,0.07290884844998019,,0.001
LSTM5_bb7a0ae7,LSTM5,loso_subject_S008,45,0.010100319058971666,,0.07276705318528913,,0.001
LSTM5_bb7a0ae7,LSTM5,loso_subject_S008,46,0.011289432778902191,,0.07856142237093659,,0.001
LSTM5_bb7a0ae7,LSTM5,loso_subject_S008,47,0.010886398665585178,,0.07539649727558657,,0.001
LSTM5_bb7a0ae7,LSTM5,loso_subject_S008,48,0.010346886246574682,,0.07238600181820032,,0.001
LSTM5_bb7a0ae7,LSTM5,loso_subject_S008,49,0.010724441075317165,,0.07485470579007412,,0.001
LSTM5_bb7a0ae7,LSTM5,loso_subject_S008,50,0.01091890130682498,,0.0755996577062406,,0.001
LSTM5_bb7a0ae7,LSTM5,loso_subject_S008,51,0.010829394794956957,,0.07473909949928505,,0.001
LSTM5_bb7a0ae7,LSTM5,loso_subject_S008,52,0.009694998002964774,,0.07070856111537231,,0.001
LSTM5_bb7a0ae7,LSTM5,loso_subject_S008,53,0.01118663426939858,,0.07465398714007378,,0.001
LSTM5_bb7a0ae7,LSTM5,loso_subject_S008,54,0.010400470769639913,,0.07383990672734692,,0.001
LSTM5_bb7a0ae7,LSTM5,loso_subject_S008,55,0.00945482224677218,,0.0698412422890758,,0.001
LSTM5_bb7a0ae7,LSTM5,loso_subject_S008,56,0.01048052753553431,,0.07308005499274776,,0.001
LSTM5_bb7a0ae7,LSTM5,loso_subject_S008,57,0.010114144484826944,,0.07271671614289772,,0.001
LSTM5_bb7a0ae7,LSTM5,loso_subject_S008,58,0.010546607974068752,,0.07328554343120476,,0.001
LSTM5_bb7a0ae7,LSTM5,loso_subject_S008,59,0.009753146838242022,,0.0704987049625937,,0.001
LSTM5_bb7a0ae7,LSTM5,loso_subject_S008,60,0.009792007200175765,,0.07120764919928879,,0.001
LSTM5_bb7a0ae7,LSTM5,loso_subject_S008,61,0.010207310478072756,,0.07248593869876833,,0.001
LSTM5_bb7a0ae7,LSTM5,loso_subject_S008,62,0.011262145620373483,,0.0765346517996735,,0.001
LSTM5_bb7a0ae7,LSTM5,loso_subject_S008,63,0.011051916651375431,,0.07521411987547989,,0.001
LSTM5_bb7a0ae7,LSTM5,loso_subject_S008,64,0.010350800580914568,,0.07198865820243387,,0.001
LSTM5_bb7a0ae7,LSTM5,loso_subject_S008,65,0.01014962712179645,,0.0724864970280142,,0.001
LSTM5_bb7a0ae7,LSTM5,loso_subject_S008,66,0.009518015957527373,,0.07038067918621775,,0.001
LSTM5_bb7a0ae7,LSTM5,loso_subject_S008,67,0.010336927033638208,,0.07168331851930979,,0.001
LSTM5_bb7a0ae7,LSTM5,loso_subject_S008,68,0.009431405512549553,,0.07014325260026125,,0.001
LSTM5_bb7a0ae7,LSTM5,loso_subject_S008,69,0.010457866620261498,,0.07291797961823908,,0.001
LSTM5_bb7a0ae7,LSTM5,loso_subject_S008,70,0.010736749067710742,,0.07424103452961929,,0.001
LSTM5_bb7a0ae7,LSTM5,loso_subject_S008,71,0.009701837020974678,,0.06980743454066266,,0.001
LSTM5_bb7a0ae7,LSTM5,loso_subject_S008,72,0.009252634939490755,,0.0687973848241613,,0.001
LSTM5_bb7a0ae7,LSTM5,loso_subject_S008,73,0.009707133812669636,,0.07001183317149152,,0.001
LSTM5_bb7a0ae7,LSTM5,loso_subject_S008,74,0.010109411601049115,,0.07184514337077065,,0.001
LSTM5_bb7a0ae7,LSTM5,loso_subject_S008,75,0.009894659695574647,,0.07274787391510325,,0.001
LSTM5_bb7a0ae7,LSTM5,loso_subject_S008,76,0.009540450616454681,,0.07012581568257092,,0.001
LSTM5_bb7a0ae7,LSTM5,loso_subject_S008,77,0.009739390046337391,,0.07080271906797617,,0.001
LSTM5_bb7a0ae7,LSTM5,loso_subject_S008,78,0.009665422617567343,,0.06902561518551663,,0.001
LSTM5_bb7a0ae7,LSTM5,loso_subject_S008,79,0.010130755781512674,,0.07245667296205088,,0.001
LSTM5_bb7a0ae7,LSTM5,loso_subject_S008,80,0.009621346241185815,,0.07010649303557441,,0.001
LSTM5_bb7a0ae7,LSTM5,loso_subject_S009,1,0.3169429899421828,,0.40387787800722963,,0.001
LSTM5_bb7a0ae7,LSTM5,loso_subject_S009,2,0.05691424911728089,,0.17615814377109557,,0.001
LSTM5_bb7a0ae7,LSTM5,loso_subject_S009,3,0.03332148643574709,,0.13604952956307426,,0.001
LSTM5_bb7a0ae7,LSTM5,loso_subject_S009,4,0.024587634323422296,,0.11778318781781463,,0.001
LSTM5_bb7a0ae7,LSTM5,loso_subject_S009,5,0.0223412153729763,,0.11307744430389677,,0.001
LSTM5_bb7a0ae7,LSTM5,loso_subject_S009,6,0.021275453705567944,,0.10883480885702825,,0.001
LSTM5_bb7a0ae7,LSTM5,loso_subject_S009,7,0.018777252510097226,,0.1043217059591342,,0.001
LSTM5_bb7a0ae7,LSTM5,loso_subject_S009,8,0.018262425260119612,,0.10154390087348883,,0.001
LSTM5_bb7a0ae7,LSTM5,loso_subject_S009,9,0.01566565099635056,,0.09434169494682647,,0.001
LSTM5_bb7a0ae7,LSTM5,loso_subject_S009,10,0.01556993141923457,,0.09405750539130618,,0.001
LSTM5_bb7a0ae7,LSTM5,loso_subject_S009,11,0.01520537891208309,,0.0928398794117633,,0.001
LSTM5_bb7a0ae7,LSTM5,loso_subject_S009,12,0.0159001655779213,,0.09403059028488019,,0.001
LSTM5_bb7a0ae7,LSTM5,loso_subject_S009,13,0.013543732459674291,,0.08743746550858095,,0.001
LSTM5_bb7a0ae7,LSTM5,loso_subject_S009,14,0.014722233100018347,,0.08933034425098008,,0.001
LSTM5_bb7a0ae7,LSTM5,loso_subject_S009,15,0.013871410576299594,,0.08655444026958305,,0.001
LSTM5_bb7a0ae7,LSTM5,loso_subject_S009,16,0.014581758513870379,,0.08992417066695532,,0.001
LSTM5_bb7a0ae7,LSTM5,loso_subject_S009,17,0.0133227013796104,,0.08658314290297581,,0.001
LSTM5_bb7a0ae7,LSTM5,loso_subject_S009,18,0.013317895662341067,,0.08491775478847594,,0.001
LSTM5_bb7a0ae7,LSTM5,loso_subject_S009,19,0.01322088255819541,,0.0850660964976509,,0.001
LSTM5_bb7a0ae7,LSTM5,loso_subject_S009,20,0.012517539347066158,,0.0831529987815902,,0.001
LSTM5_bb7a0ae7,LSTM5,loso_subject_S009,21,0.012959976617947387,,0.08445278064325767,,0.001
LSTM5_bb7a0ae7,LSTM5,loso_subject_S009,22,0.012984478923899225,,0.08364680575515383,,0.001
LSTM5_bb7a0ae7,LSTM5,loso_subject_S009,23,0.01198997621448852,,0.081285803637944,,0.001
LSTM5_bb7a0ae7,LSTM5,loso_subject_S009,24,0.011914971765886951,,0.0807955682203452,,0.001
LSTM5_bb7a0ae7,LSTM5,loso_subject_S009,25,0.011878729563039422,,0.08080032629286812,,0.001
LSTM5_bb7a0ae7,LSTM5,loso_subject_S009,26,0.011762173195714003,,0.07924156571978501,,0.001
LSTM5_bb7a0ae7,LSTM5,loso_subject_S009,27,0.012007703757607105,,0.08019906074588058,,0.001
LSTM5_bb7a0ae7,LSTM5,loso_subject_S009,28,0.011202984720301509,,0.07859202974463163,,0.001
LSTM5_bb7a0ae7,LSTM5,loso_subject_S009,29,0.011279627207578491,,0.07797821870962086,,0.001
LSTM5_bb7a0ae7,LSTM5,loso_subject_S009,30,0.011499290541278321,,0.07807196132087173,,0.001
LSTM5_bb7a0ae7,LSTM5,loso_subject_S009,31,0.010538970855566885,,0.07600775085491678,,0.001
LSTM5_bb7a0ae7,LSTM5,loso_subject_S009,32,0.011958647670704467,,0.08116981754100337,,0.001
LSTM5_bb7a0ae7,LSTM5,loso_subject_S009,33,0.011964292300268915,,0.08049103937774044,,0.001
LSTM5_bb7a0ae7,LSTM5,loso_subject_S009,34,0.010529201685370944,,0.0745671552096773,,0.001
LSTM5_bb7a0ae7,LSTM5,loso_subject_S009,35,0.010620254522785637,,0.07528896342178953,,0.001
LSTM5_bb7a0ae7,LSTM5,loso_subject_S009,36,0.011054909382140725,,0.07629956428430149,,0.001
LSTM5_bb7a0ae7,LSTM5,loso_subject_S009,37,0.011459963671065134,,0.07696044481223725,,0.001
LSTM5_bb7a0ae7,LSTM5,loso_subject_S009,38,0.01107550321429838,,0.07750421390865243,,0.001
LSTM5_bb7a0ae7,LSTM5,loso_subject_S009,39,0.011139810418740268,,0.07547415161544775,,0.001
LSTM5_bb7a0ae7,LSTM5,loso_subject_S009,40,0.011134090436712965,,0.07562353405382387,,0.001
LSTM5_bb7a0ae7,LSTM5,loso_subject_S009,41,0.010849997048657085,,0.07544708474635484,,0.001
LSTM5_bb7a0ae7,LSTM5,loso_subject_S009,42,0.01084632990512983,,0.07603033420491782,,0.001
LSTM5_bb7a0ae7,LSTM5,loso_subject_S009,43,0.011215335416931144,,0.07682543121751487,,0.001
LSTM5_bb7a0ae7,LSTM5,loso_subject_S009,44,0.010845382794143996,,0.07492367145727165,,0.001
LSTM5_bb7a0ae7,LSTM5,loso_subject_S009,45,0.011217265959323418,,0.07758331776667354,,0.001
LSTM5_bb7a0ae7,LSTM5,loso_subject_S009,46,0.010443512985893383,,0.07472000113348587,,0.001
LSTM5_bb7a0ae7,LSTM5,loso_subject_S009,47,0.010843233433859435,,0.07567139962226486,,0.001
LSTM5_bb7a0ae7,LSTM5,loso_subject_S009,48,0.010487381900065713,,0.07470202613923499,,0.001
LSTM5_bb7a0ae7,LSTM5,loso_subject_S009,49,0.01037293274632909,,0.07390762666984929,,0.001
LSTM5_bb7a0ae7,LSTM5,loso_subject_S009,50,0.011204186550621059,,0.07630459868707515,,0.001
LSTM5_bb7a0ae7,LSTM5,loso_subject_S009,51,0.010079234971863173,,0.07333746469889305,,0.001
LSTM5_bb7a0ae7,LSTM5,loso_subject_S009,52,0.00967591502013643,,0.0708701968619862,,0.001
LSTM5_bb7a0ae7,LSTM5,loso_subject_S009,53,0.010855486549223642,,0.07575972665885317,,0.001
LSTM5_bb7a0ae7,LSTM5,loso_subject_S009,54,0.01080421313114585,,0.07551077005463847,,0.001
LSTM5_bb7a0ae7,LSTM5,loso_subject_S009,55,0.010987445338632666,,0.07439953218658418,,0.001
LSTM5_bb7a0ae7,LSTM5,loso_subject_S009,56,0.010326180414553004,,0.07386110480387659,,0.001
LSTM5_bb7a0ae7,LSTM5,loso_subject_S009,57,0.010724338640807983,,0.0745712564295508,,0.001
LSTM5_bb7a0ae7,LSTM5,loso_subject_S009,58,0.010020787335913698,,0.07286475692524262,,0.001
LSTM5_bb7a0ae7,LSTM5,loso_subject_S009,59,0.01024348888857056,,0.07303060890450276,,0.001
LSTM5_bb7a0ae7,LSTM5,loso_subject_S009,60,0.010154932418404377,,0.07282337631710142,,0.001
LSTM5_bb7a0ae7,LSTM5,loso_subject_S009,61,0.010816889627144242,,0.07446838253795877,,0.001
LSTM5_bb7a0ae7,LSTM5,loso_subject_S009,62,0.010059945400720775,,0.07151960580613219,,0.001
LSTM5_bb7a0ae7,LSTM5,loso_subject_S009,63,0.009496758947123403,,0.07092169230597402,,0.001
LSTM5_bb7a0ae7,LSTM5,loso_subject_S009,64,0.010298189253037144,,0.07239947111286678,,0.001
LSTM5_bb7a0ae7,LSTM5,loso_subject_S009,65,0.010969405188915293,,0.07587575427213612,,0.001
LSTM5_bb7a0ae7,LSTM5,loso_subject_S009,66,0.01031553512497122,,0.07339267684135165,,0.001
LSTM5_bb7a0ae7,LSTM5,loso_subject_S009,67,0.010714646784883285,,0.07437109393282222,,0.001
LSTM5_bb7a0ae7,LSTM5,loso_subject_S009,68,0.012254277418760739,,0.07904565282824773,,0.001
LSTM5_bb7a0ae7,LSTM5,loso_subject_S009,69,0.011390948208839926,,0.07701782248496712,,0.001
LSTM5_bb7a0ae7,LSTM5,loso_subject_S009,70,0.010567971482028626,,0.0742778270035648,,0.001
LSTM5_bb7a0ae7,LSTM5,loso_subject_S009,71,0.009644892821749521,,0.07118808254506787,,0.001
LSTM5_bb7a0ae7,LSTM5,loso_subject_S009,72,0.010417452019988414,,0.07265618677769474,,0.001
LSTM5_bb7a0ae7,LSTM5,loso_subject_S009,73,0.010514913429535118,,0.07357450060611347,,0.001
LSTM5_bb7a0ae7,LSTM5,loso_subject_S009,74,0.010299088380613816,,0.07340300847703167,,0.001
LSTM5_bb7a0ae7,LSTM5,loso_subject_S009,75,0.010823633456846251,,0.07379369787491422,,0.001
LSTM5_bb7a0ae7,LSTM5,loso_subject_S009,76,0.009784880026961545,,0.07072179293164875,,0.001
LSTM5_bb7a0ae7,LSTM5,loso_subject_S009,77,0.009591044157286491,,0.07099821369348101,,0.001
LSTM5_bb7a0ae7,LSTM5,loso_subject_S009,78,0.0104229690467621,,0.07250850514078497,,0.001
LSTM5_bb7a0ae7,LSTM5,loso_subject_S009,79,0.010128614797162943,,0.0718007617042044,,0.001
LSTM5_bb7a0ae7,LSTM5,loso_subject_S009,80,0.010102860965321809,,0.07244746252467593,,0.001
LSTM5_bb7a0ae7,LSTM5,loso_subject_S010,1,0.32616567490576526,,0.41016663669659,,0.001
LSTM5_bb7a0ae7,LSTM5,loso_subject_S010,2,0.05344734405135286,,0.17139912407680097,,0.001
LSTM5_bb7a0ae7,LSTM5,loso_subject_S010,3,0.03282720810307071,,0.1351824009359764,,0.001
LSTM5_bb7a0ae7,LSTM5,loso_subject_S010,4,0.025648015271413502,,0.1213643029332161,,0.001
LSTM5_bb7a0ae7,LSTM5,loso_subject_S010,5,0.021212798529511016,,0.10944662408288476,,0.001
LSTM5_bb7a0ae7,LSTM5,loso_subject_S010,6,0.022209673197802357,,0.11049538274557133,,0.001
LSTM5_bb7a0ae7,LSTM5,loso_subject_S010,7,0.017564646275759918,,0.10061195195455269,,0.001
LSTM5_bb7a0ae7,LSTM5,loso_subject_S010,8,0.016823978851471334,,0.09675701630526576,,0.001
LSTM5_bb7a0ae7,LSTM5,loso_subject_S010,9,0.01639302738763282,,0.0964729779679787,,0.001
LSTM5_bb7a0ae7,LSTM5,loso_subject_S010,10,0.01516530956852759,,0.09299455814320466,,0.001
LSTM5_bb7a0ae7,LSTM5,loso_subject_S010,11,0.014883962969107581,,0.09131846048415,,0.001
LSTM5_bb7a0ae7,LSTM5,loso_subject_S010,12,0.014937504226791447,,0.09126709159371887,,0.001
LSTM5_bb7a0ae7,LSTM5,loso_subject_S010,13,0.014225372351852837,,0.0880820496842779,,0.001
LSTM5_bb7a0ae7,LSTM5,loso_subject_S010,14,0.012994477823560167,,0.084427951922264,,0.001
LSTM5_bb7a0ae7,LSTM5,loso_subject_S010,15,0.014833500016976166,,0.09021703895236471,,0.001
LSTM5_bb7a0ae7,LSTM5,loso_subject_S010,16,0.01335322686695847,,0.08587827467419244,,0.001
LSTM5_bb7a0ae7,LSTM5,loso_subject_S010,17,0.013691764590995652,,0.08667507855762989,,0.001
LSTM5_bb7a0ae7,LSTM5,loso_subject_S010,18,0.013034956667370397,,0.0833532842509265,,0.001
LSTM5_bb7a0ae7,LSTM5,loso_subject_S010,19,0.013821447314006354,,0.08742534090292278,,0.001
LSTM5_bb7a0ae7,LSTM5,loso_subject_S010,20,0.01358301081956167,,0.08563208018470868,,0.001
LSTM5_bb7a0ae7,LSTM5,loso_subject_S010,21,0.01292677911393014,,0.08338864793624784,,0.001
LSTM5_bb7a0ae7,LSTM5,loso_subject_S010,22,0.011879335520009101,,0.08072429154013178,,0.001
LSTM5_bb7a0ae7,LSTM5,loso_subject_S010,23,0.011705190847109397,,0.07892542666402357,,0.001
LSTM5_bb7a0ae7,LSTM5,loso_subject_S010,24,0.011759379699716133,,0.07886661328558851,,0.001
LSTM5_bb7a0ae7,LSTM5,loso_subject_S010,25,0.01203945603937351,,0.08128697414116319,,0.001
LSTM5_bb7a0ae7,LSTM5,loso_subject_S010,26,0.011324991788623368,,0.07692046008380175,,0.001
LSTM5_bb7a0ae7,LSTM5,loso_subject_S010,27,0.01154231404876474,,0.0789517312874935,,0.001
LSTM5_bb7a0ae7,LSTM5,loso_subject_S010,28,0.011505008395302472,,0.08006535969637885,,0.001
LSTM5_bb7a0ae7,LSTM5,loso_subject_S010,29,0.01117911462309619,,0.07710100420443296,,0.001
LSTM5_bb7a0ae7,LSTM5,loso_subject_S010,30,0.012308707038683845,,0.0820140907256474,,0.001
LSTM5_bb7a0ae7,LSTM5,loso_subject_S010,31,0.011709502012712028,,0.07803144819777587,,0.001
LSTM5_bb7a0ae7,LSTM5,loso_subject_S010,32,0.0122685966178261,,0.07941141596128201,,0.001
LSTM5_bb7a0ae7,LSTM5,loso_subject_S010,33,0.010787344028430032,,0.07654115781555035,,0.001
LSTM5_bb7a0ae7,LSTM5,loso_subject_S010,34,0.010823525066299392,,0.07582289743893252,,0.001
LSTM5_bb7a0ae7,LSTM5,loso_subject_S010,35,0.010688525858550823,,0.07437646568849168,,0.001
LSTM5_bb7a0ae7,LSTM5,loso_subject_S010,36,0.01124328282189193,,0.0767501530976131,,0.001
LSTM5_bb7a0ae7,LSTM5,loso_subject_S010,37,0.010521006073087013,,0.07454485057169581,,0.001
LSTM5_bb7a0ae7,LSTM5,loso_subject_S010,38,0.0108500622680842,,0.07434339190057933,,0.001
LSTM5_bb7a0ae7,LSTM5,loso_subject_S010,39,0.010968194664295378,,0.0766506054498292,,0.001
LSTM5_bb7a0ae7,LSTM5,loso_subject_S010,40,0.011019015019493443,,0.07666088269995938,,0.001
LSTM5_bb7a0ae7,LSTM5,loso_subject_S010,41,0.010426948347078462,,0.07416371615796254,,0.001
LSTM5_bb7a0ae7,LSTM5,loso_subject_S010,42,0.010242979886386488,,0.07367747695428398,,0.001
LSTM5_bb7a0ae7,LSTM5,loso_subject_S010,43,0.010767433796940472,,0.07539464551680193,,0.001
LSTM5_bb7a0ae7,LSTM5,loso_subject_S010,44,0.0107830321884214,,0.07500455781744031,,0.001
LSTM5_bb7a0ae7,LSTM5,loso_subject_S010,45,0.010671238460821178,,0.07443435783750318,,0.001
LSTM5_bb7a0ae7,LSTM5,loso_subject_S010,46,0.009839576393769586,,0.07217762865162836,,0.001
LSTM5_bb7a0ae7,LSTM5,loso_subject_S010,47,0.009974631283597405,,0.07304083357744029,,0.001
LSTM5_bb7a0ae7,LSTM5,loso_subject_S010,48,0.010255470982032456,,0.07407334648770064,,0.001
LSTM5_bb7a0ae7,LSTM5,loso_subject_S010,49,0.010654975770252385,,0.07406072678237126,,0.001
LSTM5_bb7a0ae7,LSTM5,loso_subject_S010,50,0.010130388088744556,,0.07312810321893598,,0.001
LSTM5_bb7a0ae7,LSTM5,loso_subject_S010,51,0.009760084548240225,,0.07145971694750151,,0.001
LSTM5_bb7a0ae7,LSTM5,loso_subject_S010,52,0.010585870644251994,,0.07307575265028207,,0.001
LSTM5_bb7a0ae7,LSTM5,loso_subject_S010,53,0.010550801513780808,,0.07297562338008082,,0.001
LSTM5_bb7a0ae7,LSTM5,loso_subject_S010,54,0.010624558137261809,,0.07316627536941632,,0.001
LSTM5_bb7a0ae7,LSTM5,loso_subject_S010,55,0.009773984974653923,,0.07177488474643288,,0.001
LSTM5_bb7a0ae7,LSTM5,loso_subject_S010,56,0.010141328461192952,,0.07172555590204417,,0.001
LSTM5_bb7a0ae7,LSTM5,loso_subject_S010,57,0.010455359622212173,,0.07291594290821424,,0.001
LSTM5_bb7a0ae7,LSTM5,loso_subject_S010,58,0.010658136793765528,,0.0726532539343599,,0.001
LSTM5_bb7a0ae7,LSTM5,loso_subject_S010,59,0.0098062826072788,,0.07061368887647619,,0.001
LSTM5_bb7a0ae7,LSTM5,loso_subject_S010,60,0.009873771517000762,,0.07221271813356231,,0.001
LSTM5_bb7a0ae7,LSTM5,loso_subject_S010,61,0.010429389600463102,,0.07265197023235519,,0.001
LSTM5_bb7a0ae7,LSTM5,loso_subject_S010,62,0.01011255646372223,,0.07139168786151069,,0.001
LSTM5_bb7a0ae7,LSTM5,loso_subject_S010,63,0.009919387059001793,,0.07050384984815063,,0.001
LSTM5_bb7a0ae7,LSTM5,loso_subject_S010,64,0.01106575061223043,,0.0752650222975045,,0.001
LSTM5_bb7a0ae7,LSTM5,loso_subject_S010,65,0.01027415829293173,,0.07265389284917287,,0.001
LSTM5_bb7a0ae7,LSTM5,loso_subject_S010,66,0.010034015370083266,,0.07109801680436863,,0.001
LSTM5_bb7a0ae7,LSTM5,loso_subject_S010,67,0.010453429348363078,,0.07259138302850018,,0.001
LSTM5_bb7a0ae7,LSTM5,loso_subject_S010,68,0.00995393067121212,,0.07199007865463572,,0.001
LSTM5_bb7a0ae7,LSTM5,loso_subject_S010,69,0.009683153252553176,,0.07161398676081832,,0.001
LSTM5_bb7a0ae7,LSTM5,loso_subject_S010,70,0.009834641824692047,,0.07170032208849644,,0.001
LSTM5_bb7a0ae7,LSTM5,loso_subject_S010,71,0.01076097255159775,,0.07492908053650645,,0.001
LSTM5_bb7a0ae7,LSTM5,loso_subject_S010,72,0.009535816440753308,,0.06937326386277312,,0.001
LSTM5_bb7a0ae7,LSTM5,loso_subject_S010,73,0.009875405699088069,,0.07036540484780748,,0.001
LSTM5_bb7a0ae7,LSTM5,loso_subject_S010,74,0.009674978002061692,,0.07071489686595983,,0.001
LSTM5_bb7a0ae7,LSTM5,loso_subject_S010,75,0.008927639982126322,,0.06786205619573593,,0.001
LSTM5_bb7a0ae7,LSTM5,loso_subject_S010,76,0.010605139868893648,,0.0742467004677345,,0.001
LSTM5_bb7a0ae7,LSTM5,loso_subject_S010,77,0.010095476732575541,,0.07082587352086758,,0.001
LSTM5_bb7a0ae7,LSTM5,loso_subject_S010,78,0.009608322233787457,,0.06991553666262791,,0.001
LSTM5_bb7a0ae7,LSTM5,loso_subject_S010,79,0.009502194775956605,,0.0689365976476317,,0.001
LSTM5_bb7a0ae7,LSTM5,loso_subject_S010,80,0.01017751745430046,,0.07179329474571303,,0.001
LSTM5_bb7a0ae7,LSTM5,loso_subject_S011,1,0.318834502224644,,0.40314275761914925,,0.001
LSTM5_bb7a0ae7,LSTM5,loso_subject_S011,2,0.043695217240024,,0.15920065818808454,,0.001
LSTM5_bb7a0ae7,LSTM5,loso_subject_S011,3,0.02848364722913618,,0.13008109128633666,,0.001
LSTM5_bb7a0ae7,LSTM5,loso_subject_S011,4,0.02456691743341031,,0.11962171407798897,,0.001
LSTM5_bb7a0ae7,LSTM5,loso_subject_S011,5,0.022086614401711144,,0.11205553476268115,,0.001
LSTM5_bb7a0ae7,LSTM5,loso_subject_S011,6,0.020414841271375623,,0.10838394366876061,,0.001
LSTM5_bb7a0ae7,LSTM5,loso_subject_S011,7,0.01706581140319477,,0.09779023985919079,,0.001
LSTM5_bb7a0ae7,LSTM5,loso_subject_S011,8,0.01843010555881253,,0.10193760331659585,,0.001
LSTM5_bb7a0ae7,LSTM5,loso_subject_S011,9,0.01574026925800206,,0.09440185307487955,,0.001
LSTM5_bb7a0ae7,LSTM5,loso_subject_S011,10,0.014746970632161665,,0.09180160819427653,,0.001
LSTM5_bb7a0ae7,LSTM5,loso_subject_S011,11,0.01449164753089187,,0.08996373984847146,,0.001
LSTM5_bb7a0ae7,LSTM5,loso_subject_S011,12,0.014341736317335723,,0.08997607996888139,,0.001
LSTM5_bb7a0ae7,LSTM5,loso_subject_S011,13,0.013739471303703513,,0.08616443749632757,,0.001
LSTM5_bb7a0ae7,LSTM5,loso_subject_S011,14,0.013887582244998068,,0.08826143472638405,,0.001
LSTM5_bb7a0ae7,LSTM5,loso_subject_S011,15,0.0121206989635657,,0.0816763462771165,,0.001
LSTM5_bb7a0ae7,LSTM5,loso_subject_S011,16,0.014494377784320929,,0.09005963529186375,,0.001
LSTM5_bb7a0ae7,LSTM5,loso_subject_S011,17,0.013274976051518448,,0.08591622587188837,,0.001
LSTM5_bb7a0ae7,LSTM5,loso_subject_S011,18,0.013991107596318338,,0.08704419624902297,,0.001
LSTM5_bb7a0ae7,LSTM5,loso_subject_S011,19,0.012824776841044163,,0.08402820449195901,,0.001
LSTM5_bb7a0ae7,LSTM5,loso_subject_S011,20,0.012391227071876452,,0.08201284283329148,,0.001
LSTM5_bb7a0ae7,LSTM5,loso_subject_S011,21,0.012884977966976218,,0.08410485046785023,,0.001
LSTM5_bb7a0ae7,LSTM5,loso_subject_S011,22,0.013134969467162382,,0.08447046983145189,,0.001
LSTM5_bb7a0ae7,LSTM5,loso_subject_S011,23,0.012165366667027047,,0.08086035920959103,,0.001
LSTM5_bb7a0ae7,LSTM5,loso_subject_S011,24,0.010896247790705417,,0.07728383159663864,,0.001
LSTM5_bb7a0ae7,LSTM5,loso_subject_S011,25,0.011518224649285373,,0.07823055264164461,,0.001
LSTM5_bb7a0ae7,LSTM5,loso_subject_S011,26,0.010923409501319006,,0.07671217548838394,,0.001
LSTM5_bb7a0ae7,LSTM5,loso_subject_S011,27,0.011917689866063074,,0.0797306768012892,,0.001
LSTM5_bb7a0ae7,LSTM5,loso_subject_S011,28,0.011544534514219317,,0.07987963979626336,,0.001
LSTM5_bb7a0ae7,LSTM5,loso_subject_S011,29,0.011629094853667072,,0.07754291096589414,,0.001
LSTM5_bb7a0ae7,LSTM5,loso_subject_S011,30,0.011239177956241712,,0.07792885250231717,,0.001
LSTM5_bb7a0ae7,LSTM5,loso_subject_S011,31,0.010977429769757139,,0.0769134338532452,,0.001
LSTM5_bb7a0ae7,LSTM5,loso_subject_S011,32,0.011065575624630406,,0.07737369328253026,,0.001
LSTM5_bb7a0ae7,LSTM5,loso_subject_S011,33,0.010569468236072993,,0.07623180516801521,,0.001
LSTM5_bb7a0ae7,LSTM5,loso_subject_S011,34,0.011191534254276242,,0.07581388173594608,,0.001
LSTM5_bb7a0ae7,LSTM5,loso_subject_S011,35,0.009940888641878105,,0.07420325562071765,,0.001
LSTM5_bb7a0ae7,LSTM5,loso_subject_S011,36,0.011013401461217657,,0.07746088858611298,,0.001
LSTM5_bb7a0ae7,LSTM5,loso_subject_S011,37,0.010954649394523886,,0.07650614954872356,,0.001
LSTM5_bb7a0ae7,LSTM5,loso_subject_S011,38,0.010405150095779487,,0.0745651870063524,,0.001
LSTM5_bb7a0ae7,LSTM5,loso_subject_S011,39,0.010825621139978992,,0.0758133725102226,,0.001
LSTM5_bb7a0ae7,LSTM5,loso_subject_S011,40,0.010697435426967359,,0.07475429529013275,,0.001
LSTM5_bb7a0ae7,LSTM5,loso_subject_S011,41,0.011238600654277175,,0.07650367419071705,,0.001
LSTM5_bb7a0ae7,LSTM5,loso_subject_S011,42,0.011287707401552351,,0.07641405933584737,,0.001
LSTM5_bb7a0ae7,LSTM5,loso_subject_S011,43,0.010921307050236438,,0.07490358685020858,,0.001
LSTM5_bb7a0ae7,LSTM5,loso_subject_S011,44,0.010185036779363452,,0.0736703113095623,,0.001
LSTM5_bb7a0ae7,LSTM5,loso_subject_S011,45,0.010065665586880426,,0.07254217271438554,,0.001
LSTM5_bb7a0ae7,LSTM5,loso_subject_S011,46,0.01078615404357322,,0.07477501373699531,,0.001
LSTM5_bb7a0ae7,LSTM5,loso_subject_S011,47,0.010110450052605333,,0.07234680894514658,,0.001
LSTM5_bb7a0ae7,LSTM5,loso_subject_S011,48,0.009678260903761473,,0.07091928525460524,,0.001
LSTM5_bb7a0ae7,LSTM5,loso_subject_S011,49,0.01091364069623072,,0.07490148587892467,,0.001
LSTM5_bb7a0ae7,LSTM5,loso_subject_S011,50,0.010679852988631458,,0.07433875419716715,,0.001
LSTM5_bb7a0ae7,LSTM5,loso_subject_S011,51,0.01030885027267556,,0.07269975070675155,,0.001
LSTM5_bb7a0ae7,LSTM5,loso_subject_S011,52,0.010020554017831338,,0.07193298153634262,,0.001
LSTM5_bb7a0ae7,LSTM5,loso_subject_S011,53,0.009762371404913628,,0.07130188235636124,,0.001
LSTM5_bb7a0ae7,LSTM5,loso_subject_S011,54,0.009968515457736776,,0.07220673210027476,,0.001
LSTM5_bb7a0ae7,LSTM5,loso_subject_S011,55,0.010558085577449647,,0.07323665011404536,,0.001
LSTM5_bb7a0ae7,LSTM5,loso_subject_S011,56,0.010243306421238704,,0.07368072270246517,,0.001
LSTM5_bb7a0ae7,LSTM5,loso_subject_S011,57,0.009756787915327525,,0.0718432750624427,,0.001
LSTM5_bb7a0ae7,LSTM5,loso_subject_S011,58,0.009572763518709552,,0.07080409420293754,,0.001
LSTM5_bb7a0ae7,LSTM5,loso_subject_S011,59,0.010726083929277682,,0.074023243043148,,0.001
LSTM5_bb7a0ae7,LSTM5,loso_subject_S011,60,0.010335075768863609,,0.0733710130283188,,0.001
LSTM5_bb7a0ae7,LSTM5,loso_subject_S011,61,0.010671328071180175,,0.07364479894784212,,0.001
LSTM5_bb7a0ae7,LSTM5,loso_subject_S011,62,0.011180729259691439,,0.07712468043563989,,0.001
LSTM5_bb7a0ae7,LSTM5,loso_subject_S011,63,0.011182861441149317,,0.07661876463643558,,0.001
LSTM5_bb7a0ae7,LSTM5,loso_subject_S011,64,0.01002628764156885,,0.07169819190503927,,0.001
LSTM5_bb7a0ae7,LSTM5,loso_subject_S011,65,0.010037503051991125,,0.07181001214456346,,0.001
LSTM5_bb7a0ae7,LSTM5,loso_subject_S011,66,0.00983352298536056,,0.07128890745088656,,0.001
LSTM5_bb7a0ae7,LSTM5,loso_subject_S011,67,0.009717343956716303,,0.07104870068401846,,0.001
LSTM5_bb7a0ae7,LSTM5,loso_subject_S011,68,0.009825494241360108,,0.07191697675377086,,0.001
LSTM5_bb7a0ae7,LSTM5,loso_subject_S011,69,0.010316534523619683,,0.07262305662454142,,0.001
LSTM5_bb7a0ae7,LSTM5,loso_subject_S011,70,0.010233115186389299,,0.07172868639406813,,0.001
LSTM5_bb7a0ae7,LSTM5,loso_subject_S011,71,0.009856577750510003,,0.07077896515102823,,0.001
LSTM5_bb7a0ae7,LSTM5,loso_subject_S011,72,0.010017362931685486,,0.07079024585610479,,0.001
LSTM5_bb7a0ae7,LSTM5,loso_subject_S011,73,0.010256029348655368,,0.07319056242924497,,0.001
LSTM5_bb7a0ae7,LSTM5,loso_subject_S011,74,0.009457230244376634,,0.06906940887738541,,0.001
LSTM5_bb7a0ae7,LSTM5,loso_subject_S011,75,0.009728953913349433,,0.07078712472755412,,0.001
LSTM5_bb7a0ae7,LSTM5,loso_subject_S011,76,0.010755015450751236,,0.0748556710592577,,0.001
LSTM5_bb7a0ae7,LSTM5,loso_subject_S011,77,0.009503482438436815,,0.06990798045956755,,0.001
LSTM5_bb7a0ae7,LSTM5,loso_subject_S011,78,0.009897288949568612,,0.07105314084156754,,0.001
LSTM5_bb7a0ae7,LSTM5,loso_subject_S011,79,0.009597339633813725,,0.07095878862912053,,0.001
LSTM5_bb7a0ae7,LSTM5,loso_subject_S011,80,0.009971665113647103,,0.07054572852446726,,0.001
LSTM5_bb7a0ae7,LSTM5,loso_subject_S012,1,0.3256538939064645,,0.4220700642961062,,0.001
LSTM5_bb7a0ae7,LSTM5,loso_subject_S012,2,0.04420507997274399,,0.15731188292982995,,0.001
LSTM5_bb7a0ae7,LSTM5,loso_subject_S012,3,0.029296046768953796,,0.13022241068131424,,0.001
LSTM5_bb7a0ae7,LSTM5,loso_subject_S012,4,0.023775004465324413,,0.1171688313679373,,0.001
LSTM5_bb7a0ae7,LSTM5,loso_subject_S012,5,0.022162224480912374,,0.1130348654461152,,0.001
LSTM5_bb7a0ae7,LSTM5,loso_subject_S012,6,0.019759714591389362,,0.10651534895539809,,0.001
LSTM5_bb7a0ae7,LSTM5,loso_subject_S012,7,0.017903508215858198,,0.101858201962123,,0.001
LSTM5_bb7a0ae7,LSTM5,loso_subject_S012,8,0.017273832916141256,,0.09925866691551545,,0.001
LSTM5_bb7a0ae7,LSTM5,loso_subject_S012,9,0.01765769562751011,,0.10036260187625885,,0.001
LSTM5_bb7a0ae7,LSTM5,loso_subject_S012,10,0.015768714473690843,,0.09405207747317271,,0.001
LSTM5_bb7a0ae7,LSTM5,loso_subject_S012,11,0.015393908217921306,,0.09297202631459187,,0.001
LSTM5_bb7a0ae7,LSTM5,loso_subject_S012,12,0.015097779722914385,,0.09271921567542263,,0.001
LSTM5_bb7a0ae7,LSTM5,loso_subject_S012,13,0.01474429668582396,,0.09026064283478452,,0.001
LSTM5_bb7a0ae7,LSTM5,loso_subject_S012,14,0.01402257329643473,,0.0875525715286336,,0.001
LSTM5_bb7a0ae7,LSTM5,loso_subject_S012,15,0.013688599393482864,,0.08673300149244709,,0.001
LSTM5_bb7a0ae7,LSTM5,loso_subject_S012,16,0.01467793458681581,,0.08854057849460062,,0.001
LSTM5_bb7a0ae7,LSTM5,loso_subject_S012,17,0.013700745590632883,,0.0870792969076644,,0.001
LSTM5_bb7a0ae7,LSTM5,loso_subject_S012,18,0.01297710127458414,,0.08513160556686082,,0.001
LSTM5_bb7a0ae7,LSTM5,loso_subject_S012,19,0.01167621784152876,,0.0794658542248296,,0.001
LSTM5_bb7a0ae7,LSTM5,loso_subject_S012,20,0.012408349011913927,,0.08172928008651593,,0.001
LSTM5_bb7a0ae7,LSTM5,loso_subject_S012,21,0.012722914779446636,,0.08293946563278526,,0.001
LSTM5_bb7a0ae7,LSTM5,loso_subject_S012,22,0.011924502342698682,,0.07986892216049803,,0.001
LSTM5_bb7a0ae7,LSTM5,loso_subject_S012,23,0.012832679682125429,,0.08284202097270982,,0.001
LSTM5_bb7a0ae7,LSTM5,loso_subject_S012,24,0.011597077820925986,,0.07847674127542324,,0.001
LSTM5_bb7a0ae7,LSTM5,loso_subject_S012,25,0.011844170822730498,,0.07966373480539139,,0.001
LSTM5_bb7a0ae7,LSTM5,loso_subject_S012,26,0.010927544043244856,,0.07798814375101207,,0.001
LSTM5_bb7a0ae7,LSTM5,loso_subject_S012,27,0.011872753837773585,,0.08010452930841502,,0.001
LSTM5_bb7a0ae7,LSTM5,loso_subject_S012,28,0.011249659555073876,,0.0774322927785865,,0.001
LSTM5_bb7a0ae7,LSTM5,loso_subject_S012,29,0.01110119777683732,,0.07642402204954327,,0.001
LSTM5_bb7a0ae7,LSTM5,loso_subject_S012,30,0.010911256355259474,,0.07658851891318431,,0.001
LSTM5_bb7a0ae7,LSTM5,loso_subject_S012,31,0.011366659262123218,,0.07747502973995195,,0.001
LSTM5_bb7a0ae7,LSTM5,loso_subject_S012,32,0.010499166449458064,,0.07496730637532849,,0.001
LSTM5_bb7a0ae7,LSTM5,loso_subject_S012,33,0.011162955626413205,,0.07748904062240834,,0.001
LSTM5_bb7a0ae7,LSTM5,loso_subject_S012,34,0.011256696079637467,,0.07675631083493366,,0.001
LSTM5_bb7a0ae7,LSTM5,loso_subject_S012,35,0.01113344981402115,,0.07646873799670985,,0.001
LSTM5_bb7a0ae7,LSTM5,loso_subject_S012,36,0.010444670545946527,,0.07453187314380458,,0.001
LSTM5_bb7a0ae7,LSTM5,loso_subject_S012,37,0.01135307460046878,,0.0768935330343404,,0.001
LSTM5_bb7a0ae7,LSTM5,loso_subject_S012,38,0.00997016772179264,,0.07322491757057487,,0.001
LSTM5_bb7a0ae7,LSTM5,loso_subject_S012,39,0.010607938463532977,,0.07546086185960517,,0.001
LSTM5_bb7a0ae7,LSTM5,loso_subject_S012,40,0.0104572496323596,,0.07490563153257804,,0.001
LSTM5_bb7a0ae7,LSTM5,loso_subject_S012,41,0.010312121603008846,,0.07472854683315176,,0.001
LSTM5_bb7a0ae7,LSTM5,loso_subject_S012,42,0.010839417871640292,,0.0753428743317964,,0.001
LSTM5_bb7a0ae7,LSTM5,loso_subject_S012,43,0.010393862958269936,,0.07400998572289681,,0.001
LSTM5_bb7a0ae7,LSTM5,loso_subject_S012,44,0.010457165340008146,,0.07475466033479365,,0.001
LSTM5_bb7a0ae7,LSTM5,loso_subject_S012,45,0.011775668946104384,,0.07873583429885506,,0.001
LSTM5_bb7a0ae7,LSTM5,loso_subject_S012,46,0.011012118769243425,,0.07618915694444366,,0.001
LSTM5_bb7a0ae7,LSTM5,loso_subject_S012,47,0.009911927120232197,,0.07299981594041931,,0.001
LSTM5_bb7a0ae7,LSTM5,loso_subject_S012,48,0.01048641688137065,,0.07481517088702072,,0.001
LSTM5_bb7a0ae7,LSTM5,loso_subject_S012,49,0.011432886074971348,,0.07688811365378236,,0.001
LSTM5_bb7a0ae7,LSTM5,loso_subject_S012,50,0.01030170048440693,,0.0731980509279233,,0.001
LSTM5_bb7a0ae7,LSTM5,loso_subject_S012,51,0.010721655177135737,,0.07562570596406464,,0.001
LSTM5_bb7a0ae7,LSTM5,loso_subject_S012,52,0.009422040295277047,,0.07077713029325096,,0.001
LSTM5_bb7a0ae7,LSTM5,loso_subject_S012,53,0.011104496475719408,,0.0749961140266074,,0.001
LSTM5_bb7a0ae7,LSTM5,loso_subject_S012,54,0.010648559795339727,,0.07447146242279314,,0.001
LSTM5_bb7a0ae7,LSTM5,loso_subject_S012,55,0.009855752526379017,,0.07115578853392567,,0.001
LSTM5_bb7a0ae7,LSTM5,loso_subject_S012,56,0.009537112059293208,,0.0696950682481305,,0.001
LSTM5_bb7a0ae7,LSTM5,loso_subject_S012,57,0.010595127572298663,,0.07419580450054482,,0.001
LSTM5_bb7a0ae7,LSTM5,loso_subject_S012,58,0.009662214002507724,,0.07136905967489038,,0.001
LSTM5_bb7a0ae7,LSTM5,loso_subject_S012,59,0.010454015141125993,,0.07345370945907724,,0.001
LSTM5_bb7a0ae7,LSTM5,loso_subject_S012,60,0.010900685914604762,,0.07497469997594185,,0.001
LSTM5_bb7a0ae7,LSTM5,loso_subject_S012,61,0.009487818987156633,,0.07098128789934643,,0.001
LSTM5_bb7a0ae7,LSTM5,loso_subject_S012,62,0.009425132201434757,,0.06978841114586845,,0.001
LSTM5_bb7a0ae7,LSTM5,loso_subject_S012,63,0.010724074350295263,,0.07578991120038403,,0.001
LSTM5_bb7a0ae7,LSTM5,loso_subject_S012,64,0.010307948306755391,,0.07288793173239795,,0.001
LSTM5_bb7a0ae7,LSTM5,loso_subject_S012,65,0.010801979524689274,,0.07485073051044769,,0.001
LSTM5_bb7a0ae7,LSTM5,loso_subject_S012,66,0.010515656047904106,,0.07437057399933558,,0.001
LSTM5_bb7a0ae7,LSTM5,loso_subject_S012,67,0.00951912952327168,,0.07060455735471981,,0.001
LSTM5_bb7a0ae7,LSTM5,loso_subject_S012,68,0.009632320392729165,,0.07129156733596377,,0.001
LSTM5_bb7a0ae7,LSTM5,loso_subject_S012,69,0.0098843756920922,,0.07017412638174104,,0.001
LSTM5_bb7a0ae7,LSTM5,loso_subject_S012,70,0.009499524528278304,,0.0706487223593499,,0.001
LSTM5_bb7a0ae7,LSTM5,loso_subject_S012,71,0.010823956790015035,,0.07393960615786863,,0.001
LSTM5_bb7a0ae7,LSTM5,loso_subject_S012,72,0.010078160134287723,,0.07276154884770403,,0.001
LSTM5_bb7a0ae7,LSTM5,loso_subject_S012,73,0.00957186912349186,,0.06999139996702275,,0.001
LSTM5_bb7a0ae7,LSTM5,loso_subject_S012,74,0.009868359682252754,,0.07043629666125722,,0.001
LSTM5_bb7a0ae7,LSTM5,loso_subject_S012,75,0.010567806438486831,,0.07469990621710663,,0.001
LSTM5_bb7a0ae7,LSTM5,loso_subject_S012,76,0.009907794637652045,,0.0704953632165682,,0.001
LSTM5_bb7a0ae7,LSTM5,loso_subject_S012,77,0.010057503419070779,,0.07110890926637313,,0.001
LSTM5_bb7a0ae7,LSTM5,loso_subject_S012,78,0.009031068464459389,,0.06793084435832308,,0.001
LSTM5_bb7a0ae7,LSTM5,loso_subject_S012,79,0.00980946021578473,,0.07082643289222941,,0.001
LSTM5_bb7a0ae7,LSTM5,loso_subject_S012,80,0.00923231168528376,,0.06881384827448232,,0.001
LSTM5_bb7a0ae7,LSTM5,loso_subject_S013,1,0.2946591723373071,,0.38717173354357903,,0.001
LSTM5_bb7a0ae7,LSTM5,loso_subject_S013,2,0.04827392893151698,,0.16369503751834738,,0.001
LSTM5_bb7a0ae7,LSTM5,loso_subject_S013,3,0.03180602445742812,,0.13363914422255518,,0.001
LSTM5_bb7a0ae7,LSTM5,loso_subject_S013,4,0.02500815513337106,,0.11959842591801088,,0.001
LSTM5_bb7a0ae7,LSTM5,loso_subject_S013,5,0.021537655546061206,,0.11092350092388592,,0.001
LSTM5_bb7a0ae7,LSTM5,loso_subject_S013,6,0.02027165949910816,,0.10708921084638945,,0.001
LSTM5_bb7a0ae7,LSTM5,loso_subject_S013,7,0.01798896319248389,,0.10034481492406702,,0.001
LSTM5_bb7a0ae7,LSTM5,loso_subject_S013,8,0.016309535842532107,,0.09617947799001648,,0.001
LSTM5_bb7a0ae7,LSTM5,loso_subject_S013,9,0.016319104262506136,,0.09481845490009612,,0.001
LSTM5_bb7a0ae7,LSTM5,loso_subject_S013,10,0.015338969415224595,,0.09185149819515995,,0.001
LSTM5_bb7a0ae7,LSTM5,loso_subject_S013,11,0.015062746560568165,,0.09189993275265747,,0.001
LSTM5_bb7a0ae7,LSTM5,loso_subject_S013,12,0.015403165856994916,,0.09184138333837155,,0.001
LSTM5_bb7a0ae7,LSTM5,loso_subject_S013,13,0.012900965554172203,,0.0847428244237751,,0.001
LSTM5_bb7a0ae7,LSTM5,loso_subject_S013,14,0.013330889570259196,,0.08388207684113984,,0.001
LSTM5_bb7a0ae7,LSTM5,loso_subject_S013,15,0.014581504317359729,,0.08903691512985082,,0.001
LSTM5_bb7a0ae7,LSTM5,loso_subject_S013,16,0.013336233618462534,,0.08497454885358417,,0.001
LSTM5_bb7a0ae7,LSTM5,loso_subject_S013,17,0.013034090061950892,,0.08353490377470395,,0.001
LSTM5_bb7a0ae7,LSTM5,loso_subject_S013,18,0.012425873205550704,,0.08218070777832938,,0.001
LSTM5_bb7a0ae7,LSTM5,loso_subject_S013,19,0.012272982048606678,,0.0811746248847385,,0.001
LSTM5_bb7a0ae7,LSTM5,loso_subject_S013,20,0.012522267572448682,,0.08229347188933632,,0.001
LSTM5_bb7a0ae7,LSTM5,loso_subject_S013,21,0.011956750976371198,,0.08077187634961662,,0.001
LSTM5_bb7a0ae7,LSTM5,loso_subject_S013,22,0.01205378691667238,,0.0806323092204132,,0.001
LSTM5_bb7a0ae7,LSTM5,loso_subject_S013,23,0.012282515823832073,,0.08032970946781787,,0.001
LSTM5_bb7a0ae7,LSTM5,loso_subject_S013,24,0.011815140403067293,,0.07899841378845304,,0.001
LSTM5_bb7a0ae7,LSTM5,loso_subject_S013,25,0.01190298091075455,,0.0786020710247775,,0.001
LSTM5_bb7a0ae7,LSTM5,loso_subject_S013,26,0.012581387729009842,,0.08249715843770564,,0.001
LSTM5_bb7a0ae7,LSTM5,loso_subject_S013,27,0.011852805270939442,,0.07923015959554104,,0.001
LSTM5_bb7a0ae7,LSTM5,loso_subject_S013,28,0.011284039336077073,,0.07753042653857165,,0.001
LSTM5_bb7a0ae7,LSTM5,loso_subject_S013,29,0.012542452872117523,,0.08091324125000682,,0.001
LSTM5_bb7a0ae7,LSTM5,loso_subject_S013,30,0.012106710409927722,,0.0790713619629145,,0.001
LSTM5_bb7a0ae7,LSTM5,loso_subject_S013,31,0.01087557021477729,,0.07631421012027387,,0.001
LSTM5_bb7a0ae7,LSTM5,loso_subject_S013,32,0.01104194043576943,,0.07622531471001968,,0.001
LSTM5_bb7a0ae7,LSTM5,loso_subject_S013,33,0.01098083217365793,,0.07645347829239317,,0.001
LSTM5_bb7a0ae7,LSTM5,loso_subject_S013,34,0.011247499821109282,,0.07681321015944093,,0.001
LSTM5_bb7a0ae7,LSTM5,loso_subject_S013,35,0.012010776528892934,,0.07905384922547301,,0.001
LSTM5_bb7a0ae7,LSTM5,loso_subject_S013,36,0.010758395093884246,,0.07439550622517219,,0.001
LSTM5_bb7a0ae7,LSTM5,loso_subject_S013,37,0.011020904540837425,,0.07642367486020056,,0.001
LSTM5_bb7a0ae7,LSTM5,loso_subject_S013,38,0.011216370496575196,,0.07663493946334503,,0.001
LSTM5_bb7a0ae7,LSTM5,loso_subject_S013,39,0.010336813568795969,,0.07413272021545304,,0.001
LSTM5_bb7a0ae7,LSTM5,loso_subject_S013,40,0.010606700065284922,,0.07482176808211213,,0.001
LSTM5_bb7a0ae7,LSTM5,loso_subject_S013,41,0.011341900423466889,,0.07702060554276947,,0.001
LSTM5_bb7a0ae7,LSTM5,loso_subject_S013,42,0.011237509193391176,,0.07624842902764457,,0.001
LSTM5_bb7a0ae7,LSTM5,loso_subject_S013,43,0.011022276052477105,,0.07594051866225679,,0.001
LSTM5_bb7a0ae7,LSTM5,loso_subject_S013,44,0.01023649567650203,,0.07261124179737155,,0.001
LSTM5_bb7a0ae7,LSTM5,loso_subject_S013,45,0.011165838501388796,,0.07670472183806443,,0.001
LSTM5_bb7a0ae7,LSTM5,loso_subject_S013,46,0.010626053602256776,,0.07295925872608491,,0.001
LSTM5_bb7a0ae7,LSTM5,loso_subject_S013,47,0.010598143490844541,,0.07289164542109722,,0.001
LSTM5_bb7a0ae7,LSTM5,loso_subject_S013,48,0.011158084095340947,,0.07431284842610612,,0.001
LSTM5_bb7a0ae7,LSTM5,loso_subject_S013,49,0.010245201137574413,,0.07173791973474637,,0.001
LSTM5_bb7a0ae7,LSTM5,loso_subject_S013,50,0.009743780531682799,,0.07109028614928893,,0.001
LSTM5_bb7a0ae7,LSTM5,loso_subject_S013,51,0.010479344092839564,,0.07358599053664781,,0.001
LSTM5_bb7a0ae7,LSTM5,loso_subject_S013,52,0.009898246428358294,,0.07172939895708345,,0.001
LSTM5_bb7a0ae7,LSTM5,loso_subject_S013,53,0.010033304815056819,,0.0722268250785811,,0.001
LSTM5_bb7a0ae7,LSTM5,loso_subject_S013,54,0.00988913360275971,,0.07044920641979664,,0.001
LSTM5_bb7a0ae7,LSTM5,loso_subject_S013,55,0.01075752737390257,,0.07422216697205496,,0.001
LSTM5_bb7a0ae7,LSTM5,loso_subject_S013,56,0.010085345740742189,,0.07160884877280542,,0.001
LSTM5_bb7a0ae7,LSTM5,loso_subject_S013,57,0.011316116521703973,,0.07489494361545042,,0.001
LSTM5_bb7a0ae7,LSTM5,loso_subject_S013,58,0.011222327874971724,,0.07531481993232682,,0.001
LSTM5_bb7a0ae7,LSTM5,loso_subject_S013,59,0.00996981006281469,,0.07097732234219511,,0.001
LSTM5_bb7a0ae7,LSTM5,loso_subject_S013,60,0.01100910394930439,,0.07454905405419543,,0.001
LSTM5_bb7a0ae7,LSTM5,loso_subject_S013,61,0.01023341935238503,,0.07233431079046242,,0.001
LSTM5_bb7a0ae7,LSTM5,loso_subject_S013,62,0.010364614312048936,,0.07379416757791359,,0.001
LSTM5_bb7a0ae7,LSTM5,loso_subject_S013,63,0.010662308609315546,,0.07449046200828735,,0.001
LSTM5_bb7a0ae7,LSTM5,loso_subject_S013,64,0.009720451164118835,,0.07031009926638601,,0.001
LSTM5_bb7a0ae7,LSTM5,loso_subject_S013,65,0.00982240748924719,,0.07091911102140667,,0.001
LSTM5_bb7a0ae7,LSTM5,loso_subject_S013,66,0.009987235072940416,,0.07144447272830107,,0.001
LSTM5_bb7a0ae7,LSTM5,loso_subject_S013,67,0.011255202771796355,,0.07490398716649575,,0.001
LSTM5_bb7a0ae7,LSTM5,loso_subject_S013,68,0.009697209219773935,,0.07123579662558241,,0.001
LSTM5_bb7a0ae7,LSTM5,loso_subject_S013,69,0.010377266932907084,,0.07140723988526596,,0.001
LSTM5_bb7a0ae7,LSTM5,loso_subject_S013,70,0.009623919797499018,,0.07083373205962414,,0.001
LSTM5_bb7a0ae7,LSTM5,loso_subject_S013,71,0.009898543406346693,,0.07153638865761493,,0.001
LSTM5_bb7a0ae7,LSTM5,loso_subject_S013,72,0.009409578908443487,,0.06902435173139838,,0.001
LSTM5_bb7a0ae7,LSTM5,loso_subject_S013,73,0.009768775308433082,,0.06974197798720137,,0.001
LSTM5_bb7a0ae7,LSTM5,loso_subject_S013,74,0.009641508055811952,,0.07019309552350876,,0.001
LSTM5_bb7a0ae7,LSTM5,loso_subject_S013,75,0.009544578771400986,,0.07055378431082675,,0.001
LSTM5_bb7a0ae7,LSTM5,loso_subject_S013,76,0.009726253414006078,,0.06974544959684736,,0.001
LSTM5_bb7a0ae7,LSTM5,loso_subject_S013,77,0.009381416186074524,,0.0702254396521825,,0.001
LSTM5_bb7a0ae7,LSTM5,loso_subject_S013,78,0.008898762794470348,,0.06745100006474677,,0.001
LSTM5_bb7a0ae7,LSTM5,loso_subject_S013,79,0.00957144812469027,,0.06905771750204498,,0.001
LSTM5_bb7a0ae7,LSTM5,loso_subject_S013,80,0.009467699145292004,,0.0689242468730107,,0.001
LSTM5_bb7a0ae7,LSTM5,loso_subject_S014,1,0.31305081458175227,,0.4077938470305957,,0.001
LSTM5_bb7a0ae7,LSTM5,loso_subject_S014,2,0.05207541575267871,,0.1729856399505376,,0.001
LSTM5_bb7a0ae7,LSTM5,loso_subject_S014,3,0.03282342621439439,,0.1381160112750705,,0.001
LSTM5_bb7a0ae7,LSTM5,loso_subject_S014,4,0.025635301269561865,,0.12127740596875713,,0.001
LSTM5_bb7a0ae7,LSTM5,loso_subject_S014,5,0.023913072576577418,,0.11638984609304949,,0.001
LSTM5_bb7a0ae7,LSTM5,loso_subject_S014,6,0.02087903264224244,,0.10971275696057611,,0.001
LSTM5_bb7a0ae7,LSTM5,loso_subject_S014,7,0.01973611845857046,,0.10592020334008567,,0.001
LSTM5_bb7a0ae7,LSTM5,loso_subject_S014,8,0.018531986750022305,,0.10218472916167927,,0.001
LSTM5_bb7a0ae7,LSTM5,loso_subject_S014,9,0.01683840765184323,,0.09753185073546541,,0.001
LSTM5_bb7a0ae7,LSTM5,loso_subject_S014,10,0.015103792134461664,,0.09252263814772863,,0.001
LSTM5_bb7a0ae7,LSTM5,loso_subject_S014,11,0.015519923933320901,,0.09361052327359803,,0.001
LSTM5_bb7a0ae7,LSTM5,loso_subject_S014,12,0.015349813855585715,,0.09248377215947907,,0.001
LSTM5_bb7a0ae7,LSTM5,loso_subject_S014,13,0.013754944211673198,,0.08777494353694638,,0.001
LSTM5_bb7a0ae7,LSTM5,loso_subject_S014,14,0.014336511734689078,,0.08955477416711595,,0.001
LSTM5_bb7a0ae7,LSTM5,loso_subject_S014,15,0.014051088225068589,,0.08820513013914223,,0.001
LSTM5_bb7a0ae7,LSTM5,loso_subject_S014,16,0.012632328684647188,,0.08402866434191059,,0.001
LSTM5_bb7a0ae7,LSTM5,loso_subject_S014,17,0.012427232662242032,,0.08193992333644452,,0.001
LSTM5_bb7a0ae7,LSTM5,loso_subject_S014,18,0.013274123937903996,,0.08516663953826942,,0.001
LSTM5_bb7a0ae7,LSTM5,loso_subject_S014,19,0.01336402281956004,,0.08670096366313074,,0.001
LSTM5_bb7a0ae7,LSTM5,loso_subject_S014,20,0.012913477021405812,,0.08425412151100606,,0.001
LSTM5_bb7a0ae7,LSTM5,loso_subject_S014,21,0.012134232316071386,,0.08243446746287464,,0.001
LSTM5_bb7a0ae7,LSTM5,loso_subject_S014,22,0.012513370904597613,,0.08228945465180304,,0.001
LSTM5_bb7a0ae7,LSTM5,loso_subject_S014,23,0.012494428530982139,,0.08109454786088859,,0.001
LSTM5_bb7a0ae7,LSTM5,loso_subject_S014,24,0.012570442735886247,,0.08261999141996901,,0.001
LSTM5_bb7a0ae7,LSTM5,loso_subject_S014,25,0.011808113957677495,,0.07907930315120675,,0.001
LSTM5_bb7a0ae7,LSTM5,loso_subject_S014,26,0.0123790054847156,,0.0800689208814392,,0.001
LSTM5_bb7a0ae7,LSTM5,loso_subject_S014,27,0.012589710541024906,,0.08138254723285565,,0.001
LSTM5_bb7a0ae7,LSTM5,loso_subject_S014,28,0.011543309323147354,,0.0788043046956093,,0.001
LSTM5_bb7a0ae7,LSTM5,loso_subject_S014,29,0.011858272191724693,,0.08002839912263193,,0.001
LSTM5_bb7a0ae7,LSTM5,loso_subject_S014,30,0.010900554998446924,,0.07678812713800201,,0.001
LSTM5_bb7a0ae7,LSTM5,loso_subject_S014,31,0.011339561140125149,,0.07757829127019839,,0.001
LSTM5_bb7a0ae7,LSTM5,loso_subject_S014,32,0.012060023962434484,,0.08062892956661985,,0.001
LSTM5_bb7a0ae7,LSTM5,loso_subject_S014,33,0.011149278381756883,,0.07656242390684795,,0.001
LSTM5_bb7a0ae7,LSTM5,loso_subject_S014,34,0.010817225708742452,,0.07569362566352283,,0.001
LSTM5_bb7a0ae7,LSTM5,loso_subject_S014,35,0.011259003647175763,,0.07739351198536591,,0.001
LSTM5_bb7a0ae7,LSTM5,loso_subject_S014,36,0.010862081711099947,,0.07576597652787471,,0.001
LSTM5_bb7a0ae7,LSTM5,loso_subject_S014,37,0.011127599484078972,,0.0768829526921048,,0.001
LSTM5_bb7a0ae7,LSTM5,loso_subject_S014,38,0.010235377498594355,,0.07415324902572841,,0.001
LSTM5_bb7a0ae7,LSTM5,loso_subject_S014,39,0.01046647344300826,,0.07485520978176961,,0.001
LSTM5_bb7a0ae7,LSTM5,loso_subject_S014,40,0.010732790953637205,,0.07531377388818362,,0.001
LSTM5_bb7a0ae7,LSTM5,loso_subject_S014,41,0.010871133875225572,,0.07672371168500183,,0.001
LSTM5_bb7a0ae7,LSTM5,loso_subject_S014,42,0.010808200878418694,,0.0753964846254073,,0.001
LSTM5_bb7a0ae7,LSTM5,loso_subject_S014,43,0.010996367872253048,,0.07590518651078004,,0.001
LSTM5_bb7a0ae7,LSTM5,loso_subject_S014,44,0.010295172172897646,,0.07394406676015894,,0.001
LSTM5_bb7a0ae7,LSTM5,loso_subject_S014,45,0.011151405874515982,,0.07623612056705131,,0.001
LSTM5_bb7a0ae7,LSTM5,loso_subject_S014,46,0.011084428343914095,,0.07455864488917958,,0.001
LSTM5_bb7a0ae7,LSTM5,loso_subject_S014,47,0.01079523091368094,,0.07538684133514963,,0.001
LSTM5_bb7a0ae7,LSTM5,loso_subject_S014,48,0.011129125582951293,,0.07731387435952834,,0.001
LSTM5_bb7a0ae7,LSTM5,loso_subject_S014,49,0.010050217812394166,,0.07336283440371895,,0.001
LSTM5_bb7a0ae7,LSTM5,loso_subject_S014,50,0.01161782936530622,,0.07731937663002451,,0.001
LSTM5_bb7a0ae7,LSTM5,loso_subject_S014,51,0.010635124467061295,,0.07583011102307097,,0.001
LSTM5_bb7a0ae7,LSTM5,loso_subject_S014,52,0.010167201341483023,,0.07254196843034812,,0.001
LSTM5_bb7a0ae7,LSTM5,loso_subject_S014,53,0.010118612830031778,,0.07226412033060646,,0.001
LSTM5_bb7a0ae7,LSTM5,loso_subject_S014,54,0.010932855541374343,,0.07494949409278236,,0.001
LSTM5_bb7a0ae7,LSTM5,loso_subject_S014,55,0.010275980872103475,,0.07295846728347655,,0.001
LSTM5_bb7a0ae7,LSTM5,loso_subject_S014,56,0.010535930962137603,,0.07268982024267383,,0.001
LSTM5_bb7a0ae7,LSTM5,loso_subject_S014,57,0.009998494088515946,,0.07163743827513185,,0.001
LSTM5_bb7a0ae7,LSTM5,loso_subject_S014,58,0.010834603156449551,,0.07484385276431275,,0.001
LSTM5_bb7a0ae7,LSTM5,loso_subject_S014,59,0.01068559625088183,,0.07368708962774748,,0.001
LSTM5_bb7a0ae7,LSTM5,loso_subject_S014,60,0.011086800965527615,,0.0755762773577377,,0.001
LSTM5_bb7a0ae7,LSTM5,loso_subject_S014,61,0.01078959269043804,,0.07561578112549855,,0.001
LSTM5_bb7a0ae7,LSTM5,loso_subject_S014,62,0.01040957757293848,,0.0747273548505364,,0.001
LSTM5_bb7a0ae7,LSTM5,loso_subject_S014,63,0.01093912292444681,,0.07586642689233553,,0.001
LSTM5_bb7a0ae7,LSTM5,loso_subject_S014,64,0.010288716701830274,,0.07330269918327416,,0.001
LSTM5_bb7a0ae7,LSTM5,loso_subject_S014,65,0.010835367566561652,,0.07507294454784387,,0.001
LSTM5_bb7a0ae7,LSTM5,loso_subject_S014,66,0.01003678436526252,,0.07267295428242594,,0.001
LSTM5_bb7a0ae7,LSTM5,loso_subject_S014,67,0.01057729655717865,,0.07401755391052832,,0.001
LSTM5_bb7a0ae7,LSTM5,loso_subject_S014,68,0.01018330720647728,,0.07061661990396778,,0.001
LSTM5_bb7a0ae7,LSTM5,loso_subject_S014,69,0.010017072652856574,,0.07143764194927327,,0.001
LSTM5_bb7a0ae7,LSTM5,loso_subject_S014,70,0.010589690581555051,,0.07258300316865414,,0.001
LSTM5_bb7a0ae7,LSTM5,loso_subject_S014,71,0.009974452812727502,,0.07194781142842516,,0.001
LSTM5_bb7a0ae7,LSTM5,loso_subject_S014,72,0.009556308891585187,,0.06966426834771819,,0.001
LSTM5_bb7a0ae7,LSTM5,loso_subject_S014,73,0.00956167307225455,,0.0704387536317565,,0.001
LSTM5_bb7a0ae7,LSTM5,loso_subject_S014,74,0.009821617979733611,,0.07239311357719817,,0.001
LSTM5_bb7a0ae7,LSTM5,loso_subject_S014,75,0.00998098135442746,,0.07136913182242335,,0.001
LSTM5_bb7a0ae7,LSTM5,loso_subject_S014,76,0.009740788609026944,,0.0707539423466157,,0.001
LSTM5_bb7a0ae7,LSTM5,loso_subject_S014,77,0.009074127632247625,,0.0697472379920601,,0.001
LSTM5_bb7a0ae7,LSTM5,loso_subject_S014,78,0.009698891906868873,,0.07070340665736907,,0.001
LSTM5_bb7a0ae7,LSTM5,loso_subject_S014,79,0.009493451312672714,,0.06991396093530877,,0.001
LSTM5_bb7a0ae7,LSTM5,loso_subject_S014,80,0.010097649404475233,,0.071886734558067,,0.001
LSTM5_bb7a0ae7,LSTM5,loso_subject_S016,1,0.29870109552815116,,0.4040560061762319,,0.001
LSTM5_bb7a0ae7,LSTM5,loso_subject_S016,2,0.04623660765500111,,0.1623306058479484,,0.001
LSTM5_bb7a0ae7,LSTM5,loso_subject_S016,3,0.03091525683653425,,0.1326309818664246,,0.001
LSTM5_bb7a0ae7,LSTM5,loso_subject_S016,4,0.02472756601120593,,0.1192664431220681,,0.001
LSTM5_bb7a0ae7,LSTM5,loso_subject_S016,5,0.021850655560750932,,0.11275274702430477,,0.001
LSTM5_bb7a0ae7,LSTM5,loso_subject_S016,6,0.018968250878022973,,0.1036024627865419,,0.001
LSTM5_bb7a0ae7,LSTM5,loso_subject_S016,7,0.016966745742326657,,0.09908296272775831,,0.001
LSTM5_bb7a0ae7,LSTM5,loso_subject_S016,8,0.01683894929492615,,0.09728973867625175,,0.001
LSTM5_bb7a0ae7,LSTM5,loso_subject_S016,9,0.015969798216849743,,0.09486166759002844,,0.001
LSTM5_bb7a0ae7,LSTM5,loso_subject_S016,10,0.015363596739060074,,0.09375288855923704,,0.001
LSTM5_bb7a0ae7,LSTM5,loso_subject_S016,11,0.015160870827602212,,0.091391677651885,,0.001
LSTM5_bb7a0ae7,LSTM5,loso_subject_S016,12,0.014730043506481239,,0.09073402552738698,,0.001
LSTM5_bb7a0ae7,LSTM5,loso_subject_S016,13,0.013719769513245517,,0.08803007041914224,,0.001
LSTM5_bb7a0ae7,LSTM5,loso_subject_S016,14,0.012944254800456868,,0.08385166827390886,,0.001
LSTM5_bb7a0ae7,LSTM5,loso_subject_S016,15,0.012798460631372308,,0.0845194407997752,,0.001
LSTM5_bb7a0ae7,LSTM5,loso_subject_S016,16,0.013171879921835907,,0.0854723597507505,,0.001
LSTM5_bb7a0ae7,LSTM5,loso_subject_S016,17,0.012484147091059996,,0.08205049641915327,,0.001
LSTM5_bb7a0ae7,LSTM5,loso_subject_S016,18,0.012558608415079187,,0.08288869199139126,,0.001
LSTM5_bb7a0ae7,LSTM5,loso_subject_S016,19,0.012449187460250756,,0.08329962114610616,,0.001
LSTM5_bb7a0ae7,LSTM5,loso_subject_S016,20,0.011769677420868676,,0.08114569982480721,,0.001
LSTM5_bb7a0ae7,LSTM5,loso_subject_S016,21,0.012332293865155186,,0.08253403149060244,,0.001
LSTM5_bb7a0ae7,LSTM5,loso_subject_S016,22,0.012395975185481049,,0.08204345859190416,,0.001
LSTM5_bb7a0ae7,LSTM5,loso_subject_S016,23,0.012199301333249321,,0.0817581255672246,,0.001
LSTM5_bb7a0ae7,LSTM5,loso_subject_S016,24,0.01183745445981181,,0.07927006826950954,,0.001
LSTM5_bb7a0ae7,LSTM5,loso_subject_S016,25,0.010805224332980503,,0.0763049312156333,,0.001
LSTM5_bb7a0ae7,LSTM5,loso_subject_S016,26,0.011378528465401138,,0.07728527746433338,,0.001
LSTM5_bb7a0ae7,LSTM5,loso_subject_S016,27,0.01093728455367702,,0.07717552956568419,,0.001
LSTM5_bb7a0ae7,LSTM5,loso_subject_S016,28,0.01127096070527766,,0.07811770788311254,,0.001
LSTM5_bb7a0ae7,LSTM5,loso_subject_S016,29,0.011983460730173178,,0.07986029557575136,,0.001
LSTM5_bb7a0ae7,LSTM5,loso_subject_S016,30,0.011857147817913244,,0.07982193164571502,,0.001
LSTM5_bb7a0ae7,LSTM5,loso_subject_S016,31,0.01221308094840607,,0.08071458889006157,,0.001
LSTM5_bb7a0ae7,LSTM5,loso_subject_S016,32,0.011688020063795634,,0.07989211224416304,,0.001
LSTM5_bb7a0ae7,LSTM5,loso_subject_S016,33,0.01065748744815059,,0.07544687259832078,,0.001
LSTM5_bb7a0ae7,LSTM5,loso_subject_S016,34,0.01122455422452392,,0.07766071652343287,,0.001
LSTM5_bb7a0ae7,LSTM5,loso_subject_S016,35,0.011187241801760606,,0.07605209684759907,,0.001
LSTM5_bb7a0ae7,LSTM5,loso_subject_S016,36,0.011373291941657222,,0.0768658764439927,,0.001
LSTM5_bb7a0ae7,LSTM5,loso_subject_S016,37,0.01130129422044613,,0.0759860437649947,,0.001
LSTM5_bb7a0ae7,LSTM5,loso_subject_S016,38,0.01116048664339548,,0.07684664844408542,,0.001
LSTM5_bb7a0ae7,LSTM5,loso_subject_S016,39,0.010744950578674762,,0.07629702624660978,,0.001
LSTM5_bb7a0ae7,LSTM5,loso_subject_S016,40,0.01017542465220718,,0.07306636034031591,,0.001
LSTM5_bb7a0ae7,LSTM5,loso_subject_S016,41,0.011272692735466732,,0.07761617151237804,,0.001
LSTM5_bb7a0ae7,LSTM5,loso_subject_S016,42,0.011330933885417394,,0.07790894682943468,,0.001
LSTM5_bb7a0ae7,LSTM5,loso_subject_S016,43,0.01076946160232527,,0.07534208645129345,,0.001
LSTM5_bb7a0ae7,LSTM5,loso_subject_S016,44,0.010854578256254365,,0.07646108488359395,,0.001
LSTM5_bb7a0ae7,LSTM5,loso_subject_S016,45,0.010307970431980474,,0.07395583308307377,,0.001
LSTM5_bb7a0ae7,LSTM5,loso_subject_S016,46,0.010820140264178874,,0.07450987476216266,,0.001
LSTM5_bb7a0ae7,LSTM5,loso_subject_S016,47,0.01125103068157766,,0.07589166677562442,,0.001
LSTM5_bb7a0ae7,LSTM5,loso_subject_S016,48,0.009612023299725275,,0.07193140209867405,,0.001
LSTM5_bb7a0ae7,LSTM5,loso_subject_S016,49,0.010191584361948558,,0.07284983538487959,,0.001
LSTM5_bb7a0ae7,LSTM5,loso_subject_S016,50,0.010997487438192382,,0.07612328360507474,,0.001
LSTM5_bb7a0ae7,LSTM5,loso_subject_S016,51,0.01016437258659559,,0.07400785858285498,,0.001
LSTM5_bb7a0ae7,LSTM5,loso_subject_S016,52,0.009840702258888081,,0.07180637279911155,,0.001
LSTM5_bb7a0ae7,LSTM5,loso_subject_S016,53,0.009680190540232954,,0.07105989755963432,,0.001
LSTM5_bb7a0ae7,LSTM5,loso_subject_S016,54,0.009858574112050633,,0.07087471446342017,,0.001
LSTM5_bb7a0ae7,LSTM5,loso_subject_S016,55,0.009402657423675412,,0.06926058380473295,,0.001
LSTM5_bb7a0ae7,LSTM5,loso_subject_S016,56,0.010309775280573311,,0.07265191470553889,,0.001
LSTM5_bb7a0ae7,LSTM5,loso_subject_S016,57,0.010670960809175786,,0.07404018162622959,,0.001
LSTM5_bb7a0ae7,LSTM5,loso_subject_S016,58,0.010635135580713932,,0.07399564452425263,,0.001
LSTM5_bb7a0ae7,LSTM5,loso_subject_S016,59,0.010937351507503959,,0.07541628310666282,,0.001
LSTM5_bb7a0ae7,LSTM5,loso_subject_S016,60,0.011107819575882522,,0.0767859496352588,,0.001
LSTM5_bb7a0ae7,LSTM5,loso_subject_S016,61,0.00967194773201671,,0.0706562949135106,,0.001
LSTM5_bb7a0ae7,LSTM5,loso_subject_S016,62,0.010462985879923465,,0.07201487012868803,,0.001
LSTM5_bb7a0ae7,LSTM5,loso_subject_S016,63,0.010297591284402377,,0.07238499843157255,,0.001
LSTM5_bb7a0ae7,LSTM5,loso_subject_S016,64,0.009274854159434518,,0.06889157497142194,,0.001
LSTM5_bb7a0ae7,LSTM5,loso_subject_S016,65,0.010337712362783372,,0.07262601106036344,,0.001
LSTM5_bb7a0ae7,LSTM5,loso_subject_S016,66,0.010893224848753954,,0.07517618630412062,,0.001
LSTM5_bb7a0ae7,LSTM5,loso_subject_S016,67,0.009573190076243595,,0.07041472263590119,,0.001
LSTM5_bb7a0ae7,LSTM5,loso_subject_S016,68,0.010164817035771333,,0.07253245664154284,,0.001
LSTM5_bb7a0ae7,LSTM5,loso_subject_S016,69,0.010415162520824806,,0.07278849010813165,,0.001
LSTM5_bb7a0ae7,LSTM5,loso_subject_S016,70,0.010255774547009778,,0.0730834091908833,,0.001
LSTM5_bb7a0ae7,LSTM5,loso_subject_S016,71,0.010589352111227414,,0.07393656604036071,,0.001
LSTM5_bb7a0ae7,LSTM5,loso_subject_S016,72,0.009975907168510927,,0.07127570470673798,,0.001
LSTM5_bb7a0ae7,LSTM5,loso_subject_S016,73,0.010306033489884004,,0.07233491691611928,,0.001
LSTM5_bb7a0ae7,LSTM5,loso_subject_S016,74,0.010430081727633463,,0.07418693315524322,,0.001
LSTM5_bb7a0ae7,LSTM5,loso_subject_S016,75,0.010017266098035158,,0.07179334387624052,,0.001
LSTM5_bb7a0ae7,LSTM5,loso_subject_S016,76,0.009739175773936615,,0.07189492946545753,,0.001
LSTM5_bb7a0ae7,LSTM5,loso_subject_S016,77,0.0095735155817496,,0.07066404235786235,,0.001
LSTM5_bb7a0ae7,LSTM5,loso_subject_S016,78,0.00994167243565857,,0.07186548026532111,,0.001
LSTM5_bb7a0ae7,LSTM5,loso_subject_S016,79,0.009667741206402961,,0.06986561222718313,,0.001
LSTM5_bb7a0ae7,LSTM5,loso_subject_S016,80,0.010070651659422373,,0.07156987226397328,,0.001
LSTM5_bb7a0ae7,LSTM5,loso_subject_S017,1,0.31854780964622365,,0.41417287663181823,,0.001
LSTM5_bb7a0ae7,LSTM5,loso_subject_S017,2,0.04731250252304217,,0.1675838559269371,,0.001
LSTM5_bb7a0ae7,LSTM5,loso_subject_S017,3,0.028356260146744257,,0.129412083250749,,0.001
LSTM5_bb7a0ae7,LSTM5,loso_subject_S017,4,0.022675018991316687,,0.11429370757418317,,0.001
LSTM5_bb7a0ae7,LSTM5,loso_subject_S017,5,0.020782244606274685,,0.11086419129019037,,0.001
LSTM5_bb7a0ae7,LSTM5,loso_subject_S017,6,0.0178747982048845,,0.1011461963760771,,0.001
LSTM5_bb7a0ae7,LSTM5,loso_subject_S017,7,0.01754137114289183,,0.10016820699305971,,0.001
LSTM5_bb7a0ae7,LSTM5,loso_subject_S017,8,0.01788754027291202,,0.1007033620738684,,0.001
LSTM5_bb7a0ae7,LSTM5,loso_subject_S017,9,0.015620695523336676,,0.09429839329222511,,0.001
LSTM5_bb7a0ae7,LSTM5,loso_subject_S017,10,0.015197419856675248,,0.09130435676931943,,0.001
LSTM5_bb7a0ae7,LSTM5,loso_subject_S017,11,0.013861668455598958,,0.08908472299655944,,0.001
LSTM5_bb7a0ae7,LSTM5,loso_subject_S017,12,0.014125837633497,,0.08863193728530588,,0.001
LSTM5_bb7a0ae7,LSTM5,loso_subject_S017,13,0.014031989156558757,,0.0862459124964424,,0.001
LSTM5_bb7a0ae7,LSTM5,loso_subject_S017,14,0.013730517055139209,,0.08834813894497519,,0.001
LSTM5_bb7a0ae7,LSTM5,loso_subject_S017,15,0.01273593466371645,,0.0852451377798986,,0.001
LSTM5_bb7a0ae7,LSTM5,loso_subject_S017,16,0.013371623901709857,,0.08615557463855789,,0.001
LSTM5_bb7a0ae7,LSTM5,loso_subject_S017,17,0.013251725664406275,,0.08544961631093269,,0.001
LSTM5_bb7a0ae7,LSTM5,loso_subject_S017,18,0.013204360300074559,,0.08497983492378837,,0.001
LSTM5_bb7a0ae7,LSTM5,loso_subject_S017,19,0.013512504715578197,,0.08600219180192525,,0.001
LSTM5_bb7a0ae7,LSTM5,loso_subject_S017,20,0.012408211550135238,,0.08176175442037029,,0.001
LSTM5_bb7a0ae7,LSTM5,loso_subject_S017,21,0.012062860372739789,,0.08063819674785579,,0.001
LSTM5_bb7a0ae7,LSTM5,loso_subject_S017,22,0.012136149699881802,,0.08084345113876723,,0.001
LSTM5_bb7a0ae7,LSTM5,loso_subject_S017,23,0.01177666825583204,,0.07969134123308608,,0.001
LSTM5_bb7a0ae7,LSTM5,loso_subject_S017,24,0.011465372973488167,,0.0782720561784561,,0.001
LSTM5_bb7a0ae7,LSTM5,loso_subject_S017,25,0.011486186715489026,,0.07801259466657576,,0.001
LSTM5_bb7a0ae7,LSTM5,loso_subject_S017,26,0.011430867514115307,,0.07840078632164471,,0.001
LSTM5_bb7a0ae7,LSTM5,loso_subject_S017,27,0.010354934084252266,,0.0747094512651367,,0.001
LSTM5_bb7a0ae7,LSTM5,loso_subject_S017,28,0.010875069593032919,,0.07700279215698567,,0.001
LSTM5_bb7a0ae7,LSTM5,loso_subject_S017,29,0.011394125882737631,,0.07905684343408677,,0.001
LSTM5_bb7a0ae7,LSTM5,loso_subject_S017,30,0.012738556166193113,,0.08193985265708874,,0.001
LSTM5_bb7a0ae7,LSTM5,loso_subject_S017,31,0.012230437899229328,,0.08019608672800654,,0.001
LSTM5_bb7a0ae7,LSTM5,loso_subject_S017,32,0.011762925081983462,,0.07904343253815747,,0.001
LSTM5_bb7a0ae7,LSTM5,loso_subject_S017,33,0.0114760043565323,,0.07571891845741804,,0.001
LSTM5_bb7a0ae7,LSTM5,loso_subject_S017,34,0.01047551130565968,,0.07426792643196305,,0.001
LSTM5_bb7a0ae7,LSTM5,loso_subject_S017,35,0.012341311815007519,,0.07865032796089351,,0.001
LSTM5_bb7a0ae7,LSTM5,loso_subject_S017,36,0.01071092575228647,,0.07517453509015327,,0.001
LSTM5_bb7a0ae7,LSTM5,loso_subject_S017,37,0.010757913233666126,,0.07589849985942293,,0.001
LSTM5_bb7a0ae7,LSTM5,loso_subject_S017,38,0.010771817857027277,,0.07516791039205752,,0.001
LSTM5_bb7a0ae7,LSTM5,loso_subject_S017,39,0.01193063194586077,,0.07981163440736899,,0.001
LSTM5_bb7a0ae7,LSTM5,loso_subject_S017,40,0.010475422523098809,,0.07441218937729094,,0.001
LSTM5_bb7a0ae7,LSTM5,loso_subject_S017,41,0.010089574482994254,,0.07160625588966904,,0.001
LSTM5_bb7a0ae7,LSTM5,loso_subject_S017,42,0.010803801997325155,,0.07342924717017918,,0.001
LSTM5_bb7a0ae7,LSTM5,loso_subject_S017,43,0.01030745822018052,,0.07390110940186344,,0.001
LSTM5_bb7a0ae7,LSTM5,loso_subject_S017,44,0.010529252940642502,,0.07447726242767365,,0.001
LSTM5_bb7a0ae7,LSTM5,loso_subject_S017,45,0.010898014597460062,,0.07499090783367023,,0.001
LSTM5_bb7a0ae7,LSTM5,loso_subject_S017,46,0.010243094375486143,,0.0719402062138729,,0.001
LSTM5_bb7a0ae7,LSTM5,loso_subject_S017,47,0.010566058186611061,,0.07440229822067064,,0.001
LSTM5_bb7a0ae7,LSTM5,loso_subject_S017,48,0.009757893835312668,,0.07153548107601865,,0.001
LSTM5_bb7a0ae7,LSTM5,loso_subject_S017,49,0.010729340251511803,,0.07545189922973224,,0.001
LSTM5_bb7a0ae7,LSTM5,loso_subject_S017,50,0.010723873001223077,,0.07503192213566794,,0.001
LSTM5_bb7a0ae7,LSTM5,loso_subject_S017,51,0.010403002011259972,,0.07354541896687432,,0.001
LSTM5_bb7a0ae7,LSTM5,loso_subject_S017,52,0.010827025665181197,,0.07463352707408598,,0.001
LSTM5_bb7a0ae7,LSTM5,loso_subject_S017,53,0.01052847466439071,,0.07254480011260328,,0.001
LSTM5_bb7a0ae7,LSTM5,loso_subject_S017,54,0.010529515350169038,,0.07324834447771462,,0.001
LSTM5_bb7a0ae7,LSTM5,loso_subject_S017,55,0.009754634233570593,,0.07243476844912221,,0.001
LSTM5_bb7a0ae7,LSTM5,loso_subject_S017,56,0.009821285371239288,,0.07181993246630551,,0.001
LSTM5_bb7a0ae7,LSTM5,loso_subject_S017,57,0.010490750754961628,,0.0736547412191055,,0.001
LSTM5_bb7a0ae7,LSTM5,loso_subject_S017,58,0.009542210993123546,,0.07093743166978372,,0.001
LSTM5_bb7a0ae7,LSTM5,loso_subject_S017,59,0.010666690585666765,,0.07536347271400956,,0.001
LSTM5_bb7a0ae7,LSTM5,loso_subject_S017,60,0.009952617476382361,,0.07197714786200798,,0.001
LSTM5_bb7a0ae7,LSTM5,loso_subject_S017,61,0.010006102141811508,,0.07076427714260863,,0.001
LSTM5_bb7a0ae7,LSTM5,loso_subject_S017,62,0.010761584403187544,,0.0748951770688015,,0.001
LSTM5_bb7a0ae7,LSTM5,loso_subject_S017,63,0.009910231926969567,,0.07114259095059461,,0.001
LSTM5_bb7a0ae7,LSTM5,loso_subject_S017,64,0.010901635243775267,,0.07482302419937009,,0.001
LSTM5_bb7a0ae7,LSTM5,loso_subject_S017,65,0.010321221408977645,,0.07215783561958033,,0.001
LSTM5_bb7a0ae7,LSTM5,loso_subject_S017,66,0.009246592524271955,,0.06945822542087512,,0.001
LSTM5_bb7a0ae7,LSTM5,loso_subject_S017,67,0.01019526502823728,,0.07196806523918856,,0.001
LSTM5_bb7a0ae7,LSTM5,loso_subject_S017,68,0.009431485228311724,,0.0689508920968968,,0.001
LSTM5_bb7a0ae7,LSTM5,loso_subject_S017,69,0.010189924079146819,,0.07092267064717694,,0.001
LSTM5_bb7a0ae7,LSTM5,loso_subject_S017,70,0.009724289111510333,,0.06932038994361865,,0.001
LSTM5_bb7a0ae7,LSTM5,loso_subject_S017,71,0.00993166877872839,,0.07107462696363792,,0.001
LSTM5_bb7a0ae7,LSTM5,loso_subject_S017,72,0.010373059017425123,,0.07344408509604497,,0.001
LSTM5_bb7a0ae7,LSTM5,loso_subject_S017,73,0.009692792445398958,,0.07035180215991217,,0.001
LSTM5_bb7a0ae7,LSTM5,loso_subject_S017,74,0.009762648788976704,,0.06996926308025486,,0.001
LSTM5_bb7a0ae7,LSTM5,loso_subject_S017,75,0.010173601610627785,,0.07257926731651707,,0.001
LSTM5_bb7a0ae7,LSTM5,loso_subject_S017,76,0.009283279309598526,,0.06899805137153558,,0.001
LSTM5_bb7a0ae7,LSTM5,loso_subject_S017,77,0.010422246648632557,,0.0737657558394433,,0.001
LSTM5_bb7a0ae7,LSTM5,loso_subject_S017,78,0.009837812218733838,,0.07047854906517355,,0.001
LSTM5_bb7a0ae7,LSTM5,loso_subject_S017,79,0.009141802442186904,,0.0687763697181419,,0.001
LSTM5_bb7a0ae7,LSTM5,loso_subject_S017,80,0.009452476991495784,,0.06915054236454396,,0.001
LSTM5_bb7a0ae7,LSTM5,loso_subject_S018,1,0.2968305042668258,,0.39491682222789126,,0.001
LSTM5_bb7a0ae7,LSTM5,loso_subject_S018,2,0.04140805166262807,,0.1543824734056697,,0.001
LSTM5_bb7a0ae7,LSTM5,loso_subject_S018,3,0.02835758482633824,,0.12804458525935067,,0.001
LSTM5_bb7a0ae7,LSTM5,loso_subject_S018,4,0.02438018094999462,,0.11788453570055311,,0.001
LSTM5_bb7a0ae7,LSTM5,loso_subject_S018,5,0.020066226983557815,,0.10561593583700818,,0.001
LSTM5_bb7a0ae7,LSTM5,loso_subject_S018,6,0.019260799165927354,,0.10358202820657145,,0.001
LSTM5_bb7a0ae7,LSTM5,loso_subject_S018,7,0.018019338050480383,,0.10068190928596678,,0.001
LSTM5_bb7a0ae7,LSTM5,loso_subject_S018,8,0.015948567284241724,,0.0952507973380034,,0.001
LSTM5_bb7a0ae7,LSTM5,loso_subject_S018,9,0.015686444328881406,,0.0946210783600294,,0.001
LSTM5_bb7a0ae7,LSTM5,loso_subject_S018,10,0.015184207891823572,,0.09249830428120738,,0.001
LSTM5_bb7a0ae7,LSTM5,loso_subject_S018,11,0.014726500764189868,,0.0901611155126153,,0.001
LSTM5_bb7a0ae7,LSTM5,loso_subject_S018,12,0.013653599727000918,,0.08606001984012691,,0.001
LSTM5_bb7a0ae7,LSTM5,loso_subject_S018,13,0.013721136827625794,,0.08763835820525756,,0.001
LSTM5_bb7a0ae7,LSTM5,loso_subject_S018,14,0.013665782689642017,,0.08614588713372284,,0.001
LSTM5_bb7a0ae7,LSTM5,loso_subject_S018,15,0.013230876368036229,,0.0854824142934089,,0.001
LSTM5_bb7a0ae7,LSTM5,loso_subject_S018,16,0.012597069694624527,,0.08258089050116121,,0.001
LSTM5_bb7a0ae7,LSTM5,loso_subject_S018,17,0.012384295496699458,,0.08297408532933834,,0.001
LSTM5_bb7a0ae7,LSTM5,loso_subject_S018,18,0.013270600604019,,0.08620424777525912,,0.001
LSTM5_bb7a0ae7,LSTM5,loso_subject_S018,19,0.013038758981646904,,0.08446144196318417,,0.001
LSTM5_bb7a0ae7,LSTM5,loso_subject_S018,20,0.014398558221629137,,0.0869795675364081,,0.001
LSTM5_bb7a0ae7,LSTM5,loso_subject_S018,21,0.013058349797488798,,0.08411348893746755,,0.001
LSTM5_bb7a0ae7,LSTM5,loso_subject_S018,22,0.01258467221405448,,0.08258874201919975,,0.001
LSTM5_bb7a0ae7,LSTM5,loso_subject_S018,23,0.01214596211477323,,0.08203456379163214,,0.001
LSTM5_bb7a0ae7,LSTM5,loso_subject_S018,24,0.011687937313543801,,0.07923829203720072,,0.001
LSTM5_bb7a0ae7,LSTM5,loso_subject_S018,25,0.011673546623882211,,0.07888138095609085,,0.001
LSTM5_bb7a0ae7,LSTM5,loso_subject_S018,26,0.011519024866650488,,0.07830344099054377,,0.001
LSTM5_bb7a0ae7,LSTM5,loso_subject_S018,27,0.011863854840141286,,0.0781279799436223,,0.001
LSTM5_bb7a0ae7,LSTM5,loso_subject_S018,28,0.012049728864469863,,0.0789782933944267,,0.001
LSTM5_bb7a0ae7,LSTM5,loso_subject_S018,29,0.010780788127231376,,0.07659696594115822,,0.001
LSTM5_bb7a0ae7,LSTM5,loso_subject_S018,30,0.011860093099988431,,0.0791435050378571,,0.001
LSTM5_bb7a0ae7,LSTM5,loso_subject_S018,31,0.010641203093552265,,0.07594396049100666,,0.001
LSTM5_bb7a0ae7,LSTM5,loso_subject_S018,32,0.010192520170735792,,0.07407789076417898,,0.001
LSTM5_bb7a0ae7,LSTM5,loso_subject_S018,33,0.010920720047436366,,0.07544531127387175,,0.001
LSTM5_bb7a0ae7,LSTM5,loso_subject_S018,34,0.011477484869392564,,0.07633517430066378,,0.001
LSTM5_bb7a0ae7,LSTM5,loso_subject_S018,35,0.011216349238623335,,0.07633341615177809,,0.001
LSTM5_bb7a0ae7,LSTM5,loso_subject_S018,36,0.010795053017393846,,0.075059062475539,,0.001
LSTM5_bb7a0ae7,LSTM5,loso_subject_S018,37,0.01232217248994189,,0.07898353202698734,,0.001
LSTM5_bb7a0ae7,LSTM5,loso_subject_S018,38,0.011208248655264997,,0.07687423153963459,,0.001
LSTM5_bb7a0ae7,LSTM5,loso_subject_S018,39,0.010941600379864105,,0.07521187012622312,,0.001
LSTM5_bb7a0ae7,LSTM5,loso_subject_S018,40,0.010874207297118228,,0.07454110642887085,,0.001
LSTM5_bb7a0ae7,LSTM5,loso_subject_S018,41,0.011981437387348418,,0.07799892308380203,,0.001
LSTM5_bb7a0ae7,LSTM5,loso_subject_S018,42,0.011132187781109871,,0.07577423850766556,,0.001
LSTM5_bb7a0ae7,LSTM5,loso_subject_S018,43,0.010327649872263672,,0.07434701069954307,,0.001
LSTM5_bb7a0ae7,LSTM5,loso_subject_S018,44,0.010395789726328644,,0.07441072726309556,,0.001
LSTM5_bb7a0ae7,LSTM5,loso_subject_S018,45,0.009428633716614808,,0.07118518248606617,,0.001
LSTM5_bb7a0ae7,LSTM5,loso_subject_S018,46,0.009994735130759616,,0.07202339650183873,,0.001
LSTM5_bb7a0ae7,LSTM5,loso_subject_S018,47,0.010819355163514784,,0.07488490705895458,,0.001
LSTM5_bb7a0ae7,LSTM5,loso_subject_S018,48,0.010039260176944426,,0.07290007497051695,,0.001
LSTM5_bb7a0ae7,LSTM5,loso_subject_S018,49,0.010299802532785677,,0.07245998164288796,,0.001
LSTM5_bb7a0ae7,LSTM5,loso_subject_S018,50,0.010383566815561083,,0.0725716613329295,,0.001
LSTM5_bb7a0ae7,LSTM5,loso_subject_S018,51,0.010344575262138115,,0.07308285568160683,,0.001
LSTM5_bb7a0ae7,LSTM5,loso_subject_S018,52,0.01023384243626698,,0.07260472548102033,,0.001
LSTM5_bb7a0ae7,LSTM5,loso_subject_S018,53,0.010176280810573864,,0.07207072692972687,,0.001
LSTM5_bb7a0ae7,LSTM5,loso_subject_S018,54,0.011857436721345444,,0.07840489285705421,,0.001
LSTM5_bb7a0ae7,LSTM5,loso_subject_S018,55,0.011344605222360433,,0.07686059308830258,,0.001
LSTM5_bb7a0ae7,LSTM5,loso_subject_S018,56,0.009897582979079127,,0.07140983653333642,,0.001
LSTM5_bb7a0ae7,LSTM5,loso_subject_S018,57,0.009974938430896876,,0.07193244428425985,,0.001
LSTM5_bb7a0ae7,LSTM5,loso_subject_S018,58,0.010332272922783192,,0.07246527116601402,,0.001
LSTM5_bb7a0ae7,LSTM5,loso_subject_S018,59,0.010655586825285529,,0.07489021632130895,,0.001
LSTM5_bb7a0ae7,LSTM5,loso_subject_S018,60,0.01099905269046767,,0.0746725534883941,,0.001
LSTM5_bb7a0ae7,LSTM5,loso_subject_S018,61,0.010822436694788027,,0.07498572179286005,,0.001
LSTM5_bb7a0ae7,LSTM5,loso_subject_S018,62,0.00943056543142544,,0.07156985455554732,,0.001
LSTM5_bb7a0ae7,LSTM5,loso_subject_S018,63,0.009424082455432399,,0.06922133186968361,,0.001
LSTM5_bb7a0ae7,LSTM5,loso_subject_S018,64,0.01026550350948591,,0.07232878512383534,,0.001
LSTM5_bb7a0ae7,LSTM5,loso_subject_S018,65,0.00977466561326455,,0.07171531653344375,,0.001
LSTM5_bb7a0ae7,LSTM5,loso_subject_S018,66,0.009935922021182571,,0.07157868531504526,,0.001
LSTM5_bb7a0ae7,LSTM5,loso_subject_S018,67,0.010011149057249941,,0.0713290398825532,,0.001
LSTM5_bb7a0ae7,LSTM5,loso_subject_S018,68,0.00989724601294252,,0.0714410518225245,,0.001
LSTM5_bb7a0ae7,LSTM5,loso_subject_S018,69,0.009649071532169323,,0.07130226351780392,,0.001
LSTM5_bb7a0ae7,LSTM5,loso_subject_S018,70,0.010022421464206413,,0.07215342623431509,,0.001
LSTM5_bb7a0ae7,LSTM5,loso_subject_S018,71,0.00987961980603753,,0.0719043501736957,,0.001
LSTM5_bb7a0ae7,LSTM5,loso_subject_S018,72,0.010362725339594753,,0.0716496773823091,,0.001
LSTM5_bb7a0ae7,LSTM5,loso_subject_S018,73,0.009853352465462394,,0.0708322170111678,,0.001
LSTM5_bb7a0ae7,LSTM5,loso_subject_S018,74,0.009643951756679259,,0.06957140408638048,,0.001
LSTM5_bb7a0ae7,LSTM5,loso_subject_S018,75,0.010371582848761482,,0.07322486582154694,,0.001
LSTM5_bb7a0ae7,LSTM5,loso_subject_S018,76,0.010486067496133244,,0.07362736054994112,,0.001
LSTM5_bb7a0ae7,LSTM5,loso_subject_S018,77,0.01102643137025397,,0.07496088670735038,,0.001
LSTM5_bb7a0ae7,LSTM5,loso_subject_S018,78,0.009808292536003517,,0.07071535780576928,,0.001
LSTM5_bb7a0ae7,LSTM5,loso_subject_S018,79,0.00976860082442398,,0.06937136880764831,,0.001
LSTM5_bb7a0ae7,LSTM5,loso_subject_S018,80,0.010022913585209863,,0.0707349345173521,,0.001
LSTM5_bb7a0ae7,LSTM5,loso_subject_S019,1,0.3320618361009932,,0.41808840236175093,,0.001
LSTM5_bb7a0ae7,LSTM5,loso_subject_S019,2,0.04797384252031608,,0.1657491075319303,,0.001
LSTM5_bb7a0ae7,LSTM5,loso_subject_S019,3,0.031716280634878746,,0.13440385796347556,,0.001
LSTM5_bb7a0ae7,LSTM5,loso_subject_S019,4,0.027445203162300914,,0.12463017436826218,,0.001
LSTM5_bb7a0ae7,LSTM5,loso_subject_S019,5,0.023522644243256133,,0.1154571949367011,,0.001
LSTM5_bb7a0ae7,LSTM5,loso_subject_S019,6,0.019809121435703625,,0.10620750461625628,,0.001
LSTM5_bb7a0ae7,LSTM5,loso_subject_S019,7,0.02027784389976576,,0.10819238411917911,,0.001
LSTM5_bb7a0ae7,LSTM5,loso_subject_S019,8,0.019004150949333696,,0.10344580613207399,,0.001
LSTM5_bb7a0ae7,LSTM5,loso_subject_S019,9,0.015879730736706652,,0.09488820770303077,,0.001
LSTM5_bb7a0ae7,LSTM5,loso_subject_S019,10,0.015238998044441576,,0.09329685342471465,,0.001
LSTM5_bb7a0ae7,LSTM5,loso_subject_S019,11,0.01603552398910226,,0.09526489446872416,,0.001
LSTM5_bb7a0ae7,LSTM5,loso_subject_S019,12,0.014929949086378468,,0.09079064853734771,,0.001
LSTM5_bb7a0ae7,LSTM5,loso_subject_S019,13,0.0146882718451328,,0.09128410052238665,,0.001
LSTM5_bb7a0ae7,LSTM5,loso_subject_S019,14,0.013859494733453603,,0.08671775043570251,,0.001
LSTM5_bb7a0ae7,LSTM5,loso_subject_S019,15,0.013662561206115543,,0.0870002252289096,,0.001
LSTM5_bb7a0ae7,LSTM5,loso_subject_S019,16,0.013960304350278889,,0.08825757165997533,,0.001
LSTM5_bb7a0ae7,LSTM5,loso_subject_S019,17,0.013526626203579513,,0.0862790896603422,,0.001
LSTM5_bb7a0ae7,LSTM5,loso_subject_S019,18,0.014180272079777189,,0.08806235199893354,,0.001
LSTM5_bb7a0ae7,LSTM5,loso_subject_S019,19,0.01441636492941665,,0.08821572045769534,,0.001
LSTM5_bb7a0ae7,LSTM5,loso_subject_S019,20,0.012614522483022113,,0.08311467681730222,,0.001
LSTM5_bb7a0ae7,LSTM5,loso_subject_S019,21,0.013797726116675475,,0.0863259240260268,,0.001
LSTM5_bb7a0ae7,LSTM5,loso_subject_S019,22,0.01243093432517474,,0.0823016351403622,,0.001
LSTM5_bb7a0ae7,LSTM5,loso_subject_S019,23,0.012662791444929463,,0.08266822612626841,,0.001
LSTM5_bb7a0ae7,LSTM5,loso_subject_S019,24,0.012549281118007101,,0.08291762904428857,,0.001
LSTM5_bb7a0ae7,LSTM5,loso_subject_S019,25,0.012204365268184537,,0.08101451022463896,,0.001
LSTM5_bb7a0ae7,LSTM5,loso_subject_S019,26,0.012524425004236,,0.07969476057863778,,0.001
LSTM5_bb7a0ae7,LSTM5,loso_subject_S019,27,0.011730201265331221,,0.07995824644008978,,0.001
LSTM5_bb7a0ae7,LSTM5,loso_subject_S019,28,0.012386251643423888,,0.08151804439771648,,0.001
LSTM5_bb7a0ae7,LSTM5,loso_subject_S019,29,0.012017499322399025,,0.0788000732999686,,0.001
LSTM5_bb7a0ae7,LSTM5,loso_subject_S019,30,0.011133643112005766,,0.0772233467403468,,0.001
LSTM5_bb7a0ae7,LSTM5,loso_subject_S019,31,0.011836972526481295,,0.07944000341518727,,0.001
LSTM5_bb7a0ae7,LSTM5,loso_subject_S019,32,0.010844889095195829,,0.07601492969842645,,0.001
LSTM5_bb7a0ae7,LSTM5,loso_subject_S019,33,0.01176346654158972,,0.07927580108070931,,0.001
LSTM5_bb7a0ae7,LSTM5,loso_subject_S019,34,0.011735357365362568,,0.07741824205002809,,0.001
LSTM5_bb7a0ae7,LSTM5,loso_subject_S019,35,0.01151386749976257,,0.07702442809650442,,0.001
LSTM5_bb7a0ae7,LSTM5,loso_subject_S019,36,0.0113168234239476,,0.07685382380765121,,0.001
LSTM5_bb7a0ae7,LSTM5,loso_subject_S019,37,0.01071722511684814,,0.07536589352671423,,0.001
LSTM5_bb7a0ae7,LSTM5,loso_subject_S019,38,0.011476293530414915,,0.0782007926535555,,0.001
LSTM5_bb7a0ae7,LSTM5,loso_subject_S019,39,0.012557898731784716,,0.07979901557373759,,0.001
LSTM5_bb7a0ae7,LSTM5,loso_subject_S019,40,0.010301908218723493,,0.07406491696577727,,0.001
LSTM5_bb7a0ae7,LSTM5,loso_subject_S019,41,0.010863854063668502,,0.07497925849539128,,0.001
LSTM5_bb7a0ae7,LSTM5,loso_subject_S019,42,0.010358242734248508,,0.07298375653528955,,0.001
LSTM5_bb7a0ae7,LSTM5,loso_subject_S019,43,0.010702028343148436,,0.07537708332645743,,0.001
LSTM5_bb7a0ae7,LSTM5,loso_subject_S019,44,0.010803322639991666,,0.07405373750145013,,0.001
LSTM5_bb7a0ae7,LSTM5,loso_subject_S019,45,0.01116778556270099,,0.0765186770649718,,0.001
LSTM5_bb7a0ae7,LSTM5,loso_subject_S019,46,0.011104124694949124,,0.07561883615962209,,0.001
LSTM5_bb7a0ae7,LSTM5,loso_subject_S019,47,0.010738596842713395,,0.07392936437248854,,0.001
LSTM5_bb7a0ae7,LSTM5,loso_subject_S019,48,0.010637421799017012,,0.07494816470004918,,0.001
LSTM5_bb7a0ae7,LSTM5,loso_subject_S019,49,0.009892691148799882,,0.07185708843779293,,0.001
LSTM5_bb7a0ae7,LSTM5,loso_subject_S019,50,0.010547887488612582,,0.07293029629421,,0.001
LSTM5_bb7a0ae7,LSTM5,loso_subject_S019,51,0.011380742184207803,,0.07644307080205678,,0.001
LSTM5_bb7a0ae7,LSTM5,loso_subject_S019,52,0.010789313636234024,,0.07453770665168102,,0.001
LSTM5_bb7a0ae7,LSTM5,loso_subject_S019,53,0.00972865163195258,,0.07127698650540627,,0.001
LSTM5_bb7a0ae7,LSTM5,loso_subject_S019,54,0.010341132221076719,,0.07341487602743232,,0.001
LSTM5_bb7a0ae7,LSTM5,loso_subject_S019,55,0.011182773360972792,,0.07580761632329686,,0.001
LSTM5_bb7a0ae7,LSTM5,loso_subject_S019,56,0.010220970461995244,,0.07255169566492552,,0.001
LSTM5_bb7a0ae7,LSTM5,loso_subject_S019,57,0.010413625984455244,,0.07375845373612472,,0.001
LSTM5_bb7a0ae7,LSTM5,loso_subject_S019,58,0.009433708203828639,,0.06977028012615089,,0.001
LSTM5_bb7a0ae7,LSTM5,loso_subject_S019,59,0.010156569209278878,,0.07253591441565127,,0.001
LSTM5_bb7a0ae7,LSTM5,loso_subject_S019,60,0.009699035201292793,,0.07096362946610628,,0.001
LSTM5_bb7a0ae7,LSTM5,loso_subject_S019,61,0.010875149596185548,,0.07494323630036116,,0.001
LSTM5_bb7a0ae7,LSTM5,loso_subject_S019,62,0.010130585258996882,,0.07340341249624742,,0.001
LSTM5_bb7a0ae7,LSTM5,loso_subject_S019,63,0.01060044710063162,,0.07338823141199363,,0.001
LSTM5_bb7a0ae7,LSTM5,loso_subject_S019,64,0.009840722549528976,,0.07143543210945778,,0.001
LSTM5_bb7a0ae7,LSTM5,loso_subject_S019,65,0.009737526344937448,,0.07102869601479381,,0.001
LSTM5_bb7a0ae7,LSTM5,loso_subject_S019,66,0.01034181674660885,,0.0724908006937917,,0.001
LSTM5_bb7a0ae7,LSTM5,loso_subject_S019,67,0.010186239999050212,,0.07269959523241935,,0.001
LSTM5_bb7a0ae7,LSTM5,loso_subject_S019,68,0.010634793931771403,,0.07412360650543141,,0.001
LSTM5_bb7a0ae7,LSTM5,loso_subject_S019,69,0.01093793030003835,,0.07604367146082165,,0.001
LSTM5_bb7a0ae7,LSTM5,loso_subject_S019,70,0.010194112958369915,,0.0714179539302563,,0.001
LSTM5_bb7a0ae7,LSTM5,loso_subject_S019,71,0.01058672221160212,,0.0732380815467199,,0.001
LSTM5_bb7a0ae7,LSTM5,loso_subject_S019,72,0.00939270245755781,,0.06988915047505409,,0.001
LSTM5_bb7a0ae7,LSTM5,loso_subject_S019,73,0.010815337289264612,,0.07360916625434305,,0.001
LSTM5_bb7a0ae7,LSTM5,loso_subject_S019,74,0.010526748971624323,,0.07419786447582886,,0.001
LSTM5_bb7a0ae7,LSTM5,loso_subject_S019,75,0.009361066946787911,,0.07021571324078184,,0.001
LSTM5_bb7a0ae7,LSTM5,loso_subject_S019,76,0.010866933467858992,,0.07512935916481843,,0.001
LSTM5_bb7a0ae7,LSTM5,loso_subject_S019,77,0.0100436447974823,,0.07215598868375266,,0.001
LSTM5_bb7a0ae7,LSTM5,loso_subject_S019,78,0.009566197662263715,,0.07010905119447423,,0.001
LSTM5_bb7a0ae7,LSTM5,loso_subject_S019,79,0.009486361928158042,,0.06990586868356873,,0.001
LSTM5_bb7a0ae7,LSTM5,loso_subject_S019,80,0.00945866420101426,,0.06992280727241472,,0.001
