model_id,architecture_id,fold_id,epoch,train_loss,val_loss,train_mae,val_mae,lr
LSTM5_8d7e734e,LSTM5,loso_subject_S001,1,0.3344831335590736,,0.4243331534334277,,0.001
LSTM5_8d7e734e,LSTM5,loso_subject_S001,2,0.052042744685454764,,0.1730922227497964,,0.001
LSTM5_8d7e734e,LSTM5,loso_subject_S001,3,0.03288018243845515,,0.13735803889422418,,0.001
LSTM5_8d7e734e,LSTM5,loso_subject_S001,4,0.02514987578532343,,0.1199974479234737,,0.001
LSTM5_8d7e734e,LSTM5,loso_subject_S001,5,0.021619577882694942,,0.1124994378623471,,0.001
LSTM5_8d7e734e,LSTM5,loso_subject_S001,6,0.02076899427909486,,0.10860665675037456,,0.001
LSTM5_8d7e734e,LSTM5,loso_subject_S001,7,0.017713633069170592,,0.10080286350152264,,0.001
LSTM5_8d7e734e,LSTM5,loso_subject_S001,8,0.016704311128428396,,0.09779758392397743,,0.001
LSTM5_8d7e734e,LSTM5,loso_subject_S001,9,0.016494157736840313,,0.09756322251660544,,0.001
LSTM5_8d7e734e,LSTM5,loso_subject_S001,10,0.01704750942125109,,0.09592624841576321,,0.001
LSTM5_8d7e734e,LSTM5,loso_subject_S001,11,0.015576960379174595,,0.09263793632893991,,0.001
LSTM5_8d7e734e,LSTM5,loso_subject_S001,12,0.01471504232135644,,0.09053106833650926,,0.001
LSTM5_8d7e734e,LSTM5,loso_subject_S001,13,0.014012398461724158,,0.08816079395540843,,0.001
LSTM5_8d7e734e,LSTM5,loso_subject_S001,14,0.013484227007333724,,0.08555760632639062,,0.001
LSTM5_8d7e734e,LSTM5,loso_subject_S001,15,0.013207440331085691,,0.08544822409083404,,0.001
LSTM5_8d7e734e,LSTM5,loso_subject_S001,16,0.012716404070823657,,0.08421591863684032,,0.001
LSTM5_8d7e734e,LSTM5,loso_subject_S001,17,0.013470938042618286,,0.08530858062771263,,0.001
LSTM5_8d7e734e,LSTM5,loso_subject_S001,18,0.012216658728056325,,0.08217622667657541,,0.001
LSTM5_8d7e734e,LSTM5,loso_subject_S001,19,0.01187524811030233,,0.08162448102604995,,0.001
LSTM5_8d7e734e,LSTM5,loso_subject_S001,20,0.011622670991318506,,0.08047099948426384,,0.001
LSTM5_8d7e734e,LSTM5,loso_subject_S001,21,0.012474006364158642,,0.08276826555509521,,0.001
LSTM5_8d7e734e,LSTM5,loso_subject_S001,22,0.011961731850599483,,0.08006731901337803,,0.001
LSTM5_8d7e734e,LSTM5,loso_subject_S001,23,0.01262842592555295,,0.08198206724422613,,0.001
LSTM5_8d7e734e,LSTM5,loso_subject_S001,24,0.012121755555449603,,0.08038068475327086,,0.001
LSTM5_8d7e734e,LSTM5,loso_subject_S001,25,0.011365086358859291,,0.07774003591563745,,0.001
LSTM5_8d7e734e,LSTM5,loso_subject_S001,26,0.012280649117273437,,0.07996199894618818,,0.001
LSTM5_8d7e734e,LSTM5,loso_subject_S001,27,0.01161435348890886,,0.07827826442908076,,0.001
LSTM5_8d7e734e,LSTM5,loso_subject_S001,28,0.010983720133075532,,0.0770576810658404,,0.001
LSTM5_8d7e734e,LSTM5,loso_subject_S001,29,0.012194083892075238,,0.07986835839405451,,0.001
LSTM5_8d7e734e,LSTM5,loso_subject_S001,30,0.011575075347606645,,0.07758053588753587,,0.001
LSTM5_8d7e734e,LSTM5,loso_subject_S001,31,0.011667814151788304,,0.07811075989478682,,0.001
LSTM5_8d7e734e,LSTM5,loso_subject_S001,32,0.011108010764355246,,0.07745775215420928,,0.001
LSTM5_8d7e734e,LSTM5,loso_subject_S001,33,0.010578409594468697,,0.07597335015089118,,0.001
LSTM5_8d7e734e,LSTM5,loso_subject_S001,34,0.010745552316321334,,0.07599977283622623,,0.001
LSTM5_8d7e734e,LSTM5,loso_subject_S001,35,0.010567892502001562,,0.07657348973418077,,0.001
LSTM5_8d7e734e,LSTM5,loso_subject_S001,36,0.01064870566542373,,0.0755179724952804,,0.001
LSTM5_8d7e734e,LSTM5,loso_subject_S001,37,0.010630443065686283,,0.07547789809203631,,0.001
LSTM5_8d7e734e,LSTM5,loso_subject_S001,38,0.011312862669027335,,0.07722146048068006,,0.001
LSTM5_8d7e734e,LSTM5,loso_subject_S001,39,0.011058038711312664,,0.07577302216809019,,0.001
LSTM5_8d7e734e,LSTM5,loso_subject_S001,40,0.01060551247144026,,0.0750855956228806,,0.001
LSTM5_8d7e734e,LSTM5,loso_subject_S001,41,0.010902033224890476,,0.07538822367166109,,0.001
LSTM5_8d7e734e,LSTM5,loso_subject_S001,42,0.010009368145511113,,0.0733164555308292,,0.001
LSTM5_8d7e734e,LSTM5,loso_subject_S001,43,0.01076481341117546,,0.07494020431861059,,0.001
LSTM5_8d7e734e,LSTM5,loso_subject_S001,44,0.011285426878903401,,0.07782209701858296,,0.001
LSTM5_8d7e734e,LSTM5,loso_subject_S001,45,0.010746175613800122,,0.07562352076146203,,0.001
LSTM5_8d7e734e,LSTM5,loso_subject_S001,46,0.01087103240073233,,0.07604327019328444,,0.001
LSTM5_8d7e734e,LSTM5,loso_subject_S001,47,0.010169519164486876,,0.0734168112637423,,0.001
LSTM5_8d7e734e,LSTM5,loso_subject_S001,48,0.010836402287661247,,0.07316690508970694,,0.001
LSTM5_8d7e734e,LSTM5,loso_subject_S001,49,0.01030935646279395,,0.07303476275486773,,0.001
LSTM5_8d7e734e,LSTM5,loso_subject_S001,50,0.010501658601631998,,0.07391821471902144,,0.001
LSTM5_8d7e734e,LSTM5,loso_subject_S001,51,0.01097595154048743,,0.07525329776396703,,0.001
LSTM5_8d7e734e,LSTM5,loso_subject_S001,52,0.010256246640887767,,0.0732214082123411,,0.001
LSTM5_8d7e734e,LSTM5,loso_subject_S001,53,0.010317558305090634,,0.0733647510773231,,0.001
LSTM5_8d7e734e,LSTM5,loso_subject_S001,54,0.010364610453298789,,0.07285821277641555,,0.001
LSTM5_8d7e734e,LSTM5,loso_subject_S001,55,0.011598293532513662,,0.07579105143269448,,0.001
LSTM5_8d7e734e,LSTM5,loso_subject_S001,56,0.011223596148525696,,0.07593553350431852,,0.001
LSTM5_8d7e734e,LSTM5,loso_subject_S001,57,0.010364288415375957,,0.07376185360854406,,0.001
LSTM5_8d7e734e,LSTM5,loso_subject_S001,58,0.009629888171601892,,0.07078609336001167,,0.001
LSTM5_8d7e734e,LSTM5,loso_subject_S001,59,0.009851236645733586,,0.07123968407662587,,0.001
LSTM5_8d7e734e,LSTM5,loso_subject_S001,60,0.009621708222319322,,0.07163400960028916,,0.001
LSTM5_8d7e734e,LSTM5,loso_subject_S001,61,0.009758896009132328,,0.07141538005834751,,0.001
LSTM5_8d7e734e,LSTM5,loso_subject_S001,62,0.009481534214292061,,0.07067884595320294,,0.001
LSTM5_8d7e734e,LSTM5,loso_subject_S001,63,0.010748353417343757,,0.07469055899255257,,0.001
LSTM5_8d7e734e,LSTM5,loso_subject_S001,64,0.00966921748738778,,0.07129332900242552,,0.001
LSTM5_8d7e734e,LSTM5,loso_subject_S001,65,0.01083591314362159,,0.07357317450422485,,0.001
LSTM5_8d7e734e,LSTM5,loso_subject_S001,66,0.010081909443825891,,0.07207488283257601,,0.001
LSTM5_8d7e734e,LSTM5,loso_subject_S001,67,0.009443069683657454,,0.07044537915022264,,0.001
LSTM5_8d7e734e,LSTM5,loso_subject_S001,68,0.011458086827242921,,0.07782864721493042,,0.001
LSTM5_8d7e734e,LSTM5,loso_subject_S001,69,0.00989830009544966,,0.07218766272369774,,0.001
LSTM5_8d7e734e,LSTM5,loso_subject_S001,70,0.010077891351589673,,0.07192761515793593,,0.001
LSTM5_8d7e734e,LSTM5,loso_subject_S001,71,0.01049865674373914,,0.07327937464794991,,0.001
LSTM5_8d7e734e,LSTM5,loso_subject_S001,72,0.010103302265053139,,0.07156759700635276,,0.001
LSTM5_8d7e734e,LSTM5,loso_subject_S001,73,0.01007202623035934,,0.07158157477480376,,0.001
LSTM5_8d7e734e,LSTM5,loso_subject_S001,74,0.010557402876062078,,0.07351711589871879,,0.001
LSTM5_8d7e734e,LSTM5,loso_subject_S001,75,0.009242799922384592,,0.0695439805945092,,0.001
LSTM5_8d7e734e,LSTM5,loso_subject_S001,76,0.009523397093575543,,0.06883343024719607,,0.001
LSTM5_8d7e734e,LSTM5,loso_subject_S001,77,0.010460851573678728,,0.07276548679969082,,0.001
LSTM5_8d7e734e,LSTM5,loso_subject_S001,78,0.010054843972851436,,0.07250196713912054,,0.001
LSTM5_8d7e734e,LSTM5,loso_subject_S001,79,0.010470156980530892,,0.07246658715856011,,0.001
LSTM5_8d7e734e,LSTM5,loso_subject_S001,80,0.009793784588624175,,0.07041403825631662,,0.001
LSTM5_8d7e734e,LSTM5,loso_subject_S002,1,0.3019334579591944,,0.4006319420209104,,0.001
LSTM5_8d7e734e,LSTM5,loso_subject_S002,2,0.04341625307816554,,0.1570128750270025,,0.001
LSTM5_8d7e734e,LSTM5,loso_subject_S002,3,0.03137339345874988,,0.13384280297009915,,0.001
LSTM5_8d7e734e,LSTM5,loso_subject_S002,4,0.02586093310437057,,0.12044026640627058,,0.001
LSTM5_8d7e734e,LSTM5,loso_subject_S002,5,0.023992017819901006,,0.11591848484726332,,0.001
LSTM5_8d7e734e,LSTM5,loso_subject_S002,6,0.02104561759327109,,0.10807781413214987,,0.001
LSTM5_8d7e734e,LSTM5,loso_subject_S002,7,0.018739296660560935,,0.103092158691475,,0.001
LSTM5_8d7e734e,LSTM5,loso_subject_S002,8,0.01851586941826176,,0.09981647459626337,,0.001
LSTM5_8d7e734e,LSTM5,loso_subject_S002,9,0.017431398236781255,,0.1001573284129325,,0.001
LSTM5_8d7e734e,LSTM5,loso_subject_S002,10,0.016133798471928203,,0.09442127403417758,,0.001
LSTM5_8d7e734e,LSTM5,loso_subject_S002,11,0.014772730954821196,,0.09025351451611603,,0.001
LSTM5_8d7e734e,LSTM5,loso_subject_S002,12,0.01475274340104386,,0.0899335403881906,,0.001
LSTM5_8d7e734e,LSTM5,loso_subject_S002,13,0.014846064497532207,,0.09014846676259639,,0.001
LSTM5_8d7e734e,LSTM5,loso_subject_S002,14,0.013566492229114872,,0.08655840359357429,,0.001
LSTM5_8d7e734e,LSTM5,loso_subject_S002,15,0.014274342641767206,,0.08819084816283665,,0.001
LSTM5_8d7e734e,LSTM5,loso_subject_S002,16,0.012622386722630032,,0.0829918223661387,,0.001
LSTM5_8d7e734e,LSTM5,loso_subject_S002,17,0.013676067218097126,,0.08605001503459733,,0.001
LSTM5_8d7e734e,LSTM5,loso_subject_S002,18,0.013185526197939971,,0.08534758690862555,,0.001
LSTM5_8d7e734e,LSTM5,loso_subject_S002,19,0.01250023976872388,,0.0825684069713702,,0.001
LSTM5_8d7e734e,LSTM5,loso_subject_S002,20,0.013262262030702264,,0.08421278333538162,,0.001
LSTM5_8d7e734e,LSTM5,loso_subject_S002,21,0.01225841609741466,,0.08074377855375531,,0.001
LSTM5_8d7e734e,LSTM5,loso_subject_S002,22,0.012899954411324554,,0.08306589666732171,,0.001
LSTM5_8d7e734e,LSTM5,loso_subject_S002,23,0.011791312189255202,,0.07991351814370641,,0.001
LSTM5_8d7e734e,LSTM5,loso_subject_S002,24,0.011898869490261864,,0.07928709946965835,,0.001
LSTM5_8d7e734e,LSTM5,loso_subject_S002,25,0.011358192820508133,,0.07785044583423197,,0.001
LSTM5_8d7e734e,LSTM5,loso_subject_S002,26,0.011976348548463751,,0.08064988973481714,,0.001
LSTM5_8d7e734e,LSTM5,loso_subject_S002,27,0.011994585322799185,,0.0797954771016994,,0.001
LSTM5_8d7e734e,LSTM5,loso_subject_S002,28,0.011580832127879121,,0.07964062427824575,,0.001
LSTM5_8d7e734e,LSTM5,loso_subject_S002,29,0.011006793761702313,,0.07722477451980043,,0.001
LSTM5_8d7e734e,LSTM5,loso_subject_S002,30,0.010638417055937358,,0.07529074965090712,,0.001
LSTM5_8d7e734e,LSTM5,loso_subject_S002,31,0.010440124038296805,,0.07443008544786035,,0.001
LSTM5_8d7e734e,LSTM5,loso_subject_S002,32,0.011366102217771942,,0.0774582739731631,,0.001
LSTM5_8d7e734e,LSTM5,loso_subject_S002,33,0.011695163165069548,,0.07835004402702327,,0.001
LSTM5_8d7e734e,LSTM5,loso_subject_S002,34,0.013592395544977988,,0.08302132645567305,,0.001
LSTM5_8d7e734e,LSTM5,loso_subject_S002,35,0.012216151472517362,,0.08092661249993974,,0.001
LSTM5_8d7e734e,LSTM5,loso_subject_S002,36,0.011175556398779677,,0.07727640322196665,,0.001
LSTM5_8d7e734e,LSTM5,loso_subject_S002,37,0.01074346598316364,,0.0751814758983754,,0.001
LSTM5_8d7e734e,LSTM5,loso_subject_S002,38,0.011558548740579683,,0.07883478334263089,,0.001
LSTM5_8d7e734e,LSTM5,loso_subject_S002,39,0.011052168510496127,,0.0763101304891101,,0.001
LSTM5_8d7e734e,LSTM5,loso_subject_S002,40,0.011040360202787909,,0.07499169747826642,,0.001
LSTM5_8d7e734e,LSTM5,loso_subject_S002,41,0.010831719791737209,,0.07447994848907623,,0.001
LSTM5_8d7e734e,LSTM5,loso_subject_S002,42,0.010894086234848008,,0.07554930189989097,,0.001
LSTM5_8d7e734e,LSTM5,loso_subject_S002,43,0.010345500211503274,,0.07399976415535629,,0.001
LSTM5_8d7e734e,LSTM5,loso_subject_S002,44,0.010630446335503882,,0.07421487960680569,,0.001
LSTM5_8d7e734e,LSTM5,loso_subject_S002,45,0.010149803419858392,,0.07281692485911345,,0.001
LSTM5_8d7e734e,LSTM5,loso_subject_S002,46,0.010746880404974344,,0.07527613778711065,,0.001
LSTM5_8d7e734e,LSTM5,loso_subject_S002,47,0.01023015511251663,,0.07431039011492399,,0.001
LSTM5_8d7e734e,LSTM5,loso_subject_S002,48,0.010603743498317312,,0.07416094980199339,,0.001
LSTM5_8d7e734e,LSTM5,loso_subject_S002,49,0.009819913884801714,,0.07124033731878991,,0.001
LSTM5_8d7e734e,LSTM5,loso_subject_S002,50,0.010352146502798216,,0.07293404069273861,,0.001
LSTM5_8d7e734e,LSTM5,loso_subject_S002,51,0.011340827403801896,,0.07554149289221306,,0.001
LSTM5_8d7e734e,LSTM5,loso_subject_S002,52,0.01112818336201633,,0.07526120315507875,,0.001
LSTM5_8d7e734e,LSTM5,loso_subject_S002,53,0.010519692862072275,,0.07371962969251422,,0.001
LSTM5_8d7e734e,LSTM5,loso_subject_S002,54,0.009411451019726668,,0.06981187388912315,,0.001
LSTM5_8d7e734e,LSTM5,loso_subject_S002,55,0.010232936672796468,,0.07318831584552807,,0.001
LSTM5_8d7e734e,LSTM5,loso_subject_S002,56,0.010430980854802017,,0.07254592364201931,,0.001
LSTM5_8d7e734e,LSTM5,loso_subject_S002,57,0.010187355359275972,,0.07228019347923162,,0.001
LSTM5_8d7e734e,LSTM5,loso_subject_S002,58,0.010546299728269034,,0.07372091586536707,,0.001
LSTM5_8d7e734e,LSTM5,loso_subject_S002,59,0.010395317862480704,,0.07352234676462824,,0.001
LSTM5_8d7e734e,LSTM5,loso_subject_S002,60,0.009685356699471806,,0.07169388526349665,,0.001
LSTM5_8d7e734e,LSTM5,loso_subject_S002,61,0.009983993385419476,,0.07202026185962827,,0.001
LSTM5_8d7e734e,LSTM5,loso_subject_S002,62,0.010907896887729378,,0.07506029794794035,,0.001
LSTM5_8d7e734e,LSTM5,loso_subject_S002,63,0.010340369565266098,,0.0722533587327037,,0.001
LSTM5_8d7e734e,LSTM5,loso_subject_S002,64,0.010723736107126665,,0.07430606366845954,,0.001
LSTM5_8d7e734e,LSTM5,loso_subject_S002,65,0.010240755892268099,,0.07325283568985716,,0.001
LSTM5_8d7e734e,LSTM5,loso_subject_S002,66,0.009829580229199365,,0.07057959394221569,,0.001
LSTM5_8d7e734e,LSTM5,loso_subject_S002,67,0.009909488004168271,,0.07130842744552936,,0.001
LSTM5_8d7e734e,LSTM5,loso_subject_S002,68,0.009888893658249418,,0.07161953545678822,,0.001
LSTM5_8d7e734e,LSTM5,loso_subject_S002,69,0.010497731474366865,,0.07312396928615615,,0.001
LSTM5_8d7e734e,LSTM5,loso_subject_S002,70,0.010531077901685363,,0.07437585241839308,,0.001
LSTM5_8d7e734e,LSTM5,loso_subject_S002,71,0.009708793404766502,,0.07079265855366292,,0.001
LSTM5_8d7e734e,LSTM5,loso_subject_S002,72,0.01037143319375717,,0.07300419211911707,,0.001
LSTM5_8d7e734e,LSTM5,loso_subject_S002,73,0.010414317759039953,,0.07295530516510133,,0.001
LSTM5_8d7e734e,LSTM5,loso_subject_S002,74,0.011203309702321206,,0.0748097404645448,,0.001
LSTM5_8d7e734e,LSTM5,loso_subject_S002,75,0.009386735393994369,,0.06956316887948047,,0.001
LSTM5_8d7e734e,LSTM5,loso_subject_S002,76,0.010097107595621073,,0.07137016563349843,,0.001
LSTM5_8d7e734e,LSTM5,loso_subject_S002,77,0.009402307938317062,,0.07053768991166234,,0.001
LSTM5_8d7e734e,LSTM5,loso_subject_S002,78,0.009826411014905358,,0.07024309796839079,,0.001
LSTM5_8d7e734e,LSTM5,loso_subject_S002,79,0.009994974364510193,,0.07202435349925461,,0.001
LSTM5_8d7e734e,LSTM5,loso_subject_S002,80,0.010325485830613415,,0.07348483939767583,,0.001
LSTM5_8d7e734e,LSTM5,loso_subject_S003,1,0.31605415143897936,,0.40444857678029894,,0.001
LSTM5_8d7e734e,LSTM5,loso_subject_S003,2,0.04397725267491229,,0.15876080200234385,,0.001
LSTM5_8d7e734e,LSTM5,loso_subject_S003,3,0.02800541766813203,,0.12951059572070792,,0.001
LSTM5_8d7e734e,LSTM5,loso_subject_S003,4,0.024621788499387877,,0.11969670611963648,,0.001
LSTM5_8d7e734e,LSTM5,loso_subject_S003,5,0.02281591820845745,,0.11332380124035663,,0.001
LSTM5_8d7e734e,LSTM5,loso_subject_S003,6,0.019397233544717427,,0.10646321335538927,,0.001
LSTM5_8d7e734e,LSTM5,loso_subject_S003,7,0.01780998217046532,,0.1006220398456627,,0.001
LSTM5_8d7e734e,LSTM5,loso_subject_S003,8,0.017416059378992443,,0.09956320632978347,,0.001
LSTM5_8d7e734e,LSTM5,loso_subject_S003,9,0.017086488417348344,,0.09851831675299383,,0.001
LSTM5_8d7e734e,LSTM5,loso_subject_S003,10,0.015326236798929698,,0.09358852652886569,,0.001
LSTM5_8d7e734e,LSTM5,loso_subject_S003,11,0.014548906958654908,,0.0895522747443189,,0.001
LSTM5_8d7e734e,LSTM5,loso_subject_S003,12,0.015296569302372848,,0.09183061284342377,,0.001
LSTM5_8d7e734e,LSTM5,loso_subject_S003,13,0.01443257427919933,,0.08895019823755951,,0.001
LSTM5_8d7e734e,LSTM5,loso_subject_S003,14,0.013537672890155197,,0.08601344860016123,,0.001
LSTM5_8d7e734e,LSTM5,loso_subject_S003,15,0.013823332815616192,,0.0858437447880758,,0.001
LSTM5_8d7e734e,LSTM5,loso_subject_S003,16,0.012754294177310962,,0.08461631287754215,,0.001
LSTM5_8d7e734e,LSTM5,loso_subject_S003,17,0.013426980485628064,,0.0859761214491449,,0.001
LSTM5_8d7e734e,LSTM5,loso_subject_S003,18,0.01303343517148983,,0.08371681531662283,,0.001
LSTM5_8d7e734e,LSTM5,loso_subject_S003,19,0.012324273950322807,,0.08283601554283061,,0.001
LSTM5_8d7e734e,LSTM5,loso_subject_S003,20,0.01282039744686194,,0.08389543249004708,,0.001
LSTM5_8d7e734e,LSTM5,loso_subject_S003,21,0.01213108534996761,,0.08034111513036879,,0.001
LSTM5_8d7e734e,LSTM5,loso_subject_S003,22,0.01263368091714174,,0.08211117540351899,,0.001
LSTM5_8d7e734e,LSTM5,loso_subject_S003,23,0.011873900127485508,,0.07975398596257469,,0.001
LSTM5_8d7e734e,LSTM5,loso_subject_S003,24,0.012339079316722424,,0.08053352674963984,,0.001
LSTM5_8d7e734e,LSTM5,loso_subject_S003,25,0.011360703562478194,,0.07886287120251445,,0.001
LSTM5_8d7e734e,LSTM5,loso_subject_S003,26,0.011417217526375706,,0.07868174102061254,,0.001
LSTM5_8d7e734e,LSTM5,loso_subject_S003,27,0.010988146953047317,,0.07648733521448463,,0.001
LSTM5_8d7e734e,LSTM5,loso_subject_S003,28,0.011825925999282887,,0.0794203957392974,,0.001
LSTM5_8d7e734e,LSTM5,loso_subject_S003,29,0.011108876713615176,,0.07705709508680972,,0.001
LSTM5_8d7e734e,LSTM5,loso_subject_S003,30,0.011286004254529436,,0.07749808265831835,,0.001
LSTM5_8d7e734e,LSTM5,loso_subject_S003,31,0.011364820086268625,,0.07768442491479274,,0.001
LSTM5_8d7e734e,LSTM5,loso_subject_S003,32,0.010768182270726323,,0.07569896592808059,,0.001
LSTM5_8d7e734e,LSTM5,loso_subject_S003,33,0.01112655384723261,,0.07651574821727229,,0.001
LSTM5_8d7e734e,LSTM5,loso_subject_S003,34,0.011487326036420777,,0.07772150782469733,,0.001
LSTM5_8d7e734e,LSTM5,loso_subject_S003,35,0.010894299162854193,,0.07538951216364485,,0.001
LSTM5_8d7e734e,LSTM5,loso_subject_S003,36,0.009904842353701501,,0.07231541443983593,,0.001
LSTM5_8d7e734e,LSTM5,loso_subject_S003,37,0.010395516727645408,,0.07338619511659301,,0.001
LSTM5_8d7e734e,LSTM5,loso_subject_S003,38,0.010952851908600836,,0.07461863895242239,,0.001
LSTM5_8d7e734e,LSTM5,loso_subject_S003,39,0.010535235792308006,,0.07467282926819212,,0.001
LSTM5_8d7e734e,LSTM5,loso_subject_S003,40,0.010579817688123681,,0.07448680738894459,,0.001
LSTM5_8d7e734e,LSTM5,loso_subject_S003,41,0.01181408470278897,,0.07750603202758682,,0.001
LSTM5_8d7e734e,LSTM5,loso_subject_S003,42,0.011131326972375509,,0.0755827027032426,,0.001
LSTM5_8d7e734e,LSTM5,loso_subject_S003,43,0.011452196380589865,,0.07749308863589724,,0.001
LSTM5_8d7e734e,LSTM5,loso_subject_S003,44,0.011684228197780292,,0.07824487076091477,,0.001
LSTM5_8d7e734e,LSTM5,loso_subject_S003,45,0.010087229119831405,,0.07397516520866312,,0.001
LSTM5_8d7e734e,LSTM5,loso_subject_S003,46,0.010294189627037832,,0.07240213261004283,,0.001
LSTM5_8d7e734e,LSTM5,loso_subject_S003,47,0.01073999422629207,,0.07451674006144447,,0.001
LSTM5_8d7e734e,LSTM5,loso_subject_S003,48,0.009897203861463007,,0.07148204983886168,,0.001
LSTM5_8d7e734e,LSTM5,loso_subject_S003,49,0.010357561487879757,,0.07319161274409619,,0.001
LSTM5_8d7e734e,LSTM5,loso_subject_S003,50,0.009739972390969354,,0.07023353163542986,,0.001
LSTM5_8d7e734e,LSTM5,loso_subject_S003,51,0.010200180927056915,,0.07208208380908633,,0.001
LSTM5_8d7e734e,LSTM5,loso_subject_S003,52,0.010148141263490925,,0.0735106138995819,,0.001
LSTM5_8d7e734e,LSTM5,loso_subject_S003,53,0.011019073731417178,,0.07556815469843846,,0.001
LSTM5_8d7e734e,LSTM5,loso_subject_S003,54,0.010495168000617953,,0.07425523502738053,,0.001
LSTM5_8d7e734e,LSTM5,loso_subject_S003,55,0.01056381549222652,,0.07443761569370087,,0.001
LSTM5_8d7e734e,LSTM5,loso_subject_S003,56,0.010801470821810962,,0.07500422721296232,,0.001
LSTM5_8d7e734e,LSTM5,loso_subject_S003,57,0.009855945785960949,,0.0723247548471995,,0.001
LSTM5_8d7e734e,LSTM5,loso_subject_S003,58,0.01043420943526243,,0.07249745353491063,,0.001
LSTM5_8d7e734e,LSTM5,loso_subject_S003,59,0.009958538245155345,,0.07166532155844257,,0.001
LSTM5_8d7e734e,LSTM5,loso_subject_S003,60,0.010554974596687396,,0.07315594543319913,,0.001
LSTM5_8d7e734e,LSTM5,loso_subject_S003,61,0.01035222805872537,,0.07315944671314295,,0.001
LSTM5_8d7e734e,LSTM5,loso_subject_S003,62,0.010111980633428589,,0.07108390342348081,,0.001
LSTM5_8d7e734e,LSTM5,loso_subject_S003,63,0.01085864522950851,,0.07431796082777391,,0.001
LSTM5_8d7e734e,LSTM5,loso_subject_S003,64,0.009877785451410617,,0.07161306431220225,,0.001
LSTM5_8d7e734e,LSTM5,loso_subject_S003,65,0.00982469215661242,,0.07089643138990778,,0.001
LSTM5_8d7e734e,LSTM5,loso_subject_S003,66,0.009854340304271495,,0.0709251021827841,,0.001
LSTM5_8d7e734e,LSTM5,loso_subject_S003,67,0.010591420829183053,,0.07424009169405256,,0.001
LSTM5_8d7e734e,LSTM5,loso_subject_S003,68,0.009462315775595368,,0.07069584713494108,,0.001
LSTM5_8d7e734e,LSTM5,loso_subject_S003,69,0.0095838821791282,,0.06994347002283756,,0.001
LSTM5_8d7e734e,LSTM5,loso_subject_S003,70,0.010348424926535855,,0.07261477266756283,,0.001
LSTM5_8d7e734e,LSTM5,loso_subject_S003,71,0.009617242856411905,,0.07106858240002385,,0.001
LSTM5_8d7e734e,LSTM5,loso_subject_S003,72,0.01027154245319153,,0.07245799953821758,,0.001
LSTM5_8d7e734e,LSTM5,loso_subject_S003,73,0.01043878112593171,,0.0745612267071271,,0.001
LSTM5_8d7e734e,LSTM5,loso_subject_S003,74,0.01007520257833107,,0.07170687944872788,,0.001
LSTM5_8d7e734e,LSTM5,loso_subject_S003,75,0.009983770991357577,,0.07167483462368411,,0.001
LSTM5_8d7e734e,LSTM5,loso_subject_S003,76,0.010038926247479069,,0.07146097108246886,,0.001
LSTM5_8d7e734e,LSTM5,loso_subject_S003,77,0.01030489429718446,,0.07307831800354811,,0.001
LSTM5_8d7e734e,LSTM5,loso_subject_S003,78,0.009476291666680747,,0.07046982046098015,,0.001
LSTM5_8d7e734e,LSTM5,loso_subject_S003,79,0.009907666835736071,,0.07093120041855912,,0.001
LSTM5_8d7e734e,LSTM5,loso_subject_S003,80,0.00984488076704225,,0.07063260703532757,,0.001
LSTM5_8d7e734e,LSTM5,loso_subject_S004,1,0.3224303556295276,,0.41545748479241024,,0.001
LSTM5_8d7e734e,LSTM5,loso_subject_S004,2,0.043615575392903526,,0.16102288725018538,,0.001
LSTM5_8d7e734e,LSTM5,loso_subject_S004,3,0.027448670500502856,,0.1268540061418102,,0.001
LSTM5_8d7e734e,LSTM5,loso_subject_S004,4,0.02405724668980066,,0.11791036348413782,,0.001
LSTM5_8d7e734e,LSTM5,loso_subject_S004,5,0.02028408693300474,,0.1074913258337785,,0.001
LSTM5_8d7e734e,LSTM5,loso_subject_S004,6,0.018073490209995928,,0.10249018226524013,,0.001
LSTM5_8d7e734e,LSTM5,loso_subject_S004,7,0.017599423014588188,,0.10034945825197643,,0.001
LSTM5_8d7e734e,LSTM5,loso_subject_S004,8,0.016960033137995004,,0.09745665215019413,,0.001
LSTM5_8d7e734e,LSTM5,loso_subject_S004,9,0.015628376783743337,,0.09345211349877323,,0.001
LSTM5_8d7e734e,LSTM5,loso_subject_S004,10,0.015350046442738826,,0.09303455562066218,,0.001
LSTM5_8d7e734e,LSTM5,loso_subject_S004,11,0.014744500549274892,,0.09111302008883616,,0.001
LSTM5_8d7e734e,LSTM5,loso_subject_S004,12,0.014405963280585573,,0.08936843067223373,,0.001
LSTM5_8d7e734e,LSTM5,loso_subject_S004,13,0.015094682591407175,,0.09051283634705581,,0.001
LSTM5_8d7e734e,LSTM5,loso_subject_S004,14,0.014189397475759239,,0.088987692758498,,0.001
LSTM5_8d7e734e,LSTM5,loso_subject_S004,15,0.01370448619456266,,0.08786341329953724,,0.001
LSTM5_8d7e734e,LSTM5,loso_subject_S004,16,0.014477330380883469,,0.08843134205885975,,0.001
LSTM5_8d7e734e,LSTM5,loso_subject_S004,17,0.01404401647463805,,0.08810848308672861,,0.001
LSTM5_8d7e734e,LSTM5,loso_subject_S004,18,0.012470736076481243,,0.08206787764640075,,0.001
LSTM5_8d7e734e,LSTM5,loso_subject_S004,19,0.012790674871395236,,0.08389533453911306,,0.001
LSTM5_8d7e734e,LSTM5,loso_subject_S004,20,0.01229878846478635,,0.08331958522533787,,0.001
LSTM5_8d7e734e,LSTM5,loso_subject_S004,21,0.012190672628743827,,0.08158124492673408,,0.001
LSTM5_8d7e734e,LSTM5,loso_subject_S004,22,0.011891630544550091,,0.07975309207149382,,0.001
LSTM5_8d7e734e,LSTM5,loso_subject_S004,23,0.011866299024530024,,0.0798988947345995,,0.001
LSTM5_8d7e734e,LSTM5,loso_subject_S004,24,0.012047624302118323,,0.08148551143186036,,0.001
LSTM5_8d7e734e,LSTM5,loso_subject_S004,25,0.011665105012574194,,0.07953747496236975,,0.001
LSTM5_8d7e734e,LSTM5,loso_subject_S004,26,0.012049532859523945,,0.08130229625292726,,0.001
LSTM5_8d7e734e,LSTM5,loso_subject_S004,27,0.01235514425594181,,0.08108824668169759,,0.001
LSTM5_8d7e734e,LSTM5,loso_subject_S004,28,0.01122514857931958,,0.07794788687618508,,0.001
LSTM5_8d7e734e,LSTM5,loso_subject_S004,29,0.01099130744087102,,0.07624687432304073,,0.001
LSTM5_8d7e734e,LSTM5,loso_subject_S004,30,0.011447890410663093,,0.07893815409191433,,0.001
LSTM5_8d7e734e,LSTM5,loso_subject_S004,31,0.011674936134617666,,0.079463660522905,,0.001
LSTM5_8d7e734e,LSTM5,loso_subject_S004,32,0.010866819511882989,,0.07676159969481924,,0.001
LSTM5_8d7e734e,LSTM5,loso_subject_S004,33,0.0107893126843728,,0.0774390087571255,,0.001
LSTM5_8d7e734e,LSTM5,loso_subject_S004,34,0.012224999119763142,,0.08061302176925902,,0.001
LSTM5_8d7e734e,LSTM5,loso_subject_S004,35,0.010029471581892244,,0.07365234514979675,,0.001
LSTM5_8d7e734e,LSTM5,loso_subject_S004,36,0.011944934583677833,,0.07879987163296474,,0.001
LSTM5_8d7e734e,LSTM5,loso_subject_S004,37,0.010591399638502606,,0.07510944146389886,,0.001
LSTM5_8d7e734e,LSTM5,loso_subject_S004,38,0.012497261322021468,,0.08087600192753118,,0.001
LSTM5_8d7e734e,LSTM5,loso_subject_S004,39,0.010985626930945019,,0.07690628215534602,,0.001
LSTM5_8d7e734e,LSTM5,loso_subject_S004,40,0.011071894101552886,,0.07748019577722041,,0.001
LSTM5_8d7e734e,LSTM5,loso_subject_S004,41,0.0122366612686641,,0.08105035119410084,,0.001
LSTM5_8d7e734e,LSTM5,loso_subject_S004,42,0.01011036549609024,,0.07389502360657942,,0.001
LSTM5_8d7e734e,LSTM5,loso_subject_S004,43,0.0114882159337987,,0.0776570404531291,,0.001
LSTM5_8d7e734e,LSTM5,loso_subject_S004,44,0.010201922282554628,,0.07292897649787088,,0.001
LSTM5_8d7e734e,LSTM5,loso_subject_S004,45,0.010523539153304668,,0.07449496771250888,,0.001
LSTM5_8d7e734e,LSTM5,loso_subject_S004,46,0.010421113369063591,,0.07467090971230549,,0.001
LSTM5_8d7e734e,LSTM5,loso_subject_S004,47,0.010458694016168862,,0.07446512580685556,,0.001
LSTM5_8d7e734e,LSTM5,loso_subject_S004,48,0.009957831596403498,,0.07299672676020592,,0.001
LSTM5_8d7e734e,LSTM5,loso_subject_S004,49,0.011956007049871625,,0.07948147910292057,,0.001
LSTM5_8d7e734e,LSTM5,loso_subject_S004,50,0.010206332185829576,,0.0743436709699962,,0.001
LSTM5_8d7e734e,LSTM5,loso_subject_S004,51,0.010195311882952873,,0.0741862505882724,,0.001
LSTM5_8d7e734e,LSTM5,loso_subject_S004,52,0.009885015418220608,,0.07080293571796353,,0.001
LSTM5_8d7e734e,LSTM5,loso_subject_S004,53,0.01041923518121804,,0.07383437956852494,,0.001
LSTM5_8d7e734e,LSTM5,loso_subject_S004,54,0.010590621280383284,,0.07306992644013677,,0.001
LSTM5_8d7e734e,LSTM5,loso_subject_S004,55,0.009983841879504426,,0.07168781405552226,,0.001
LSTM5_8d7e734e,LSTM5,loso_subject_S004,56,0.011118603039841055,,0.07690244662628337,,0.001
LSTM5_8d7e734e,LSTM5,loso_subject_S004,57,0.009826389239256017,,0.07230961206540452,,0.001
LSTM5_8d7e734e,LSTM5,loso_subject_S004,58,0.010076885661869706,,0.07270619976352094,,0.001
LSTM5_8d7e734e,LSTM5,loso_subject_S004,59,0.010455982229368877,,0.07381078312905494,,0.001
LSTM5_8d7e734e,LSTM5,loso_subject_S004,60,0.01072870698379951,,0.07463281291756589,,0.001
LSTM5_8d7e734e,LSTM5,loso_subject_S004,61,0.011063901615960478,,0.07757997492639183,,0.001
LSTM5_8d7e734e,LSTM5,loso_subject_S004,62,0.010469784651446209,,0.07316207513651814,,0.001
LSTM5_8d7e734e,LSTM5,loso_subject_S004,63,0.010560045606180618,,0.07516948986235948,,0.001
LSTM5_8d7e734e,LSTM5,loso_subject_S004,64,0.010121345464227908,,0.07457933419520868,,0.001
LSTM5_8d7e734e,LSTM5,loso_subject_S004,65,0.009686489474365017,,0.0712898556391983,,0.001
LSTM5_8d7e734e,LSTM5,loso_subject_S004,66,0.010085119046917865,,0.07223629839400315,,0.001
LSTM5_8d7e734e,LSTM5,loso_subject_S004,67,0.01160592380726739,,0.07613451852966818,,0.001
LSTM5_8d7e734e,LSTM5,loso_subject_S004,68,0.009952296145108997,,0.07145980631283953,,0.001
LSTM5_8d7e734e,LSTM5,loso_subject_S004,69,0.010356309208750268,,0.07364556743646321,,0.001
LSTM5_8d7e734e,LSTM5,loso_subject_S004,70,0.010780852355862413,,0.07391533347475623,,0.001
LSTM5_8d7e734e,LSTM5,loso_subject_S004,71,0.009953067772935397,,0.07174506053561001,,0.001
LSTM5_8d7e734e,LSTM5,loso_subject_S004,72,0.00937666802115745,,0.06879705136923149,,0.001
LSTM5_8d7e734e,LSTM5,loso_subject_S004,73,0.009267405913454586,,0.06864665415547054,,0.001
LSTM5_8d7e734e,LSTM5,loso_subject_S004,74,0.008881421861986413,,0.06867564619596404,,0.001
LSTM5_8d7e734e,LSTM5,loso_subject_S004,75,0.009951499593163155,,0.07147073221094369,,0.001
LSTM5_8d7e734e,LSTM5,loso_subject_S004,76,0.009644743324399175,,0.07154699570472219,,0.001
LSTM5_8d7e734e,LSTM5,loso_subject_S004,77,0.010121460386061444,,0.07206496839132735,,0.001
LSTM5_8d7e734e,LSTM5,loso_subject_S004,78,0.01074646375821133,,0.0747372684257326,,0.001
LSTM5_8d7e734e,LSTM5,loso_subject_S004,79,0.010914572038925463,,0.07518712757223839,,0.001
LSTM5_8d7e734e,LSTM5,loso_subject_S004,80,0.009220771332583118,,0.06866629227824797,,0.001
LSTM5_8d7e734e,LSTM5,loso_subject_S005,1,0.32312260892508765,,0.4081238217100779,,0.001
LSTM5_8d7e734e,LSTM5,loso_subject_S005,2,0.048388645783183235,,0.16671609614207955,,0.001
LSTM5_8d7e734e,LSTM5,loso_subject_S005,3,0.030701199658461457,,0.13341956829368817,,0.001
LSTM5_8d7e734e,LSTM5,loso_subject_S005,4,0.02523420493819057,,0.1196680428954183,,0.001
LSTM5_8d7e734e,LSTM5,loso_subject_S005,5,0.021656873768113746,,0.11038510228988282,,0.001
LSTM5_8d7e734e,LSTM5,loso_subject_S005,6,0.019866916315178697,,0.10582714387614972,,0.001
LSTM5_8d7e734e,LSTM5,loso_subject_S005,7,0.01792705354521021,,0.10079167733978092,,0.001
LSTM5_8d7e734e,LSTM5,loso_subject_S005,8,0.01601274059979011,,0.09499008546320703,,0.001
LSTM5_8d7e734e,LSTM5,loso_subject_S005,9,0.016250741311309214,,0.094721712732057,,0.001
LSTM5_8d7e734e,LSTM5,loso_subject_S005,10,0.015927134202686835,,0.09314106373867928,,0.001
LSTM5_8d7e734e,LSTM5,loso_subject_S005,11,0.014147730269796936,,0.08888004460807171,,0.001
LSTM5_8d7e734e,LSTM5,loso_subject_S005,12,0.014360003919305388,,0.08956923302637118,,0.001
LSTM5_8d7e734e,LSTM5,loso_subject_S005,13,0.01422427930061045,,0.08807797453540388,,0.001
LSTM5_8d7e734e,LSTM5,loso_subject_S005,14,0.013796411948060137,,0.08804005110704677,,0.001
LSTM5_8d7e734e,LSTM5,loso_subject_S005,15,0.013447694858996466,,0.08659220642342455,,0.001
LSTM5_8d7e734e,LSTM5,loso_subject_S005,16,0.012946041736592747,,0.08409050599824787,,0.001
LSTM5_8d7e734e,LSTM5,loso_subject_S005,17,0.012895268137201049,,0.08178587314760692,,0.001
LSTM5_8d7e734e,LSTM5,loso_subject_S005,18,0.01298566902660044,,0.08516154787265172,,0.001
LSTM5_8d7e734e,LSTM5,loso_subject_S005,19,0.012864762702111157,,0.08401928318779797,,0.001
LSTM5_8d7e734e,LSTM5,loso_subject_S005,20,0.013235549747684027,,0.08399839459129363,,0.001
LSTM5_8d7e734e,LSTM5,loso_subject_S005,21,0.012317024684335837,,0.08197703490272316,,0.001
LSTM5_8d7e734e,LSTM5,loso_subject_S005,22,0.012207807180591003,,0.08062898052236937,,0.001
LSTM5_8d7e734e,LSTM5,loso_subject_S005,23,0.011817880944806413,,0.0793140127457414,,0.001
LSTM5_8d7e734e,LSTM5,loso_subject_S005,24,0.012424042252952516,,0.08133846397723911,,0.001
LSTM5_8d7e734e,LSTM5,loso_subject_S005,25,0.012183772699075224,,0.08013321904177703,,0.001
LSTM5_8d7e734e,LSTM5,loso_subject_S005,26,0.011886802852552517,,0.08068399672954826,,0.001
LSTM5_8d7e734e,LSTM5,loso_subject_S005,27,0.011753501870652064,,0.07909199604859785,,0.001
LSTM5_8d7e734e,LSTM5,loso_subject_S005,28,0.011375864673130353,,0.07840943211489103,,0.001
LSTM5_8d7e734e,LSTM5,loso_subject_S005,29,0.010673171885410167,,0.07505744418338775,,0.001
LSTM5_8d7e734e,LSTM5,loso_subject_S005,30,0.012268342897609566,,0.07907037695917965,,0.001
LSTM5_8d7e734e,LSTM5,loso_subject_S005,31,0.010514932574835335,,0.07471588630760138,,0.001
LSTM5_8d7e734e,LSTM5,loso_subject_S005,32,0.010978972792437258,,0.07613875626424531,,0.001
LSTM5_8d7e734e,LSTM5,loso_subject_S005,33,0.010829988814402043,,0.07594540619341207,,0.001
LSTM5_8d7e734e,LSTM5,loso_subject_S005,34,0.011282430043846136,,0.07660897663036743,,0.001
LSTM5_8d7e734e,LSTM5,loso_subject_S005,35,0.010590580786548676,,0.0745718547950039,,0.001
LSTM5_8d7e734e,LSTM5,loso_subject_S005,36,0.01126021626100204,,0.07657891977410394,,0.001
LSTM5_8d7e734e,LSTM5,loso_subject_S005,37,0.01087179048948989,,0.07666533935862138,,0.001
LSTM5_8d7e734e,LSTM5,loso_subject_S005,38,0.010932181658580568,,0.07565505802183357,,0.001
LSTM5_8d7e734e,LSTM5,loso_subject_S005,39,0.010538684958015231,,0.07412892953233409,,0.001
LSTM5_8d7e734e,LSTM5,loso_subject_S005,40,0.0098454860250185,,0.07284317918735603,,0.001
LSTM5_8d7e734e,LSTM5,loso_subject_S005,41,0.010227151226836984,,0.07323813119424945,,0.001
LSTM5_8d7e734e,LSTM5,loso_subject_S005,42,0.011152236511280073,,0.07583689020741652,,0.001
LSTM5_8d7e734e,LSTM5,loso_subject_S005,43,0.009951256932965152,,0.07289213280378876,,0.001
LSTM5_8d7e734e,LSTM5,loso_subject_S005,44,0.010589011319841846,,0.07371281305584504,,0.001
LSTM5_8d7e734e,LSTM5,loso_subject_S005,45,0.009884604704815511,,0.07163279908146403,,0.001
LSTM5_8d7e734e,LSTM5,loso_subject_S005,46,0.010687486751322028,,0.07429686503208192,,0.001
LSTM5_8d7e734e,LSTM5,loso_subject_S005,47,0.011028755325163193,,0.07555537415031059,,0.001
LSTM5_8d7e734e,LSTM5,loso_subject_S005,48,0.01001385054133846,,0.07223554078312575,,0.001
LSTM5_8d7e734e,LSTM5,loso_subject_S005,49,0.01042741387511278,,0.07364341540019052,,0.001
LSTM5_8d7e734e,LSTM5,loso_subject_S005,50,0.009848689169287503,,0.0723300354551889,,0.001
LSTM5_8d7e734e,LSTM5,loso_subject_S005,51,0.01011641375088792,,0.07308729157810533,,0.001
LSTM5_8d7e734e,LSTM5,loso_subject_S005,52,0.01014410733439642,,0.07348717444464878,,0.001
LSTM5_8d7e734e,LSTM5,loso_subject_S005,53,0.010475767909096117,,0.07502015020140523,,0.001
LSTM5_8d7e734e,LSTM5,loso_subject_S005,54,0.010595896123094743,,0.07348639954842506,,0.001
LSTM5_8d7e734e,LSTM5,loso_subject_S005,55,0.010477914353378982,,0.07330656476359158,,0.001
LSTM5_8d7e734e,LSTM5,loso_subject_S005,56,0.01032821397267403,,0.07368267409086801,,0.001
LSTM5_8d7e734e,LSTM5,loso_subject_S005,57,0.010220949439487577,,0.07216653631920565,,0.001
LSTM5_8d7e734e,LSTM5,loso_subject_S005,58,0.009839412033831185,,0.07132153990787694,,0.001
LSTM5_8d7e734e,LSTM5,loso_subject_S005,59,0.01077026116168345,,0.07290661674142959,,0.001
LSTM5_8d7e734e,LSTM5,loso_subject_S005,60,0.009823785314669074,,0.0707346057307627,,0.001
LSTM5_8d7e734e,LSTM5,loso_subject_S005,61,0.009864571201601035,,0.07132710350685212,,0.001
LSTM5_8d7e734e,LSTM5,loso_subject_S005,62,0.010878255689360976,,0.07523744285411313,,0.001
LSTM5_8d7e734e,LSTM5,loso_subject_S005,63,0.00967255120361095,,0.0694772607086297,,0.001
LSTM5_8d7e734e,LSTM5,loso_subject_S005,64,0.010013290826551577,,0.07163592509060686,,0.001
LSTM5_8d7e734e,LSTM5,loso_subject_S005,65,0.009055448625734052,,0.06933169175550942,,0.001
LSTM5_8d7e734e,LSTM5,loso_subject_S005,66,0.009788118818045666,,0.07123199653191804,,0.001
LSTM5_8d7e734e,LSTM5,loso_subject_S005,67,0.010048667585529875,,0.07215701410534578,,0.001
LSTM5_8d7e734e,LSTM5,loso_subject_S005,68,0.009578953615837224,,0.07116617963515487,,0.001
LSTM5_8d7e734e,LSTM5,loso_subject_S005,69,0.009010855301428346,,0.06848324874278228,,0.001
LSTM5_8d7e734e,LSTM5,loso_subject_S005,70,0.010235840914198614,,0.07154197193417862,,0.001
LSTM5_8d7e734e,LSTM5,loso_subject_S005,71,0.01031223142556555,,0.07239670574360416,,0.001
LSTM5_8d7e734e,LSTM5,loso_subject_S005,72,0.010019273667972058,,0.0723989493629693,,0.001
LSTM5_8d7e734e,LSTM5,loso_subject_S005,73,0.00916041637212486,,0.06919359768361695,,0.001
LSTM5_8d7e734e,LSTM5,loso_subject_S005,74,0.009273490719822019,,0.06946798893373843,,0.001
LSTM5_8d7e734e,LSTM5,loso_subject_S005,75,0.010064432620934994,,0.07186344290578932,,0.001
LSTM5_8d7e734e,LSTM5,loso_subject_S005,76,0.01073611513120685,,0.0736486731400636,,0.001
LSTM5_8d7e734e,LSTM5,loso_subject_S005,77,0.011092444731709976,,0.07516064998423272,,0.001
LSTM5_8d7e734e,LSTM5,loso_subject_S005,78,0.009588073752876495,,0.06994582613637773,,0.001
LSTM5_8d7e734e,LSTM5,loso_subject_S005,79,0.009549275510488005,,0.07081104365641713,,0.001
LSTM5_8d7e734e,LSTM5,loso_subject_S005,80,0.01009866800181617,,0.07073802669418912,,0.001
LSTM5_8d7e734e,LSTM5,loso_subject_S006,1,0.3037192110958185,,0.4004697174286056,,0.001
LSTM5_8d7e734e,LSTM5,loso_subject_S006,2,0.04256081001614043,,0.15824091931908826,,0.001
LSTM5_8d7e734e,LSTM5,loso_subject_S006,3,0.02759470106712628,,0.12600528949946121,,0.001
LSTM5_8d7e734e,LSTM5,loso_subject_S006,4,0.025268081671291725,,0.12002194806094207,,0.001
LSTM5_8d7e734e,LSTM5,loso_subject_S006,5,0.02264405924501835,,0.11397803666329363,,0.001
LSTM5_8d7e734e,LSTM5,loso_subject_S006,6,0.020571213019650342,,0.10747063666503841,,0.001
LSTM5_8d7e734e,LSTM5,loso_subject_S006,7,0.018446920424382368,,0.10071922461919407,,0.001
LSTM5_8d7e734e,LSTM5,loso_subject_S006,8,0.016203266058387823,,0.09580503317611991,,0.001
LSTM5_8d7e734e,LSTM5,loso_subject_S006,9,0.016661103784131402,,0.09834808423606446,,0.001
LSTM5_8d7e734e,LSTM5,loso_subject_S006,10,0.01648984635550434,,0.09492363735516007,,0.001
LSTM5_8d7e734e,LSTM5,loso_subject_S006,11,0.01573317640371075,,0.09402359844228078,,0.001
LSTM5_8d7e734e,LSTM5,loso_subject_S006,12,0.014930267503301916,,0.09237769440464351,,0.001
LSTM5_8d7e734e,LSTM5,loso_subject_S006,13,0.014516979176034759,,0.09015517902506452,,0.001
LSTM5_8d7e734e,LSTM5,loso_subject_S006,14,0.013596844792568218,,0.08711425068037901,,0.001
LSTM5_8d7e734e,LSTM5,loso_subject_S006,15,0.013146317066629653,,0.08606081047218465,,0.001
LSTM5_8d7e734e,LSTM5,loso_subject_S006,16,0.013134876775128921,,0.08539116886333784,,0.001
LSTM5_8d7e734e,LSTM5,loso_subject_S006,17,0.012652506194693512,,0.08418180045639422,,0.001
LSTM5_8d7e734e,LSTM5,loso_subject_S006,18,0.012660624345246542,,0.08220139867646513,,0.001
LSTM5_8d7e734e,LSTM5,loso_subject_S006,19,0.011766631655158056,,0.07949214934354834,,0.001
LSTM5_8d7e734e,LSTM5,loso_subject_S006,20,0.011437565288559442,,0.07829891328939308,,0.001
LSTM5_8d7e734e,LSTM5,loso_subject_S006,21,0.011526552058032382,,0.079523079019004,,0.001
LSTM5_8d7e734e,LSTM5,loso_subject_S006,22,0.01212001139141004,,0.08108240024868517,,0.001
LSTM5_8d7e734e,LSTM5,loso_subject_S006,23,0.01126498126063136,,0.0788659800592998,,0.001
LSTM5_8d7e734e,LSTM5,loso_subject_S006,24,0.011352487679555694,,0.07799595327972322,,0.001
LSTM5_8d7e734e,LSTM5,loso_subject_S006,25,0.012299760122222841,,0.08058190310544024,,0.001
LSTM5_8d7e734e,LSTM5,loso_subject_S006,26,0.011273204876196378,,0.07842334411627425,,0.001
LSTM5_8d7e734e,LSTM5,loso_subject_S006,27,0.01124979800136767,,0.0774043684307326,,0.001
LSTM5_8d7e734e,LSTM5,loso_subject_S006,28,0.011432852068829543,,0.07802158536518285,,0.001
LSTM5_8d7e734e,LSTM5,loso_subject_S006,29,0.011101244690088566,,0.07718472481034816,,0.001
LSTM5_8d7e734e,LSTM5,loso_subject_S006,30,0.011151904376402502,,0.07834592690951699,,0.001
LSTM5_8d7e734e,LSTM5,loso_subject_S006,31,0.010977463185002357,,0.07651174631973102,,0.001
LSTM5_8d7e734e,LSTM5,loso_subject_S006,32,0.011300896091681807,,0.07819868473329035,,0.001
LSTM5_8d7e734e,LSTM5,loso_subject_S006,33,0.011591816727025257,,0.07810496813246694,,0.001
LSTM5_8d7e734e,LSTM5,loso_subject_S006,34,0.011088883524925292,,0.07581048993856315,,0.001
LSTM5_8d7e734e,LSTM5,loso_subject_S006,35,0.011972243498400972,,0.07781201912139643,,0.001
LSTM5_8d7e734e,LSTM5,loso_subject_S006,36,0.0102839062819521,,0.0742429284993608,,0.001
LSTM5_8d7e734e,LSTM5,loso_subject_S006,37,0.011666945573393617,,0.07937903115039391,,0.001
LSTM5_8d7e734e,LSTM5,loso_subject_S006,38,0.010663839401951728,,0.0757423988802982,,0.001
LSTM5_8d7e734e,LSTM5,loso_subject_S006,39,0.011391684025697799,,0.07853758154447273,,0.001
LSTM5_8d7e734e,LSTM5,loso_subject_S006,40,0.011997223136278571,,0.0803920893008903,,0.001
LSTM5_8d7e734e,LSTM5,loso_subject_S006,41,0.0103364826006386,,0.07465075610381089,,0.001
LSTM5_8d7e734e,LSTM5,loso_subject_S006,42,0.010471422565073158,,0.0750115114857443,,0.001
LSTM5_8d7e734e,LSTM5,loso_subject_S006,43,0.010523484390406174,,0.07466964462789948,,0.001
LSTM5_8d7e734e,LSTM5,loso_subject_S006,44,0.010311004279335177,,0.07297919998241646,,0.001
LSTM5_8d7e734e,LSTM5,loso_subject_S006,45,0.010105488014736014,,0.07286374238956973,,0.001
LSTM5_8d7e734e,LSTM5,loso_subject_S006,46,0.010688054143810693,,0.0750268560575785,,0.001
LSTM5_8d7e734e,LSTM5,loso_subject_S006,47,0.010822645712481893,,0.07599197196776088,,0.001
LSTM5_8d7e734e,LSTM5,loso_subject_S006,48,0.010285440356524182,,0.07429359326704897,,0.001
LSTM5_8d7e734e,LSTM5,loso_subject_S006,49,0.01029995810659018,,0.07326197869225637,,0.001
LSTM5_8d7e734e,LSTM5,loso_subject_S006,50,0.010529430230646274,,0.07386476191933106,,0.001
LSTM5_8d7e734e,LSTM5,loso_subject_S006,51,0.010329935052096496,,0.07380453611962956,,0.001
LSTM5_8d7e734e,LSTM5,loso_subject_S006,52,0.009812465983573136,,0.07352476253527263,,0.001
LSTM5_8d7e734e,LSTM5,loso_subject_S006,53,0.0097410565129119,,0.0713740293450734,,0.001
LSTM5_8d7e734e,LSTM5,loso_subject_S006,54,0.010683870407596973,,0.07349779303254941,,0.001
LSTM5_8d7e734e,LSTM5,loso_subject_S006,55,0.010339817079640153,,0.07385689237565106,,0.001
LSTM5_8d7e734e,LSTM5,loso_subject_S006,56,0.009905241109943874,,0.07139481653668354,,0.001
LSTM5_8d7e734e,LSTM5,loso_subject_S006,57,0.010538596454991486,,0.07340148921815724,,0.001
LSTM5_8d7e734e,LSTM5,loso_subject_S006,58,0.01019305102407567,,0.0721933140237616,,0.001
LSTM5_8d7e734e,LSTM5,loso_subject_S006,59,0.009974433118404088,,0.0728840511025894,,0.001
LSTM5_8d7e734e,LSTM5,loso_subject_S006,60,0.009387369728955621,,0.06971733360125992,,0.001
LSTM5_8d7e734e,LSTM5,loso_subject_S006,61,0.00978835298197938,,0.07242276782818358,,0.001
LSTM5_8d7e734e,LSTM5,loso_subject_S006,62,0.009601463549608717,,0.07101882731980612,,0.001
LSTM5_8d7e734e,LSTM5,loso_subject_S006,63,0.010972926023013745,,0.07458179334066058,,0.001
LSTM5_8d7e734e,LSTM5,loso_subject_S006,64,0.010292865151144305,,0.07258963762305032,,0.001
LSTM5_8d7e734e,LSTM5,loso_subject_S006,65,0.009615274386707099,,0.07124454425259237,,0.001
LSTM5_8d7e734e,LSTM5,loso_subject_S006,66,0.010557611287564153,,0.07327361116286335,,0.001
LSTM5_8d7e734e,LSTM5,loso_subject_S006,67,0.009831610784969457,,0.07216223612588593,,0.001
LSTM5_8d7e734e,LSTM5,loso_subject_S006,68,0.010218350841115637,,0.07363284177706407,,0.001
LSTM5_8d7e734e,LSTM5,loso_subject_S006,69,0.009919597417402058,,0.07222651983745806,,0.001
LSTM5_8d7e734e,LSTM5,loso_subject_S006,70,0.010176161588241651,,0.0725824995276738,,0.001
LSTM5_8d7e734e,LSTM5,loso_subject_S006,71,0.010216881301735594,,0.07150973486902938,,0.001
LSTM5_8d7e734e,LSTM5,loso_subject_S006,72,0.010117589489282099,,0.07349893349968277,,0.001
LSTM5_8d7e734e,LSTM5,loso_subject_S006,73,0.009469825220855483,,0.07128326918767847,,0.001
LSTM5_8d7e734e,LSTM5,loso_subject_S006,74,0.009460796561578045,,0.06979875136759249,,0.001
LSTM5_8d7e734e,LSTM5,loso_subject_S006,75,0.009445461840375601,,0.06982814922911418,,0.001
LSTM5_8d7e734e,LSTM5,loso_subject_S006,76,0.00966158371852444,,0.07018093964036609,,0.001
LSTM5_8d7e734e,LSTM5,loso_subject_S006,77,0.009977799154891977,,0.07178426093250939,,0.001
LSTM5_8d7e734e,LSTM5,loso_subject_S006,78,0.009674633827863785,,0.07093580537411782,,0.001
LSTM5_8d7e734e,LSTM5,loso_subject_S006,79,0.010060483381328254,,0.07214236668187952,,0.001
LSTM5_8d7e734e,LSTM5,loso_subject_S006,80,0.010125703812091194,,0.07290947673609141,,0.001
LSTM5_8d7e734e,LSTM5,loso_subject_S007,1,0.32122536872299196,,0.4105583055526917,,0.001
LSTM5_8d7e734e,LSTM5,loso_subject_S007,2,0.04505687922230906,,0.16104955315405162,,0.001
LSTM5_8d7e734e,LSTM5,loso_subject_S007,3,0.02930563675577152,,0.1291907196163829,,0.001
LSTM5_8d7e734e,LSTM5,loso_subject_S007,4,0.02388798593047237,,0.11787304773855357,,0.001
LSTM5_8d7e734e,LSTM5,loso_subject_S007,5,0.022645284349576928,,0.11284631788814595,,0.001
LSTM5_8d7e734e,LSTM5,loso_subject_S007,6,0.020026495243024075,,0.10660501554604146,,0.001
LSTM5_8d7e734e,LSTM5,loso_subject_S007,7,0.017243309932133452,,0.09966776700452638,,0.001
LSTM5_8d7e734e,LSTM5,loso_subject_S007,8,0.016729946383378748,,0.09737348276675671,,0.001
LSTM5_8d7e734e,LSTM5,loso_subject_S007,9,0.017472380433188557,,0.0984998119002532,,0.001
LSTM5_8d7e734e,LSTM5,loso_subject_S007,10,0.015110516418417127,,0.09201411677644634,,0.001
LSTM5_8d7e734e,LSTM5,loso_subject_S007,11,0.01530774018789436,,0.09109931431813588,,0.001
LSTM5_8d7e734e,LSTM5,loso_subject_S007,12,0.014384905532921963,,0.08913666523822968,,0.001
LSTM5_8d7e734e,LSTM5,loso_subject_S007,13,0.014257179128641677,,0.0883014876071115,,0.001
LSTM5_8d7e734e,LSTM5,loso_subject_S007,14,0.012797824534589924,,0.08392781223057356,,0.001
LSTM5_8d7e734e,LSTM5,loso_subject_S007,15,0.013036651498509246,,0.08578408305226463,,0.001
LSTM5_8d7e734e,LSTM5,loso_subject_S007,16,0.014468203220809302,,0.08757551125898667,,0.001
LSTM5_8d7e734e,LSTM5,loso_subject_S007,17,0.012411119167845949,,0.08205135783223107,,0.001
LSTM5_8d7e734e,LSTM5,loso_subject_S007,18,0.013390125072789246,,0.08595843561713747,,0.001
LSTM5_8d7e734e,LSTM5,loso_subject_S007,19,0.012131647480545195,,0.08188797717834735,,0.001
LSTM5_8d7e734e,LSTM5,loso_subject_S007,20,0.012958472373137745,,0.08301705304007356,,0.001
LSTM5_8d7e734e,LSTM5,loso_subject_S007,21,0.01208308289102028,,0.08150675475059949,,0.001
LSTM5_8d7e734e,LSTM5,loso_subject_S007,22,0.011930907531947142,,0.08095805484053113,,0.001
LSTM5_8d7e734e,LSTM5,loso_subject_S007,23,0.011957062302573478,,0.08015599454262116,,0.001
LSTM5_8d7e734e,LSTM5,loso_subject_S007,24,0.012653737721524378,,0.08133918607266864,,0.001
LSTM5_8d7e734e,LSTM5,loso_subject_S007,25,0.011912977427640963,,0.08054110823499884,,0.001
LSTM5_8d7e734e,LSTM5,loso_subject_S007,26,0.011445920146313158,,0.07907533922323746,,0.001
LSTM5_8d7e734e,LSTM5,loso_subject_S007,27,0.011457222986732294,,0.07758539307743907,,0.001
LSTM5_8d7e734e,LSTM5,loso_subject_S007,28,0.011429352315405693,,0.07748745831512135,,0.001
LSTM5_8d7e734e,LSTM5,loso_subject_S007,29,0.012161463618207125,,0.07975640598024304,,0.001
LSTM5_8d7e734e,LSTM5,loso_subject_S007,30,0.011083290100026278,,0.07789478352344281,,0.001
LSTM5_8d7e734e,LSTM5,loso_subject_S007,31,0.011123142172770077,,0.07764906167068694,,0.001
LSTM5_8d7e734e,LSTM5,loso_subject_S007,32,0.010606518279783119,,0.07373509209033098,,0.001
LSTM5_8d7e734e,LSTM5,loso_subject_S007,33,0.011098183503347691,,0.07558553987076397,,0.001
LSTM5_8d7e734e,LSTM5,loso_subject_S007,34,0.010660933146306237,,0.074547379817441,,0.001
LSTM5_8d7e734e,LSTM5,loso_subject_S007,35,0.011104593999215703,,0.07666649600550235,,0.001
LSTM5_8d7e734e,LSTM5,loso_subject_S007,36,0.010647985866678016,,0.07395732423899945,,0.001
LSTM5_8d7e734e,LSTM5,loso_subject_S007,37,0.01075523539487494,,0.07479859151892945,,0.001
LSTM5_8d7e734e,LSTM5,loso_subject_S007,38,0.011317851242842087,,0.07724332857103407,,0.001
LSTM5_8d7e734e,LSTM5,loso_subject_S007,39,0.010946319923597335,,0.07487021346420898,,0.001
LSTM5_8d7e734e,LSTM5,loso_subject_S007,40,0.011255170186369075,,0.07706080447430004,,0.001
LSTM5_8d7e734e,LSTM5,loso_subject_S007,41,0.01171024059840061,,0.07871049322412531,,0.001
LSTM5_8d7e734e,LSTM5,loso_subject_S007,42,0.010349551705178005,,0.07449404025126524,,0.001
LSTM5_8d7e734e,LSTM5,loso_subject_S007,43,0.010467165999983643,,0.07402082383590673,,0.001
LSTM5_8d7e734e,LSTM5,loso_subject_S007,44,0.010716385571519634,,0.07377350966244826,,0.001
LSTM5_8d7e734e,LSTM5,loso_subject_S007,45,0.011147624261285738,,0.07490740037318787,,0.001
LSTM5_8d7e734e,LSTM5,loso_subject_S007,46,0.010014075101882,,0.0727272189651855,,0.001
LSTM5_8d7e734e,LSTM5,loso_subject_S007,47,0.010116469958431287,,0.07273623443642413,,0.001
LSTM5_8d7e734e,LSTM5,loso_subject_S007,48,0.010436485792179827,,0.07313824124648961,,0.001
LSTM5_8d7e734e,LSTM5,loso_subject_S007,49,0.01131789038331996,,0.07528238288405312,,0.001
LSTM5_8d7e734e,LSTM5,loso_subject_S007,50,0.009827542965552041,,0.07109010336717507,,0.001
LSTM5_8d7e734e,LSTM5,loso_subject_S007,51,0.009862646467880855,,0.07046387246349356,,0.001
LSTM5_8d7e734e,LSTM5,loso_subject_S007,52,0.0104710702485465,,0.07339525118020931,,0.001
LSTM5_8d7e734e,LSTM5,loso_subject_S007,53,0.01065379689731256,,0.07494104929241069,,0.001
LSTM5_8d7e734e,LSTM5,loso_subject_S007,54,0.009676417331931607,,0.07150040228506584,,0.001
LSTM5_8d7e734e,LSTM5,loso_subject_S007,55,0.010360651827979152,,0.07226178463402518,,0.001
LSTM5_8d7e734e,LSTM5,loso_subject_S007,56,0.010501748366057285,,0.0726933471037657,,0.001
LSTM5_8d7e734e,LSTM5,loso_subject_S007,57,0.009792830015667293,,0.07150259215954695,,0.001
LSTM5_8d7e734e,LSTM5,loso_subject_S007,58,0.011065151642931368,,0.0748788201286612,,0.001
LSTM5_8d7e734e,LSTM5,loso_subject_S007,59,0.0102025271879095,,0.07177661806470947,,0.001
LSTM5_8d7e734e,LSTM5,loso_subject_S007,60,0.010280639045759217,,0.07259796439937956,,0.001
LSTM5_8d7e734e,LSTM5,loso_subject_S007,61,0.010211282676606993,,0.07283493420059294,,0.001
LSTM5_8d7e734e,LSTM5,loso_subject_S007,62,0.01071426876269283,,0.07394092091878524,,0.001
LSTM5_8d7e734e,LSTM5,loso_subject_S007,63,0.010512998623620729,,0.07353376430058083,,0.001
LSTM5_8d7e734e,LSTM5,loso_subject_S007,64,0.009972115652806266,,0.07152248315762956,,0.001
LSTM5_8d7e734e,LSTM5,loso_subject_S007,65,0.010266766291417163,,0.07244259551919054,,0.001
LSTM5_8d7e734e,LSTM5,loso_subject_S007,66,0.009778363877111219,,0.07090429196679515,,0.001
LSTM5_8d7e734e,LSTM5,loso_subject_S007,67,0.01000478154766825,,0.07079740981504459,,0.001
LSTM5_8d7e734e,LSTM5,loso_subject_S007,68,0.00991383499171187,,0.07139547206996763,,0.001
LSTM5_8d7e734e,LSTM5,loso_subject_S007,69,0.010020118585933881,,0.0713238834444655,,0.001
LSTM5_8d7e734e,LSTM5,loso_subject_S007,70,0.009741214893613442,,0.07067391546335514,,0.001
LSTM5_8d7e734e,LSTM5,loso_subject_S007,71,0.010203570554179352,,0.0717380318961771,,0.001
LSTM5_8d7e734e,LSTM5,loso_subject_S007,72,0.009852461408347177,,0.07136846703017184,,0.001
LSTM5_8d7e734e,LSTM5,loso_subject_S007,73,0.00951775572522236,,0.07079106529402579,,0.001
LSTM5_8d7e734e,LSTM5,loso_subject_S007,74,0.00963579561082695,,0.06999070314697294,,0.001
LSTM5_8d7e734e,LSTM5,loso_subject_S007,75,0.009750816475880266,,0.07140856977078773,,0.001
LSTM5_8d7e734e,LSTM5,loso_subject_S007,76,0.010086166365116743,,0.07167348199098605,,0.001
LSTM5_8d7e734e,LSTM5,loso_subject_S007,77,0.009944480659886797,,0.07128251609532858,,0.001
LSTM5_8d7e734e,LSTM5,loso_subject_S007,78,0.010029009217435741,,0.07176303379416096,,0.001
LSTM5_8d7e734e,LSTM5,loso_subject_S007,79,0.010269212089615428,,0.07169231892925278,,0.001
LSTM5_8d7e734e,LSTM5,loso_subject_S007,80,0.01013131716747071,,0.07173432594715759,,0.001
LSTM5_8d7e734e,LSTM5,loso_subject_S008,1,0.29465479968740205,,0.39538817881073013,,0.001
LSTM5_8d7e734e,LSTM5,loso_subject_S008,2,0.03984819682649592,,0.1543856482798067,,0.001
LSTM5_8d7e734e,LSTM5,loso_subject_S008,3,0.030714126659100553,,0.13369410310644655,,0.001
LSTM5_8d7e734e,LSTM5,loso_subject_S008,4,0.02426008991526539,,0.11878419346614774,,0.001
LSTM5_8d7e734e,LSTM5,loso_subject_S008,5,0.021621075769992094,,0.1129402451788284,,0.001
LSTM5_8d7e734e,LSTM5,loso_subject_S008,6,0.020927236603454163,,0.10876982777682992,,0.001
LSTM5_8d7e734e,LSTM5,loso_subject_S008,7,0.0199480211855969,,0.1065205070988486,,0.001
LSTM5_8d7e734e,LSTM5,loso_subject_S008,8,0.016603389397947987,,0.09850623975238164,,0.001
LSTM5_8d7e734e,LSTM5,loso_subject_S008,9,0.01701148296611012,,0.09774164542459897,,0.001
LSTM5_8d7e734e,LSTM5,loso_subject_S008,10,0.01620738670195035,,0.0948380735654312,,0.001
LSTM5_8d7e734e,LSTM5,loso_subject_S008,11,0.016517949531987233,,0.09530416824634205,,0.001
LSTM5_8d7e734e,LSTM5,loso_subject_S008,12,0.015691717871889305,,0.09376125831555873,,0.001
LSTM5_8d7e734e,LSTM5,loso_subject_S008,13,0.014642114145054567,,0.09040185853603501,,0.001
LSTM5_8d7e734e,LSTM5,loso_subject_S008,14,0.012950644370074716,,0.08487126249067961,,0.001
LSTM5_8d7e734e,LSTM5,loso_subject_S008,15,0.0146020886124776,,0.08931879285938772,,0.001
LSTM5_8d7e734e,LSTM5,loso_subject_S008,16,0.01292568932447066,,0.08492882920329929,,0.001
LSTM5_8d7e734e,LSTM5,loso_subject_S008,17,0.013920944315398242,,0.08774209007699285,,0.001
LSTM5_8d7e734e,LSTM5,loso_subject_S008,18,0.013129857811268098,,0.08567468158033174,,0.001
LSTM5_8d7e734e,LSTM5,loso_subject_S008,19,0.011603635181593854,,0.08071172642186415,,0.001
LSTM5_8d7e734e,LSTM5,loso_subject_S008,20,0.012616355618164423,,0.08213617149119212,,0.001
LSTM5_8d7e734e,LSTM5,loso_subject_S008,21,0.01281637584299041,,0.08297257691255573,,0.001
LSTM5_8d7e734e,LSTM5,loso_subject_S008,22,0.011559526949375431,,0.07971593201805653,,0.001
LSTM5_8d7e734e,LSTM5,loso_subject_S008,23,0.012869838023565889,,0.08279399952217457,,0.001
LSTM5_8d7e734e,LSTM5,loso_subject_S008,24,0.012485613103142916,,0.08213387132824479,,0.001
LSTM5_8d7e734e,LSTM5,loso_subject_S008,25,0.012945645130765305,,0.08246808852226571,,0.001
LSTM5_8d7e734e,LSTM5,loso_subject_S008,26,0.011736682497374735,,0.07889973678701868,,0.001
LSTM5_8d7e734e,LSTM5,loso_subject_S008,27,0.011350884005828446,,0.07801483894576798,,0.001
LSTM5_8d7e734e,LSTM5,loso_subject_S008,28,0.011284159091527418,,0.0775213379079379,,0.001
LSTM5_8d7e734e,LSTM5,loso_subject_S008,29,0.011188160706553422,,0.0775530649433016,,0.001
LSTM5_8d7e734e,LSTM5,loso_subject_S008,30,0.011369378737573424,,0.07815660191879696,,0.001
LSTM5_8d7e734e,LSTM5,loso_subject_S008,31,0.012052386160994428,,0.07957238501680043,,0.001
LSTM5_8d7e734e,LSTM5,loso_subject_S008,32,0.011628569576250592,,0.07884924806057186,,0.001
LSTM5_8d7e734e,LSTM5,loso_subject_S008,33,0.01157713954316778,,0.07774078649795146,,0.001
LSTM5_8d7e734e,LSTM5,loso_subject_S008,34,0.011341675999370006,,0.07804267565327963,,0.001
LSTM5_8d7e734e,LSTM5,loso_subject_S008,35,0.011800975639878778,,0.08034034239236132,,0.001
LSTM5_8d7e734e,LSTM5,loso_subject_S008,36,0.010224895900297385,,0.07349717048759206,,0.001
LSTM5_8d7e734e,LSTM5,loso_subject_S008,37,0.011290174104587212,,0.07606888219339238,,0.001
LSTM5_8d7e734e,LSTM5,loso_subject_S008,38,0.010960204128422291,,0.07605396608308158,,0.001
LSTM5_8d7e734e,LSTM5,loso_subject_S008,39,0.011472537432404343,,0.07805381584509274,,0.001
LSTM5_8d7e734e,LSTM5,loso_subject_S008,40,0.009979670328366575,,0.07283123799492351,,0.001
LSTM5_8d7e734e,LSTM5,loso_subject_S008,41,0.010974895622692413,,0.07704871678872022,,0.001
LSTM5_8d7e734e,LSTM5,loso_subject_S008,42,0.010750372125181349,,0.07605481976964726,,0.001
LSTM5_8d7e734e,LSTM5,loso_subject_S008,43,0.010204115130482465,,0.07350683479524621,,0.001
LSTM5_8d7e734e,LSTM5,loso_subject_S008,44,0.0102955206308782,,0.07290948718141017,,0.001
LSTM5_8d7e734e,LSTM5,loso_subject_S008,45,0.010099774203113362,,0.07276660976457344,,0.001
LSTM5_8d7e734e,LSTM5,loso_subject_S008,46,0.011286125214298509,,0.07855242558778414,,0.001
LSTM5_8d7e734e,LSTM5,loso_subject_S008,47,0.010881842551082634,,0.07538224236615713,,0.001
LSTM5_8d7e734e,LSTM5,loso_subject_S008,48,0.01034647623031259,,0.07238641027481044,,0.001
LSTM5_8d7e734e,LSTM5,loso_subject_S008,49,0.010723764353119504,,0.07485081772050221,,0.001
LSTM5_8d7e734e,LSTM5,loso_subject_S008,50,0.010918005286770964,,0.07559586993395201,,0.001
LSTM5_8d7e734e,LSTM5,loso_subject_S008,51,0.010828095273539258,,0.07473428167659961,,0.001
LSTM5_8d7e734e,LSTM5,loso_subject_S008,52,0.009693178918535264,,0.07070330955685405,,0.001
LSTM5_8d7e734e,LSTM5,loso_subject_S008,53,0.011186766531372922,,0.07465742135201371,,0.001
LSTM5_8d7e734e,LSTM5,loso_subject_S008,54,0.010402513436881543,,0.0738438997589893,,0.001
LSTM5_8d7e734e,LSTM5,loso_subject_S008,55,0.009453843661620472,,0.06984056310478605,,0.001
LSTM5_8d7e734e,LSTM5,loso_subject_S008,56,0.010478063407498468,,0.07307327252738025,,0.001
LSTM5_8d7e734e,LSTM5,loso_subject_S008,57,0.010113036373086304,,0.07271191098489142,,0.001
LSTM5_8d7e734e,LSTM5,loso_subject_S008,58,0.01054646015263148,,0.07328682153056838,,0.001
LSTM5_8d7e734e,LSTM5,loso_subject_S008,59,0.009755664052754518,,0.07049958971576986,,0.001
LSTM5_8d7e734e,LSTM5,loso_subject_S008,60,0.009786433846547529,,0.07118146427546837,,0.001
LSTM5_8d7e734e,LSTM5,loso_subject_S008,61,0.01020850188650884,,0.07248796567957327,,0.001
LSTM5_8d7e734e,LSTM5,loso_subject_S008,62,0.011266879424574851,,0.07655221080399871,,0.001
LSTM5_8d7e734e,LSTM5,loso_subject_S008,63,0.01106273941368719,,0.07526186930812402,,0.001
LSTM5_8d7e734e,LSTM5,loso_subject_S008,64,0.010341677771125919,,0.07196658702361228,,0.001
LSTM5_8d7e734e,LSTM5,loso_subject_S008,65,0.010154677044890162,,0.0725112759435714,,0.001
LSTM5_8d7e734e,LSTM5,loso_subject_S008,66,0.00951138847208358,,0.07034864769283967,,0.001
LSTM5_8d7e734e,LSTM5,loso_subject_S008,67,0.010323482207820962,,0.07164265985304742,,0.001
LSTM5_8d7e734e,LSTM5,loso_subject_S008,68,0.009438025886372752,,0.07015772519394485,,0.001
LSTM5_8d7e734e,LSTM5,loso_subject_S008,69,0.010436281693184878,,0.07287386224118501,,0.001
LSTM5_8d7e734e,LSTM5,loso_subject_S008,70,0.010737340513675656,,0.07420859974577386,,0.001
LSTM5_8d7e734e,LSTM5,loso_subject_S008,71,0.009692339834769683,,0.06979018371746232,,0.001
LSTM5_8d7e734e,LSTM5,loso_subject_S008,72,0.009253136308470303,,0.06879854465155241,,0.001
LSTM5_8d7e734e,LSTM5,loso_subject_S008,73,0.009732361199555515,,0.07010045263539147,,0.001
LSTM5_8d7e734e,LSTM5,loso_subject_S008,74,0.010113507715768287,,0.0718501393578079,,0.001
LSTM5_8d7e734e,LSTM5,loso_subject_S008,75,0.009890586596620997,,0.0727184721715029,,0.001
LSTM5_8d7e734e,LSTM5,loso_subject_S008,76,0.009537477372677407,,0.07007710015288984,,0.001
LSTM5_8d7e734e,LSTM5,loso_subject_S008,77,0.009742285233402963,,0.07081711548176196,,0.001
LSTM5_8d7e734e,LSTM5,loso_subject_S008,78,0.009668176233519964,,0.06904657246984189,,0.001
LSTM5_8d7e734e,LSTM5,loso_subject_S008,79,0.010128519392636103,,0.07244954400326928,,0.001
LSTM5_8d7e734e,LSTM5,loso_subject_S008,80,0.009618572879723241,,0.07010959920180758,,0.001
LSTM5_8d7e734e,LSTM5,loso_subject_S009,1,0.31694299262828873,,0.40387788008559833,,0.001
LSTM5_8d7e734e,LSTM5,loso_subject_S009,2,0.05691424883892794,,0.17615814514430345,,0.001
LSTM5_8d7e734e,LSTM5,loso_subject_S009,3,0.03332148659464023,,0.1360495288207997,,0.001
LSTM5_8d7e734e,LSTM5,loso_subject_S009,4,0.024587634093781115,,0.1177831887734931,,0.001
LSTM5_8d7e734e,LSTM5,loso_subject_S009,5,0.022341214777996873,,0.11307744346883793,,0.001
LSTM5_8d7e734e,LSTM5,loso_subject_S009,6,0.021275453508401272,,0.1088348076137184,,0.001
LSTM5_8d7e734e,LSTM5,loso_subject_S009,7,0.018777253537683527,,0.1043217083344127,,0.001
LSTM5_8d7e734e,LSTM5,loso_subject_S009,8,0.018262424984086274,,0.10154390143019473,,0.001
LSTM5_8d7e734e,LSTM5,loso_subject_S009,9,0.01566565121903292,,0.09434169696952456,,0.001
LSTM5_8d7e734e,LSTM5,loso_subject_S009,10,0.015569931883156151,,0.09405750447274146,,0.001
LSTM5_8d7e734e,LSTM5,loso_subject_S009,11,0.015205378977032112,,0.09283987826123778,,0.001
LSTM5_8d7e734e,LSTM5,loso_subject_S009,12,0.015900163385891824,,0.09403058681474676,,0.001
LSTM5_8d7e734e,LSTM5,loso_subject_S009,13,0.013543732179001735,,0.0874374636436162,,0.001
LSTM5_8d7e734e,LSTM5,loso_subject_S009,14,0.014722233522186986,,0.08933034421386636,,0.001
LSTM5_8d7e734e,LSTM5,loso_subject_S009,15,0.013871411504142757,,0.08655444682015577,,0.001
LSTM5_8d7e734e,LSTM5,loso_subject_S009,16,0.014581757920050755,,0.08992416986901021,,0.001
LSTM5_8d7e734e,LSTM5,loso_subject_S009,17,0.01332270116852608,,0.08658313916376786,,0.001
LSTM5_8d7e734e,LSTM5,loso_subject_S009,18,0.013317895720331265,,0.0849177564214799,,0.001
LSTM5_8d7e734e,LSTM5,loso_subject_S009,19,0.01322088268461404,,0.08506609730487445,,0.001
LSTM5_8d7e734e,LSTM5,loso_subject_S009,20,0.012517538988686737,,0.08315299945891572,,0.001
LSTM5_8d7e734e,LSTM5,loso_subject_S009,21,0.012959977188570932,,0.08445278289791656,,0.001
LSTM5_8d7e734e,LSTM5,loso_subject_S009,22,0.012984479646457088,,0.08364681030158533,,0.001
LSTM5_8d7e734e,LSTM5,loso_subject_S009,23,0.011989976532274804,,0.08128580110493216,,0.001
LSTM5_8d7e734e,LSTM5,loso_subject_S009,24,0.011914970650155548,,0.08079556889767071,,0.001
LSTM5_8d7e734e,LSTM5,loso_subject_S009,25,0.01187873071240514,,0.08080032889546819,,0.001
LSTM5_8d7e734e,LSTM5,loso_subject_S009,26,0.011762171820186514,,0.07924155910426327,,0.001
LSTM5_8d7e734e,LSTM5,loso_subject_S009,27,0.012007704582227717,,0.0801990667675827,,0.001
LSTM5_8d7e734e,LSTM5,loso_subject_S009,28,0.011202985637706437,,0.07859203597973767,,0.001
LSTM5_8d7e734e,LSTM5,loso_subject_S009,29,0.011279626345844153,,0.07797821425597368,,0.001
LSTM5_8d7e734e,LSTM5,loso_subject_S009,30,0.01149928991034497,,0.07807196107035408,,0.001
LSTM5_8d7e734e,LSTM5,loso_subject_S009,31,0.010538971351962977,,0.07600775134667365,,0.001
LSTM5_8d7e734e,LSTM5,loso_subject_S009,32,0.011958649887669724,,0.08116982351631334,,0.001
LSTM5_8d7e734e,LSTM5,loso_subject_S009,33,0.011964292351300289,,0.08049104006434438,,0.001
LSTM5_8d7e734e,LSTM5,loso_subject_S009,34,0.010529200864229746,,0.0745671528622341,,0.001
LSTM5_8d7e734e,LSTM5,loso_subject_S009,35,0.010620255355524875,,0.07528896668779746,,0.001
LSTM5_8d7e734e,LSTM5,loso_subject_S009,36,0.01105490917801523,,0.07629956295748576,,0.001
LSTM5_8d7e734e,LSTM5,loso_subject_S009,37,0.011459962443992552,,0.07696044239984502,,0.001
LSTM5_8d7e734e,LSTM5,loso_subject_S009,38,0.011075503372611619,,0.07750421313854261,,0.001
LSTM5_8d7e734e,LSTM5,loso_subject_S009,39,0.011139808648879434,,0.07547414740303979,,0.001
LSTM5_8d7e734e,LSTM5,loso_subject_S009,40,0.011134089542504118,,0.07562353283834933,,0.001
LSTM5_8d7e734e,LSTM5,loso_subject_S009,41,0.010849995739238422,,0.07544707859475468,,0.001
LSTM5_8d7e734e,LSTM5,loso_subject_S009,42,0.010846329777551395,,0.07603033437192959,,0.001
LSTM5_8d7e734e,LSTM5,loso_subject_S009,43,0.011215336627766472,,0.076825435541264,,0.001
LSTM5_8d7e734e,LSTM5,loso_subject_S009,44,0.010845382126096918,,0.07492366979643239,,0.001
LSTM5_8d7e734e,LSTM5,loso_subject_S009,45,0.01121726732441267,,0.0775833206893795,,0.001
LSTM5_8d7e734e,LSTM5,loso_subject_S009,46,0.010443514521473816,,0.07472000792529782,,0.001
LSTM5_8d7e734e,LSTM5,loso_subject_S009,47,0.01084323225317901,,0.07567139178199014,,0.001
LSTM5_8d7e734e,LSTM5,loso_subject_S009,48,0.010487380450890675,,0.07470202013608973,,0.001
LSTM5_8d7e734e,LSTM5,loso_subject_S009,49,0.010372932586276145,,0.0739076217430021,,0.001
LSTM5_8d7e734e,LSTM5,loso_subject_S009,50,0.011204186900881853,,0.07630459989791047,,0.001
LSTM5_8d7e734e,LSTM5,loso_subject_S009,51,0.010079233748270001,,0.07333746190608513,,0.001
LSTM5_8d7e734e,LSTM5,loso_subject_S009,52,0.009675914240748172,,0.07087019512691949,,0.001
LSTM5_8d7e734e,LSTM5,loso_subject_S009,53,0.010855485593545185,,0.07575972357841387,,0.001
LSTM5_8d7e734e,LSTM5,loso_subject_S009,54,0.010804213323673305,,0.07551077189176793,,0.001
LSTM5_8d7e734e,LSTM5,loso_subject_S009,55,0.010987445570593456,,0.07439953423711758,,0.001
LSTM5_8d7e734e,LSTM5,loso_subject_S009,56,0.010326178857516195,,0.07386109837392348,,0.001
LSTM5_8d7e734e,LSTM5,loso_subject_S009,57,0.010724338270830521,,0.07457125396612721,,0.001
LSTM5_8d7e734e,LSTM5,loso_subject_S009,58,0.010020788068909797,,0.07286475956031721,,0.001
LSTM5_8d7e734e,LSTM5,loso_subject_S009,59,0.010243488980774974,,0.07303060898800864,,0.001
LSTM5_8d7e734e,LSTM5,loso_subject_S009,60,0.010154933749859315,,0.07282337829340736,,0.001
LSTM5_8d7e734e,LSTM5,loso_subject_S009,61,0.010816890135138374,,0.0744683843936451,,0.001
LSTM5_8d7e734e,LSTM5,loso_subject_S009,62,0.010059945535258035,,0.07151960658552044,,0.001
LSTM5_8d7e734e,LSTM5,loso_subject_S009,63,0.009496759587335186,,0.07092169455135447,,0.001
LSTM5_8d7e734e,LSTM5,loso_subject_S009,64,0.01029819009389501,,0.07239947377577666,,0.001
LSTM5_8d7e734e,LSTM5,loso_subject_S009,65,0.010969404995228032,,0.07587575607215186,,0.001
LSTM5_8d7e734e,LSTM5,loso_subject_S009,66,0.010315535235152594,,0.07339267672073203,,0.001
LSTM5_8d7e734e,LSTM5,loso_subject_S009,67,0.010714646905502896,,0.074371093283332,,0.001
LSTM5_8d7e734e,LSTM5,loso_subject_S009,68,0.012254278920706858,,0.07904566173090287,,0.001
LSTM5_8d7e734e,LSTM5,loso_subject_S009,69,0.011390946102635947,,0.07701780753741377,,0.001
LSTM5_8d7e734e,LSTM5,loso_subject_S009,70,0.010567969815390344,,0.0742778231576549,,0.001
LSTM5_8d7e734e,LSTM5,loso_subject_S009,71,0.009644891557563212,,0.07118807277487936,,0.001
LSTM5_8d7e734e,LSTM5,loso_subject_S009,72,0.010417450857864852,,0.07265618588696529,,0.001
LSTM5_8d7e734e,LSTM5,loso_subject_S009,73,0.010514911013663484,,0.07357449541019176,,0.001
LSTM5_8d7e734e,LSTM5,loso_subject_S009,74,0.010299083061752885,,0.073402978475223,,0.001
LSTM5_8d7e734e,LSTM5,loso_subject_S009,75,0.010823629898567722,,0.07379367469739201,,0.001
LSTM5_8d7e734e,LSTM5,loso_subject_S009,76,0.009784880852741961,,0.07072179033368789,,0.001
LSTM5_8d7e734e,LSTM5,loso_subject_S009,77,0.009591043853707806,,0.07099821224140646,,0.001
LSTM5_8d7e734e,LSTM5,loso_subject_S009,78,0.010422967305896366,,0.07250849671596905,,0.001
LSTM5_8d7e734e,LSTM5,loso_subject_S009,79,0.010128611508538833,,0.07180074314734114,,0.001
LSTM5_8d7e734e,LSTM5,loso_subject_S009,80,0.01010286199870713,,0.0724474721649664,,0.001
LSTM5_8d7e734e,LSTM5,loso_subject_S010,1,0.32616567732812146,,0.410166627007165,,0.001
LSTM5_8d7e734e,LSTM5,loso_subject_S010,2,0.053447344400025354,,0.17139912290232523,,0.001
LSTM5_8d7e734e,LSTM5,loso_subject_S010,3,0.032827208892171604,,0.13518240299130896,,0.001
LSTM5_8d7e734e,LSTM5,loso_subject_S010,4,0.025648014803458317,,0.12136430087788351,,0.001
LSTM5_8d7e734e,LSTM5,loso_subject_S010,5,0.02121279909839771,,0.10944662804674045,,0.001
LSTM5_8d7e734e,LSTM5,loso_subject_S010,6,0.022209672050853373,,0.11049538179130977,,0.001
LSTM5_8d7e734e,LSTM5,loso_subject_S010,7,0.017564646376691428,,0.10061195716628887,,0.001
LSTM5_8d7e734e,LSTM5,loso_subject_S010,8,0.01682397991583999,,0.09675702045263328,,0.001
LSTM5_8d7e734e,LSTM5,loso_subject_S010,9,0.01639302788311478,,0.09647297888553788,,0.001
LSTM5_8d7e734e,LSTM5,loso_subject_S010,10,0.01516531035762849,,0.09299455953789462,,0.001
LSTM5_8d7e734e,LSTM5,loso_subject_S010,11,0.014883961904738924,,0.09131845978680503,,0.001
LSTM5_8d7e734e,LSTM5,loso_subject_S010,12,0.014937505052594715,,0.0912670964384314,,0.001
LSTM5_8d7e734e,LSTM5,loso_subject_S010,13,0.014225373379519127,,0.08808205195982467,,0.001
LSTM5_8d7e734e,LSTM5,loso_subject_S010,14,0.012994478782409518,,0.08442795625314337,,0.001
LSTM5_8d7e734e,LSTM5,loso_subject_S010,15,0.014833499397623715,,0.09021703994332864,,0.001
LSTM5_8d7e734e,LSTM5,loso_subject_S010,16,0.013353227380791614,,0.0858782714443841,,0.001
LSTM5_8d7e734e,LSTM5,loso_subject_S010,17,0.013691763377523628,,0.08667507345600081,,0.001
LSTM5_8d7e734e,LSTM5,loso_subject_S010,18,0.013034955814040353,,0.08335328091101106,,0.001
LSTM5_8d7e734e,LSTM5,loso_subject_S010,19,0.013821448607764807,,0.087425342224208,,0.001
LSTM5_8d7e734e,LSTM5,loso_subject_S010,20,0.013583009723078441,,0.08563208102886313,,0.001
LSTM5_8d7e734e,LSTM5,loso_subject_S010,21,0.012926778122966219,,0.08338864364207084,,0.001
LSTM5_8d7e734e,LSTM5,loso_subject_S010,22,0.011879335134634244,,0.08072429032895366,,0.001
LSTM5_8d7e734e,LSTM5,loso_subject_S010,23,0.01170519169126385,,0.07892542886616562,,0.001
LSTM5_8d7e734e,LSTM5,loso_subject_S010,24,0.011759376671770816,,0.07886659522802372,,0.001
LSTM5_8d7e734e,LSTM5,loso_subject_S010,25,0.012039456888115758,,0.08128697204912824,,0.001
LSTM5_8d7e734e,LSTM5,loso_subject_S010,26,0.01132499052239169,,0.07692045865240943,,0.001
LSTM5_8d7e734e,LSTM5,loso_subject_S010,27,0.01154231065379575,,0.07895171495493997,,0.001
LSTM5_8d7e734e,LSTM5,loso_subject_S010,28,0.011505006083053321,,0.08006534773140705,,0.001
LSTM5_8d7e734e,LSTM5,loso_subject_S010,29,0.011179147375371363,,0.07710111071470335,,0.001
LSTM5_8d7e734e,LSTM5,loso_subject_S010,30,0.012308682154478699,,0.08201399034467237,,0.001
LSTM5_8d7e734e,LSTM5,loso_subject_S010,31,0.0117095087017185,,0.07803151301415683,,0.001
LSTM5_8d7e734e,LSTM5,loso_subject_S010,32,0.012268610289457983,,0.07941147185898767,,0.001
LSTM5_8d7e734e,LSTM5,loso_subject_S010,33,0.010787338440494584,,0.07654113454624938,,0.001
LSTM5_8d7e734e,LSTM5,loso_subject_S010,34,0.010823549413732413,,0.07582297433039238,,0.001
LSTM5_8d7e734e,LSTM5,loso_subject_S010,35,0.01068854053032222,,0.07437654569965278,,0.001
LSTM5_8d7e734e,LSTM5,loso_subject_S010,36,0.011243303758298675,,0.07675024395432378,,0.001
LSTM5_8d7e734e,LSTM5,loso_subject_S010,37,0.010521007185627528,,0.07454484113918737,,0.001
LSTM5_8d7e734e,LSTM5,loso_subject_S010,38,0.010850070113215246,,0.0743433785042152,,0.001
LSTM5_8d7e734e,LSTM5,loso_subject_S010,39,0.010968187479806945,,0.07665056023251247,,0.001
LSTM5_8d7e734e,LSTM5,loso_subject_S010,40,0.011019026360524993,,0.0766609245406583,,0.001
LSTM5_8d7e734e,LSTM5,loso_subject_S010,41,0.010426969258252329,,0.07416381771341334,,0.001
LSTM5_8d7e734e,LSTM5,loso_subject_S010,42,0.010242972261469646,,0.07367745757543395,,0.001
LSTM5_8d7e734e,LSTM5,loso_subject_S010,43,0.010767297837607966,,0.07539408382377014,,0.001
LSTM5_8d7e734e,LSTM5,loso_subject_S010,44,0.010783005652609716,,0.0750045006351518,,0.001
LSTM5_8d7e734e,LSTM5,loso_subject_S010,45,0.01067129002305968,,0.07443448647930118,,0.001
LSTM5_8d7e734e,LSTM5,loso_subject_S010,46,0.009839559409749038,,0.07217759367427215,,0.001
LSTM5_8d7e734e,LSTM5,loso_subject_S010,47,0.009974666311419363,,0.0730410217871807,,0.001
LSTM5_8d7e734e,LSTM5,loso_subject_S010,48,0.010255505725411064,,0.07407343938139271,,0.001
LSTM5_8d7e734e,LSTM5,loso_subject_S010,49,0.010654906893672027,,0.07406057450424862,,0.001
LSTM5_8d7e734e,LSTM5,loso_subject_S010,50,0.0101303563320211,,0.07312789797929707,,0.001
LSTM5_8d7e734e,LSTM5,loso_subject_S010,51,0.009760100119219624,,0.0714597612105567,,0.001
LSTM5_8d7e734e,LSTM5,loso_subject_S010,52,0.010585743438434131,,0.07307549595392396,,0.001
LSTM5_8d7e734e,LSTM5,loso_subject_S010,53,0.010550669692640234,,0.07297504429012684,,0.001
LSTM5_8d7e734e,LSTM5,loso_subject_S010,54,0.01062449198124444,,0.0731661698868122,,0.001
LSTM5_8d7e734e,LSTM5,loso_subject_S010,55,0.009773977762638716,,0.0717751786773428,,0.001
LSTM5_8d7e734e,LSTM5,loso_subject_S010,56,0.010141361605724679,,0.07172545348408774,,0.001
LSTM5_8d7e734e,LSTM5,loso_subject_S010,57,0.010455381758327555,,0.07291622632389586,,0.001
LSTM5_8d7e734e,LSTM5,loso_subject_S010,58,0.010658162054169942,,0.07265346724851965,,0.001
LSTM5_8d7e734e,LSTM5,loso_subject_S010,59,0.009806276003146553,,0.07061384170513435,,0.001
LSTM5_8d7e734e,LSTM5,loso_subject_S010,60,0.009873919138510533,,0.07221322800285124,,0.001
LSTM5_8d7e734e,LSTM5,loso_subject_S010,61,0.010429347668008264,,0.0726517869774344,,0.001
LSTM5_8d7e734e,LSTM5,loso_subject_S010,62,0.010112177658587547,,0.07139057588988337,,0.001
LSTM5_8d7e734e,LSTM5,loso_subject_S010,63,0.009919353210243393,,0.07050324499313468,,0.001
LSTM5_8d7e734e,LSTM5,loso_subject_S010,64,0.011065794526613111,,0.07526507731435333,,0.001
LSTM5_8d7e734e,LSTM5,loso_subject_S010,65,0.010274109721936176,,0.07265348677417915,,0.001
LSTM5_8d7e734e,LSTM5,loso_subject_S010,66,0.010034093353438554,,0.07109822362220933,,0.001
LSTM5_8d7e734e,LSTM5,loso_subject_S010,67,0.010453229214941046,,0.07258998459489474,,0.001
LSTM5_8d7e734e,LSTM5,loso_subject_S010,68,0.009953725495802358,,0.07198912668697939,,0.001
LSTM5_8d7e734e,LSTM5,loso_subject_S010,69,0.009683065377909856,,0.0716135077949228,,0.001
LSTM5_8d7e734e,LSTM5,loso_subject_S010,70,0.009834670727806432,,0.07170068320309,,0.001
LSTM5_8d7e734e,LSTM5,loso_subject_S010,71,0.010760968702436962,,0.07492901516958998,,0.001
LSTM5_8d7e734e,LSTM5,loso_subject_S010,72,0.009535873079388012,,0.06937391499947444,,0.001
LSTM5_8d7e734e,LSTM5,loso_subject_S010,73,0.009875313479801999,,0.07036518044953276,,0.001
LSTM5_8d7e734e,LSTM5,loso_subject_S010,74,0.009675053719045788,,0.07071568761846703,,0.001
LSTM5_8d7e734e,LSTM5,loso_subject_S010,75,0.00892762405329884,,0.06786169717317732,,0.001
LSTM5_8d7e734e,LSTM5,loso_subject_S010,76,0.010604998149583345,,0.07424602837398134,,0.001
LSTM5_8d7e734e,LSTM5,loso_subject_S010,77,0.010095477911639096,,0.07082593529095203,,0.001
LSTM5_8d7e734e,LSTM5,loso_subject_S010,78,0.009608094068932269,,0.06991427081632497,,0.001
LSTM5_8d7e734e,LSTM5,loso_subject_S010,79,0.009502101042697875,,0.06893701799984636,,0.001
LSTM5_8d7e734e,LSTM5,loso_subject_S010,80,0.01017755654232182,,0.07179343867404707,,0.001
LSTM5_8d7e734e,LSTM5,loso_subject_S011,1,0.3188345031556914,,0.40314275733741384,,0.001
LSTM5_8d7e734e,LSTM5,loso_subject_S011,2,0.04369521826131481,,0.15920065706114297,,0.001
LSTM5_8d7e734e,LSTM5,loso_subject_S011,3,0.028483646626596613,,0.13008108959592427,,0.001
LSTM5_8d7e734e,LSTM5,loso_subject_S011,4,0.024566916762087686,,0.11962171512569247,,0.001
LSTM5_8d7e734e,LSTM5,loso_subject_S011,5,0.02208661414748897,,0.11205553363573956,,0.001
LSTM5_8d7e734e,LSTM5,loso_subject_S011,6,0.02041484110904761,,0.10838394532835818,,0.001
LSTM5_8d7e734e,LSTM5,loso_subject_S011,7,0.01706581007870825,,0.09779023758990021,,0.001
LSTM5_8d7e734e,LSTM5,loso_subject_S011,8,0.018430105453161757,,0.10193760120358038,,0.001
LSTM5_8d7e734e,LSTM5,loso_subject_S011,9,0.015740268792203204,,0.09440185268309127,,0.001
LSTM5_8d7e734e,LSTM5,loso_subject_S011,10,0.014746970902066375,,0.09180160694187466,,0.001
LSTM5_8d7e734e,LSTM5,loso_subject_S011,11,0.014491647156161783,,0.08996374111628075,,0.001
LSTM5_8d7e734e,LSTM5,loso_subject_S011,12,0.014341736033536836,,0.0899760801097491,,0.001
LSTM5_8d7e734e,LSTM5,loso_subject_S011,13,0.013739471716401849,,0.08616443796515288,,0.001
LSTM5_8d7e734e,LSTM5,loso_subject_S011,14,0.013887583440172444,,0.08826143472638405,,0.001
LSTM5_8d7e734e,LSTM5,loso_subject_S011,15,0.012120675819443106,,0.08167602496450022,,0.001
LSTM5_8d7e734e,LSTM5,loso_subject_S011,16,0.014494328754933405,,0.0900594862604423,,0.001
LSTM5_8d7e734e,LSTM5,loso_subject_S011,17,0.013274970948365978,,0.08591624846794757,,0.001
LSTM5_8d7e734e,LSTM5,loso_subject_S011,18,0.013991182436409958,,0.08704438172776026,,0.001
LSTM5_8d7e734e,LSTM5,loso_subject_S011,19,0.01282482399705638,,0.08402840378673601,,0.001
LSTM5_8d7e734e,LSTM5,loso_subject_S011,20,0.012391203531288326,,0.08201281420853501,,0.001
LSTM5_8d7e734e,LSTM5,loso_subject_S011,21,0.01288496498238609,,0.0841048463034489,,0.001
LSTM5_8d7e734e,LSTM5,loso_subject_S011,22,0.01313495848856129,,0.08447042741926945,,0.001
LSTM5_8d7e734e,LSTM5,loso_subject_S011,23,0.012165368107344234,,0.08086035400408938,,0.001
LSTM5_8d7e734e,LSTM5,loso_subject_S011,24,0.010896252506196587,,0.07728382338229099,,0.001
LSTM5_8d7e734e,LSTM5,loso_subject_S011,25,0.011518228871464465,,0.07823055398869197,,0.001
LSTM5_8d7e734e,LSTM5,loso_subject_S011,26,0.010923408394462073,,0.07671220203754292,,0.001
LSTM5_8d7e734e,LSTM5,loso_subject_S011,27,0.011917694440961676,,0.07973070057491433,,0.001
LSTM5_8d7e734e,LSTM5,loso_subject_S011,28,0.011544530302220116,,0.07987962876896386,,0.001
LSTM5_8d7e734e,LSTM5,loso_subject_S011,29,0.011629085556398995,,0.07754287572916008,,0.001
LSTM5_8d7e734e,LSTM5,loso_subject_S011,30,0.011239196659455095,,0.07792888242349667,,0.001
LSTM5_8d7e734e,LSTM5,loso_subject_S011,31,0.010977427189292021,,0.07691346898432848,,0.001
LSTM5_8d7e734e,LSTM5,loso_subject_S011,32,0.011065585395951302,,0.07737371497615578,,0.001
LSTM5_8d7e734e,LSTM5,loso_subject_S011,33,0.010569469831839887,,0.07623181380716701,,0.001
LSTM5_8d7e734e,LSTM5,loso_subject_S011,34,0.01119154714229496,,0.07581400630261029,,0.001
LSTM5_8d7e734e,LSTM5,loso_subject_S011,35,0.009940881441942962,,0.07420325212323683,,0.001
LSTM5_8d7e734e,LSTM5,loso_subject_S011,36,0.0110136675543841,,0.07746181048705976,,0.001
LSTM5_8d7e734e,LSTM5,loso_subject_S011,37,0.010954473210028215,,0.07650517930264311,,0.001
LSTM5_8d7e734e,LSTM5,loso_subject_S011,38,0.010405366345992425,,0.07456579449830063,,0.001
LSTM5_8d7e734e,LSTM5,loso_subject_S011,39,0.010825710961845548,,0.0758134714609763,,0.001
LSTM5_8d7e734e,LSTM5,loso_subject_S011,40,0.010697621031027381,,0.07475569175234398,,0.001
LSTM5_8d7e734e,LSTM5,loso_subject_S011,41,0.011238689280969353,,0.07650400280644305,,0.001
LSTM5_8d7e734e,LSTM5,loso_subject_S011,42,0.011287688544264924,,0.07641505586916093,,0.001
LSTM5_8d7e734e,LSTM5,loso_subject_S011,43,0.01092184608048337,,0.07490645408234181,,0.001
LSTM5_8d7e734e,LSTM5,loso_subject_S011,44,0.01018483680390933,,0.07366911965247623,,0.001
LSTM5_8d7e734e,LSTM5,loso_subject_S011,45,0.010065676415809589,,0.07254142375385039,,0.001
LSTM5_8d7e734e,LSTM5,loso_subject_S011,46,0.010785570288932659,,0.07477327204657447,,0.001
LSTM5_8d7e734e,LSTM5,loso_subject_S011,47,0.01011029511051833,,0.07234531621857267,,0.001
LSTM5_8d7e734e,LSTM5,loso_subject_S011,48,0.009678136456779795,,0.07091850779697498,,0.001
LSTM5_8d7e734e,LSTM5,loso_subject_S011,49,0.010913541767212454,,0.07490130681627082,,0.001
LSTM5_8d7e734e,LSTM5,loso_subject_S011,50,0.010679968831403128,,0.07433918169321302,,0.001
LSTM5_8d7e734e,LSTM5,loso_subject_S011,51,0.010308878126511545,,0.07269978238877729,,0.001
LSTM5_8d7e734e,LSTM5,loso_subject_S011,52,0.0100205626993535,,0.07193311705987246,,0.001
LSTM5_8d7e734e,LSTM5,loso_subject_S011,53,0.009762609040466422,,0.071302369690364,,0.001
LSTM5_8d7e734e,LSTM5,loso_subject_S011,54,0.009968481816494483,,0.07220661827257148,,0.001
LSTM5_8d7e734e,LSTM5,loso_subject_S011,55,0.010557994444027784,,0.0732363300516299,,0.001
LSTM5_8d7e734e,LSTM5,loso_subject_S011,56,0.010243333281021966,,0.07368099260057269,,0.001
LSTM5_8d7e734e,LSTM5,loso_subject_S011,57,0.009756850941791757,,0.07184384773145575,,0.001
LSTM5_8d7e734e,LSTM5,loso_subject_S011,58,0.009572896878874724,,0.0708045392392129,,0.001
LSTM5_8d7e734e,LSTM5,loso_subject_S011,59,0.010726096181465833,,0.07402344887726768,,0.001
LSTM5_8d7e734e,LSTM5,loso_subject_S011,60,0.010334981561251854,,0.07336995685294248,,0.001
LSTM5_8d7e734e,LSTM5,loso_subject_S011,61,0.010671462113948394,,0.07364534745144174,,0.001
LSTM5_8d7e734e,LSTM5,loso_subject_S011,62,0.011180805657306574,,0.07712500906457224,,0.001
LSTM5_8d7e734e,LSTM5,loso_subject_S011,63,0.01118287665403532,,0.0766189812755479,,0.001
LSTM5_8d7e734e,LSTM5,loso_subject_S011,64,0.010026233508478592,,0.07169831108791613,,0.001
LSTM5_8d7e734e,LSTM5,loso_subject_S011,65,0.010037444852446611,,0.07181000702050094,,0.001
LSTM5_8d7e734e,LSTM5,loso_subject_S011,66,0.009833218436000353,,0.07128737118959075,,0.001
LSTM5_8d7e734e,LSTM5,loso_subject_S011,67,0.00971726867311154,,0.07104791942296035,,0.001
LSTM5_8d7e734e,LSTM5,loso_subject_S011,68,0.009825393196575046,,0.07191690182095968,,0.001
LSTM5_8d7e734e,LSTM5,loso_subject_S011,69,0.010316555250430565,,0.07262341807124534,,0.001
LSTM5_8d7e734e,LSTM5,loso_subject_S011,70,0.010233319531768516,,0.07172968018706476,,0.001
LSTM5_8d7e734e,LSTM5,loso_subject_S011,71,0.009856511120363915,,0.07077858744070836,,0.001
LSTM5_8d7e734e,LSTM5,loso_subject_S011,72,0.01001717278533003,,0.07078921962832066,,0.001
LSTM5_8d7e734e,LSTM5,loso_subject_S011,73,0.010256031057639172,,0.07319072016584996,,0.001
LSTM5_8d7e734e,LSTM5,loso_subject_S011,74,0.009457326664189029,,0.06906931242263123,,0.001
LSTM5_8d7e734e,LSTM5,loso_subject_S011,75,0.009728957689539193,,0.07078702465205988,,0.001
LSTM5_8d7e734e,LSTM5,loso_subject_S011,76,0.010755054376183003,,0.07485596155706502,,0.001
LSTM5_8d7e734e,LSTM5,loso_subject_S011,77,0.009503596255134797,,0.06990777927628296,,0.001
LSTM5_8d7e734e,LSTM5,loso_subject_S011,78,0.009897245457629773,,0.07105303075236091,,0.001
LSTM5_8d7e734e,LSTM5,loso_subject_S011,79,0.009597202712337058,,0.07095828796771288,,0.001
LSTM5_8d7e734e,LSTM5,loso_subject_S011,80,0.009971579739843197,,0.07054542111153088,,0.001
LSTM5_8d7e734e,LSTM5,loso_subject_S012,1,0.32565389243604154,,0.42207006037497835,,0.001
LSTM5_8d7e734e,LSTM5,loso_subject_S012,2,0.044205078712381454,,0.15731188222962855,,0.001
LSTM5_8d7e734e,LSTM5,loso_subject_S012,3,0.029296047353184345,,0.13022241090450343,,0.001
LSTM5_8d7e734e,LSTM5,loso_subject_S012,4,0.023775004097718676,,0.1171688291272928,,0.001
LSTM5_8d7e734e,LSTM5,loso_subject_S012,5,0.02216222546502357,,0.11303486791213703,,0.001
LSTM5_8d7e734e,LSTM5,loso_subject_S012,6,0.019759712606208964,,0.10651534551128242,,0.001
LSTM5_8d7e734e,LSTM5,loso_subject_S012,7,0.017903510040211082,,0.10185820689197854,,0.001
LSTM5_8d7e734e,LSTM5,loso_subject_S012,8,0.017273834982008924,,0.09925867050185953,,0.001
LSTM5_8d7e734e,LSTM5,loso_subject_S012,9,0.0176576963747563,,0.10036260596368457,,0.001
LSTM5_8d7e734e,LSTM5,loso_subject_S012,10,0.01576871520534661,,0.09405207954751937,,0.001
LSTM5_8d7e734e,LSTM5,loso_subject_S012,11,0.01539390809183035,,0.09297202813511553,,0.001
LSTM5_8d7e734e,LSTM5,loso_subject_S012,12,0.015097780955378268,,0.09271921968188755,,0.001
LSTM5_8d7e734e,LSTM5,loso_subject_S012,13,0.014744296040599304,,0.09026063941036203,,0.001
LSTM5_8d7e734e,LSTM5,loso_subject_S012,14,0.014022573521265024,,0.08755257223102314,,0.001
LSTM5_8d7e734e,LSTM5,loso_subject_S012,15,0.013688602043854595,,0.0867330110129981,,0.001
LSTM5_8d7e734e,LSTM5,loso_subject_S012,16,0.014677936844965347,,0.08854058661912506,,0.001
LSTM5_8d7e734e,LSTM5,loso_subject_S012,17,0.013700746185530563,,0.08707929917675458,,0.001
LSTM5_8d7e734e,LSTM5,loso_subject_S012,18,0.012977101315885082,,0.08513160109432433,,0.001
LSTM5_8d7e734e,LSTM5,loso_subject_S012,19,0.01167621722885253,,0.07946585604535325,,0.001
LSTM5_8d7e734e,LSTM5,loso_subject_S012,20,0.012408348318276908,,0.08172927570150462,,0.001
LSTM5_8d7e734e,LSTM5,loso_subject_S012,21,0.012722915900042403,,0.08293946759116107,,0.001
LSTM5_8d7e734e,LSTM5,loso_subject_S012,22,0.011924496786764627,,0.07986887555552999,,0.001
LSTM5_8d7e734e,LSTM5,loso_subject_S012,23,0.012832690754880726,,0.08284209227071809,,0.001
LSTM5_8d7e734e,LSTM5,loso_subject_S012,24,0.011597087343665121,,0.07847676597940415,,0.001
LSTM5_8d7e734e,LSTM5,loso_subject_S012,25,0.011844205111265183,,0.07966385429476151,,0.001
LSTM5_8d7e734e,LSTM5,loso_subject_S012,26,0.010927538478284768,,0.07798810986126396,,0.001
LSTM5_8d7e734e,LSTM5,loso_subject_S012,27,0.011872728732681222,,0.08010413404253261,,0.001
LSTM5_8d7e734e,LSTM5,loso_subject_S012,28,0.01124959801284052,,0.07743211799518653,,0.001
LSTM5_8d7e734e,LSTM5,loso_subject_S012,29,0.011101151944826002,,0.07642398808539877,,0.001
LSTM5_8d7e734e,LSTM5,loso_subject_S012,30,0.010911263591676906,,0.07658837162581834,,0.001
LSTM5_8d7e734e,LSTM5,loso_subject_S012,31,0.011366618810722087,,0.07747490320699331,,0.001
LSTM5_8d7e734e,LSTM5,loso_subject_S012,32,0.010499148519925785,,0.07496714582571024,,0.001
LSTM5_8d7e734e,LSTM5,loso_subject_S012,33,0.011162954347178055,,0.07748906652439008,,0.001
LSTM5_8d7e734e,LSTM5,loso_subject_S012,34,0.011256646559260534,,0.07675615091987294,,0.001
LSTM5_8d7e734e,LSTM5,loso_subject_S012,35,0.01113339490291393,,0.07646928065717658,,0.001
LSTM5_8d7e734e,LSTM5,loso_subject_S012,36,0.010444388891981913,,0.07453109780859841,,0.001
LSTM5_8d7e734e,LSTM5,loso_subject_S012,37,0.01135343767965155,,0.07689337735112194,,0.001
LSTM5_8d7e734e,LSTM5,loso_subject_S012,38,0.009972001013733042,,0.0732416404282644,,0.001
LSTM5_8d7e734e,LSTM5,loso_subject_S012,39,0.010607550850633132,,0.0754634152337493,,0.001
LSTM5_8d7e734e,LSTM5,loso_subject_S012,40,0.010457905347454916,,0.07491719915959628,,0.001
LSTM5_8d7e734e,LSTM5,loso_subject_S012,41,0.01031430080319685,,0.07473232579826433,,0.001
LSTM5_8d7e734e,LSTM5,loso_subject_S012,42,0.010839192388735154,,0.07533892794196301,,0.001
LSTM5_8d7e734e,LSTM5,loso_subject_S012,43,0.010394147160311234,,0.07401021055975675,,0.001
LSTM5_8d7e734e,LSTM5,loso_subject_S012,44,0.010458275668798958,,0.07476088290872727,,0.001
LSTM5_8d7e734e,LSTM5,loso_subject_S012,45,0.01177494819624768,,0.07873635636245976,,0.001
LSTM5_8d7e734e,LSTM5,loso_subject_S012,46,0.011012394907617622,,0.07619080789244997,,0.001
LSTM5_8d7e734e,LSTM5,loso_subject_S012,47,0.009913272714234134,,0.07300690113404074,,0.001
LSTM5_8d7e734e,LSTM5,loso_subject_S012,48,0.010485739929658988,,0.07481323366166912,,0.001
LSTM5_8d7e734e,LSTM5,loso_subject_S012,49,0.011434208236295571,,0.0768939832343054,,0.001
LSTM5_8d7e734e,LSTM5,loso_subject_S012,50,0.010303578037281744,,0.07320885509908986,,0.001
LSTM5_8d7e734e,LSTM5,loso_subject_S012,51,0.010722010483125584,,0.07562760179657244,,0.001
LSTM5_8d7e734e,LSTM5,loso_subject_S012,52,0.009422962845640911,,0.07077872671307271,,0.001
LSTM5_8d7e734e,LSTM5,loso_subject_S012,53,0.011105908703731808,,0.07500232186677172,,0.001
LSTM5_8d7e734e,LSTM5,loso_subject_S012,54,0.010647903828267637,,0.07446969732007616,,0.001
LSTM5_8d7e734e,LSTM5,loso_subject_S012,55,0.009855338568401232,,0.0711535211461056,,0.001
LSTM5_8d7e734e,LSTM5,loso_subject_S012,56,0.009536826458216676,,0.06969519614210563,,0.001
LSTM5_8d7e734e,LSTM5,loso_subject_S012,57,0.010594893796109593,,0.07419581139096429,,0.001
LSTM5_8d7e734e,LSTM5,loso_subject_S012,58,0.009661766664615986,,0.07136870084355056,,0.001
LSTM5_8d7e734e,LSTM5,loso_subject_S012,59,0.010454970345491879,,0.07345927935339806,,0.001
LSTM5_8d7e734e,LSTM5,loso_subject_S012,60,0.010899751731597991,,0.07497221214283756,,0.001
LSTM5_8d7e734e,LSTM5,loso_subject_S012,61,0.009487293912549113,,0.07097881467200585,,0.001
LSTM5_8d7e734e,LSTM5,loso_subject_S012,62,0.009425587209814096,,0.06978630693123379,,0.001
LSTM5_8d7e734e,LSTM5,loso_subject_S012,63,0.010722916046493905,,0.0757871631965063,,0.001
LSTM5_8d7e734e,LSTM5,loso_subject_S012,64,0.010308401827069982,,0.07289372943177622,,0.001
LSTM5_8d7e734e,LSTM5,loso_subject_S012,65,0.01080097518560426,,0.07485000025836556,,0.001
LSTM5_8d7e734e,LSTM5,loso_subject_S012,66,0.010515270963934812,,0.07436995751575927,,0.001
LSTM5_8d7e734e,LSTM5,loso_subject_S012,67,0.009519887053532178,,0.07060899687671102,,0.001
LSTM5_8d7e734e,LSTM5,loso_subject_S012,68,0.009632369845684361,,0.0712925677454419,,0.001
LSTM5_8d7e734e,LSTM5,loso_subject_S012,69,0.00988449899482482,,0.07017246096144689,,0.001
LSTM5_8d7e734e,LSTM5,loso_subject_S012,70,0.009499027664265794,,0.07064882964552237,,0.001
LSTM5_8d7e734e,LSTM5,loso_subject_S012,71,0.010824076344755516,,0.07393858369314023,,0.001
LSTM5_8d7e734e,LSTM5,loso_subject_S012,72,0.010077290516893725,,0.07275572746838942,,0.001
LSTM5_8d7e734e,LSTM5,loso_subject_S012,73,0.009571600346531987,,0.06998823194076662,,0.001
LSTM5_8d7e734e,LSTM5,loso_subject_S012,74,0.00986730235843494,,0.07043329477747806,,0.001
LSTM5_8d7e734e,LSTM5,loso_subject_S012,75,0.010568362230465101,,0.07470325379469671,,0.001
LSTM5_8d7e734e,LSTM5,loso_subject_S012,76,0.00990727949701523,,0.07049424433410606,,0.001
LSTM5_8d7e734e,LSTM5,loso_subject_S012,77,0.01005706297105148,,0.07112363544942349,,0.001
LSTM5_8d7e734e,LSTM5,loso_subject_S012,78,0.009029444768510638,,0.06792743581069549,,0.001
LSTM5_8d7e734e,LSTM5,loso_subject_S012,79,0.009812492454388944,,0.07083984829824576,,0.001
LSTM5_8d7e734e,LSTM5,loso_subject_S012,80,0.009234328548972345,,0.06882285085806238,,0.001
LSTM5_8d7e734e,LSTM5,loso_subject_S013,1,0.29465917411028814,,0.3871717285088543,,0.001
LSTM5_8d7e734e,LSTM5,loso_subject_S013,2,0.04827392835405751,,0.16369503535287439,,0.001
LSTM5_8d7e734e,LSTM5,loso_subject_S013,3,0.031806024145013524,,0.13363914393382545,,0.001
LSTM5_8d7e734e,LSTM5,loso_subject_S013,4,0.02500815459989776,,0.11959842609395556,,0.001
LSTM5_8d7e734e,LSTM5,loso_subject_S013,5,0.021537654766152565,,0.11092349696964197,,0.001
LSTM5_8d7e734e,LSTM5,loso_subject_S013,6,0.02027165800583406,,0.10708920703651037,,0.001
LSTM5_8d7e734e,LSTM5,loso_subject_S013,7,0.017988962759389288,,0.10034480687798135,,0.001
LSTM5_8d7e734e,LSTM5,loso_subject_S013,8,0.01630953849298085,,0.09617948362024632,,0.001
LSTM5_8d7e734e,LSTM5,loso_subject_S013,9,0.016319105637919856,,0.09481845801973068,,0.001
LSTM5_8d7e734e,LSTM5,loso_subject_S013,10,0.015338969418326184,,0.09185149793801003,,0.001
LSTM5_8d7e734e,LSTM5,loso_subject_S013,11,0.015062746410282081,,0.09189992968941543,,0.001
LSTM5_8d7e734e,LSTM5,loso_subject_S013,12,0.015403164378946798,,0.09184138161276025,,0.001
LSTM5_8d7e734e,LSTM5,loso_subject_S013,13,0.012900965214689194,,0.08474282286057427,,0.001
LSTM5_8d7e734e,LSTM5,loso_subject_S013,14,0.0133308876362775,,0.08388205683758286,,0.001
LSTM5_8d7e734e,LSTM5,loso_subject_S013,15,0.014581506862354448,,0.08903691939087012,,0.001
LSTM5_8d7e734e,LSTM5,loso_subject_S013,16,0.01333623530826459,,0.08497455949372607,,0.001
LSTM5_8d7e734e,LSTM5,loso_subject_S013,17,0.013034090958028138,,0.08353490786654567,,0.001
LSTM5_8d7e734e,LSTM5,loso_subject_S013,18,0.012425874067792433,,0.08218069894725974,,0.001
LSTM5_8d7e734e,LSTM5,loso_subject_S013,19,0.012272981271658644,,0.08117461293290645,,0.001
LSTM5_8d7e734e,LSTM5,loso_subject_S013,20,0.012522262256043248,,0.08229345394974581,,0.001
LSTM5_8d7e734e,LSTM5,loso_subject_S013,21,0.011956744746970763,,0.08077184207198333,,0.001
LSTM5_8d7e734e,LSTM5,loso_subject_S013,22,0.012053784151464846,,0.080632295783202,,0.001
LSTM5_8d7e734e,LSTM5,loso_subject_S013,23,0.012282515086781751,,0.08032971480255087,,0.001
LSTM5_8d7e734e,LSTM5,loso_subject_S013,24,0.011815129401449305,,0.07899839088180878,,0.001
LSTM5_8d7e734e,LSTM5,loso_subject_S013,25,0.011902982824152973,,0.07860209020049219,,0.001
LSTM5_8d7e734e,LSTM5,loso_subject_S013,26,0.012581384787293698,,0.08249714118384824,,0.001
LSTM5_8d7e734e,LSTM5,loso_subject_S013,27,0.011852835597430365,,0.07923022648384453,,0.001
LSTM5_8d7e734e,LSTM5,loso_subject_S013,28,0.01128394303089411,,0.07753021844338187,,0.001
LSTM5_8d7e734e,LSTM5,loso_subject_S013,29,0.012542358434373074,,0.08091281297132531,,0.001
LSTM5_8d7e734e,LSTM5,loso_subject_S013,30,0.012106685332735127,,0.07907143961091205,,0.001
LSTM5_8d7e734e,LSTM5,loso_subject_S013,31,0.010875722303447436,,0.07631484715732126,,0.001
LSTM5_8d7e734e,LSTM5,loso_subject_S013,32,0.01104196783464234,,0.07622561019332418,,0.001
LSTM5_8d7e734e,LSTM5,loso_subject_S013,33,0.010980911374987615,,0.07645386745609048,,0.001
LSTM5_8d7e734e,LSTM5,loso_subject_S013,34,0.011247671478831999,,0.07681402337350811,,0.001
LSTM5_8d7e734e,LSTM5,loso_subject_S013,35,0.0120112658581236,,0.07905620944218458,,0.001
LSTM5_8d7e734e,LSTM5,loso_subject_S013,36,0.010758538858735522,,0.07439600006806067,,0.001
LSTM5_8d7e734e,LSTM5,loso_subject_S013,37,0.011020964993202854,,0.07642410255239979,,0.001
LSTM5_8d7e734e,LSTM5,loso_subject_S013,38,0.011216169201478231,,0.07663425780853068,,0.001
LSTM5_8d7e734e,LSTM5,loso_subject_S013,39,0.010336766681370818,,0.07413255247475521,,0.001
LSTM5_8d7e734e,LSTM5,loso_subject_S013,40,0.010606687813162659,,0.07482194672686888,,0.001
LSTM5_8d7e734e,LSTM5,loso_subject_S013,41,0.011341922457436792,,0.07702047529859035,,0.001
LSTM5_8d7e734e,LSTM5,loso_subject_S013,42,0.011237457976570787,,0.07624803605970742,,0.001
LSTM5_8d7e734e,LSTM5,loso_subject_S013,43,0.011022185788625502,,0.07594012747857919,,0.001
LSTM5_8d7e734e,LSTM5,loso_subject_S013,44,0.010236419405187039,,0.07261075617876914,,0.001
LSTM5_8d7e734e,LSTM5,loso_subject_S013,45,0.011165733521343486,,0.07670461453210936,,0.001
LSTM5_8d7e734e,LSTM5,loso_subject_S013,46,0.010626214742209383,,0.0729598524965303,,0.001
LSTM5_8d7e734e,LSTM5,loso_subject_S013,47,0.010598236701558105,,0.07289231437293103,,0.001
LSTM5_8d7e734e,LSTM5,loso_subject_S013,48,0.01115817813072472,,0.07431324999052,,0.001
LSTM5_8d7e734e,LSTM5,loso_subject_S013,49,0.010245016859768197,,0.07173778323550821,,0.001
LSTM5_8d7e734e,LSTM5,loso_subject_S013,50,0.009743641696243243,,0.07108997885626156,,0.001
LSTM5_8d7e734e,LSTM5,loso_subject_S013,51,0.010479418373498372,,0.07358596211143092,,0.001
LSTM5_8d7e734e,LSTM5,loso_subject_S013,52,0.009898489703179813,,0.07173010370576523,,0.001
LSTM5_8d7e734e,LSTM5,loso_subject_S013,53,0.010033273722473425,,0.07222711650387936,,0.001
LSTM5_8d7e734e,LSTM5,loso_subject_S013,54,0.009889237315101026,,0.07044874721545362,,0.001
LSTM5_8d7e734e,LSTM5,loso_subject_S013,55,0.010758244260793703,,0.07422633354740724,,0.001
LSTM5_8d7e734e,LSTM5,loso_subject_S013,56,0.010085498320027315,,0.07161002285392798,,0.001
LSTM5_8d7e734e,LSTM5,loso_subject_S013,57,0.01131613555023418,,0.07489542915397546,,0.001
LSTM5_8d7e734e,LSTM5,loso_subject_S013,58,0.01122202427678268,,0.07531277486412156,,0.001
LSTM5_8d7e734e,LSTM5,loso_subject_S013,59,0.009969939735173601,,0.0709774855308882,,0.001
LSTM5_8d7e734e,LSTM5,loso_subject_S013,60,0.011008557543505909,,0.0745511764974584,,0.001
LSTM5_8d7e734e,LSTM5,loso_subject_S013,61,0.010232789084978476,,0.07233195222943543,,0.001
LSTM5_8d7e734e,LSTM5,loso_subject_S013,62,0.010364716253382958,,0.07379465513867463,,0.001
LSTM5_8d7e734e,LSTM5,loso_subject_S013,63,0.010662223932271541,,0.07449105161019719,,0.001
LSTM5_8d7e734e,LSTM5,loso_subject_S013,64,0.009720267446008445,,0.07030880755045325,,0.001
LSTM5_8d7e734e,LSTM5,loso_subject_S013,65,0.009822218774195028,,0.07091822738209674,,0.001
LSTM5_8d7e734e,LSTM5,loso_subject_S013,66,0.009987233052960119,,0.07144473953938939,,0.001
LSTM5_8d7e734e,LSTM5,loso_subject_S013,67,0.011254782277257234,,0.07490251715431205,,0.001
LSTM5_8d7e734e,LSTM5,loso_subject_S013,68,0.009695903314071696,,0.07123454046852112,,0.001
LSTM5_8d7e734e,LSTM5,loso_subject_S013,69,0.01038097134373164,,0.07142904812942084,,0.001
LSTM5_8d7e734e,LSTM5,loso_subject_S013,70,0.009623878541854505,,0.07083842384113243,,0.001
LSTM5_8d7e734e,LSTM5,loso_subject_S013,71,0.009897497672922605,,0.07153026467962334,,0.001
LSTM5_8d7e734e,LSTM5,loso_subject_S013,72,0.009406101239702484,,0.0690107644664458,,0.001
LSTM5_8d7e734e,LSTM5,loso_subject_S013,73,0.009766718820177296,,0.06974348288267408,,0.001
LSTM5_8d7e734e,LSTM5,loso_subject_S013,74,0.009649687991405649,,0.07022178156711353,,0.001
LSTM5_8d7e734e,LSTM5,loso_subject_S013,75,0.009546021171689007,,0.07055991570443555,,0.001
LSTM5_8d7e734e,LSTM5,loso_subject_S013,76,0.009725501036478413,,0.0697345070714594,,0.001
LSTM5_8d7e734e,LSTM5,loso_subject_S013,77,0.00938138581869902,,0.07021915529835704,,0.001
LSTM5_8d7e734e,LSTM5,loso_subject_S013,78,0.008898589542953852,,0.06746568283798693,,0.001
LSTM5_8d7e734e,LSTM5,loso_subject_S013,79,0.009570396367698466,,0.06904956245924031,,0.001
LSTM5_8d7e734e,LSTM5,loso_subject_S013,80,0.009476470434065437,,0.06895756209565226,,0.001
LSTM5_8d7e734e,LSTM5,loso_subject_S014,1,0.3130508218606194,,0.40779385131228224,,0.001
LSTM5_8d7e734e,LSTM5,loso_subject_S014,2,0.05207541493202212,,0.17298563829584415,,0.001
LSTM5_8d7e734e,LSTM5,loso_subject_S014,3,0.03282342664256304,,0.13811601276028052,,0.001
LSTM5_8d7e734e,LSTM5,loso_subject_S014,4,0.02563530494021606,,0.12127741238682686,,0.001
LSTM5_8d7e734e,LSTM5,loso_subject_S014,5,0.02391307272153035,,0.11638984442943587,,0.001
LSTM5_8d7e734e,LSTM5,loso_subject_S014,6,0.02087903120163332,,0.10971275490893465,,0.001
LSTM5_8d7e734e,LSTM5,loso_subject_S014,7,0.0197361179311648,,0.1059202010208388,,0.001
LSTM5_8d7e734e,LSTM5,loso_subject_S014,8,0.018531987194916298,,0.10218472818714956,,0.001
LSTM5_8d7e734e,LSTM5,loso_subject_S014,9,0.016838407012099047,,0.09753185201551129,,0.001
LSTM5_8d7e734e,LSTM5,loso_subject_S014,10,0.015103793870551755,,0.09252264091298452,,0.001
LSTM5_8d7e734e,LSTM5,loso_subject_S014,11,0.015519925406544429,,0.09361052127324761,,0.001
LSTM5_8d7e734e,LSTM5,loso_subject_S014,12,0.015349810075380558,,0.09248373928861467,,0.001
LSTM5_8d7e734e,LSTM5,loso_subject_S014,13,0.013754947528307736,,0.08777490147606622,,0.001
LSTM5_8d7e734e,LSTM5,loso_subject_S014,14,0.0143365169552246,,0.08955478533741172,,0.001
LSTM5_8d7e734e,LSTM5,loso_subject_S014,15,0.014051094014265604,,0.08820514642070132,,0.001
LSTM5_8d7e734e,LSTM5,loso_subject_S014,16,0.01263233293901568,,0.0840286877038628,,0.001
LSTM5_8d7e734e,LSTM5,loso_subject_S014,17,0.012427237321921218,,0.08193993369723394,,0.001
LSTM5_8d7e734e,LSTM5,loso_subject_S014,18,0.013274121571826171,,0.08516663054449763,,0.001
LSTM5_8d7e734e,LSTM5,loso_subject_S014,19,0.013364024562340267,,0.0867009713790867,,0.001
LSTM5_8d7e734e,LSTM5,loso_subject_S014,20,0.012913476196289134,,0.08425412523072125,,0.001
LSTM5_8d7e734e,LSTM5,loso_subject_S014,21,0.012134230894138894,,0.08243445761499558,,0.001
LSTM5_8d7e734e,LSTM5,loso_subject_S014,22,0.012513372369876605,,0.08228946889733098,,0.001
LSTM5_8d7e734e,LSTM5,loso_subject_S014,23,0.012494426125321015,,0.08109456712847804,,0.001
LSTM5_8d7e734e,LSTM5,loso_subject_S014,24,0.012570437063069708,,0.08261998193893237,,0.001
LSTM5_8d7e734e,LSTM5,loso_subject_S014,25,0.011808122081731704,,0.07907932306550927,,0.001
LSTM5_8d7e734e,LSTM5,loso_subject_S014,26,0.012379003033059794,,0.08006893013612627,,0.001
LSTM5_8d7e734e,LSTM5,loso_subject_S014,27,0.012589709682178797,,0.08138254662405335,,0.001
LSTM5_8d7e734e,LSTM5,loso_subject_S014,28,0.011543313564553709,,0.07880431792200664,,0.001
LSTM5_8d7e734e,LSTM5,loso_subject_S014,29,0.011858275520903233,,0.08002840461523296,,0.001
LSTM5_8d7e734e,LSTM5,loso_subject_S014,30,0.010900556031236549,,0.07678813505912213,,0.001
LSTM5_8d7e734e,LSTM5,loso_subject_S014,31,0.01133956122765442,,0.07757828187724852,,0.001
LSTM5_8d7e734e,LSTM5,loso_subject_S014,32,0.01206002490908862,,0.0806289433817491,,0.001
LSTM5_8d7e734e,LSTM5,loso_subject_S014,33,0.011149277493780809,,0.0765624262495103,,0.001
LSTM5_8d7e734e,LSTM5,loso_subject_S014,34,0.010817222830869283,,0.07569360749534561,,0.001
LSTM5_8d7e734e,LSTM5,loso_subject_S014,35,0.011258998149278384,,0.07739349173209653,,0.001
LSTM5_8d7e734e,LSTM5,loso_subject_S014,36,0.01086207487991437,,0.0757659560449107,,0.001
LSTM5_8d7e734e,LSTM5,loso_subject_S014,37,0.011127603518230514,,0.07688296589620168,,0.001
LSTM5_8d7e734e,LSTM5,loso_subject_S014,38,0.010235360182573101,,0.07415321224671001,,0.001
LSTM5_8d7e734e,LSTM5,loso_subject_S014,39,0.010466468026786285,,0.07485518753260989,,0.001
LSTM5_8d7e734e,LSTM5,loso_subject_S014,40,0.010732777051536205,,0.07531370934621905,,0.001
LSTM5_8d7e734e,LSTM5,loso_subject_S014,41,0.010871168830903374,,0.07672386359790241,,0.001
LSTM5_8d7e734e,LSTM5,loso_subject_S014,42,0.01080812603643343,,0.07539625309766748,,0.001
LSTM5_8d7e734e,LSTM5,loso_subject_S014,43,0.01099631700283421,,0.07590489771771274,,0.001
LSTM5_8d7e734e,LSTM5,loso_subject_S014,44,0.010295305524018042,,0.07394592595988853,,0.001
LSTM5_8d7e734e,LSTM5,loso_subject_S014,45,0.011152480292392951,,0.07623955753259194,,0.001
LSTM5_8d7e734e,LSTM5,loso_subject_S014,46,0.011084736508128573,,0.07456358566777645,,0.001
LSTM5_8d7e734e,LSTM5,loso_subject_S014,47,0.010792635735520183,,0.07537438137530923,,0.001
LSTM5_8d7e734e,LSTM5,loso_subject_S014,48,0.01112745621748128,,0.07730671887410612,,0.001
LSTM5_8d7e734e,LSTM5,loso_subject_S014,49,0.01005087639404468,,0.07336719094172668,,0.001
LSTM5_8d7e734e,LSTM5,loso_subject_S014,50,0.011618332924258295,,0.07732118862862003,,0.001
LSTM5_8d7e734e,LSTM5,loso_subject_S014,51,0.01063516401482004,,0.07583026250111276,,0.001
LSTM5_8d7e734e,LSTM5,loso_subject_S014,52,0.0101675328187281,,0.07254280062295905,,0.001
LSTM5_8d7e734e,LSTM5,loso_subject_S014,53,0.010118778211289592,,0.07226376609240631,,0.001
LSTM5_8d7e734e,LSTM5,loso_subject_S014,54,0.010932639865282744,,0.07494869474093024,,0.001
LSTM5_8d7e734e,LSTM5,loso_subject_S014,55,0.010275922865007241,,0.07295814217412518,,0.001
LSTM5_8d7e734e,LSTM5,loso_subject_S014,56,0.010535998947013016,,0.07268997438784953,,0.001
LSTM5_8d7e734e,LSTM5,loso_subject_S014,57,0.009998529436960437,,0.07163733607216603,,0.001
LSTM5_8d7e734e,LSTM5,loso_subject_S014,58,0.010834399169766414,,0.07484287548719927,,0.001
LSTM5_8d7e734e,LSTM5,loso_subject_S014,59,0.010685768845081062,,0.07368771535609518,,0.001
LSTM5_8d7e734e,LSTM5,loso_subject_S014,60,0.011086695340000131,,0.07557601905384666,,0.001
LSTM5_8d7e734e,LSTM5,loso_subject_S014,61,0.010789809390608153,,0.07561632213666389,,0.001
LSTM5_8d7e734e,LSTM5,loso_subject_S014,62,0.010409603755758333,,0.07472767054909756,,0.001
LSTM5_8d7e734e,LSTM5,loso_subject_S014,63,0.010939126872184105,,0.07586627496159458,,0.001
LSTM5_8d7e734e,LSTM5,loso_subject_S014,64,0.010288839353891287,,0.07330377474850931,,0.001
LSTM5_8d7e734e,LSTM5,loso_subject_S014,65,0.01083513017993591,,0.07507178119130921,,0.001
LSTM5_8d7e734e,LSTM5,loso_subject_S014,66,0.010036454291552064,,0.07267221923392356,,0.001
LSTM5_8d7e734e,LSTM5,loso_subject_S014,67,0.010577696620296286,,0.07401853537120637,,0.001
LSTM5_8d7e734e,LSTM5,loso_subject_S014,68,0.010183827590283181,,0.07061836519968506,,0.001
LSTM5_8d7e734e,LSTM5,loso_subject_S014,69,0.010017166719502922,,0.07143833696289142,,0.001
LSTM5_8d7e734e,LSTM5,loso_subject_S014,70,0.010588843704654816,,0.07258139209488985,,0.001
LSTM5_8d7e734e,LSTM5,loso_subject_S014,71,0.009975058768101792,,0.07195013528034666,,0.001
LSTM5_8d7e734e,LSTM5,loso_subject_S014,72,0.009556125006249604,,0.06966363310822823,,0.001
LSTM5_8d7e734e,LSTM5,loso_subject_S014,73,0.0095613772680649,,0.0704382621554674,,0.001
LSTM5_8d7e734e,LSTM5,loso_subject_S014,74,0.009821729028730719,,0.0723927267937202,,0.001
LSTM5_8d7e734e,LSTM5,loso_subject_S014,75,0.009981484173840836,,0.07137029849949514,,0.001
LSTM5_8d7e734e,LSTM5,loso_subject_S014,76,0.009741757041642282,,0.07075746592933709,,0.001
LSTM5_8d7e734e,LSTM5,loso_subject_S014,77,0.00907455005867541,,0.0697482714718846,,0.001
LSTM5_8d7e734e,LSTM5,loso_subject_S014,78,0.009698753162384461,,0.07070549638800834,,0.001
LSTM5_8d7e734e,LSTM5,loso_subject_S014,79,0.009493109299022168,,0.0699122034891909,,0.001
LSTM5_8d7e734e,LSTM5,loso_subject_S014,80,0.010097079344673054,,0.07188243480146699,,0.001
LSTM5_8d7e734e,LSTM5,loso_subject_S016,1,0.2987010946552429,,0.40405601091991517,,0.001
LSTM5_8d7e734e,LSTM5,loso_subject_S016,2,0.046236608106885436,,0.16233060539826838,,0.001
LSTM5_8d7e734e,LSTM5,loso_subject_S016,3,0.030915256192874625,,0.13263098276578464,,0.001
LSTM5_8d7e734e,LSTM5,loso_subject_S016,4,0.024727566703360463,,0.11926644622574191,,0.001
LSTM5_8d7e734e,LSTM5,loso_subject_S016,5,0.021850655426287793,,0.11275274643354867,,0.001
LSTM5_8d7e734e,LSTM5,loso_subject_S016,6,0.018968251426897106,,0.10360246440009958,,0.001
LSTM5_8d7e734e,LSTM5,loso_subject_S016,7,0.01696674651163217,,0.09908296202237789,,0.001
LSTM5_8d7e734e,LSTM5,loso_subject_S016,8,0.016838949217775165,,0.09728973975195687,,0.001
LSTM5_8d7e734e,LSTM5,loso_subject_S016,9,0.015969798640077987,,0.09486167246597053,,0.001
LSTM5_8d7e734e,LSTM5,loso_subject_S016,10,0.015363597261482441,,0.09375289079000258,,0.001
LSTM5_8d7e734e,LSTM5,loso_subject_S016,11,0.015160871585886153,,0.09139167892156973,,0.001
LSTM5_8d7e734e,LSTM5,loso_subject_S016,12,0.01473004487866657,,0.09073403159365852,,0.001
LSTM5_8d7e734e,LSTM5,loso_subject_S016,13,0.013719769822951604,,0.08803006957268573,,0.001
LSTM5_8d7e734e,LSTM5,loso_subject_S016,14,0.012944253248619962,,0.08385166279839341,,0.001
LSTM5_8d7e734e,LSTM5,loso_subject_S016,15,0.01279845468854234,,0.08451942907282586,,0.001
LSTM5_8d7e734e,LSTM5,loso_subject_S016,16,0.013171877348299563,,0.08547236481185495,,0.001
LSTM5_8d7e734e,LSTM5,loso_subject_S016,17,0.012484145873176629,,0.08205049410021517,,0.001
LSTM5_8d7e734e,LSTM5,loso_subject_S016,18,0.012558609009141753,,0.08288869778432789,,0.001
LSTM5_8d7e734e,LSTM5,loso_subject_S016,19,0.012449186861779564,,0.08329962103148184,,0.001
LSTM5_8d7e734e,LSTM5,loso_subject_S016,20,0.011769676638337282,,0.08114569860802599,,0.001
LSTM5_8d7e734e,LSTM5,loso_subject_S016,21,0.012332293981983817,,0.08253403780375712,,0.001
LSTM5_8d7e734e,LSTM5,loso_subject_S016,22,0.012395974583703385,,0.08204345889169083,,0.001
LSTM5_8d7e734e,LSTM5,loso_subject_S016,23,0.012199301150291277,,0.0817581229925861,,0.001
LSTM5_8d7e734e,LSTM5,loso_subject_S016,24,0.01183745276689882,,0.07927005727439237,,0.001
LSTM5_8d7e734e,LSTM5,loso_subject_S016,25,0.010805224179780694,,0.07630494058837552,,0.001
LSTM5_8d7e734e,LSTM5,loso_subject_S016,26,0.01137852532535615,,0.0772852599444474,,0.001
LSTM5_8d7e734e,LSTM5,loso_subject_S016,27,0.010937284474321725,,0.07717553810960442,,0.001
LSTM5_8d7e734e,LSTM5,loso_subject_S016,28,0.011270960901461586,,0.07811771352615582,,0.001
LSTM5_8d7e734e,LSTM5,loso_subject_S016,29,0.011983463238682266,,0.0798603031938598,,0.001
LSTM5_8d7e734e,LSTM5,loso_subject_S016,30,0.011857146079811825,,0.07982192846268592,,0.001
LSTM5_8d7e734e,LSTM5,loso_subject_S016,31,0.012213081670318834,,0.08071458441089596,,0.001
LSTM5_8d7e734e,LSTM5,loso_subject_S016,32,0.011688015898744736,,0.07989210593982561,,0.001
LSTM5_8d7e734e,LSTM5,loso_subject_S016,33,0.01065748558881191,,0.07544685067862449,,0.001
LSTM5_8d7e734e,LSTM5,loso_subject_S016,34,0.01122455804129324,,0.07766075044341342,,0.001
LSTM5_8d7e734e,LSTM5,loso_subject_S016,35,0.011187231996972885,,0.07605208311913282,,0.001
LSTM5_8d7e734e,LSTM5,loso_subject_S016,36,0.011373262163582285,,0.07686575597383567,,0.001
LSTM5_8d7e734e,LSTM5,loso_subject_S016,37,0.011301265385817494,,0.0759859775209568,,0.001
LSTM5_8d7e734e,LSTM5,loso_subject_S016,38,0.011160482832136944,,0.07684656881545422,,0.001
LSTM5_8d7e734e,LSTM5,loso_subject_S016,39,0.01074495632642296,,0.07629701289728548,,0.001
LSTM5_8d7e734e,LSTM5,loso_subject_S016,40,0.010175439704363867,,0.07306639959473582,,0.001
LSTM5_8d7e734e,LSTM5,loso_subject_S016,41,0.011272689130311535,,0.07761615022752412,,0.001
LSTM5_8d7e734e,LSTM5,loso_subject_S016,42,0.011330921521421367,,0.07790892400156112,,0.001
LSTM5_8d7e734e,LSTM5,loso_subject_S016,43,0.010769464126264556,,0.07534213661265797,,0.001
LSTM5_8d7e734e,LSTM5,loso_subject_S016,44,0.010854641426376689,,0.07646128184343937,,0.001
LSTM5_8d7e734e,LSTM5,loso_subject_S016,45,0.010307976276718476,,0.07395586112194513,,0.001
LSTM5_8d7e734e,LSTM5,loso_subject_S016,46,0.010820137109805847,,0.0745098514581573,,0.001
LSTM5_8d7e734e,LSTM5,loso_subject_S016,47,0.01125103065292158,,0.07589165206844285,,0.001
LSTM5_8d7e734e,LSTM5,loso_subject_S016,48,0.009612017225738637,,0.07193137818186947,,0.001
LSTM5_8d7e734e,LSTM5,loso_subject_S016,49,0.010191581731100054,,0.0728498374481173,,0.001
LSTM5_8d7e734e,LSTM5,loso_subject_S016,50,0.010997487654215132,,0.07612327979602052,,0.001
LSTM5_8d7e734e,LSTM5,loso_subject_S016,51,0.010164361499999401,,0.07400780142940713,,0.001
LSTM5_8d7e734e,LSTM5,loso_subject_S016,52,0.009840705499229347,,0.07180634689401592,,0.001
LSTM5_8d7e734e,LSTM5,loso_subject_S016,53,0.009680189305817235,,0.07105989532005152,,0.001
LSTM5_8d7e734e,LSTM5,loso_subject_S016,54,0.009858568994736177,,0.07087468516368133,,0.001
LSTM5_8d7e734e,LSTM5,loso_subject_S016,55,0.009402659116588401,,0.06926056302246257,,0.001
LSTM5_8d7e734e,LSTM5,loso_subject_S016,56,0.010309776747544136,,0.0726519145468283,,0.001
LSTM5_8d7e734e,LSTM5,loso_subject_S016,57,0.01067095841969964,,0.07404015323466803,,0.001
LSTM5_8d7e734e,LSTM5,loso_subject_S016,58,0.010635133129517003,,0.07399565094321438,,0.001
LSTM5_8d7e734e,LSTM5,loso_subject_S016,59,0.010937354464039824,,0.07541631645352177,,0.001
LSTM5_8d7e734e,LSTM5,loso_subject_S016,60,0.011107823931606564,,0.07678598058382435,,0.001
LSTM5_8d7e734e,LSTM5,loso_subject_S016,61,0.009671940025184634,,0.07065626980196794,,0.001
LSTM5_8d7e734e,LSTM5,loso_subject_S016,62,0.01046298021263272,,0.07201483291987132,,0.001
LSTM5_8d7e734e,LSTM5,loso_subject_S016,63,0.010297589336891146,,0.07238500543247313,,0.001
LSTM5_8d7e734e,LSTM5,loso_subject_S016,64,0.009274854781051006,,0.06889159577132682,,0.001
LSTM5_8d7e734e,LSTM5,loso_subject_S016,65,0.010337701015527079,,0.07262595894597691,,0.001
LSTM5_8d7e734e,LSTM5,loso_subject_S016,66,0.010893223504122545,,0.07517615681040217,,0.001
LSTM5_8d7e734e,LSTM5,loso_subject_S016,67,0.009573184381398928,,0.07041468212943106,,0.001
LSTM5_8d7e734e,LSTM5,loso_subject_S016,68,0.010164810234361147,,0.0725324203541293,,0.001
LSTM5_8d7e734e,LSTM5,loso_subject_S016,69,0.010415181874699846,,0.07278853490860504,,0.001
LSTM5_8d7e734e,LSTM5,loso_subject_S016,70,0.01025557694681121,,0.07308203309950743,,0.001
LSTM5_8d7e734e,LSTM5,loso_subject_S016,71,0.010589435710929906,,0.07393618562870477,,0.001
LSTM5_8d7e734e,LSTM5,loso_subject_S016,72,0.009976195979907492,,0.07127650044197162,,0.001
LSTM5_8d7e734e,LSTM5,loso_subject_S016,73,0.010306118793521054,,0.0723353778469492,,0.001
LSTM5_8d7e734e,LSTM5,loso_subject_S016,74,0.010429961212287992,,0.07418664527186275,,0.001
LSTM5_8d7e734e,LSTM5,loso_subject_S016,75,0.010017232823918558,,0.07179333512952342,,0.001
LSTM5_8d7e734e,LSTM5,loso_subject_S016,76,0.009739133469848591,,0.07189485876870579,,0.001
LSTM5_8d7e734e,LSTM5,loso_subject_S016,77,0.00957375511460932,,0.07066567513716997,,0.001
LSTM5_8d7e734e,LSTM5,loso_subject_S016,78,0.009941813938826675,,0.07186575253334271,,0.001
LSTM5_8d7e734e,LSTM5,loso_subject_S016,79,0.009667881015004844,,0.06986600473611312,,0.001
LSTM5_8d7e734e,LSTM5,loso_subject_S016,80,0.010070418747219109,,0.07157019360883701,,0.001
LSTM5_8d7e734e,LSTM5,loso_subject_S017,1,0.31854780295027313,,0.41417287634688416,,0.001
LSTM5_8d7e734e,LSTM5,loso_subject_S017,2,0.04731250285027114,,0.16758385509884746,,0.001
LSTM5_8d7e734e,LSTM5,loso_subject_S017,3,0.028356259363175578,,0.12941208148326738,,0.001
LSTM5_8d7e734e,LSTM5,loso_subject_S017,4,0.02267501974316419,,0.11429371058157319,,0.001
LSTM5_8d7e734e,LSTM5,loso_subject_S017,5,0.020782244784358476,,0.11086419029292115,,0.001
LSTM5_8d7e734e,LSTM5,loso_subject_S017,6,0.017874797082956615,,0.1011461925294672,,0.001
LSTM5_8d7e734e,LSTM5,loso_subject_S017,7,0.01754137177147196,,0.10016820586890579,,0.001
LSTM5_8d7e734e,LSTM5,loso_subject_S017,8,0.017887540759581627,,0.10070336285966312,,0.001
LSTM5_8d7e734e,LSTM5,loso_subject_S017,9,0.015620695477146193,,0.09429839314975809,,0.001
LSTM5_8d7e734e,LSTM5,loso_subject_S017,10,0.015197420725390239,,0.09130435579876277,,0.001
LSTM5_8d7e734e,LSTM5,loso_subject_S017,11,0.013861668669856018,,0.08908472057461989,,0.001
LSTM5_8d7e734e,LSTM5,loso_subject_S017,12,0.014125837536524811,,0.0886319354488168,,0.001
LSTM5_8d7e734e,LSTM5,loso_subject_S017,13,0.014031988590307954,,0.08624591193993056,,0.001
LSTM5_8d7e734e,LSTM5,loso_subject_S017,14,0.013730517867089991,,0.08834813994224441,,0.001
LSTM5_8d7e734e,LSTM5,loso_subject_S017,15,0.012735933403217119,,0.08524513269338033,,0.001
LSTM5_8d7e734e,LSTM5,loso_subject_S017,16,0.01337162345650038,,0.08615557312929777,,0.001
LSTM5_8d7e734e,LSTM5,loso_subject_S017,17,0.013251725881445896,,0.08544961454345107,,0.001
LSTM5_8d7e734e,LSTM5,loso_subject_S017,18,0.01320436048483649,,0.0849798337840521,,0.001
LSTM5_8d7e734e,LSTM5,loso_subject_S017,19,0.013512505146596621,,0.08600219318430068,,0.001
LSTM5_8d7e734e,LSTM5,loso_subject_S017,20,0.012408212017744316,,0.08176175714839135,,0.001
LSTM5_8d7e734e,LSTM5,loso_subject_S017,21,0.01206286061217901,,0.08063819624922117,,0.001
LSTM5_8d7e734e,LSTM5,loso_subject_S017,22,0.012136149762211128,,0.08084345280607672,,0.001
LSTM5_8d7e734e,LSTM5,loso_subject_S017,23,0.011776668177085614,,0.079691340149001,,0.001
LSTM5_8d7e734e,LSTM5,loso_subject_S017,24,0.011465372125920624,,0.07827205469590855,,0.001
LSTM5_8d7e734e,LSTM5,loso_subject_S017,25,0.011486186813156855,,0.07801259557702914,,0.001
LSTM5_8d7e734e,LSTM5,loso_subject_S017,26,0.011430867090609791,,0.07840078391528749,,0.001
LSTM5_8d7e734e,LSTM5,loso_subject_S017,27,0.010354934810361097,,0.07470945405326104,,0.001
LSTM5_8d7e734e,LSTM5,loso_subject_S017,28,0.010875069254673717,,0.07700279325442703,,0.001
LSTM5_8d7e734e,LSTM5,loso_subject_S017,29,0.011394126140959127,,0.07905684364778731,,0.001
LSTM5_8d7e734e,LSTM5,loso_subject_S017,30,0.012738556048212602,,0.08193984979439181,,0.001
LSTM5_8d7e734e,LSTM5,loso_subject_S017,31,0.012230438180546067,,0.0801960879100377,,0.001
LSTM5_8d7e734e,LSTM5,loso_subject_S017,32,0.011762925673277299,,0.07904343528732599,,0.001
LSTM5_8d7e734e,LSTM5,loso_subject_S017,33,0.011476003716543677,,0.07571891847077433,,0.001
LSTM5_8d7e734e,LSTM5,loso_subject_S017,34,0.010475512182165837,,0.07426792559274317,,0.001
LSTM5_8d7e734e,LSTM5,loso_subject_S017,35,0.012341312552107459,,0.07865033031159954,,0.001
LSTM5_8d7e734e,LSTM5,loso_subject_S017,36,0.010710925884179778,,0.07517453641465147,,0.001
LSTM5_8d7e734e,LSTM5,loso_subject_S017,37,0.010757913546982294,,0.07589850171149436,,0.001
LSTM5_8d7e734e,LSTM5,loso_subject_S017,38,0.010771818126796394,,0.07516791266373887,,0.001
LSTM5_8d7e734e,LSTM5,loso_subject_S017,39,0.011930631705725909,,0.07981163188748336,,0.001
LSTM5_8d7e734e,LSTM5,loso_subject_S017,40,0.010475422594610581,,0.07441218983363065,,0.001
LSTM5_8d7e734e,LSTM5,loso_subject_S017,41,0.010089574224772758,,0.07160625442270382,,0.001
LSTM5_8d7e734e,LSTM5,loso_subject_S017,42,0.010803802598914461,,0.0734292486505007,,0.001
LSTM5_8d7e734e,LSTM5,loso_subject_S017,43,0.01030745924249278,,0.07390111331970683,,0.001
LSTM5_8d7e734e,LSTM5,loso_subject_S017,44,0.010529253256741231,,0.07447726410611337,,0.001
LSTM5_8d7e734e,LSTM5,loso_subject_S017,45,0.010898014053330605,,0.07499090566772612,,0.001
LSTM5_8d7e734e,LSTM5,loso_subject_S017,46,0.010243094604629896,,0.071940205796489,,0.001
LSTM5_8d7e734e,LSTM5,loso_subject_S017,47,0.010566057723593206,,0.07440229411806532,,0.001
LSTM5_8d7e734e,LSTM5,loso_subject_S017,48,0.009757893202697826,,0.07153548006761919,,0.001
LSTM5_8d7e734e,LSTM5,loso_subject_S017,49,0.010729340532828542,,0.07545189975730547,,0.001
LSTM5_8d7e734e,LSTM5,loso_subject_S017,50,0.010723873727471037,,0.07503192683708002,,0.001
LSTM5_8d7e734e,LSTM5,loso_subject_S017,51,0.010403002109484314,,0.07354541770025336,,0.001
LSTM5_8d7e734e,LSTM5,loso_subject_S017,52,0.010827025669633292,,0.07463352708744227,,0.001
LSTM5_8d7e734e,LSTM5,loso_subject_S017,53,0.010528476128016866,,0.0725448069487948,,0.001
LSTM5_8d7e734e,LSTM5,loso_subject_S017,54,0.010529514007305953,,0.07324834091381276,,0.001
LSTM5_8d7e734e,LSTM5,loso_subject_S017,55,0.009754634052565115,,0.07243476905349407,,0.001
LSTM5_8d7e734e,LSTM5,loso_subject_S017,56,0.009821285401569183,,0.07181993343463612,,0.001
LSTM5_8d7e734e,LSTM5,loso_subject_S017,57,0.010490749654459453,,0.07365473916112468,,0.001
LSTM5_8d7e734e,LSTM5,loso_subject_S017,58,0.009542210918272703,,0.07093743057234236,,0.001
LSTM5_8d7e734e,LSTM5,loso_subject_S017,59,0.010666691604083444,,0.07536347504913327,,0.001
LSTM5_8d7e734e,LSTM5,loso_subject_S017,60,0.009952617572380654,,0.07197714723426261,,0.001
LSTM5_8d7e734e,LSTM5,loso_subject_S017,61,0.010006102066960666,,0.07076427663061774,,0.001
LSTM5_8d7e734e,LSTM5,loso_subject_S017,62,0.01076158420826927,,0.0748951767259902,,0.001
LSTM5_8d7e734e,LSTM5,loso_subject_S017,63,0.009910232055245547,,0.07114258791649203,,0.001
LSTM5_8d7e734e,LSTM5,loso_subject_S017,64,0.010901634156490248,,0.07482302199113108,,0.001
LSTM5_8d7e734e,LSTM5,loso_subject_S017,65,0.010321221700172469,,0.0721578347302744,,0.001
LSTM5_8d7e734e,LSTM5,loso_subject_S017,66,0.009246593188190589,,0.06945822704366367,,0.001
LSTM5_8d7e734e,LSTM5,loso_subject_S017,67,0.010195266237537524,,0.07196807391854732,,0.001
LSTM5_8d7e734e,LSTM5,loso_subject_S017,68,0.009431485611887513,,0.06895089270905982,,0.001
LSTM5_8d7e734e,LSTM5,loso_subject_S017,69,0.010189924144258703,,0.07092267259274236,,0.001
LSTM5_8d7e734e,LSTM5,loso_subject_S017,70,0.0097243228002332,,0.06932048436587057,,0.001
LSTM5_8d7e734e,LSTM5,loso_subject_S017,71,0.009931709015787021,,0.07107466314581212,,0.001
LSTM5_8d7e734e,LSTM5,loso_subject_S017,72,0.010372958555350134,,0.07344359636734164,,0.001
LSTM5_8d7e734e,LSTM5,loso_subject_S017,73,0.00969276816200455,,0.07035175308001942,,0.001
LSTM5_8d7e734e,LSTM5,loso_subject_S017,74,0.009762656446440579,,0.06996908288728418,,0.001
LSTM5_8d7e734e,LSTM5,loso_subject_S017,75,0.01017339234339134,,0.07257804383412739,,0.001
LSTM5_8d7e734e,LSTM5,loso_subject_S017,76,0.009283348165904924,,0.06899853264743226,,0.001
LSTM5_8d7e734e,LSTM5,loso_subject_S017,77,0.010422248654857764,,0.07376630318887846,,0.001
LSTM5_8d7e734e,LSTM5,loso_subject_S017,78,0.00983782142371803,,0.07047803322098702,,0.001
LSTM5_8d7e734e,LSTM5,loso_subject_S017,79,0.009141696797873605,,0.06877592033260005,,0.001
LSTM5_8d7e734e,LSTM5,loso_subject_S017,80,0.009452558330154202,,0.06915053702536932,,0.001
LSTM5_8d7e734e,LSTM5,loso_subject_S018,1,0.29683050194079086,,0.3949168257853564,,0.001
LSTM5_8d7e734e,LSTM5,loso_subject_S018,2,0.04140805166583492,,0.15438247162693713,,0.001
LSTM5_8d7e734e,LSTM5,loso_subject_S018,3,0.028357585071929474,,0.1280445850348712,,0.001
LSTM5_8d7e734e,LSTM5,loso_subject_S018,4,0.024380182073995407,,0.11788453561289923,,0.001
LSTM5_8d7e734e,LSTM5,loso_subject_S018,5,0.02006622633203287,,0.1056159365211361,,0.001
LSTM5_8d7e734e,LSTM5,loso_subject_S018,6,0.019260799336959334,,0.10358203012212962,,0.001
LSTM5_8d7e734e,LSTM5,loso_subject_S018,7,0.018019337829207758,,0.10068190898666081,,0.001
LSTM5_8d7e734e,LSTM5,loso_subject_S018,8,0.015948566884454472,,0.09525079547161694,,0.001
LSTM5_8d7e734e,LSTM5,loso_subject_S018,9,0.015686445070732614,,0.0946210800767629,,0.001
LSTM5_8d7e734e,LSTM5,loso_subject_S018,10,0.015184207349331512,,0.09249830313743101,,0.001
LSTM5_8d7e734e,LSTM5,loso_subject_S018,11,0.014726500534365645,,0.09016111282741322,,0.001
LSTM5_8d7e734e,LSTM5,loso_subject_S018,12,0.013653599970988726,,0.08606001998229725,,0.001
LSTM5_8d7e734e,LSTM5,loso_subject_S018,13,0.013721137493314326,,0.08763835760878354,,0.001
LSTM5_8d7e734e,LSTM5,loso_subject_S018,14,0.013665782686435167,,0.08614588591511999,,0.001
LSTM5_8d7e734e,LSTM5,loso_subject_S018,15,0.013230875178829498,,0.08548241206785527,,0.001
LSTM5_8d7e734e,LSTM5,loso_subject_S018,16,0.012597069481636265,,0.08258088948779674,,0.001
LSTM5_8d7e734e,LSTM5,loso_subject_S018,17,0.012384294389534629,,0.08297408072644019,,0.001
LSTM5_8d7e734e,LSTM5,loso_subject_S018,18,0.013270600737637734,,0.08620425048611599,,0.001
LSTM5_8d7e734e,LSTM5,loso_subject_S018,19,0.01303875788864566,,0.08446144216200885,,0.001
LSTM5_8d7e734e,LSTM5,loso_subject_S018,20,0.014398557473096991,,0.08697956646532035,,0.001
LSTM5_8d7e734e,LSTM5,loso_subject_S018,21,0.013058351195140754,,0.0841134975809962,,0.001
LSTM5_8d7e734e,LSTM5,loso_subject_S018,22,0.012584672875199975,,0.0825887390753118,,0.001
LSTM5_8d7e734e,LSTM5,loso_subject_S018,23,0.012145957006796276,,0.08203454834530652,,0.001
LSTM5_8d7e734e,LSTM5,loso_subject_S018,24,0.011687932053909581,,0.07923824739571624,,0.001
LSTM5_8d7e734e,LSTM5,loso_subject_S018,25,0.011673547709400805,,0.0788814015750649,,0.001
LSTM5_8d7e734e,LSTM5,loso_subject_S018,26,0.011519020435051562,,0.0783034474405873,,0.001
LSTM5_8d7e734e,LSTM5,loso_subject_S018,27,0.01186386772900435,,0.07812800690040014,,0.001
LSTM5_8d7e734e,LSTM5,loso_subject_S018,28,0.012049735167265537,,0.07897831977183371,,0.001
LSTM5_8d7e734e,LSTM5,loso_subject_S018,29,0.010780790882449667,,0.07659698456654077,,0.001
LSTM5_8d7e734e,LSTM5,loso_subject_S018,30,0.01186009744981269,,0.07914351535108545,,0.001
LSTM5_8d7e734e,LSTM5,loso_subject_S018,31,0.010641199774997391,,0.07594393067799476,,0.001
LSTM5_8d7e734e,LSTM5,loso_subject_S018,32,0.01019251986688679,,0.0740779137252222,,0.001
LSTM5_8d7e734e,LSTM5,loso_subject_S018,33,0.010920723159416676,,0.075445309135972,,0.001
LSTM5_8d7e734e,LSTM5,loso_subject_S018,34,0.011477486780140458,,0.07633518619807585,,0.001
LSTM5_8d7e734e,LSTM5,loso_subject_S018,35,0.011216349702547578,,0.07633341837519382,,0.001
LSTM5_8d7e734e,LSTM5,loso_subject_S018,36,0.010795057764332983,,0.07505907855040715,,0.001
LSTM5_8d7e734e,LSTM5,loso_subject_S018,37,0.012322173194379855,,0.07898352551066892,,0.001
LSTM5_8d7e734e,LSTM5,loso_subject_S018,38,0.011208247294224575,,0.07687422823230368,,0.001
LSTM5_8d7e734e,LSTM5,loso_subject_S018,39,0.010941600627593237,,0.07521186895572302,,0.001
LSTM5_8d7e734e,LSTM5,loso_subject_S018,40,0.01087421073606358,,0.07454112818093177,,0.001
LSTM5_8d7e734e,LSTM5,loso_subject_S018,41,0.011981438258008088,,0.07799892294911435,,0.001
LSTM5_8d7e734e,LSTM5,loso_subject_S018,42,0.011132186377044216,,0.07577425149113068,,0.001
LSTM5_8d7e734e,LSTM5,loso_subject_S018,43,0.010327646844463164,,0.07434701411804476,,0.001
LSTM5_8d7e734e,LSTM5,loso_subject_S018,44,0.010395791311046827,,0.0744107474833513,,0.001
LSTM5_8d7e734e,LSTM5,loso_subject_S018,45,0.009428637258580203,,0.07118518991099197,,0.001
LSTM5_8d7e734e,LSTM5,loso_subject_S018,46,0.00999472546290975,,0.0720233563093236,,0.001
LSTM5_8d7e734e,LSTM5,loso_subject_S018,47,0.010819356003442146,,0.07488497092870934,,0.001
LSTM5_8d7e734e,LSTM5,loso_subject_S018,48,0.010039265899033081,,0.072900101027239,,0.001
LSTM5_8d7e734e,LSTM5,loso_subject_S018,49,0.01029977180288204,,0.07245988492644158,,0.001
LSTM5_8d7e734e,LSTM5,loso_subject_S018,50,0.010381798977446522,,0.07256843151372337,,0.001
LSTM5_8d7e734e,LSTM5,loso_subject_S018,51,0.010344305764376005,,0.07309530392780879,,0.001
LSTM5_8d7e734e,LSTM5,loso_subject_S018,52,0.010234636762627057,,0.07261400051104971,,0.001
LSTM5_8d7e734e,LSTM5,loso_subject_S018,53,0.010176300902689247,,0.07206883764420896,,0.001
LSTM5_8d7e734e,LSTM5,loso_subject_S018,54,0.011857161671724946,,0.07840601612240547,,0.001
LSTM5_8d7e734e,LSTM5,loso_subject_S018,55,0.01134792065189101,,0.07687226393429758,,0.001
LSTM5_8d7e734e,LSTM5,loso_subject_S018,56,0.009901658676489867,,0.07143128580778538,,0.001
LSTM5_8d7e734e,LSTM5,loso_subject_S018,57,0.009976866183912053,,0.07194894162277922,,0.001
LSTM5_8d7e734e,LSTM5,loso_subject_S018,58,0.010331961978894993,,0.07247735500079146,,0.001
LSTM5_8d7e734e,LSTM5,loso_subject_S018,59,0.010647898528409569,,0.07484997554309399,,0.001
LSTM5_8d7e734e,LSTM5,loso_subject_S018,60,0.010999825865383043,,0.07467288079870654,,0.001
LSTM5_8d7e734e,LSTM5,loso_subject_S018,61,0.010837321294207057,,0.07504305229809569,,0.001
LSTM5_8d7e734e,LSTM5,loso_subject_S018,62,0.00944034837218405,,0.07164877779899403,,0.001
LSTM5_8d7e734e,LSTM5,loso_subject_S018,63,0.009435634538958883,,0.06925347598758626,,0.001
LSTM5_8d7e734e,LSTM5,loso_subject_S018,64,0.01026266611219949,,0.07230588952386738,,0.001
LSTM5_8d7e734e,LSTM5,loso_subject_S018,65,0.009784078349825663,,0.07174596012472423,,0.001
LSTM5_8d7e734e,LSTM5,loso_subject_S018,66,0.009936882300005752,,0.07157769107194337,,0.001
LSTM5_8d7e734e,LSTM5,loso_subject_S018,67,0.010015873908943134,,0.0713448555047064,,0.001
LSTM5_8d7e734e,LSTM5,loso_subject_S018,68,0.009896423073333169,,0.07147026348704073,,0.001
LSTM5_8d7e734e,LSTM5,loso_subject_S018,69,0.009655607428930839,,0.07133042342009469,,0.001
LSTM5_8d7e734e,LSTM5,loso_subject_S018,70,0.010028325277013193,,0.0721356121932759,,0.001
LSTM5_8d7e734e,LSTM5,loso_subject_S018,71,0.00987604117031654,,0.07189177940018379,,0.001
LSTM5_8d7e734e,LSTM5,loso_subject_S018,72,0.010359257475140276,,0.07163769767821433,,0.001
LSTM5_8d7e734e,LSTM5,loso_subject_S018,73,0.009858983200059474,,0.07085725781180424,,0.001
LSTM5_8d7e734e,LSTM5,loso_subject_S018,74,0.009651273004496884,,0.06960090866774706,,0.001
LSTM5_8d7e734e,LSTM5,loso_subject_S018,75,0.010384871993465095,,0.07327611935104496,,0.001
LSTM5_8d7e734e,LSTM5,loso_subject_S018,76,0.010479422457452056,,0.0735871466750565,,0.001
LSTM5_8d7e734e,LSTM5,loso_subject_S018,77,0.011025514611586865,,0.07494314521380101,,0.001
LSTM5_8d7e734e,LSTM5,loso_subject_S018,78,0.009811149790637207,,0.07072599797671289,,0.001
LSTM5_8d7e734e,LSTM5,loso_subject_S018,79,0.009763769753052822,,0.06934332736424428,,0.001
LSTM5_8d7e734e,LSTM5,loso_subject_S018,80,0.010020575165973076,,0.0707058071448779,,0.001
LSTM5_8d7e734e,LSTM5,loso_subject_S019,1,0.3320618383414417,,0.41808840324233665,,0.001
LSTM5_8d7e734e,LSTM5,loso_subject_S019,2,0.04797384114325432,,0.16574910459664463,,0.001
LSTM5_8d7e734e,LSTM5,loso_subject_S019,3,0.03171628102013499,,0.13440385762637636,,0.001
LSTM5_8d7e734e,LSTM5,loso_subject_S019,4,0.02744520348392108,,0.12463017488652356,,0.001
LSTM5_8d7e734e,LSTM5,loso_subject_S019,5,0.023522644041455244,,0.11545719636077328,,0.001
LSTM5_8d7e734e,LSTM5,loso_subject_S019,6,0.019809121489593635,,0.1062075043227277,,0.001
LSTM5_8d7e734e,LSTM5,loso_subject_S019,7,0.020277845486081282,,0.10819238694209839,,0.001
LSTM5_8d7e734e,LSTM5,loso_subject_S019,8,0.019004150068747994,,0.10344580525148829,,0.001
LSTM5_8d7e734e,LSTM5,loso_subject_S019,9,0.015879731030808517,,0.09488820913627574,,0.001
LSTM5_8d7e734e,LSTM5,loso_subject_S019,10,0.01523899883874593,,0.09329685544501674,,0.001
LSTM5_8d7e734e,LSTM5,loso_subject_S019,11,0.01603552336965379,,0.0952648941751956,,0.001
LSTM5_8d7e734e,LSTM5,loso_subject_S019,12,0.014929949117623208,,0.09079064860614346,,0.001
LSTM5_8d7e734e,LSTM5,loso_subject_S019,13,0.014688273240540093,,0.0912841033544787,,0.001
LSTM5_8d7e734e,LSTM5,loso_subject_S019,14,0.013859496971608933,,0.0867177570056974,,0.001
LSTM5_8d7e734e,LSTM5,loso_subject_S019,15,0.01366256130644269,,0.0870002246028682,,0.001
LSTM5_8d7e734e,LSTM5,loso_subject_S019,16,0.01396030466401621,,0.08825757475349125,,0.001
LSTM5_8d7e734e,LSTM5,loso_subject_S019,17,0.013526628298983642,,0.08627910119509763,,0.001
LSTM5_8d7e734e,LSTM5,loso_subject_S019,18,0.014180290970805701,,0.08806241070923346,,0.001
LSTM5_8d7e734e,LSTM5,loso_subject_S019,19,0.01441634854857336,,0.08821565886485316,,0.001
LSTM5_8d7e734e,LSTM5,loso_subject_S019,20,0.012614521297441882,,0.08311468695779696,,0.001
LSTM5_8d7e734e,LSTM5,loso_subject_S019,21,0.013797729425751436,,0.08632592543175346,,0.001
LSTM5_8d7e734e,LSTM5,loso_subject_S019,22,0.01243093421424158,,0.08230163352595508,,0.001
LSTM5_8d7e734e,LSTM5,loso_subject_S019,23,0.012662790083346752,,0.08266821949435733,,0.001
LSTM5_8d7e734e,LSTM5,loso_subject_S019,24,0.012549284950217473,,0.08291764933903718,,0.001
LSTM5_8d7e734e,LSTM5,loso_subject_S019,25,0.012204366199793761,,0.08101450018045828,,0.001
LSTM5_8d7e734e,LSTM5,loso_subject_S019,26,0.01252442524272796,,0.07969476527738806,,0.001
LSTM5_8d7e734e,LSTM5,loso_subject_S019,27,0.011730195956448567,,0.07995822073570139,,0.001
LSTM5_8d7e734e,LSTM5,loso_subject_S019,28,0.012386249863620299,,0.08151803807079994,,0.001
LSTM5_8d7e734e,LSTM5,loso_subject_S019,29,0.01201749948578895,,0.07880007672370416,,0.001
LSTM5_8d7e734e,LSTM5,loso_subject_S019,30,0.011133641764325531,,0.07722334633559842,,0.001
LSTM5_8d7e734e,LSTM5,loso_subject_S019,31,0.01183697282946928,,0.07944000227547088,,0.001
LSTM5_8d7e734e,LSTM5,loso_subject_S019,32,0.010844884893494906,,0.07601491414370556,,0.001
LSTM5_8d7e734e,LSTM5,loso_subject_S019,33,0.011763456385042639,,0.07927574782132663,,0.001
LSTM5_8d7e734e,LSTM5,loso_subject_S019,34,0.0117365687015782,,0.07742123652069559,,0.001
LSTM5_8d7e734e,LSTM5,loso_subject_S019,35,0.011515078794700746,,0.07702350795553368,,0.001
LSTM5_8d7e734e,LSTM5,loso_subject_S019,36,0.011316411042395062,,0.07685157036131879,,0.001
LSTM5_8d7e734e,LSTM5,loso_subject_S019,37,0.010715519474511442,,0.07535608860163294,,0.001
LSTM5_8d7e734e,LSTM5,loso_subject_S019,38,0.011477853011003951,,0.07820553662786854,,0.001
LSTM5_8d7e734e,LSTM5,loso_subject_S019,39,0.012554928047537217,,0.07979110817325485,,0.001
LSTM5_8d7e734e,LSTM5,loso_subject_S019,40,0.01030243557891311,,0.07406620471229478,,0.001
LSTM5_8d7e734e,LSTM5,loso_subject_S019,41,0.010863654046021597,,0.0749852237732787,,0.001
LSTM5_8d7e734e,LSTM5,loso_subject_S019,42,0.010355773206173034,,0.07297660289094351,,0.001
LSTM5_8d7e734e,LSTM5,loso_subject_S019,43,0.010701165365719656,,0.07537994026981819,,0.001
LSTM5_8d7e734e,LSTM5,loso_subject_S019,44,0.010803730032991798,,0.0740518965751217,,0.001
LSTM5_8d7e734e,LSTM5,loso_subject_S019,45,0.011167954882534055,,0.07651791646595037,,0.001
LSTM5_8d7e734e,LSTM5,loso_subject_S019,46,0.01110439351380041,,0.07561914142015971,,0.001
LSTM5_8d7e734e,LSTM5,loso_subject_S019,47,0.010737599866626977,,0.07392590106102312,,0.001
LSTM5_8d7e734e,LSTM5,loso_subject_S019,48,0.010638202200897402,,0.0749509587342756,,0.001
LSTM5_8d7e734e,LSTM5,loso_subject_S019,49,0.009890392530456107,,0.0718518349804413,,0.001
LSTM5_8d7e734e,LSTM5,loso_subject_S019,50,0.010546686739204168,,0.07292513433980297,,0.001
LSTM5_8d7e734e,LSTM5,loso_subject_S019,51,0.011379159908144336,,0.07643628285990821,,0.001
LSTM5_8d7e734e,LSTM5,loso_subject_S019,52,0.010789733409317466,,0.07453964456397594,,0.001
LSTM5_8d7e734e,LSTM5,loso_subject_S019,53,0.009729278495746802,,0.07127951703124062,,0.001
LSTM5_8d7e734e,LSTM5,loso_subject_S019,54,0.010338895660376468,,0.07340662166700983,,0.001
LSTM5_8d7e734e,LSTM5,loso_subject_S019,55,0.01118413167903885,,0.07581651423593123,,0.001
LSTM5_8d7e734e,LSTM5,loso_subject_S019,56,0.010221217493803255,,0.07255551102148382,,0.001
LSTM5_8d7e734e,LSTM5,loso_subject_S019,57,0.010413047619950554,,0.07375651826149282,,0.001
LSTM5_8d7e734e,LSTM5,loso_subject_S019,58,0.009434137067124912,,0.06977304687368646,,0.001
LSTM5_8d7e734e,LSTM5,loso_subject_S019,59,0.010156996711852386,,0.07253579494493784,,0.001
LSTM5_8d7e734e,LSTM5,loso_subject_S019,60,0.009699932434422699,,0.07096560558985841,,0.001
LSTM5_8d7e734e,LSTM5,loso_subject_S019,61,0.010875135583922876,,0.07494304650891705,,0.001
LSTM5_8d7e734e,LSTM5,loso_subject_S019,62,0.010129013475433116,,0.0734004927538255,,0.001
LSTM5_8d7e734e,LSTM5,loso_subject_S019,63,0.010600115556101335,,0.0733897740192764,,0.001
LSTM5_8d7e734e,LSTM5,loso_subject_S019,64,0.009841820520368052,,0.07144223819534094,,0.001
LSTM5_8d7e734e,LSTM5,loso_subject_S019,65,0.009738276957967954,,0.07102674009635582,,0.001
LSTM5_8d7e734e,LSTM5,loso_subject_S019,66,0.010343632591150474,,0.07250178996995252,,0.001
LSTM5_8d7e734e,LSTM5,loso_subject_S019,67,0.010189901858943128,,0.07271216834286758,,0.001
LSTM5_8d7e734e,LSTM5,loso_subject_S019,68,0.01063309936039207,,0.07412189813247641,,0.001
LSTM5_8d7e734e,LSTM5,loso_subject_S019,69,0.010936851644468292,,0.07603302886712437,,0.001
LSTM5_8d7e734e,LSTM5,loso_subject_S019,70,0.010197864378157232,,0.07141908015350666,,0.001
LSTM5_8d7e734e,LSTM5,loso_subject_S019,71,0.010587090682542188,,0.07323565827347235,,0.001
LSTM5_8d7e734e,LSTM5,loso_subject_S019,72,0.00938917311836033,,0.06986672899500339,,0.001
LSTM5_8d7e734e,LSTM5,loso_subject_S019,73,0.010810903920776278,,0.07361023064969906,,0.001
LSTM5_8d7e734e,LSTM5,loso_subject_S019,74,0.01051009305809857,,0.07413236501034166,,0.001
LSTM5_8d7e734e,LSTM5,loso_subject_S019,75,0.009355212679455585,,0.07018972029316128,,0.001
LSTM5_8d7e734e,LSTM5,loso_subject_S019,76,0.010881451109040697,,0.07518978553364629,,0.001
LSTM5_8d7e734e,LSTM5,loso_subject_S019,77,0.0100514467865247,,0.07216614044494135,,0.001
LSTM5_8d7e734e,LSTM5,loso_subject_S019,78,0.009560275405516952,,0.07007619444132952,,0.001
LSTM5_8d7e734e,LSTM5,loso_subject_S019,79,0.009485712239077895,,0.06990768311665072,,0.001
LSTM5_8d7e734e,LSTM5,loso_subject_S019,80,0.0094742509225431,,0.07000726320608537,,0.001
