model_id,architecture_id,fold_id,epoch,train_loss,val_loss,train_mae,val_mae,lr
TCN3_96b3f76d,TCN3,loso_subject_S001,1,0.2547087802232102,,0.35392302501184075,,0.001
TCN3_96b3f76d,TCN3,loso_subject_S001,2,0.04854586500460515,,0.1644558167115227,,0.0009996530663083252
TCN3_96b3f76d,TCN3,loso_subject_S001,3,0.02866088711438544,,0.12772880126344965,,0.0009986128001799074
TCN3_96b3f76d,TCN3,loso_subject_S001,4,0.020232318064255506,,0.10463702160102453,,0.0009968808056297167
TCN3_96b3f76d,TCN3,loso_subject_S001,5,0.01448851392764889,,0.0904490995630951,,0.0009944597532678117
TCN3_96b3f76d,TCN3,loso_subject_S001,6,0.0124740103553207,,0.08239891840493381,,0.0009913533761814533
TCN3_96b3f76d,TCN3,loso_subject_S001,7,0.009720448410379891,,0.07174508807870707,,0.000987566464178954
TCN3_96b3f76d,TCN3,loso_subject_S001,8,0.008182580303537915,,0.06484431870534073,,0.0009831048564041408
TCN3_96b3f76d,TCN3,loso_subject_S001,9,0.007102669130761138,,0.06034914655761796,,0.0009779754323328187
TCN3_96b3f76d,TCN3,loso_subject_S001,10,0.006196262653428782,,0.05609593269619569,,0.0009721861011651174
TCN3_96b3f76d,TCN3,loso_subject_S001,11,0.005883369837844379,,0.05441819632231136,,0.0009657457896300785
TCN3_96b3f76d,TCN3,loso_subject_S001,12,0.004946075864369392,,0.05038513663239964,,0.000958664428221286
TCN3_96b3f76d,TCN3,loso_subject_S001,13,0.004513946722915865,,0.04788392208275195,,0.000950952935884765
TCN3_96b3f76d,TCN3,loso_subject_S001,14,0.004061893241161779,,0.044597528303187445,,0.0009426232031827582
TCN3_96b3f76d,TCN3,loso_subject_S001,15,0.003989140291880701,,0.04454983111048482,,0.0009336880739593409
TCN3_96b3f76d,TCN3,loso_subject_S001,16,0.0033200848151536027,,0.04129927832638743,,0.0009241613255361449
TCN3_96b3f76d,TCN3,loso_subject_S001,17,0.0033530410029411054,,0.041281538960881894,,0.0009140576474687258
TCN3_96b3f76d,TCN3,loso_subject_S001,18,0.002939907213692198,,0.03907247477585508,,0.0009033926188963346
TCN3_96b3f76d,TCN3,loso_subject_S001,19,0.003071676601624234,,0.03863759158351987,,0.0008921826845200134
TCN3_96b3f76d,TCN3,loso_subject_S001,20,0.0030614773872986007,,0.0385915207236303,,0.000880445129246058
TCN3_96b3f76d,TCN3,loso_subject_S001,21,0.0024353422886323026,,0.0351309822079491,,0.0008681980515339459
TCN3_96b3f76d,TCN3,loso_subject_S001,22,0.002758013678626164,,0.03658883303612339,,0.0008554603354898234
TCN3_96b3f76d,TCN3,loso_subject_S001,23,0.0024277236264621475,,0.03483306420569216,,0.0008422516217485822
TCN3_96b3f76d,TCN3,loso_subject_S001,24,0.0025292660629195715,,0.03470679206145442,,0.0008285922771894248
TCN3_96b3f76d,TCN3,loso_subject_S001,25,0.0022061958952240414,,0.03305719077850477,,0.0008145033635316124
TCN3_96b3f76d,TCN3,loso_subject_S001,26,0.0021112889367593275,,0.03188238551233935,,0.0008000066048588205
TCN3_96b3f76d,TCN3,loso_subject_S001,27,0.001889623531115698,,0.03046412633537193,,0.0007851243541221765
TCN3_96b3f76d,TCN3,loso_subject_S001,28,0.0019239030001048597,,0.03107806311615788,,0.0007698795586736293
TCN3_96b3f76d,TCN3,loso_subject_S001,29,0.001964856843314571,,0.0310844850447989,,0.0007542957248827956
TCN3_96b3f76d,TCN3,loso_subject_S001,30,0.002519564800834028,,0.03592753665897562,,0.0007383968818918422
TCN3_96b3f76d,TCN3,loso_subject_S001,31,0.002144159084879992,,0.03217154367002542,,0.00072220754456429
TCN3_96b3f76d,TCN3,loso_subject_S001,32,0.0018834837332068887,,0.03066188715540959,,0.0007057526756848715
TCN3_96b3f76d,TCN3,loso_subject_S001,33,0.0016835724620151283,,0.029017302810882432,,0.000689057647468726
TCN3_96b3f76d,TCN3,loso_subject_S001,34,0.0015526008095615577,,0.027721879799714497,,0.000672148202439283
TCN3_96b3f76d,TCN3,loso_subject_S001,35,0.001384979035956161,,0.026365655765968853,,0.0006550504137351571
TCN3_96b3f76d,TCN3,loso_subject_S001,36,0.001423874158008965,,0.026029521691584095,,0.0006377906449072574
TCN3_96b3f76d,TCN3,loso_subject_S001,37,0.001445803824888984,,0.02617587888659978,,0.0006203955092681036
TCN3_96b3f76d,TCN3,loso_subject_S001,38,0.0013519552238755318,,0.025955713436073335,,0.0006028918288560267
TCN3_96b3f76d,TCN3,loso_subject_S001,39,0.001250131511164072,,0.024511097501058114,,0.00058530659307753
TCN3_96b3f76d,TCN3,loso_subject_S001,40,0.0013625707133400181,,0.025524848607946213,,0.0005676669170915806
TCN3_96b3f76d,TCN3,loso_subject_S001,41,0.001398547906812626,,0.0257839367742786,,0.0005499999999999997
TCN3_96b3f76d,TCN3,loso_subject_S001,42,0.0013212576416109872,,0.02510351105888041,,0.000532333082908419
TCN3_96b3f76d,TCN3,loso_subject_S001,43,0.0012116494972518727,,0.02444574745188142,,0.0005146934069224697
TCN3_96b3f76d,TCN3,loso_subject_S001,44,0.0012760232001425087,,0.024719233154998174,,0.000497108171143973
TCN3_96b3f76d,TCN3,loso_subject_S001,45,0.0011512885703938425,,0.02339964990938886,,0.00047960449073189616
TCN3_96b3f76d,TCN3,loso_subject_S001,46,0.0012214030323458207,,0.023924096106978158,,0.00046220935509274226
TCN3_96b3f76d,TCN3,loso_subject_S001,47,0.0010833040143147835,,0.023154357635307734,,0.00044494958626484254
TCN3_96b3f76d,TCN3,loso_subject_S001,48,0.00102999891810783,,0.022786058381814318,,0.00042785179756071645
TCN3_96b3f76d,TCN3,loso_subject_S001,49,0.0011430479777978242,,0.02335397796088141,,0.0004109423525312737
TCN3_96b3f76d,TCN3,loso_subject_S001,50,0.0010490166158284217,,0.02254026496168418,,0.0003942473243151282
TCN3_96b3f76d,TCN3,loso_subject_S001,51,0.0010488010304109008,,0.022666858231020607,,0.0003777924554357096
TCN3_96b3f76d,TCN3,loso_subject_S001,52,0.001149071434160231,,0.02416418303511982,,0.0003616031181081575
TCN3_96b3f76d,TCN3,loso_subject_S001,53,0.0010580021848841069,,0.0227859780252726,,0.000345704275117204
TCN3_96b3f76d,TCN3,loso_subject_S001,54,0.00099044020777357,,0.02164425927163575,,0.00033012044132637024
TCN3_96b3f76d,TCN3,loso_subject_S001,55,0.0015365744308967675,,0.026752441718252664,,0.00031487564587782306
TCN3_96b3f76d,TCN3,loso_subject_S001,56,0.0009984999258497754,,0.021930227108815457,,0.00029999339514117897
TCN3_96b3f76d,TCN3,loso_subject_S001,57,0.0009704149323200124,,0.021412461048296607,,0.0002854966364683872
TCN3_96b3f76d,TCN3,loso_subject_S001,58,0.0009310587945727519,,0.02140996227032657,,0.0002714077228105749
TCN3_96b3f76d,TCN3,loso_subject_S001,59,0.0009813531634230812,,0.021793334315282693,,0.00025774837825141746
TCN3_96b3f76d,TCN3,loso_subject_S001,60,0.0009586483914959238,,0.021062616054764203,,0.0002445396645101764
TCN3_96b3f76d,TCN3,loso_subject_S001,61,0.0010101620606811983,,0.022078444205762184,,0.0002318019484660537
TCN3_96b3f76d,TCN3,loso_subject_S001,62,0.0009362912261741996,,0.021628140400277673,,0.00021955487075394156
TCN3_96b3f76d,TCN3,loso_subject_S001,63,0.0008405811994320086,,0.02058227721091486,,0.0002078173154799862
TCN3_96b3f76d,TCN3,loso_subject_S001,64,0.0008427995354120944,,0.020608142734298122,,0.00019660738110366478
TCN3_96b3f76d,TCN3,loso_subject_S001,65,0.0008592639969687893,,0.020613133169941067,,0.00018594235253127373
TCN3_96b3f76d,TCN3,loso_subject_S001,66,0.0008224079540563097,,0.0202178815859802,,0.00017583867446385477
TCN3_96b3f76d,TCN3,loso_subject_S001,67,0.0007808893184837321,,0.0194861625799901,,0.00016631192604065853
TCN3_96b3f76d,TCN3,loso_subject_S001,68,0.0007970684586539974,,0.01979441195177751,,0.00015737679681724137
TCN3_96b3f76d,TCN3,loso_subject_S001,69,0.0008888850499504138,,0.020185882335910038,,0.0001490470641152345
TCN3_96b3f76d,TCN3,loso_subject_S001,70,0.0007452945638223742,,0.019078449551043524,,0.00014133557177871338
TCN3_96b3f76d,TCN3,loso_subject_S001,71,0.0008102243417799911,,0.01963259485633893,,0.00013425421036992097
TCN3_96b3f76d,TCN3,loso_subject_S001,72,0.0007681761794059712,,0.01942703487442063,,0.00012781389883488212
TCN3_96b3f76d,TCN3,loso_subject_S001,73,0.0007429720155551168,,0.019319618271117885,,0.0001220245676671809
TCN3_96b3f76d,TCN3,loso_subject_S001,74,0.0007866000443380134,,0.01984775726503757,,0.00011689514359585877
TCN3_96b3f76d,TCN3,loso_subject_S001,75,0.0008427730120755513,,0.019755426913894855,,0.00011243353582104555
TCN3_96b3f76d,TCN3,loso_subject_S001,76,0.0007773354703036517,,0.01963316587037208,,0.0001086466238185463
TCN3_96b3f76d,TCN3,loso_subject_S001,77,0.0007640360381103783,,0.019378717930024606,,0.00010554024673218805
TCN3_96b3f76d,TCN3,loso_subject_S001,78,0.0007626252135725497,,0.019279798241784805,,0.00010311919437028317
TCN3_96b3f76d,TCN3,loso_subject_S001,79,0.0008015253293240204,,0.019458175846135493,,0.00010138719982009242
TCN3_96b3f76d,TCN3,loso_subject_S001,80,0.0007971303775376436,,0.01934818286635256,,0.0001003469336916747
TCN3_96b3f76d,TCN3,loso_subject_S002,1,0.2464479299557,,0.35829158300248687,,0.001
TCN3_96b3f76d,TCN3,loso_subject_S002,2,0.05031113051299698,,0.16796841913514765,,0.0009996530663083252
TCN3_96b3f76d,TCN3,loso_subject_S002,3,0.028255307597462146,,0.12669687274029048,,0.0009986128001799074
TCN3_96b3f76d,TCN3,loso_subject_S002,4,0.01960049378579973,,0.10352312795297745,,0.0009968808056297167
TCN3_96b3f76d,TCN3,loso_subject_S002,5,0.01340179676786643,,0.08638593192776535,,0.0009944597532678117
TCN3_96b3f76d,TCN3,loso_subject_S002,6,0.01108850315919521,,0.07756071495139986,,0.0009913533761814533
TCN3_96b3f76d,TCN3,loso_subject_S002,7,0.008547952262477624,,0.06764743462551671,,0.000987566464178954
TCN3_96b3f76d,TCN3,loso_subject_S002,8,0.007335969415075672,,0.06316655910852413,,0.0009831048564041408
TCN3_96b3f76d,TCN3,loso_subject_S002,9,0.006191998741037542,,0.05793825548738284,,0.0009779754323328187
TCN3_96b3f76d,TCN3,loso_subject_S002,10,0.005485002959764588,,0.054358412226711804,,0.0009721861011651174
TCN3_96b3f76d,TCN3,loso_subject_S002,11,0.005038045356636056,,0.05179237256495989,,0.0009657457896300785
TCN3_96b3f76d,TCN3,loso_subject_S002,12,0.0043456237859482464,,0.04809984173095969,,0.000958664428221286
TCN3_96b3f76d,TCN3,loso_subject_S002,13,0.004027666842029316,,0.046411010393103934,,0.000950952935884765
TCN3_96b3f76d,TCN3,loso_subject_S002,14,0.003680841156038868,,0.04323835134253663,,0.0009426232031827582
TCN3_96b3f76d,TCN3,loso_subject_S002,15,0.003623288648116866,,0.04331620927836936,,0.0009336880739593409
TCN3_96b3f76d,TCN3,loso_subject_S002,16,0.003163578947121799,,0.04106744643246193,,0.0009241613255361449
TCN3_96b3f76d,TCN3,loso_subject_S002,17,0.0031407098364110643,,0.040473408896462115,,0.0009140576474687258
TCN3_96b3f76d,TCN3,loso_subject_S002,18,0.002814732414716574,,0.038357056302779094,,0.0009033926188963346
TCN3_96b3f76d,TCN3,loso_subject_S002,19,0.0026812260930742923,,0.0371764106967606,,0.0008921826845200134
TCN3_96b3f76d,TCN3,loso_subject_S002,20,0.0026184708391431546,,0.03692584331245027,,0.000880445129246058
TCN3_96b3f76d,TCN3,loso_subject_S002,21,0.0023019899331160045,,0.034918125700638986,,0.0008681980515339459
TCN3_96b3f76d,TCN3,loso_subject_S002,22,0.002175598045721697,,0.03405891830586935,,0.0008554603354898234
TCN3_96b3f76d,TCN3,loso_subject_S002,23,0.0020861385910670386,,0.03306701465910346,,0.0008422516217485822
TCN3_96b3f76d,TCN3,loso_subject_S002,24,0.0019513917700953395,,0.03203383843871719,,0.0008285922771894248
TCN3_96b3f76d,TCN3,loso_subject_S002,25,0.001905675998136307,,0.031044119012806137,,0.0008145033635316124
TCN3_96b3f76d,TCN3,loso_subject_S002,26,0.001939856272706635,,0.03171692434050886,,0.0008000066048588205
TCN3_96b3f76d,TCN3,loso_subject_S002,27,0.0018251430170280931,,0.030657062920747356,,0.0007851243541221765
TCN3_96b3f76d,TCN3,loso_subject_S002,28,0.0017289490593103405,,0.030105700148111682,,0.0007698795586736293
TCN3_96b3f76d,TCN3,loso_subject_S002,29,0.001562429228253102,,0.029156279068197268,,0.0007542957248827956
TCN3_96b3f76d,TCN3,loso_subject_S002,30,0.0015874573587608776,,0.029161224894587317,,0.0007383968818918422
TCN3_96b3f76d,TCN3,loso_subject_S002,31,0.0015686571232720898,,0.02866283347426184,,0.00072220754456429
TCN3_96b3f76d,TCN3,loso_subject_S002,32,0.0015435415141913731,,0.028450225123263954,,0.0007057526756848715
TCN3_96b3f76d,TCN3,loso_subject_S002,33,0.001432133298612734,,0.02734341277828918,,0.000689057647468726
TCN3_96b3f76d,TCN3,loso_subject_S002,34,0.0013556761604727613,,0.02655507533077158,,0.000672148202439283
TCN3_96b3f76d,TCN3,loso_subject_S002,35,0.0012965092504505658,,0.026112427836547842,,0.0006550504137351571
TCN3_96b3f76d,TCN3,loso_subject_S002,36,0.0012290377966260725,,0.025374177714910906,,0.0006377906449072574
TCN3_96b3f76d,TCN3,loso_subject_S002,37,0.0012872504483489975,,0.02607007895903199,,0.0006203955092681036
TCN3_96b3f76d,TCN3,loso_subject_S002,38,0.0011191566808029358,,0.023934306128978455,,0.0006028918288560267
TCN3_96b3f76d,TCN3,loso_subject_S002,39,0.0012195605647002947,,0.025102618814191062,,0.00058530659307753
TCN3_96b3f76d,TCN3,loso_subject_S002,40,0.0011371314760775908,,0.02443452253167193,,0.0005676669170915806
TCN3_96b3f76d,TCN3,loso_subject_S002,41,0.0011122203958166602,,0.024319184334567142,,0.0005499999999999997
TCN3_96b3f76d,TCN3,loso_subject_S002,42,0.0010482426589307784,,0.023541385118486517,,0.000532333082908419
TCN3_96b3f76d,TCN3,loso_subject_S002,43,0.0009827992684182173,,0.022601140093692962,,0.0005146934069224697
TCN3_96b3f76d,TCN3,loso_subject_S002,44,0.0009680017581797069,,0.022947108033799433,,0.000497108171143973
TCN3_96b3f76d,TCN3,loso_subject_S002,45,0.000982215771582288,,0.022709930482026457,,0.00047960449073189616
TCN3_96b3f76d,TCN3,loso_subject_S002,46,0.000884579111137303,,0.02162865008511392,,0.00046220935509274226
TCN3_96b3f76d,TCN3,loso_subject_S002,47,0.0009556871751113052,,0.022298659727991877,,0.00044494958626484254
TCN3_96b3f76d,TCN3,loso_subject_S002,48,0.000975477235770044,,0.0223347206750638,,0.00042785179756071645
TCN3_96b3f76d,TCN3,loso_subject_S002,49,0.0008699608581711578,,0.02137071043745227,,0.0004109423525312737
TCN3_96b3f76d,TCN3,loso_subject_S002,50,0.0008966829456523793,,0.02132453544922034,,0.0003942473243151282
TCN3_96b3f76d,TCN3,loso_subject_S002,51,0.0009158433054011187,,0.021458812164454683,,0.0003777924554357096
TCN3_96b3f76d,TCN3,loso_subject_S002,52,0.0008679042490598117,,0.021671264102488232,,0.0003616031181081575
TCN3_96b3f76d,TCN3,loso_subject_S002,53,0.000835510577224072,,0.02073918071117159,,0.000345704275117204
TCN3_96b3f76d,TCN3,loso_subject_S002,54,0.000753822780971535,,0.019551498824513805,,0.00033012044132637024
TCN3_96b3f76d,TCN3,loso_subject_S002,55,0.0007471939806462017,,0.019840828611530713,,0.00031487564587782306
TCN3_96b3f76d,TCN3,loso_subject_S002,56,0.0008218179868440032,,0.020490598480926953,,0.00029999339514117897
TCN3_96b3f76d,TCN3,loso_subject_S002,57,0.0008448296627142145,,0.020309352650660546,,0.0002854966364683872
TCN3_96b3f76d,TCN3,loso_subject_S002,58,0.0008009405329026747,,0.02032672632480277,,0.0002714077228105749
TCN3_96b3f76d,TCN3,loso_subject_S002,59,0.0007847479957568437,,0.01914933827004447,,0.00025774837825141746
TCN3_96b3f76d,TCN3,loso_subject_S002,60,0.0007653873852172937,,0.019640774660067153,,0.0002445396645101764
TCN3_96b3f76d,TCN3,loso_subject_S002,61,0.0006897303029656447,,0.019348876085266132,,0.0002318019484660537
TCN3_96b3f76d,TCN3,loso_subject_S002,62,0.0006695057750920075,,0.018861658557611648,,0.00021955487075394156
TCN3_96b3f76d,TCN3,loso_subject_S002,63,0.0006990339778563293,,0.019003394263973357,,0.0002078173154799862
TCN3_96b3f76d,TCN3,loso_subject_S002,64,0.000684230312437763,,0.018750080432131763,,0.00019660738110366478
TCN3_96b3f76d,TCN3,loso_subject_S002,65,0.0006616295542938785,,0.018367107406994865,,0.00018594235253127373
TCN3_96b3f76d,TCN3,loso_subject_S002,66,0.0006900087181797853,,0.01901013710522953,,0.00017583867446385477
TCN3_96b3f76d,TCN3,loso_subject_S002,67,0.0006661041629645428,,0.01856393495741006,,0.00016631192604065853
TCN3_96b3f76d,TCN3,loso_subject_S002,68,0.0006549820442939767,,0.018464793660082683,,0.00015737679681724137
TCN3_96b3f76d,TCN3,loso_subject_S002,69,0.000680747831902001,,0.018484258184975177,,0.0001490470641152345
TCN3_96b3f76d,TCN3,loso_subject_S002,70,0.0006655581285440622,,0.018252064404632982,,0.00014133557177871338
TCN3_96b3f76d,TCN3,loso_subject_S002,71,0.0006324821092431556,,0.0180309532481521,,0.00013425421036992097
TCN3_96b3f76d,TCN3,loso_subject_S002,72,0.0006361735519456509,,0.017801182515784365,,0.00012781389883488212
TCN3_96b3f76d,TCN3,loso_subject_S002,73,0.0005977161306779778,,0.017621378645223812,,0.0001220245676671809
TCN3_96b3f76d,TCN3,loso_subject_S002,74,0.0006358654604685894,,0.017838335264537295,,0.00011689514359585877
TCN3_96b3f76d,TCN3,loso_subject_S002,75,0.0006035643643140418,,0.01776281505591977,,0.00011243353582104555
TCN3_96b3f76d,TCN3,loso_subject_S002,76,0.0006198538250744148,,0.017785047924456943,,0.0001086466238185463
TCN3_96b3f76d,TCN3,loso_subject_S002,77,0.0006217978416658596,,0.01766183646542952,,0.00010554024673218805
TCN3_96b3f76d,TCN3,loso_subject_S002,78,0.0005980505541236405,,0.017509156418014482,,0.00010311919437028317
TCN3_96b3f76d,TCN3,loso_subject_S002,79,0.0005923408775956094,,0.017550901947791842,,0.00010138719982009242
TCN3_96b3f76d,TCN3,loso_subject_S002,80,0.0006127755544050731,,0.017718318492362498,,0.0001003469336916747
TCN3_96b3f76d,TCN3,loso_subject_S003,1,0.23041401191818348,,0.3454325336372371,,0.001
TCN3_96b3f76d,TCN3,loso_subject_S003,2,0.055206000171669135,,0.17167580139392682,,0.0009996530663083252
TCN3_96b3f76d,TCN3,loso_subject_S003,3,0.030007392412804926,,0.12776216498119705,,0.0009986128001799074
TCN3_96b3f76d,TCN3,loso_subject_S003,4,0.02066384500645959,,0.106688289626346,,0.0009968808056297167
TCN3_96b3f76d,TCN3,loso_subject_S003,5,0.015058072159799953,,0.0910670136591625,,0.0009944597532678117
TCN3_96b3f76d,TCN3,loso_subject_S003,6,0.01164017470369386,,0.07960048652040161,,0.0009913533761814533
TCN3_96b3f76d,TCN3,loso_subject_S003,7,0.009289124850891058,,0.07050308310766404,,0.000987566464178954
TCN3_96b3f76d,TCN3,loso_subject_S003,8,0.007846223554198393,,0.06430079089393452,,0.0009831048564041408
TCN3_96b3f76d,TCN3,loso_subject_S003,9,0.006501529846315717,,0.05916627706210968,,0.0009779754323328187
TCN3_96b3f76d,TCN3,loso_subject_S003,10,0.0055743509136149325,,0.054438908883629254,,0.0009721861011651174
TCN3_96b3f76d,TCN3,loso_subject_S003,11,0.00482515378413366,,0.05094665755316247,,0.0009657457896300785
TCN3_96b3f76d,TCN3,loso_subject_S003,12,0.004244003113417596,,0.047551687328552465,,0.000958664428221286
TCN3_96b3f76d,TCN3,loso_subject_S003,13,0.004134254696800847,,0.04621021570149425,,0.000950952935884765
TCN3_96b3f76d,TCN3,loso_subject_S003,14,0.0038435090515109125,,0.044776704404873614,,0.0009426232031827582
TCN3_96b3f76d,TCN3,loso_subject_S003,15,0.003277746059793155,,0.04039693824529217,,0.0009336880739593409
TCN3_96b3f76d,TCN3,loso_subject_S003,16,0.0030588397492091563,,0.03938550116733444,,0.0009241613255361449
TCN3_96b3f76d,TCN3,loso_subject_S003,17,0.0029293902481065735,,0.038746856766033774,,0.0009140576474687258
TCN3_96b3f76d,TCN3,loso_subject_S003,18,0.0027073767758128944,,0.036672568115989006,,0.0009033926188963346
TCN3_96b3f76d,TCN3,loso_subject_S003,19,0.002531238704708738,,0.03585832524930159,,0.0008921826845200134
TCN3_96b3f76d,TCN3,loso_subject_S003,20,0.002419998201894147,,0.03499132178773213,,0.000880445129246058
TCN3_96b3f76d,TCN3,loso_subject_S003,21,0.002141185813162963,,0.03302030493025323,,0.0008681980515339459
TCN3_96b3f76d,TCN3,loso_subject_S003,22,0.002072576839926486,,0.032978933615550494,,0.0008554603354898234
TCN3_96b3f76d,TCN3,loso_subject_S003,23,0.001958850042242164,,0.031356188468073705,,0.0008422516217485822
TCN3_96b3f76d,TCN3,loso_subject_S003,24,0.0019132089159760743,,0.03071415017686241,,0.0008285922771894248
TCN3_96b3f76d,TCN3,loso_subject_S003,25,0.0020531185346471977,,0.03328849647852079,,0.0008145033635316124
TCN3_96b3f76d,TCN3,loso_subject_S003,26,0.0018077568708783696,,0.030517351855717557,,0.0008000066048588205
TCN3_96b3f76d,TCN3,loso_subject_S003,27,0.0015404762133140277,,0.02828095133195734,,0.0007851243541221765
TCN3_96b3f76d,TCN3,loso_subject_S003,28,0.0015765725588117237,,0.028598320450927927,,0.0007698795586736293
TCN3_96b3f76d,TCN3,loso_subject_S003,29,0.0013872033276725977,,0.026715759530376065,,0.0007542957248827956
TCN3_96b3f76d,TCN3,loso_subject_S003,30,0.0014279292501462033,,0.026974102106077834,,0.0007383968818918422
TCN3_96b3f76d,TCN3,loso_subject_S003,31,0.0014352585566078547,,0.02717131806504949,,0.00072220754456429
TCN3_96b3f76d,TCN3,loso_subject_S003,32,0.0013777220580584273,,0.02625623979505248,,0.0007057526756848715
TCN3_96b3f76d,TCN3,loso_subject_S003,33,0.0012400180420396494,,0.02564642610025018,,0.000689057647468726
TCN3_96b3f76d,TCN3,loso_subject_S003,34,0.0012425941051570043,,0.02543008295261156,,0.000672148202439283
TCN3_96b3f76d,TCN3,loso_subject_S003,35,0.0011672743423092457,,0.024334821821992623,,0.0006550504137351571
TCN3_96b3f76d,TCN3,loso_subject_S003,36,0.0011967808620655049,,0.024779569115119214,,0.0006377906449072574
TCN3_96b3f76d,TCN3,loso_subject_S003,37,0.001095308545477814,,0.02351793499844235,,0.0006203955092681036
TCN3_96b3f76d,TCN3,loso_subject_S003,38,0.0009534890477370411,,0.022098519922991413,,0.0006028918288560267
TCN3_96b3f76d,TCN3,loso_subject_S003,39,0.0010966960714369027,,0.02309763610515701,,0.00058530659307753
TCN3_96b3f76d,TCN3,loso_subject_S003,40,0.0009968356968135521,,0.022557691034915364,,0.0005676669170915806
TCN3_96b3f76d,TCN3,loso_subject_S003,41,0.0009027767656362577,,0.02186578133487608,,0.0005499999999999997
TCN3_96b3f76d,TCN3,loso_subject_S003,42,0.0009347853875191879,,0.02179263291443738,,0.000532333082908419
TCN3_96b3f76d,TCN3,loso_subject_S003,43,0.0009679118131476579,,0.02149463524888121,,0.0005146934069224697
TCN3_96b3f76d,TCN3,loso_subject_S003,44,0.0009182197733143948,,0.021277312695701628,,0.000497108171143973
TCN3_96b3f76d,TCN3,loso_subject_S003,45,0.0009489348679969021,,0.021732517150401927,,0.00047960449073189616
TCN3_96b3f76d,TCN3,loso_subject_S003,46,0.0009604635642955979,,0.02128305301550751,,0.00046220935509274226
TCN3_96b3f76d,TCN3,loso_subject_S003,47,0.0008182671650735556,,0.020287736838278173,,0.00044494958626484254
TCN3_96b3f76d,TCN3,loso_subject_S003,48,0.0008036528062173617,,0.020046675853956673,,0.00042785179756071645
TCN3_96b3f76d,TCN3,loso_subject_S003,49,0.0007925713398325976,,0.020072173056624395,,0.0004109423525312737
TCN3_96b3f76d,TCN3,loso_subject_S003,50,0.0007984660428456374,,0.019973713846236127,,0.0003942473243151282
TCN3_96b3f76d,TCN3,loso_subject_S003,51,0.0007538019360274395,,0.019687455256411725,,0.0003777924554357096
TCN3_96b3f76d,TCN3,loso_subject_S003,52,0.0007552270854151325,,0.019115913424679068,,0.0003616031181081575
TCN3_96b3f76d,TCN3,loso_subject_S003,53,0.0007188963647182377,,0.019260016180723098,,0.000345704275117204
TCN3_96b3f76d,TCN3,loso_subject_S003,54,0.0007035251572424172,,0.018457846585807132,,0.00033012044132637024
TCN3_96b3f76d,TCN3,loso_subject_S003,55,0.0006976267689546529,,0.018481727553651663,,0.00031487564587782306
TCN3_96b3f76d,TCN3,loso_subject_S003,56,0.0006541615327334031,,0.01854618416673595,,0.00029999339514117897
TCN3_96b3f76d,TCN3,loso_subject_S003,57,0.0006866710344857169,,0.018166143181068555,,0.0002854966364683872
TCN3_96b3f76d,TCN3,loso_subject_S003,58,0.0006674687408843831,,0.018344622469131596,,0.0002714077228105749
TCN3_96b3f76d,TCN3,loso_subject_S003,59,0.0006615931308963586,,0.018121328149855388,,0.00025774837825141746
TCN3_96b3f76d,TCN3,loso_subject_S003,60,0.0006269448917264241,,0.017846071344899656,,0.0002445396645101764
TCN3_96b3f76d,TCN3,loso_subject_S003,61,0.0006513220796346409,,0.017996296364052818,,0.0002318019484660537
TCN3_96b3f76d,TCN3,loso_subject_S003,62,0.0006196526655446763,,0.017709072698368016,,0.00021955487075394156
TCN3_96b3f76d,TCN3,loso_subject_S003,63,0.0006877871477881569,,0.01777018238287902,,0.0002078173154799862
TCN3_96b3f76d,TCN3,loso_subject_S003,64,0.0006324348406994747,,0.017736698559195144,,0.00019660738110366478
TCN3_96b3f76d,TCN3,loso_subject_S003,65,0.0005807519011358624,,0.017594919907689237,,0.00018594235253127373
TCN3_96b3f76d,TCN3,loso_subject_S003,66,0.0005918909745268982,,0.017192386072791433,,0.00017583867446385477
TCN3_96b3f76d,TCN3,loso_subject_S003,67,0.0006118278539666009,,0.017318863268984304,,0.00016631192604065853
TCN3_96b3f76d,TCN3,loso_subject_S003,68,0.0005767548317426502,,0.01722330437111991,,0.00015737679681724137
TCN3_96b3f76d,TCN3,loso_subject_S003,69,0.0005738864168415273,,0.01710698297982693,,0.0001490470641152345
TCN3_96b3f76d,TCN3,loso_subject_S003,70,0.0005458497786393413,,0.0169136892036367,,0.00014133557177871338
TCN3_96b3f76d,TCN3,loso_subject_S003,71,0.000604074549149147,,0.017108492087292124,,0.00013425421036992097
TCN3_96b3f76d,TCN3,loso_subject_S003,72,0.0005565906914201974,,0.016468926451341296,,0.00012781389883488212
TCN3_96b3f76d,TCN3,loso_subject_S003,73,0.0005904767624604403,,0.01707140347544798,,0.0001220245676671809
TCN3_96b3f76d,TCN3,loso_subject_S003,74,0.0005729673797323078,,0.016682288868239373,,0.00011689514359585877
TCN3_96b3f76d,TCN3,loso_subject_S003,75,0.0005954451603536236,,0.016854089164388977,,0.00011243353582104555
TCN3_96b3f76d,TCN3,loso_subject_S003,76,0.0005513034064003849,,0.01644221608621877,,0.0001086466238185463
TCN3_96b3f76d,TCN3,loso_subject_S003,77,0.0005641293895740742,,0.01676666029156907,,0.00010554024673218805
TCN3_96b3f76d,TCN3,loso_subject_S003,78,0.0005816782820063759,,0.016606555853629593,,0.00010311919437028317
TCN3_96b3f76d,TCN3,loso_subject_S003,79,0.0005175682488784549,,0.016503526889811698,,0.00010138719982009242
TCN3_96b3f76d,TCN3,loso_subject_S003,80,0.0005507411273254442,,0.0164076094321947,,0.0001003469336916747
TCN3_96b3f76d,TCN3,loso_subject_S004,1,0.20544314553146756,,0.3280221610401272,,0.001
TCN3_96b3f76d,TCN3,loso_subject_S004,2,0.046439524477920234,,0.15938940547718458,,0.0009996530663083252
TCN3_96b3f76d,TCN3,loso_subject_S004,3,0.02886475265633535,,0.12227709069955572,,0.0009986128001799074
TCN3_96b3f76d,TCN3,loso_subject_S004,4,0.018774176276091372,,0.09946343947798658,,0.0009968808056297167
TCN3_96b3f76d,TCN3,loso_subject_S004,5,0.013661912584631645,,0.08488435387654394,,0.0009944597532678117
TCN3_96b3f76d,TCN3,loso_subject_S004,6,0.011024209762645232,,0.07669878126394869,,0.0009913533761814533
TCN3_96b3f76d,TCN3,loso_subject_S004,7,0.009120487312155992,,0.06958471383109237,,0.000987566464178954
TCN3_96b3f76d,TCN3,loso_subject_S004,8,0.008333952707866096,,0.06553825673151326,,0.0009831048564041408
TCN3_96b3f76d,TCN3,loso_subject_S004,9,0.0068910403103899604,,0.05992343114073486,,0.0009779754323328187
TCN3_96b3f76d,TCN3,loso_subject_S004,10,0.0057381611453801995,,0.054959189374682534,,0.0009721861011651174
TCN3_96b3f76d,TCN3,loso_subject_S004,11,0.005976569755500099,,0.05567214960638235,,0.0009657457896300785
TCN3_96b3f76d,TCN3,loso_subject_S004,12,0.004974355691073605,,0.050617229228927973,,0.000958664428221286
TCN3_96b3f76d,TCN3,loso_subject_S004,13,0.004468073583480836,,0.04825521894820669,,0.000950952935884765
TCN3_96b3f76d,TCN3,loso_subject_S004,14,0.0039929229932774025,,0.04596220875564764,,0.0009426232031827582
TCN3_96b3f76d,TCN3,loso_subject_S004,15,0.0036144526510715784,,0.04351767235224553,,0.0009336880739593409
TCN3_96b3f76d,TCN3,loso_subject_S004,16,0.003187433446130566,,0.039975852734297726,,0.0009241613255361449
TCN3_96b3f76d,TCN3,loso_subject_S004,17,0.003044413507567963,,0.040157788070550385,,0.0009140576474687258
TCN3_96b3f76d,TCN3,loso_subject_S004,18,0.0030318517224294703,,0.039569043763745225,,0.0009033926188963346
TCN3_96b3f76d,TCN3,loso_subject_S004,19,0.0029562568161663467,,0.03876929353454928,,0.0008921826845200134
TCN3_96b3f76d,TCN3,loso_subject_S004,20,0.002506000018886238,,0.03622541497172559,,0.000880445129246058
TCN3_96b3f76d,TCN3,loso_subject_S004,21,0.0023977104535468814,,0.03519856406948267,,0.0008681980515339459
TCN3_96b3f76d,TCN3,loso_subject_S004,22,0.0022813729252424333,,0.03427453340282516,,0.0008554603354898234
TCN3_96b3f76d,TCN3,loso_subject_S004,23,0.002246585043606148,,0.03425387705086286,,0.0008422516217485822
TCN3_96b3f76d,TCN3,loso_subject_S004,24,0.0020208841735197425,,0.031904925188804945,,0.0008285922771894248
TCN3_96b3f76d,TCN3,loso_subject_S004,25,0.002116792006612974,,0.03279631712714487,,0.0008145033635316124
TCN3_96b3f76d,TCN3,loso_subject_S004,26,0.0019520281336282367,,0.031787455242132556,,0.0008000066048588205
TCN3_96b3f76d,TCN3,loso_subject_S004,27,0.001837782863988494,,0.030790801393607306,,0.0007851243541221765
TCN3_96b3f76d,TCN3,loso_subject_S004,28,0.0016852189393305524,,0.029785685001470653,,0.0007698795586736293
TCN3_96b3f76d,TCN3,loso_subject_S004,29,0.001725772408362677,,0.02992623404722021,,0.0007542957248827956
TCN3_96b3f76d,TCN3,loso_subject_S004,30,0.0016603181299062722,,0.0290038586920732,,0.0007383968818918422
TCN3_96b3f76d,TCN3,loso_subject_S004,31,0.001508126035357878,,0.027706708917649623,,0.00072220754456429
TCN3_96b3f76d,TCN3,loso_subject_S004,32,0.0016468854506149308,,0.028752131213959507,,0.0007057526756848715
TCN3_96b3f76d,TCN3,loso_subject_S004,33,0.0015506307221209955,,0.027949550396844765,,0.000689057647468726
TCN3_96b3f76d,TCN3,loso_subject_S004,34,0.0014433175350591799,,0.02711412115519783,,0.000672148202439283
TCN3_96b3f76d,TCN3,loso_subject_S004,35,0.0013383364429882852,,0.02634372454926823,,0.0006550504137351571
TCN3_96b3f76d,TCN3,loso_subject_S004,36,0.0014597637475028762,,0.027442192164226872,,0.0006377906449072574
TCN3_96b3f76d,TCN3,loso_subject_S004,37,0.0013138968855664027,,0.026460072937358338,,0.0006203955092681036
TCN3_96b3f76d,TCN3,loso_subject_S004,38,0.0012409151066094636,,0.024969732342086312,,0.0006028918288560267
TCN3_96b3f76d,TCN3,loso_subject_S004,39,0.0012046671222692455,,0.024698304214002768,,0.00058530659307753
TCN3_96b3f76d,TCN3,loso_subject_S004,40,0.0011830433920256977,,0.023991287117998666,,0.0005676669170915806
TCN3_96b3f76d,TCN3,loso_subject_S004,41,0.0012159860100510462,,0.02497904138884159,,0.0005499999999999997
TCN3_96b3f76d,TCN3,loso_subject_S004,42,0.0011005048178610746,,0.023956738753461992,,0.000532333082908419
TCN3_96b3f76d,TCN3,loso_subject_S004,43,0.001063985119050995,,0.023306354545970673,,0.0005146934069224697
TCN3_96b3f76d,TCN3,loso_subject_S004,44,0.0010762496299713763,,0.02339095210745221,,0.000497108171143973
TCN3_96b3f76d,TCN3,loso_subject_S004,45,0.0010895298938885128,,0.023494661272561224,,0.00047960449073189616
TCN3_96b3f76d,TCN3,loso_subject_S004,46,0.001019450356312967,,0.0226919888138427,,0.00046220935509274226
TCN3_96b3f76d,TCN3,loso_subject_S004,47,0.0009717632886301189,,0.02220805873570246,,0.00044494958626484254
TCN3_96b3f76d,TCN3,loso_subject_S004,48,0.0009587506754229767,,0.022095816982385916,,0.00042785179756071645
TCN3_96b3f76d,TCN3,loso_subject_S004,49,0.0009965555582458925,,0.022695561366701367,,0.0004109423525312737
TCN3_96b3f76d,TCN3,loso_subject_S004,50,0.0009796757286973567,,0.02177638554889144,,0.0003942473243151282
TCN3_96b3f76d,TCN3,loso_subject_S004,51,0.0009066310593613771,,0.02171873887154189,,0.0003777924554357096
TCN3_96b3f76d,TCN3,loso_subject_S004,52,0.0009765434305823285,,0.021912525681319173,,0.0003616031181081575
TCN3_96b3f76d,TCN3,loso_subject_S004,53,0.00089320177393784,,0.021520007335584918,,0.000345704275117204
TCN3_96b3f76d,TCN3,loso_subject_S004,54,0.000903882418211864,,0.02153885080647073,,0.00033012044132637024
TCN3_96b3f76d,TCN3,loso_subject_S004,55,0.0008852801683646443,,0.021498852876830756,,0.00031487564587782306
TCN3_96b3f76d,TCN3,loso_subject_S004,56,0.0008450458221363299,,0.020770489829787273,,0.00029999339514117897
TCN3_96b3f76d,TCN3,loso_subject_S004,57,0.0010651122468297233,,0.022387048994522936,,0.0002854966364683872
TCN3_96b3f76d,TCN3,loso_subject_S004,58,0.0009138673452040903,,0.02132038167297496,,0.0002714077228105749
TCN3_96b3f76d,TCN3,loso_subject_S004,59,0.0008148415514414466,,0.020337090351515347,,0.00025774837825141746
TCN3_96b3f76d,TCN3,loso_subject_S004,60,0.0008304581359233089,,0.020551531883373234,,0.0002445396645101764
TCN3_96b3f76d,TCN3,loso_subject_S004,61,0.0007782717069918706,,0.019766290939021935,,0.0002318019484660537
TCN3_96b3f76d,TCN3,loso_subject_S004,62,0.0007190968470565953,,0.019800036081783528,,0.00021955487075394156
TCN3_96b3f76d,TCN3,loso_subject_S004,63,0.000765308334089313,,0.01953801353546706,,0.0002078173154799862
TCN3_96b3f76d,TCN3,loso_subject_S004,64,0.0008105689608310531,,0.019847367042178373,,0.00019660738110366478
TCN3_96b3f76d,TCN3,loso_subject_S004,65,0.0007300126841385858,,0.019505430111852386,,0.00018594235253127373
TCN3_96b3f76d,TCN3,loso_subject_S004,66,0.0007149318678635152,,0.019206649618704427,,0.00017583867446385477
TCN3_96b3f76d,TCN3,loso_subject_S004,67,0.0007254254069208862,,0.019211230670541396,,0.00016631192604065853
TCN3_96b3f76d,TCN3,loso_subject_S004,68,0.0007631905571104687,,0.01959788017512486,,0.00015737679681724137
TCN3_96b3f76d,TCN3,loso_subject_S004,69,0.0007247021694601787,,0.019212677615491773,,0.0001490470641152345
TCN3_96b3f76d,TCN3,loso_subject_S004,70,0.0007011159599663268,,0.018884116643972555,,0.00014133557177871338
TCN3_96b3f76d,TCN3,loso_subject_S004,71,0.0006740214716217078,,0.018579535083616795,,0.00013425421036992097
TCN3_96b3f76d,TCN3,loso_subject_S004,72,0.0007193989794473547,,0.018997199370822778,,0.00012781389883488212
TCN3_96b3f76d,TCN3,loso_subject_S004,73,0.0006126344275679627,,0.018016343438006066,,0.0001220245676671809
TCN3_96b3f76d,TCN3,loso_subject_S004,74,0.0007076302289285443,,0.018787341736375338,,0.00011689514359585877
TCN3_96b3f76d,TCN3,loso_subject_S004,75,0.000697984573687326,,0.018426858548015828,,0.00011243353582104555
TCN3_96b3f76d,TCN3,loso_subject_S004,76,0.0006854152576030268,,0.018587313303226688,,0.0001086466238185463
TCN3_96b3f76d,TCN3,loso_subject_S004,77,0.0006424714288285236,,0.018158071398100727,,0.00010554024673218805
TCN3_96b3f76d,TCN3,loso_subject_S004,78,0.0006743450376942948,,0.01803926515888858,,0.00010311919437028317
TCN3_96b3f76d,TCN3,loso_subject_S004,79,0.0006637528204240851,,0.01835805204996643,,0.00010138719982009242
TCN3_96b3f76d,TCN3,loso_subject_S004,80,0.0006856936010771295,,0.018372049766443507,,0.0001003469336916747
TCN3_96b3f76d,TCN3,loso_subject_S005,1,0.22066143447554787,,0.3440769445487946,,0.001
TCN3_96b3f76d,TCN3,loso_subject_S005,2,0.048584856155883156,,0.16390464531095947,,0.0009996530663083252
TCN3_96b3f76d,TCN3,loso_subject_S005,3,0.030525456217724775,,0.12770282245428033,,0.0009986128001799074
TCN3_96b3f76d,TCN3,loso_subject_S005,4,0.020362810460641305,,0.10509158886489761,,0.0009968808056297167
TCN3_96b3f76d,TCN3,loso_subject_S005,5,0.014431569350454289,,0.08825355162747422,,0.0009944597532678117
TCN3_96b3f76d,TCN3,loso_subject_S005,6,0.011698828384461334,,0.07845583873732734,,0.0009913533761814533
TCN3_96b3f76d,TCN3,loso_subject_S005,7,0.010065062056863534,,0.07267353360328835,,0.000987566464178954
TCN3_96b3f76d,TCN3,loso_subject_S005,8,0.008322880679027478,,0.06637802415905951,,0.0009831048564041408
TCN3_96b3f76d,TCN3,loso_subject_S005,9,0.006772399065602464,,0.0602600349021124,,0.0009779754323328187
TCN3_96b3f76d,TCN3,loso_subject_S005,10,0.00612671540847411,,0.05676450106331053,,0.0009721861011651174
TCN3_96b3f76d,TCN3,loso_subject_S005,11,0.005591445438466632,,0.05404513077454223,,0.0009657457896300785
TCN3_96b3f76d,TCN3,loso_subject_S005,12,0.005091352104213505,,0.05169790237479347,,0.000958664428221286
TCN3_96b3f76d,TCN3,loso_subject_S005,13,0.004612080565646286,,0.04956141601626151,,0.000950952935884765
TCN3_96b3f76d,TCN3,loso_subject_S005,14,0.00410088896930876,,0.04689854284399983,,0.0009426232031827582
TCN3_96b3f76d,TCN3,loso_subject_S005,15,0.0037030338819406257,,0.044284252768502265,,0.0009336880739593409
TCN3_96b3f76d,TCN3,loso_subject_S005,16,0.003228198480813052,,0.04195248496627864,,0.0009241613255361449
TCN3_96b3f76d,TCN3,loso_subject_S005,17,0.003125997698746275,,0.040820024694431224,,0.0009140576474687258
TCN3_96b3f76d,TCN3,loso_subject_S005,18,0.0029666002383116016,,0.03969837895799135,,0.0009033926188963346
TCN3_96b3f76d,TCN3,loso_subject_S005,19,0.0028702818608149477,,0.039191110415802206,,0.0008921826845200134
TCN3_96b3f76d,TCN3,loso_subject_S005,20,0.002714588120193164,,0.03737277813474467,,0.000880445129246058
TCN3_96b3f76d,TCN3,loso_subject_S005,21,0.0024062980074361475,,0.03584260526871137,,0.0008681980515339459
TCN3_96b3f76d,TCN3,loso_subject_S005,22,0.0024141726664438944,,0.03593788557074878,,0.0008554603354898234
TCN3_96b3f76d,TCN3,loso_subject_S005,23,0.0022637161713125547,,0.034308778985190594,,0.0008422516217485822
TCN3_96b3f76d,TCN3,loso_subject_S005,24,0.0019519042781160152,,0.032235534209509545,,0.0008285922771894248
TCN3_96b3f76d,TCN3,loso_subject_S005,25,0.002026917258047811,,0.032566717590307256,,0.0008145033635316124
TCN3_96b3f76d,TCN3,loso_subject_S005,26,0.0018808272194527056,,0.03213450849153435,,0.0008000066048588205
TCN3_96b3f76d,TCN3,loso_subject_S005,27,0.0017878949559900304,,0.0309757969515846,,0.0007851243541221765
TCN3_96b3f76d,TCN3,loso_subject_S005,28,0.0017214783633295132,,0.029795325279739465,,0.0007698795586736293
TCN3_96b3f76d,TCN3,loso_subject_S005,29,0.00169278220459239,,0.02993922886429556,,0.0007542957248827956
TCN3_96b3f76d,TCN3,loso_subject_S005,30,0.001584866749309942,,0.028620583809560993,,0.0007383968818918422
TCN3_96b3f76d,TCN3,loso_subject_S005,31,0.0015930821208985733,,0.02852620928706488,,0.00072220754456429
TCN3_96b3f76d,TCN3,loso_subject_S005,32,0.0014150029888667615,,0.02736260910763378,,0.0007057526756848715
TCN3_96b3f76d,TCN3,loso_subject_S005,33,0.0013891766285438177,,0.02683242205381305,,0.000689057647468726
TCN3_96b3f76d,TCN3,loso_subject_S005,34,0.0013917040267173424,,0.027233532288909984,,0.000672148202439283
TCN3_96b3f76d,TCN3,loso_subject_S005,35,0.001490737016310293,,0.027334419342258758,,0.0006550504137351571
TCN3_96b3f76d,TCN3,loso_subject_S005,36,0.0012534631607684606,,0.02594513681946665,,0.0006377906449072574
TCN3_96b3f76d,TCN3,loso_subject_S005,37,0.0013255040264024938,,0.026369982884725758,,0.0006203955092681036
TCN3_96b3f76d,TCN3,loso_subject_S005,38,0.0012126924345678995,,0.025056950809263418,,0.0006028918288560267
TCN3_96b3f76d,TCN3,loso_subject_S005,39,0.0012351273327411213,,0.025495636057944707,,0.00058530659307753
TCN3_96b3f76d,TCN3,loso_subject_S005,40,0.0012419656001528675,,0.025218392081454887,,0.0005676669170915806
TCN3_96b3f76d,TCN3,loso_subject_S005,41,0.0011930904665803375,,0.0243605557683355,,0.0005499999999999997
TCN3_96b3f76d,TCN3,loso_subject_S005,42,0.0010704781809446767,,0.02368947814265363,,0.000532333082908419
TCN3_96b3f76d,TCN3,loso_subject_S005,43,0.0010795721820404595,,0.023234819512943504,,0.0005146934069224697
TCN3_96b3f76d,TCN3,loso_subject_S005,44,0.0010664247839326155,,0.023857840722586364,,0.000497108171143973
TCN3_96b3f76d,TCN3,loso_subject_S005,45,0.001092312204506024,,0.0237812615843783,,0.00047960449073189616
TCN3_96b3f76d,TCN3,loso_subject_S005,46,0.001064611683114938,,0.022964928938109586,,0.00046220935509274226
TCN3_96b3f76d,TCN3,loso_subject_S005,47,0.0009932740319635097,,0.023148972193746124,,0.00044494958626484254
TCN3_96b3f76d,TCN3,loso_subject_S005,48,0.000924106918239738,,0.022012666387446478,,0.00042785179756071645
TCN3_96b3f76d,TCN3,loso_subject_S005,49,0.000883273894310753,,0.02145194564442093,,0.0004109423525312737
TCN3_96b3f76d,TCN3,loso_subject_S005,50,0.0009744233460619211,,0.02197270926111288,,0.0003942473243151282
TCN3_96b3f76d,TCN3,loso_subject_S005,51,0.0009786357248833984,,0.022335100013364008,,0.0003777924554357096
TCN3_96b3f76d,TCN3,loso_subject_S005,52,0.0009868509894272264,,0.0217494551681055,,0.0003616031181081575
TCN3_96b3f76d,TCN3,loso_subject_S005,53,0.000849083635966127,,0.02090870040937432,,0.000345704275117204
TCN3_96b3f76d,TCN3,loso_subject_S005,54,0.0008694315316078794,,0.02093385818715075,,0.00033012044132637024
TCN3_96b3f76d,TCN3,loso_subject_S005,55,0.0008900920579215723,,0.021483039497785777,,0.00031487564587782306
TCN3_96b3f76d,TCN3,loso_subject_S005,56,0.0008705057458275045,,0.021054088024010015,,0.00029999339514117897
TCN3_96b3f76d,TCN3,loso_subject_S005,57,0.0008137825629147907,,0.020453430948574113,,0.0002854966364683872
TCN3_96b3f76d,TCN3,loso_subject_S005,58,0.0008124607028989102,,0.020291511528801397,,0.0002714077228105749
TCN3_96b3f76d,TCN3,loso_subject_S005,59,0.0007825934991944308,,0.01980728744298635,,0.00025774837825141746
TCN3_96b3f76d,TCN3,loso_subject_S005,60,0.000785816838326175,,0.020120966356173664,,0.0002445396645101764
TCN3_96b3f76d,TCN3,loso_subject_S005,61,0.0007303178029209696,,0.019342809157341656,,0.0002318019484660537
TCN3_96b3f76d,TCN3,loso_subject_S005,62,0.0007537093643644941,,0.01970863552212388,,0.00021955487075394156
TCN3_96b3f76d,TCN3,loso_subject_S005,63,0.000742398623091724,,0.019439322323384568,,0.0002078173154799862
TCN3_96b3f76d,TCN3,loso_subject_S005,64,0.0007704540774989773,,0.019602685316893492,,0.00019660738110366478
TCN3_96b3f76d,TCN3,loso_subject_S005,65,0.0007653629777517049,,0.01961567688632835,,0.00018594235253127373
TCN3_96b3f76d,TCN3,loso_subject_S005,66,0.0007538346561043847,,0.01947538858280138,,0.00017583867446385477
TCN3_96b3f76d,TCN3,loso_subject_S005,67,0.0007384544511591,,0.019261529489693428,,0.00016631192604065853
TCN3_96b3f76d,TCN3,loso_subject_S005,68,0.0007567220077177732,,0.019482730082966544,,0.00015737679681724137
TCN3_96b3f76d,TCN3,loso_subject_S005,69,0.0007460108668906622,,0.01943436509322429,,0.0001490470641152345
TCN3_96b3f76d,TCN3,loso_subject_S005,70,0.000662879880962329,,0.018550389880916944,,0.00014133557177871338
TCN3_96b3f76d,TCN3,loso_subject_S005,71,0.0006556118987899648,,0.018458966629647588,,0.00013425421036992097
TCN3_96b3f76d,TCN3,loso_subject_S005,72,0.0006630249709603834,,0.01861962738062821,,0.00012781389883488212
TCN3_96b3f76d,TCN3,loso_subject_S005,73,0.0007384859282848377,,0.01871051498170497,,0.0001220245676671809
TCN3_96b3f76d,TCN3,loso_subject_S005,74,0.000760258729328707,,0.018859163485522655,,0.00011689514359585877
TCN3_96b3f76d,TCN3,loso_subject_S005,75,0.000645667401927195,,0.0182693271444635,,0.00011243353582104555
TCN3_96b3f76d,TCN3,loso_subject_S005,76,0.0006410582492735735,,0.018196582064427945,,0.0001086466238185463
TCN3_96b3f76d,TCN3,loso_subject_S005,77,0.0006394164830077911,,0.018188989513879213,,0.00010554024673218805
TCN3_96b3f76d,TCN3,loso_subject_S005,78,0.000647896458719256,,0.01820283285553382,,0.00010311919437028317
TCN3_96b3f76d,TCN3,loso_subject_S005,79,0.0006639567805862641,,0.01811535751544825,,0.00010138719982009242
TCN3_96b3f76d,TCN3,loso_subject_S005,80,0.000658708976393523,,0.01835949118051699,,0.0001003469336916747
TCN3_96b3f76d,TCN3,loso_subject_S006,1,0.20828043657527637,,0.32541086881057074,,0.001
TCN3_96b3f76d,TCN3,loso_subject_S006,2,0.041963892394263354,,0.15262165307589473,,0.0009996530663083252
TCN3_96b3f76d,TCN3,loso_subject_S006,3,0.02446792840753049,,0.11754585945769906,,0.0009986128001799074
TCN3_96b3f76d,TCN3,loso_subject_S006,4,0.016485574465560423,,0.09692995468457176,,0.0009968808056297167
TCN3_96b3f76d,TCN3,loso_subject_S006,5,0.013045516934936325,,0.08555145309364223,,0.0009944597532678117
TCN3_96b3f76d,TCN3,loso_subject_S006,6,0.00999659323080249,,0.07444900403852048,,0.0009913533761814533
TCN3_96b3f76d,TCN3,loso_subject_S006,7,0.008555496424794607,,0.0690173082036612,,0.000987566464178954
TCN3_96b3f76d,TCN3,loso_subject_S006,8,0.006746088400231653,,0.061101396565988356,,0.0009831048564041408
TCN3_96b3f76d,TCN3,loso_subject_S006,9,0.006122413283167087,,0.05702298966575269,,0.0009779754323328187
TCN3_96b3f76d,TCN3,loso_subject_S006,10,0.005245634147394406,,0.05313356448331468,,0.0009721861011651174
TCN3_96b3f76d,TCN3,loso_subject_S006,11,0.004840563589523736,,0.050587286000530016,,0.0009657457896300785
TCN3_96b3f76d,TCN3,loso_subject_S006,12,0.004233731098635041,,0.0485163573388786,,0.000958664428221286
TCN3_96b3f76d,TCN3,loso_subject_S006,13,0.0038303148664227205,,0.04537982273701945,,0.000950952935884765
TCN3_96b3f76d,TCN3,loso_subject_S006,14,0.0036633784170912523,,0.043946385613772634,,0.0009426232031827582
TCN3_96b3f76d,TCN3,loso_subject_S006,15,0.003241058046347728,,0.040714841787820547,,0.0009336880739593409
TCN3_96b3f76d,TCN3,loso_subject_S006,16,0.0029586922298494548,,0.04002119718413604,,0.0009241613255361449
TCN3_96b3f76d,TCN3,loso_subject_S006,17,0.002978766042935221,,0.03890274697808161,,0.0009140576474687258
TCN3_96b3f76d,TCN3,loso_subject_S006,18,0.0025872806533616998,,0.037712972602664194,,0.0009033926188963346
TCN3_96b3f76d,TCN3,loso_subject_S006,19,0.002408990822945566,,0.03593279712873956,,0.0008921826845200134
TCN3_96b3f76d,TCN3,loso_subject_S006,20,0.0023378020858933436,,0.03479915278488493,,0.000880445129246058
TCN3_96b3f76d,TCN3,loso_subject_S006,21,0.0021325349051172864,,0.03382745808847163,,0.0008681980515339459
TCN3_96b3f76d,TCN3,loso_subject_S006,22,0.0020729749153412928,,0.03328513731706879,,0.0008554603354898234
TCN3_96b3f76d,TCN3,loso_subject_S006,23,0.0019659145172574565,,0.0320624522438584,,0.0008422516217485822
TCN3_96b3f76d,TCN3,loso_subject_S006,24,0.0020970312763406154,,0.033271412000707955,,0.0008285922771894248
TCN3_96b3f76d,TCN3,loso_subject_S006,25,0.0018556599677870694,,0.031168722626444132,,0.0008145033635316124
TCN3_96b3f76d,TCN3,loso_subject_S006,26,0.0017727355752992753,,0.030701309855967692,,0.0008000066048588205
TCN3_96b3f76d,TCN3,loso_subject_S006,27,0.0017517955309884021,,0.030604991200859542,,0.0007851243541221765
TCN3_96b3f76d,TCN3,loso_subject_S006,28,0.0016187667197737528,,0.02943312979433302,,0.0007698795586736293
TCN3_96b3f76d,TCN3,loso_subject_S006,29,0.0015247381128183218,,0.028744977257412686,,0.0007542957248827956
TCN3_96b3f76d,TCN3,loso_subject_S006,30,0.0014471135822016088,,0.027997661846555617,,0.0007383968818918422
TCN3_96b3f76d,TCN3,loso_subject_S006,31,0.0014457370839731712,,0.02789930067530213,,0.00072220754456429
TCN3_96b3f76d,TCN3,loso_subject_S006,32,0.0014460307921046387,,0.027671231822168255,,0.0007057526756848715
TCN3_96b3f76d,TCN3,loso_subject_S006,33,0.001334916991533315,,0.026680202967139896,,0.000689057647468726
TCN3_96b3f76d,TCN3,loso_subject_S006,34,0.0013319734450391316,,0.026116167529735466,,0.000672148202439283
TCN3_96b3f76d,TCN3,loso_subject_S006,35,0.0012950524594528214,,0.025846894246523932,,0.0006550504137351571
TCN3_96b3f76d,TCN3,loso_subject_S006,36,0.0012523371974556138,,0.02585492653503707,,0.0006377906449072574
TCN3_96b3f76d,TCN3,loso_subject_S006,37,0.0011474210300080018,,0.024907753250862148,,0.0006203955092681036
TCN3_96b3f76d,TCN3,loso_subject_S006,38,0.0012453448899022092,,0.02494252269375788,,0.0006028918288560267
TCN3_96b3f76d,TCN3,loso_subject_S006,39,0.0011841640955538358,,0.02489590937233353,,0.00058530659307753
TCN3_96b3f76d,TCN3,loso_subject_S006,40,0.001038127298279318,,0.023245742744862078,,0.0005676669170915806
TCN3_96b3f76d,TCN3,loso_subject_S006,41,0.0010994884062417755,,0.024091866293610917,,0.0005499999999999997
TCN3_96b3f76d,TCN3,loso_subject_S006,42,0.0010812773976104175,,0.024105567037547754,,0.000532333082908419
TCN3_96b3f76d,TCN3,loso_subject_S006,43,0.0010569375096255533,,0.023654574289645156,,0.0005146934069224697
TCN3_96b3f76d,TCN3,loso_subject_S006,44,0.0010491404035054062,,0.023962570929759154,,0.000497108171143973
TCN3_96b3f76d,TCN3,loso_subject_S006,45,0.0010195914605308485,,0.022923120112079504,,0.00047960449073189616
TCN3_96b3f76d,TCN3,loso_subject_S006,46,0.0010936711150279067,,0.023566770109452427,,0.00046220935509274226
TCN3_96b3f76d,TCN3,loso_subject_S006,47,0.0009610158368919548,,0.021914045341329933,,0.00044494958626484254
TCN3_96b3f76d,TCN3,loso_subject_S006,48,0.0008880624918424837,,0.0216189736470546,,0.00042785179756071645
TCN3_96b3f76d,TCN3,loso_subject_S006,49,0.0008879067912778777,,0.021404127464619054,,0.0004109423525312737
TCN3_96b3f76d,TCN3,loso_subject_S006,50,0.0009609063404230763,,0.02206231544148049,,0.0003942473243151282
TCN3_96b3f76d,TCN3,loso_subject_S006,51,0.000871739386489244,,0.021518900184902774,,0.0003777924554357096
TCN3_96b3f76d,TCN3,loso_subject_S006,52,0.0008452045640671621,,0.021137720515239704,,0.0003616031181081575
TCN3_96b3f76d,TCN3,loso_subject_S006,53,0.0008865120318277102,,0.021371930164180576,,0.000345704275117204
TCN3_96b3f76d,TCN3,loso_subject_S006,54,0.0008252417802964114,,0.020730224214238487,,0.00033012044132637024
TCN3_96b3f76d,TCN3,loso_subject_S006,55,0.0007542479992151533,,0.01987223615294463,,0.00031487564587782306
TCN3_96b3f76d,TCN3,loso_subject_S006,56,0.0007589505922776014,,0.020209919013406918,,0.00029999339514117897
TCN3_96b3f76d,TCN3,loso_subject_S006,57,0.0007529230372771383,,0.01982347681282996,,0.0002854966364683872
TCN3_96b3f76d,TCN3,loso_subject_S006,58,0.0007930363251910773,,0.020176245129797224,,0.0002714077228105749
TCN3_96b3f76d,TCN3,loso_subject_S006,59,0.0008771727916526712,,0.020776618561905637,,0.00025774837825141746
TCN3_96b3f76d,TCN3,loso_subject_S006,60,0.000745125290872721,,0.019651567005047263,,0.0002445396645101764
TCN3_96b3f76d,TCN3,loso_subject_S006,61,0.000761155644058755,,0.019687004319181158,,0.0002318019484660537
TCN3_96b3f76d,TCN3,loso_subject_S006,62,0.000724176073260925,,0.01934964908606605,,0.00021955487075394156
TCN3_96b3f76d,TCN3,loso_subject_S006,63,0.0007391695464104499,,0.019118201473484867,,0.0002078173154799862
TCN3_96b3f76d,TCN3,loso_subject_S006,64,0.0007009520424525648,,0.018995227032176962,,0.00019660738110366478
TCN3_96b3f76d,TCN3,loso_subject_S006,65,0.0007583110888160391,,0.019432939005082205,,0.00018594235253127373
TCN3_96b3f76d,TCN3,loso_subject_S006,66,0.0007122220043668383,,0.019009317088130546,,0.00017583867446385477
TCN3_96b3f76d,TCN3,loso_subject_S006,67,0.000696975146343045,,0.01914402833570741,,0.00016631192604065853
TCN3_96b3f76d,TCN3,loso_subject_S006,68,0.0006819736166938168,,0.018555857215579643,,0.00015737679681724137
TCN3_96b3f76d,TCN3,loso_subject_S006,69,0.0006622482726277967,,0.018607387010187115,,0.0001490470641152345
TCN3_96b3f76d,TCN3,loso_subject_S006,70,0.0006412226085772726,,0.018452503814338547,,0.00014133557177871338
TCN3_96b3f76d,TCN3,loso_subject_S006,71,0.0006498795171061561,,0.01851450220534676,,0.00013425421036992097
TCN3_96b3f76d,TCN3,loso_subject_S006,72,0.0006416765997613604,,0.018299281443693,,0.00012781389883488212
TCN3_96b3f76d,TCN3,loso_subject_S006,73,0.0006067466652244585,,0.017718600015447943,,0.0001220245676671809
TCN3_96b3f76d,TCN3,loso_subject_S006,74,0.0006208685284013726,,0.018136922274321933,,0.00011689514359585877
TCN3_96b3f76d,TCN3,loso_subject_S006,75,0.0006459302250141367,,0.018380623408838323,,0.00011243353582104555
TCN3_96b3f76d,TCN3,loso_subject_S006,76,0.0006611416965096473,,0.018336060944970194,,0.0001086466238185463
TCN3_96b3f76d,TCN3,loso_subject_S006,77,0.0006570180839948458,,0.01813072142632384,,0.00010554024673218805
TCN3_96b3f76d,TCN3,loso_subject_S006,78,0.0006412521417058783,,0.01820305731889176,,0.00010311919437028317
TCN3_96b3f76d,TCN3,loso_subject_S006,79,0.0006215882761184408,,0.01818657887234295,,0.00010138719982009242
TCN3_96b3f76d,TCN3,loso_subject_S006,80,0.0006004483140664051,,0.017694468548184673,,0.0001003469336916747
TCN3_96b3f76d,TCN3,loso_subject_S007,1,0.22454149446441982,,0.3442475715952535,,0.001
TCN3_96b3f76d,TCN3,loso_subject_S007,2,0.04907405456402435,,0.16856430044883858,,0.0009996530663083252
TCN3_96b3f76d,TCN3,loso_subject_S007,3,0.028374947324569973,,0.12836543069906597,,0.0009986128001799074
TCN3_96b3f76d,TCN3,loso_subject_S007,4,0.01981110177562733,,0.10593992811231669,,0.0009968808056297167
TCN3_96b3f76d,TCN3,loso_subject_S007,5,0.015066520603171542,,0.09149748487643831,,0.0009944597532678117
TCN3_96b3f76d,TCN3,loso_subject_S007,6,0.012096716980299642,,0.08234429312241742,,0.0009913533761814533
TCN3_96b3f76d,TCN3,loso_subject_S007,7,0.009567069777907514,,0.07279503447743804,,0.000987566464178954
TCN3_96b3f76d,TCN3,loso_subject_S007,8,0.0082862114858789,,0.06843687865741092,,0.0009831048564041408
TCN3_96b3f76d,TCN3,loso_subject_S007,9,0.006661206900614622,,0.05981452967807694,,0.0009779754323328187
TCN3_96b3f76d,TCN3,loso_subject_S007,10,0.0058454003638404904,,0.055418709755118645,,0.0009721861011651174
TCN3_96b3f76d,TCN3,loso_subject_S007,11,0.005135111836033745,,0.05279657274178746,,0.0009657457896300785
TCN3_96b3f76d,TCN3,loso_subject_S007,12,0.0051968559308682195,,0.05241056935878094,,0.000958664428221286
TCN3_96b3f76d,TCN3,loso_subject_S007,13,0.004024295744833009,,0.046626220811759274,,0.000950952935884765
TCN3_96b3f76d,TCN3,loso_subject_S007,14,0.004154035933807361,,0.04623826785652169,,0.0009426232031827582
TCN3_96b3f76d,TCN3,loso_subject_S007,15,0.003340878552836407,,0.042900532481869647,,0.0009336880739593409
TCN3_96b3f76d,TCN3,loso_subject_S007,16,0.0032926592067747083,,0.04184868443440482,,0.0009241613255361449
TCN3_96b3f76d,TCN3,loso_subject_S007,17,0.0030431818879343283,,0.040205476441778396,,0.0009140576474687258
TCN3_96b3f76d,TCN3,loso_subject_S007,18,0.002528027914016565,,0.037003023848156076,,0.0009033926188963346
TCN3_96b3f76d,TCN3,loso_subject_S007,19,0.002651399429450549,,0.03744675480812526,,0.0008921826845200134
TCN3_96b3f76d,TCN3,loso_subject_S007,20,0.0023758149696950994,,0.03560602521179708,,0.000880445129246058
TCN3_96b3f76d,TCN3,loso_subject_S007,21,0.002232763609545759,,0.03440435342162935,,0.0008681980515339459
TCN3_96b3f76d,TCN3,loso_subject_S007,22,0.0022365978400050892,,0.03395189103449195,,0.0008554603354898234
TCN3_96b3f76d,TCN3,loso_subject_S007,23,0.0019346989587815124,,0.0321618356149305,,0.0008422516217485822
TCN3_96b3f76d,TCN3,loso_subject_S007,24,0.0019404215602302525,,0.031394156138480935,,0.0008285922771894248
TCN3_96b3f76d,TCN3,loso_subject_S007,25,0.0019037201969892528,,0.03141070654905262,,0.0008145033635316124
TCN3_96b3f76d,TCN3,loso_subject_S007,26,0.00174472600855261,,0.030083768601772372,,0.0008000066048588205
TCN3_96b3f76d,TCN3,loso_subject_S007,27,0.001562353755488085,,0.028800437244370886,,0.0007851243541221765
TCN3_96b3f76d,TCN3,loso_subject_S007,28,0.001555078688536462,,0.028471113225756503,,0.0007698795586736293
TCN3_96b3f76d,TCN3,loso_subject_S007,29,0.0015775712441838733,,0.028433196882436004,,0.0007542957248827956
TCN3_96b3f76d,TCN3,loso_subject_S007,30,0.0013792812923253501,,0.0266973539717124,,0.0007383968818918422
TCN3_96b3f76d,TCN3,loso_subject_S007,31,0.0014149652370675043,,0.02695456851940176,,0.00072220754456429
TCN3_96b3f76d,TCN3,loso_subject_S007,32,0.0013101457254933821,,0.02605101084254704,,0.0007057526756848715
TCN3_96b3f76d,TCN3,loso_subject_S007,33,0.001263025129771084,,0.02576992089404039,,0.000689057647468726
TCN3_96b3f76d,TCN3,loso_subject_S007,34,0.0012233181262547232,,0.025549972318440587,,0.000672148202439283
TCN3_96b3f76d,TCN3,loso_subject_S007,35,0.0012200537305311614,,0.025351206365087864,,0.0006550504137351571
TCN3_96b3f76d,TCN3,loso_subject_S007,36,0.0012412021196067683,,0.025620455640065005,,0.0006377906449072574
TCN3_96b3f76d,TCN3,loso_subject_S007,37,0.0011187859184772343,,0.02410726047222041,,0.0006203955092681036
TCN3_96b3f76d,TCN3,loso_subject_S007,38,0.001174717229863361,,0.024729655981282336,,0.0006028918288560267
TCN3_96b3f76d,TCN3,loso_subject_S007,39,0.0011074367834151316,,0.023827505111694337,,0.00058530659307753
TCN3_96b3f76d,TCN3,loso_subject_S007,40,0.0010258586503718256,,0.023222010654787864,,0.0005676669170915806
TCN3_96b3f76d,TCN3,loso_subject_S007,41,0.0010183865468009563,,0.02324203910016594,,0.0005499999999999997
TCN3_96b3f76d,TCN3,loso_subject_S007,42,0.0009661561814942492,,0.02270300840614828,,0.000532333082908419
TCN3_96b3f76d,TCN3,loso_subject_S007,43,0.0009357821947896356,,0.02198493333691813,,0.0005146934069224697
TCN3_96b3f76d,TCN3,loso_subject_S007,44,0.0010183547336684643,,0.022767019661858984,,0.000497108171143973
TCN3_96b3f76d,TCN3,loso_subject_S007,45,0.0009027713894041097,,0.021719414457853588,,0.00047960449073189616
TCN3_96b3f76d,TCN3,loso_subject_S007,46,0.0009101392642548445,,0.021767276523312517,,0.00046220935509274226
TCN3_96b3f76d,TCN3,loso_subject_S007,47,0.0009697605350499979,,0.02188774299455528,,0.00044494958626484254
TCN3_96b3f76d,TCN3,loso_subject_S007,48,0.0008764794711542487,,0.02111978197246353,,0.00042785179756071645
TCN3_96b3f76d,TCN3,loso_subject_S007,49,0.0008269219198728477,,0.02082407506854653,,0.0004109423525312737
TCN3_96b3f76d,TCN3,loso_subject_S007,50,0.0007818032255467257,,0.020177005570043215,,0.0003942473243151282
TCN3_96b3f76d,TCN3,loso_subject_S007,51,0.0008385144153615334,,0.021066295179672255,,0.0003777924554357096
TCN3_96b3f76d,TCN3,loso_subject_S007,52,0.0008100435220366044,,0.020503715741450837,,0.0003616031181081575
TCN3_96b3f76d,TCN3,loso_subject_S007,53,0.0008130597644874722,,0.020620979393813268,,0.000345704275117204
TCN3_96b3f76d,TCN3,loso_subject_S007,54,0.0007696452156621471,,0.019783217216298377,,0.00033012044132637024
TCN3_96b3f76d,TCN3,loso_subject_S007,55,0.0007564507091630939,,0.01962555299493924,,0.00031487564587782306
TCN3_96b3f76d,TCN3,loso_subject_S007,56,0.0007222613353211203,,0.019417394298918086,,0.00029999339514117897
TCN3_96b3f76d,TCN3,loso_subject_S007,57,0.0007010074457989411,,0.01918679790631417,,0.0002854966364683872
TCN3_96b3f76d,TCN3,loso_subject_S007,58,0.0007377218328077685,,0.019711955122190837,,0.0002714077228105749
TCN3_96b3f76d,TCN3,loso_subject_S007,59,0.0006871689052957375,,0.01881129245691635,,0.00025774837825141746
TCN3_96b3f76d,TCN3,loso_subject_S007,60,0.0006834217793747914,,0.018439930272111094,,0.0002445396645101764
TCN3_96b3f76d,TCN3,loso_subject_S007,61,0.0006580331719199146,,0.0185765820864009,,0.0002318019484660537
TCN3_96b3f76d,TCN3,loso_subject_S007,62,0.0007569541061526475,,0.019328445043207264,,0.00021955487075394156
TCN3_96b3f76d,TCN3,loso_subject_S007,63,0.0006754794961682731,,0.018531812618205273,,0.0002078173154799862
TCN3_96b3f76d,TCN3,loso_subject_S007,64,0.0006748670495669645,,0.01880801662671601,,0.00019660738110366478
TCN3_96b3f76d,TCN3,loso_subject_S007,65,0.0006394728587372256,,0.01830413811717215,,0.00018594235253127373
TCN3_96b3f76d,TCN3,loso_subject_S007,66,0.0006297385644903707,,0.017886815740674997,,0.00017583867446385477
TCN3_96b3f76d,TCN3,loso_subject_S007,67,0.0007080519790051074,,0.018592105000730483,,0.00016631192604065853
TCN3_96b3f76d,TCN3,loso_subject_S007,68,0.0006366266518738394,,0.01799764378963153,,0.00015737679681724137
TCN3_96b3f76d,TCN3,loso_subject_S007,69,0.0006207366178667069,,0.017759124068352134,,0.0001490470641152345
TCN3_96b3f76d,TCN3,loso_subject_S007,70,0.0006125921984353373,,0.017543184007804764,,0.00014133557177871338
TCN3_96b3f76d,TCN3,loso_subject_S007,71,0.0006038282642685849,,0.017417245253898705,,0.00013425421036992097
TCN3_96b3f76d,TCN3,loso_subject_S007,72,0.0005958859667064529,,0.01743855253517453,,0.00012781389883488212
TCN3_96b3f76d,TCN3,loso_subject_S007,73,0.0006089157676133068,,0.017505608378879486,,0.0001220245676671809
TCN3_96b3f76d,TCN3,loso_subject_S007,74,0.0005914024490613185,,0.017562198944258724,,0.00011689514359585877
TCN3_96b3f76d,TCN3,loso_subject_S007,75,0.0006047634130324676,,0.01759668997437024,,0.00011243353582104555
TCN3_96b3f76d,TCN3,loso_subject_S007,76,0.0005713045176308427,,0.01696981195895728,,0.0001086466238185463
TCN3_96b3f76d,TCN3,loso_subject_S007,77,0.000550658591473994,,0.01690634716509724,,0.00010554024673218805
TCN3_96b3f76d,TCN3,loso_subject_S007,78,0.0005718031536263368,,0.017354803726819953,,0.00010311919437028317
TCN3_96b3f76d,TCN3,loso_subject_S007,79,0.0005814438836500213,,0.017030523421346616,,0.00010138719982009242
TCN3_96b3f76d,TCN3,loso_subject_S007,80,0.000547518840474773,,0.01686518381396172,,0.0001003469336916747
TCN3_96b3f76d,TCN3,loso_subject_S008,1,0.3232616373036801,,0.4019221928593488,,0.001
TCN3_96b3f76d,TCN3,loso_subject_S008,2,0.06510144659294793,,0.18954491516581093,,0.0009996530663083252
TCN3_96b3f76d,TCN3,loso_subject_S008,3,0.03581605312781174,,0.14303989496038266,,0.0009986128001799074
TCN3_96b3f76d,TCN3,loso_subject_S008,4,0.024696282544585946,,0.11721648918349933,,0.0009968808056297167
TCN3_96b3f76d,TCN3,loso_subject_S008,5,0.019319141642325392,,0.10295771056177762,,0.0009944597532678117
TCN3_96b3f76d,TCN3,loso_subject_S008,6,0.014319019768988552,,0.08879419772586339,,0.0009913533761814533
TCN3_96b3f76d,TCN3,loso_subject_S008,7,0.011685470777614764,,0.0792602927853752,,0.000987566464178954
TCN3_96b3f76d,TCN3,loso_subject_S008,8,0.010070834430385993,,0.07269679143883828,,0.0009831048564041408
TCN3_96b3f76d,TCN3,loso_subject_S008,9,0.008461230194769267,,0.06659753225126272,,0.0009779754323328187
TCN3_96b3f76d,TCN3,loso_subject_S008,10,0.007434429801415074,,0.061126748423095005,,0.0009721861011651174
TCN3_96b3f76d,TCN3,loso_subject_S008,11,0.006794937183999822,,0.06027938328749613,,0.0009657457896300785
TCN3_96b3f76d,TCN3,loso_subject_S008,12,0.005561348522636972,,0.054867977476757576,,0.000958664428221286
TCN3_96b3f76d,TCN3,loso_subject_S008,13,0.0047829282313936764,,0.050612046979186115,,0.000950952935884765
TCN3_96b3f76d,TCN3,loso_subject_S008,14,0.0045463758763695065,,0.048718131506019106,,0.0009426232031827582
TCN3_96b3f76d,TCN3,loso_subject_S008,15,0.0043005069225261604,,0.04773217657699023,,0.0009336880739593409
TCN3_96b3f76d,TCN3,loso_subject_S008,16,0.00396596861126904,,0.045419873553828996,,0.0009241613255361449
TCN3_96b3f76d,TCN3,loso_subject_S008,17,0.003592531701028005,,0.04385401149461185,,0.0009140576474687258
TCN3_96b3f76d,TCN3,loso_subject_S008,18,0.0033267245897761503,,0.04242829432919865,,0.0009033926188963346
TCN3_96b3f76d,TCN3,loso_subject_S008,19,0.0030423975599048847,,0.039507570847172366,,0.0008921826845200134
TCN3_96b3f76d,TCN3,loso_subject_S008,20,0.002928299088872903,,0.039442822599961416,,0.000880445129246058
TCN3_96b3f76d,TCN3,loso_subject_S008,21,0.0027608542499707486,,0.03774750372007647,,0.0008681980515339459
TCN3_96b3f76d,TCN3,loso_subject_S008,22,0.0024710287995543517,,0.035967364667957274,,0.0008554603354898234
TCN3_96b3f76d,TCN3,loso_subject_S008,23,0.002663883255396155,,0.0379627838299204,,0.0008422516217485822
TCN3_96b3f76d,TCN3,loso_subject_S008,24,0.002226292647151338,,0.03453214962066399,,0.0008285922771894248
TCN3_96b3f76d,TCN3,loso_subject_S008,25,0.0023393886444135615,,0.03434629712904426,,0.0008145033635316124
TCN3_96b3f76d,TCN3,loso_subject_S008,26,0.0021988296097626304,,0.03394828540208109,,0.0008000066048588205
TCN3_96b3f76d,TCN3,loso_subject_S008,27,0.0020005896441856945,,0.03266964852703072,,0.0007851243541221765
TCN3_96b3f76d,TCN3,loso_subject_S008,28,0.0018697434840729214,,0.03139453729844842,,0.0007698795586736293
TCN3_96b3f76d,TCN3,loso_subject_S008,29,0.0017702504520413739,,0.03065503135394035,,0.0007542957248827956
TCN3_96b3f76d,TCN3,loso_subject_S008,30,0.0017463762705340652,,0.02980618296735414,,0.0007383968818918422
TCN3_96b3f76d,TCN3,loso_subject_S008,31,0.0017451010030142243,,0.03008660461709805,,0.00072220754456429
TCN3_96b3f76d,TCN3,loso_subject_S008,32,0.0016552419105241812,,0.029513945960625898,,0.0007057526756848715
TCN3_96b3f76d,TCN3,loso_subject_S008,33,0.001641325482600247,,0.029234551393288337,,0.000689057647468726
TCN3_96b3f76d,TCN3,loso_subject_S008,34,0.0016099339751550752,,0.0289745050019595,,0.000672148202439283
TCN3_96b3f76d,TCN3,loso_subject_S008,35,0.0014830591773842912,,0.028457806609380815,,0.0006550504137351571
TCN3_96b3f76d,TCN3,loso_subject_S008,36,0.0015191266993658976,,0.027919848708866966,,0.0006377906449072574
TCN3_96b3f76d,TCN3,loso_subject_S008,37,0.0014193992391933778,,0.027497171846589386,,0.0006203955092681036
TCN3_96b3f76d,TCN3,loso_subject_S008,38,0.0013506544560707085,,0.026400381484468754,,0.0006028918288560267
TCN3_96b3f76d,TCN3,loso_subject_S008,39,0.0013432324977681374,,0.026358351614064496,,0.00058530659307753
TCN3_96b3f76d,TCN3,loso_subject_S008,40,0.001376890390550497,,0.026633115069193386,,0.0005676669170915806
TCN3_96b3f76d,TCN3,loso_subject_S008,41,0.001250980549266523,,0.025531763564512148,,0.0005499999999999997
TCN3_96b3f76d,TCN3,loso_subject_S008,42,0.001169321510268005,,0.024809573320038927,,0.000532333082908419
TCN3_96b3f76d,TCN3,loso_subject_S008,43,0.0011715065757303324,,0.024975568017646443,,0.0005146934069224697
TCN3_96b3f76d,TCN3,loso_subject_S008,44,0.0011746421494596786,,0.024608048836609542,,0.000497108171143973
TCN3_96b3f76d,TCN3,loso_subject_S008,45,0.0011204938348975638,,0.023828918667702988,,0.00047960449073189616
TCN3_96b3f76d,TCN3,loso_subject_S008,46,0.0011928838168641866,,0.024740200132934966,,0.00046220935509274226
TCN3_96b3f76d,TCN3,loso_subject_S008,47,0.0010545531289358465,,0.023187242475038346,,0.00044494958626484254
TCN3_96b3f76d,TCN3,loso_subject_S008,48,0.0010566269821768606,,0.023030109452481663,,0.00042785179756071645
TCN3_96b3f76d,TCN3,loso_subject_S008,49,0.0010173161095983112,,0.023540362866890784,,0.0004109423525312737
TCN3_96b3f76d,TCN3,loso_subject_S008,50,0.0009599699139870662,,0.022531438867820858,,0.0003942473243151282
TCN3_96b3f76d,TCN3,loso_subject_S008,51,0.0010398181253076797,,0.023170123782178753,,0.0003777924554357096
TCN3_96b3f76d,TCN3,loso_subject_S008,52,0.0010645913961503718,,0.023660422381038205,,0.0003616031181081575
TCN3_96b3f76d,TCN3,loso_subject_S008,53,0.0009936685246557792,,0.02260414457174591,,0.000345704275117204
TCN3_96b3f76d,TCN3,loso_subject_S008,54,0.0008906152808880111,,0.021833161618063777,,0.00033012044132637024
TCN3_96b3f76d,TCN3,loso_subject_S008,55,0.0009502699741359735,,0.022198460114238972,,0.00031487564587782306
TCN3_96b3f76d,TCN3,loso_subject_S008,56,0.0009623664018261621,,0.022109361400692622,,0.00029999339514117897
TCN3_96b3f76d,TCN3,loso_subject_S008,57,0.0009514244949128099,,0.021832058045415915,,0.0002854966364683872
TCN3_96b3f76d,TCN3,loso_subject_S008,58,0.0009544273841872935,,0.022223631659341568,,0.0002714077228105749
TCN3_96b3f76d,TCN3,loso_subject_S008,59,0.0009258940767616745,,0.02180018754751302,,0.00025774837825141746
TCN3_96b3f76d,TCN3,loso_subject_S008,60,0.0008722779803999102,,0.021212554693004104,,0.0002445396645101764
TCN3_96b3f76d,TCN3,loso_subject_S008,61,0.0008916164926515803,,0.021241345745972074,,0.0002318019484660537
TCN3_96b3f76d,TCN3,loso_subject_S008,62,0.0009239855222604316,,0.02134204970724541,,0.00021955487075394156
TCN3_96b3f76d,TCN3,loso_subject_S008,63,0.0008300290517486281,,0.020669942142151815,,0.0002078173154799862
TCN3_96b3f76d,TCN3,loso_subject_S008,64,0.000788712523356673,,0.0206663069078351,,0.00019660738110366478
TCN3_96b3f76d,TCN3,loso_subject_S008,65,0.0007943535876089927,,0.020374155340805448,,0.00018594235253127373
TCN3_96b3f76d,TCN3,loso_subject_S008,66,0.0008341267963100555,,0.020627796000918276,,0.00017583867446385477
TCN3_96b3f76d,TCN3,loso_subject_S008,67,0.0008637554875655398,,0.020500804294153924,,0.00016631192604065853
TCN3_96b3f76d,TCN3,loso_subject_S008,68,0.000822551373206987,,0.020202585027275642,,0.00015737679681724137
TCN3_96b3f76d,TCN3,loso_subject_S008,69,0.0007294785425288361,,0.019587293667876347,,0.0001490470641152345
TCN3_96b3f76d,TCN3,loso_subject_S008,70,0.0007840064094167663,,0.019988929275407262,,0.00014133557177871338
TCN3_96b3f76d,TCN3,loso_subject_S008,71,0.000730922759770917,,0.019493200427072418,,0.00013425421036992097
TCN3_96b3f76d,TCN3,loso_subject_S008,72,0.000736257806660702,,0.019574691564195095,,0.00012781389883488212
TCN3_96b3f76d,TCN3,loso_subject_S008,73,0.0007693942280345073,,0.019805623596608382,,0.0001220245676671809
TCN3_96b3f76d,TCN3,loso_subject_S008,74,0.0007277554321600375,,0.01949845927046061,,0.00011689514359585877
TCN3_96b3f76d,TCN3,loso_subject_S008,75,0.0007243771867111196,,0.01942525196586532,,0.00011243353582104555
TCN3_96b3f76d,TCN3,loso_subject_S008,76,0.0007218756488088229,,0.019288073455450663,,0.0001086466238185463
TCN3_96b3f76d,TCN3,loso_subject_S008,77,0.0007499743574895852,,0.01950744848836193,,0.00010554024673218805
TCN3_96b3f76d,TCN3,loso_subject_S008,78,0.0006957540642387325,,0.019170215810083678,,0.00010311919437028317
TCN3_96b3f76d,TCN3,loso_subject_S008,79,0.0007465873930188216,,0.019319690478170264,,0.00010138719982009242
TCN3_96b3f76d,TCN3,loso_subject_S008,80,0.0007175408266145541,,0.019410344294227225,,0.0001003469336916747
TCN3_96b3f76d,TCN3,loso_subject_S009,1,0.26405238567038813,,0.37308666256734124,,0.001
TCN3_96b3f76d,TCN3,loso_subject_S009,2,0.052370461227962135,,0.1730307962555814,,0.0009996530663083252
TCN3_96b3f76d,TCN3,loso_subject_S009,3,0.03124367305370265,,0.13388603344827626,,0.0009986128001799074
TCN3_96b3f76d,TCN3,loso_subject_S009,4,0.020995218840424008,,0.10884340801178337,,0.0009968808056297167
TCN3_96b3f76d,TCN3,loso_subject_S009,5,0.016840860826388814,,0.09753138064675053,,0.0009944597532678117
TCN3_96b3f76d,TCN3,loso_subject_S009,6,0.013548793823562428,,0.08728599382115369,,0.0009913533761814533
TCN3_96b3f76d,TCN3,loso_subject_S009,7,0.01133271356200398,,0.07909547758743699,,0.000987566464178954
TCN3_96b3f76d,TCN3,loso_subject_S009,8,0.00926351665011932,,0.07144749606938233,,0.0009831048564041408
TCN3_96b3f76d,TCN3,loso_subject_S009,9,0.007404961551720415,,0.06326117185794591,,0.0009779754323328187
TCN3_96b3f76d,TCN3,loso_subject_S009,10,0.006541513603127282,,0.05932206033874633,,0.0009721861011651174
TCN3_96b3f76d,TCN3,loso_subject_S009,11,0.0061552716213023285,,0.05640048481449053,,0.0009657457896300785
TCN3_96b3f76d,TCN3,loso_subject_S009,12,0.005623251889485733,,0.05465033723064691,,0.000958664428221286
TCN3_96b3f76d,TCN3,loso_subject_S009,13,0.004704123145325296,,0.04965173432768681,,0.000950952935884765
TCN3_96b3f76d,TCN3,loso_subject_S009,14,0.0047660656084602595,,0.0503889251783086,,0.0009426232031827582
TCN3_96b3f76d,TCN3,loso_subject_S009,15,0.0041372457507677565,,0.046719345394993145,,0.0009336880739593409
TCN3_96b3f76d,TCN3,loso_subject_S009,16,0.003678695918170123,,0.042587430361421034,,0.0009241613255361449
TCN3_96b3f76d,TCN3,loso_subject_S009,17,0.0034325860239337153,,0.04183635487471256,,0.0009140576474687258
TCN3_96b3f76d,TCN3,loso_subject_S009,18,0.0031530706831292385,,0.04015183269282697,,0.0009033926188963346
TCN3_96b3f76d,TCN3,loso_subject_S009,19,0.003209509726211256,,0.04075769234888076,,0.0008921826845200134
TCN3_96b3f76d,TCN3,loso_subject_S009,20,0.00289860792667825,,0.03787556838520105,,0.000880445129246058
TCN3_96b3f76d,TCN3,loso_subject_S009,21,0.0026449702339628937,,0.03681209951148677,,0.0008681980515339459
TCN3_96b3f76d,TCN3,loso_subject_S009,22,0.0026509983907035033,,0.03577596009804032,,0.0008554603354898234
TCN3_96b3f76d,TCN3,loso_subject_S009,23,0.002386903805778575,,0.03446098443158187,,0.0008422516217485822
TCN3_96b3f76d,TCN3,loso_subject_S009,24,0.002224259224119382,,0.033688001699702506,,0.0008285922771894248
TCN3_96b3f76d,TCN3,loso_subject_S009,25,0.002264748498597584,,0.03376971141777817,,0.0008145033635316124
TCN3_96b3f76d,TCN3,loso_subject_S009,26,0.0020410587472675943,,0.03227920214628817,,0.0008000066048588205
TCN3_96b3f76d,TCN3,loso_subject_S009,27,0.002102018751909957,,0.032466273814444314,,0.0007851243541221765
TCN3_96b3f76d,TCN3,loso_subject_S009,28,0.001948701155677674,,0.030879252419643233,,0.0007698795586736293
TCN3_96b3f76d,TCN3,loso_subject_S009,29,0.0019887859187927978,,0.03138166496627253,,0.0007542957248827956
TCN3_96b3f76d,TCN3,loso_subject_S009,30,0.0017122958607390336,,0.029190101826274514,,0.0007383968818918422
TCN3_96b3f76d,TCN3,loso_subject_S009,31,0.0017233534348621642,,0.029443049138024136,,0.00072220754456429
TCN3_96b3f76d,TCN3,loso_subject_S009,32,0.001636349362897704,,0.028575297842453398,,0.0007057526756848715
TCN3_96b3f76d,TCN3,loso_subject_S009,33,0.0015612884015310414,,0.02792294340929728,,0.000689057647468726
TCN3_96b3f76d,TCN3,loso_subject_S009,34,0.0014608176954840535,,0.027016038519035966,,0.000672148202439283
TCN3_96b3f76d,TCN3,loso_subject_S009,35,0.001525206066884046,,0.02783952337592904,,0.0006550504137351571
TCN3_96b3f76d,TCN3,loso_subject_S009,36,0.0014862768108698493,,0.02700813177772064,,0.0006377906449072574
TCN3_96b3f76d,TCN3,loso_subject_S009,37,0.001408311153333566,,0.02706159333136706,,0.0006203955092681036
TCN3_96b3f76d,TCN3,loso_subject_S009,38,0.0011902778304111882,,0.025372459762381984,,0.0006028918288560267
TCN3_96b3f76d,TCN3,loso_subject_S009,39,0.001327195158526324,,0.025362863718296144,,0.00058530659307753
TCN3_96b3f76d,TCN3,loso_subject_S009,40,0.0012884102045725584,,0.024992186947408082,,0.0005676669170915806
TCN3_96b3f76d,TCN3,loso_subject_S009,41,0.001258969850578033,,0.02487553038152661,,0.0005499999999999997
TCN3_96b3f76d,TCN3,loso_subject_S009,42,0.0011660144769727698,,0.024573938599204335,,0.000532333082908419
TCN3_96b3f76d,TCN3,loso_subject_S009,43,0.001340944194961572,,0.025768377872383185,,0.0005146934069224697
TCN3_96b3f76d,TCN3,loso_subject_S009,44,0.0011791146749092526,,0.024436615886327354,,0.000497108171143973
TCN3_96b3f76d,TCN3,loso_subject_S009,45,0.001058864383894413,,0.023340649314108907,,0.00047960449073189616
TCN3_96b3f76d,TCN3,loso_subject_S009,46,0.001038109850366502,,0.022653856456361504,,0.00046220935509274226
TCN3_96b3f76d,TCN3,loso_subject_S009,47,0.0010719634659593447,,0.023241134472270813,,0.00044494958626484254
TCN3_96b3f76d,TCN3,loso_subject_S009,48,0.0010470015793602773,,0.02269627463841213,,0.00042785179756071645
TCN3_96b3f76d,TCN3,loso_subject_S009,49,0.0010645858831358072,,0.023699515416573294,,0.0004109423525312737
TCN3_96b3f76d,TCN3,loso_subject_S009,50,0.0010050523579654281,,0.02224691809858719,,0.0003942473243151282
TCN3_96b3f76d,TCN3,loso_subject_S009,51,0.0009972268315143536,,0.0221594426935923,,0.0003777924554357096
TCN3_96b3f76d,TCN3,loso_subject_S009,52,0.0009597923699560604,,0.02166623166083599,,0.0003616031181081575
TCN3_96b3f76d,TCN3,loso_subject_S009,53,0.0008813376644261793,,0.021023099940566527,,0.000345704275117204
TCN3_96b3f76d,TCN3,loso_subject_S009,54,0.0009295687498326087,,0.021222756023120494,,0.00033012044132637024
TCN3_96b3f76d,TCN3,loso_subject_S009,55,0.0008456202264913778,,0.02090069392161811,,0.00031487564587782306
TCN3_96b3f76d,TCN3,loso_subject_S009,56,0.0008859410672654369,,0.021248136727376087,,0.00029999339514117897
TCN3_96b3f76d,TCN3,loso_subject_S009,57,0.0008721659938036698,,0.020817260594265884,,0.0002854966364683872
TCN3_96b3f76d,TCN3,loso_subject_S009,58,0.0008621000936469168,,0.02070474424744317,,0.0002714077228105749
TCN3_96b3f76d,TCN3,loso_subject_S009,59,0.0008153678565379772,,0.02030884299889384,,0.00025774837825141746
TCN3_96b3f76d,TCN3,loso_subject_S009,60,0.0008475981006331808,,0.020432802791463388,,0.0002445396645101764
TCN3_96b3f76d,TCN3,loso_subject_S009,61,0.0008345668076075437,,0.020665473797742057,,0.0002318019484660537
TCN3_96b3f76d,TCN3,loso_subject_S009,62,0.0008441847749941473,,0.02032007253111426,,0.00021955487075394156
TCN3_96b3f76d,TCN3,loso_subject_S009,63,0.0008148315475251059,,0.020135292376333967,,0.0002078173154799862
TCN3_96b3f76d,TCN3,loso_subject_S009,64,0.0007909362999374925,,0.01963029123038844,,0.00019660738110366478
TCN3_96b3f76d,TCN3,loso_subject_S009,65,0.0007553536647183356,,0.0191669050832323,,0.00018594235253127373
TCN3_96b3f76d,TCN3,loso_subject_S009,66,0.0007958649595573781,,0.019510385362077727,,0.00017583867446385477
TCN3_96b3f76d,TCN3,loso_subject_S009,67,0.0007368517262074575,,0.019188298662986488,,0.00016631192604065853
TCN3_96b3f76d,TCN3,loso_subject_S009,68,0.0007653253791317019,,0.019128360493458906,,0.00015737679681724137
TCN3_96b3f76d,TCN3,loso_subject_S009,69,0.0006976141399556033,,0.01848019521225883,,0.0001490470641152345
TCN3_96b3f76d,TCN3,loso_subject_S009,70,0.00075626326620216,,0.01915432617558789,,0.00014133557177871338
TCN3_96b3f76d,TCN3,loso_subject_S009,71,0.0006920698357889919,,0.01866706696653177,,0.00013425421036992097
TCN3_96b3f76d,TCN3,loso_subject_S009,72,0.000724986981145932,,0.0189006320927241,,0.00012781389883488212
TCN3_96b3f76d,TCN3,loso_subject_S009,73,0.000729548078511763,,0.019147153186456562,,0.0001220245676671809
TCN3_96b3f76d,TCN3,loso_subject_S009,74,0.0007794846974186093,,0.018979889366529366,,0.00011689514359585877
TCN3_96b3f76d,TCN3,loso_subject_S009,75,0.0007091434671853932,,0.018908335860501845,,0.00011243353582104555
TCN3_96b3f76d,TCN3,loso_subject_S009,76,0.0006887889595978196,,0.01858152694266695,,0.0001086466238185463
TCN3_96b3f76d,TCN3,loso_subject_S009,77,0.0006352057396279547,,0.01792975783198209,,0.00010554024673218805
TCN3_96b3f76d,TCN3,loso_subject_S009,78,0.0006524710348808411,,0.01815791594938093,,0.00010311919437028317
TCN3_96b3f76d,TCN3,loso_subject_S009,79,0.000696241222593067,,0.01825900329660121,,0.00010138719982009242
TCN3_96b3f76d,TCN3,loso_subject_S009,80,0.0006705896227487273,,0.01822259668028053,,0.0001003469336916747
TCN3_96b3f76d,TCN3,loso_subject_S010,1,0.2713227243338736,,0.37409578943004584,,0.001
TCN3_96b3f76d,TCN3,loso_subject_S010,2,0.05165032459097811,,0.1655353253007043,,0.0009996530663083252
TCN3_96b3f76d,TCN3,loso_subject_S010,3,0.030254709652552305,,0.12648476232803474,,0.0009986128001799074
TCN3_96b3f76d,TCN3,loso_subject_S010,4,0.021902568799488185,,0.10730059643691299,,0.0009968808056297167
TCN3_96b3f76d,TCN3,loso_subject_S010,5,0.016138464727635245,,0.09235177142166538,,0.0009944597532678117
TCN3_96b3f76d,TCN3,loso_subject_S010,6,0.01275435599330268,,0.08146748227736372,,0.0009913533761814533
TCN3_96b3f76d,TCN3,loso_subject_S010,7,0.010182674563432857,,0.07278474931988976,,0.000987566464178954
TCN3_96b3f76d,TCN3,loso_subject_S010,8,0.008659966630995372,,0.06691141481706993,,0.0009831048564041408
TCN3_96b3f76d,TCN3,loso_subject_S010,9,0.007203792345664894,,0.06051695191958133,,0.0009779754323328187
TCN3_96b3f76d,TCN3,loso_subject_S010,10,0.006104243210723799,,0.05603906450827401,,0.0009721861011651174
TCN3_96b3f76d,TCN3,loso_subject_S010,11,0.005781025968027072,,0.054534701786021135,,0.0009657457896300785
TCN3_96b3f76d,TCN3,loso_subject_S010,12,0.004835124727296998,,0.05035411986194715,,0.000958664428221286
TCN3_96b3f76d,TCN3,loso_subject_S010,13,0.004244233888144643,,0.04744545861355397,,0.000950952935884765
TCN3_96b3f76d,TCN3,loso_subject_S010,14,0.003815027208477124,,0.044261259985663715,,0.0009426232031827582
TCN3_96b3f76d,TCN3,loso_subject_S010,15,0.003541750348883998,,0.042458898138804074,,0.0009336880739593409
TCN3_96b3f76d,TCN3,loso_subject_S010,16,0.0035578037594170735,,0.041570305841126136,,0.0009241613255361449
TCN3_96b3f76d,TCN3,loso_subject_S010,17,0.0032908251702241918,,0.04001416526184515,,0.0009140576474687258
TCN3_96b3f76d,TCN3,loso_subject_S010,18,0.002912769935198829,,0.03777720543893123,,0.0009033926188963346
TCN3_96b3f76d,TCN3,loso_subject_S010,19,0.0028420041530329327,,0.03774797279283265,,0.0008921826845200134
TCN3_96b3f76d,TCN3,loso_subject_S010,20,0.0026124970321165877,,0.036368650651262005,,0.000880445129246058
TCN3_96b3f76d,TCN3,loso_subject_S010,21,0.0024571949743124144,,0.035176517147619143,,0.0008681980515339459
TCN3_96b3f76d,TCN3,loso_subject_S010,22,0.002112823011682677,,0.032954117887447607,,0.0008554603354898234
TCN3_96b3f76d,TCN3,loso_subject_S010,23,0.002083138161199041,,0.032766868647570925,,0.0008422516217485822
TCN3_96b3f76d,TCN3,loso_subject_S010,24,0.0020829918069940737,,0.0324789253297945,,0.0008285922771894248
TCN3_96b3f76d,TCN3,loso_subject_S010,25,0.0018348214319012306,,0.03047110317154196,,0.0008145033635316124
TCN3_96b3f76d,TCN3,loso_subject_S010,26,0.0018377115439052504,,0.030474321459601685,,0.0008000066048588205
TCN3_96b3f76d,TCN3,loso_subject_S010,27,0.0017691439067911753,,0.030081872309156307,,0.0007851243541221765
TCN3_96b3f76d,TCN3,loso_subject_S010,28,0.0016268473465297735,,0.029165275535302813,,0.0007698795586736293
TCN3_96b3f76d,TCN3,loso_subject_S010,29,0.001644763492094395,,0.029256676148229025,,0.0007542957248827956
TCN3_96b3f76d,TCN3,loso_subject_S010,30,0.0016152188953826188,,0.02863585467643773,,0.0007383968818918422
TCN3_96b3f76d,TCN3,loso_subject_S010,31,0.0017170047755713945,,0.028985891682100036,,0.00072220754456429
TCN3_96b3f76d,TCN3,loso_subject_S010,32,0.001693630831516585,,0.028607400623311616,,0.0007057526756848715
TCN3_96b3f76d,TCN3,loso_subject_S010,33,0.0013021966158534533,,0.025961088218223915,,0.000689057647468726
TCN3_96b3f76d,TCN3,loso_subject_S010,34,0.0013390350438972258,,0.02624159466384278,,0.000672148202439283
TCN3_96b3f76d,TCN3,loso_subject_S010,35,0.001316104229798786,,0.02568019529423298,,0.0006550504137351571
TCN3_96b3f76d,TCN3,loso_subject_S010,36,0.0011859511162547738,,0.024907218227216303,,0.0006377906449072574
TCN3_96b3f76d,TCN3,loso_subject_S010,37,0.0012797894530343092,,0.024842074176283677,,0.0006203955092681036
TCN3_96b3f76d,TCN3,loso_subject_S010,38,0.0012665764577975982,,0.02504139113244717,,0.0006028918288560267
TCN3_96b3f76d,TCN3,loso_subject_S010,39,0.0013426870972360041,,0.025714902374595807,,0.00058530659307753
TCN3_96b3f76d,TCN3,loso_subject_S010,40,0.001142865542597835,,0.02413185615679892,,0.0005676669170915806
TCN3_96b3f76d,TCN3,loso_subject_S010,41,0.0011378152181426968,,0.02387281245461314,,0.0005499999999999997
TCN3_96b3f76d,TCN3,loso_subject_S010,42,0.0011342647276961384,,0.023483072843021896,,0.000532333082908419
TCN3_96b3f76d,TCN3,loso_subject_S010,43,0.0010626667777493591,,0.023218147992921552,,0.0005146934069224697
TCN3_96b3f76d,TCN3,loso_subject_S010,44,0.0009922683427100768,,0.0229715598364722,,0.000497108171143973
TCN3_96b3f76d,TCN3,loso_subject_S010,45,0.0010422797377912267,,0.022336439049011222,,0.00047960449073189616
TCN3_96b3f76d,TCN3,loso_subject_S010,46,0.0009706152086689471,,0.02210984145281884,,0.00046220935509274226
TCN3_96b3f76d,TCN3,loso_subject_S010,47,0.0008293456304558677,,0.02091536637567453,,0.00044494958626484254
TCN3_96b3f76d,TCN3,loso_subject_S010,48,0.0008874185132238995,,0.02109014922918632,,0.00042785179756071645
TCN3_96b3f76d,TCN3,loso_subject_S010,49,0.0008793342909969407,,0.020657870203946185,,0.0004109423525312737
TCN3_96b3f76d,TCN3,loso_subject_S010,50,0.0008527352378114312,,0.020702171064452806,,0.0003942473243151282
TCN3_96b3f76d,TCN3,loso_subject_S010,51,0.0009693192017269156,,0.021634141444252457,,0.0003777924554357096
TCN3_96b3f76d,TCN3,loso_subject_S010,52,0.0008662951350892128,,0.02136112134179276,,0.0003616031181081575
TCN3_96b3f76d,TCN3,loso_subject_S010,53,0.0008641382954008978,,0.020827512111080172,,0.000345704275117204
TCN3_96b3f76d,TCN3,loso_subject_S010,54,0.0008785673040564781,,0.020275761718410557,,0.00033012044132637024
TCN3_96b3f76d,TCN3,loso_subject_S010,55,0.0008990358719422533,,0.020558957240741083,,0.00031487564587782306
TCN3_96b3f76d,TCN3,loso_subject_S010,56,0.0008064032476155308,,0.02030681248081532,,0.00029999339514117897
TCN3_96b3f76d,TCN3,loso_subject_S010,57,0.0009956514286433276,,0.020677379749430062,,0.0002854966364683872
TCN3_96b3f76d,TCN3,loso_subject_S010,58,0.0008036804248501353,,0.020215485092249123,,0.0002714077228105749
TCN3_96b3f76d,TCN3,loso_subject_S010,59,0.0008355815140185116,,0.02025521988369792,,0.00025774837825141746
TCN3_96b3f76d,TCN3,loso_subject_S010,60,0.0008421795935666805,,0.019607849360716283,,0.0002445396645101764
TCN3_96b3f76d,TCN3,loso_subject_S010,61,0.0007331769808654173,,0.019505269657275764,,0.0002318019484660537
TCN3_96b3f76d,TCN3,loso_subject_S010,62,0.0007857073832009598,,0.01927831115687975,,0.00021955487075394156
TCN3_96b3f76d,TCN3,loso_subject_S010,63,0.0007899512709077714,,0.01955718868814986,,0.0002078173154799862
TCN3_96b3f76d,TCN3,loso_subject_S010,64,0.000738901418498567,,0.018923453613217244,,0.00019660738110366478
TCN3_96b3f76d,TCN3,loso_subject_S010,65,0.0007649108153916132,,0.019084917114110356,,0.00018594235253127373
TCN3_96b3f76d,TCN3,loso_subject_S010,66,0.0007077828348945728,,0.018719871332186656,,0.00017583867446385477
TCN3_96b3f76d,TCN3,loso_subject_S010,67,0.0007758187991714361,,0.01892865977323321,,0.00016631192604065853
TCN3_96b3f76d,TCN3,loso_subject_S010,68,0.0006716158919099282,,0.01864077912276863,,0.00015737679681724137
TCN3_96b3f76d,TCN3,loso_subject_S010,69,0.0006621171524171218,,0.018006520951714254,,0.0001490470641152345
TCN3_96b3f76d,TCN3,loso_subject_S010,70,0.0007094113729993273,,0.018338359413370333,,0.00014133557177871338
TCN3_96b3f76d,TCN3,loso_subject_S010,71,0.0006861769862249516,,0.018541072807781552,,0.00013425421036992097
TCN3_96b3f76d,TCN3,loso_subject_S010,72,0.0006690070087543302,,0.01835078402976333,,0.00012781389883488212
TCN3_96b3f76d,TCN3,loso_subject_S010,73,0.0007381630251721785,,0.018708743277980975,,0.0001220245676671809
TCN3_96b3f76d,TCN3,loso_subject_S010,74,0.000735277858011611,,0.01809490051200259,,0.00011689514359585877
TCN3_96b3f76d,TCN3,loso_subject_S010,75,0.0006553054123051085,,0.01822614813611509,,0.00011243353582104555
TCN3_96b3f76d,TCN3,loso_subject_S010,76,0.0006277612631067685,,0.01761421634578942,,0.0001086466238185463
TCN3_96b3f76d,TCN3,loso_subject_S010,77,0.0006122954797316545,,0.01758989103965041,,0.00010554024673218805
TCN3_96b3f76d,TCN3,loso_subject_S010,78,0.0006747600874784387,,0.017894375735187984,,0.00010311919437028317
TCN3_96b3f76d,TCN3,loso_subject_S010,79,0.0006708419448371082,,0.01799420489715387,,0.00010138719982009242
TCN3_96b3f76d,TCN3,loso_subject_S010,80,0.0006945752895935974,,0.017674252681180336,,0.0001003469336916747
TCN3_96b3f76d,TCN3,loso_subject_S011,1,0.2604555667878992,,0.3733677901866882,,0.001
TCN3_96b3f76d,TCN3,loso_subject_S011,2,0.050728447243493624,,0.16509003324631535,,0.0009996530663083252
TCN3_96b3f76d,TCN3,loso_subject_S011,3,0.029436789534998963,,0.12700591644473896,,0.0009986128001799074
TCN3_96b3f76d,TCN3,loso_subject_S011,4,0.01957780138665479,,0.10338054386846027,,0.0009968808056297167
TCN3_96b3f76d,TCN3,loso_subject_S011,5,0.01396272628183612,,0.08648094361875536,,0.0009944597532678117
TCN3_96b3f76d,TCN3,loso_subject_S011,6,0.01150439763533358,,0.07728775442681977,,0.0009913533761814533
TCN3_96b3f76d,TCN3,loso_subject_S011,7,0.008860369824999043,,0.06881390660181512,,0.000987566464178954
TCN3_96b3f76d,TCN3,loso_subject_S011,8,0.007649147825894773,,0.06426093043122046,,0.0009831048564041408
TCN3_96b3f76d,TCN3,loso_subject_S011,9,0.00614957539548048,,0.057032846475206636,,0.0009779754323328187
TCN3_96b3f76d,TCN3,loso_subject_S011,10,0.005707566309278075,,0.054541058644229576,,0.0009721861011651174
TCN3_96b3f76d,TCN3,loso_subject_S011,11,0.004773473040296221,,0.05104102826335904,,0.0009657457896300785
TCN3_96b3f76d,TCN3,loso_subject_S011,12,0.004175994230960628,,0.04736549435070159,,0.000958664428221286
TCN3_96b3f76d,TCN3,loso_subject_S011,13,0.003939700142232907,,0.045469901273722725,,0.000950952935884765
TCN3_96b3f76d,TCN3,loso_subject_S011,14,0.0035294378367773044,,0.043670875350898856,,0.0009426232031827582
TCN3_96b3f76d,TCN3,loso_subject_S011,15,0.0031718573318368346,,0.04147135141695519,,0.0009336880739593409
TCN3_96b3f76d,TCN3,loso_subject_S011,16,0.0030308545404774435,,0.04039483385610318,,0.0009241613255361449
TCN3_96b3f76d,TCN3,loso_subject_S011,17,0.0030545350367750176,,0.03990089053155441,,0.0009140576474687258
TCN3_96b3f76d,TCN3,loso_subject_S011,18,0.0028952059007590052,,0.03938027651205046,,0.0009033926188963346
TCN3_96b3f76d,TCN3,loso_subject_S011,19,0.0024981675452493955,,0.036298211316670305,,0.0008921826845200134
TCN3_96b3f76d,TCN3,loso_subject_S011,20,0.002321794275671662,,0.034740232832872184,,0.000880445129246058
TCN3_96b3f76d,TCN3,loso_subject_S011,21,0.002277153593201684,,0.034840746413318836,,0.0008681980515339459
TCN3_96b3f76d,TCN3,loso_subject_S011,22,0.002157723245986958,,0.03363934158200326,,0.0008554603354898234
TCN3_96b3f76d,TCN3,loso_subject_S011,23,0.0020314585155962205,,0.03210402422891439,,0.0008422516217485822
TCN3_96b3f76d,TCN3,loso_subject_S011,24,0.001997223045983253,,0.03257621504413854,,0.0008285922771894248
TCN3_96b3f76d,TCN3,loso_subject_S011,25,0.0019464840093675027,,0.03202605727880969,,0.0008145033635316124
TCN3_96b3f76d,TCN3,loso_subject_S011,26,0.001666253722018277,,0.029688446215754585,,0.0008000066048588205
TCN3_96b3f76d,TCN3,loso_subject_S011,27,0.0018284147762767345,,0.030139212100213846,,0.0007851243541221765
TCN3_96b3f76d,TCN3,loso_subject_S011,28,0.0017242100767653219,,0.029503920978904807,,0.0007698795586736293
TCN3_96b3f76d,TCN3,loso_subject_S011,29,0.0015439698829886692,,0.028636401505158275,,0.0007542957248827956
TCN3_96b3f76d,TCN3,loso_subject_S011,30,0.0016130272853962073,,0.02876508944103258,,0.0007383968818918422
TCN3_96b3f76d,TCN3,loso_subject_S011,31,0.0014987522440266293,,0.027481007215539432,,0.00072220754456429
TCN3_96b3f76d,TCN3,loso_subject_S011,32,0.0014724100660654048,,0.027806362819916677,,0.0007057526756848715
TCN3_96b3f76d,TCN3,loso_subject_S011,33,0.0013890270520968025,,0.026789402225732666,,0.000689057647468726
TCN3_96b3f76d,TCN3,loso_subject_S011,34,0.0013461013311211756,,0.02689939990454177,,0.000672148202439283
TCN3_96b3f76d,TCN3,loso_subject_S011,35,0.0012898715912646463,,0.02554187811069842,,0.0006550504137351571
TCN3_96b3f76d,TCN3,loso_subject_S011,36,0.0013649718945556912,,0.026783079118157787,,0.0006377906449072574
TCN3_96b3f76d,TCN3,loso_subject_S011,37,0.00123375392249032,,0.024949589509087693,,0.0006203955092681036
TCN3_96b3f76d,TCN3,loso_subject_S011,38,0.0011906820562677311,,0.024501957392970397,,0.0006028918288560267
TCN3_96b3f76d,TCN3,loso_subject_S011,39,0.0011457546822943514,,0.024456791986334374,,0.00058530659307753
TCN3_96b3f76d,TCN3,loso_subject_S011,40,0.0011694603780601077,,0.02419370098646728,,0.0005676669170915806
TCN3_96b3f76d,TCN3,loso_subject_S011,41,0.001058204328086115,,0.02335008511618513,,0.0005499999999999997
TCN3_96b3f76d,TCN3,loso_subject_S011,42,0.0011178149346809038,,0.02430652288399684,,0.000532333082908419
TCN3_96b3f76d,TCN3,loso_subject_S011,43,0.0011502760986230737,,0.02494400173218594,,0.0005146934069224697
TCN3_96b3f76d,TCN3,loso_subject_S011,44,0.0011330891335054102,,0.02401412809273033,,0.000497108171143973
TCN3_96b3f76d,TCN3,loso_subject_S011,45,0.0010558277576569667,,0.02297157250435351,,0.00047960449073189616
TCN3_96b3f76d,TCN3,loso_subject_S011,46,0.0011049527828942943,,0.023288424898501966,,0.00046220935509274226
TCN3_96b3f76d,TCN3,loso_subject_S011,47,0.0009947838425527359,,0.02271661986923142,,0.00044494958626484254
TCN3_96b3f76d,TCN3,loso_subject_S011,48,0.0010008202284923957,,0.022488313671535816,,0.00042785179756071645
TCN3_96b3f76d,TCN3,loso_subject_S011,49,0.0010239014729774398,,0.023206151961486465,,0.0004109423525312737
TCN3_96b3f76d,TCN3,loso_subject_S011,50,0.0009116047269532044,,0.0216242305462027,,0.0003942473243151282
TCN3_96b3f76d,TCN3,loso_subject_S011,51,0.000892139713349469,,0.021373396277746922,,0.0003777924554357096
TCN3_96b3f76d,TCN3,loso_subject_S011,52,0.0008967303198810234,,0.021591537647687016,,0.0003616031181081575
TCN3_96b3f76d,TCN3,loso_subject_S011,53,0.0009329058837952318,,0.02210960704045932,,0.000345704275117204
TCN3_96b3f76d,TCN3,loso_subject_S011,54,0.0008374363756681979,,0.021027128868447816,,0.00033012044132637024
TCN3_96b3f76d,TCN3,loso_subject_S011,55,0.000869580989464369,,0.020832910118856456,,0.00031487564587782306
TCN3_96b3f76d,TCN3,loso_subject_S011,56,0.0008280339384746491,,0.02062371192951905,,0.00029999339514117897
TCN3_96b3f76d,TCN3,loso_subject_S011,57,0.0008372752141929002,,0.020725081585774754,,0.0002854966364683872
TCN3_96b3f76d,TCN3,loso_subject_S011,58,0.0007838906681722706,,0.01997305298591875,,0.0002714077228105749
TCN3_96b3f76d,TCN3,loso_subject_S011,59,0.000794208298890825,,0.020109286229813728,,0.00025774837825141746
TCN3_96b3f76d,TCN3,loso_subject_S011,60,0.0007350920764350542,,0.01957182081057094,,0.0002445396645101764
TCN3_96b3f76d,TCN3,loso_subject_S011,61,0.0007753483622809996,,0.01982852490214371,,0.0002318019484660537
TCN3_96b3f76d,TCN3,loso_subject_S011,62,0.0007880180135809347,,0.02016288213988364,,0.00021955487075394156
TCN3_96b3f76d,TCN3,loso_subject_S011,63,0.0007213116922757152,,0.019335041430923867,,0.0002078173154799862
TCN3_96b3f76d,TCN3,loso_subject_S011,64,0.0006962675937210367,,0.01888017785224738,,0.00019660738110366478
TCN3_96b3f76d,TCN3,loso_subject_S011,65,0.0007158227212773987,,0.01905422543618261,,0.00018594235253127373
TCN3_96b3f76d,TCN3,loso_subject_S011,66,0.0007142872826914024,,0.01919185494994351,,0.00017583867446385477
TCN3_96b3f76d,TCN3,loso_subject_S011,67,0.0007486839075443363,,0.019159727403597466,,0.00016631192604065853
TCN3_96b3f76d,TCN3,loso_subject_S011,68,0.0007100744652815301,,0.018885376546628984,,0.00015737679681724137
TCN3_96b3f76d,TCN3,loso_subject_S011,69,0.0006993755504875064,,0.01880601978929283,,0.0001490470641152345
TCN3_96b3f76d,TCN3,loso_subject_S011,70,0.000733190701637292,,0.019000855081978393,,0.00014133557177871338
TCN3_96b3f76d,TCN3,loso_subject_S011,71,0.000701931469100913,,0.01881569928527914,,0.00013425421036992097
TCN3_96b3f76d,TCN3,loso_subject_S011,72,0.0007161035784655027,,0.019060052388801214,,0.00012781389883488212
TCN3_96b3f76d,TCN3,loso_subject_S011,73,0.0006427747585994613,,0.018345977961111083,,0.0001220245676671809
TCN3_96b3f76d,TCN3,loso_subject_S011,74,0.0006396344916603286,,0.01807764323658003,,0.00011689514359585877
TCN3_96b3f76d,TCN3,loso_subject_S011,75,0.0007005653415514576,,0.018524558639847342,,0.00011243353582104555
TCN3_96b3f76d,TCN3,loso_subject_S011,76,0.0006152959511668993,,0.017785220523971523,,0.0001086466238185463
TCN3_96b3f76d,TCN3,loso_subject_S011,77,0.000661404420107767,,0.018303649674736494,,0.00010554024673218805
TCN3_96b3f76d,TCN3,loso_subject_S011,78,0.0006249929673052444,,0.017840526877246153,,0.00010311919437028317
TCN3_96b3f76d,TCN3,loso_subject_S011,79,0.0006293267122092082,,0.017650343988955746,,0.00010138719982009242
TCN3_96b3f76d,TCN3,loso_subject_S011,80,0.0006667434244436068,,0.018346465430554106,,0.0001003469336916747
TCN3_96b3f76d,TCN3,loso_subject_S012,1,0.24350437511640097,,0.35404834225044624,,0.001
TCN3_96b3f76d,TCN3,loso_subject_S012,2,0.04894872526136893,,0.1667885716852266,,0.0009996530663083252
TCN3_96b3f76d,TCN3,loso_subject_S012,3,0.028453789593487825,,0.12577120752154786,,0.0009986128001799074
TCN3_96b3f76d,TCN3,loso_subject_S012,4,0.020382377512058136,,0.10575718893339803,,0.0009968808056297167
TCN3_96b3f76d,TCN3,loso_subject_S012,5,0.01459990173340204,,0.08947905907959655,,0.0009944597532678117
TCN3_96b3f76d,TCN3,loso_subject_S012,6,0.011539618821657023,,0.07875737303382169,,0.0009913533761814533
TCN3_96b3f76d,TCN3,loso_subject_S012,7,0.009020581026561558,,0.06853160863687544,,0.000987566464178954
TCN3_96b3f76d,TCN3,loso_subject_S012,8,0.00764167427729277,,0.06334369369258672,,0.0009831048564041408
TCN3_96b3f76d,TCN3,loso_subject_S012,9,0.006917381421628017,,0.05904110595283662,,0.0009779754323328187
TCN3_96b3f76d,TCN3,loso_subject_S012,10,0.006147174109963761,,0.055423718042324245,,0.0009721861011651174
TCN3_96b3f76d,TCN3,loso_subject_S012,11,0.005017747625893022,,0.050223219397686376,,0.0009657457896300785
TCN3_96b3f76d,TCN3,loso_subject_S012,12,0.004197828773321733,,0.04714113021367023,,0.000958664428221286
TCN3_96b3f76d,TCN3,loso_subject_S012,13,0.003923545393821498,,0.044305662687269515,,0.000950952935884765
TCN3_96b3f76d,TCN3,loso_subject_S012,14,0.0035624398098466088,,0.04238748435889707,,0.0009426232031827582
TCN3_96b3f76d,TCN3,loso_subject_S012,15,0.0036583310846994253,,0.042637086173687846,,0.0009336880739593409
TCN3_96b3f76d,TCN3,loso_subject_S012,16,0.0030861764793189334,,0.03953182272651653,,0.0009241613255361449
TCN3_96b3f76d,TCN3,loso_subject_S012,17,0.0028993697465967364,,0.0377606010052687,,0.0009140576474687258
TCN3_96b3f76d,TCN3,loso_subject_S012,18,0.002698794442803208,,0.03706897476502514,,0.0009033926188963346
TCN3_96b3f76d,TCN3,loso_subject_S012,19,0.0023740575798703,,0.03476942405233317,,0.0008921826845200134
TCN3_96b3f76d,TCN3,loso_subject_S012,20,0.002532794764646097,,0.03531743865728241,,0.000880445129246058
TCN3_96b3f76d,TCN3,loso_subject_S012,21,0.002136367452856331,,0.0326565079686967,,0.0008681980515339459
TCN3_96b3f76d,TCN3,loso_subject_S012,22,0.0019235651290406637,,0.03195131229312858,,0.0008554603354898234
TCN3_96b3f76d,TCN3,loso_subject_S012,23,0.002141139149680845,,0.03271087527137827,,0.0008422516217485822
TCN3_96b3f76d,TCN3,loso_subject_S012,24,0.0018604745817353018,,0.030799613834482608,,0.0008285922771894248
TCN3_96b3f76d,TCN3,loso_subject_S012,25,0.0018100320135292028,,0.03019368384413048,,0.0008145033635316124
TCN3_96b3f76d,TCN3,loso_subject_S012,26,0.0017516178099189767,,0.029496183870901783,,0.0008000066048588205
TCN3_96b3f76d,TCN3,loso_subject_S012,27,0.0017949172002614557,,0.030561297291232446,,0.0007851243541221765
TCN3_96b3f76d,TCN3,loso_subject_S012,28,0.0016211527818599453,,0.028513264916858662,,0.0007698795586736293
TCN3_96b3f76d,TCN3,loso_subject_S012,29,0.0017236755036512496,,0.029087235392958665,,0.0007542957248827956
TCN3_96b3f76d,TCN3,loso_subject_S012,30,0.0015424266243760972,,0.027730103264732752,,0.0007383968818918422
TCN3_96b3f76d,TCN3,loso_subject_S012,31,0.0015338940232794863,,0.02813610920299726,,0.00072220754456429
TCN3_96b3f76d,TCN3,loso_subject_S012,32,0.001553705212926609,,0.02820679860239957,,0.0007057526756848715
TCN3_96b3f76d,TCN3,loso_subject_S012,33,0.0014708018387873188,,0.027388554299116203,,0.000689057647468726
TCN3_96b3f76d,TCN3,loso_subject_S012,34,0.0014578561747187152,,0.026532172102633398,,0.000672148202439283
TCN3_96b3f76d,TCN3,loso_subject_S012,35,0.0013832478307774124,,0.026352521756993125,,0.0006550504137351571
TCN3_96b3f76d,TCN3,loso_subject_S012,36,0.0013612379924092329,,0.025741031444880835,,0.0006377906449072574
TCN3_96b3f76d,TCN3,loso_subject_S012,37,0.0012322755969597576,,0.02489456887612689,,0.0006203955092681036
TCN3_96b3f76d,TCN3,loso_subject_S012,38,0.0012686507815318734,,0.02515726749370787,,0.0006028918288560267
TCN3_96b3f76d,TCN3,loso_subject_S012,39,0.001183934656731038,,0.024783255917352028,,0.00058530659307753
TCN3_96b3f76d,TCN3,loso_subject_S012,40,0.0011493067928521788,,0.02388917530361921,,0.0005676669170915806
TCN3_96b3f76d,TCN3,loso_subject_S012,41,0.0011066147956646502,,0.023680401511305904,,0.0005499999999999997
TCN3_96b3f76d,TCN3,loso_subject_S012,42,0.0010852126346200825,,0.02362300582963568,,0.000532333082908419
TCN3_96b3f76d,TCN3,loso_subject_S012,43,0.001075001954847371,,0.0235052760390197,,0.0005146934069224697
TCN3_96b3f76d,TCN3,loso_subject_S012,44,0.0010410627664807297,,0.022752709901223047,,0.000497108171143973
TCN3_96b3f76d,TCN3,loso_subject_S012,45,0.0009883797367488901,,0.02227450940043815,,0.00047960449073189616
TCN3_96b3f76d,TCN3,loso_subject_S012,46,0.0009723736738818808,,0.022296778627156046,,0.00046220935509274226
TCN3_96b3f76d,TCN3,loso_subject_S012,47,0.0009097984229135673,,0.021401684369332125,,0.00044494958626484254
TCN3_96b3f76d,TCN3,loso_subject_S012,48,0.0009334097502036819,,0.021552650657925856,,0.00042785179756071645
TCN3_96b3f76d,TCN3,loso_subject_S012,49,0.0008934752279211631,,0.021264483301836522,,0.0004109423525312737
TCN3_96b3f76d,TCN3,loso_subject_S012,50,0.0009484585159389591,,0.021610728370655214,,0.0003942473243151282
TCN3_96b3f76d,TCN3,loso_subject_S012,51,0.0009001966183292038,,0.021589357613933862,,0.0003777924554357096
TCN3_96b3f76d,TCN3,loso_subject_S012,52,0.0008892847360318198,,0.02104329103555704,,0.0003616031181081575
TCN3_96b3f76d,TCN3,loso_subject_S012,53,0.0009565507464240067,,0.02104894501609094,,0.000345704275117204
TCN3_96b3f76d,TCN3,loso_subject_S012,54,0.0008634633011204471,,0.020768604390902223,,0.00033012044132637024
TCN3_96b3f76d,TCN3,loso_subject_S012,55,0.0008845348214891739,,0.020885797275394354,,0.00031487564587782306
TCN3_96b3f76d,TCN3,loso_subject_S012,56,0.0008183043353204875,,0.020407076536854175,,0.00029999339514117897
TCN3_96b3f76d,TCN3,loso_subject_S012,57,0.0008227398158152945,,0.020124232796464216,,0.0002854966364683872
TCN3_96b3f76d,TCN3,loso_subject_S012,58,0.0008564339965425333,,0.020620795400040068,,0.0002714077228105749
TCN3_96b3f76d,TCN3,loso_subject_S012,59,0.0007712825672072613,,0.019822715992878995,,0.00025774837825141746
TCN3_96b3f76d,TCN3,loso_subject_S012,60,0.000743158490444755,,0.019541543402811473,,0.0002445396645101764
TCN3_96b3f76d,TCN3,loso_subject_S012,61,0.0007096792874315182,,0.019317034651269566,,0.0002318019484660537
TCN3_96b3f76d,TCN3,loso_subject_S012,62,0.0007429088928112647,,0.019340811969115086,,0.00021955487075394156
TCN3_96b3f76d,TCN3,loso_subject_S012,63,0.0006943050237526934,,0.018896669093637405,,0.0002078173154799862
TCN3_96b3f76d,TCN3,loso_subject_S012,64,0.0007535807788908207,,0.019684286482490612,,0.00019660738110366478
TCN3_96b3f76d,TCN3,loso_subject_S012,65,0.0006984510474353622,,0.01897945265978935,,0.00018594235253127373
TCN3_96b3f76d,TCN3,loso_subject_S012,66,0.0007476891141929586,,0.019145579173277354,,0.00017583867446385477
TCN3_96b3f76d,TCN3,loso_subject_S012,67,0.000651488238287458,,0.018388543626487633,,0.00016631192604065853
TCN3_96b3f76d,TCN3,loso_subject_S012,68,0.0006753578321480395,,0.018220162932762622,,0.00015737679681724137
TCN3_96b3f76d,TCN3,loso_subject_S012,69,0.0006982689572675942,,0.018911148379645304,,0.0001490470641152345
TCN3_96b3f76d,TCN3,loso_subject_S012,70,0.0007473377496629812,,0.018729937974327107,,0.00014133557177871338
TCN3_96b3f76d,TCN3,loso_subject_S012,71,0.0007054819138853333,,0.018472818272251574,,0.00013425421036992097
TCN3_96b3f76d,TCN3,loso_subject_S012,72,0.0006471441353756504,,0.018121745912427868,,0.00012781389883488212
TCN3_96b3f76d,TCN3,loso_subject_S012,73,0.0007040126714788411,,0.018583112654196304,,0.0001220245676671809
TCN3_96b3f76d,TCN3,loso_subject_S012,74,0.0006957018158007703,,0.01820889560352404,,0.00011689514359585877
TCN3_96b3f76d,TCN3,loso_subject_S012,75,0.000673520720977214,,0.018617754574772882,,0.00011243353582104555
TCN3_96b3f76d,TCN3,loso_subject_S012,76,0.0006763406722724896,,0.018165911151612018,,0.0001086466238185463
TCN3_96b3f76d,TCN3,loso_subject_S012,77,0.0007048067672308974,,0.01839491664809987,,0.00010554024673218805
TCN3_96b3f76d,TCN3,loso_subject_S012,78,0.0006334909149487147,,0.01783313160407248,,0.00010311919437028317
TCN3_96b3f76d,TCN3,loso_subject_S012,79,0.0006806321437971931,,0.01808852926711619,,0.00010138719982009242
TCN3_96b3f76d,TCN3,loso_subject_S012,80,0.000650831984760718,,0.01825355104169131,,0.0001003469336916747
TCN3_96b3f76d,TCN3,loso_subject_S013,1,0.23031351974284806,,0.3437312334634514,,0.001
TCN3_96b3f76d,TCN3,loso_subject_S013,2,0.04891419805550985,,0.16312713643551438,,0.0009996530663083252
TCN3_96b3f76d,TCN3,loso_subject_S013,3,0.028227516733914226,,0.12329759987011499,,0.0009986128001799074
TCN3_96b3f76d,TCN3,loso_subject_S013,4,0.018633927875955192,,0.10157892661233248,,0.0009968808056297167
TCN3_96b3f76d,TCN3,loso_subject_S013,5,0.014738732031938727,,0.08860089815490187,,0.0009944597532678117
TCN3_96b3f76d,TCN3,loso_subject_S013,6,0.010934902650601323,,0.07613573591020466,,0.0009913533761814533
TCN3_96b3f76d,TCN3,loso_subject_S013,7,0.00889200203050003,,0.06850560350633035,,0.000987566464178954
TCN3_96b3f76d,TCN3,loso_subject_S013,8,0.007758544138185282,,0.06287337129014242,,0.0009831048564041408
TCN3_96b3f76d,TCN3,loso_subject_S013,9,0.006795550328662811,,0.05967432670604574,,0.0009779754323328187
TCN3_96b3f76d,TCN3,loso_subject_S013,10,0.005666357424211814,,0.05334375065133806,,0.0009721861011651174
TCN3_96b3f76d,TCN3,loso_subject_S013,11,0.004921425708424861,,0.05029894053175921,,0.0009657457896300785
TCN3_96b3f76d,TCN3,loso_subject_S013,12,0.004429884372314401,,0.047608135274720784,,0.000958664428221286
TCN3_96b3f76d,TCN3,loso_subject_S013,13,0.00398263913686448,,0.04521751012719399,,0.000950952935884765
TCN3_96b3f76d,TCN3,loso_subject_S013,14,0.0036546082845154357,,0.04264818843838583,,0.0009426232031827582
TCN3_96b3f76d,TCN3,loso_subject_S013,15,0.0031885284873019474,,0.040245417761809746,,0.0009336880739593409
TCN3_96b3f76d,TCN3,loso_subject_S013,16,0.0030420719312276353,,0.03939048964022034,,0.0009241613255361449
TCN3_96b3f76d,TCN3,loso_subject_S013,17,0.003052197928150424,,0.03873221325209698,,0.0009140576474687258
TCN3_96b3f76d,TCN3,loso_subject_S013,18,0.002563277937798879,,0.035903896659188424,,0.0009033926188963346
TCN3_96b3f76d,TCN3,loso_subject_S013,19,0.0025336437859745918,,0.035387651000529846,,0.0008921826845200134
TCN3_96b3f76d,TCN3,loso_subject_S013,20,0.002306178063021648,,0.03402548803023172,,0.000880445129246058
TCN3_96b3f76d,TCN3,loso_subject_S013,21,0.0022051050558339357,,0.03312265682271721,,0.0008681980515339459
TCN3_96b3f76d,TCN3,loso_subject_S013,22,0.0019850417876876845,,0.031805452847608044,,0.0008554603354898234
TCN3_96b3f76d,TCN3,loso_subject_S013,23,0.0019747788056980902,,0.03165326030838744,,0.0008422516217485822
TCN3_96b3f76d,TCN3,loso_subject_S013,24,0.0018091136089737128,,0.03077249654954297,,0.0008285922771894248
TCN3_96b3f76d,TCN3,loso_subject_S013,25,0.0017477028036803838,,0.029261213818991452,,0.0008145033635316124
TCN3_96b3f76d,TCN3,loso_subject_S013,26,0.001675558379080151,,0.029250795931985086,,0.0008000066048588205
TCN3_96b3f76d,TCN3,loso_subject_S013,27,0.0016183948194998076,,0.028096880010314827,,0.0007851243541221765
TCN3_96b3f76d,TCN3,loso_subject_S013,28,0.0015702659379103147,,0.028001930728148168,,0.0007698795586736293
TCN3_96b3f76d,TCN3,loso_subject_S013,29,0.0015039242063024803,,0.027326646184687938,,0.0007542957248827956
TCN3_96b3f76d,TCN3,loso_subject_S013,30,0.0015104029011804377,,0.027451131037687208,,0.0007383968818918422
TCN3_96b3f76d,TCN3,loso_subject_S013,31,0.001394467601913866,,0.026511406735876136,,0.00072220754456429
TCN3_96b3f76d,TCN3,loso_subject_S013,32,0.0012727248897247926,,0.02562258449799579,,0.0007057526756848715
TCN3_96b3f76d,TCN3,loso_subject_S013,33,0.001290193904044321,,0.0258310740639059,,0.000689057647468726
TCN3_96b3f76d,TCN3,loso_subject_S013,34,0.0013733854375653685,,0.0259400517442225,,0.000672148202439283
TCN3_96b3f76d,TCN3,loso_subject_S013,35,0.0013277199487218441,,0.025530494517543988,,0.0006550504137351571
TCN3_96b3f76d,TCN3,loso_subject_S013,36,0.0011362078257704934,,0.024019983324221162,,0.0006377906449072574
TCN3_96b3f76d,TCN3,loso_subject_S013,37,0.0011470881095327313,,0.02374209955661676,,0.0006203955092681036
TCN3_96b3f76d,TCN3,loso_subject_S013,38,0.0011401611593223817,,0.02421469801279008,,0.0006028918288560267
TCN3_96b3f76d,TCN3,loso_subject_S013,39,0.0010377302753969955,,0.022832482136246855,,0.00058530659307753
TCN3_96b3f76d,TCN3,loso_subject_S013,40,0.0009282387535928495,,0.021765284626915928,,0.0005676669170915806
TCN3_96b3f76d,TCN3,loso_subject_S013,41,0.0010485355741585232,,0.023046900486200166,,0.0005499999999999997
TCN3_96b3f76d,TCN3,loso_subject_S013,42,0.0009977314121300887,,0.022290524398004316,,0.000532333082908419
TCN3_96b3f76d,TCN3,loso_subject_S013,43,0.0008668281989446084,,0.02146226808004532,,0.0005146934069224697
TCN3_96b3f76d,TCN3,loso_subject_S013,44,0.0008983307983173877,,0.021482874269233763,,0.000497108171143973
TCN3_96b3f76d,TCN3,loso_subject_S013,45,0.0008940324648520948,,0.021485429334488486,,0.00047960449073189616
TCN3_96b3f76d,TCN3,loso_subject_S013,46,0.0009042873828365851,,0.02071298924876843,,0.00046220935509274226
TCN3_96b3f76d,TCN3,loso_subject_S013,47,0.0008633096414741928,,0.02128355479263397,,0.00044494958626484254
TCN3_96b3f76d,TCN3,loso_subject_S013,48,0.0009285287686716433,,0.021229656718114515,,0.00042785179756071645
TCN3_96b3f76d,TCN3,loso_subject_S013,49,0.0009014553914933707,,0.021283412648283147,,0.0004109423525312737
TCN3_96b3f76d,TCN3,loso_subject_S013,50,0.0008495967787682727,,0.02130746293905791,,0.0003942473243151282
TCN3_96b3f76d,TCN3,loso_subject_S013,51,0.0007017372783123209,,0.019150801206257277,,0.0003777924554357096
TCN3_96b3f76d,TCN3,loso_subject_S013,52,0.0008185456452636028,,0.02020409704138517,,0.0003616031181081575
TCN3_96b3f76d,TCN3,loso_subject_S013,53,0.0006926900227369093,,0.01932546091161023,,0.000345704275117204
TCN3_96b3f76d,TCN3,loso_subject_S013,54,0.0006912656076344157,,0.018904699525251225,,0.00033012044132637024
TCN3_96b3f76d,TCN3,loso_subject_S013,55,0.0007251716259765314,,0.018811546230726253,,0.00031487564587782306
TCN3_96b3f76d,TCN3,loso_subject_S013,56,0.0007577368931310121,,0.01971625016774642,,0.00029999339514117897
TCN3_96b3f76d,TCN3,loso_subject_S013,57,0.0007026986654545152,,0.018806865052148822,,0.0002854966364683872
TCN3_96b3f76d,TCN3,loso_subject_S013,58,0.0006779674616695325,,0.018466622327826695,,0.0002714077228105749
TCN3_96b3f76d,TCN3,loso_subject_S013,59,0.0006483909251413629,,0.018376661687735843,,0.00025774837825141746
TCN3_96b3f76d,TCN3,loso_subject_S013,60,0.0007225458689331169,,0.018932263056437176,,0.0002445396645101764
TCN3_96b3f76d,TCN3,loso_subject_S013,61,0.000653167427429092,,0.01831114019045202,,0.0002318019484660537
TCN3_96b3f76d,TCN3,loso_subject_S013,62,0.0006708754403328839,,0.01835764022952792,,0.00021955487075394156
TCN3_96b3f76d,TCN3,loso_subject_S013,63,0.0006425161582563064,,0.01802745984683823,,0.0002078173154799862
TCN3_96b3f76d,TCN3,loso_subject_S013,64,0.0006780363752935877,,0.01793390121487713,,0.00019660738110366478
TCN3_96b3f76d,TCN3,loso_subject_S013,65,0.0006202811134005825,,0.01760443272720912,,0.00018594235253127373
TCN3_96b3f76d,TCN3,loso_subject_S013,66,0.0005980464570447449,,0.017690920154978373,,0.00017583867446385477
TCN3_96b3f76d,TCN3,loso_subject_S013,67,0.0005974370755187831,,0.017305942720701545,,0.00016631192604065853
TCN3_96b3f76d,TCN3,loso_subject_S013,68,0.0005891861162459961,,0.017506479887758004,,0.00015737679681724137
TCN3_96b3f76d,TCN3,loso_subject_S013,69,0.0005643401519491526,,0.017072014024531998,,0.0001490470641152345
TCN3_96b3f76d,TCN3,loso_subject_S013,70,0.0005707380362959802,,0.01697064567167281,,0.00014133557177871338
TCN3_96b3f76d,TCN3,loso_subject_S013,71,0.0005969509820996265,,0.017315268101146353,,0.00013425421036992097
TCN3_96b3f76d,TCN3,loso_subject_S013,72,0.0005855905737582603,,0.01725278197415394,,0.00012781389883488212
TCN3_96b3f76d,TCN3,loso_subject_S013,73,0.0005802310101300133,,0.01689574340510835,,0.0001220245676671809
TCN3_96b3f76d,TCN3,loso_subject_S013,74,0.0006031310905272656,,0.01708747814205052,,0.00011689514359585877
TCN3_96b3f76d,TCN3,loso_subject_S013,75,0.0005550568905815898,,0.016903579621747013,,0.00011243353582104555
TCN3_96b3f76d,TCN3,loso_subject_S013,76,0.0005701462285811897,,0.01685480259509132,,0.0001086466238185463
TCN3_96b3f76d,TCN3,loso_subject_S013,77,0.0005523654159842322,,0.016882642639595418,,0.00010554024673218805
TCN3_96b3f76d,TCN3,loso_subject_S013,78,0.0005389475894756041,,0.016665092071745886,,0.00010311919437028317
TCN3_96b3f76d,TCN3,loso_subject_S013,79,0.0005278911251405724,,0.016521447809901384,,0.00010138719982009242
TCN3_96b3f76d,TCN3,loso_subject_S013,80,0.0005385466756836057,,0.016499860711563667,,0.0001003469336916747
TCN3_96b3f76d,TCN3,loso_subject_S014,1,0.2621228488178547,,0.36084781236662544,,0.001
TCN3_96b3f76d,TCN3,loso_subject_S014,2,0.05262797097962273,,0.16544575806586972,,0.0009996530663083252
TCN3_96b3f76d,TCN3,loso_subject_S014,3,0.031059947127033888,,0.12708798833956117,,0.0009986128001799074
TCN3_96b3f76d,TCN3,loso_subject_S014,4,0.021336186150651523,,0.10661632398094249,,0.0009968808056297167
TCN3_96b3f76d,TCN3,loso_subject_S014,5,0.016144572233349697,,0.09213334528450742,,0.0009944597532678117
TCN3_96b3f76d,TCN3,loso_subject_S014,6,0.012454005081173787,,0.08167583215271623,,0.0009913533761814533
TCN3_96b3f76d,TCN3,loso_subject_S014,7,0.011144938512740772,,0.07580705985557998,,0.000987566464178954
TCN3_96b3f76d,TCN3,loso_subject_S014,8,0.008811998933750339,,0.06829279921184188,,0.0009831048564041408
TCN3_96b3f76d,TCN3,loso_subject_S014,9,0.007418241667837079,,0.062383071916543846,,0.0009779754323328187
TCN3_96b3f76d,TCN3,loso_subject_S014,10,0.006625232646170774,,0.0592894475612123,,0.0009721861011651174
TCN3_96b3f76d,TCN3,loso_subject_S014,11,0.005974011729495966,,0.056162411857210645,,0.0009657457896300785
TCN3_96b3f76d,TCN3,loso_subject_S014,12,0.004642982592483944,,0.049849570007268286,,0.000958664428221286
TCN3_96b3f76d,TCN3,loso_subject_S014,13,0.00432747083707901,,0.04758816920330098,,0.000950952935884765
TCN3_96b3f76d,TCN3,loso_subject_S014,14,0.004202304914787608,,0.047157193978161406,,0.0009426232031827582
TCN3_96b3f76d,TCN3,loso_subject_S014,15,0.0036146224872413966,,0.04379487844550015,,0.0009336880739593409
TCN3_96b3f76d,TCN3,loso_subject_S014,16,0.0035335303647470962,,0.04302246552670806,,0.0009241613255361449
TCN3_96b3f76d,TCN3,loso_subject_S014,17,0.0034201423208778206,,0.042278227703837004,,0.0009140576474687258
TCN3_96b3f76d,TCN3,loso_subject_S014,18,0.0029115946705335657,,0.03941250508459957,,0.0009033926188963346
TCN3_96b3f76d,TCN3,loso_subject_S014,19,0.0026866005470053103,,0.03795639601839253,,0.0008921826845200134
TCN3_96b3f76d,TCN3,loso_subject_S014,20,0.0025151381064260985,,0.03680565353056902,,0.000880445129246058
TCN3_96b3f76d,TCN3,loso_subject_S014,21,0.00233523099201177,,0.03548601968459719,,0.0008681980515339459
TCN3_96b3f76d,TCN3,loso_subject_S014,22,0.002332801801047378,,0.03479409207783836,,0.0008554603354898234
TCN3_96b3f76d,TCN3,loso_subject_S014,23,0.0021986513534462478,,0.03403527537071285,,0.0008422516217485822
TCN3_96b3f76d,TCN3,loso_subject_S014,24,0.001990180313955894,,0.03215223484156418,,0.0008285922771894248
TCN3_96b3f76d,TCN3,loso_subject_S014,25,0.0019000005880998902,,0.031903396564320036,,0.0008145033635316124
TCN3_96b3f76d,TCN3,loso_subject_S014,26,0.0017769579312701292,,0.030989071036363978,,0.0008000066048588205
TCN3_96b3f76d,TCN3,loso_subject_S014,27,0.0017492606058782322,,0.0300758433645684,,0.0007851243541221765
TCN3_96b3f76d,TCN3,loso_subject_S014,28,0.0016961402261132632,,0.029918036848044467,,0.0007698795586736293
TCN3_96b3f76d,TCN3,loso_subject_S014,29,0.0016121926255383504,,0.028588668303973865,,0.0007542957248827956
TCN3_96b3f76d,TCN3,loso_subject_S014,30,0.0015049236258519185,,0.02826403963797428,,0.0007383968818918422
TCN3_96b3f76d,TCN3,loso_subject_S014,31,0.0014574920474565273,,0.027430966444029488,,0.00072220754456429
TCN3_96b3f76d,TCN3,loso_subject_S014,32,0.0014548734328887068,,0.02752559257458207,,0.0007057526756848715
TCN3_96b3f76d,TCN3,loso_subject_S014,33,0.001489415914748858,,0.027909978295613595,,0.000689057647468726
TCN3_96b3f76d,TCN3,loso_subject_S014,34,0.0013222105446055838,,0.026387810374984295,,0.000672148202439283
TCN3_96b3f76d,TCN3,loso_subject_S014,35,0.0013231794859208932,,0.026265731353389204,,0.0006550504137351571
TCN3_96b3f76d,TCN3,loso_subject_S014,36,0.001340277318138072,,0.026227615026434847,,0.0006377906449072574
TCN3_96b3f76d,TCN3,loso_subject_S014,37,0.001197349829950897,,0.02482686596881609,,0.0006203955092681036
TCN3_96b3f76d,TCN3,loso_subject_S014,38,0.0011321208996922215,,0.024616417736689017,,0.0006028918288560267
TCN3_96b3f76d,TCN3,loso_subject_S014,39,0.0010846935395599285,,0.023830042590449983,,0.00058530659307753
TCN3_96b3f76d,TCN3,loso_subject_S014,40,0.0010863805881051395,,0.023975234332322376,,0.0005676669170915806
TCN3_96b3f76d,TCN3,loso_subject_S014,41,0.0010699605884350006,,0.023565904380988514,,0.0005499999999999997
TCN3_96b3f76d,TCN3,loso_subject_S014,42,0.0010139364967002504,,0.02326768750537875,,0.000532333082908419
TCN3_96b3f76d,TCN3,loso_subject_S014,43,0.0010068506286465878,,0.02262471912761937,,0.0005146934069224697
TCN3_96b3f76d,TCN3,loso_subject_S014,44,0.0010105954906309183,,0.02270754757296305,,0.000497108171143973
TCN3_96b3f76d,TCN3,loso_subject_S014,45,0.000958972532080918,,0.022331062959960478,,0.00047960449073189616
TCN3_96b3f76d,TCN3,loso_subject_S014,46,0.0009494153290606019,,0.022063836184414952,,0.00046220935509274226
TCN3_96b3f76d,TCN3,loso_subject_S014,47,0.0008666750244370217,,0.021469049196133166,,0.00044494958626484254
TCN3_96b3f76d,TCN3,loso_subject_S014,48,0.0009032251566984415,,0.021558114163075025,,0.00042785179756071645
TCN3_96b3f76d,TCN3,loso_subject_S014,49,0.0009063578294071197,,0.021386147551566276,,0.0004109423525312737
TCN3_96b3f76d,TCN3,loso_subject_S014,50,0.0009121855518089667,,0.021830445094323577,,0.0003942473243151282
TCN3_96b3f76d,TCN3,loso_subject_S014,51,0.000801058843304455,,0.020380705714094675,,0.0003777924554357096
TCN3_96b3f76d,TCN3,loso_subject_S014,52,0.0008806916967012491,,0.020747356442324925,,0.0003616031181081575
TCN3_96b3f76d,TCN3,loso_subject_S014,53,0.0009019965823477577,,0.02147529275973172,,0.000345704275117204
TCN3_96b3f76d,TCN3,loso_subject_S014,54,0.000787202336366597,,0.020120394828557268,,0.00033012044132637024
TCN3_96b3f76d,TCN3,loso_subject_S014,55,0.0008638939199917281,,0.020594185976928806,,0.00031487564587782306
TCN3_96b3f76d,TCN3,loso_subject_S014,56,0.000761599443809203,,0.01981529038060795,,0.00029999339514117897
TCN3_96b3f76d,TCN3,loso_subject_S014,57,0.0007955398043901646,,0.019898048055268104,,0.0002854966364683872
TCN3_96b3f76d,TCN3,loso_subject_S014,58,0.0007180651108552688,,0.019154025934352552,,0.0002714077228105749
TCN3_96b3f76d,TCN3,loso_subject_S014,59,0.0007407777125932156,,0.019106958424153567,,0.00025774837825141746
TCN3_96b3f76d,TCN3,loso_subject_S014,60,0.0007158480982686723,,0.018643713526187405,,0.0002445396645101764
TCN3_96b3f76d,TCN3,loso_subject_S014,61,0.0007180674758615502,,0.019022260575153785,,0.0002318019484660537
TCN3_96b3f76d,TCN3,loso_subject_S014,62,0.0007420361369760855,,0.018983432134924746,,0.00021955487075394156
TCN3_96b3f76d,TCN3,loso_subject_S014,63,0.0006968065291299018,,0.018630130781281378,,0.0002078173154799862
TCN3_96b3f76d,TCN3,loso_subject_S014,64,0.0007045112565962756,,0.018945880560887175,,0.00019660738110366478
TCN3_96b3f76d,TCN3,loso_subject_S014,65,0.0006803834666443382,,0.018691336859531067,,0.00018594235253127373
TCN3_96b3f76d,TCN3,loso_subject_S014,66,0.0006628338138803654,,0.0184420295403806,,0.00017583867446385477
TCN3_96b3f76d,TCN3,loso_subject_S014,67,0.0006371820110300572,,0.018132024343587086,,0.00016631192604065853
TCN3_96b3f76d,TCN3,loso_subject_S014,68,0.0006032207171819132,,0.018035038355246318,,0.00015737679681724137
TCN3_96b3f76d,TCN3,loso_subject_S014,69,0.0006724598423900121,,0.018224663611861966,,0.0001490470641152345
TCN3_96b3f76d,TCN3,loso_subject_S014,70,0.0006415685949112423,,0.01807016272458338,,0.00014133557177871338
TCN3_96b3f76d,TCN3,loso_subject_S014,71,0.0006657940058189218,,0.018472317375701545,,0.00013425421036992097
TCN3_96b3f76d,TCN3,loso_subject_S014,72,0.0006452142152405424,,0.018030656722327832,,0.00012781389883488212
TCN3_96b3f76d,TCN3,loso_subject_S014,73,0.0006204799413025554,,0.017758840674266786,,0.0001220245676671809
TCN3_96b3f76d,TCN3,loso_subject_S014,74,0.0006077912922872127,,0.017427134145149563,,0.00011689514359585877
TCN3_96b3f76d,TCN3,loso_subject_S014,75,0.0006071590191324152,,0.017422935588400034,,0.00011243353582104555
TCN3_96b3f76d,TCN3,loso_subject_S014,76,0.0006152012861672451,,0.01743371891529679,,0.0001086466238185463
TCN3_96b3f76d,TCN3,loso_subject_S014,77,0.0006090381962815273,,0.017548780290743124,,0.00010554024673218805
TCN3_96b3f76d,TCN3,loso_subject_S014,78,0.0005840573059750006,,0.017355615644554588,,0.00010311919437028317
TCN3_96b3f76d,TCN3,loso_subject_S014,79,0.0006378993040354939,,0.017563316711058017,,0.00010138719982009242
TCN3_96b3f76d,TCN3,loso_subject_S014,80,0.00065242337606454,,0.01758135466391215,,0.0001003469336916747
TCN3_96b3f76d,TCN3,loso_subject_S016,1,0.27422857291134556,,0.3650257256531169,,0.001
TCN3_96b3f76d,TCN3,loso_subject_S016,2,0.04766113536794762,,0.16238519265949639,,0.0009996530663083252
TCN3_96b3f76d,TCN3,loso_subject_S016,3,0.029118703143057114,,0.12611805805523316,,0.0009986128001799074
TCN3_96b3f76d,TCN3,loso_subject_S016,4,0.01987329470147626,,0.10469812316786002,,0.0009968808056297167
TCN3_96b3f76d,TCN3,loso_subject_S016,5,0.015502487887944578,,0.09082235741542712,,0.0009944597532678117
TCN3_96b3f76d,TCN3,loso_subject_S016,6,0.011434303220468402,,0.07851805713564529,,0.0009913533761814533
TCN3_96b3f76d,TCN3,loso_subject_S016,7,0.010000775181238774,,0.07339122748851915,,0.000987566464178954
TCN3_96b3f76d,TCN3,loso_subject_S016,8,0.007570327720670993,,0.06444946986267483,,0.0009831048564041408
TCN3_96b3f76d,TCN3,loso_subject_S016,9,0.006829633475917212,,0.06006010823550173,,0.0009779754323328187
TCN3_96b3f76d,TCN3,loso_subject_S016,10,0.00593061092201373,,0.056374278046983535,,0.0009721861011651174
TCN3_96b3f76d,TCN3,loso_subject_S016,11,0.005391270701553933,,0.05279618324309579,,0.0009657457896300785
TCN3_96b3f76d,TCN3,loso_subject_S016,12,0.004424451376322552,,0.04909245021237294,,0.000958664428221286
TCN3_96b3f76d,TCN3,loso_subject_S016,13,0.004034436302244443,,0.04584061033714851,,0.000950952935884765
TCN3_96b3f76d,TCN3,loso_subject_S016,14,0.0037266316207460078,,0.04445868495405671,,0.0009426232031827582
TCN3_96b3f76d,TCN3,loso_subject_S016,15,0.0035638590917103567,,0.04299690033489809,,0.0009336880739593409
TCN3_96b3f76d,TCN3,loso_subject_S016,16,0.003045688781705835,,0.040083366535035865,,0.0009241613255361449
TCN3_96b3f76d,TCN3,loso_subject_S016,17,0.0029495725459231523,,0.039385906769792804,,0.0009140576474687258
TCN3_96b3f76d,TCN3,loso_subject_S016,18,0.002541793773458959,,0.03669933617983427,,0.0009033926188963346
TCN3_96b3f76d,TCN3,loso_subject_S016,19,0.00245653644509135,,0.03574212619461817,,0.0008921826845200134
TCN3_96b3f76d,TCN3,loso_subject_S016,20,0.002417618407550297,,0.03517659362454143,,0.000880445129246058
TCN3_96b3f76d,TCN3,loso_subject_S016,21,0.0021500585923550845,,0.033490692990353815,,0.0008681980515339459
TCN3_96b3f76d,TCN3,loso_subject_S016,22,0.0022506288355853645,,0.03441879137860118,,0.0008554603354898234
TCN3_96b3f76d,TCN3,loso_subject_S016,23,0.0019057982955095552,,0.03195472586566243,,0.0008422516217485822
TCN3_96b3f76d,TCN3,loso_subject_S016,24,0.002019165927262328,,0.032631837510957204,,0.0008285922771894248
TCN3_96b3f76d,TCN3,loso_subject_S016,25,0.0017164103100446254,,0.030092125195252718,,0.0008145033635316124
TCN3_96b3f76d,TCN3,loso_subject_S016,26,0.0017757498677487835,,0.030622717219916037,,0.0008000066048588205
TCN3_96b3f76d,TCN3,loso_subject_S016,27,0.0018106996997227964,,0.03024393051514922,,0.0007851243541221765
TCN3_96b3f76d,TCN3,loso_subject_S016,28,0.0017053218658745644,,0.029419074024034087,,0.0007698795586736293
TCN3_96b3f76d,TCN3,loso_subject_S016,29,0.0014579891750430237,,0.0277907436378203,,0.0007542957248827956
TCN3_96b3f76d,TCN3,loso_subject_S016,30,0.0014136356999490073,,0.027239925253171787,,0.0007383968818918422
TCN3_96b3f76d,TCN3,loso_subject_S016,31,0.0013028107309850593,,0.026312592016221405,,0.00072220754456429
TCN3_96b3f76d,TCN3,loso_subject_S016,32,0.0015693024730687342,,0.028115302878390123,,0.0007057526756848715
TCN3_96b3f76d,TCN3,loso_subject_S016,33,0.0012745231924787548,,0.02573193103252165,,0.000689057647468726
TCN3_96b3f76d,TCN3,loso_subject_S016,34,0.0013319640956043,,0.026508627996760268,,0.000672148202439283
TCN3_96b3f76d,TCN3,loso_subject_S016,35,0.0011695655551610775,,0.02492365002400998,,0.0006550504137351571
TCN3_96b3f76d,TCN3,loso_subject_S016,36,0.0012238610763492688,,0.025408554261630776,,0.0006377906449072574
TCN3_96b3f76d,TCN3,loso_subject_S016,37,0.001300666126171189,,0.025584695916909105,,0.0006203955092681036
TCN3_96b3f76d,TCN3,loso_subject_S016,38,0.0011298022961077111,,0.023887432047761878,,0.0006028918288560267
TCN3_96b3f76d,TCN3,loso_subject_S016,39,0.001056926725818415,,0.02339455687161994,,0.00058530659307753
TCN3_96b3f76d,TCN3,loso_subject_S016,40,0.0011359492686643837,,0.02398117201899093,,0.0005676669170915806
TCN3_96b3f76d,TCN3,loso_subject_S016,41,0.0012071975648943762,,0.024431101518779533,,0.0005499999999999997
TCN3_96b3f76d,TCN3,loso_subject_S016,42,0.0009721478683726577,,0.022222361908931253,,0.000532333082908419
TCN3_96b3f76d,TCN3,loso_subject_S016,43,0.0009690772029297158,,0.02243098578256225,,0.0005146934069224697
TCN3_96b3f76d,TCN3,loso_subject_S016,44,0.0009796754847245309,,0.022205784430829434,,0.000497108171143973
TCN3_96b3f76d,TCN3,loso_subject_S016,45,0.0009652660001151936,,0.02229384245676609,,0.00047960449073189616
TCN3_96b3f76d,TCN3,loso_subject_S016,46,0.0009205169704819417,,0.021491349183582472,,0.00046220935509274226
TCN3_96b3f76d,TCN3,loso_subject_S016,47,0.0009727773747238674,,0.02225895046379885,,0.00044494958626484254
TCN3_96b3f76d,TCN3,loso_subject_S016,48,0.00094627078164074,,0.02204303079327662,,0.00042785179756071645
TCN3_96b3f76d,TCN3,loso_subject_S016,49,0.0009202038615504017,,0.021708106804097967,,0.0004109423525312737
TCN3_96b3f76d,TCN3,loso_subject_S016,50,0.0009643065310227794,,0.02173026426049653,,0.0003942473243151282
TCN3_96b3f76d,TCN3,loso_subject_S016,51,0.0008749386513756659,,0.020685222197003247,,0.0003777924554357096
TCN3_96b3f76d,TCN3,loso_subject_S016,52,0.0008805162593767978,,0.02118228550511068,,0.0003616031181081575
TCN3_96b3f76d,TCN3,loso_subject_S016,53,0.0008697691660093035,,0.02083829272010251,,0.000345704275117204
TCN3_96b3f76d,TCN3,loso_subject_S016,54,0.0008568137093433917,,0.02055806044146751,,0.00033012044132637024
TCN3_96b3f76d,TCN3,loso_subject_S016,55,0.0008015617589237021,,0.020224228628772555,,0.00031487564587782306
TCN3_96b3f76d,TCN3,loso_subject_S016,56,0.0007740071390154125,,0.01990582468730707,,0.00029999339514117897
TCN3_96b3f76d,TCN3,loso_subject_S016,57,0.0007536619702579816,,0.019523781005732734,,0.0002854966364683872
TCN3_96b3f76d,TCN3,loso_subject_S016,58,0.0007914967158734777,,0.020149949661011315,,0.0002714077228105749
TCN3_96b3f76d,TCN3,loso_subject_S016,59,0.0007240982470635911,,0.019201705599499116,,0.00025774837825141746
TCN3_96b3f76d,TCN3,loso_subject_S016,60,0.0007532541215485656,,0.019315247074262097,,0.0002445396645101764
TCN3_96b3f76d,TCN3,loso_subject_S016,61,0.0008024656727276019,,0.019630913770382008,,0.0002318019484660537
TCN3_96b3f76d,TCN3,loso_subject_S016,62,0.0006338880524562041,,0.018081915508399462,,0.00021955487075394156
TCN3_96b3f76d,TCN3,loso_subject_S016,63,0.0007383642581764854,,0.019011847630562247,,0.0002078173154799862
TCN3_96b3f76d,TCN3,loso_subject_S016,64,0.0007296707516418115,,0.01879508097170833,,0.00019660738110366478
TCN3_96b3f76d,TCN3,loso_subject_S016,65,0.0007077219799348895,,0.018380493694680363,,0.00018594235253127373
TCN3_96b3f76d,TCN3,loso_subject_S016,66,0.0006639005846977688,,0.018628009249072517,,0.00017583867446385477
TCN3_96b3f76d,TCN3,loso_subject_S016,67,0.0006948751094663302,,0.01836388818401207,,0.00016631192604065853
TCN3_96b3f76d,TCN3,loso_subject_S016,68,0.000687102698543449,,0.01846749272125118,,0.00015737679681724137
TCN3_96b3f76d,TCN3,loso_subject_S016,69,0.0006641632281948572,,0.018531576602048166,,0.0001490470641152345
TCN3_96b3f76d,TCN3,loso_subject_S016,70,0.0007044277065306649,,0.01858545711253753,,0.00014133557177871338
TCN3_96b3f76d,TCN3,loso_subject_S016,71,0.0005891095180195132,,0.017773408441655564,,0.00013425421036992097
TCN3_96b3f76d,TCN3,loso_subject_S016,72,0.000682889145424184,,0.018202065420249262,,0.00012781389883488212
TCN3_96b3f76d,TCN3,loso_subject_S016,73,0.0006247057522701493,,0.01769978638277188,,0.0001220245676671809
TCN3_96b3f76d,TCN3,loso_subject_S016,74,0.0006661575818723287,,0.018017389357660292,,0.00011689514359585877
TCN3_96b3f76d,TCN3,loso_subject_S016,75,0.00063510247749968,,0.017919162425481777,,0.00011243353582104555
TCN3_96b3f76d,TCN3,loso_subject_S016,76,0.0006109876547046016,,0.017461679794842627,,0.0001086466238185463
TCN3_96b3f76d,TCN3,loso_subject_S016,77,0.0006474894372316061,,0.017508979450136845,,0.00010554024673218805
TCN3_96b3f76d,TCN3,loso_subject_S016,78,0.0006123470720273644,,0.017360099978263255,,0.00010311919437028317
TCN3_96b3f76d,TCN3,loso_subject_S016,79,0.0006049178848385343,,0.01722649311083543,,0.00010138719982009242
TCN3_96b3f76d,TCN3,loso_subject_S016,80,0.0006651057849661657,,0.017864179854446233,,0.0001003469336916747
TCN3_96b3f76d,TCN3,loso_subject_S017,1,0.2356743426596532,,0.34711812474967724,,0.001
TCN3_96b3f76d,TCN3,loso_subject_S017,2,0.056493156487056745,,0.17547774772035432,,0.0009996530663083252
TCN3_96b3f76d,TCN3,loso_subject_S017,3,0.03249452106078838,,0.13325035922770198,,0.0009986128001799074
TCN3_96b3f76d,TCN3,loso_subject_S017,4,0.021189097345608178,,0.10863973734250393,,0.0009968808056297167
TCN3_96b3f76d,TCN3,loso_subject_S017,5,0.0157334210887656,,0.09411749395539666,,0.0009944597532678117
TCN3_96b3f76d,TCN3,loso_subject_S017,6,0.01246205847317776,,0.08266575625755189,,0.0009913533761814533
TCN3_96b3f76d,TCN3,loso_subject_S017,7,0.009336463827857926,,0.07102044188445848,,0.000987566464178954
TCN3_96b3f76d,TCN3,loso_subject_S017,8,0.00789866215643196,,0.06586799757507143,,0.0009831048564041408
TCN3_96b3f76d,TCN3,loso_subject_S017,9,0.006917427834864941,,0.061175078869005556,,0.0009779754323328187
TCN3_96b3f76d,TCN3,loso_subject_S017,10,0.006185252917385213,,0.057577430634853155,,0.0009721861011651174
TCN3_96b3f76d,TCN3,loso_subject_S017,11,0.005262967431372516,,0.05265140362450334,,0.0009657457896300785
TCN3_96b3f76d,TCN3,loso_subject_S017,12,0.004847427727589144,,0.050681926458376075,,0.000958664428221286
TCN3_96b3f76d,TCN3,loso_subject_S017,13,0.004203501997724944,,0.04718521602050482,,0.000950952935884765
TCN3_96b3f76d,TCN3,loso_subject_S017,14,0.004621615762052407,,0.04864822516536266,,0.0009426232031827582
TCN3_96b3f76d,TCN3,loso_subject_S017,15,0.0035860803707849576,,0.043452013353762635,,0.0009336880739593409
TCN3_96b3f76d,TCN3,loso_subject_S017,16,0.003294005063067973,,0.041833717236404395,,0.0009241613255361449
TCN3_96b3f76d,TCN3,loso_subject_S017,17,0.0029260604593257227,,0.03945174021973543,,0.0009140576474687258
TCN3_96b3f76d,TCN3,loso_subject_S017,18,0.0027436360949105137,,0.03763589222830408,,0.0009033926188963346
TCN3_96b3f76d,TCN3,loso_subject_S017,19,0.0026841690552266055,,0.03725804844805731,,0.0008921826845200134
TCN3_96b3f76d,TCN3,loso_subject_S017,20,0.0027878423771042315,,0.03789413522326974,,0.000880445129246058
TCN3_96b3f76d,TCN3,loso_subject_S017,21,0.0022708424064385286,,0.03462115706618552,,0.0008681980515339459
TCN3_96b3f76d,TCN3,loso_subject_S017,22,0.0021843233596167116,,0.03417133458778786,,0.0008554603354898234
TCN3_96b3f76d,TCN3,loso_subject_S017,23,0.0020420510682824834,,0.03282258028831917,,0.0008422516217485822
TCN3_96b3f76d,TCN3,loso_subject_S017,24,0.001934595125240974,,0.031976466200181415,,0.0008285922771894248
TCN3_96b3f76d,TCN3,loso_subject_S017,25,0.0021141880321091768,,0.03261118722464497,,0.0008145033635316124
TCN3_96b3f76d,TCN3,loso_subject_S017,26,0.0018890569059056093,,0.031438048348807895,,0.0008000066048588205
TCN3_96b3f76d,TCN3,loso_subject_S017,27,0.0017641689922808903,,0.029812085514220755,,0.0007851243541221765
TCN3_96b3f76d,TCN3,loso_subject_S017,28,0.0017013778837519835,,0.029953372016967877,,0.0007698795586736293
TCN3_96b3f76d,TCN3,loso_subject_S017,29,0.001537113312514067,,0.02860760918231703,,0.0007542957248827956
TCN3_96b3f76d,TCN3,loso_subject_S017,30,0.0018259321720572733,,0.03096768469822351,,0.0007383968818918422
TCN3_96b3f76d,TCN3,loso_subject_S017,31,0.0014761947299870696,,0.027194028580670333,,0.00072220754456429
TCN3_96b3f76d,TCN3,loso_subject_S017,32,0.0014123501561050995,,0.02638951977344112,,0.0007057526756848715
TCN3_96b3f76d,TCN3,loso_subject_S017,33,0.001426143021828798,,0.027105877254446162,,0.000689057647468726
TCN3_96b3f76d,TCN3,loso_subject_S017,34,0.00144126270439659,,0.026809803818721122,,0.000672148202439283
TCN3_96b3f76d,TCN3,loso_subject_S017,35,0.0013876344622287297,,0.026641210008944784,,0.0006550504137351571
TCN3_96b3f76d,TCN3,loso_subject_S017,36,0.0013536432983170523,,0.026155692265659083,,0.0006377906449072574
TCN3_96b3f76d,TCN3,loso_subject_S017,37,0.0011859902866954634,,0.02511184494637075,,0.0006203955092681036
TCN3_96b3f76d,TCN3,loso_subject_S017,38,0.0011840165795570794,,0.024818321716136342,,0.0006028918288560267
TCN3_96b3f76d,TCN3,loso_subject_S017,39,0.0011424605646857718,,0.024546321328790463,,0.00058530659307753
TCN3_96b3f76d,TCN3,loso_subject_S017,40,0.00116384796884382,,0.02455007694050914,,0.0005676669170915806
TCN3_96b3f76d,TCN3,loso_subject_S017,41,0.0010602625442147516,,0.02341700456513035,,0.0005499999999999997
TCN3_96b3f76d,TCN3,loso_subject_S017,42,0.0010774267616025248,,0.02328959194642319,,0.000532333082908419
TCN3_96b3f76d,TCN3,loso_subject_S017,43,0.0010569657095346983,,0.023291672612660384,,0.0005146934069224697
TCN3_96b3f76d,TCN3,loso_subject_S017,44,0.0009949102067275178,,0.02286568620357776,,0.000497108171143973
TCN3_96b3f76d,TCN3,loso_subject_S017,45,0.0009652902211326522,,0.0222749831482105,,0.00047960449073189616
TCN3_96b3f76d,TCN3,loso_subject_S017,46,0.0009274133348175537,,0.022295110342060095,,0.00046220935509274226
TCN3_96b3f76d,TCN3,loso_subject_S017,47,0.0009640938586302415,,0.022529664224742167,,0.00044494958626484254
TCN3_96b3f76d,TCN3,loso_subject_S017,48,0.0009167921087738406,,0.021867024195347792,,0.00042785179756071645
TCN3_96b3f76d,TCN3,loso_subject_S017,49,0.0009167020867411833,,0.02177382600591878,,0.0004109423525312737
TCN3_96b3f76d,TCN3,loso_subject_S017,50,0.0008973162215032923,,0.021264350281666258,,0.0003942473243151282
TCN3_96b3f76d,TCN3,loso_subject_S017,51,0.0008818733761364058,,0.02102001407456342,,0.0003777924554357096
TCN3_96b3f76d,TCN3,loso_subject_S017,52,0.0008931202700566631,,0.021267572182298265,,0.0003616031181081575
TCN3_96b3f76d,TCN3,loso_subject_S017,53,0.0008774130780738397,,0.02104262826174707,,0.000345704275117204
TCN3_96b3f76d,TCN3,loso_subject_S017,54,0.0008702056190169108,,0.020619858863307666,,0.00033012044132637024
TCN3_96b3f76d,TCN3,loso_subject_S017,55,0.0008320463515940259,,0.020712441609915023,,0.00031487564587782306
TCN3_96b3f76d,TCN3,loso_subject_S017,56,0.0007756394192367025,,0.019948008838840334,,0.00029999339514117897
TCN3_96b3f76d,TCN3,loso_subject_S017,57,0.0008151176663942251,,0.0203926715589798,,0.0002854966364683872
TCN3_96b3f76d,TCN3,loso_subject_S017,58,0.0008446595187689368,,0.020460705532402288,,0.0002714077228105749
TCN3_96b3f76d,TCN3,loso_subject_S017,59,0.0007810362380770073,,0.01987378142198299,,0.00025774837825141746
TCN3_96b3f76d,TCN3,loso_subject_S017,60,0.000775088972561454,,0.019753241863546663,,0.0002445396645101764
TCN3_96b3f76d,TCN3,loso_subject_S017,61,0.0007270389039939667,,0.019397993469545377,,0.0002318019484660537
TCN3_96b3f76d,TCN3,loso_subject_S017,62,0.0007273064907454827,,0.01939941410071258,,0.00021955487075394156
TCN3_96b3f76d,TCN3,loso_subject_S017,63,0.000721848850624867,,0.019159613587223952,,0.0002078173154799862
TCN3_96b3f76d,TCN3,loso_subject_S017,64,0.0006937617320181318,,0.019016489395282866,,0.00019660738110366478
TCN3_96b3f76d,TCN3,loso_subject_S017,65,0.0006828476577114959,,0.018703820005024345,,0.00018594235253127373
TCN3_96b3f76d,TCN3,loso_subject_S017,66,0.0006806713656933468,,0.018905394802205874,,0.00017583867446385477
TCN3_96b3f76d,TCN3,loso_subject_S017,67,0.0006766533010161593,,0.01847683507033059,,0.00016631192604065853
TCN3_96b3f76d,TCN3,loso_subject_S017,68,0.0006827566124099706,,0.01893034127630311,,0.00015737679681724137
TCN3_96b3f76d,TCN3,loso_subject_S017,69,0.0006812943041486015,,0.018884449529808355,,0.0001490470641152345
TCN3_96b3f76d,TCN3,loso_subject_S017,70,0.0006696746306465524,,0.018569793512900765,,0.00014133557177871338
TCN3_96b3f76d,TCN3,loso_subject_S017,71,0.0006332451557937957,,0.018035712789316646,,0.00013425421036992097
TCN3_96b3f76d,TCN3,loso_subject_S017,72,0.0006320749762423328,,0.01805632668536427,,0.00012781389883488212
TCN3_96b3f76d,TCN3,loso_subject_S017,73,0.0006517545696057867,,0.01826507954550711,,0.0001220245676671809
TCN3_96b3f76d,TCN3,loso_subject_S017,74,0.0006341756601213746,,0.017863725000159245,,0.00011689514359585877
TCN3_96b3f76d,TCN3,loso_subject_S017,75,0.0006196753894015972,,0.0181159964943658,,0.00011243353582104555
TCN3_96b3f76d,TCN3,loso_subject_S017,76,0.000672355993673755,,0.01806734805486102,,0.0001086466238185463
TCN3_96b3f76d,TCN3,loso_subject_S017,77,0.0005902684455496461,,0.017906052221825446,,0.00010554024673218805
TCN3_96b3f76d,TCN3,loso_subject_S017,78,0.0006253168284587684,,0.01799057590048891,,0.00010311919437028317
TCN3_96b3f76d,TCN3,loso_subject_S017,79,0.0006413248036219247,,0.01786234628505115,,0.00010138719982009242
TCN3_96b3f76d,TCN3,loso_subject_S017,80,0.000678078923047252,,0.01819801062293159,,0.0001003469336916747
TCN3_96b3f76d,TCN3,loso_subject_S018,1,0.22577973487432937,,0.34310036036703323,,0.001
TCN3_96b3f76d,TCN3,loso_subject_S018,2,0.04915667361857598,,0.16564736458641743,,0.0009996530663083252
TCN3_96b3f76d,TCN3,loso_subject_S018,3,0.026493691073523628,,0.12487100885625471,,0.0009986128001799074
TCN3_96b3f76d,TCN3,loso_subject_S018,4,0.018044132395097386,,0.10014937613268345,,0.0009968808056297167
TCN3_96b3f76d,TCN3,loso_subject_S018,5,0.013408460707147742,,0.08608557118309869,,0.0009944597532678117
TCN3_96b3f76d,TCN3,loso_subject_S018,6,0.010648030540987587,,0.07773261839709086,,0.0009913533761814533
TCN3_96b3f76d,TCN3,loso_subject_S018,7,0.00890815636219337,,0.06965437078336525,,0.000987566464178954
TCN3_96b3f76d,TCN3,loso_subject_S018,8,0.00717765014368104,,0.06234360396077759,,0.0009831048564041408
TCN3_96b3f76d,TCN3,loso_subject_S018,9,0.006226118456855503,,0.05785915182347883,,0.0009779754323328187
TCN3_96b3f76d,TCN3,loso_subject_S018,10,0.005115443599895079,,0.05332379375110593,,0.0009721861011651174
TCN3_96b3f76d,TCN3,loso_subject_S018,11,0.004877629699403344,,0.0512888793490435,,0.0009657457896300785
TCN3_96b3f76d,TCN3,loso_subject_S018,12,0.004632527822606832,,0.048535558973488054,,0.000958664428221286
TCN3_96b3f76d,TCN3,loso_subject_S018,13,0.003762548626809005,,0.045053352310992126,,0.000950952935884765
TCN3_96b3f76d,TCN3,loso_subject_S018,14,0.0034746637134894466,,0.04263439213759021,,0.0009426232031827582
TCN3_96b3f76d,TCN3,loso_subject_S018,15,0.0033294661746670804,,0.0416654805995916,,0.0009336880739593409
TCN3_96b3f76d,TCN3,loso_subject_S018,16,0.0031999659490341333,,0.040104551783256365,,0.0009241613255361449
TCN3_96b3f76d,TCN3,loso_subject_S018,17,0.0026565579199150464,,0.037295630569869315,,0.0009140576474687258
TCN3_96b3f76d,TCN3,loso_subject_S018,18,0.0026171917011362246,,0.03701490012612956,,0.0009033926188963346
TCN3_96b3f76d,TCN3,loso_subject_S018,19,0.0024353043149002115,,0.036525839719681714,,0.0008921826845200134
TCN3_96b3f76d,TCN3,loso_subject_S018,20,0.002449116691108248,,0.03547654784126589,,0.000880445129246058
TCN3_96b3f76d,TCN3,loso_subject_S018,21,0.0021349140028986665,,0.03310857830427544,,0.0008681980515339459
TCN3_96b3f76d,TCN3,loso_subject_S018,22,0.0019643443945675477,,0.032757632697970544,,0.0008554603354898234
TCN3_96b3f76d,TCN3,loso_subject_S018,23,0.001893733344204201,,0.031623802037789805,,0.0008422516217485822
TCN3_96b3f76d,TCN3,loso_subject_S018,24,0.00173077404006161,,0.030243920395423098,,0.0008285922771894248
TCN3_96b3f76d,TCN3,loso_subject_S018,25,0.001751153404846221,,0.03045639430134617,,0.0008145033635316124
TCN3_96b3f76d,TCN3,loso_subject_S018,26,0.0016661174148756858,,0.029716849255195837,,0.0008000066048588205
TCN3_96b3f76d,TCN3,loso_subject_S018,27,0.0015806330192278614,,0.028697686365734765,,0.0007851243541221765
TCN3_96b3f76d,TCN3,loso_subject_S018,28,0.0015067770366409892,,0.027821203351717942,,0.0007698795586736293
TCN3_96b3f76d,TCN3,loso_subject_S018,29,0.0014565773330743245,,0.027734958217070813,,0.0007542957248827956
TCN3_96b3f76d,TCN3,loso_subject_S018,30,0.0013571973829475715,,0.02667671465995716,,0.0007383968818918422
TCN3_96b3f76d,TCN3,loso_subject_S018,31,0.001401224846023064,,0.02693817334696215,,0.00072220754456429
TCN3_96b3f76d,TCN3,loso_subject_S018,32,0.0014339911204092858,,0.02748635179030965,,0.0007057526756848715
TCN3_96b3f76d,TCN3,loso_subject_S018,33,0.001355348823643807,,0.02635370021936489,,0.000689057647468726
TCN3_96b3f76d,TCN3,loso_subject_S018,34,0.0013220442426309252,,0.026661978239378735,,0.000672148202439283
TCN3_96b3f76d,TCN3,loso_subject_S018,35,0.0012565844153103075,,0.0259599714817708,,0.0006550504137351571
TCN3_96b3f76d,TCN3,loso_subject_S018,36,0.0011958907193596862,,0.024935423073015713,,0.0006377906449072574
TCN3_96b3f76d,TCN3,loso_subject_S018,37,0.0011415061044604763,,0.024157034647133615,,0.0006203955092681036
TCN3_96b3f76d,TCN3,loso_subject_S018,38,0.001307688890656794,,0.026014011512287178,,0.0006028918288560267
TCN3_96b3f76d,TCN3,loso_subject_S018,39,0.0011936215866269948,,0.025632089171667545,,0.00058530659307753
TCN3_96b3f76d,TCN3,loso_subject_S018,40,0.001089453072101967,,0.02404856067695464,,0.0005676669170915806
TCN3_96b3f76d,TCN3,loso_subject_S018,41,0.0009864807112567257,,0.022768621323140045,,0.0005499999999999997
TCN3_96b3f76d,TCN3,loso_subject_S018,42,0.0009925900725647808,,0.022794393199490524,,0.000532333082908419
TCN3_96b3f76d,TCN3,loso_subject_S018,43,0.0009399350983096145,,0.022337076603843455,,0.0005146934069224697
TCN3_96b3f76d,TCN3,loso_subject_S018,44,0.0010392753608873364,,0.02340620626744471,,0.000497108171143973
TCN3_96b3f76d,TCN3,loso_subject_S018,45,0.0009493536270926135,,0.022470637925012766,,0.00047960449073189616
TCN3_96b3f76d,TCN3,loso_subject_S018,46,0.0009546959428225606,,0.0221834425405975,,0.00046220935509274226
TCN3_96b3f76d,TCN3,loso_subject_S018,47,0.000935651300058357,,0.022279556912549753,,0.00044494958626484254
TCN3_96b3f76d,TCN3,loso_subject_S018,48,0.0008603934486592678,,0.021057756968408996,,0.00042785179756071645
TCN3_96b3f76d,TCN3,loso_subject_S018,49,0.0008509214614158529,,0.021263266555224244,,0.0004109423525312737
TCN3_96b3f76d,TCN3,loso_subject_S018,50,0.0007986218895223972,,0.020931614068342232,,0.0003942473243151282
TCN3_96b3f76d,TCN3,loso_subject_S018,51,0.0008030919071521109,,0.020299681066943888,,0.0003777924554357096
TCN3_96b3f76d,TCN3,loso_subject_S018,52,0.0008175807173107887,,0.020722287984793645,,0.0003616031181081575
TCN3_96b3f76d,TCN3,loso_subject_S018,53,0.0007470979409738939,,0.019842574462207437,,0.000345704275117204
TCN3_96b3f76d,TCN3,loso_subject_S018,54,0.000715454871499399,,0.019755046886571665,,0.00033012044132637024
TCN3_96b3f76d,TCN3,loso_subject_S018,55,0.0006952061098646264,,0.01928750578727987,,0.00031487564587782306
TCN3_96b3f76d,TCN3,loso_subject_S018,56,0.0006881230281004192,,0.01899835003529027,,0.00029999339514117897
TCN3_96b3f76d,TCN3,loso_subject_S018,57,0.000732477290395168,,0.0191334637284976,,0.0002854966364683872
TCN3_96b3f76d,TCN3,loso_subject_S018,58,0.0007011990401926532,,0.01892518907001144,,0.0002714077228105749
TCN3_96b3f76d,TCN3,loso_subject_S018,59,0.0007026640424975984,,0.019032203728518292,,0.00025774837825141746
TCN3_96b3f76d,TCN3,loso_subject_S018,60,0.0006691714671129982,,0.018472684190025804,,0.0002445396645101764
TCN3_96b3f76d,TCN3,loso_subject_S018,61,0.0006565671087697431,,0.018627512294864444,,0.0002318019484660537
TCN3_96b3f76d,TCN3,loso_subject_S018,62,0.0006242594506036033,,0.018257531186032017,,0.00021955487075394156
TCN3_96b3f76d,TCN3,loso_subject_S018,63,0.0006613065949872637,,0.01861302260396599,,0.0002078173154799862
TCN3_96b3f76d,TCN3,loso_subject_S018,64,0.0006445922998422811,,0.018440504027911794,,0.00019660738110366478
TCN3_96b3f76d,TCN3,loso_subject_S018,65,0.0006018955628142545,,0.018039980529649564,,0.00018594235253127373
TCN3_96b3f76d,TCN3,loso_subject_S018,66,0.000634326574280967,,0.018006281818301356,,0.00017583867446385477
TCN3_96b3f76d,TCN3,loso_subject_S018,67,0.0005858896164719168,,0.017812573799743638,,0.00016631192604065853
TCN3_96b3f76d,TCN3,loso_subject_S018,68,0.0006155833554976996,,0.017946149452387938,,0.00015737679681724137
TCN3_96b3f76d,TCN3,loso_subject_S018,69,0.0006031424922280405,,0.017824396765545796,,0.0001490470641152345
TCN3_96b3f76d,TCN3,loso_subject_S018,70,0.0005959806255778374,,0.017822935068380764,,0.00014133557177871338
TCN3_96b3f76d,TCN3,loso_subject_S018,71,0.0006155087288512647,,0.017722763530692163,,0.00013425421036992097
TCN3_96b3f76d,TCN3,loso_subject_S018,72,0.0005583485457719418,,0.017452208702152933,,0.00012781389883488212
TCN3_96b3f76d,TCN3,loso_subject_S018,73,0.0006163346681237351,,0.01752723289969546,,0.0001220245676671809
TCN3_96b3f76d,TCN3,loso_subject_S018,74,0.0006285100740963343,,0.01775505629460714,,0.00011689514359585877
TCN3_96b3f76d,TCN3,loso_subject_S018,75,0.0006270379073133594,,0.017624690982769108,,0.00011243353582104555
TCN3_96b3f76d,TCN3,loso_subject_S018,76,0.000623303598673927,,0.01785202910851317,,0.0001086466238185463
TCN3_96b3f76d,TCN3,loso_subject_S018,77,0.0006285064935763175,,0.01768512898696619,,0.00010554024673218805
TCN3_96b3f76d,TCN3,loso_subject_S018,78,0.0005483030762294667,,0.01711779965294732,,0.00010311919437028317
TCN3_96b3f76d,TCN3,loso_subject_S018,79,0.0006044486743174712,,0.017614744178820075,,0.00010138719982009242
TCN3_96b3f76d,TCN3,loso_subject_S018,80,0.0005668755195223405,,0.017415910105259096,,0.0001003469336916747
TCN3_96b3f76d,TCN3,loso_subject_S019,1,0.24041416133165072,,0.355940311823788,,0.001
TCN3_96b3f76d,TCN3,loso_subject_S019,2,0.05454263305757476,,0.17578419678321872,,0.0009996530663083252
TCN3_96b3f76d,TCN3,loso_subject_S019,3,0.03336578856136441,,0.137117483000248,,0.0009986128001799074
TCN3_96b3f76d,TCN3,loso_subject_S019,4,0.02297264670042603,,0.11429851670592861,,0.0009968808056297167
TCN3_96b3f76d,TCN3,loso_subject_S019,5,0.017890864236571116,,0.09858773590804872,,0.0009944597532678117
TCN3_96b3f76d,TCN3,loso_subject_S019,6,0.013405674444809062,,0.08719111780505212,,0.0009913533761814533
TCN3_96b3f76d,TCN3,loso_subject_S019,7,0.011116471987570209,,0.0795581592016726,,0.000987566464178954
TCN3_96b3f76d,TCN3,loso_subject_S019,8,0.009192886131334514,,0.07155968566358341,,0.0009831048564041408
TCN3_96b3f76d,TCN3,loso_subject_S019,9,0.008300901225848306,,0.06787213809325654,,0.0009779754323328187
TCN3_96b3f76d,TCN3,loso_subject_S019,10,0.007171953692324931,,0.06294523730128554,,0.0009721861011651174
TCN3_96b3f76d,TCN3,loso_subject_S019,11,0.0059799688698127735,,0.05793135608712042,,0.0009657457896300785
TCN3_96b3f76d,TCN3,loso_subject_S019,12,0.005437583946064339,,0.05403532255092897,,0.000958664428221286
TCN3_96b3f76d,TCN3,loso_subject_S019,13,0.005157766876053997,,0.052709165347527856,,0.000950952935884765
TCN3_96b3f76d,TCN3,loso_subject_S019,14,0.004364370130538051,,0.04863551682767342,,0.0009426232031827582
TCN3_96b3f76d,TCN3,loso_subject_S019,15,0.0038999652946418383,,0.046230089148442524,,0.0009336880739593409
TCN3_96b3f76d,TCN3,loso_subject_S019,16,0.0037395672739616464,,0.04499051089815665,,0.0009241613255361449
TCN3_96b3f76d,TCN3,loso_subject_S019,17,0.003296515748444821,,0.04209150138382383,,0.0009140576474687258
TCN3_96b3f76d,TCN3,loso_subject_S019,18,0.003235299629173306,,0.04195555496675699,,0.0009033926188963346
TCN3_96b3f76d,TCN3,loso_subject_S019,19,0.0030120070999844146,,0.04008475974687185,,0.0008921826845200134
TCN3_96b3f76d,TCN3,loso_subject_S019,20,0.0026957574123634568,,0.03821707099918647,,0.000880445129246058
TCN3_96b3f76d,TCN3,loso_subject_S019,21,0.002715943835904758,,0.038061985969453635,,0.0008681980515339459
TCN3_96b3f76d,TCN3,loso_subject_S019,22,0.0023839340056559365,,0.03561361111821792,,0.0008554603354898234
TCN3_96b3f76d,TCN3,loso_subject_S019,23,0.002382788320440819,,0.035779451526984384,,0.0008422516217485822
TCN3_96b3f76d,TCN3,loso_subject_S019,24,0.0024401623081481013,,0.03507721615419681,,0.0008285922771894248
TCN3_96b3f76d,TCN3,loso_subject_S019,25,0.002277074873895396,,0.03485818793115809,,0.0008145033635316124
TCN3_96b3f76d,TCN3,loso_subject_S019,26,0.0020145291884695283,,0.032686530420979944,,0.0008000066048588205
TCN3_96b3f76d,TCN3,loso_subject_S019,27,0.001893485031630159,,0.03137710743492234,,0.0007851243541221765
TCN3_96b3f76d,TCN3,loso_subject_S019,28,0.0018851987637507584,,0.03138151477108417,,0.0007698795586736293
TCN3_96b3f76d,TCN3,loso_subject_S019,29,0.0018314332589692357,,0.03092639542096634,,0.0007542957248827956
TCN3_96b3f76d,TCN3,loso_subject_S019,30,0.0017474289186918605,,0.030778855116809972,,0.0007383968818918422
TCN3_96b3f76d,TCN3,loso_subject_S019,31,0.001553098490726115,,0.028744103687895643,,0.00072220754456429
TCN3_96b3f76d,TCN3,loso_subject_S019,32,0.001594539866892193,,0.028571416887175686,,0.0007057526756848715
TCN3_96b3f76d,TCN3,loso_subject_S019,33,0.0014676393486611039,,0.02797897523712544,,0.000689057647468726
TCN3_96b3f76d,TCN3,loso_subject_S019,34,0.001514868987465952,,0.028619500803365415,,0.000672148202439283
TCN3_96b3f76d,TCN3,loso_subject_S019,35,0.0013481521266167328,,0.026894802667734995,,0.0006550504137351571
TCN3_96b3f76d,TCN3,loso_subject_S019,36,0.0014669813531927535,,0.027489132055313274,,0.0006377906449072574
TCN3_96b3f76d,TCN3,loso_subject_S019,37,0.0013996720975186314,,0.02676907978893548,,0.0006203955092681036
TCN3_96b3f76d,TCN3,loso_subject_S019,38,0.001258641463786368,,0.025308455383790195,,0.0006028918288560267
TCN3_96b3f76d,TCN3,loso_subject_S019,39,0.0012609141383299323,,0.025398674457501835,,0.00058530659307753
TCN3_96b3f76d,TCN3,loso_subject_S019,40,0.0012142133137386353,,0.025343066453035513,,0.0005676669170915806
TCN3_96b3f76d,TCN3,loso_subject_S019,41,0.001230377007834108,,0.02542551348323812,,0.0005499999999999997
TCN3_96b3f76d,TCN3,loso_subject_S019,42,0.0011464863083133897,,0.023975066180470624,,0.000532333082908419
TCN3_96b3f76d,TCN3,loso_subject_S019,43,0.001108721155948901,,0.023985857333743192,,0.0005146934069224697
TCN3_96b3f76d,TCN3,loso_subject_S019,44,0.0011179151847557742,,0.023785106028245472,,0.000497108171143973
TCN3_96b3f76d,TCN3,loso_subject_S019,45,0.0010263183378856437,,0.023313964383071484,,0.00047960449073189616
TCN3_96b3f76d,TCN3,loso_subject_S019,46,0.001049762726870869,,0.023170481128881967,,0.00046220935509274226
TCN3_96b3f76d,TCN3,loso_subject_S019,47,0.0009698798629326714,,0.022691545101930177,,0.00044494958626484254
TCN3_96b3f76d,TCN3,loso_subject_S019,48,0.001102061235658025,,0.023425124847229667,,0.00042785179756071645
TCN3_96b3f76d,TCN3,loso_subject_S019,49,0.0010274528211960598,,0.02289055403369137,,0.0004109423525312737
TCN3_96b3f76d,TCN3,loso_subject_S019,50,0.0009654888997894092,,0.02208375609679133,,0.0003942473243151282
TCN3_96b3f76d,TCN3,loso_subject_S019,51,0.0009621394161840047,,0.02184975164200866,,0.0003777924554357096
TCN3_96b3f76d,TCN3,loso_subject_S019,52,0.0009290117472132321,,0.022001583396382474,,0.0003616031181081575
TCN3_96b3f76d,TCN3,loso_subject_S019,53,0.0008702513007750267,,0.021243665761450748,,0.000345704275117204
TCN3_96b3f76d,TCN3,loso_subject_S019,54,0.0008581521946963792,,0.021061881895010338,,0.00033012044132637024
TCN3_96b3f76d,TCN3,loso_subject_S019,55,0.0008238513461095767,,0.020860931459385418,,0.00031487564587782306
TCN3_96b3f76d,TCN3,loso_subject_S019,56,0.000858209769125307,,0.021427687114938834,,0.00029999339514117897
TCN3_96b3f76d,TCN3,loso_subject_S019,57,0.0008170824842693115,,0.02073496011337866,,0.0002854966364683872
TCN3_96b3f76d,TCN3,loso_subject_S019,58,0.0008613270805107857,,0.020910933505992994,,0.0002714077228105749
TCN3_96b3f76d,TCN3,loso_subject_S019,59,0.0007999218360230668,,0.0206112153783234,,0.00025774837825141746
TCN3_96b3f76d,TCN3,loso_subject_S019,60,0.0009093662966904469,,0.020994970279691303,,0.0002445396645101764
TCN3_96b3f76d,TCN3,loso_subject_S019,61,0.0007885190137033814,,0.020115219007205216,,0.0002318019484660537
TCN3_96b3f76d,TCN3,loso_subject_S019,62,0.0007483240902831417,,0.01967895093400339,,0.00021955487075394156
TCN3_96b3f76d,TCN3,loso_subject_S019,63,0.0007847173280253021,,0.019814989158480623,,0.0002078173154799862
TCN3_96b3f76d,TCN3,loso_subject_S019,64,0.000814010344484721,,0.019570185621552542,,0.00019660738110366478
TCN3_96b3f76d,TCN3,loso_subject_S019,65,0.0008155449203803861,,0.019928574783254847,,0.00018594235253127373
TCN3_96b3f76d,TCN3,loso_subject_S019,66,0.0006991480556448597,,0.019045830253486967,,0.00017583867446385477
TCN3_96b3f76d,TCN3,loso_subject_S019,67,0.0007813188635153026,,0.019567412618972078,,0.00016631192604065853
TCN3_96b3f76d,TCN3,loso_subject_S019,68,0.0007366160865656408,,0.019439043848808447,,0.00015737679681724137
TCN3_96b3f76d,TCN3,loso_subject_S019,69,0.0007629710536044835,,0.019318613236643162,,0.0001490470641152345
TCN3_96b3f76d,TCN3,loso_subject_S019,70,0.0007143597193079147,,0.01906874170723344,,0.00014133557177871338
TCN3_96b3f76d,TCN3,loso_subject_S019,71,0.00070018562586639,,0.018999959715496638,,0.00013425421036992097
TCN3_96b3f76d,TCN3,loso_subject_S019,72,0.0007320150545354194,,0.01896704896844389,,0.00012781389883488212
TCN3_96b3f76d,TCN3,loso_subject_S019,73,0.0007117252375575758,,0.018743952086185244,,0.0001220245676671809
TCN3_96b3f76d,TCN3,loso_subject_S019,74,0.0006696444155363172,,0.018452566247287465,,0.00011689514359585877
TCN3_96b3f76d,TCN3,loso_subject_S019,75,0.0007524700638374416,,0.019013483645400057,,0.00011243353582104555
TCN3_96b3f76d,TCN3,loso_subject_S019,76,0.0006748665163614588,,0.018568881835076663,,0.0001086466238185463
TCN3_96b3f76d,TCN3,loso_subject_S019,77,0.0006758446807705311,,0.01851635762154068,,0.00010554024673218805
TCN3_96b3f76d,TCN3,loso_subject_S019,78,0.0007400610159988268,,0.01895514835904994,,0.00010311919437028317
TCN3_96b3f76d,TCN3,loso_subject_S019,79,0.000681440355065332,,0.01858932676603271,,0.00010138719982009242
TCN3_96b3f76d,TCN3,loso_subject_S019,80,0.000616150118912738,,0.01770198004429171,,0.0001003469336916747
