model_id,architecture_id,fold_id,epoch,train_loss,val_loss,train_mae,val_mae,lr
TCN3_e236b6c6,TCN3,loso_subject_S001,1,0.2547087910863542,,0.3539237872753649,,0.001
TCN3_e236b6c6,TCN3,loso_subject_S001,2,0.048547756857347066,,0.16445813649093982,,0.0009996530663083252
TCN3_e236b6c6,TCN3,loso_subject_S001,3,0.02867272236385823,,0.12774696389051354,,0.0009986128001799074
TCN3_e236b6c6,TCN3,loso_subject_S001,4,0.020224590522726786,,0.1046268302974715,,0.0009968808056297167
TCN3_e236b6c6,TCN3,loso_subject_S001,5,0.01447654275226356,,0.09042623329013366,,0.0009944597532678117
TCN3_e236b6c6,TCN3,loso_subject_S001,6,0.012480452297384328,,0.08242097757921303,,0.0009913533761814533
TCN3_e236b6c6,TCN3,loso_subject_S001,7,0.009699878173390615,,0.07170674320699891,,0.000987566464178954
TCN3_e236b6c6,TCN3,loso_subject_S001,8,0.008170640023167359,,0.06480490957799646,,0.0009831048564041408
TCN3_e236b6c6,TCN3,loso_subject_S001,9,0.007087820767807679,,0.060312468002225235,,0.0009779754323328187
TCN3_e236b6c6,TCN3,loso_subject_S001,10,0.006216435914856432,,0.056195527075931145,,0.0009721861011651174
TCN3_e236b6c6,TCN3,loso_subject_S001,11,0.005898189289695604,,0.054459383280533576,,0.0009657457896300785
TCN3_e236b6c6,TCN3,loso_subject_S001,12,0.004941257608393331,,0.05039547615093405,,0.000958664428221286
TCN3_e236b6c6,TCN3,loso_subject_S001,13,0.004519398101356528,,0.04788565823262412,,0.000950952935884765
TCN3_e236b6c6,TCN3,loso_subject_S001,14,0.004061858064189158,,0.04462082272886528,,0.0009426232031827582
TCN3_e236b6c6,TCN3,loso_subject_S001,15,0.003977054361849255,,0.044472542628975084,,0.0009336880739593409
TCN3_e236b6c6,TCN3,loso_subject_S001,16,0.00331502033223361,,0.04129446076122229,,0.0009241613255361449
TCN3_e236b6c6,TCN3,loso_subject_S001,17,0.0033558896506844372,,0.04128405346050968,,0.0009140576474687258
TCN3_e236b6c6,TCN3,loso_subject_S001,18,0.002939909318940706,,0.03907290916884419,,0.0009033926188963346
TCN3_e236b6c6,TCN3,loso_subject_S001,19,0.003079065083442407,,0.038649250130239045,,0.0008921826845200134
TCN3_e236b6c6,TCN3,loso_subject_S001,20,0.0030637806951992804,,0.038637352095085675,,0.000880445129246058
TCN3_e236b6c6,TCN3,loso_subject_S001,21,0.002432908519309711,,0.03512385543902159,,0.0008681980515339459
TCN3_e236b6c6,TCN3,loso_subject_S001,22,0.002760320813727698,,0.03664494218505008,,0.0008554603354898234
TCN3_e236b6c6,TCN3,loso_subject_S001,23,0.002426627989061484,,0.034820999347759805,,0.0008422516217485822
TCN3_e236b6c6,TCN3,loso_subject_S001,24,0.0025397185045219024,,0.0348160160702704,,0.0008285922771894248
TCN3_e236b6c6,TCN3,loso_subject_S001,25,0.0022083270207832024,,0.033139914949047375,,0.0008145033635316124
TCN3_e236b6c6,TCN3,loso_subject_S001,26,0.0021020160716437477,,0.03193953283054313,,0.0008000066048588205
TCN3_e236b6c6,TCN3,loso_subject_S001,27,0.001893444032619525,,0.030548832162841606,,0.0007851243541221765
TCN3_e236b6c6,TCN3,loso_subject_S001,28,0.001917208902214123,,0.03108066844483714,,0.0007698795586736293
TCN3_e236b6c6,TCN3,loso_subject_S001,29,0.0019431407943324066,,0.030889618425288503,,0.0007542957248827956
TCN3_e236b6c6,TCN3,loso_subject_S001,30,0.0025496633639024223,,0.03614776366238039,,0.0007383968818918422
TCN3_e236b6c6,TCN3,loso_subject_S001,31,0.0021628052756102515,,0.03240101592113238,,0.00072220754456429
TCN3_e236b6c6,TCN3,loso_subject_S001,32,0.0018777729802461826,,0.030584259853535092,,0.0007057526756848715
TCN3_e236b6c6,TCN3,loso_subject_S001,33,0.0016565166745027623,,0.028741423231007774,,0.000689057647468726
TCN3_e236b6c6,TCN3,loso_subject_S001,34,0.0015488902802801305,,0.02774628598149729,,0.000672148202439283
TCN3_e236b6c6,TCN3,loso_subject_S001,35,0.0013840963711155597,,0.026333699381151765,,0.0006550504137351571
TCN3_e236b6c6,TCN3,loso_subject_S001,36,0.001420519031691934,,0.026015749112298283,,0.0006377906449072574
TCN3_e236b6c6,TCN3,loso_subject_S001,37,0.0014312532421102712,,0.02615529853625659,,0.0006203955092681036
TCN3_e236b6c6,TCN3,loso_subject_S001,38,0.0013330786176652008,,0.025754500859155045,,0.0006028918288560267
TCN3_e236b6c6,TCN3,loso_subject_S001,39,0.0012457346082809045,,0.02449445352260029,,0.00058530659307753
TCN3_e236b6c6,TCN3,loso_subject_S001,40,0.0013570045110384147,,0.025470962685386105,,0.0005676669170915806
TCN3_e236b6c6,TCN3,loso_subject_S001,41,0.001423220566696102,,0.025962022556998768,,0.0005499999999999997
TCN3_e236b6c6,TCN3,loso_subject_S001,42,0.0013312108525478272,,0.025177490044335817,,0.000532333082908419
TCN3_e236b6c6,TCN3,loso_subject_S001,43,0.0011921038593193695,,0.024241837397744447,,0.0005146934069224697
TCN3_e236b6c6,TCN3,loso_subject_S001,44,0.0012728331805232466,,0.02471792697906494,,0.000497108171143973
TCN3_e236b6c6,TCN3,loso_subject_S001,45,0.0011439630406495838,,0.023293021238451502,,0.00047960449073189616
TCN3_e236b6c6,TCN3,loso_subject_S001,46,0.0012355331081687164,,0.024035390952549907,,0.00046220935509274226
TCN3_e236b6c6,TCN3,loso_subject_S001,47,0.0010899710922607595,,0.02328276519659517,,0.00044494958626484254
TCN3_e236b6c6,TCN3,loso_subject_S001,48,0.00102463088389925,,0.02277981051695101,,0.00042785179756071645
TCN3_e236b6c6,TCN3,loso_subject_S001,49,0.0011355831614458544,,0.02336170694575438,,0.0004109423525312737
TCN3_e236b6c6,TCN3,loso_subject_S001,50,0.0010368274229633366,,0.02241812219105343,,0.0003942473243151282
TCN3_e236b6c6,TCN3,loso_subject_S001,51,0.0010438633242907313,,0.022585430437910187,,0.0003777924554357096
TCN3_e236b6c6,TCN3,loso_subject_S001,52,0.0011495280356265726,,0.024161129828888118,,0.0003616031181081575
TCN3_e236b6c6,TCN3,loso_subject_S001,53,0.0010676528168403281,,0.022891263600126107,,0.000345704275117204
TCN3_e236b6c6,TCN3,loso_subject_S001,54,0.0010000817942678578,,0.02178058519147457,,0.00033012044132637024
TCN3_e236b6c6,TCN3,loso_subject_S001,55,0.0014730473429263626,,0.026257745770186143,,0.00031487564587782306
TCN3_e236b6c6,TCN3,loso_subject_S001,56,0.0009787807647249935,,0.02171908420330909,,0.00029999339514117897
TCN3_e236b6c6,TCN3,loso_subject_S001,57,0.0009664927509480289,,0.02130170114892528,,0.0002854966364683872
TCN3_e236b6c6,TCN3,loso_subject_S001,58,0.000902417027946995,,0.02105107433841576,,0.0002714077228105749
TCN3_e236b6c6,TCN3,loso_subject_S001,59,0.0009683222429638603,,0.0215980050709532,,0.00025774837825141746
TCN3_e236b6c6,TCN3,loso_subject_S001,60,0.0009407941467335807,,0.02087342210322487,,0.0002445396645101764
TCN3_e236b6c6,TCN3,loso_subject_S001,61,0.0009976313345028643,,0.021905735867517685,,0.0002318019484660537
TCN3_e236b6c6,TCN3,loso_subject_S001,62,0.0009216993107441237,,0.021356389872367675,,0.00021955487075394156
TCN3_e236b6c6,TCN3,loso_subject_S001,63,0.000826904120203862,,0.020368471074799988,,0.0002078173154799862
TCN3_e236b6c6,TCN3,loso_subject_S001,64,0.0008330917192468027,,0.02044316496870128,,0.00019660738110366478
TCN3_e236b6c6,TCN3,loso_subject_S001,65,0.0008382987199297699,,0.02034699179462551,,0.00018594235253127373
TCN3_e236b6c6,TCN3,loso_subject_S001,66,0.0008227898603489016,,0.020300079551312813,,0.00017583867446385477
TCN3_e236b6c6,TCN3,loso_subject_S001,67,0.0007652530344120818,,0.01920453467116923,,0.00016631192604065853
TCN3_e236b6c6,TCN3,loso_subject_S001,68,0.0007936702213429781,,0.019796085865710022,,0.00015737679681724137
TCN3_e236b6c6,TCN3,loso_subject_S001,69,0.0008867797859606987,,0.020106706422628816,,0.0001490470641152345
TCN3_e236b6c6,TCN3,loso_subject_S001,70,0.0007379484911115267,,0.018967882795081048,,0.00014133557177871338
TCN3_e236b6c6,TCN3,loso_subject_S001,71,0.0007909089647129243,,0.01939133415835332,,0.00013425421036992097
TCN3_e236b6c6,TCN3,loso_subject_S001,72,0.0007605805536505762,,0.019273379625579744,,0.00012781389883488212
TCN3_e236b6c6,TCN3,loso_subject_S001,73,0.0007324313034752002,,0.019203857408180855,,0.0001220245676671809
TCN3_e236b6c6,TCN3,loso_subject_S001,74,0.000770591922373194,,0.019609238788902496,,0.00011689514359585877
TCN3_e236b6c6,TCN3,loso_subject_S001,75,0.0008201407440094516,,0.019459272142011392,,0.00011243353582104555
TCN3_e236b6c6,TCN3,loso_subject_S001,76,0.0007684672066347951,,0.019296568048369024,,0.0001086466238185463
TCN3_e236b6c6,TCN3,loso_subject_S001,77,0.0007538258375559517,,0.019218430208352247,,0.00010554024673218805
TCN3_e236b6c6,TCN3,loso_subject_S001,78,0.0007555562027224953,,0.01915211533148264,,0.00010311919437028317
TCN3_e236b6c6,TCN3,loso_subject_S001,79,0.0007861652307792543,,0.01927616868349168,,0.00010138719982009242
TCN3_e236b6c6,TCN3,loso_subject_S001,80,0.0007714068563037795,,0.019049456399839387,,0.0001003469336916747
TCN3_e236b6c6,TCN3,loso_subject_S002,1,0.2464479226570847,,0.3582915838843137,,0.001
TCN3_e236b6c6,TCN3,loso_subject_S002,2,0.05031131910621966,,0.16796877563718884,,0.0009996530663083252
TCN3_e236b6c6,TCN3,loso_subject_S002,3,0.028254840246898557,,0.12669614946249744,,0.0009986128001799074
TCN3_e236b6c6,TCN3,loso_subject_S002,4,0.019591886319564662,,0.1034906051562833,,0.0009968808056297167
TCN3_e236b6c6,TCN3,loso_subject_S002,5,0.013400114302198902,,0.08639140210722548,,0.0009944597532678117
TCN3_e236b6c6,TCN3,loso_subject_S002,6,0.011091300997486045,,0.07758472357945893,,0.0009913533761814533
TCN3_e236b6c6,TCN3,loso_subject_S002,7,0.008537542334704504,,0.06763839536324824,,0.000987566464178954
TCN3_e236b6c6,TCN3,loso_subject_S002,8,0.007330630804259299,,0.06317361490038474,,0.0009831048564041408
TCN3_e236b6c6,TCN3,loso_subject_S002,9,0.0061905983282577945,,0.0579296798091858,,0.0009779754323328187
TCN3_e236b6c6,TCN3,loso_subject_S002,10,0.005480211263381243,,0.0543500998444562,,0.0009721861011651174
TCN3_e236b6c6,TCN3,loso_subject_S002,11,0.0050424838792324,,0.05181364930205152,,0.0009657457896300785
TCN3_e236b6c6,TCN3,loso_subject_S002,12,0.004360642783727451,,0.04822032008811305,,0.000958664428221286
TCN3_e236b6c6,TCN3,loso_subject_S002,13,0.004026180864422786,,0.046415115560275735,,0.000950952935884765
TCN3_e236b6c6,TCN3,loso_subject_S002,14,0.0036740313909885804,,0.043210829145022764,,0.0009426232031827582
TCN3_e236b6c6,TCN3,loso_subject_S002,15,0.0036182126372247825,,0.04328175658866853,,0.0009336880739593409
TCN3_e236b6c6,TCN3,loso_subject_S002,16,0.0031574831642967633,,0.04099239514061378,,0.0009241613255361449
TCN3_e236b6c6,TCN3,loso_subject_S002,17,0.003147984819226684,,0.04049702656595264,,0.0009140576474687258
TCN3_e236b6c6,TCN3,loso_subject_S002,18,0.0028040357082156496,,0.038266056856952224,,0.0009033926188963346
TCN3_e236b6c6,TCN3,loso_subject_S002,19,0.0026676898166838004,,0.0370519300379636,,0.0008921826845200134
TCN3_e236b6c6,TCN3,loso_subject_S002,20,0.002630368804147628,,0.03705836599331517,,0.000880445129246058
TCN3_e236b6c6,TCN3,loso_subject_S002,21,0.0023138244212700036,,0.03498017974144356,,0.0008681980515339459
TCN3_e236b6c6,TCN3,loso_subject_S002,22,0.0021837616270566954,,0.034126150636101416,,0.0008554603354898234
TCN3_e236b6c6,TCN3,loso_subject_S002,23,0.002085518589516456,,0.033081456572587924,,0.0008422516217485822
TCN3_e236b6c6,TCN3,loso_subject_S002,24,0.0019399015500063878,,0.03189210790613197,,0.0008285922771894248
TCN3_e236b6c6,TCN3,loso_subject_S002,25,0.0019090711202015482,,0.03108474227292926,,0.0008145033635316124
TCN3_e236b6c6,TCN3,loso_subject_S002,26,0.0019443658999154273,,0.031775217360440464,,0.0008000066048588205
TCN3_e236b6c6,TCN3,loso_subject_S002,27,0.001832711550425037,,0.03069215930015902,,0.0007851243541221765
TCN3_e236b6c6,TCN3,loso_subject_S002,28,0.001737668863321095,,0.03016241853834654,,0.0007698795586736293
TCN3_e236b6c6,TCN3,loso_subject_S002,29,0.0015672912234047155,,0.02921427209363676,,0.0007542957248827956
TCN3_e236b6c6,TCN3,loso_subject_S002,30,0.0015953618834981483,,0.029167208200413172,,0.0007383968818918422
TCN3_e236b6c6,TCN3,loso_subject_S002,31,0.0015808448505274047,,0.02885357440491837,,0.00072220754456429
TCN3_e236b6c6,TCN3,loso_subject_S002,32,0.0015399476679612387,,0.028430315148202004,,0.0007057526756848715
TCN3_e236b6c6,TCN3,loso_subject_S002,33,0.0014457252361249587,,0.027422812625795767,,0.000689057647468726
TCN3_e236b6c6,TCN3,loso_subject_S002,34,0.0013556699851432564,,0.026560670826493136,,0.000672148202439283
TCN3_e236b6c6,TCN3,loso_subject_S002,35,0.0012948360682444534,,0.026116703301175884,,0.0006550504137351571
TCN3_e236b6c6,TCN3,loso_subject_S002,36,0.0012358893615323958,,0.025482894971547234,,0.0006377906449072574
TCN3_e236b6c6,TCN3,loso_subject_S002,37,0.001290967248555961,,0.026132391752336465,,0.0006203955092681036
TCN3_e236b6c6,TCN3,loso_subject_S002,38,0.0011145557242692324,,0.023889978516058175,,0.0006028918288560267
TCN3_e236b6c6,TCN3,loso_subject_S002,39,0.0012464843309579134,,0.025330974775800173,,0.00058530659307753
TCN3_e236b6c6,TCN3,loso_subject_S002,40,0.0011348843986743189,,0.024453312726849218,,0.0005676669170915806
TCN3_e236b6c6,TCN3,loso_subject_S002,41,0.001116970105547711,,0.024352715453157064,,0.0005499999999999997
TCN3_e236b6c6,TCN3,loso_subject_S002,42,0.0010513767870914922,,0.02357542907449405,,0.000532333082908419
TCN3_e236b6c6,TCN3,loso_subject_S002,43,0.0009850189305148447,,0.022655427810131083,,0.0005146934069224697
TCN3_e236b6c6,TCN3,loso_subject_S002,44,0.0009752800689819698,,0.022983445243091805,,0.000497108171143973
TCN3_e236b6c6,TCN3,loso_subject_S002,45,0.0009826669421050182,,0.022702602188551572,,0.00047960449073189616
TCN3_e236b6c6,TCN3,loso_subject_S002,46,0.0008899591441036953,,0.02172042819687653,,0.00046220935509274226
TCN3_e236b6c6,TCN3,loso_subject_S002,47,0.0009567238086046899,,0.022307206829220563,,0.00044494958626484254
TCN3_e236b6c6,TCN3,loso_subject_S002,48,0.000984534489339246,,0.022428499941928946,,0.00042785179756071645
TCN3_e236b6c6,TCN3,loso_subject_S002,49,0.0008751588954965625,,0.021435284297362172,,0.0004109423525312737
TCN3_e236b6c6,TCN3,loso_subject_S002,50,0.0008978866163041379,,0.021359317806244102,,0.0003942473243151282
TCN3_e236b6c6,TCN3,loso_subject_S002,51,0.0009201718070572395,,0.021524804538071447,,0.0003777924554357096
TCN3_e236b6c6,TCN3,loso_subject_S002,52,0.0008698620392208669,,0.02167087737486918,,0.0003616031181081575
TCN3_e236b6c6,TCN3,loso_subject_S002,53,0.000841249148889451,,0.02079788355504052,,0.000345704275117204
TCN3_e236b6c6,TCN3,loso_subject_S002,54,0.0007587626820357387,,0.019592671196279565,,0.00033012044132637024
TCN3_e236b6c6,TCN3,loso_subject_S002,55,0.0007550000059984237,,0.01995642283111083,,0.00031487564587782306
TCN3_e236b6c6,TCN3,loso_subject_S002,56,0.0008280495807332653,,0.020543167210796447,,0.00029999339514117897
TCN3_e236b6c6,TCN3,loso_subject_S002,57,0.000848606476374024,,0.02040826004395554,,0.0002854966364683872
TCN3_e236b6c6,TCN3,loso_subject_S002,58,0.0008073720666458169,,0.02043019120625058,,0.0002714077228105749
TCN3_e236b6c6,TCN3,loso_subject_S002,59,0.0007924814317915861,,0.019256747342995,,0.00025774837825141746
TCN3_e236b6c6,TCN3,loso_subject_S002,60,0.0007772708246931198,,0.0198241486755879,,0.0002445396645101764
TCN3_e236b6c6,TCN3,loso_subject_S002,61,0.000692640236569919,,0.019349490518445464,,0.0002318019484660537
TCN3_e236b6c6,TCN3,loso_subject_S002,62,0.0006761451522727127,,0.019020927919589113,,0.00021955487075394156
TCN3_e236b6c6,TCN3,loso_subject_S002,63,0.000701742018163643,,0.01903782886445214,,0.0002078173154799862
TCN3_e236b6c6,TCN3,loso_subject_S002,64,0.0006838509076969477,,0.018751887631348687,,0.00019660738110366478
TCN3_e236b6c6,TCN3,loso_subject_S002,65,0.0006645146984660089,,0.01842957702849282,,0.00018594235253127373
TCN3_e236b6c6,TCN3,loso_subject_S002,66,0.0006907402067854562,,0.018994188151560152,,0.00017583867446385477
TCN3_e236b6c6,TCN3,loso_subject_S002,67,0.0006720838710017978,,0.0187022848789444,,0.00016631192604065853
TCN3_e236b6c6,TCN3,loso_subject_S002,68,0.0006573231674688505,,0.01852013800304979,,0.00015737679681724137
TCN3_e236b6c6,TCN3,loso_subject_S002,69,0.0006875354128606008,,0.018577138561551014,,0.0001490470641152345
TCN3_e236b6c6,TCN3,loso_subject_S002,70,0.0006683630629022453,,0.018301107772219046,,0.00014133557177871338
TCN3_e236b6c6,TCN3,loso_subject_S002,71,0.0006351204247655883,,0.018090299970885865,,0.00013425421036992097
TCN3_e236b6c6,TCN3,loso_subject_S002,72,0.0006408286895864466,,0.017876820734289228,,0.00012781389883488212
TCN3_e236b6c6,TCN3,loso_subject_S002,73,0.000606079834499454,,0.01773615383335192,,0.0001220245676671809
TCN3_e236b6c6,TCN3,loso_subject_S002,74,0.0006399546234097404,,0.01790520132307142,,0.00011689514359585877
TCN3_e236b6c6,TCN3,loso_subject_S002,75,0.000606314204343619,,0.017846684886853745,,0.00011243353582104555
TCN3_e236b6c6,TCN3,loso_subject_S002,76,0.0006272186110906744,,0.0179302914015129,,0.0001086466238185463
TCN3_e236b6c6,TCN3,loso_subject_S002,77,0.0006308108532574661,,0.01774814091644233,,0.00010554024673218805
TCN3_e236b6c6,TCN3,loso_subject_S002,78,0.0006062917482343718,,0.01761229677488067,,0.00010311919437028317
TCN3_e236b6c6,TCN3,loso_subject_S002,79,0.0005993333649964047,,0.017699252163386147,,0.00010138719982009242
TCN3_e236b6c6,TCN3,loso_subject_S002,80,0.0006200440653264164,,0.0177707313542559,,0.0001003469336916747
TCN3_e236b6c6,TCN3,loso_subject_S003,1,0.23041401490919414,,0.345432534212086,,0.001
TCN3_e236b6c6,TCN3,loso_subject_S003,2,0.05520600309306919,,0.17167580642385466,,0.0009996530663083252
TCN3_e236b6c6,TCN3,loso_subject_S003,3,0.030007391873884084,,0.1277621668045459,,0.0009986128001799074
TCN3_e236b6c6,TCN3,loso_subject_S003,4,0.020663845784526548,,0.10668829223562105,,0.0009968808056297167
TCN3_e236b6c6,TCN3,loso_subject_S003,5,0.015058072268145498,,0.09106701464269304,,0.0009944597532678117
TCN3_e236b6c6,TCN3,loso_subject_S003,6,0.011640173816439291,,0.07960048087520583,,0.0009913533761814533
TCN3_e236b6c6,TCN3,loso_subject_S003,7,0.009289198332186058,,0.0705033637102718,,0.000987566464178954
TCN3_e236b6c6,TCN3,loso_subject_S003,8,0.007845589899216038,,0.06430287037612877,,0.0009831048564041408
TCN3_e236b6c6,TCN3,loso_subject_S003,9,0.006502716590702588,,0.059176508716749385,,0.0009779754323328187
TCN3_e236b6c6,TCN3,loso_subject_S003,10,0.005577874608223359,,0.054486713544513315,,0.0009721861011651174
TCN3_e236b6c6,TCN3,loso_subject_S003,11,0.004824624167257867,,0.0509428186718242,,0.0009657457896300785
TCN3_e236b6c6,TCN3,loso_subject_S003,12,0.004237728887543558,,0.04751568703927356,,0.000958664428221286
TCN3_e236b6c6,TCN3,loso_subject_S003,13,0.004139152259216153,,0.04618232547024275,,0.000950952935884765
TCN3_e236b6c6,TCN3,loso_subject_S003,14,0.0038459481091270556,,0.04476412116466264,,0.0009426232031827582
TCN3_e236b6c6,TCN3,loso_subject_S003,15,0.0032814059437675297,,0.040414165734633974,,0.0009336880739593409
TCN3_e236b6c6,TCN3,loso_subject_S003,16,0.0030614936199699397,,0.03938398455202831,,0.0009241613255361449
TCN3_e236b6c6,TCN3,loso_subject_S003,17,0.0029269198144911248,,0.038746910146142864,,0.0009140576474687258
TCN3_e236b6c6,TCN3,loso_subject_S003,18,0.0027156923616876473,,0.03672823428236411,,0.0009033926188963346
TCN3_e236b6c6,TCN3,loso_subject_S003,19,0.002537283678991005,,0.03590668323368391,,0.0008921826845200134
TCN3_e236b6c6,TCN3,loso_subject_S003,20,0.002423806092477302,,0.034993753522059655,,0.000880445129246058
TCN3_e236b6c6,TCN3,loso_subject_S003,21,0.0021388213720841803,,0.033033282224890555,,0.0008681980515339459
TCN3_e236b6c6,TCN3,loso_subject_S003,22,0.0020691948465530264,,0.032981226976338894,,0.0008554603354898234
TCN3_e236b6c6,TCN3,loso_subject_S003,23,0.001959330583077694,,0.03136298897091778,,0.0008422516217485822
TCN3_e236b6c6,TCN3,loso_subject_S003,24,0.0019141333600822803,,0.030729570561338435,,0.0008285922771894248
TCN3_e236b6c6,TCN3,loso_subject_S003,25,0.0020539059656385318,,0.033274458611250425,,0.0008145033635316124
TCN3_e236b6c6,TCN3,loso_subject_S003,26,0.0018187576021848671,,0.030571386386483747,,0.0008000066048588205
TCN3_e236b6c6,TCN3,loso_subject_S003,27,0.0015444957020071084,,0.02828867724608807,,0.0007851243541221765
TCN3_e236b6c6,TCN3,loso_subject_S003,28,0.001581981865158097,,0.02860719412385591,,0.0007698795586736293
TCN3_e236b6c6,TCN3,loso_subject_S003,29,0.00139357521723015,,0.026792917049177228,,0.0007542957248827956
TCN3_e236b6c6,TCN3,loso_subject_S003,30,0.0014363198178736667,,0.027029798767513148,,0.0007383968818918422
TCN3_e236b6c6,TCN3,loso_subject_S003,31,0.0014458634595402402,,0.027245987147191623,,0.00072220754456429
TCN3_e236b6c6,TCN3,loso_subject_S003,32,0.0013807634069026302,,0.026312539993935208,,0.0007057526756848715
TCN3_e236b6c6,TCN3,loso_subject_S003,33,0.0012375745857628473,,0.02563390681422425,,0.000689057647468726
TCN3_e236b6c6,TCN3,loso_subject_S003,34,0.0012493303773734963,,0.025533112978552607,,0.000672148202439283
TCN3_e236b6c6,TCN3,loso_subject_S003,35,0.001173368998531773,,0.0243929838744846,,0.0006550504137351571
TCN3_e236b6c6,TCN3,loso_subject_S003,36,0.0012022336570078967,,0.02481490526979339,,0.0006377906449072574
TCN3_e236b6c6,TCN3,loso_subject_S003,37,0.0011035100358463667,,0.023604612854759042,,0.0006203955092681036
TCN3_e236b6c6,TCN3,loso_subject_S003,38,0.0009598566858196713,,0.022219383455880298,,0.0006028918288560267
TCN3_e236b6c6,TCN3,loso_subject_S003,39,0.0010979456649404108,,0.023109963250185366,,0.00058530659307753
TCN3_e236b6c6,TCN3,loso_subject_S003,40,0.000998737866683757,,0.02258707884297161,,0.0005676669170915806
TCN3_e236b6c6,TCN3,loso_subject_S003,41,0.0009081835884557651,,0.0219154569122215,,0.0005499999999999997
TCN3_e236b6c6,TCN3,loso_subject_S003,42,0.0009318174743231087,,0.021744236995641764,,0.000532333082908419
TCN3_e236b6c6,TCN3,loso_subject_S003,43,0.0009706546130745641,,0.02149017537579686,,0.0005146934069224697
TCN3_e236b6c6,TCN3,loso_subject_S003,44,0.0009168352348047334,,0.021310049335395376,,0.000497108171143973
TCN3_e236b6c6,TCN3,loso_subject_S003,45,0.0009499469739631955,,0.021731837736268658,,0.00047960449073189616
TCN3_e236b6c6,TCN3,loso_subject_S003,46,0.0009584528649258953,,0.021214045506731942,,0.00046220935509274226
TCN3_e236b6c6,TCN3,loso_subject_S003,47,0.0008176791442658095,,0.020282218357376338,,0.00044494958626484254
TCN3_e236b6c6,TCN3,loso_subject_S003,48,0.0008024552637831021,,0.020040382621579676,,0.00042785179756071645
TCN3_e236b6c6,TCN3,loso_subject_S003,49,0.0007945014846765489,,0.020042012552851436,,0.0004109423525312737
TCN3_e236b6c6,TCN3,loso_subject_S003,50,0.0007994100873203047,,0.01999315045068895,,0.0003942473243151282
TCN3_e236b6c6,TCN3,loso_subject_S003,51,0.0007538889505509725,,0.019692937369138956,,0.0003777924554357096
TCN3_e236b6c6,TCN3,loso_subject_S003,52,0.0007576085738301605,,0.019124712267325827,,0.0003616031181081575
TCN3_e236b6c6,TCN3,loso_subject_S003,53,0.0007213554175956834,,0.01932321333356152,,0.000345704275117204
TCN3_e236b6c6,TCN3,loso_subject_S003,54,0.0007030257053729124,,0.018406176306936056,,0.00033012044132637024
TCN3_e236b6c6,TCN3,loso_subject_S003,55,0.0007002971531130539,,0.018519892227611964,,0.00031487564587782306
TCN3_e236b6c6,TCN3,loso_subject_S003,56,0.0006548304735576805,,0.018525611489086068,,0.00029999339514117897
TCN3_e236b6c6,TCN3,loso_subject_S003,57,0.000687104687804829,,0.018203899628107197,,0.0002854966364683872
TCN3_e236b6c6,TCN3,loso_subject_S003,58,0.000669842587991361,,0.01835690217789862,,0.0002714077228105749
TCN3_e236b6c6,TCN3,loso_subject_S003,59,0.0006597760612755001,,0.01807869654126362,,0.00025774837825141746
TCN3_e236b6c6,TCN3,loso_subject_S003,60,0.0006264163852521096,,0.0178344991561104,,0.0002445396645101764
TCN3_e236b6c6,TCN3,loso_subject_S003,61,0.0006492019151272887,,0.017976040635853018,,0.0002318019484660537
TCN3_e236b6c6,TCN3,loso_subject_S003,62,0.0006208545700273622,,0.017713710554550396,,0.00021955487075394156
TCN3_e236b6c6,TCN3,loso_subject_S003,63,0.00068952526008534,,0.017790635542482624,,0.0002078173154799862
TCN3_e236b6c6,TCN3,loso_subject_S003,64,0.0006340376766383953,,0.017753029748518973,,0.00019660738110366478
TCN3_e236b6c6,TCN3,loso_subject_S003,65,0.0005802359036597996,,0.017592136163742805,,0.00018594235253127373
TCN3_e236b6c6,TCN3,loso_subject_S003,66,0.0005917078398579015,,0.017193935522972423,,0.00017583867446385477
TCN3_e236b6c6,TCN3,loso_subject_S003,67,0.0006113134765160517,,0.01732873948287576,,0.00016631192604065853
TCN3_e236b6c6,TCN3,loso_subject_S003,68,0.0005761444192652541,,0.01718465751794859,,0.00015737679681724137
TCN3_e236b6c6,TCN3,loso_subject_S003,69,0.0005751206939411251,,0.017124058554120778,,0.0001490470641152345
TCN3_e236b6c6,TCN3,loso_subject_S003,70,0.0005430300705159569,,0.016822479245370236,,0.00014133557177871338
TCN3_e236b6c6,TCN3,loso_subject_S003,71,0.0006045029028694944,,0.01712829816576729,,0.00013425421036992097
TCN3_e236b6c6,TCN3,loso_subject_S003,72,0.0005586779921418342,,0.01647955776406132,,0.00012781389883488212
TCN3_e236b6c6,TCN3,loso_subject_S003,73,0.0005925162809377738,,0.017123812905020422,,0.0001220245676671809
TCN3_e236b6c6,TCN3,loso_subject_S003,74,0.0005738802739860284,,0.016681096107306576,,0.00011689514359585877
TCN3_e236b6c6,TCN3,loso_subject_S003,75,0.0005966175611834297,,0.016872188387940523,,0.00011243353582104555
TCN3_e236b6c6,TCN3,loso_subject_S003,76,0.000552827000310347,,0.016458048244389227,,0.0001086466238185463
TCN3_e236b6c6,TCN3,loso_subject_S003,77,0.0005667772535077505,,0.016811419693801403,,0.00010554024673218805
TCN3_e236b6c6,TCN3,loso_subject_S003,78,0.0005821422614115658,,0.016596452341453724,,0.00010311919437028317
TCN3_e236b6c6,TCN3,loso_subject_S003,79,0.000517762852877585,,0.01651202663981354,,0.00010138719982009242
TCN3_e236b6c6,TCN3,loso_subject_S003,80,0.000551445431812375,,0.016414185510437447,,0.0001003469336916747
TCN3_e236b6c6,TCN3,loso_subject_S004,1,0.20544313791048044,,0.3280221474334103,,0.001
TCN3_e236b6c6,TCN3,loso_subject_S004,2,0.04643952181296689,,0.1593894302715987,,0.0009996530663083252
TCN3_e236b6c6,TCN3,loso_subject_S004,3,0.028863842670858165,,0.12227754553761146,,0.0009986128001799074
TCN3_e236b6c6,TCN3,loso_subject_S004,4,0.01877552383615599,,0.09946535188183296,,0.0009968808056297167
TCN3_e236b6c6,TCN3,loso_subject_S004,5,0.013662296833543034,,0.08488576998141249,,0.0009944597532678117
TCN3_e236b6c6,TCN3,loso_subject_S004,6,0.01102296139851406,,0.07670323046899977,,0.0009913533761814533
TCN3_e236b6c6,TCN3,loso_subject_S004,7,0.00910838699804197,,0.06952882161818197,,0.000987566464178954
TCN3_e236b6c6,TCN3,loso_subject_S004,8,0.008320269872492224,,0.06547407889133924,,0.0009831048564041408
TCN3_e236b6c6,TCN3,loso_subject_S004,9,0.006877603018952031,,0.059908905829616096,,0.0009779754323328187
TCN3_e236b6c6,TCN3,loso_subject_S004,10,0.005733374043664805,,0.05497205105931384,,0.0009721861011651174
TCN3_e236b6c6,TCN3,loso_subject_S004,11,0.00596876468530938,,0.05560618370319858,,0.0009657457896300785
TCN3_e236b6c6,TCN3,loso_subject_S004,12,0.00496171743785062,,0.050596226134685555,,0.000958664428221286
TCN3_e236b6c6,TCN3,loso_subject_S004,13,0.0044518880109325545,,0.04824956925787451,,0.000950952935884765
TCN3_e236b6c6,TCN3,loso_subject_S004,14,0.00399894660639793,,0.04596333829054413,,0.0009426232031827582
TCN3_e236b6c6,TCN3,loso_subject_S004,15,0.003621016049483444,,0.043584098042261724,,0.0009336880739593409
TCN3_e236b6c6,TCN3,loso_subject_S004,16,0.003180455843868301,,0.039953101695142955,,0.0009241613255361449
TCN3_e236b6c6,TCN3,loso_subject_S004,17,0.0030334078428613676,,0.040078382695048057,,0.0009140576474687258
TCN3_e236b6c6,TCN3,loso_subject_S004,18,0.003025989147698746,,0.03956766123594488,,0.0009033926188963346
TCN3_e236b6c6,TCN3,loso_subject_S004,19,0.0029417733284866528,,0.03863863716544355,,0.0008921826845200134
TCN3_e236b6c6,TCN3,loso_subject_S004,20,0.0025279247049782507,,0.03636081882283457,,0.000880445129246058
TCN3_e236b6c6,TCN3,loso_subject_S004,21,0.0024020757270482346,,0.035236447187299166,,0.0008681980515339459
TCN3_e236b6c6,TCN3,loso_subject_S004,22,0.002275513776901889,,0.0342373173130195,,0.0008554603354898234
TCN3_e236b6c6,TCN3,loso_subject_S004,23,0.0022661214034357963,,0.03441345649589966,,0.0008422516217485822
TCN3_e236b6c6,TCN3,loso_subject_S004,24,0.0020394668976533056,,0.03212445898016466,,0.0008285922771894248
TCN3_e236b6c6,TCN3,loso_subject_S004,25,0.00211669419869286,,0.03274822004386701,,0.0008145033635316124
TCN3_e236b6c6,TCN3,loso_subject_S004,26,0.0019482880002250531,,0.031710467864940695,,0.0008000066048588205
TCN3_e236b6c6,TCN3,loso_subject_S004,27,0.0018310074604749357,,0.03073831277309472,,0.0007851243541221765
TCN3_e236b6c6,TCN3,loso_subject_S004,28,0.001683491560957068,,0.029815702297836328,,0.0007698795586736293
TCN3_e236b6c6,TCN3,loso_subject_S004,29,0.001735629508248967,,0.029993611795647662,,0.0007542957248827956
TCN3_e236b6c6,TCN3,loso_subject_S004,30,0.0016504793121559413,,0.02892089181809456,,0.0007383968818918422
TCN3_e236b6c6,TCN3,loso_subject_S004,31,0.0015080839103560836,,0.027738731036239545,,0.00072220754456429
TCN3_e236b6c6,TCN3,loso_subject_S004,32,0.001643738319390436,,0.02869279861159913,,0.0007057526756848715
TCN3_e236b6c6,TCN3,loso_subject_S004,33,0.0015554640209638282,,0.02801262457434405,,0.000689057647468726
TCN3_e236b6c6,TCN3,loso_subject_S004,34,0.0014402079235689787,,0.027148610379810284,,0.000672148202439283
TCN3_e236b6c6,TCN3,loso_subject_S004,35,0.0013312223065015557,,0.02625126995167777,,0.0006550504137351571
TCN3_e236b6c6,TCN3,loso_subject_S004,36,0.0014548332042707208,,0.027394791316203395,,0.0006377906449072574
TCN3_e236b6c6,TCN3,loso_subject_S004,37,0.0013088408944265538,,0.026359044352995197,,0.0006203955092681036
TCN3_e236b6c6,TCN3,loso_subject_S004,38,0.0012361929507342855,,0.024957827088378723,,0.0006028918288560267
TCN3_e236b6c6,TCN3,loso_subject_S004,39,0.0011981467154561737,,0.024645954149023968,,0.00058530659307753
TCN3_e236b6c6,TCN3,loso_subject_S004,40,0.001179146170710223,,0.023927902136250664,,0.0005676669170915806
TCN3_e236b6c6,TCN3,loso_subject_S004,41,0.0012037087274123317,,0.0248764985091823,,0.0005499999999999997
TCN3_e236b6c6,TCN3,loso_subject_S004,42,0.0010958135073005342,,0.023885934162632298,,0.000532333082908419
TCN3_e236b6c6,TCN3,loso_subject_S004,43,0.001059762375129583,,0.023282921287899064,,0.0005146934069224697
TCN3_e236b6c6,TCN3,loso_subject_S004,44,0.001074752382044432,,0.023401901443605815,,0.000497108171143973
TCN3_e236b6c6,TCN3,loso_subject_S004,45,0.0010963099090446965,,0.023564419225610866,,0.00047960449073189616
TCN3_e236b6c6,TCN3,loso_subject_S004,46,0.0010144570916971732,,0.02262254405557077,,0.00046220935509274226
TCN3_e236b6c6,TCN3,loso_subject_S004,47,0.0009724309202619596,,0.022202573636812824,,0.00044494958626484254
TCN3_e236b6c6,TCN3,loso_subject_S004,48,0.0009595711062384116,,0.022109539955209343,,0.00042785179756071645
TCN3_e236b6c6,TCN3,loso_subject_S004,49,0.000999810787597819,,0.022735138783637237,,0.0004109423525312737
TCN3_e236b6c6,TCN3,loso_subject_S004,50,0.0009749035007443984,,0.021715184093102233,,0.0003942473243151282
TCN3_e236b6c6,TCN3,loso_subject_S004,51,0.0009009444065933609,,0.02167138513849583,,0.0003777924554357096
TCN3_e236b6c6,TCN3,loso_subject_S004,52,0.0009811338112678803,,0.02196892240389773,,0.0003616031181081575
TCN3_e236b6c6,TCN3,loso_subject_S004,53,0.0008917327602037792,,0.02151674564395632,,0.000345704275117204
TCN3_e236b6c6,TCN3,loso_subject_S004,54,0.0009007627361075762,,0.02152124917266345,,0.00033012044132637024
TCN3_e236b6c6,TCN3,loso_subject_S004,55,0.0008803591686354689,,0.021503492883402548,,0.00031487564587782306
TCN3_e236b6c6,TCN3,loso_subject_S004,56,0.0008381661264196275,,0.02069359341633612,,0.00029999339514117897
TCN3_e236b6c6,TCN3,loso_subject_S004,57,0.0010465543610389879,,0.02221547553657109,,0.0002854966364683872
TCN3_e236b6c6,TCN3,loso_subject_S004,58,0.0009089433921710689,,0.021312138934392606,,0.0002714077228105749
TCN3_e236b6c6,TCN3,loso_subject_S004,59,0.0008155397103036368,,0.020331493272710843,,0.00025774837825141746
TCN3_e236b6c6,TCN3,loso_subject_S004,60,0.0008237197058487678,,0.020458237572020782,,0.0002445396645101764
TCN3_e236b6c6,TCN3,loso_subject_S004,61,0.0007753630183686866,,0.019732615261904434,,0.0002318019484660537
TCN3_e236b6c6,TCN3,loso_subject_S004,62,0.0007159696260606937,,0.019758817542769005,,0.00021955487075394156
TCN3_e236b6c6,TCN3,loso_subject_S004,63,0.0007601921061258144,,0.019493850365732656,,0.0002078173154799862
TCN3_e236b6c6,TCN3,loso_subject_S004,64,0.000806227830792327,,0.019844222801480804,,0.00019660738110366478
TCN3_e236b6c6,TCN3,loso_subject_S004,65,0.0007253311722960006,,0.019436762086821324,,0.00018594235253127373
TCN3_e236b6c6,TCN3,loso_subject_S004,66,0.0007172334612841741,,0.019226600206087505,,0.00017583867446385477
TCN3_e236b6c6,TCN3,loso_subject_S004,67,0.0007230077518424366,,0.019220286363152542,,0.00016631192604065853
TCN3_e236b6c6,TCN3,loso_subject_S004,68,0.0007602436302369528,,0.019535207221604355,,0.00015737679681724137
TCN3_e236b6c6,TCN3,loso_subject_S004,69,0.000723772684114207,,0.0191955088104241,,0.0001490470641152345
TCN3_e236b6c6,TCN3,loso_subject_S004,70,0.0006994832899088167,,0.018881816780369348,,0.00014133557177871338
TCN3_e236b6c6,TCN3,loso_subject_S004,71,0.00067209434935092,,0.018527737547996928,,0.00013425421036992097
TCN3_e236b6c6,TCN3,loso_subject_S004,72,0.0007172922964371112,,0.018955448128465793,,0.00012781389883488212
TCN3_e236b6c6,TCN3,loso_subject_S004,73,0.0006131576526369819,,0.018024865650769436,,0.0001220245676671809
TCN3_e236b6c6,TCN3,loso_subject_S004,74,0.0007078349289099966,,0.018821041973530815,,0.00011689514359585877
TCN3_e236b6c6,TCN3,loso_subject_S004,75,0.0006936133770987091,,0.018367581586870883,,0.00011243353582104555
TCN3_e236b6c6,TCN3,loso_subject_S004,76,0.0006864736436629025,,0.01862986029420064,,0.0001086466238185463
TCN3_e236b6c6,TCN3,loso_subject_S004,77,0.0006397917714048228,,0.018058345916521067,,0.00010554024673218805
TCN3_e236b6c6,TCN3,loso_subject_S004,78,0.0006746321943962159,,0.018063169268388597,,0.00010311919437028317
TCN3_e236b6c6,TCN3,loso_subject_S004,79,0.0006622849069744036,,0.018338584803141558,,0.00010138719982009242
TCN3_e236b6c6,TCN3,loso_subject_S004,80,0.0006847344418687943,,0.018362555694786502,,0.0001003469336916747
TCN3_e236b6c6,TCN3,loso_subject_S005,1,0.22066142985234444,,0.3440769380458271,,0.001
TCN3_e236b6c6,TCN3,loso_subject_S005,2,0.04858484313338156,,0.16390451711149412,,0.0009996530663083252
TCN3_e236b6c6,TCN3,loso_subject_S005,3,0.03052407826343648,,0.12770334692390814,,0.0009986128001799074
TCN3_e236b6c6,TCN3,loso_subject_S005,4,0.020356113314761136,,0.10508729157631948,,0.0009968808056297167
TCN3_e236b6c6,TCN3,loso_subject_S005,5,0.014433461657385382,,0.08826786620951603,,0.0009944597532678117
TCN3_e236b6c6,TCN3,loso_subject_S005,6,0.01170816810057782,,0.07848473364173077,,0.0009913533761814533
TCN3_e236b6c6,TCN3,loso_subject_S005,7,0.010082762415876753,,0.07276157443923835,,0.000987566464178954
TCN3_e236b6c6,TCN3,loso_subject_S005,8,0.008332915351472922,,0.06645299264321226,,0.0009831048564041408
TCN3_e236b6c6,TCN3,loso_subject_S005,9,0.006777849848407853,,0.060284974001040985,,0.0009779754323328187
TCN3_e236b6c6,TCN3,loso_subject_S005,10,0.006107427423619443,,0.056687398766449924,,0.0009721861011651174
TCN3_e236b6c6,TCN3,loso_subject_S005,11,0.005587329854153311,,0.054065395483463834,,0.0009657457896300785
TCN3_e236b6c6,TCN3,loso_subject_S005,12,0.005089121181385306,,0.051682396184707165,,0.000958664428221286
TCN3_e236b6c6,TCN3,loso_subject_S005,13,0.004600403578871883,,0.04950902046535795,,0.000950952935884765
TCN3_e236b6c6,TCN3,loso_subject_S005,14,0.004096179102345077,,0.046889087559118,,0.0009426232031827582
TCN3_e236b6c6,TCN3,loso_subject_S005,15,0.0037002972974791225,,0.04428344667664699,,0.0009336880739593409
TCN3_e236b6c6,TCN3,loso_subject_S005,16,0.003220194955945916,,0.0418780304827271,,0.0009241613255361449
TCN3_e236b6c6,TCN3,loso_subject_S005,17,0.0031247343735483894,,0.04092692485503828,,0.0009140576474687258
TCN3_e236b6c6,TCN3,loso_subject_S005,18,0.002960876720879319,,0.039627340693759026,,0.0009033926188963346
TCN3_e236b6c6,TCN3,loso_subject_S005,19,0.0028658832893882187,,0.03914898939225287,,0.0008921826845200134
TCN3_e236b6c6,TCN3,loso_subject_S005,20,0.0027056680084185454,,0.037330095625015595,,0.000880445129246058
TCN3_e236b6c6,TCN3,loso_subject_S005,21,0.00240227117750152,,0.0358486123109143,,0.0008681980515339459
TCN3_e236b6c6,TCN3,loso_subject_S005,22,0.0024224134367633043,,0.03601853050161214,,0.0008554603354898234
TCN3_e236b6c6,TCN3,loso_subject_S005,23,0.0022638529698424353,,0.034298042166208326,,0.0008422516217485822
TCN3_e236b6c6,TCN3,loso_subject_S005,24,0.0019518592820927752,,0.032221938123644336,,0.0008285922771894248
TCN3_e236b6c6,TCN3,loso_subject_S005,25,0.002033316069734033,,0.032619087188980926,,0.0008145033635316124
TCN3_e236b6c6,TCN3,loso_subject_S005,26,0.001877957690764509,,0.03206954024270455,,0.0008000066048588205
TCN3_e236b6c6,TCN3,loso_subject_S005,27,0.0017987743240670407,,0.0310792886449663,,0.0007851243541221765
TCN3_e236b6c6,TCN3,loso_subject_S005,28,0.0017201477547694995,,0.029773979603784785,,0.0007698795586736293
TCN3_e236b6c6,TCN3,loso_subject_S005,29,0.0016834227035659828,,0.02991893996473257,,0.0007542957248827956
TCN3_e236b6c6,TCN3,loso_subject_S005,30,0.001586280416215726,,0.02864130508411966,,0.0007383968818918422
TCN3_e236b6c6,TCN3,loso_subject_S005,31,0.0015969511643085235,,0.02853005012873369,,0.00072220754456429
TCN3_e236b6c6,TCN3,loso_subject_S005,32,0.0014184509117055211,,0.027357043680758954,,0.0007057526756848715
TCN3_e236b6c6,TCN3,loso_subject_S005,33,0.0013905216247329846,,0.026855837579141763,,0.000689057647468726
TCN3_e236b6c6,TCN3,loso_subject_S005,34,0.0013880699788342543,,0.02719613709430418,,0.000672148202439283
TCN3_e236b6c6,TCN3,loso_subject_S005,35,0.001483685075944047,,0.02726813214959446,,0.0006550504137351571
TCN3_e236b6c6,TCN3,loso_subject_S005,36,0.0012511331160402872,,0.025946010876057093,,0.0006377906449072574
TCN3_e236b6c6,TCN3,loso_subject_S005,37,0.0013229473494303908,,0.026360708800482177,,0.0006203955092681036
TCN3_e236b6c6,TCN3,loso_subject_S005,38,0.0012125206363392653,,0.024992692044897742,,0.0006028918288560267
TCN3_e236b6c6,TCN3,loso_subject_S005,39,0.0012484701137760311,,0.025645137820011814,,0.00058530659307753
TCN3_e236b6c6,TCN3,loso_subject_S005,40,0.0012433785896029312,,0.025239735170249022,,0.0005676669170915806
TCN3_e236b6c6,TCN3,loso_subject_S005,41,0.0011963180114183515,,0.02442541869018716,,0.0005499999999999997
TCN3_e236b6c6,TCN3,loso_subject_S005,42,0.0010654553982934213,,0.02367395199581278,,0.000532333082908419
TCN3_e236b6c6,TCN3,loso_subject_S005,43,0.0010801272193014647,,0.02322363451492122,,0.0005146934069224697
TCN3_e236b6c6,TCN3,loso_subject_S005,44,0.0010685885685123007,,0.02385401263945699,,0.000497108171143973
TCN3_e236b6c6,TCN3,loso_subject_S005,45,0.0010935964439252848,,0.023864561613464688,,0.00047960449073189616
TCN3_e236b6c6,TCN3,loso_subject_S005,46,0.0010677637358437954,,0.023044346935280593,,0.00046220935509274226
TCN3_e236b6c6,TCN3,loso_subject_S005,47,0.000997619173917345,,0.023243572244853038,,0.00044494958626484254
TCN3_e236b6c6,TCN3,loso_subject_S005,48,0.0009268734243381167,,0.022070120785384267,,0.00042785179756071645
TCN3_e236b6c6,TCN3,loso_subject_S005,49,0.0008840073414520754,,0.02144254840746977,,0.0004109423525312737
TCN3_e236b6c6,TCN3,loso_subject_S005,50,0.0009781818839619497,,0.022049450340108953,,0.0003942473243151282
TCN3_e236b6c6,TCN3,loso_subject_S005,51,0.0009844665072137407,,0.022440091484542984,,0.0003777924554357096
TCN3_e236b6c6,TCN3,loso_subject_S005,52,0.0009822284184236674,,0.021735633756847225,,0.0003616031181081575
TCN3_e236b6c6,TCN3,loso_subject_S005,53,0.0008503782531918045,,0.020928520577295117,,0.000345704275117204
TCN3_e236b6c6,TCN3,loso_subject_S005,54,0.0008674911725874068,,0.02093556014450392,,0.00033012044132637024
TCN3_e236b6c6,TCN3,loso_subject_S005,55,0.0008885707766646804,,0.021428065129306985,,0.00031487564587782306
TCN3_e236b6c6,TCN3,loso_subject_S005,56,0.0008674600551825977,,0.021034036439134148,,0.00029999339514117897
TCN3_e236b6c6,TCN3,loso_subject_S005,57,0.0008157437701488404,,0.02050465113725519,,0.0002854966364683872
TCN3_e236b6c6,TCN3,loso_subject_S005,58,0.0008199215178625598,,0.020403126199455564,,0.0002714077228105749
TCN3_e236b6c6,TCN3,loso_subject_S005,59,0.0007823598968376467,,0.019860260131700683,,0.00025774837825141746
TCN3_e236b6c6,TCN3,loso_subject_S005,60,0.000780800730901172,,0.020061475486822345,,0.0002445396645101764
TCN3_e236b6c6,TCN3,loso_subject_S005,61,0.0007262125217260253,,0.019286941614343262,,0.0002318019484660537
TCN3_e236b6c6,TCN3,loso_subject_S005,62,0.0007562655546390991,,0.019765933270941952,,0.00021955487075394156
TCN3_e236b6c6,TCN3,loso_subject_S005,63,0.0007457855306516062,,0.01952776165163874,,0.0002078173154799862
TCN3_e236b6c6,TCN3,loso_subject_S005,64,0.0007713195002262845,,0.019640631811942363,,0.00019660738110366478
TCN3_e236b6c6,TCN3,loso_subject_S005,65,0.000763732128856475,,0.01968833242631121,,0.00018594235253127373
TCN3_e236b6c6,TCN3,loso_subject_S005,66,0.0007558210889130705,,0.01950932513472944,,0.00017583867446385477
TCN3_e236b6c6,TCN3,loso_subject_S005,67,0.000738225966779498,,0.019299816122632544,,0.00016631192604065853
TCN3_e236b6c6,TCN3,loso_subject_S005,68,0.0007549530192385457,,0.019468347037533005,,0.00015737679681724137
TCN3_e236b6c6,TCN3,loso_subject_S005,69,0.0007483530452413103,,0.01944384806762675,,0.0001490470641152345
TCN3_e236b6c6,TCN3,loso_subject_S005,70,0.0006672880921937777,,0.018604862928642316,,0.00014133557177871338
TCN3_e236b6c6,TCN3,loso_subject_S005,71,0.0006555467610350423,,0.018532092265813455,,0.00013425421036992097
TCN3_e236b6c6,TCN3,loso_subject_S005,72,0.0006655611684997316,,0.018652579877740934,,0.00012781389883488212
TCN3_e236b6c6,TCN3,loso_subject_S005,73,0.000746343695664082,,0.01879750479928312,,0.0001220245676671809
TCN3_e236b6c6,TCN3,loso_subject_S005,74,0.0007652200263459098,,0.01897641929822402,,0.00011689514359585877
TCN3_e236b6c6,TCN3,loso_subject_S005,75,0.0006464001625960457,,0.018308211924503243,,0.00011243353582104555
TCN3_e236b6c6,TCN3,loso_subject_S005,76,0.0006368893908861094,,0.018110667692490194,,0.0001086466238185463
TCN3_e236b6c6,TCN3,loso_subject_S005,77,0.000636230534101137,,0.018134465870736544,,0.00010554024673218805
TCN3_e236b6c6,TCN3,loso_subject_S005,78,0.0006470300984568756,,0.01823761971656917,,0.00010311919437028317
TCN3_e236b6c6,TCN3,loso_subject_S005,79,0.0006674867168544073,,0.018199347337034717,,0.00010138719982009242
TCN3_e236b6c6,TCN3,loso_subject_S005,80,0.0006653704064464146,,0.01841745510688529,,0.0001003469336916747
TCN3_e236b6c6,TCN3,loso_subject_S006,1,0.20828043577395533,,0.3254108624682001,,0.001
TCN3_e236b6c6,TCN3,loso_subject_S006,2,0.041963892274917675,,0.1526216517460428,,0.0009996530663083252
TCN3_e236b6c6,TCN3,loso_subject_S006,3,0.0244682892833067,,0.11754661044894421,,0.0009986128001799074
TCN3_e236b6c6,TCN3,loso_subject_S006,4,0.016482314197197385,,0.09692975762779707,,0.0009968808056297167
TCN3_e236b6c6,TCN3,loso_subject_S006,5,0.01303292060744026,,0.08551552185886785,,0.0009944597532678117
TCN3_e236b6c6,TCN3,loso_subject_S006,6,0.010003007971841492,,0.07447445037981465,,0.0009913533761814533
TCN3_e236b6c6,TCN3,loso_subject_S006,7,0.008546644194132608,,0.06897361825478159,,0.000987566464178954
TCN3_e236b6c6,TCN3,loso_subject_S006,8,0.0067498563273087385,,0.06109035438783381,,0.0009831048564041408
TCN3_e236b6c6,TCN3,loso_subject_S006,9,0.006132850476734562,,0.05698503824952538,,0.0009779754323328187
TCN3_e236b6c6,TCN3,loso_subject_S006,10,0.005236600959370897,,0.053070268766353554,,0.0009721861011651174
TCN3_e236b6c6,TCN3,loso_subject_S006,11,0.004859510704755647,,0.05068518830041318,,0.0009657457896300785
TCN3_e236b6c6,TCN3,loso_subject_S006,12,0.004237623176658931,,0.048543040740817306,,0.000958664428221286
TCN3_e236b6c6,TCN3,loso_subject_S006,13,0.0038237457911673616,,0.045294372335042236,,0.000950952935884765
TCN3_e236b6c6,TCN3,loso_subject_S006,14,0.00364904550758768,,0.043742642795466725,,0.0009426232031827582
TCN3_e236b6c6,TCN3,loso_subject_S006,15,0.003235875705610833,,0.04071273575419692,,0.0009336880739593409
TCN3_e236b6c6,TCN3,loso_subject_S006,16,0.002981703894668913,,0.04016030116062143,,0.0009241613255361449
TCN3_e236b6c6,TCN3,loso_subject_S006,17,0.002970782715989196,,0.03888224881969273,,0.0009140576474687258
TCN3_e236b6c6,TCN3,loso_subject_S006,18,0.0025770775840598535,,0.03770939943549016,,0.0009033926188963346
TCN3_e236b6c6,TCN3,loso_subject_S006,19,0.0024126466226207788,,0.03597635976987245,,0.0008921826845200134
TCN3_e236b6c6,TCN3,loso_subject_S006,20,0.002322329965354001,,0.034728146748493685,,0.000880445129246058
TCN3_e236b6c6,TCN3,loso_subject_S006,21,0.00213124298941327,,0.03384276156396833,,0.0008681980515339459
TCN3_e236b6c6,TCN3,loso_subject_S006,22,0.0020701786027944196,,0.033329436159106635,,0.0008554603354898234
TCN3_e236b6c6,TCN3,loso_subject_S006,23,0.0019787510492555475,,0.03219740503644507,,0.0008422516217485822
TCN3_e236b6c6,TCN3,loso_subject_S006,24,0.0021266990945433654,,0.03348966891231608,,0.0008285922771894248
TCN3_e236b6c6,TCN3,loso_subject_S006,25,0.0018663831626318686,,0.031293852523276135,,0.0008145033635316124
TCN3_e236b6c6,TCN3,loso_subject_S006,26,0.0017777268979400056,,0.030758765221358165,,0.0008000066048588205
TCN3_e236b6c6,TCN3,loso_subject_S006,27,0.0017353021363925947,,0.03047998073922142,,0.0007851243541221765
TCN3_e236b6c6,TCN3,loso_subject_S006,28,0.0016172280699202207,,0.029412688555311012,,0.0007698795586736293
TCN3_e236b6c6,TCN3,loso_subject_S006,29,0.0015278634006792608,,0.02881851189639803,,0.0007542957248827956
TCN3_e236b6c6,TCN3,loso_subject_S006,30,0.001454521353661298,,0.02806252046345437,,0.0007383968818918422
TCN3_e236b6c6,TCN3,loso_subject_S006,31,0.001454577760747474,,0.02800186335597213,,0.00072220754456429
TCN3_e236b6c6,TCN3,loso_subject_S006,32,0.0014527528528102782,,0.02775152880928609,,0.0007057526756848715
TCN3_e236b6c6,TCN3,loso_subject_S006,33,0.0013410430777182874,,0.026661719120953668,,0.000689057647468726
TCN3_e236b6c6,TCN3,loso_subject_S006,34,0.0013292577885969349,,0.026112428996328357,,0.000672148202439283
TCN3_e236b6c6,TCN3,loso_subject_S006,35,0.001286802441920676,,0.025772965992683677,,0.0006550504137351571
TCN3_e236b6c6,TCN3,loso_subject_S006,36,0.0012548711450314427,,0.025946909872904524,,0.0006377906449072574
TCN3_e236b6c6,TCN3,loso_subject_S006,37,0.001150708999356907,,0.025017108035101224,,0.0006203955092681036
TCN3_e236b6c6,TCN3,loso_subject_S006,38,0.001246863269104326,,0.02501859931057869,,0.0006028918288560267
TCN3_e236b6c6,TCN3,loso_subject_S006,39,0.0011933636040431053,,0.024978269309282847,,0.00058530659307753
TCN3_e236b6c6,TCN3,loso_subject_S006,40,0.001043743388119923,,0.023312371573677326,,0.0005676669170915806
TCN3_e236b6c6,TCN3,loso_subject_S006,41,0.0011033799855711974,,0.02417344442255437,,0.0005499999999999997
TCN3_e236b6c6,TCN3,loso_subject_S006,42,0.0010842848124272388,,0.024212064251337772,,0.000532333082908419
TCN3_e236b6c6,TCN3,loso_subject_S006,43,0.0010621001308856349,,0.023723067187233157,,0.0005146934069224697
TCN3_e236b6c6,TCN3,loso_subject_S006,44,0.0010527849837538767,,0.023987593662070466,,0.000497108171143973
TCN3_e236b6c6,TCN3,loso_subject_S006,45,0.0010281458744929477,,0.023020682681684362,,0.00047960449073189616
TCN3_e236b6c6,TCN3,loso_subject_S006,46,0.0011003662121335143,,0.023641614597162883,,0.00046220935509274226
TCN3_e236b6c6,TCN3,loso_subject_S006,47,0.0009608361238690446,,0.02189330290363637,,0.00044494958626484254
TCN3_e236b6c6,TCN3,loso_subject_S006,48,0.0008882660566865375,,0.021631370219711035,,0.00042785179756071645
TCN3_e236b6c6,TCN3,loso_subject_S006,49,0.0008932867692676916,,0.021480203075526234,,0.0004109423525312737
TCN3_e236b6c6,TCN3,loso_subject_S006,50,0.000968181901639093,,0.02215109893400009,,0.0003942473243151282
TCN3_e236b6c6,TCN3,loso_subject_S006,51,0.0008766982020827295,,0.02164200331921981,,0.0003777924554357096
TCN3_e236b6c6,TCN3,loso_subject_S006,52,0.0008453868867113368,,0.021167642588234874,,0.0003616031181081575
TCN3_e236b6c6,TCN3,loso_subject_S006,53,0.0008798417618212629,,0.021282766299914713,,0.000345704275117204
TCN3_e236b6c6,TCN3,loso_subject_S006,54,0.0008175478806214096,,0.020650162704681094,,0.00033012044132637024
TCN3_e236b6c6,TCN3,loso_subject_S006,55,0.000759592986542058,,0.019964185127779602,,0.00031487564587782306
TCN3_e236b6c6,TCN3,loso_subject_S006,56,0.0007580801629081999,,0.020170398815204677,,0.00029999339514117897
TCN3_e236b6c6,TCN3,loso_subject_S006,57,0.0007572045009764384,,0.01989231992606713,,0.0002854966364683872
TCN3_e236b6c6,TCN3,loso_subject_S006,58,0.0007913970605318926,,0.020213367604997937,,0.0002714077228105749
TCN3_e236b6c6,TCN3,loso_subject_S006,59,0.0008758805283010688,,0.020756402609175075,,0.00025774837825141746
TCN3_e236b6c6,TCN3,loso_subject_S006,60,0.000747240485076833,,0.019671693197035954,,0.0002445396645101764
TCN3_e236b6c6,TCN3,loso_subject_S006,61,0.0007597819830874915,,0.01970196332893328,,0.0002318019484660537
TCN3_e236b6c6,TCN3,loso_subject_S006,62,0.0007221802545112539,,0.01930967642066817,,0.00021955487075394156
TCN3_e236b6c6,TCN3,loso_subject_S006,63,0.0007406997060705854,,0.019193018336931683,,0.0002078173154799862
TCN3_e236b6c6,TCN3,loso_subject_S006,64,0.0007063414911085258,,0.019123317383962855,,0.00019660738110366478
TCN3_e236b6c6,TCN3,loso_subject_S006,65,0.0007641371558670773,,0.019529074029805187,,0.00018594235253127373
TCN3_e236b6c6,TCN3,loso_subject_S006,66,0.0007140142598042363,,0.019062235079773913,,0.00017583867446385477
TCN3_e236b6c6,TCN3,loso_subject_S006,67,0.0006927510133935927,,0.01909849121186294,,0.00016631192604065853
TCN3_e236b6c6,TCN3,loso_subject_S006,68,0.0006807364521546021,,0.01852879301992243,,0.00015737679681724137
TCN3_e236b6c6,TCN3,loso_subject_S006,69,0.0006647740600756381,,0.018644377776768986,,0.0001490470641152345
TCN3_e236b6c6,TCN3,loso_subject_S006,70,0.0006395514563761771,,0.01843473630226313,,0.00014133557177871338
TCN3_e236b6c6,TCN3,loso_subject_S006,71,0.0006476312409420402,,0.018513980200109276,,0.00013425421036992097
TCN3_e236b6c6,TCN3,loso_subject_S006,72,0.0006435874182767143,,0.018335204805914544,,0.00012781389883488212
TCN3_e236b6c6,TCN3,loso_subject_S006,73,0.0006090273232960081,,0.017797352196286417,,0.0001220245676671809
TCN3_e236b6c6,TCN3,loso_subject_S006,74,0.0006241226541912034,,0.018193408288487853,,0.00011689514359585877
TCN3_e236b6c6,TCN3,loso_subject_S006,75,0.0006454033086884094,,0.018294952762924834,,0.00011243353582104555
TCN3_e236b6c6,TCN3,loso_subject_S006,76,0.0006623996944631316,,0.018362463206837053,,0.0001086466238185463
TCN3_e236b6c6,TCN3,loso_subject_S006,77,0.0006602426882443237,,0.01820399799731558,,0.00010554024673218805
TCN3_e236b6c6,TCN3,loso_subject_S006,78,0.0006436435308614299,,0.018195099800450032,,0.00010311919437028317
TCN3_e236b6c6,TCN3,loso_subject_S006,79,0.0006148794713084857,,0.018056187211819317,,0.00010138719982009242
TCN3_e236b6c6,TCN3,loso_subject_S006,80,0.0006003181667981384,,0.01774433396705501,,0.0001003469336916747
TCN3_e236b6c6,TCN3,loso_subject_S007,1,0.22454149513300564,,0.34424757151659635,,0.001
TCN3_e236b6c6,TCN3,loso_subject_S007,2,0.04907405351526227,,0.16856430136650538,,0.0009996530663083252
TCN3_e236b6c6,TCN3,loso_subject_S007,3,0.028374948358037604,,0.1283654336355998,,0.0009986128001799074
TCN3_e236b6c6,TCN3,loso_subject_S007,4,0.019811038608468872,,0.10594010218497246,,0.0009968808056297167
TCN3_e236b6c6,TCN3,loso_subject_S007,5,0.015066808337602447,,0.09149382432971882,,0.0009944597532678117
TCN3_e236b6c6,TCN3,loso_subject_S007,6,0.012091768082897685,,0.08233371640929728,,0.0009913533761814533
TCN3_e236b6c6,TCN3,loso_subject_S007,7,0.009566591806775314,,0.07280049876820656,,0.000987566464178954
TCN3_e236b6c6,TCN3,loso_subject_S007,8,0.008302502524479132,,0.06850613248575468,,0.0009831048564041408
TCN3_e236b6c6,TCN3,loso_subject_S007,9,0.0066491421358523305,,0.059773972833698445,,0.0009779754323328187
TCN3_e236b6c6,TCN3,loso_subject_S007,10,0.005846968192410522,,0.055410030305036,,0.0009721861011651174
TCN3_e236b6c6,TCN3,loso_subject_S007,11,0.005127531206754209,,0.052759879606822366,,0.0009657457896300785
TCN3_e236b6c6,TCN3,loso_subject_S007,12,0.005178956690591233,,0.052343231553206346,,0.000958664428221286
TCN3_e236b6c6,TCN3,loso_subject_S007,13,0.0040157399443456155,,0.04655879610969174,,0.000950952935884765
TCN3_e236b6c6,TCN3,loso_subject_S007,14,0.004148584140240709,,0.04623790128140156,,0.0009426232031827582
TCN3_e236b6c6,TCN3,loso_subject_S007,15,0.0033383167269598704,,0.042903172875866515,,0.0009336880739593409
TCN3_e236b6c6,TCN3,loso_subject_S007,16,0.003292361338407107,,0.04187292753557655,,0.0009241613255361449
TCN3_e236b6c6,TCN3,loso_subject_S007,17,0.003040089301185961,,0.04017946141337719,,0.0009140576474687258
TCN3_e236b6c6,TCN3,loso_subject_S007,18,0.002526198998038982,,0.03703242470005041,,0.0009033926188963346
TCN3_e236b6c6,TCN3,loso_subject_S007,19,0.0026662415609069582,,0.03749813387864146,,0.0008921826845200134
TCN3_e236b6c6,TCN3,loso_subject_S007,20,0.002380514135543268,,0.0356388202903907,,0.000880445129246058
TCN3_e236b6c6,TCN3,loso_subject_S007,21,0.0022327324381655306,,0.034384745800774816,,0.0008681980515339459
TCN3_e236b6c6,TCN3,loso_subject_S007,22,0.0022469278269302635,,0.034012410680482115,,0.0008554603354898234
TCN3_e236b6c6,TCN3,loso_subject_S007,23,0.001938362988640617,,0.03221111442904668,,0.0008422516217485822
TCN3_e236b6c6,TCN3,loso_subject_S007,24,0.0019409184512078675,,0.03140952520487595,,0.0008285922771894248
TCN3_e236b6c6,TCN3,loso_subject_S007,25,0.001899688014736033,,0.03140354005953084,,0.0008145033635316124
TCN3_e236b6c6,TCN3,loso_subject_S007,26,0.0017431742862642598,,0.030084850665323896,,0.0008000066048588205
TCN3_e236b6c6,TCN3,loso_subject_S007,27,0.001555746264006025,,0.028737756270161473,,0.0007851243541221765
TCN3_e236b6c6,TCN3,loso_subject_S007,28,0.0015592064696863905,,0.028491313231131198,,0.0007698795586736293
TCN3_e236b6c6,TCN3,loso_subject_S007,29,0.001573604262875027,,0.028391014028591843,,0.0007542957248827956
TCN3_e236b6c6,TCN3,loso_subject_S007,30,0.0013841375558366698,,0.026775933112785266,,0.0007383968818918422
TCN3_e236b6c6,TCN3,loso_subject_S007,31,0.0014187775128944354,,0.027009432876477144,,0.00072220754456429
TCN3_e236b6c6,TCN3,loso_subject_S007,32,0.0013107026660885892,,0.026101039894078134,,0.0007057526756848715
TCN3_e236b6c6,TCN3,loso_subject_S007,33,0.0012598240791746249,,0.025693188357519263,,0.000689057647468726
TCN3_e236b6c6,TCN3,loso_subject_S007,34,0.001220814662383285,,0.025522646028275364,,0.000672148202439283
TCN3_e236b6c6,TCN3,loso_subject_S007,35,0.0012151085614579076,,0.025303505175361885,,0.0006550504137351571
TCN3_e236b6c6,TCN3,loso_subject_S007,36,0.0012484547129731156,,0.025707813841768724,,0.0006377906449072574
TCN3_e236b6c6,TCN3,loso_subject_S007,37,0.0011142295037595627,,0.024038795324976492,,0.0006203955092681036
TCN3_e236b6c6,TCN3,loso_subject_S007,38,0.001171623781539194,,0.02473201309917959,,0.0006028918288560267
TCN3_e236b6c6,TCN3,loso_subject_S007,39,0.0011107146975862907,,0.023876694313460782,,0.00058530659307753
TCN3_e236b6c6,TCN3,loso_subject_S007,40,0.0010246811590984989,,0.023188876693855283,,0.0005676669170915806
TCN3_e236b6c6,TCN3,loso_subject_S007,41,0.0010213525871585105,,0.023294592216130224,,0.0005499999999999997
TCN3_e236b6c6,TCN3,loso_subject_S007,42,0.0009677634757801431,,0.022744183521990903,,0.000532333082908419
TCN3_e236b6c6,TCN3,loso_subject_S007,43,0.0009377523177730799,,0.02196999520904595,,0.0005146934069224697
TCN3_e236b6c6,TCN3,loso_subject_S007,44,0.0010202569866558412,,0.022774423475314446,,0.000497108171143973
TCN3_e236b6c6,TCN3,loso_subject_S007,45,0.0008990921926086556,,0.02170393587447856,,0.00047960449073189616
TCN3_e236b6c6,TCN3,loso_subject_S007,46,0.0009084147166275034,,0.02173773448619325,,0.00046220935509274226
TCN3_e236b6c6,TCN3,loso_subject_S007,47,0.0009659090294786715,,0.021881177206455438,,0.00044494958626484254
TCN3_e236b6c6,TCN3,loso_subject_S007,48,0.0008757538689625425,,0.02113557968539926,,0.00042785179756071645
TCN3_e236b6c6,TCN3,loso_subject_S007,49,0.0008234929067391323,,0.020824826178837384,,0.0004109423525312737
TCN3_e236b6c6,TCN3,loso_subject_S007,50,0.0007842489481354651,,0.02025566071031555,,0.0003942473243151282
TCN3_e236b6c6,TCN3,loso_subject_S007,51,0.0008359149643260975,,0.02102492073130223,,0.0003777924554357096
TCN3_e236b6c6,TCN3,loso_subject_S007,52,0.0008085168226242415,,0.020515164774446544,,0.0003616031181081575
TCN3_e236b6c6,TCN3,loso_subject_S007,53,0.0008155285431989782,,0.0206667460086059,,0.000345704275117204
TCN3_e236b6c6,TCN3,loso_subject_S007,54,0.0007700311446076265,,0.019786780073015223,,0.00033012044132637024
TCN3_e236b6c6,TCN3,loso_subject_S007,55,0.0007559906112308726,,0.019627658140099993,,0.00031487564587782306
TCN3_e236b6c6,TCN3,loso_subject_S007,56,0.0007196563060628933,,0.019417908219101665,,0.00029999339514117897
TCN3_e236b6c6,TCN3,loso_subject_S007,57,0.0007027767235385882,,0.019245745853419878,,0.0002854966364683872
TCN3_e236b6c6,TCN3,loso_subject_S007,58,0.0007454996053921468,,0.019839210019520652,,0.0002714077228105749
TCN3_e236b6c6,TCN3,loso_subject_S007,59,0.0006864405000893689,,0.018819847659281623,,0.00025774837825141746
TCN3_e236b6c6,TCN3,loso_subject_S007,60,0.0006840322153025533,,0.018445056925945617,,0.0002445396645101764
TCN3_e236b6c6,TCN3,loso_subject_S007,61,0.0006593032190412327,,0.018607253055811977,,0.0002318019484660537
TCN3_e236b6c6,TCN3,loso_subject_S007,62,0.0007557079534639011,,0.019342237153797903,,0.00021955487075394156
TCN3_e236b6c6,TCN3,loso_subject_S007,63,0.0006747564184138022,,0.018520054385022335,,0.0002078173154799862
TCN3_e236b6c6,TCN3,loso_subject_S007,64,0.0006703602729428046,,0.01878665184760548,,0.00019660738110366478
TCN3_e236b6c6,TCN3,loso_subject_S007,65,0.0006400225061344261,,0.018324778377572813,,0.00018594235253127373
TCN3_e236b6c6,TCN3,loso_subject_S007,66,0.0006267667444364121,,0.017834335618551352,,0.00017583867446385477
TCN3_e236b6c6,TCN3,loso_subject_S007,67,0.0007062687031252861,,0.018578030881294408,,0.00016631192604065853
TCN3_e236b6c6,TCN3,loso_subject_S007,68,0.000633370326207186,,0.017973486468458106,,0.00015737679681724137
TCN3_e236b6c6,TCN3,loso_subject_S007,69,0.000622088166740327,,0.01777138166522875,,0.0001490470641152345
TCN3_e236b6c6,TCN3,loso_subject_S007,70,0.0006101263155805662,,0.017474730523669126,,0.00014133557177871338
TCN3_e236b6c6,TCN3,loso_subject_S007,71,0.0006030886078456859,,0.017456104931943228,,0.00013425421036992097
TCN3_e236b6c6,TCN3,loso_subject_S007,72,0.0005945269837244919,,0.01744651218051435,,0.00012781389883488212
TCN3_e236b6c6,TCN3,loso_subject_S007,73,0.0006091916052176675,,0.017512328552950686,,0.0001220245676671809
TCN3_e236b6c6,TCN3,loso_subject_S007,74,0.0005894287085827014,,0.01752887292112336,,0.00011689514359585877
TCN3_e236b6c6,TCN3,loso_subject_S007,75,0.0006044724861930105,,0.017580092315974474,,0.00011243353582104555
TCN3_e236b6c6,TCN3,loso_subject_S007,76,0.0005723431117353343,,0.017019918657664505,,0.0001086466238185463
TCN3_e236b6c6,TCN3,loso_subject_S007,77,0.0005492983810614543,,0.016896417354645966,,0.00010554024673218805
TCN3_e236b6c6,TCN3,loso_subject_S007,78,0.0005703751475733222,,0.017313718413415193,,0.00010311919437028317
TCN3_e236b6c6,TCN3,loso_subject_S007,79,0.0005799241404628102,,0.017041833047643087,,0.00010138719982009242
TCN3_e236b6c6,TCN3,loso_subject_S007,80,0.000543392428382685,,0.016858630176207538,,0.0001003469336916747
TCN3_e236b6c6,TCN3,loso_subject_S008,1,0.32326163431661054,,0.40192219027397386,,0.001
TCN3_e236b6c6,TCN3,loso_subject_S008,2,0.0650992050675068,,0.18954270923841912,,0.0009996530663083252
TCN3_e236b6c6,TCN3,loso_subject_S008,3,0.035812679305886316,,0.14304120441220844,,0.0009986128001799074
TCN3_e236b6c6,TCN3,loso_subject_S008,4,0.02470822801590735,,0.11724540922637994,,0.0009968808056297167
TCN3_e236b6c6,TCN3,loso_subject_S008,5,0.019321223055067276,,0.10292966655077071,,0.0009944597532678117
TCN3_e236b6c6,TCN3,loso_subject_S008,6,0.014309785236928486,,0.08876356225891308,,0.0009913533761814533
TCN3_e236b6c6,TCN3,loso_subject_S008,7,0.011679071653661019,,0.07924558966710911,,0.000987566464178954
TCN3_e236b6c6,TCN3,loso_subject_S008,8,0.010056706993798703,,0.0726248793622331,,0.0009831048564041408
TCN3_e236b6c6,TCN3,loso_subject_S008,9,0.008462444094554817,,0.06656647007992522,,0.0009779754323328187
TCN3_e236b6c6,TCN3,loso_subject_S008,10,0.00742533714661403,,0.06108425333262652,,0.0009721861011651174
TCN3_e236b6c6,TCN3,loso_subject_S008,11,0.006782725527492633,,0.06017992745071077,,0.0009657457896300785
TCN3_e236b6c6,TCN3,loso_subject_S008,12,0.005554001660847138,,0.0548058641796164,,0.000958664428221286
TCN3_e236b6c6,TCN3,loso_subject_S008,13,0.0047935878760885136,,0.05064501316487738,,0.000950952935884765
TCN3_e236b6c6,TCN3,loso_subject_S008,14,0.0045435423217607,,0.048669160059796115,,0.0009426232031827582
TCN3_e236b6c6,TCN3,loso_subject_S008,15,0.004315643775436289,,0.04772694432183327,,0.0009336880739593409
TCN3_e236b6c6,TCN3,loso_subject_S008,16,0.003955275045479732,,0.04535584151103841,,0.0009241613255361449
TCN3_e236b6c6,TCN3,loso_subject_S008,17,0.003587536128135817,,0.043840270902900595,,0.0009140576474687258
TCN3_e236b6c6,TCN3,loso_subject_S008,18,0.0033016220115206375,,0.042299847667414514,,0.0009033926188963346
TCN3_e236b6c6,TCN3,loso_subject_S008,19,0.003054084786987677,,0.03954443760944842,,0.0008921826845200134
TCN3_e236b6c6,TCN3,loso_subject_S008,20,0.002926448912549137,,0.03942075493746307,,0.000880445129246058
TCN3_e236b6c6,TCN3,loso_subject_S008,21,0.0027739754097430977,,0.037841190604569405,,0.0008681980515339459
TCN3_e236b6c6,TCN3,loso_subject_S008,22,0.0024753480306088046,,0.03595650734089834,,0.0008554603354898234
TCN3_e236b6c6,TCN3,loso_subject_S008,23,0.002661439419088654,,0.03791586786790601,,0.0008422516217485822
TCN3_e236b6c6,TCN3,loso_subject_S008,24,0.002232515706435265,,0.03456540490202296,,0.0008285922771894248
TCN3_e236b6c6,TCN3,loso_subject_S008,25,0.002351743173669326,,0.03439811397058628,,0.0008145033635316124
TCN3_e236b6c6,TCN3,loso_subject_S008,26,0.0021978862672643045,,0.03396383996071106,,0.0008000066048588205
TCN3_e236b6c6,TCN3,loso_subject_S008,27,0.002011627194114833,,0.03268887823410727,,0.0007851243541221765
TCN3_e236b6c6,TCN3,loso_subject_S008,28,0.0018746530061778924,,0.03143190345581346,,0.0007698795586736293
TCN3_e236b6c6,TCN3,loso_subject_S008,29,0.0017720728816896152,,0.030664473784334824,,0.0007542957248827956
TCN3_e236b6c6,TCN3,loso_subject_S008,30,0.0017618191017707047,,0.029887462816309853,,0.0007383968818918422
TCN3_e236b6c6,TCN3,loso_subject_S008,31,0.0017483919322226814,,0.030052257496099744,,0.00072220754456429
TCN3_e236b6c6,TCN3,loso_subject_S008,32,0.0016536628419481557,,0.029485941618031405,,0.0007057526756848715
TCN3_e236b6c6,TCN3,loso_subject_S008,33,0.0016480914827803183,,0.02925389001409304,,0.000689057647468726
TCN3_e236b6c6,TCN3,loso_subject_S008,34,0.001607114464200281,,0.02896236082160237,,0.000672148202439283
TCN3_e236b6c6,TCN3,loso_subject_S008,35,0.0014850207682790308,,0.028503894498761385,,0.0006550504137351571
TCN3_e236b6c6,TCN3,loso_subject_S008,36,0.0015204098005318367,,0.027842427475432936,,0.0006377906449072574
TCN3_e236b6c6,TCN3,loso_subject_S008,37,0.0014204622182491895,,0.027430937842607226,,0.0006203955092681036
TCN3_e236b6c6,TCN3,loso_subject_S008,38,0.0013573027126191134,,0.026464272651031875,,0.0006028918288560267
TCN3_e236b6c6,TCN3,loso_subject_S008,39,0.001346505510101027,,0.026359462233461656,,0.00058530659307753
TCN3_e236b6c6,TCN3,loso_subject_S008,40,0.0013732887152956325,,0.02667553159898371,,0.0005676669170915806
TCN3_e236b6c6,TCN3,loso_subject_S008,41,0.0012622622309726962,,0.02556413598358631,,0.0005499999999999997
TCN3_e236b6c6,TCN3,loso_subject_S008,42,0.0011650254807504686,,0.02478099808872498,,0.000532333082908419
TCN3_e236b6c6,TCN3,loso_subject_S008,43,0.001161612026285378,,0.02487282441292788,,0.0005146934069224697
TCN3_e236b6c6,TCN3,loso_subject_S008,44,0.0011728584397911912,,0.024528794728298567,,0.000497108171143973
TCN3_e236b6c6,TCN3,loso_subject_S008,45,0.001125243678749097,,0.023810350119529155,,0.00047960449073189616
TCN3_e236b6c6,TCN3,loso_subject_S008,46,0.0011869924369844755,,0.024674247857370178,,0.00046220935509274226
TCN3_e236b6c6,TCN3,loso_subject_S008,47,0.0010537314520169135,,0.023210639267057343,,0.00044494958626484254
TCN3_e236b6c6,TCN3,loso_subject_S008,48,0.0010554003714206425,,0.02304376159979718,,0.00042785179756071645
TCN3_e236b6c6,TCN3,loso_subject_S008,49,0.001013394461089095,,0.023458544240747923,,0.0004109423525312737
TCN3_e236b6c6,TCN3,loso_subject_S008,50,0.0009608112899676032,,0.022524235663806808,,0.0003942473243151282
TCN3_e236b6c6,TCN3,loso_subject_S008,51,0.0010347442853296293,,0.02316217933086225,,0.0003777924554357096
TCN3_e236b6c6,TCN3,loso_subject_S008,52,0.0010582347556263325,,0.023546009252645377,,0.0003616031181081575
TCN3_e236b6c6,TCN3,loso_subject_S008,53,0.0009932453629901568,,0.02264092038491068,,0.000345704275117204
TCN3_e236b6c6,TCN3,loso_subject_S008,54,0.0008871339356413489,,0.021688820842299894,,0.00033012044132637024
TCN3_e236b6c6,TCN3,loso_subject_S008,55,0.0009471172049087676,,0.022156541731720297,,0.00031487564587782306
TCN3_e236b6c6,TCN3,loso_subject_S008,56,0.000964138660393495,,0.022110598515436067,,0.00029999339514117897
TCN3_e236b6c6,TCN3,loso_subject_S008,57,0.0009466311651310591,,0.021790858769988583,,0.0002854966364683872
TCN3_e236b6c6,TCN3,loso_subject_S008,58,0.0009522921588551761,,0.0221590685826687,,0.0002714077228105749
TCN3_e236b6c6,TCN3,loso_subject_S008,59,0.0009312762476272554,,0.02182375666011549,,0.00025774837825141746
TCN3_e236b6c6,TCN3,loso_subject_S008,60,0.000870527625774336,,0.02122296652416633,,0.0002445396645101764
TCN3_e236b6c6,TCN3,loso_subject_S008,61,0.0008933158292889687,,0.02126649422995727,,0.0002318019484660537
TCN3_e236b6c6,TCN3,loso_subject_S008,62,0.0009266128482784225,,0.02130370118324347,,0.00021955487075394156
TCN3_e236b6c6,TCN3,loso_subject_S008,63,0.0008304671224711208,,0.02063982091803485,,0.0002078173154799862
TCN3_e236b6c6,TCN3,loso_subject_S008,64,0.000788285423651501,,0.02064003221421434,,0.00019660738110366478
TCN3_e236b6c6,TCN3,loso_subject_S008,65,0.0007956137412183889,,0.020406177680344372,,0.00018594235253127373
TCN3_e236b6c6,TCN3,loso_subject_S008,66,0.0008328471226355418,,0.020551499396515568,,0.00017583867446385477
TCN3_e236b6c6,TCN3,loso_subject_S008,67,0.0008662662387790561,,0.020439773525028848,,0.00016631192604065853
TCN3_e236b6c6,TCN3,loso_subject_S008,68,0.0008250173362044621,,0.020194561168624094,,0.00015737679681724137
TCN3_e236b6c6,TCN3,loso_subject_S008,69,0.0007298559940037894,,0.019576766030077165,,0.0001490470641152345
TCN3_e236b6c6,TCN3,loso_subject_S008,70,0.0007838302573770315,,0.01994554297413633,,0.00014133557177871338
TCN3_e236b6c6,TCN3,loso_subject_S008,71,0.0007284721852631282,,0.019454448129463613,,0.00013425421036992097
TCN3_e236b6c6,TCN3,loso_subject_S008,72,0.0007380243210650282,,0.019626644965349892,,0.00012781389883488212
TCN3_e236b6c6,TCN3,loso_subject_S008,73,0.0007686454311550328,,0.019827075697885464,,0.0001220245676671809
TCN3_e236b6c6,TCN3,loso_subject_S008,74,0.0007230048669808752,,0.01939461019839894,,0.00011689514359585877
TCN3_e236b6c6,TCN3,loso_subject_S008,75,0.0007160154455832833,,0.01937287349113941,,0.00011243353582104555
TCN3_e236b6c6,TCN3,loso_subject_S008,76,0.0007228059760608144,,0.019304636149000295,,0.0001086466238185463
TCN3_e236b6c6,TCN3,loso_subject_S008,77,0.0007471279409574625,,0.019529820131664124,,0.00010554024673218805
TCN3_e236b6c6,TCN3,loso_subject_S008,78,0.0006953872600750603,,0.0191450818821869,,0.00010311919437028317
TCN3_e236b6c6,TCN3,loso_subject_S008,79,0.0007468107940881787,,0.019300412011669602,,0.00010138719982009242
TCN3_e236b6c6,TCN3,loso_subject_S008,80,0.0007192888175283436,,0.019460163301683306,,0.0001003469336916747
TCN3_e236b6c6,TCN3,loso_subject_S009,1,0.2640523804384047,,0.37308666090055487,,0.001
TCN3_e236b6c6,TCN3,loso_subject_S009,2,0.05237046327170567,,0.1730308143245451,,0.0009996530663083252
TCN3_e236b6c6,TCN3,loso_subject_S009,3,0.03124314817608184,,0.13388491545243802,,0.0009986128001799074
TCN3_e236b6c6,TCN3,loso_subject_S009,4,0.020995863405343273,,0.10884188532066287,,0.0009968808056297167
TCN3_e236b6c6,TCN3,loso_subject_S009,5,0.016836481099038254,,0.09752109734678152,,0.0009944597532678117
TCN3_e236b6c6,TCN3,loso_subject_S009,6,0.013548021512466554,,0.08726574030228774,,0.0009913533761814533
TCN3_e236b6c6,TCN3,loso_subject_S009,7,0.011339994501384955,,0.07914907170964319,,0.000987566464178954
TCN3_e236b6c6,TCN3,loso_subject_S009,8,0.009253694462405131,,0.07141608472360557,,0.0009831048564041408
TCN3_e236b6c6,TCN3,loso_subject_S009,9,0.007400308200605248,,0.06329252985066228,,0.0009779754323328187
TCN3_e236b6c6,TCN3,loso_subject_S009,10,0.006546916820989403,,0.05936395419952856,,0.0009721861011651174
TCN3_e236b6c6,TCN3,loso_subject_S009,11,0.006155512461575592,,0.05644544203110273,,0.0009657457896300785
TCN3_e236b6c6,TCN3,loso_subject_S009,12,0.005634550598167003,,0.054733134826593595,,0.000958664428221286
TCN3_e236b6c6,TCN3,loso_subject_S009,13,0.004692768653835142,,0.0496301905481109,,0.000950952935884765
TCN3_e236b6c6,TCN3,loso_subject_S009,14,0.004767543165349844,,0.050426745387029806,,0.0009426232031827582
TCN3_e236b6c6,TCN3,loso_subject_S009,15,0.004136061166855656,,0.0467012801940795,,0.0009336880739593409
TCN3_e236b6c6,TCN3,loso_subject_S009,16,0.0036815219633712687,,0.04257458648129194,,0.0009241613255361449
TCN3_e236b6c6,TCN3,loso_subject_S009,17,0.003427030159434697,,0.0418181285155379,,0.0009140576474687258
TCN3_e236b6c6,TCN3,loso_subject_S009,18,0.0031644165449477993,,0.040230487004099584,,0.0009033926188963346
TCN3_e236b6c6,TCN3,loso_subject_S009,19,0.0032067240037152323,,0.040699506238107454,,0.0008921826845200134
TCN3_e236b6c6,TCN3,loso_subject_S009,20,0.002903626963440289,,0.03791987188205836,,0.000880445129246058
TCN3_e236b6c6,TCN3,loso_subject_S009,21,0.002633034498085907,,0.036670173124655175,,0.0008681980515339459
TCN3_e236b6c6,TCN3,loso_subject_S009,22,0.0026407305726949526,,0.0357399385823269,,0.0008554603354898234
TCN3_e236b6c6,TCN3,loso_subject_S009,23,0.002382428270339011,,0.03441216762063253,,0.0008422516217485822
TCN3_e236b6c6,TCN3,loso_subject_S009,24,0.0022298794886802973,,0.03371816342971885,,0.0008285922771894248
TCN3_e236b6c6,TCN3,loso_subject_S009,25,0.002256384222217288,,0.03366066689561304,,0.0008145033635316124
TCN3_e236b6c6,TCN3,loso_subject_S009,26,0.0020482389257635487,,0.032263523111325944,,0.0008000066048588205
TCN3_e236b6c6,TCN3,loso_subject_S009,27,0.0020897905125133115,,0.032353519651379135,,0.0007851243541221765
TCN3_e236b6c6,TCN3,loso_subject_S009,28,0.0019550774360634214,,0.030931607389488223,,0.0007698795586736293
TCN3_e236b6c6,TCN3,loso_subject_S009,29,0.0019734839245839357,,0.031179668754225676,,0.0007542957248827956
TCN3_e236b6c6,TCN3,loso_subject_S009,30,0.0017117220722905285,,0.02913440731818158,,0.0007383968818918422
TCN3_e236b6c6,TCN3,loso_subject_S009,31,0.0017318941213298987,,0.029504783231287024,,0.00072220754456429
TCN3_e236b6c6,TCN3,loso_subject_S009,32,0.0016323710109525313,,0.02850753546762543,,0.0007057526756848715
TCN3_e236b6c6,TCN3,loso_subject_S009,33,0.0015528747713700259,,0.027811480895552246,,0.000689057647468726
TCN3_e236b6c6,TCN3,loso_subject_S009,34,0.0014650750814371337,,0.026989842322505998,,0.000672148202439283
TCN3_e236b6c6,TCN3,loso_subject_S009,35,0.0015314927668682833,,0.027882789466297325,,0.0006550504137351571
TCN3_e236b6c6,TCN3,loso_subject_S009,36,0.0014768074510655377,,0.026878360661154874,,0.0006377906449072574
TCN3_e236b6c6,TCN3,loso_subject_S009,37,0.0014171084885727314,,0.027135224154526162,,0.0006203955092681036
TCN3_e236b6c6,TCN3,loso_subject_S009,38,0.0011787724845691565,,0.025244975159400593,,0.0006028918288560267
TCN3_e236b6c6,TCN3,loso_subject_S009,39,0.0013442985671861917,,0.025503759043894684,,0.00058530659307753
TCN3_e236b6c6,TCN3,loso_subject_S009,40,0.001294921191784768,,0.025032284290066254,,0.0005676669170915806
TCN3_e236b6c6,TCN3,loso_subject_S009,41,0.0012614543449871085,,0.024894321004098524,,0.0005499999999999997
TCN3_e236b6c6,TCN3,loso_subject_S009,42,0.0011735386072514089,,0.024609864539251354,,0.000532333082908419
TCN3_e236b6c6,TCN3,loso_subject_S009,43,0.0013365882315582952,,0.025693987719589747,,0.0005146934069224697
TCN3_e236b6c6,TCN3,loso_subject_S009,44,0.0011877696940319,,0.02444709084090101,,0.000497108171143973
TCN3_e236b6c6,TCN3,loso_subject_S009,45,0.0010651027967830333,,0.02333356244151765,,0.00047960449073189616
TCN3_e236b6c6,TCN3,loso_subject_S009,46,0.0010505664365009014,,0.022751620697883418,,0.00046220935509274226
TCN3_e236b6c6,TCN3,loso_subject_S009,47,0.0010773499298612826,,0.02324057928309485,,0.00044494958626484254
TCN3_e236b6c6,TCN3,loso_subject_S009,48,0.001058959142666586,,0.022884025615695337,,0.00042785179756071645
TCN3_e236b6c6,TCN3,loso_subject_S009,49,0.0010660967383822112,,0.023658790377827907,,0.0004109423525312737
TCN3_e236b6c6,TCN3,loso_subject_S009,50,0.0010234751251160857,,0.022371300402205554,,0.0003942473243151282
TCN3_e236b6c6,TCN3,loso_subject_S009,51,0.0010017024461223686,,0.022217234144999518,,0.0003777924554357096
TCN3_e236b6c6,TCN3,loso_subject_S009,52,0.0009559932167260603,,0.02167723739575918,,0.0003616031181081575
TCN3_e236b6c6,TCN3,loso_subject_S009,53,0.0008847421069658727,,0.02110302812399678,,0.000345704275117204
TCN3_e236b6c6,TCN3,loso_subject_S009,54,0.0009345770198627579,,0.02124033958634946,,0.00033012044132637024
TCN3_e236b6c6,TCN3,loso_subject_S009,55,0.0008520858513610878,,0.020995427036577884,,0.00031487564587782306
TCN3_e236b6c6,TCN3,loso_subject_S009,56,0.0008869633634288871,,0.02123561917575112,,0.00029999339514117897
TCN3_e236b6c6,TCN3,loso_subject_S009,57,0.0008720622647537219,,0.020902107248048127,,0.0002854966364683872
TCN3_e236b6c6,TCN3,loso_subject_S009,58,0.0008757966078957784,,0.020834100971731315,,0.0002714077228105749
TCN3_e236b6c6,TCN3,loso_subject_S009,59,0.0008184280278536138,,0.02033881640532365,,0.00025774837825141746
TCN3_e236b6c6,TCN3,loso_subject_S009,60,0.0008473770284692563,,0.020400831559306783,,0.0002445396645101764
TCN3_e236b6c6,TCN3,loso_subject_S009,61,0.0008382263857146333,,0.020678478803772892,,0.0002318019484660537
TCN3_e236b6c6,TCN3,loso_subject_S009,62,0.0008479279594558908,,0.020319778299602347,,0.00021955487075394156
TCN3_e236b6c6,TCN3,loso_subject_S009,63,0.0008252468017599534,,0.020269363714368997,,0.0002078173154799862
TCN3_e236b6c6,TCN3,loso_subject_S009,64,0.0008011168799371876,,0.019711770136017184,,0.00019660738110366478
TCN3_e236b6c6,TCN3,loso_subject_S009,65,0.0007606615512762406,,0.01919142323063845,,0.00018594235253127373
TCN3_e236b6c6,TCN3,loso_subject_S009,66,0.0007965590307930146,,0.01955571571630118,,0.00017583867446385477
TCN3_e236b6c6,TCN3,loso_subject_S009,67,0.0007434080905047963,,0.01928022770447834,,0.00016631192604065853
TCN3_e236b6c6,TCN3,loso_subject_S009,68,0.0007706946899935022,,0.019184534345134407,,0.00015737679681724137
TCN3_e236b6c6,TCN3,loso_subject_S009,69,0.000699791228371005,,0.018498057820282125,,0.0001490470641152345
TCN3_e236b6c6,TCN3,loso_subject_S009,70,0.0007606006975528971,,0.01923867719658389,,0.00014133557177871338
TCN3_e236b6c6,TCN3,loso_subject_S009,71,0.0006951633919036389,,0.018731598985568483,,0.00013425421036992097
TCN3_e236b6c6,TCN3,loso_subject_S009,72,0.0007213158083779306,,0.01891679319938266,,0.00012781389883488212
TCN3_e236b6c6,TCN3,loso_subject_S009,73,0.0007351972289747878,,0.019195368968197863,,0.0001220245676671809
TCN3_e236b6c6,TCN3,loso_subject_S009,74,0.0007882001303452561,,0.019067775804398446,,0.00011689514359585877
TCN3_e236b6c6,TCN3,loso_subject_S009,75,0.0007084782712428505,,0.018830348253000333,,0.00011243353582104555
TCN3_e236b6c6,TCN3,loso_subject_S009,76,0.0006966294027067021,,0.01873338147112234,,0.0001086466238185463
TCN3_e236b6c6,TCN3,loso_subject_S009,77,0.0006380102050617559,,0.01788173660838052,,0.00010554024673218805
TCN3_e236b6c6,TCN3,loso_subject_S009,78,0.0006558683281324416,,0.018170155304365134,,0.00010311919437028317
TCN3_e236b6c6,TCN3,loso_subject_S009,79,0.0006929059356687484,,0.01826436979186922,,0.00010138719982009242
TCN3_e236b6c6,TCN3,loso_subject_S009,80,0.0006678503287658214,,0.01820528851035745,,0.0001003469336916747
TCN3_e236b6c6,TCN3,loso_subject_S010,1,0.27132272160251814,,0.37409578943004584,,0.001
TCN3_e236b6c6,TCN3,loso_subject_S010,2,0.05165032454380832,,0.1655353281758153,,0.0009996530663083252
TCN3_e236b6c6,TCN3,loso_subject_S010,3,0.03025470850250791,,0.1264847570090794,,0.0009986128001799074
TCN3_e236b6c6,TCN3,loso_subject_S010,4,0.02190256920716994,,0.10730059617410986,,0.0009968808056297167
TCN3_e236b6c6,TCN3,loso_subject_S010,5,0.01613846445809359,,0.09235176998410988,,0.0009944597532678117
TCN3_e236b6c6,TCN3,loso_subject_S010,6,0.012754346406042918,,0.0814674366821465,,0.0009913533761814533
TCN3_e236b6c6,TCN3,loso_subject_S010,7,0.010182384493793615,,0.07278163102167645,,0.000987566464178954
TCN3_e236b6c6,TCN3,loso_subject_S010,8,0.00865936098507425,,0.06691318346967459,,0.0009831048564041408
TCN3_e236b6c6,TCN3,loso_subject_S010,9,0.007210871153492857,,0.060536499142215525,,0.0009779754323328187
TCN3_e236b6c6,TCN3,loso_subject_S010,10,0.006091672007470676,,0.0559878569272652,,0.0009721861011651174
TCN3_e236b6c6,TCN3,loso_subject_S010,11,0.0057791207080613175,,0.054503010540418964,,0.0009657457896300785
TCN3_e236b6c6,TCN3,loso_subject_S010,12,0.004820206693076283,,0.05026487524870796,,0.000958664428221286
TCN3_e236b6c6,TCN3,loso_subject_S010,13,0.004236778847896795,,0.047419992685183224,,0.000950952935884765
TCN3_e236b6c6,TCN3,loso_subject_S010,14,0.003810671235628163,,0.04419707442429686,,0.0009426232031827582
TCN3_e236b6c6,TCN3,loso_subject_S010,15,0.0035359937670835224,,0.04240208158686753,,0.0009336880739593409
TCN3_e236b6c6,TCN3,loso_subject_S010,16,0.003538580294355934,,0.041478724384841556,,0.0009241613255361449
TCN3_e236b6c6,TCN3,loso_subject_S010,17,0.0032817168920552192,,0.040030965497304526,,0.0009140576474687258
TCN3_e236b6c6,TCN3,loso_subject_S010,18,0.0029123943596814396,,0.03774681773159135,,0.0009033926188963346
TCN3_e236b6c6,TCN3,loso_subject_S010,19,0.002851334985043491,,0.037786301388271895,,0.0008921826845200134
TCN3_e236b6c6,TCN3,loso_subject_S010,20,0.0026077510765732627,,0.036373443542149976,,0.000880445129246058
TCN3_e236b6c6,TCN3,loso_subject_S010,21,0.002453445307831826,,0.0351537927010349,,0.0008681980515339459
TCN3_e236b6c6,TCN3,loso_subject_S010,22,0.0021117375327601583,,0.032956337290632104,,0.0008554603354898234
TCN3_e236b6c6,TCN3,loso_subject_S010,23,0.00208923917575123,,0.032770216645813866,,0.0008422516217485822
TCN3_e236b6c6,TCN3,loso_subject_S010,24,0.002057564192495618,,0.03240315920937518,,0.0008285922771894248
TCN3_e236b6c6,TCN3,loso_subject_S010,25,0.0018219974571162313,,0.03043280282519131,,0.0008145033635316124
TCN3_e236b6c6,TCN3,loso_subject_S010,26,0.001834410821689354,,0.030470001470002204,,0.0008000066048588205
TCN3_e236b6c6,TCN3,loso_subject_S010,27,0.0017642511487894945,,0.03002179434137205,,0.0007851243541221765
TCN3_e236b6c6,TCN3,loso_subject_S010,28,0.0016133573912053218,,0.029057176345675725,,0.0007698795586736293
TCN3_e236b6c6,TCN3,loso_subject_S010,29,0.0016420002377296936,,0.029230740251519935,,0.0007542957248827956
TCN3_e236b6c6,TCN3,loso_subject_S010,30,0.0016283747974850848,,0.028691507897258058,,0.0007383968818918422
TCN3_e236b6c6,TCN3,loso_subject_S010,31,0.0017359910916718425,,0.02915856910699331,,0.00072220754456429
TCN3_e236b6c6,TCN3,loso_subject_S010,32,0.0016970991788452779,,0.028613774083444683,,0.0007057526756848715
TCN3_e236b6c6,TCN3,loso_subject_S010,33,0.0013041485503261455,,0.026003313603770815,,0.000689057647468726
TCN3_e236b6c6,TCN3,loso_subject_S010,34,0.0013409384322331087,,0.026227347068724448,,0.000672148202439283
TCN3_e236b6c6,TCN3,loso_subject_S010,35,0.0013225468431950684,,0.025745859524622033,,0.0006550504137351571
TCN3_e236b6c6,TCN3,loso_subject_S010,36,0.0011899495473269679,,0.024910044289489702,,0.0006377906449072574
TCN3_e236b6c6,TCN3,loso_subject_S010,37,0.001279413473976561,,0.024850520749236937,,0.0006203955092681036
TCN3_e236b6c6,TCN3,loso_subject_S010,38,0.0012669260611865452,,0.02501766165993032,,0.0006028918288560267
TCN3_e236b6c6,TCN3,loso_subject_S010,39,0.0013415186335272325,,0.025719558855505784,,0.00058530659307753
TCN3_e236b6c6,TCN3,loso_subject_S010,40,0.0011446518926477784,,0.024098490146127746,,0.0005676669170915806
TCN3_e236b6c6,TCN3,loso_subject_S010,41,0.0011431994344633413,,0.023871646348340957,,0.0005499999999999997
TCN3_e236b6c6,TCN3,loso_subject_S010,42,0.0011293879637628331,,0.02343468872489414,,0.000532333082908419
TCN3_e236b6c6,TCN3,loso_subject_S010,43,0.0010584771140146679,,0.023176093816303475,,0.0005146934069224697
TCN3_e236b6c6,TCN3,loso_subject_S010,44,0.0010085029228592394,,0.02312501188775287,,0.000497108171143973
TCN3_e236b6c6,TCN3,loso_subject_S010,45,0.0010454516294316851,,0.02238618387406333,,0.00047960449073189616
TCN3_e236b6c6,TCN3,loso_subject_S010,46,0.0009654313200587204,,0.022044243647601543,,0.00046220935509274226
TCN3_e236b6c6,TCN3,loso_subject_S010,47,0.000833936335252503,,0.020907115746589357,,0.00044494958626484254
TCN3_e236b6c6,TCN3,loso_subject_S010,48,0.0008933909682690073,,0.021148015703149038,,0.00042785179756071645
TCN3_e236b6c6,TCN3,loso_subject_S010,49,0.0008834505341379216,,0.02073018928921821,,0.0004109423525312737
TCN3_e236b6c6,TCN3,loso_subject_S010,50,0.0008619196345439455,,0.02080101213668677,,0.0003942473243151282
TCN3_e236b6c6,TCN3,loso_subject_S010,51,0.0009710023383280604,,0.021583955016190436,,0.0003777924554357096
TCN3_e236b6c6,TCN3,loso_subject_S010,52,0.000874776217236021,,0.02139056294163667,,0.0003616031181081575
TCN3_e236b6c6,TCN3,loso_subject_S010,53,0.000861859869051591,,0.020791256579045146,,0.000345704275117204
TCN3_e236b6c6,TCN3,loso_subject_S010,54,0.0008788888983120752,,0.02024541491345537,,0.00033012044132637024
TCN3_e236b6c6,TCN3,loso_subject_S010,55,0.0008963323010492229,,0.020560355718874556,,0.00031487564587782306
TCN3_e236b6c6,TCN3,loso_subject_S010,56,0.0008130657423549029,,0.020383975130806566,,0.00029999339514117897
TCN3_e236b6c6,TCN3,loso_subject_S010,57,0.0009999457625801376,,0.020674797997467124,,0.0002854966364683872
TCN3_e236b6c6,TCN3,loso_subject_S010,58,0.0008050662736760221,,0.020229017089649175,,0.0002714077228105749
TCN3_e236b6c6,TCN3,loso_subject_S010,59,0.0008363501094874104,,0.020223031327002625,,0.00025774837825141746
TCN3_e236b6c6,TCN3,loso_subject_S010,60,0.0008507431664628774,,0.019648018131076948,,0.0002445396645101764
TCN3_e236b6c6,TCN3,loso_subject_S010,61,0.0007381483279132807,,0.019606855125996157,,0.0002318019484660537
TCN3_e236b6c6,TCN3,loso_subject_S010,62,0.0007911980456277,,0.01931662822155159,,0.00021955487075394156
TCN3_e236b6c6,TCN3,loso_subject_S010,63,0.0007966055608412629,,0.01958521652684842,,0.0002078173154799862
TCN3_e236b6c6,TCN3,loso_subject_S010,64,0.0007383650951114148,,0.01890815448275362,,0.00019660738110366478
TCN3_e236b6c6,TCN3,loso_subject_S010,65,0.0007714276251474096,,0.019118885606536313,,0.00018594235253127373
TCN3_e236b6c6,TCN3,loso_subject_S010,66,0.0007129220328226917,,0.018749303713705943,,0.00017583867446385477
TCN3_e236b6c6,TCN3,loso_subject_S010,67,0.00078611565722722,,0.018997702163014923,,0.00016631192604065853
TCN3_e236b6c6,TCN3,loso_subject_S010,68,0.0006713779684381359,,0.01858640084184093,,0.00015737679681724137
TCN3_e236b6c6,TCN3,loso_subject_S010,69,0.0006685044668859978,,0.018058946193329248,,0.0001490470641152345
TCN3_e236b6c6,TCN3,loso_subject_S010,70,0.0007130838589292701,,0.01835947688517349,,0.00014133557177871338
TCN3_e236b6c6,TCN3,loso_subject_S010,71,0.00068602360826632,,0.018574856844990953,,0.00013425421036992097
TCN3_e236b6c6,TCN3,loso_subject_S010,72,0.000672374066522888,,0.018383597268899557,,0.00012781389883488212
TCN3_e236b6c6,TCN3,loso_subject_S010,73,0.0007411311422505567,,0.018709894753195164,,0.0001220245676671809
TCN3_e236b6c6,TCN3,loso_subject_S010,74,0.0007434490145120083,,0.018111988716220547,,0.00011689514359585877
TCN3_e236b6c6,TCN3,loso_subject_S010,75,0.0006597078758602715,,0.018241806763831053,,0.00011243353582104555
TCN3_e236b6c6,TCN3,loso_subject_S010,76,0.0006341708150079077,,0.017630781465678067,,0.0001086466238185463
TCN3_e236b6c6,TCN3,loso_subject_S010,77,0.0006120863208205535,,0.017566140931473642,,0.00010554024673218805
TCN3_e236b6c6,TCN3,loso_subject_S010,78,0.0006753662174689997,,0.017884578335696687,,0.00010311919437028317
TCN3_e236b6c6,TCN3,loso_subject_S010,79,0.0006746652591002772,,0.01797492499105275,,0.00010138719982009242
TCN3_e236b6c6,TCN3,loso_subject_S010,80,0.0006936630223681047,,0.01764291564082934,,0.0001003469336916747
TCN3_e236b6c6,TCN3,loso_subject_S011,1,0.26045557196706653,,0.37336779324112424,,0.001
TCN3_e236b6c6,TCN3,loso_subject_S011,2,0.05072845167846575,,0.16509007599979172,,0.0009996530663083252
TCN3_e236b6c6,TCN3,loso_subject_S011,3,0.02943666628224869,,0.12700625987465697,,0.0009986128001799074
TCN3_e236b6c6,TCN3,loso_subject_S011,4,0.0195861866414012,,0.10340537127381332,,0.0009968808056297167
TCN3_e236b6c6,TCN3,loso_subject_S011,5,0.013965834869415897,,0.08648265742485967,,0.0009944597532678117
TCN3_e236b6c6,TCN3,loso_subject_S011,6,0.011506304780660887,,0.07728838158709919,,0.0009913533761814533
TCN3_e236b6c6,TCN3,loso_subject_S011,7,0.008895322781047538,,0.0689564165359953,,0.000987566464178954
TCN3_e236b6c6,TCN3,loso_subject_S011,8,0.007647931417768479,,0.06428736261915595,,0.0009831048564041408
TCN3_e236b6c6,TCN3,loso_subject_S011,9,0.006165144635287836,,0.05709754487744424,,0.0009779754323328187
TCN3_e236b6c6,TCN3,loso_subject_S011,10,0.005718147991517409,,0.05460037949393095,,0.0009721861011651174
TCN3_e236b6c6,TCN3,loso_subject_S011,11,0.004774329014452521,,0.05104289326189085,,0.0009657457896300785
TCN3_e236b6c6,TCN3,loso_subject_S011,12,0.004170784194747199,,0.04733481020442861,,0.000958664428221286
TCN3_e236b6c6,TCN3,loso_subject_S011,13,0.0039434489620429935,,0.045512354466255234,,0.000950952935884765
TCN3_e236b6c6,TCN3,loso_subject_S011,14,0.0035203469400286037,,0.04359399765885214,,0.0009426232031827582
TCN3_e236b6c6,TCN3,loso_subject_S011,15,0.003164534519044181,,0.04138920675978263,,0.0009336880739593409
TCN3_e236b6c6,TCN3,loso_subject_S011,16,0.003016059468492227,,0.040353821768502524,,0.0009241613255361449
TCN3_e236b6c6,TCN3,loso_subject_S011,17,0.003043881232176703,,0.0397987063061694,,0.0009140576474687258
TCN3_e236b6c6,TCN3,loso_subject_S011,18,0.0028867529501322036,,0.03934760522215989,,0.0009033926188963346
TCN3_e236b6c6,TCN3,loso_subject_S011,19,0.002485022867329259,,0.03618732520573803,,0.0008921826845200134
TCN3_e236b6c6,TCN3,loso_subject_S011,20,0.002314708021913774,,0.03470829735144964,,0.000880445129246058
TCN3_e236b6c6,TCN3,loso_subject_S011,21,0.0022576055875059907,,0.034688945212544356,,0.0008681980515339459
TCN3_e236b6c6,TCN3,loso_subject_S011,22,0.0021494244354478822,,0.033573346614803136,,0.0008554603354898234
TCN3_e236b6c6,TCN3,loso_subject_S011,23,0.0020268787930546447,,0.03207809418508892,,0.0008422516217485822
TCN3_e236b6c6,TCN3,loso_subject_S011,24,0.0019949813491757042,,0.0325868550556446,,0.0008285922771894248
TCN3_e236b6c6,TCN3,loso_subject_S011,25,0.0019368591023928292,,0.03200126177354672,,0.0008145033635316124
TCN3_e236b6c6,TCN3,loso_subject_S011,26,0.0016708433242233229,,0.029708804952042187,,0.0008000066048588205
TCN3_e236b6c6,TCN3,loso_subject_S011,27,0.0018180092219257922,,0.03013389554472244,,0.0007851243541221765
TCN3_e236b6c6,TCN3,loso_subject_S011,28,0.0017284100045318988,,0.029464960909331542,,0.0007698795586736293
TCN3_e236b6c6,TCN3,loso_subject_S011,29,0.0015430387943232411,,0.028639620688776783,,0.0007542957248827956
TCN3_e236b6c6,TCN3,loso_subject_S011,30,0.0016240498354927041,,0.0288488383717149,,0.0007383968818918422
TCN3_e236b6c6,TCN3,loso_subject_S011,31,0.0014949487016677045,,0.02745983104551018,,0.00072220754456429
TCN3_e236b6c6,TCN3,loso_subject_S011,32,0.0014562478964648424,,0.02771384390119569,,0.0007057526756848715
TCN3_e236b6c6,TCN3,loso_subject_S011,33,0.0013865545296585311,,0.02674018373452968,,0.000689057647468726
TCN3_e236b6c6,TCN3,loso_subject_S011,34,0.001349276801696361,,0.02689749702863011,,0.000672148202439283
TCN3_e236b6c6,TCN3,loso_subject_S011,35,0.001290137406743817,,0.02556284341678567,,0.0006550504137351571
TCN3_e236b6c6,TCN3,loso_subject_S011,36,0.001369281217200249,,0.026807741124504344,,0.0006377906449072574
TCN3_e236b6c6,TCN3,loso_subject_S011,37,0.0012231369517807223,,0.02485202944534979,,0.0006203955092681036
TCN3_e236b6c6,TCN3,loso_subject_S011,38,0.0011876417530825136,,0.02442583283727647,,0.0006028918288560267
TCN3_e236b6c6,TCN3,loso_subject_S011,39,0.0011426540844996643,,0.02442160538561129,,0.00058530659307753
TCN3_e236b6c6,TCN3,loso_subject_S011,40,0.0011729578617404764,,0.024207069468967612,,0.0005676669170915806
TCN3_e236b6c6,TCN3,loso_subject_S011,41,0.0010505013771707837,,0.023281154467076598,,0.0005499999999999997
TCN3_e236b6c6,TCN3,loso_subject_S011,42,0.001108611636883005,,0.024208558549684945,,0.000532333082908419
TCN3_e236b6c6,TCN3,loso_subject_S011,43,0.0011594428611540716,,0.02502400181393749,,0.0005146934069224697
TCN3_e236b6c6,TCN3,loso_subject_S011,44,0.0011284475683743704,,0.023959569461518584,,0.000497108171143973
TCN3_e236b6c6,TCN3,loso_subject_S011,45,0.0010502264734096587,,0.022970368679058502,,0.00047960449073189616
TCN3_e236b6c6,TCN3,loso_subject_S011,46,0.001110405187112008,,0.02332649758429664,,0.00046220935509274226
TCN3_e236b6c6,TCN3,loso_subject_S011,47,0.0009971423633828042,,0.02274169812014528,,0.00044494958626484254
TCN3_e236b6c6,TCN3,loso_subject_S011,48,0.0010046314092333572,,0.022606572170796323,,0.00042785179756071645
TCN3_e236b6c6,TCN3,loso_subject_S011,49,0.0010213477556045277,,0.023225105449030975,,0.0004109423525312737
TCN3_e236b6c6,TCN3,loso_subject_S011,50,0.000911844162531704,,0.02166814422078504,,0.0003942473243151282
TCN3_e236b6c6,TCN3,loso_subject_S011,51,0.0008885466978876066,,0.021375894156075933,,0.0003777924554357096
TCN3_e236b6c6,TCN3,loso_subject_S011,52,0.0008965057845874007,,0.021555267677755112,,0.0003616031181081575
TCN3_e236b6c6,TCN3,loso_subject_S011,53,0.0009296781721308647,,0.022027507073827817,,0.000345704275117204
TCN3_e236b6c6,TCN3,loso_subject_S011,54,0.0008368557811804767,,0.020998309457541962,,0.00033012044132637024
TCN3_e236b6c6,TCN3,loso_subject_S011,55,0.0008649452634683697,,0.020819048089318767,,0.00031487564587782306
TCN3_e236b6c6,TCN3,loso_subject_S011,56,0.0008287937222636447,,0.020678056991800933,,0.00029999339514117897
TCN3_e236b6c6,TCN3,loso_subject_S011,57,0.0008318219410059256,,0.02067764550253326,,0.0002854966364683872
TCN3_e236b6c6,TCN3,loso_subject_S011,58,0.0007824811817294598,,0.020018921633314105,,0.0002714077228105749
TCN3_e236b6c6,TCN3,loso_subject_S011,59,0.0007949563102730882,,0.020128799766327993,,0.00025774837825141746
TCN3_e236b6c6,TCN3,loso_subject_S011,60,0.000735131683007107,,0.019541697795047157,,0.0002445396645101764
TCN3_e236b6c6,TCN3,loso_subject_S011,61,0.0007743909090167407,,0.01981700341943619,,0.0002318019484660537
TCN3_e236b6c6,TCN3,loso_subject_S011,62,0.0007859741981488021,,0.02012902734985604,,0.00021955487075394156
TCN3_e236b6c6,TCN3,loso_subject_S011,63,0.000720907748534199,,0.019319824639278543,,0.0002078173154799862
TCN3_e236b6c6,TCN3,loso_subject_S011,64,0.0006941710370924426,,0.018820278794134223,,0.00019660738110366478
TCN3_e236b6c6,TCN3,loso_subject_S011,65,0.0007152838569302188,,0.019128420914900253,,0.00018594235253127373
TCN3_e236b6c6,TCN3,loso_subject_S011,66,0.0007159303574885938,,0.019212378362613258,,0.00017583867446385477
TCN3_e236b6c6,TCN3,loso_subject_S011,67,0.000745444183733172,,0.0191572575167158,,0.00016631192604065853
TCN3_e236b6c6,TCN3,loso_subject_S011,68,0.0007123758367043836,,0.01895664615063703,,0.00015737679681724137
TCN3_e236b6c6,TCN3,loso_subject_S011,69,0.0006977646294741265,,0.018853811231146815,,0.0001490470641152345
TCN3_e236b6c6,TCN3,loso_subject_S011,70,0.0007291932335971694,,0.018946265976511473,,0.00014133557177871338
TCN3_e236b6c6,TCN3,loso_subject_S011,71,0.000696975091122011,,0.018739496857644023,,0.00013425421036992097
TCN3_e236b6c6,TCN3,loso_subject_S011,72,0.0007128864505683348,,0.018937328000961182,,0.00012781389883488212
TCN3_e236b6c6,TCN3,loso_subject_S011,73,0.0006460077670261535,,0.018344005748853906,,0.0001220245676671809
TCN3_e236b6c6,TCN3,loso_subject_S011,74,0.0006411922160958301,,0.01807187974979302,,0.00011689514359585877
TCN3_e236b6c6,TCN3,loso_subject_S011,75,0.0006945367057579362,,0.01850026113546837,,0.00011243353582104555
TCN3_e236b6c6,TCN3,loso_subject_S011,76,0.0006125855610326265,,0.01781296028233051,,0.0001086466238185463
TCN3_e236b6c6,TCN3,loso_subject_S011,77,0.000658230360200468,,0.018289593413480805,,0.00010554024673218805
TCN3_e236b6c6,TCN3,loso_subject_S011,78,0.0006262367308413751,,0.01787264367590319,,0.00010311919437028317
TCN3_e236b6c6,TCN3,loso_subject_S011,79,0.0006284992441004622,,0.017627040928388234,,0.00010138719982009242
TCN3_e236b6c6,TCN3,loso_subject_S011,80,0.0006606151051153324,,0.018324753307302218,,0.0001003469336916747
TCN3_e236b6c6,TCN3,loso_subject_S012,1,0.24350433995240572,,0.35404829437285235,,0.001
TCN3_e236b6c6,TCN3,loso_subject_S012,2,0.0489504460950967,,0.16679111862138007,,0.0009996530663083252
TCN3_e236b6c6,TCN3,loso_subject_S012,3,0.02846660160244575,,0.12578074468077774,,0.0009986128001799074
TCN3_e236b6c6,TCN3,loso_subject_S012,4,0.020383736405523777,,0.10574348478068137,,0.0009968808056297167
TCN3_e236b6c6,TCN3,loso_subject_S012,5,0.014611187016202173,,0.08948592228678773,,0.0009944597532678117
TCN3_e236b6c6,TCN3,loso_subject_S012,6,0.01154630610994913,,0.07879593192879057,,0.0009913533761814533
TCN3_e236b6c6,TCN3,loso_subject_S012,7,0.009027388018623496,,0.06854134728777113,,0.000987566464178954
TCN3_e236b6c6,TCN3,loso_subject_S012,8,0.007644873812674584,,0.06333963468319119,,0.0009831048564041408
TCN3_e236b6c6,TCN3,loso_subject_S012,9,0.006930654178972415,,0.05912198824620343,,0.0009779754323328187
TCN3_e236b6c6,TCN3,loso_subject_S012,10,0.006152974594991373,,0.0554771430202785,,0.0009721861011651174
TCN3_e236b6c6,TCN3,loso_subject_S012,11,0.00501199829859673,,0.050199022562718625,,0.0009657457896300785
TCN3_e236b6c6,TCN3,loso_subject_S012,12,0.004194013300155025,,0.04715198463512071,,0.000958664428221286
TCN3_e236b6c6,TCN3,loso_subject_S012,13,0.003908131167048102,,0.04423070185542724,,0.000950952935884765
TCN3_e236b6c6,TCN3,loso_subject_S012,14,0.00356664370625319,,0.04244998788432136,,0.0009426232031827582
TCN3_e236b6c6,TCN3,loso_subject_S012,15,0.003647186368876488,,0.04261061216119589,,0.0009336880739593409
TCN3_e236b6c6,TCN3,loso_subject_S012,16,0.0030937886532963342,,0.039589870665340365,,0.0009241613255361449
TCN3_e236b6c6,TCN3,loso_subject_S012,17,0.002893082623004862,,0.037762889341506456,,0.0009140576474687258
TCN3_e236b6c6,TCN3,loso_subject_S012,18,0.0026850770206164375,,0.03710015350175302,,0.0009033926188963346
TCN3_e236b6c6,TCN3,loso_subject_S012,19,0.0023650259109804805,,0.0346719935261867,,0.0008921826845200134
TCN3_e236b6c6,TCN3,loso_subject_S012,20,0.0025191690995817425,,0.03521316031623518,,0.000880445129246058
TCN3_e236b6c6,TCN3,loso_subject_S012,21,0.002139361351060911,,0.032680124168809145,,0.0008681980515339459
TCN3_e236b6c6,TCN3,loso_subject_S012,22,0.0019231552617902136,,0.03196811189185496,,0.0008554603354898234
TCN3_e236b6c6,TCN3,loso_subject_S012,23,0.0021146679765297657,,0.03243953719301922,,0.0008422516217485822
TCN3_e236b6c6,TCN3,loso_subject_S012,24,0.001841217213552649,,0.030683742318180145,,0.0008285922771894248
TCN3_e236b6c6,TCN3,loso_subject_S012,25,0.0018272403573749236,,0.03038337874662176,,0.0008145033635316124
TCN3_e236b6c6,TCN3,loso_subject_S012,26,0.0017441904769323565,,0.029375420013634582,,0.0008000066048588205
TCN3_e236b6c6,TCN3,loso_subject_S012,27,0.0017885886074140856,,0.03052376679514219,,0.0007851243541221765
TCN3_e236b6c6,TCN3,loso_subject_S012,28,0.0016147718594206318,,0.028541728578589397,,0.0007698795586736293
TCN3_e236b6c6,TCN3,loso_subject_S012,29,0.001719574298962702,,0.028985771983776137,,0.0007542957248827956
TCN3_e236b6c6,TCN3,loso_subject_S012,30,0.001531256670153726,,0.02765836680890262,,0.0007383968818918422
TCN3_e236b6c6,TCN3,loso_subject_S012,31,0.0015159643555226778,,0.028030280686516012,,0.00072220754456429
TCN3_e236b6c6,TCN3,loso_subject_S012,32,0.0015475679157869048,,0.02812900447818007,,0.0007057526756848715
TCN3_e236b6c6,TCN3,loso_subject_S012,33,0.001454459360337435,,0.02724689681342469,,0.000689057647468726
TCN3_e236b6c6,TCN3,loso_subject_S012,34,0.0014415347936472581,,0.02644697520463681,,0.000672148202439283
TCN3_e236b6c6,TCN3,loso_subject_S012,35,0.0013890259578637992,,0.026361857999328504,,0.0006550504137351571
TCN3_e236b6c6,TCN3,loso_subject_S012,36,0.0013619194531874386,,0.025739520638065908,,0.0006377906449072574
TCN3_e236b6c6,TCN3,loso_subject_S012,37,0.0012171713221940455,,0.02480225525281693,,0.0006203955092681036
TCN3_e236b6c6,TCN3,loso_subject_S012,38,0.0012537928676247707,,0.02506280590061079,,0.0006028918288560267
TCN3_e236b6c6,TCN3,loso_subject_S012,39,0.0011740771166376543,,0.02455949747294754,,0.00058530659307753
TCN3_e236b6c6,TCN3,loso_subject_S012,40,0.0011375393780408386,,0.023770204239627307,,0.0005676669170915806
TCN3_e236b6c6,TCN3,loso_subject_S012,41,0.0011049851990440538,,0.02367955456323231,,0.0005499999999999997
TCN3_e236b6c6,TCN3,loso_subject_S012,42,0.0010882915477775075,,0.02354518242210373,,0.000532333082908419
TCN3_e236b6c6,TCN3,loso_subject_S012,43,0.0010777972282725989,,0.02353574063952757,,0.0005146934069224697
TCN3_e236b6c6,TCN3,loso_subject_S012,44,0.0010271561069325017,,0.022506666645862348,,0.000497108171143973
TCN3_e236b6c6,TCN3,loso_subject_S012,45,0.0009730879244730777,,0.022054195691438398,,0.00047960449073189616
TCN3_e236b6c6,TCN3,loso_subject_S012,46,0.0009739247820124021,,0.022187590342772096,,0.00046220935509274226
TCN3_e236b6c6,TCN3,loso_subject_S012,47,0.0009019536688836977,,0.021332095713324086,,0.00044494958626484254
TCN3_e236b6c6,TCN3,loso_subject_S012,48,0.0009253895060410192,,0.02144814429565552,,0.00042785179756071645
TCN3_e236b6c6,TCN3,loso_subject_S012,49,0.000892422585635541,,0.02125372745366912,,0.0004109423525312737
TCN3_e236b6c6,TCN3,loso_subject_S012,50,0.000952483257224513,,0.021575210396700125,,0.0003942473243151282
TCN3_e236b6c6,TCN3,loso_subject_S012,51,0.000895439862643857,,0.02151742367267986,,0.0003777924554357096
TCN3_e236b6c6,TCN3,loso_subject_S012,52,0.0008867526136442727,,0.020977833760268537,,0.0003616031181081575
TCN3_e236b6c6,TCN3,loso_subject_S012,53,0.000956464073474363,,0.021037091846885046,,0.000345704275117204
TCN3_e236b6c6,TCN3,loso_subject_S012,54,0.0008706390805688307,,0.020793500501677505,,0.00033012044132637024
TCN3_e236b6c6,TCN3,loso_subject_S012,55,0.000877456694473306,,0.020729909419893326,,0.00031487564587782306
TCN3_e236b6c6,TCN3,loso_subject_S012,56,0.0008088539684044972,,0.02015505085560393,,0.00029999339514117897
TCN3_e236b6c6,TCN3,loso_subject_S012,57,0.0008266395745797873,,0.02018994214651258,,0.0002854966364683872
TCN3_e236b6c6,TCN3,loso_subject_S012,58,0.00085383438148413,,0.020561509285814884,,0.0002714077228105749
TCN3_e236b6c6,TCN3,loso_subject_S012,59,0.0007643389602404336,,0.019671885134243696,,0.00025774837825141746
TCN3_e236b6c6,TCN3,loso_subject_S012,60,0.0007358430861656286,,0.019412616490845924,,0.0002445396645101764
TCN3_e236b6c6,TCN3,loso_subject_S012,61,0.000711417012104296,,0.01932718703243399,,0.0002318019484660537
TCN3_e236b6c6,TCN3,loso_subject_S012,62,0.0007349441963919906,,0.019236803879971023,,0.00021955487075394156
TCN3_e236b6c6,TCN3,loso_subject_S012,63,0.0006874656122688271,,0.018720086996385128,,0.0002078173154799862
TCN3_e236b6c6,TCN3,loso_subject_S012,64,0.0007441232299805331,,0.01963217545431547,,0.00019660738110366478
TCN3_e236b6c6,TCN3,loso_subject_S012,65,0.0006911566160098104,,0.018905221464763308,,0.00018594235253127373
TCN3_e236b6c6,TCN3,loso_subject_S012,66,0.0007462670233596071,,0.0191004936018756,,0.00017583867446385477
TCN3_e236b6c6,TCN3,loso_subject_S012,67,0.0006518634178267688,,0.01844385439700516,,0.00016631192604065853
TCN3_e236b6c6,TCN3,loso_subject_S012,68,0.0006705272583582878,,0.018171760099728217,,0.00015737679681724137
TCN3_e236b6c6,TCN3,loso_subject_S012,69,0.0006954510065297466,,0.018800873813371102,,0.0001490470641152345
TCN3_e236b6c6,TCN3,loso_subject_S012,70,0.0007487059190572294,,0.01869148081602828,,0.00014133557177871338
TCN3_e236b6c6,TCN3,loso_subject_S012,71,0.0007022810466472268,,0.01842833085014567,,0.00013425421036992097
TCN3_e236b6c6,TCN3,loso_subject_S012,72,0.0006404729838254896,,0.01807731148992195,,0.00012781389883488212
TCN3_e236b6c6,TCN3,loso_subject_S012,73,0.0007028180235451561,,0.018496202818607557,,0.0001220245676671809
TCN3_e236b6c6,TCN3,loso_subject_S012,74,0.0006934363357712036,,0.0181888361956343,,0.00011689514359585877
TCN3_e236b6c6,TCN3,loso_subject_S012,75,0.0006778190900594699,,0.01864074761553029,,0.00011243353582104555
TCN3_e236b6c6,TCN3,loso_subject_S012,76,0.0006816138165681765,,0.01830314815464758,,0.0001086466238185463
TCN3_e236b6c6,TCN3,loso_subject_S012,77,0.0007032165676462595,,0.018333896936684694,,0.00010554024673218805
TCN3_e236b6c6,TCN3,loso_subject_S012,78,0.0006364055164077919,,0.017814555726023192,,0.00010311919437028317
TCN3_e236b6c6,TCN3,loso_subject_S012,79,0.0006813214465581142,,0.01808587845284052,,0.00010138719982009242
TCN3_e236b6c6,TCN3,loso_subject_S012,80,0.0006550112954342484,,0.01831677421299064,,0.0001003469336916747
TCN3_e236b6c6,TCN3,loso_subject_S013,1,0.23031351697649963,,0.3437312289383064,,0.001
TCN3_e236b6c6,TCN3,loso_subject_S013,2,0.048914198183663375,,0.16312713445576343,,0.0009996530663083252
TCN3_e236b6c6,TCN3,loso_subject_S013,3,0.028227515831315716,,0.12329759859741794,,0.0009986128001799074
TCN3_e236b6c6,TCN3,loso_subject_S013,4,0.018633928264834843,,0.10157892703656483,,0.0009968808056297167
TCN3_e236b6c6,TCN3,loso_subject_S013,5,0.014738738561139695,,0.0886009251643613,,0.0009944597532678117
TCN3_e236b6c6,TCN3,loso_subject_S013,6,0.010934094991755903,,0.07613120151160026,,0.0009913533761814533
TCN3_e236b6c6,TCN3,loso_subject_S013,7,0.008893466463990836,,0.06850466229383914,,0.000987566464178954
TCN3_e236b6c6,TCN3,loso_subject_S013,8,0.007759003771837991,,0.06287312872645977,,0.0009831048564041408
TCN3_e236b6c6,TCN3,loso_subject_S013,9,0.006799020236612144,,0.05970085292064705,,0.0009779754323328187
TCN3_e236b6c6,TCN3,loso_subject_S013,10,0.0056652150554350475,,0.05332918463369847,,0.0009721861011651174
TCN3_e236b6c6,TCN3,loso_subject_S013,11,0.004930414759895343,,0.05033218817319168,,0.0009657457896300785
TCN3_e236b6c6,TCN3,loso_subject_S013,12,0.004433125217582186,,0.04765643299173913,,0.000958664428221286
TCN3_e236b6c6,TCN3,loso_subject_S013,13,0.0040004471513583,,0.04528466554652471,,0.000950952935884765
TCN3_e236b6c6,TCN3,loso_subject_S013,14,0.0036555764936231088,,0.042626470548331664,,0.0009426232031827582
TCN3_e236b6c6,TCN3,loso_subject_S013,15,0.003196224233318973,,0.040293235172686626,,0.0009336880739593409
TCN3_e236b6c6,TCN3,loso_subject_S013,16,0.0030501449159164233,,0.03945810047297574,,0.0009241613255361449
TCN3_e236b6c6,TCN3,loso_subject_S013,17,0.00306447586519721,,0.038795644485900976,,0.0009140576474687258
TCN3_e236b6c6,TCN3,loso_subject_S013,18,0.0025679706869269074,,0.03591754585327769,,0.0009033926188963346
TCN3_e236b6c6,TCN3,loso_subject_S013,19,0.002545970325934903,,0.0354646223609381,,0.0008921826845200134
TCN3_e236b6c6,TCN3,loso_subject_S013,20,0.0023122253581386587,,0.03409460268269513,,0.000880445129246058
TCN3_e236b6c6,TCN3,loso_subject_S013,21,0.0022038296168871126,,0.033101345470986046,,0.0008681980515339459
TCN3_e236b6c6,TCN3,loso_subject_S013,22,0.001987678020383858,,0.031818865600659614,,0.0008554603354898234
TCN3_e236b6c6,TCN3,loso_subject_S013,23,0.0019761872304380292,,0.03163310046244771,,0.0008422516217485822
TCN3_e236b6c6,TCN3,loso_subject_S013,24,0.0018059249032699764,,0.030738417258042033,,0.0008285922771894248
TCN3_e236b6c6,TCN3,loso_subject_S013,25,0.0017497092999146713,,0.029297899622757383,,0.0008145033635316124
TCN3_e236b6c6,TCN3,loso_subject_S013,26,0.0016738678186315455,,0.029190174170271498,,0.0008000066048588205
TCN3_e236b6c6,TCN3,loso_subject_S013,27,0.0016232709864221848,,0.028119184898736212,,0.0007851243541221765
TCN3_e236b6c6,TCN3,loso_subject_S013,28,0.0015756435611385803,,0.028037240717688205,,0.0007698795586736293
TCN3_e236b6c6,TCN3,loso_subject_S013,29,0.0015131296267653434,,0.027392226857965104,,0.0007542957248827956
TCN3_e236b6c6,TCN3,loso_subject_S013,30,0.0015108012644687837,,0.027456500131110985,,0.0007383968818918422
TCN3_e236b6c6,TCN3,loso_subject_S013,31,0.001392070877239824,,0.026489810549686105,,0.00072220754456429
TCN3_e236b6c6,TCN3,loso_subject_S013,32,0.0012777802974376761,,0.025624839392350378,,0.0007057526756848715
TCN3_e236b6c6,TCN3,loso_subject_S013,33,0.001282281780058644,,0.02574909899123057,,0.000689057647468726
TCN3_e236b6c6,TCN3,loso_subject_S013,34,0.001374912439251135,,0.02594767757696967,,0.000672148202439283
TCN3_e236b6c6,TCN3,loso_subject_S013,35,0.0013314550481504659,,0.025604399891121673,,0.0006550504137351571
TCN3_e236b6c6,TCN3,loso_subject_S013,36,0.0011345571442672924,,0.024023005500223713,,0.0006377906449072574
TCN3_e236b6c6,TCN3,loso_subject_S013,37,0.0011575323732405203,,0.02387309176482764,,0.0006203955092681036
TCN3_e236b6c6,TCN3,loso_subject_S013,38,0.0011426525833725947,,0.024226686684138552,,0.0006028918288560267
TCN3_e236b6c6,TCN3,loso_subject_S013,39,0.0010304975588938546,,0.022739708874361372,,0.00058530659307753
TCN3_e236b6c6,TCN3,loso_subject_S013,40,0.0009226888945173751,,0.021681787638371527,,0.0005676669170915806
TCN3_e236b6c6,TCN3,loso_subject_S013,41,0.001046238054603135,,0.022983570144570312,,0.0005499999999999997
TCN3_e236b6c6,TCN3,loso_subject_S013,42,0.0009964075269401824,,0.02225133482795452,,0.000532333082908419
TCN3_e236b6c6,TCN3,loso_subject_S013,43,0.000868793487607381,,0.0214652118570263,,0.0005146934069224697
TCN3_e236b6c6,TCN3,loso_subject_S013,44,0.0008973529079568839,,0.021475518732149406,,0.000497108171143973
TCN3_e236b6c6,TCN3,loso_subject_S013,45,0.0008889954354313522,,0.021453778048444755,,0.00047960449073189616
TCN3_e236b6c6,TCN3,loso_subject_S013,46,0.0009035376281160441,,0.020681506232717566,,0.00046220935509274226
TCN3_e236b6c6,TCN3,loso_subject_S013,47,0.0008578239203362217,,0.021247712990284533,,0.00044494958626484254
TCN3_e236b6c6,TCN3,loso_subject_S013,48,0.0009254192179985884,,0.02120983904649637,,0.00042785179756071645
TCN3_e236b6c6,TCN3,loso_subject_S013,49,0.0008991241505069046,,0.021264978460216296,,0.0004109423525312737
TCN3_e236b6c6,TCN3,loso_subject_S013,50,0.0008398997872208344,,0.021196233764874128,,0.0003942473243151282
TCN3_e236b6c6,TCN3,loso_subject_S013,51,0.0007027804325798731,,0.01912874967292888,,0.0003777924554357096
TCN3_e236b6c6,TCN3,loso_subject_S013,52,0.0008181599579190267,,0.020209949260327882,,0.0003616031181081575
TCN3_e236b6c6,TCN3,loso_subject_S013,53,0.0006924998486419524,,0.01933530003963699,,0.000345704275117204
TCN3_e236b6c6,TCN3,loso_subject_S013,54,0.0006894291567611745,,0.01888454540202909,,0.00033012044132637024
TCN3_e236b6c6,TCN3,loso_subject_S013,55,0.0007234874125106055,,0.01877609537616107,,0.00031487564587782306
TCN3_e236b6c6,TCN3,loso_subject_S013,56,0.0007572660166306216,,0.019693597804308644,,0.00029999339514117897
TCN3_e236b6c6,TCN3,loso_subject_S013,57,0.0007065402756501454,,0.018884412056080387,,0.0002854966364683872
TCN3_e236b6c6,TCN3,loso_subject_S013,58,0.0006807806683027032,,0.018488140819839523,,0.0002714077228105749
TCN3_e236b6c6,TCN3,loso_subject_S013,59,0.0006491392771470386,,0.018375098455613335,,0.00025774837825141746
TCN3_e236b6c6,TCN3,loso_subject_S013,60,0.0007227087918307725,,0.018905367163117106,,0.0002445396645101764
TCN3_e236b6c6,TCN3,loso_subject_S013,61,0.0006504314100924406,,0.018274088534896624,,0.0002318019484660537
TCN3_e236b6c6,TCN3,loso_subject_S013,62,0.0006690133525409944,,0.018303313605213364,,0.00021955487075394156
TCN3_e236b6c6,TCN3,loso_subject_S013,63,0.0006425343187012702,,0.01803751863441999,,0.0002078173154799862
TCN3_e236b6c6,TCN3,loso_subject_S013,64,0.0006756286118784422,,0.01793184007428507,,0.00019660738110366478
TCN3_e236b6c6,TCN3,loso_subject_S013,65,0.0006237379274226633,,0.017630999551009947,,0.00018594235253127373
TCN3_e236b6c6,TCN3,loso_subject_S013,66,0.000601888865990341,,0.017729168718024504,,0.00017583867446385477
TCN3_e236b6c6,TCN3,loso_subject_S013,67,0.0005986634918078692,,0.017351857913505565,,0.00016631192604065853
TCN3_e236b6c6,TCN3,loso_subject_S013,68,0.0005906287564571244,,0.017511872837622677,,0.00015737679681724137
TCN3_e236b6c6,TCN3,loso_subject_S013,69,0.0005671072657101855,,0.017092796793806313,,0.0001490470641152345
TCN3_e236b6c6,TCN3,loso_subject_S013,70,0.0005718439980106228,,0.017009020644910677,,0.00014133557177871338
TCN3_e236b6c6,TCN3,loso_subject_S013,71,0.0005970116694207046,,0.01732509005218214,,0.00013425421036992097
TCN3_e236b6c6,TCN3,loso_subject_S013,72,0.0005849633891464676,,0.01721884646096122,,0.00012781389883488212
TCN3_e236b6c6,TCN3,loso_subject_S013,73,0.000582906976079818,,0.01690517393662235,,0.0001220245676671809
TCN3_e236b6c6,TCN3,loso_subject_S013,74,0.0006009816888925284,,0.017092392184414756,,0.00011689514359585877
TCN3_e236b6c6,TCN3,loso_subject_S013,75,0.00055542468884076,,0.016955419053563302,,0.00011243353582104555
TCN3_e236b6c6,TCN3,loso_subject_S013,76,0.0005724793505796352,,0.016863042833382972,,0.0001086466238185463
TCN3_e236b6c6,TCN3,loso_subject_S013,77,0.0005520423578042073,,0.01688591782821172,,0.00010554024673218805
TCN3_e236b6c6,TCN3,loso_subject_S013,78,0.0005404329012188959,,0.016682470495749623,,0.00010311919437028317
TCN3_e236b6c6,TCN3,loso_subject_S013,79,0.0005282525247689844,,0.01655553780222137,,0.00010138719982009242
TCN3_e236b6c6,TCN3,loso_subject_S013,80,0.0005362626914463027,,0.01645906311089741,,0.0001003469336916747
TCN3_e236b6c6,TCN3,loso_subject_S014,1,0.26212284985350726,,0.36084781224426987,,0.001
TCN3_e236b6c6,TCN3,loso_subject_S014,2,0.05262792012777147,,0.16544582888352907,,0.0009996530663083252
TCN3_e236b6c6,TCN3,loso_subject_S014,3,0.031060424303947304,,0.1270903477483481,,0.0009986128001799074
TCN3_e236b6c6,TCN3,loso_subject_S014,4,0.02133425059687357,,0.10661493439303815,,0.0009968808056297167
TCN3_e236b6c6,TCN3,loso_subject_S014,5,0.016135826532365727,,0.09208471456711942,,0.0009944597532678117
TCN3_e236b6c6,TCN3,loso_subject_S014,6,0.012440298342547458,,0.08164494617943191,,0.0009913533761814533
TCN3_e236b6c6,TCN3,loso_subject_S014,7,0.011133245356337241,,0.07575551588689128,,0.000987566464178954
TCN3_e236b6c6,TCN3,loso_subject_S014,8,0.008820719172484365,,0.06832742244005204,,0.0009831048564041408
TCN3_e236b6c6,TCN3,loso_subject_S014,9,0.007424850314527837,,0.0624442223492256,,0.0009779754323328187
TCN3_e236b6c6,TCN3,loso_subject_S014,10,0.006642260019806735,,0.059328165344478795,,0.0009721861011651174
TCN3_e236b6c6,TCN3,loso_subject_S014,11,0.005956036678878618,,0.05612202982399121,,0.0009657457896300785
TCN3_e236b6c6,TCN3,loso_subject_S014,12,0.004647445822369493,,0.04985887822517552,,0.000958664428221286
TCN3_e236b6c6,TCN3,loso_subject_S014,13,0.004319587659877329,,0.04758532101457769,,0.000950952935884765
TCN3_e236b6c6,TCN3,loso_subject_S014,14,0.0041979579034444395,,0.047139663994312284,,0.0009426232031827582
TCN3_e236b6c6,TCN3,loso_subject_S014,15,0.0036097222278195043,,0.04372988274850803,,0.0009336880739593409
TCN3_e236b6c6,TCN3,loso_subject_S014,16,0.003556348267762411,,0.04316478761191592,,0.0009241613255361449
TCN3_e236b6c6,TCN3,loso_subject_S014,17,0.0034107484828129063,,0.04221442579414663,,0.0009140576474687258
TCN3_e236b6c6,TCN3,loso_subject_S014,18,0.002911067131873974,,0.0393576290534913,,0.0009033926188963346
TCN3_e236b6c6,TCN3,loso_subject_S014,19,0.0026910455920665234,,0.037963175734292025,,0.0008921826845200134
TCN3_e236b6c6,TCN3,loso_subject_S014,20,0.0025232493444523416,,0.03678544217015991,,0.000880445129246058
TCN3_e236b6c6,TCN3,loso_subject_S014,21,0.002345218194533915,,0.03550189192081826,,0.0008681980515339459
TCN3_e236b6c6,TCN3,loso_subject_S014,22,0.002352198019290556,,0.03486923243402561,,0.0008554603354898234
TCN3_e236b6c6,TCN3,loso_subject_S014,23,0.0021923887227932293,,0.03386616835758483,,0.0008422516217485822
TCN3_e236b6c6,TCN3,loso_subject_S014,24,0.0019790850406310513,,0.03199219109703544,,0.0008285922771894248
TCN3_e236b6c6,TCN3,loso_subject_S014,25,0.0019128450432852391,,0.031957774213856614,,0.0008145033635316124
TCN3_e236b6c6,TCN3,loso_subject_S014,26,0.0017649385519598849,,0.030802188256531516,,0.0008000066048588205
TCN3_e236b6c6,TCN3,loso_subject_S014,27,0.001719754250567199,,0.029774953540731387,,0.0007851243541221765
TCN3_e236b6c6,TCN3,loso_subject_S014,28,0.0016913197143959247,,0.029797383771439104,,0.0007698795586736293
TCN3_e236b6c6,TCN3,loso_subject_S014,29,0.001614447301332197,,0.02852415144662004,,0.0007542957248827956
TCN3_e236b6c6,TCN3,loso_subject_S014,30,0.0015058094135805135,,0.02824568599462509,,0.0007383968818918422
TCN3_e236b6c6,TCN3,loso_subject_S014,31,0.0014571783097346157,,0.02739843978298025,,0.00072220754456429
TCN3_e236b6c6,TCN3,loso_subject_S014,32,0.0014576027338130842,,0.027605623500612825,,0.0007057526756848715
TCN3_e236b6c6,TCN3,loso_subject_S014,33,0.0015034320352522552,,0.028030257030797145,,0.000689057647468726
TCN3_e236b6c6,TCN3,loso_subject_S014,34,0.0013234519066502098,,0.02636981590315044,,0.000672148202439283
TCN3_e236b6c6,TCN3,loso_subject_S014,35,0.0013197211698899346,,0.026231362600742547,,0.0006550504137351571
TCN3_e236b6c6,TCN3,loso_subject_S014,36,0.0013395195032123073,,0.026215760007806538,,0.0006377906449072574
TCN3_e236b6c6,TCN3,loso_subject_S014,37,0.0012088981159017736,,0.024859126920530522,,0.0006203955092681036
TCN3_e236b6c6,TCN3,loso_subject_S014,38,0.001142233262409366,,0.02469296773617044,,0.0006028918288560267
TCN3_e236b6c6,TCN3,loso_subject_S014,39,0.0010817383604446464,,0.023774374718846115,,0.00058530659307753
TCN3_e236b6c6,TCN3,loso_subject_S014,40,0.001085905764215077,,0.023849808460762425,,0.0005676669170915806
TCN3_e236b6c6,TCN3,loso_subject_S014,41,0.0010682323543850572,,0.023582107180461855,,0.0005499999999999997
TCN3_e236b6c6,TCN3,loso_subject_S014,42,0.0010121131147861567,,0.023271740201718648,,0.000532333082908419
TCN3_e236b6c6,TCN3,loso_subject_S014,43,0.0010124687147067307,,0.022641209304289034,,0.0005146934069224697
TCN3_e236b6c6,TCN3,loso_subject_S014,44,0.001012621224718578,,0.022682775854736655,,0.000497108171143973
TCN3_e236b6c6,TCN3,loso_subject_S014,45,0.0009539341022153972,,0.02232138493106512,,0.00047960449073189616
TCN3_e236b6c6,TCN3,loso_subject_S014,46,0.0009551017886216143,,0.022126525319304285,,0.00046220935509274226
TCN3_e236b6c6,TCN3,loso_subject_S014,47,0.0008664115190047148,,0.02145003429627663,,0.00044494958626484254
TCN3_e236b6c6,TCN3,loso_subject_S014,48,0.000907774762656059,,0.02159889525135766,,0.00042785179756071645
TCN3_e236b6c6,TCN3,loso_subject_S014,49,0.0008967224227898151,,0.021247468693209183,,0.0004109423525312737
TCN3_e236b6c6,TCN3,loso_subject_S014,50,0.0009180543080854429,,0.021797458297652235,,0.0003942473243151282
TCN3_e236b6c6,TCN3,loso_subject_S014,51,0.0007993841215714135,,0.02040979862650119,,0.0003777924554357096
TCN3_e236b6c6,TCN3,loso_subject_S014,52,0.0008773702986079576,,0.020632687073386658,,0.0003616031181081575
TCN3_e236b6c6,TCN3,loso_subject_S014,53,0.0009104463659961574,,0.021570872977550778,,0.000345704275117204
TCN3_e236b6c6,TCN3,loso_subject_S014,54,0.0007913800813339628,,0.020166910708474973,,0.00033012044132637024
TCN3_e236b6c6,TCN3,loso_subject_S014,55,0.0008616493811729825,,0.020508075126957508,,0.00031487564587782306
TCN3_e236b6c6,TCN3,loso_subject_S014,56,0.0007525305752574174,,0.01970271465103647,,0.00029999339514117897
TCN3_e236b6c6,TCN3,loso_subject_S014,57,0.0008048106012920524,,0.019842760601351338,,0.0002854966364683872
TCN3_e236b6c6,TCN3,loso_subject_S014,58,0.0007235969409286495,,0.019273380642412696,,0.0002714077228105749
TCN3_e236b6c6,TCN3,loso_subject_S014,59,0.000746009502026643,,0.019119514332117397,,0.00025774837825141746
TCN3_e236b6c6,TCN3,loso_subject_S014,60,0.0007154939995253803,,0.018580106076104375,,0.0002445396645101764
TCN3_e236b6c6,TCN3,loso_subject_S014,61,0.0007181686922584188,,0.018949552961895544,,0.0002318019484660537
TCN3_e236b6c6,TCN3,loso_subject_S014,62,0.0007455471545304896,,0.01899653263171572,,0.00021955487075394156
TCN3_e236b6c6,TCN3,loso_subject_S014,63,0.0006981663868142581,,0.01865607272407526,,0.0002078173154799862
TCN3_e236b6c6,TCN3,loso_subject_S014,64,0.0007006872099171505,,0.018951979067580792,,0.00019660738110366478
TCN3_e236b6c6,TCN3,loso_subject_S014,65,0.0006804353009248453,,0.018702243484797015,,0.00018594235253127373
TCN3_e236b6c6,TCN3,loso_subject_S014,66,0.0006557586051515492,,0.018294970548091746,,0.00017583867446385477
TCN3_e236b6c6,TCN3,loso_subject_S014,67,0.0006282067111054233,,0.018067491124452384,,0.00016631192604065853
TCN3_e236b6c6,TCN3,loso_subject_S014,68,0.0005985431011924602,,0.01797920778459293,,0.00015737679681724137
TCN3_e236b6c6,TCN3,loso_subject_S014,69,0.0006720684761150065,,0.018172969459351207,,0.0001490470641152345
TCN3_e236b6c6,TCN3,loso_subject_S014,70,0.0006406379789878721,,0.018013021987903853,,0.00014133557177871338
TCN3_e236b6c6,TCN3,loso_subject_S014,71,0.0006720952364555328,,0.018606427836278316,,0.00013425421036992097
TCN3_e236b6c6,TCN3,loso_subject_S014,72,0.0006381199602993571,,0.01790218789490961,,0.00012781389883488212
TCN3_e236b6c6,TCN3,loso_subject_S014,73,0.0006212400736613609,,0.017778919780315542,,0.0001220245676671809
TCN3_e236b6c6,TCN3,loso_subject_S014,74,0.0006076492558221832,,0.017347306294415877,,0.00011689514359585877
TCN3_e236b6c6,TCN3,loso_subject_S014,75,0.0006050717197747797,,0.01736476252407185,,0.00011243353582104555
TCN3_e236b6c6,TCN3,loso_subject_S014,76,0.000617258416152835,,0.01737470091962395,,0.0001086466238185463
TCN3_e236b6c6,TCN3,loso_subject_S014,77,0.0006098216271271678,,0.017593045038365025,,0.00010554024673218805
TCN3_e236b6c6,TCN3,loso_subject_S014,78,0.0005834817105584677,,0.017296587179286563,,0.00010311919437028317
TCN3_e236b6c6,TCN3,loso_subject_S014,79,0.0006409576491116822,,0.01757558488404471,,0.00010138719982009242
TCN3_e236b6c6,TCN3,loso_subject_S014,80,0.0006508624188320662,,0.017552080139779973,,0.0001003469336916747
TCN3_e236b6c6,TCN3,loso_subject_S016,1,0.2742285738175556,,0.36502571895645125,,0.001
TCN3_e236b6c6,TCN3,loso_subject_S016,2,0.04766113477280846,,0.1623851923527459,,0.0009996530663083252
TCN3_e236b6c6,TCN3,loso_subject_S016,3,0.029118635270190468,,0.1261179409283906,,0.0009986128001799074
TCN3_e236b6c6,TCN3,loso_subject_S016,4,0.019872715581391004,,0.10469611426753285,,0.0009968808056297167
TCN3_e236b6c6,TCN3,loso_subject_S016,5,0.015498575165535133,,0.09081763315110941,,0.0009944597532678117
TCN3_e236b6c6,TCN3,loso_subject_S016,6,0.011436536104009788,,0.07854231265307371,,0.0009913533761814533
TCN3_e236b6c6,TCN3,loso_subject_S016,7,0.009996056171643385,,0.07337028399935043,,0.000987566464178954
TCN3_e236b6c6,TCN3,loso_subject_S016,8,0.007570403532596793,,0.06445855706299378,,0.0009831048564041408
TCN3_e236b6c6,TCN3,loso_subject_S016,9,0.006842309674402015,,0.06013659698141765,,0.0009779754323328187
TCN3_e236b6c6,TCN3,loso_subject_S016,10,0.005937733755507186,,0.05639444043923026,,0.0009721861011651174
TCN3_e236b6c6,TCN3,loso_subject_S016,11,0.005394667981337744,,0.05279071747211139,,0.0009657457896300785
TCN3_e236b6c6,TCN3,loso_subject_S016,12,0.004420423530365934,,0.04905363847899866,,0.000958664428221286
TCN3_e236b6c6,TCN3,loso_subject_S016,13,0.004028907179452801,,0.045753725083686886,,0.000950952935884765
TCN3_e236b6c6,TCN3,loso_subject_S016,14,0.003719782279483017,,0.044362194723808514,,0.0009426232031827582
TCN3_e236b6c6,TCN3,loso_subject_S016,15,0.0035690268429812225,,0.04305868357890894,,0.0009336880739593409
TCN3_e236b6c6,TCN3,loso_subject_S016,16,0.003033990624692063,,0.0400640464256331,,0.0009241613255361449
TCN3_e236b6c6,TCN3,loso_subject_S016,17,0.0029259574493983582,,0.03923393321183323,,0.0009140576474687258
TCN3_e236b6c6,TCN3,loso_subject_S016,18,0.002545423618990093,,0.03668424623423502,,0.0009033926188963346
TCN3_e236b6c6,TCN3,loso_subject_S016,19,0.002445036321813627,,0.03569602911979193,,0.0008921826845200134
TCN3_e236b6c6,TCN3,loso_subject_S016,20,0.0024228098802403517,,0.03517821627793519,,0.000880445129246058
TCN3_e236b6c6,TCN3,loso_subject_S016,21,0.0021455873950156656,,0.03342561168765185,,0.0008681980515339459
TCN3_e236b6c6,TCN3,loso_subject_S016,22,0.0022464506335194132,,0.03437432823402963,,0.0008554603354898234
TCN3_e236b6c6,TCN3,loso_subject_S016,23,0.0018968634703918907,,0.03184314782518724,,0.0008422516217485822
TCN3_e236b6c6,TCN3,loso_subject_S016,24,0.002008150044603721,,0.032524627052025024,,0.0008285922771894248
TCN3_e236b6c6,TCN3,loso_subject_S016,25,0.0017091370597870567,,0.03000206817303336,,0.0008145033635316124
TCN3_e236b6c6,TCN3,loso_subject_S016,26,0.0017681694079204535,,0.03055214290970234,,0.0008000066048588205
TCN3_e236b6c6,TCN3,loso_subject_S016,27,0.001797963314921649,,0.030107459215953338,,0.0007851243541221765
TCN3_e236b6c6,TCN3,loso_subject_S016,28,0.0016956541341750795,,0.029289858787819832,,0.0007698795586736293
TCN3_e236b6c6,TCN3,loso_subject_S016,29,0.001445580361777267,,0.027662246054101593,,0.0007542957248827956
TCN3_e236b6c6,TCN3,loso_subject_S016,30,0.0014119596883063776,,0.027234152520535026,,0.0007383968818918422
TCN3_e236b6c6,TCN3,loso_subject_S016,31,0.0012950193034050239,,0.026206454390130137,,0.00072220754456429
TCN3_e236b6c6,TCN3,loso_subject_S016,32,0.0015712065166405195,,0.028100444650383884,,0.0007057526756848715
TCN3_e236b6c6,TCN3,loso_subject_S016,33,0.0012625432810376197,,0.02559123480048222,,0.000689057647468726
TCN3_e236b6c6,TCN3,loso_subject_S016,34,0.0013374784688210662,,0.02660400617492911,,0.000672148202439283
TCN3_e236b6c6,TCN3,loso_subject_S016,35,0.0011629892445851747,,0.024884117289267267,,0.0006550504137351571
TCN3_e236b6c6,TCN3,loso_subject_S016,36,0.0012238392110608322,,0.025441146924201734,,0.0006377906449072574
TCN3_e236b6c6,TCN3,loso_subject_S016,37,0.0013007625392210155,,0.02559332226187846,,0.0006203955092681036
TCN3_e236b6c6,TCN3,loso_subject_S016,38,0.0011263099170896683,,0.023907809708646567,,0.0006028918288560267
TCN3_e236b6c6,TCN3,loso_subject_S016,39,0.0010515501565639082,,0.023301797210154896,,0.00058530659307753
TCN3_e236b6c6,TCN3,loso_subject_S016,40,0.001134989675714033,,0.023970540158750872,,0.0005676669170915806
TCN3_e236b6c6,TCN3,loso_subject_S016,41,0.001202114294423506,,0.024372976315962504,,0.0005499999999999997
TCN3_e236b6c6,TCN3,loso_subject_S016,42,0.0009721594841847837,,0.02224963558872875,,0.000532333082908419
TCN3_e236b6c6,TCN3,loso_subject_S016,43,0.0009631797295288801,,0.0223254459429717,,0.0005146934069224697
TCN3_e236b6c6,TCN3,loso_subject_S016,44,0.0009781093301268271,,0.022198618269504138,,0.000497108171143973
TCN3_e236b6c6,TCN3,loso_subject_S016,45,0.0009630142585067934,,0.022294314247122637,,0.00047960449073189616
TCN3_e236b6c6,TCN3,loso_subject_S016,46,0.0009203635087770335,,0.02148493427743287,,0.00046220935509274226
TCN3_e236b6c6,TCN3,loso_subject_S016,47,0.0009703975994162592,,0.02229559721107084,,0.00044494958626484254
TCN3_e236b6c6,TCN3,loso_subject_S016,48,0.000947489478593224,,0.022111725941339276,,0.00042785179756071645
TCN3_e236b6c6,TCN3,loso_subject_S016,49,0.0009154649362941217,,0.02167989658210702,,0.0004109423525312737
TCN3_e236b6c6,TCN3,loso_subject_S016,50,0.0009672309661808751,,0.021752258389540154,,0.0003942473243151282
TCN3_e236b6c6,TCN3,loso_subject_S016,51,0.0008673222578436063,,0.020647261837196545,,0.0003777924554357096
TCN3_e236b6c6,TCN3,loso_subject_S016,52,0.0008832907570684239,,0.021211867678395283,,0.0003616031181081575
TCN3_e236b6c6,TCN3,loso_subject_S016,53,0.000869778560344362,,0.020874715055087645,,0.000345704275117204
TCN3_e236b6c6,TCN3,loso_subject_S016,54,0.0008497718624688553,,0.0205254233584011,,0.00033012044132637024
TCN3_e236b6c6,TCN3,loso_subject_S016,55,0.0008036812710208252,,0.02024017293119593,,0.00031487564587782306
TCN3_e236b6c6,TCN3,loso_subject_S016,56,0.0007660700947021438,,0.019798123261252153,,0.00029999339514117897
TCN3_e236b6c6,TCN3,loso_subject_S016,57,0.0007503747438961166,,0.01949724634673482,,0.0002854966364683872
TCN3_e236b6c6,TCN3,loso_subject_S016,58,0.0007932762802274998,,0.02020000707478014,,0.0002714077228105749
TCN3_e236b6c6,TCN3,loso_subject_S016,59,0.0007224706286019286,,0.019200124238069834,,0.00025774837825141746
TCN3_e236b6c6,TCN3,loso_subject_S016,60,0.0007517920509738177,,0.019340264678722914,,0.0002445396645101764
TCN3_e236b6c6,TCN3,loso_subject_S016,61,0.0007981518667599548,,0.01955977588930867,,0.0002318019484660537
TCN3_e236b6c6,TCN3,loso_subject_S016,62,0.0006321360713608669,,0.018092496658138828,,0.00021955487075394156
TCN3_e236b6c6,TCN3,loso_subject_S016,63,0.0007344939347234236,,0.018962493599990582,,0.0002078173154799862
TCN3_e236b6c6,TCN3,loso_subject_S016,64,0.0007285281827321741,,0.01876477394539244,,0.00019660738110366478
TCN3_e236b6c6,TCN3,loso_subject_S016,65,0.0007089585871939302,,0.018442146780353313,,0.00018594235253127373
TCN3_e236b6c6,TCN3,loso_subject_S016,66,0.0006619481588135967,,0.018620179892104755,,0.00017583867446385477
TCN3_e236b6c6,TCN3,loso_subject_S016,67,0.000693744160604865,,0.018375798852487246,,0.00016631192604065853
TCN3_e236b6c6,TCN3,loso_subject_S016,68,0.0006871704090564577,,0.01844582287878204,,0.00015737679681724137
TCN3_e236b6c6,TCN3,loso_subject_S016,69,0.0006626031314468113,,0.018480989013799343,,0.0001490470641152345
TCN3_e236b6c6,TCN3,loso_subject_S016,70,0.0007009291869166144,,0.018544658890523816,,0.00014133557177871338
TCN3_e236b6c6,TCN3,loso_subject_S016,71,0.0005854463302828728,,0.017715262782145115,,0.00013425421036992097
TCN3_e236b6c6,TCN3,loso_subject_S016,72,0.0006818754896321073,,0.018231682113225164,,0.00012781389883488212
TCN3_e236b6c6,TCN3,loso_subject_S016,73,0.0006291843465898374,,0.01782542016172485,,0.0001220245676671809
TCN3_e236b6c6,TCN3,loso_subject_S016,74,0.0006668812836948096,,0.01800021069558004,,0.00011689514359585877
TCN3_e236b6c6,TCN3,loso_subject_S016,75,0.0006320930573339694,,0.017914585716251222,,0.00011243353582104555
TCN3_e236b6c6,TCN3,loso_subject_S016,76,0.0006106340880227613,,0.017452245202832513,,0.0001086466238185463
TCN3_e236b6c6,TCN3,loso_subject_S016,77,0.0006477229303439227,,0.017559285653405653,,0.00010554024673218805
TCN3_e236b6c6,TCN3,loso_subject_S016,78,0.0006144016167128966,,0.01739697342656961,,0.00010311919437028317
TCN3_e236b6c6,TCN3,loso_subject_S016,79,0.0006036613373124065,,0.017211831257149045,,0.00010138719982009242
TCN3_e236b6c6,TCN3,loso_subject_S016,80,0.0006627632513385516,,0.0178342963425482,,0.0001003469336916747
TCN3_e236b6c6,TCN3,loso_subject_S017,1,0.23567434245026922,,0.34711812056199726,,0.001
TCN3_e236b6c6,TCN3,loso_subject_S017,2,0.056493154628773766,,0.175477746533845,,0.0009996530663083252
TCN3_e236b6c6,TCN3,loso_subject_S017,3,0.03249452113058304,,0.13325036118195263,,0.0009986128001799074
TCN3_e236b6c6,TCN3,loso_subject_S017,4,0.021189095452427864,,0.10863973425408996,,0.0009968808056297167
TCN3_e236b6c6,TCN3,loso_subject_S017,5,0.0157334178084163,,0.09411747999646346,,0.0009944597532678117
TCN3_e236b6c6,TCN3,loso_subject_S017,6,0.012462552355502053,,0.08266616731323738,,0.0009913533761814533
TCN3_e236b6c6,TCN3,loso_subject_S017,7,0.009333857093049994,,0.07101710093593709,,0.000987566464178954
TCN3_e236b6c6,TCN3,loso_subject_S017,8,0.00789712051440039,,0.06585202887828791,,0.0009831048564041408
TCN3_e236b6c6,TCN3,loso_subject_S017,9,0.00691673181846354,,0.06116222092921058,,0.0009779754323328187
TCN3_e236b6c6,TCN3,loso_subject_S017,10,0.006183690938932835,,0.057565929014802814,,0.0009721861011651174
TCN3_e236b6c6,TCN3,loso_subject_S017,11,0.00525538172830219,,0.052617156856302916,,0.0009657457896300785
TCN3_e236b6c6,TCN3,loso_subject_S017,12,0.004846231339050051,,0.050691985928691244,,0.000958664428221286
TCN3_e236b6c6,TCN3,loso_subject_S017,13,0.0042095703781152745,,0.047230859542269896,,0.000950952935884765
TCN3_e236b6c6,TCN3,loso_subject_S017,14,0.00464080423509279,,0.048754413466054324,,0.0009426232031827582
TCN3_e236b6c6,TCN3,loso_subject_S017,15,0.0035899778128987664,,0.04349322253249289,,0.0009336880739593409
TCN3_e236b6c6,TCN3,loso_subject_S017,16,0.003290425869908873,,0.041799064856502435,,0.0009241613255361449
TCN3_e236b6c6,TCN3,loso_subject_S017,17,0.0029294028549958937,,0.039501141913810996,,0.0009140576474687258
TCN3_e236b6c6,TCN3,loso_subject_S017,18,0.0027462447577960947,,0.037696088574809265,,0.0009033926188963346
TCN3_e236b6c6,TCN3,loso_subject_S017,19,0.002689871096228897,,0.03727937761074765,,0.0008921826845200134
TCN3_e236b6c6,TCN3,loso_subject_S017,20,0.002774581835502693,,0.037787854174191275,,0.000880445129246058
TCN3_e236b6c6,TCN3,loso_subject_S017,21,0.0022686696723125334,,0.03459922777842163,,0.0008681980515339459
TCN3_e236b6c6,TCN3,loso_subject_S017,22,0.0021885052880608155,,0.03421904154523195,,0.0008554603354898234
TCN3_e236b6c6,TCN3,loso_subject_S017,23,0.002034019397471353,,0.032762444349097426,,0.0008422516217485822
TCN3_e236b6c6,TCN3,loso_subject_S017,24,0.0019379657561251723,,0.032006472183404536,,0.0008285922771894248
TCN3_e236b6c6,TCN3,loso_subject_S017,25,0.0021096799591887715,,0.032575361465542324,,0.0008145033635316124
TCN3_e236b6c6,TCN3,loso_subject_S017,26,0.001891505132119588,,0.031471048427235325,,0.0008000066048588205
TCN3_e236b6c6,TCN3,loso_subject_S017,27,0.0017652180307845757,,0.029859560330243524,,0.0007851243541221765
TCN3_e236b6c6,TCN3,loso_subject_S017,28,0.0017008865194883748,,0.029951676639097913,,0.0007698795586736293
TCN3_e236b6c6,TCN3,loso_subject_S017,29,0.0015362403699059467,,0.02859488098208184,,0.0007542957248827956
TCN3_e236b6c6,TCN3,loso_subject_S017,30,0.0018077270971366861,,0.030794180074676138,,0.0007383968818918422
TCN3_e236b6c6,TCN3,loso_subject_S017,31,0.0014700212121114518,,0.02716671794530798,,0.00072220754456429
TCN3_e236b6c6,TCN3,loso_subject_S017,32,0.0014193650166448466,,0.026431484523052634,,0.0007057526756848715
TCN3_e236b6c6,TCN3,loso_subject_S017,33,0.001428734324927021,,0.027113006264843763,,0.000689057647468726
TCN3_e236b6c6,TCN3,loso_subject_S017,34,0.0014414113659446566,,0.026822226614946505,,0.000672148202439283
TCN3_e236b6c6,TCN3,loso_subject_S017,35,0.0013807183405574175,,0.02654750332393328,,0.0006550504137351571
TCN3_e236b6c6,TCN3,loso_subject_S017,36,0.0013528348852398279,,0.02616191214382369,,0.0006377906449072574
TCN3_e236b6c6,TCN3,loso_subject_S017,37,0.0011829362600928378,,0.025066954094646127,,0.0006203955092681036
TCN3_e236b6c6,TCN3,loso_subject_S017,38,0.0011771387808827522,,0.024727221774657103,,0.0006028918288560267
TCN3_e236b6c6,TCN3,loso_subject_S017,39,0.001136543213682079,,0.024439424939401256,,0.00058530659307753
TCN3_e236b6c6,TCN3,loso_subject_S017,40,0.0011651556550653812,,0.0246116471164958,,0.0005676669170915806
TCN3_e236b6c6,TCN3,loso_subject_S017,41,0.0010642010062350618,,0.0234865989902469,,0.0005499999999999997
TCN3_e236b6c6,TCN3,loso_subject_S017,42,0.0010764487709335336,,0.023270306389002387,,0.000532333082908419
TCN3_e236b6c6,TCN3,loso_subject_S017,43,0.0010577032085730578,,0.023323698217960934,,0.0005146934069224697
TCN3_e236b6c6,TCN3,loso_subject_S017,44,0.0009976500628649124,,0.022877670846338575,,0.000497108171143973
TCN3_e236b6c6,TCN3,loso_subject_S017,45,0.0009658907388011975,,0.02230328202805977,,0.00047960449073189616
TCN3_e236b6c6,TCN3,loso_subject_S017,46,0.000928608230677754,,0.02231515111920775,,0.00046220935509274226
TCN3_e236b6c6,TCN3,loso_subject_S017,47,0.0009596451569786971,,0.022439589593079665,,0.00044494958626484254
TCN3_e236b6c6,TCN3,loso_subject_S017,48,0.0009200161059040236,,0.02187382783609894,,0.00042785179756071645
TCN3_e236b6c6,TCN3,loso_subject_S017,49,0.0009194721713301178,,0.021791682329979797,,0.0004109423525312737
TCN3_e236b6c6,TCN3,loso_subject_S017,50,0.0008968220054732518,,0.021260654859122683,,0.0003942473243151282
TCN3_e236b6c6,TCN3,loso_subject_S017,51,0.0008838251445756514,,0.02102190413156773,,0.0003777924554357096
TCN3_e236b6c6,TCN3,loso_subject_S017,52,0.0008898704162519643,,0.021228833281079555,,0.0003616031181081575
TCN3_e236b6c6,TCN3,loso_subject_S017,53,0.000873258771005128,,0.021009984982376634,,0.000345704275117204
TCN3_e236b6c6,TCN3,loso_subject_S017,54,0.0008699860537219662,,0.02056659307915377,,0.00033012044132637024
TCN3_e236b6c6,TCN3,loso_subject_S017,55,0.0008360639175528822,,0.02074975124723878,,0.00031487564587782306
TCN3_e236b6c6,TCN3,loso_subject_S017,56,0.0007769204876538305,,0.019970502259440946,,0.00029999339514117897
TCN3_e236b6c6,TCN3,loso_subject_S017,57,0.0008098043563265345,,0.02033739075919644,,0.0002854966364683872
TCN3_e236b6c6,TCN3,loso_subject_S017,58,0.000847328737524253,,0.02052842245046791,,0.0002714077228105749
TCN3_e236b6c6,TCN3,loso_subject_S017,59,0.0007846237561584775,,0.019899917714105837,,0.00025774837825141746
TCN3_e236b6c6,TCN3,loso_subject_S017,60,0.0007770955184991504,,0.019755469390847644,,0.0002445396645101764
TCN3_e236b6c6,TCN3,loso_subject_S017,61,0.0007258629505697035,,0.019359991290285938,,0.0002318019484660537
TCN3_e236b6c6,TCN3,loso_subject_S017,62,0.0007261956252094437,,0.01937546157027296,,0.00021955487075394156
TCN3_e236b6c6,TCN3,loso_subject_S017,63,0.0007246504188787882,,0.019211325087787397,,0.0002078173154799862
TCN3_e236b6c6,TCN3,loso_subject_S017,64,0.0006941629157115899,,0.01901410814522999,,0.00019660738110366478
TCN3_e236b6c6,TCN3,loso_subject_S017,65,0.0006853492557157302,,0.01871912505486391,,0.00018594235253127373
TCN3_e236b6c6,TCN3,loso_subject_S017,66,0.0006799680654279042,,0.018886012873618886,,0.00017583867446385477
TCN3_e236b6c6,TCN3,loso_subject_S017,67,0.0006795909841363897,,0.01847817156839008,,0.00016631192604065853
TCN3_e236b6c6,TCN3,loso_subject_S017,68,0.0006842239933258546,,0.01892496902818423,,0.00015737679681724137
TCN3_e236b6c6,TCN3,loso_subject_S017,69,0.0006829066181869467,,0.018930927263594622,,0.0001490470641152345
TCN3_e236b6c6,TCN3,loso_subject_S017,70,0.0006713428218582911,,0.018584272224429897,,0.00014133557177871338
TCN3_e236b6c6,TCN3,loso_subject_S017,71,0.0006336502160902072,,0.018070911947175406,,0.00013425421036992097
TCN3_e236b6c6,TCN3,loso_subject_S017,72,0.0006335100750804201,,0.01808610941289948,,0.00012781389883488212
TCN3_e236b6c6,TCN3,loso_subject_S017,73,0.0006515544549391913,,0.018265860822636294,,0.0001220245676671809
TCN3_e236b6c6,TCN3,loso_subject_S017,74,0.0006337461006703331,,0.017838932089594823,,0.00011689514359585877
TCN3_e236b6c6,TCN3,loso_subject_S017,75,0.0006246160142875083,,0.018175107442208977,,0.00011243353582104555
TCN3_e236b6c6,TCN3,loso_subject_S017,76,0.0006749436933497094,,0.01810395268753904,,0.0001086466238185463
TCN3_e236b6c6,TCN3,loso_subject_S017,77,0.0005923563052040789,,0.017923989708358706,,0.00010554024673218805
TCN3_e236b6c6,TCN3,loso_subject_S017,78,0.0006261636632951565,,0.018008485652366762,,0.00010311919437028317
TCN3_e236b6c6,TCN3,loso_subject_S017,79,0.0006430073741706747,,0.01787210913894118,,0.00010138719982009242
TCN3_e236b6c6,TCN3,loso_subject_S017,80,0.0006800595904314406,,0.01824826520346367,,0.0001003469336916747
TCN3_e236b6c6,TCN3,loso_subject_S018,1,0.2257797344386229,,0.3431003565851011,,0.001
TCN3_e236b6c6,TCN3,loso_subject_S018,2,0.049156818931040014,,0.16564771038049844,,0.0009996530663083252
TCN3_e236b6c6,TCN3,loso_subject_S018,3,0.026492562195100978,,0.12487081402575063,,0.0009986128001799074
TCN3_e236b6c6,TCN3,loso_subject_S018,4,0.018045293326266327,,0.10014911395938773,,0.0009968808056297167
TCN3_e236b6c6,TCN3,loso_subject_S018,5,0.01340741580678967,,0.08607936629164986,,0.0009944597532678117
TCN3_e236b6c6,TCN3,loso_subject_S018,6,0.010635517608396143,,0.07769832915207099,,0.0009913533761814533
TCN3_e236b6c6,TCN3,loso_subject_S018,7,0.008906782194645258,,0.06966724543892153,,0.000987566464178954
TCN3_e236b6c6,TCN3,loso_subject_S018,8,0.0071839345210607634,,0.06238490166632753,,0.0009831048564041408
TCN3_e236b6c6,TCN3,loso_subject_S018,9,0.006223671747186379,,0.057870203701027655,,0.0009779754323328187
TCN3_e236b6c6,TCN3,loso_subject_S018,10,0.005124126093146222,,0.05336232877701347,,0.0009721861011651174
TCN3_e236b6c6,TCN3,loso_subject_S018,11,0.004880827651985469,,0.05129532290306705,,0.0009657457896300785
TCN3_e236b6c6,TCN3,loso_subject_S018,12,0.004633135570224091,,0.0485235566937784,,0.000958664428221286
TCN3_e236b6c6,TCN3,loso_subject_S018,13,0.0037593855065081202,,0.0450436908207093,,0.000950952935884765
TCN3_e236b6c6,TCN3,loso_subject_S018,14,0.0034652718427258798,,0.042554227367304916,,0.0009426232031827582
TCN3_e236b6c6,TCN3,loso_subject_S018,15,0.0033235246239349857,,0.04163547414000968,,0.0009336880739593409
TCN3_e236b6c6,TCN3,loso_subject_S018,16,0.0031950317298699367,,0.04013190301712494,,0.0009241613255361449
TCN3_e236b6c6,TCN3,loso_subject_S018,17,0.0026597922697815806,,0.037372351002100616,,0.0009140576474687258
TCN3_e236b6c6,TCN3,loso_subject_S018,18,0.002626564611043585,,0.037070590876347835,,0.0009033926188963346
TCN3_e236b6c6,TCN3,loso_subject_S018,19,0.002438028543991478,,0.0365744044993356,,0.0008921826845200134
TCN3_e236b6c6,TCN3,loso_subject_S018,20,0.002434628606605077,,0.03539589803382667,,0.000880445129246058
TCN3_e236b6c6,TCN3,loso_subject_S018,21,0.002119456369386256,,0.033017829143338735,,0.0008681980515339459
TCN3_e236b6c6,TCN3,loso_subject_S018,22,0.0019620836746459553,,0.032758942566681326,,0.0008554603354898234
TCN3_e236b6c6,TCN3,loso_subject_S018,23,0.001898332332446082,,0.03167664885782359,,0.0008422516217485822
TCN3_e236b6c6,TCN3,loso_subject_S018,24,0.001737353595774294,,0.030321380130031654,,0.0008285922771894248
TCN3_e236b6c6,TCN3,loso_subject_S018,25,0.0017553320755005668,,0.030497815608106858,,0.0008145033635316124
TCN3_e236b6c6,TCN3,loso_subject_S018,26,0.0016599488568530359,,0.02966477104097779,,0.0008000066048588205
TCN3_e236b6c6,TCN3,loso_subject_S018,27,0.0015726537134618176,,0.02864973269490122,,0.0007851243541221765
TCN3_e236b6c6,TCN3,loso_subject_S018,28,0.0015097541682836083,,0.027869900677636353,,0.0007698795586736293
TCN3_e236b6c6,TCN3,loso_subject_S018,29,0.0014627224043398356,,0.027803413356431047,,0.0007542957248827956
TCN3_e236b6c6,TCN3,loso_subject_S018,30,0.0013602662320270568,,0.026730983490832368,,0.0007383968818918422
TCN3_e236b6c6,TCN3,loso_subject_S018,31,0.0014010653681971394,,0.027013801140656248,,0.00072220754456429
TCN3_e236b6c6,TCN3,loso_subject_S018,32,0.001429546820626142,,0.027488085960871295,,0.0007057526756848715
TCN3_e236b6c6,TCN3,loso_subject_S018,33,0.001364676410411294,,0.026390087743948774,,0.000689057647468726
TCN3_e236b6c6,TCN3,loso_subject_S018,34,0.001320798204100707,,0.026651595552500927,,0.000672148202439283
TCN3_e236b6c6,TCN3,loso_subject_S018,35,0.0012592775928270486,,0.025991273967669024,,0.0006550504137351571
TCN3_e236b6c6,TCN3,loso_subject_S018,36,0.0011925770894335636,,0.02490929185429163,,0.0006377906449072574
TCN3_e236b6c6,TCN3,loso_subject_S018,37,0.0011466428225625808,,0.024207505483550634,,0.0006203955092681036
TCN3_e236b6c6,TCN3,loso_subject_S018,38,0.0013230428641542182,,0.026240366041573166,,0.0006028918288560267
TCN3_e236b6c6,TCN3,loso_subject_S018,39,0.001189614486150792,,0.025538673230081972,,0.00058530659307753
TCN3_e236b6c6,TCN3,loso_subject_S018,40,0.0011015394757017058,,0.02418340277253536,,0.0005676669170915806
TCN3_e236b6c6,TCN3,loso_subject_S018,41,0.0009866713433885914,,0.022723749500007658,,0.0005499999999999997
TCN3_e236b6c6,TCN3,loso_subject_S018,42,0.0009817460149510258,,0.022683454777675065,,0.000532333082908419
TCN3_e236b6c6,TCN3,loso_subject_S018,43,0.0009427950701850592,,0.02232686609509047,,0.0005146934069224697
TCN3_e236b6c6,TCN3,loso_subject_S018,44,0.0010374402204577468,,0.023380593428311988,,0.000497108171143973
TCN3_e236b6c6,TCN3,loso_subject_S018,45,0.000946975595383137,,0.022422873237502507,,0.00047960449073189616
TCN3_e236b6c6,TCN3,loso_subject_S018,46,0.0009487672384191108,,0.022145612337435894,,0.00046220935509274226
TCN3_e236b6c6,TCN3,loso_subject_S018,47,0.00092696429983228,,0.022186534529366687,,0.00044494958626484254
TCN3_e236b6c6,TCN3,loso_subject_S018,48,0.0008543528844493479,,0.0210148248690785,,0.00042785179756071645
TCN3_e236b6c6,TCN3,loso_subject_S018,49,0.0008416111854024842,,0.0211261964092652,,0.0004109423525312737
TCN3_e236b6c6,TCN3,loso_subject_S018,50,0.0008007006698944306,,0.02092443239052742,,0.0003942473243151282
TCN3_e236b6c6,TCN3,loso_subject_S018,51,0.0008039305993486522,,0.02027266073035218,,0.0003777924554357096
TCN3_e236b6c6,TCN3,loso_subject_S018,52,0.0008186616202985204,,0.0207447998835678,,0.0003616031181081575
TCN3_e236b6c6,TCN3,loso_subject_S018,53,0.000753712006545032,,0.019890513445375957,,0.000345704275117204
TCN3_e236b6c6,TCN3,loso_subject_S018,54,0.0007113672237385783,,0.019700884254790885,,0.00033012044132637024
TCN3_e236b6c6,TCN3,loso_subject_S018,55,0.000692830715608941,,0.019236614823079947,,0.00031487564587782306
TCN3_e236b6c6,TCN3,loso_subject_S018,56,0.0006854886636042651,,0.018896853934690268,,0.00029999339514117897
TCN3_e236b6c6,TCN3,loso_subject_S018,57,0.0007288324308298441,,0.019048365543198865,,0.0002854966364683872
TCN3_e236b6c6,TCN3,loso_subject_S018,58,0.0007001099564075165,,0.018906180063883463,,0.0002714077228105749
TCN3_e236b6c6,TCN3,loso_subject_S018,59,0.0006998068382092125,,0.019005640280264163,,0.00025774837825141746
TCN3_e236b6c6,TCN3,loso_subject_S018,60,0.0006642639382377441,,0.018400358833503303,,0.0002445396645101764
TCN3_e236b6c6,TCN3,loso_subject_S018,61,0.0006552372371154288,,0.01862189299181888,,0.0002318019484660537
TCN3_e236b6c6,TCN3,loso_subject_S018,62,0.0006218494344992857,,0.018176064659890377,,0.00021955487075394156
TCN3_e236b6c6,TCN3,loso_subject_S018,63,0.0006570091235862598,,0.018549831078676454,,0.0002078173154799862
TCN3_e236b6c6,TCN3,loso_subject_S018,64,0.0006451915579913347,,0.018415472737094114,,0.00019660738110366478
TCN3_e236b6c6,TCN3,loso_subject_S018,65,0.0006037067079015229,,0.01802856440802938,,0.00018594235253127373
TCN3_e236b6c6,TCN3,loso_subject_S018,66,0.0006334999115996019,,0.018010789314992944,,0.00017583867446385477
TCN3_e236b6c6,TCN3,loso_subject_S018,67,0.0005838136123329923,,0.017772647840847745,,0.00016631192604065853
TCN3_e236b6c6,TCN3,loso_subject_S018,68,0.000615027916280019,,0.01797644857164712,,0.00015737679681724137
TCN3_e236b6c6,TCN3,loso_subject_S018,69,0.0006026158198490957,,0.017832535509651866,,0.0001490470641152345
TCN3_e236b6c6,TCN3,loso_subject_S018,70,0.0005924797256079595,,0.017748062025036728,,0.00014133557177871338
TCN3_e236b6c6,TCN3,loso_subject_S018,71,0.0006119812246444717,,0.0176952767550771,,0.00013425421036992097
TCN3_e236b6c6,TCN3,loso_subject_S018,72,0.0005570407309065633,,0.017416790267180283,,0.00012781389883488212
TCN3_e236b6c6,TCN3,loso_subject_S018,73,0.000614320292043614,,0.017508784531239878,,0.0001220245676671809
TCN3_e236b6c6,TCN3,loso_subject_S018,74,0.0006235484334732792,,0.01764347603577271,,0.00011689514359585877
TCN3_e236b6c6,TCN3,loso_subject_S018,75,0.0006282821572004485,,0.017668637404577775,,0.00011243353582104555
TCN3_e236b6c6,TCN3,loso_subject_S018,76,0.000622034817559601,,0.017786011807838377,,0.0001086466238185463
TCN3_e236b6c6,TCN3,loso_subject_S018,77,0.0006283273045940335,,0.01766347099444148,,0.00010554024673218805
TCN3_e236b6c6,TCN3,loso_subject_S018,78,0.0005468381224309056,,0.017094890161128768,,0.00010311919437028317
TCN3_e236b6c6,TCN3,loso_subject_S018,79,0.0006010548836600624,,0.01755307284755665,,0.00010138719982009242
TCN3_e236b6c6,TCN3,loso_subject_S018,80,0.0005660055361807957,,0.017393082227797535,,0.0001003469336916747
TCN3_e236b6c6,TCN3,loso_subject_S019,1,0.24041415792746743,,0.35594030923696796,,0.001
TCN3_e236b6c6,TCN3,loso_subject_S019,2,0.054542179865568356,,0.1757840075860762,,0.0009996530663083252
TCN3_e236b6c6,TCN3,loso_subject_S019,3,0.03336246635690736,,0.13711080538931922,,0.0009986128001799074
TCN3_e236b6c6,TCN3,loso_subject_S019,4,0.022953483601105794,,0.11427098663996471,,0.0009968808056297167
TCN3_e236b6c6,TCN3,loso_subject_S019,5,0.017891692195251593,,0.0986403185669883,,0.0009944597532678117
TCN3_e236b6c6,TCN3,loso_subject_S019,6,0.013417784346917655,,0.0872649143642514,,0.0009913533761814533
TCN3_e236b6c6,TCN3,loso_subject_S019,7,0.011132163313936584,,0.07961032042451621,,0.000987566464178954
TCN3_e236b6c6,TCN3,loso_subject_S019,8,0.009224821994728967,,0.07165110042973266,,0.0009831048564041408
TCN3_e236b6c6,TCN3,loso_subject_S019,9,0.008328100240038794,,0.06803606361186669,,0.0009779754323328187
TCN3_e236b6c6,TCN3,loso_subject_S019,10,0.007197642588854339,,0.06311090925574805,,0.0009721861011651174
TCN3_e236b6c6,TCN3,loso_subject_S019,11,0.005977669141899217,,0.057891855421664126,,0.0009657457896300785
TCN3_e236b6c6,TCN3,loso_subject_S019,12,0.005439375443558078,,0.05406425585897304,,0.000958664428221286
TCN3_e236b6c6,TCN3,loso_subject_S019,13,0.005148277478489066,,0.05269955776321952,,0.000950952935884765
TCN3_e236b6c6,TCN3,loso_subject_S019,14,0.004357579960097627,,0.04858788014616932,,0.0009426232031827582
TCN3_e236b6c6,TCN3,loso_subject_S019,15,0.0038965641531583557,,0.04625596943625202,,0.0009336880739593409
TCN3_e236b6c6,TCN3,loso_subject_S019,16,0.0037448616999281753,,0.04502108100983592,,0.0009241613255361449
TCN3_e236b6c6,TCN3,loso_subject_S019,17,0.0032989392071095594,,0.04213150830927062,,0.0009140576474687258
TCN3_e236b6c6,TCN3,loso_subject_S019,18,0.003227185787332164,,0.04185638092166333,,0.0009033926188963346
TCN3_e236b6c6,TCN3,loso_subject_S019,19,0.0030254314571053166,,0.0401580339009105,,0.0008921826845200134
TCN3_e236b6c6,TCN3,loso_subject_S019,20,0.0027068015253940408,,0.03830154721118227,,0.000880445129246058
TCN3_e236b6c6,TCN3,loso_subject_S019,21,0.0027068886091071503,,0.03796532779770346,,0.0008681980515339459
TCN3_e236b6c6,TCN3,loso_subject_S019,22,0.0023596800250159,,0.03543408522230807,,0.0008554603354898234
TCN3_e236b6c6,TCN3,loso_subject_S019,23,0.0023821748297991633,,0.03576947457082413,,0.0008422516217485822
TCN3_e236b6c6,TCN3,loso_subject_S019,24,0.0024321039069461906,,0.035143786469825855,,0.0008285922771894248
TCN3_e236b6c6,TCN3,loso_subject_S019,25,0.0022296606142140113,,0.03457044752459522,,0.0008145033635316124
TCN3_e236b6c6,TCN3,loso_subject_S019,26,0.0020191354175772454,,0.03271535933332101,,0.0008000066048588205
TCN3_e236b6c6,TCN3,loso_subject_S019,27,0.0018879852860867348,,0.03133152417878993,,0.0007851243541221765
TCN3_e236b6c6,TCN3,loso_subject_S019,28,0.0018723173902160642,,0.03127675697840683,,0.0007698795586736293
TCN3_e236b6c6,TCN3,loso_subject_S019,29,0.0018260512309291497,,0.030922669942045584,,0.0007542957248827956
TCN3_e236b6c6,TCN3,loso_subject_S019,30,0.0017500979016911668,,0.030764740173754884,,0.0007383968818918422
TCN3_e236b6c6,TCN3,loso_subject_S019,31,0.0015670210643738258,,0.02885327193910742,,0.00072220754456429
TCN3_e236b6c6,TCN3,loso_subject_S019,32,0.0016123002340019,,0.028789852840703536,,0.0007057526756848715
TCN3_e236b6c6,TCN3,loso_subject_S019,33,0.0014774175816916733,,0.028171855936106462,,0.000689057647468726
TCN3_e236b6c6,TCN3,loso_subject_S019,34,0.00150646358488982,,0.028431432323913174,,0.000672148202439283
TCN3_e236b6c6,TCN3,loso_subject_S019,35,0.0013508732033323109,,0.026999039153302914,,0.0006550504137351571
TCN3_e236b6c6,TCN3,loso_subject_S019,36,0.0014811608043003596,,0.02768669329749812,,0.0006377906449072574
TCN3_e236b6c6,TCN3,loso_subject_S019,37,0.0014091105295924527,,0.0268815987321844,,0.0006203955092681036
TCN3_e236b6c6,TCN3,loso_subject_S019,38,0.0012724569133390807,,0.025463648999335536,,0.0006028918288560267
TCN3_e236b6c6,TCN3,loso_subject_S019,39,0.0012563620159621988,,0.025388468857439186,,0.00058530659307753
TCN3_e236b6c6,TCN3,loso_subject_S019,40,0.0012075897941119956,,0.025190028894721852,,0.0005676669170915806
TCN3_e236b6c6,TCN3,loso_subject_S019,41,0.0012151428101575333,,0.025375762580477954,,0.0005499999999999997
TCN3_e236b6c6,TCN3,loso_subject_S019,42,0.0011522275284258283,,0.024028407150431523,,0.000532333082908419
TCN3_e236b6c6,TCN3,loso_subject_S019,43,0.0011035988526320564,,0.024003041986737573,,0.0005146934069224697
TCN3_e236b6c6,TCN3,loso_subject_S019,44,0.0011131449597912956,,0.023738173842025923,,0.000497108171143973
TCN3_e236b6c6,TCN3,loso_subject_S019,45,0.001034130389951484,,0.023398515749823767,,0.00047960449073189616
TCN3_e236b6c6,TCN3,loso_subject_S019,46,0.0010374754470379517,,0.023002700917220675,,0.00046220935509274226
TCN3_e236b6c6,TCN3,loso_subject_S019,47,0.0009745019059987529,,0.022698168032603352,,0.00044494958626484254
TCN3_e236b6c6,TCN3,loso_subject_S019,48,0.001105398926370277,,0.023445975187000485,,0.00042785179756071645
TCN3_e236b6c6,TCN3,loso_subject_S019,49,0.0010196877929908035,,0.02280336003604605,,0.0004109423525312737
TCN3_e236b6c6,TCN3,loso_subject_S019,50,0.0009639727270579826,,0.022115763797772227,,0.0003942473243151282
TCN3_e236b6c6,TCN3,loso_subject_S019,51,0.000957412167139028,,0.021859204584105032,,0.0003777924554357096
TCN3_e236b6c6,TCN3,loso_subject_S019,52,0.0009206123293249466,,0.021952315481214582,,0.0003616031181081575
TCN3_e236b6c6,TCN3,loso_subject_S019,53,0.0008573435476617332,,0.021222147409090657,,0.000345704275117204
TCN3_e236b6c6,TCN3,loso_subject_S019,54,0.0008592773894815874,,0.021015360323805417,,0.00033012044132637024
TCN3_e236b6c6,TCN3,loso_subject_S019,55,0.0008280729814129418,,0.020964645457831832,,0.00031487564587782306
TCN3_e236b6c6,TCN3,loso_subject_S019,56,0.0008666658004722825,,0.0214891025225052,,0.00029999339514117897
TCN3_e236b6c6,TCN3,loso_subject_S019,57,0.0008129016049596413,,0.020722241602914387,,0.0002854966364683872
TCN3_e236b6c6,TCN3,loso_subject_S019,58,0.0008616062582764076,,0.020978941980158802,,0.0002714077228105749
TCN3_e236b6c6,TCN3,loso_subject_S019,59,0.0008023193325974259,,0.020713145390485264,,0.00025774837825141746
TCN3_e236b6c6,TCN3,loso_subject_S019,60,0.0009124501185666269,,0.02094403387571114,,0.0002445396645101764
TCN3_e236b6c6,TCN3,loso_subject_S019,61,0.0007808293332275611,,0.0201286257936823,,0.0002318019484660537
TCN3_e236b6c6,TCN3,loso_subject_S019,62,0.000748713125096945,,0.019780738344343043,,0.00021955487075394156
TCN3_e236b6c6,TCN3,loso_subject_S019,63,0.0007827554674619262,,0.019813729827351207,,0.0002078173154799862
TCN3_e236b6c6,TCN3,loso_subject_S019,64,0.0008170026209726907,,0.019593261559552783,,0.00019660738110366478
TCN3_e236b6c6,TCN3,loso_subject_S019,65,0.0008167286659324246,,0.01998810715088649,,0.00018594235253127373
TCN3_e236b6c6,TCN3,loso_subject_S019,66,0.0007036182781144743,,0.019113521787184704,,0.00017583867446385477
TCN3_e236b6c6,TCN3,loso_subject_S019,67,0.0007780372605683207,,0.01953629711603565,,0.00016631192604065853
TCN3_e236b6c6,TCN3,loso_subject_S019,68,0.0007429185796446532,,0.019568076503203174,,0.00015737679681724137
TCN3_e236b6c6,TCN3,loso_subject_S019,69,0.0007580004415220529,,0.019333336245203465,,0.0001490470641152345
TCN3_e236b6c6,TCN3,loso_subject_S019,70,0.0007163923115998893,,0.019164673029711764,,0.00014133557177871338
TCN3_e236b6c6,TCN3,loso_subject_S019,71,0.0007027962493526089,,0.01906908182129758,,0.00013425421036992097
TCN3_e236b6c6,TCN3,loso_subject_S019,72,0.0007322043728649239,,0.01901941484086229,,0.00012781389883488212
TCN3_e236b6c6,TCN3,loso_subject_S019,73,0.0007034248468646305,,0.018697785812016348,,0.0001220245676671809
TCN3_e236b6c6,TCN3,loso_subject_S019,74,0.000669522388210052,,0.01852586354011689,,0.00011689514359585877
TCN3_e236b6c6,TCN3,loso_subject_S019,75,0.0007471202630880881,,0.019033789797503593,,0.00011243353582104555
TCN3_e236b6c6,TCN3,loso_subject_S019,76,0.0006740926949457771,,0.018594990012299376,,0.0001086466238185463
TCN3_e236b6c6,TCN3,loso_subject_S019,77,0.0006770736852700352,,0.01863990107583777,,0.00010554024673218805
TCN3_e236b6c6,TCN3,loso_subject_S019,78,0.0007410361698894319,,0.01904645521528323,,0.00010311919437028317
TCN3_e236b6c6,TCN3,loso_subject_S019,79,0.0006794201467251333,,0.018529290158240962,,0.00010138719982009242
TCN3_e236b6c6,TCN3,loso_subject_S019,80,0.0006200500623328076,,0.01781315710384347,,0.0001003469336916747
