model_id,architecture_id,fold_id,epoch,train_loss,val_loss,train_mae,val_mae,lr
TCN1_17ad4ddd,TCN1,loso_subject_S001,1,0.2510474276922325,,0.34749471323347936,,0.001
TCN1_17ad4ddd,TCN1,loso_subject_S001,2,0.041030921612554866,,0.15128737015646934,,0.0009996530663083252
TCN1_17ad4ddd,TCN1,loso_subject_S001,3,0.024069932031284727,,0.1158566376509828,,0.0009986128001799074
TCN1_17ad4ddd,TCN1,loso_subject_S001,4,0.01934895220916274,,0.10202135847708614,,0.0009968808056297167
TCN1_17ad4ddd,TCN1,loso_subject_S001,5,0.012783412344545258,,0.0836164881295589,,0.0009944597532678117
TCN1_17ad4ddd,TCN1,loso_subject_S001,6,0.010885382366856348,,0.07798419893226849,,0.0009913533761814533
TCN1_17ad4ddd,TCN1,loso_subject_S001,7,0.008649983322481037,,0.06786254497028239,,0.000987566464178954
TCN1_17ad4ddd,TCN1,loso_subject_S001,8,0.007679504760340767,,0.0640349347566821,,0.0009831048564041408
TCN1_17ad4ddd,TCN1,loso_subject_S001,9,0.00636761364820571,,0.05907536178322534,,0.0009779754323328187
TCN1_17ad4ddd,TCN1,loso_subject_S001,10,0.005623151622856631,,0.054107515975854885,,0.0009721861011651174
TCN1_17ad4ddd,TCN1,loso_subject_S001,11,0.005226774986000767,,0.053818340030593444,,0.0009657457896300785
TCN1_17ad4ddd,TCN1,loso_subject_S001,12,0.00416191750591304,,0.047798704970984644,,0.000958664428221286
TCN1_17ad4ddd,TCN1,loso_subject_S001,13,0.004060923787168555,,0.04612579197679072,,0.000950952935884765
TCN1_17ad4ddd,TCN1,loso_subject_S001,14,0.003528504306634796,,0.0435535338911638,,0.0009426232031827582
TCN1_17ad4ddd,TCN1,loso_subject_S001,15,0.0034444437396543895,,0.042569506133252284,,0.0009336880739593409
TCN1_17ad4ddd,TCN1,loso_subject_S001,16,0.003000171630696801,,0.040527724998074534,,0.0009241613255361449
TCN1_17ad4ddd,TCN1,loso_subject_S001,17,0.00325162949754026,,0.040365353160961605,,0.0009140576474687258
TCN1_17ad4ddd,TCN1,loso_subject_S001,18,0.0027423699227311213,,0.03773098928807235,,0.0009033926188963346
TCN1_17ad4ddd,TCN1,loso_subject_S001,19,0.0027033193764038144,,0.037461709809408626,,0.0008921826845200134
TCN1_17ad4ddd,TCN1,loso_subject_S001,20,0.002528486166486108,,0.03628523428711782,,0.000880445129246058
TCN1_17ad4ddd,TCN1,loso_subject_S001,21,0.0021821312049461394,,0.03406134976598054,,0.0008681980515339459
TCN1_17ad4ddd,TCN1,loso_subject_S001,22,0.0026949873341889355,,0.03751978134744648,,0.0008554603354898234
TCN1_17ad4ddd,TCN1,loso_subject_S001,23,0.0021034642722079083,,0.0329603514907023,,0.0008422516217485822
TCN1_17ad4ddd,TCN1,loso_subject_S001,24,0.001964686959944199,,0.03161241589100354,,0.0008285922771894248
TCN1_17ad4ddd,TCN1,loso_subject_S001,25,0.0017574113397276104,,0.030487028233959327,,0.0008145033635316124
TCN1_17ad4ddd,TCN1,loso_subject_S001,26,0.002690056496915656,,0.03761309950731816,,0.0008000066048588205
TCN1_17ad4ddd,TCN1,loso_subject_S001,27,0.001755934680362173,,0.029927669446339313,,0.0007851243541221765
TCN1_17ad4ddd,TCN1,loso_subject_S001,28,0.0015867531852863882,,0.028890221924226134,,0.0007698795586736293
TCN1_17ad4ddd,TCN1,loso_subject_S001,29,0.0014462124989988675,,0.027869485755655392,,0.0007542957248827956
TCN1_17ad4ddd,TCN1,loso_subject_S001,30,0.0013673859748876871,,0.02659009535562395,,0.0007383968818918422
TCN1_17ad4ddd,TCN1,loso_subject_S001,31,0.0014418181643680024,,0.027154356221475027,,0.00072220754456429
TCN1_17ad4ddd,TCN1,loso_subject_S001,32,0.0015609106443965032,,0.028304389451626298,,0.0007057526756848715
TCN1_17ad4ddd,TCN1,loso_subject_S001,33,0.0013149945146304078,,0.02603380952101744,,0.000689057647468726
TCN1_17ad4ddd,TCN1,loso_subject_S001,34,0.0013455706167093784,,0.026402433761923583,,0.000672148202439283
TCN1_17ad4ddd,TCN1,loso_subject_S001,35,0.0011838000379873108,,0.024704322957369296,,0.0006550504137351571
TCN1_17ad4ddd,TCN1,loso_subject_S001,36,0.0011471282766544876,,0.024261851391490324,,0.0006377906449072574
TCN1_17ad4ddd,TCN1,loso_subject_S001,37,0.0010699919683670842,,0.02375873564927673,,0.0006203955092681036
TCN1_17ad4ddd,TCN1,loso_subject_S001,38,0.0010661442156137681,,0.023395696768485044,,0.0006028918288560267
TCN1_17ad4ddd,TCN1,loso_subject_S001,39,0.0009758523046429953,,0.022556883930633275,,0.00058530659307753
TCN1_17ad4ddd,TCN1,loso_subject_S001,40,0.001279837933515743,,0.02567081675920992,,0.0005676669170915806
TCN1_17ad4ddd,TCN1,loso_subject_S001,41,0.0009472065605223179,,0.022387445499141193,,0.0005499999999999997
TCN1_17ad4ddd,TCN1,loso_subject_S001,42,0.0010490583368701878,,0.022931240234024746,,0.000532333082908419
TCN1_17ad4ddd,TCN1,loso_subject_S001,43,0.0009489950170287511,,0.022282695208452587,,0.0005146934069224697
TCN1_17ad4ddd,TCN1,loso_subject_S001,44,0.0008843843299149369,,0.021163174654844057,,0.000497108171143973
TCN1_17ad4ddd,TCN1,loso_subject_S001,45,0.0009375473196937673,,0.021656890625932387,,0.00047960449073189616
TCN1_17ad4ddd,TCN1,loso_subject_S001,46,0.0008132827423296222,,0.020093387417462333,,0.00046220935509274226
TCN1_17ad4ddd,TCN1,loso_subject_S001,47,0.0008370739317482642,,0.020753693760582555,,0.00044494958626484254
TCN1_17ad4ddd,TCN1,loso_subject_S001,48,0.0008102445740342574,,0.020352876962701598,,0.00042785179756071645
TCN1_17ad4ddd,TCN1,loso_subject_S001,49,0.0008532015034799986,,0.020296306102721786,,0.0004109423525312737
TCN1_17ad4ddd,TCN1,loso_subject_S001,50,0.0007848053767183996,,0.020249809362323453,,0.0003942473243151282
TCN1_17ad4ddd,TCN1,loso_subject_S001,51,0.000770388223472242,,0.01950281612295246,,0.0003777924554357096
TCN1_17ad4ddd,TCN1,loso_subject_S001,52,0.0007078088963485223,,0.01902411807910025,,0.0003616031181081575
TCN1_17ad4ddd,TCN1,loso_subject_S001,53,0.000712872463061501,,0.018800969801387794,,0.000345704275117204
TCN1_17ad4ddd,TCN1,loso_subject_S001,54,0.0006876078982589236,,0.018342726097465525,,0.00033012044132637024
TCN1_17ad4ddd,TCN1,loso_subject_S001,55,0.000676024743456624,,0.01837988875927033,,0.00031487564587782306
TCN1_17ad4ddd,TCN1,loso_subject_S001,56,0.0006427423944290445,,0.01797217399359232,,0.00029999339514117897
TCN1_17ad4ddd,TCN1,loso_subject_S001,57,0.0006733232428626992,,0.018189764461193414,,0.0002854966364683872
TCN1_17ad4ddd,TCN1,loso_subject_S001,58,0.0006513440253868677,,0.018480785750126977,,0.0002714077228105749
TCN1_17ad4ddd,TCN1,loso_subject_S001,59,0.0006160186159864084,,0.01783056924111362,,0.00025774837825141746
TCN1_17ad4ddd,TCN1,loso_subject_S001,60,0.0006206923830922143,,0.01757506269917704,,0.0002445396645101764
TCN1_17ad4ddd,TCN1,loso_subject_S001,61,0.0005883279782502596,,0.017456120630213238,,0.0002318019484660537
TCN1_17ad4ddd,TCN1,loso_subject_S001,62,0.0005478222063959978,,0.016885312334449197,,0.00021955487075394156
TCN1_17ad4ddd,TCN1,loso_subject_S001,63,0.0006324515563416307,,0.017651204754144435,,0.0002078173154799862
TCN1_17ad4ddd,TCN1,loso_subject_S001,64,0.0005472801449626859,,0.016874955311439524,,0.00019660738110366478
TCN1_17ad4ddd,TCN1,loso_subject_S001,65,0.000572297636881424,,0.016826108542157114,,0.00018594235253127373
TCN1_17ad4ddd,TCN1,loso_subject_S001,66,0.000584308156247809,,0.017035238890029458,,0.00017583867446385477
TCN1_17ad4ddd,TCN1,loso_subject_S001,67,0.0005286996824538612,,0.016324095882266892,,0.00016631192604065853
TCN1_17ad4ddd,TCN1,loso_subject_S001,68,0.0005229927281366794,,0.01634035199161877,,0.00015737679681724137
TCN1_17ad4ddd,TCN1,loso_subject_S001,69,0.0005452244252443796,,0.01650339717454166,,0.0001490470641152345
TCN1_17ad4ddd,TCN1,loso_subject_S001,70,0.0006477012340492392,,0.01758421188020127,,0.00014133557177871338
TCN1_17ad4ddd,TCN1,loso_subject_S001,71,0.0005644594145870517,,0.01677017024058481,,0.00013425421036992097
TCN1_17ad4ddd,TCN1,loso_subject_S001,72,0.0005859005669133933,,0.016632896117503935,,0.00012781389883488212
TCN1_17ad4ddd,TCN1,loso_subject_S001,73,0.0005432708923602394,,0.016264543152621377,,0.0001220245676671809
TCN1_17ad4ddd,TCN1,loso_subject_S001,74,0.0005302586671258481,,0.016274689208162024,,0.00011689514359585877
TCN1_17ad4ddd,TCN1,loso_subject_S001,75,0.0005334339042784665,,0.016395341155608905,,0.00011243353582104555
TCN1_17ad4ddd,TCN1,loso_subject_S001,76,0.0004972619614710044,,0.01576843031713621,,0.0001086466238185463
TCN1_17ad4ddd,TCN1,loso_subject_S001,77,0.0005062647580065584,,0.01598827932852928,,0.00010554024673218805
TCN1_17ad4ddd,TCN1,loso_subject_S001,78,0.0004930069426620524,,0.015702118006958702,,0.00010311919437028317
TCN1_17ad4ddd,TCN1,loso_subject_S001,79,0.000510252585822071,,0.015928148426697077,,0.00010138719982009242
TCN1_17ad4ddd,TCN1,loso_subject_S001,80,0.000536491463645958,,0.016096113742890168,,0.0001003469336916747
TCN1_17ad4ddd,TCN1,loso_subject_S002,1,0.14960114991025347,,0.2746079417651359,,0.001
TCN1_17ad4ddd,TCN1,loso_subject_S002,2,0.03135304613463223,,0.13144845491731622,,0.0009996530663083252
TCN1_17ad4ddd,TCN1,loso_subject_S002,3,0.018549123500425372,,0.1010659029217706,,0.0009986128001799074
TCN1_17ad4ddd,TCN1,loso_subject_S002,4,0.013032901274450755,,0.08419817615449171,,0.0009968808056297167
TCN1_17ad4ddd,TCN1,loso_subject_S002,5,0.009412698995100463,,0.07185660523095716,,0.0009944597532678117
TCN1_17ad4ddd,TCN1,loso_subject_S002,6,0.00815957077987293,,0.06563079265968035,,0.0009913533761814533
TCN1_17ad4ddd,TCN1,loso_subject_S002,7,0.0067024957121094905,,0.05959094613062791,,0.000987566464178954
TCN1_17ad4ddd,TCN1,loso_subject_S002,8,0.005652154336050174,,0.05399078664419912,,0.0009831048564041408
TCN1_17ad4ddd,TCN1,loso_subject_S002,9,0.004846170764545948,,0.05035831318529849,,0.0009779754323328187
TCN1_17ad4ddd,TCN1,loso_subject_S002,10,0.004280494632243819,,0.04785457303861509,,0.0009721861011651174
TCN1_17ad4ddd,TCN1,loso_subject_S002,11,0.003642851567600555,,0.04377537393657273,,0.0009657457896300785
TCN1_17ad4ddd,TCN1,loso_subject_S002,12,0.0031476971733869962,,0.04056043739900682,,0.000958664428221286
TCN1_17ad4ddd,TCN1,loso_subject_S002,13,0.0028836801775223614,,0.038553981288638274,,0.000950952935884765
TCN1_17ad4ddd,TCN1,loso_subject_S002,14,0.0027899543506408222,,0.03780650425219683,,0.0009426232031827582
TCN1_17ad4ddd,TCN1,loso_subject_S002,15,0.0025050909003187737,,0.036029903150193825,,0.0009336880739593409
TCN1_17ad4ddd,TCN1,loso_subject_S002,16,0.0024554295825130685,,0.03549916486297829,,0.0009241613255361449
TCN1_17ad4ddd,TCN1,loso_subject_S002,17,0.00221017444193528,,0.032944099460181335,,0.0009140576474687258
TCN1_17ad4ddd,TCN1,loso_subject_S002,18,0.00189654707480024,,0.031204870360224145,,0.0009033926188963346
TCN1_17ad4ddd,TCN1,loso_subject_S002,19,0.0018497874042926491,,0.03067674104865941,,0.0008921826845200134
TCN1_17ad4ddd,TCN1,loso_subject_S002,20,0.0016456237927984037,,0.02917379550571604,,0.000880445129246058
TCN1_17ad4ddd,TCN1,loso_subject_S002,21,0.001673371005210468,,0.029059399189563944,,0.0008681980515339459
TCN1_17ad4ddd,TCN1,loso_subject_S002,22,0.001604537065420487,,0.028084448526146014,,0.0008554603354898234
TCN1_17ad4ddd,TCN1,loso_subject_S002,23,0.0013829017059620136,,0.026720825979243714,,0.0008422516217485822
TCN1_17ad4ddd,TCN1,loso_subject_S002,24,0.0014643760086875972,,0.02738437041558948,,0.0008285922771894248
TCN1_17ad4ddd,TCN1,loso_subject_S002,25,0.0014680512473371102,,0.026477351228213455,,0.0008145033635316124
TCN1_17ad4ddd,TCN1,loso_subject_S002,26,0.001270902367541232,,0.024994858667143148,,0.0008000066048588205
TCN1_17ad4ddd,TCN1,loso_subject_S002,27,0.001165207950499324,,0.024977450297823826,,0.0007851243541221765
TCN1_17ad4ddd,TCN1,loso_subject_S002,28,0.0012199423798670015,,0.0249147945370218,,0.0007698795586736293
TCN1_17ad4ddd,TCN1,loso_subject_S002,29,0.0010644865639444095,,0.023840414166463344,,0.0007542957248827956
TCN1_17ad4ddd,TCN1,loso_subject_S002,30,0.0011586652972278766,,0.024400372715777652,,0.0007383968818918422
TCN1_17ad4ddd,TCN1,loso_subject_S002,31,0.0010552234797254504,,0.02362109420361429,,0.00072220754456429
TCN1_17ad4ddd,TCN1,loso_subject_S002,32,0.0009695225484488349,,0.022402251735907524,,0.0007057526756848715
TCN1_17ad4ddd,TCN1,loso_subject_S002,33,0.000918894612019803,,0.02183532329900653,,0.000689057647468726
TCN1_17ad4ddd,TCN1,loso_subject_S002,34,0.0008562781765208363,,0.020947564330141423,,0.000672148202439283
TCN1_17ad4ddd,TCN1,loso_subject_S002,35,0.0008915514300350733,,0.02148962411275029,,0.0006550504137351571
TCN1_17ad4ddd,TCN1,loso_subject_S002,36,0.0009170010593216529,,0.021296690413725682,,0.0006377906449072574
TCN1_17ad4ddd,TCN1,loso_subject_S002,37,0.0009911168802166249,,0.022319542352432272,,0.0006203955092681036
TCN1_17ad4ddd,TCN1,loso_subject_S002,38,0.0008175821641579921,,0.020214594852985133,,0.0006028918288560267
TCN1_17ad4ddd,TCN1,loso_subject_S002,39,0.0006864781153131613,,0.019348420399644874,,0.00058530659307753
TCN1_17ad4ddd,TCN1,loso_subject_S002,40,0.000712321608994719,,0.01915922970932402,,0.0005676669170915806
TCN1_17ad4ddd,TCN1,loso_subject_S002,41,0.0007139146141527305,,0.018973149810841427,,0.0005499999999999997
TCN1_17ad4ddd,TCN1,loso_subject_S002,42,0.00067856882446205,,0.01834489459627252,,0.000532333082908419
TCN1_17ad4ddd,TCN1,loso_subject_S002,43,0.0006733523154763959,,0.018587143989523332,,0.0005146934069224697
TCN1_17ad4ddd,TCN1,loso_subject_S002,44,0.0005899908016276613,,0.017637712058537106,,0.000497108171143973
TCN1_17ad4ddd,TCN1,loso_subject_S002,45,0.0006977875988675761,,0.01878860650524707,,0.00047960449073189616
TCN1_17ad4ddd,TCN1,loso_subject_S002,46,0.0007641283333288435,,0.01927615132817452,,0.00046220935509274226
TCN1_17ad4ddd,TCN1,loso_subject_S002,47,0.0005758032714734023,,0.01718375108080909,,0.00044494958626484254
TCN1_17ad4ddd,TCN1,loso_subject_S002,48,0.0005819323457027305,,0.017211237166765023,,0.00042785179756071645
TCN1_17ad4ddd,TCN1,loso_subject_S002,49,0.0006120398954529272,,0.017550664246232132,,0.0004109423525312737
TCN1_17ad4ddd,TCN1,loso_subject_S002,50,0.0005533777553936227,,0.01665235424178303,,0.0003942473243151282
TCN1_17ad4ddd,TCN1,loso_subject_S002,51,0.000555374493410905,,0.016759751033101043,,0.0003777924554357096
TCN1_17ad4ddd,TCN1,loso_subject_S002,52,0.0005528153522046862,,0.0165117407242771,,0.0003616031181081575
TCN1_17ad4ddd,TCN1,loso_subject_S002,53,0.0005736786717173334,,0.016755099629052785,,0.000345704275117204
TCN1_17ad4ddd,TCN1,loso_subject_S002,54,0.0005492931559263988,,0.016566198724259146,,0.00033012044132637024
TCN1_17ad4ddd,TCN1,loso_subject_S002,55,0.000533802318871658,,0.016883430908321992,,0.00031487564587782306
TCN1_17ad4ddd,TCN1,loso_subject_S002,56,0.00048158079335191526,,0.01555196505229352,,0.00029999339514117897
TCN1_17ad4ddd,TCN1,loso_subject_S002,57,0.00047948867923956545,,0.015929500830831438,,0.0002854966364683872
TCN1_17ad4ddd,TCN1,loso_subject_S002,58,0.00043752789658738295,,0.014952105991178478,,0.0002714077228105749
TCN1_17ad4ddd,TCN1,loso_subject_S002,59,0.0004886823336080656,,0.015370862750581063,,0.00025774837825141746
TCN1_17ad4ddd,TCN1,loso_subject_S002,60,0.0004586742132779342,,0.015196743754884594,,0.0002445396645101764
TCN1_17ad4ddd,TCN1,loso_subject_S002,61,0.00042495695985694484,,0.014520752348307561,,0.0002318019484660537
TCN1_17ad4ddd,TCN1,loso_subject_S002,62,0.0004787469472644419,,0.014892862521109825,,0.00021955487075394156
TCN1_17ad4ddd,TCN1,loso_subject_S002,63,0.0004585737084792764,,0.015141359126129496,,0.0002078173154799862
TCN1_17ad4ddd,TCN1,loso_subject_S002,64,0.00044707839046271837,,0.01497078228488252,,0.00019660738110366478
TCN1_17ad4ddd,TCN1,loso_subject_S002,65,0.00043155317503706914,,0.014879364445666426,,0.00018594235253127373
TCN1_17ad4ddd,TCN1,loso_subject_S002,66,0.0004284686469602704,,0.014801478771617515,,0.00017583867446385477
TCN1_17ad4ddd,TCN1,loso_subject_S002,67,0.0004279765822783276,,0.014389447739181403,,0.00016631192604065853
TCN1_17ad4ddd,TCN1,loso_subject_S002,68,0.0003710405855123633,,0.01373202956654292,,0.00015737679681724137
TCN1_17ad4ddd,TCN1,loso_subject_S002,69,0.00041134128143220444,,0.014110876511888356,,0.0001490470641152345
TCN1_17ad4ddd,TCN1,loso_subject_S002,70,0.00041080944111538076,,0.014378145546324635,,0.00014133557177871338
TCN1_17ad4ddd,TCN1,loso_subject_S002,71,0.000416789565259656,,0.01424520040138019,,0.00013425421036992097
TCN1_17ad4ddd,TCN1,loso_subject_S002,72,0.0003823512154366448,,0.013842090455715134,,0.00012781389883488212
TCN1_17ad4ddd,TCN1,loso_subject_S002,73,0.0003662231817013613,,0.013538444843341208,,0.0001220245676671809
TCN1_17ad4ddd,TCN1,loso_subject_S002,74,0.000369824546685788,,0.013719146602236738,,0.00011689514359585877
TCN1_17ad4ddd,TCN1,loso_subject_S002,75,0.0003582142708381369,,0.013669253836624823,,0.00011243353582104555
TCN1_17ad4ddd,TCN1,loso_subject_S002,76,0.0003614809703410525,,0.013513222548129297,,0.0001086466238185463
TCN1_17ad4ddd,TCN1,loso_subject_S002,77,0.0003748721743075908,,0.013744116239613568,,0.00010554024673218805
TCN1_17ad4ddd,TCN1,loso_subject_S002,78,0.0004010243094416538,,0.013626023298153518,,0.00010311919437028317
TCN1_17ad4ddd,TCN1,loso_subject_S002,79,0.00035187899117930304,,0.013229357555970931,,0.00010138719982009242
TCN1_17ad4ddd,TCN1,loso_subject_S002,80,0.0003541919235696578,,0.013337463255531827,,0.0001003469336916747
TCN1_17ad4ddd,TCN1,loso_subject_S003,1,0.18387140707304278,,0.29132336455342855,,0.001
TCN1_17ad4ddd,TCN1,loso_subject_S003,2,0.03187295543439709,,0.13023533416556046,,0.0009996530663083252
TCN1_17ad4ddd,TCN1,loso_subject_S003,3,0.019037030189286305,,0.10115984840303965,,0.0009986128001799074
TCN1_17ad4ddd,TCN1,loso_subject_S003,4,0.012785392470383874,,0.08422508899564841,,0.0009968808056297167
TCN1_17ad4ddd,TCN1,loso_subject_S003,5,0.009805192535989,,0.07279718113976692,,0.0009944597532678117
TCN1_17ad4ddd,TCN1,loso_subject_S003,6,0.0073671651812693565,,0.0627580652751069,,0.0009913533761814533
TCN1_17ad4ddd,TCN1,loso_subject_S003,7,0.006100510606051587,,0.05686574936083744,,0.000987566464178954
TCN1_17ad4ddd,TCN1,loso_subject_S003,8,0.004933426504693095,,0.051353745074912395,,0.0009831048564041408
TCN1_17ad4ddd,TCN1,loso_subject_S003,9,0.004707270046171742,,0.048515487516174266,,0.0009779754323328187
TCN1_17ad4ddd,TCN1,loso_subject_S003,10,0.003902686507561238,,0.04508019952331414,,0.0009721861011651174
TCN1_17ad4ddd,TCN1,loso_subject_S003,11,0.0032906910494944464,,0.0409990426123753,,0.0009657457896300785
TCN1_17ad4ddd,TCN1,loso_subject_S003,12,0.0033868612528449083,,0.04127646981097978,,0.000958664428221286
TCN1_17ad4ddd,TCN1,loso_subject_S003,13,0.0026615432821744138,,0.03730880097677508,,0.000950952935884765
TCN1_17ad4ddd,TCN1,loso_subject_S003,14,0.00277752233803892,,0.03685939404720495,,0.0009426232031827582
TCN1_17ad4ddd,TCN1,loso_subject_S003,15,0.002199361260925353,,0.032802879237729864,,0.0009336880739593409
TCN1_17ad4ddd,TCN1,loso_subject_S003,16,0.0020388182031744087,,0.03169914849681837,,0.0009241613255361449
TCN1_17ad4ddd,TCN1,loso_subject_S003,17,0.0019465507500882992,,0.03142747497427456,,0.0009140576474687258
TCN1_17ad4ddd,TCN1,loso_subject_S003,18,0.0017440309684197046,,0.029708774593075474,,0.0009033926188963346
TCN1_17ad4ddd,TCN1,loso_subject_S003,19,0.0018074981027045313,,0.029719596450240086,,0.0008921826845200134
TCN1_17ad4ddd,TCN1,loso_subject_S003,20,0.001613830705187348,,0.02879453890672321,,0.000880445129246058
TCN1_17ad4ddd,TCN1,loso_subject_S003,21,0.0015694859216322044,,0.028444687643320248,,0.0008681980515339459
TCN1_17ad4ddd,TCN1,loso_subject_S003,22,0.0014184274964176024,,0.02664240662428433,,0.0008554603354898234
TCN1_17ad4ddd,TCN1,loso_subject_S003,23,0.0012522234644986702,,0.0250309042771801,,0.0008422516217485822
TCN1_17ad4ddd,TCN1,loso_subject_S003,24,0.0012403968297789404,,0.02463714465849223,,0.0008285922771894248
TCN1_17ad4ddd,TCN1,loso_subject_S003,25,0.0011510192232757734,,0.024023465541623098,,0.0008145033635316124
TCN1_17ad4ddd,TCN1,loso_subject_S003,26,0.001058784697481025,,0.02273540108870533,,0.0008000066048588205
TCN1_17ad4ddd,TCN1,loso_subject_S003,27,0.0010464763547902373,,0.022349646550756466,,0.0007851243541221765
TCN1_17ad4ddd,TCN1,loso_subject_S003,28,0.0009572741746688582,,0.022017529248885895,,0.0007698795586736293
TCN1_17ad4ddd,TCN1,loso_subject_S003,29,0.0008799885437532478,,0.020848125349584294,,0.0007542957248827956
TCN1_17ad4ddd,TCN1,loso_subject_S003,30,0.0010120049971234415,,0.021327448582176778,,0.0007383968818918422
TCN1_17ad4ddd,TCN1,loso_subject_S003,31,0.0009341221617819935,,0.021245988325012097,,0.00072220754456429
TCN1_17ad4ddd,TCN1,loso_subject_S003,32,0.0009560442463025528,,0.021447124385183442,,0.0007057526756848715
TCN1_17ad4ddd,TCN1,loso_subject_S003,33,0.0008728266577517043,,0.02078991592482783,,0.000689057647468726
TCN1_17ad4ddd,TCN1,loso_subject_S003,34,0.0008135356955696739,,0.019836112932089298,,0.000672148202439283
TCN1_17ad4ddd,TCN1,loso_subject_S003,35,0.0008255337129053427,,0.01988922207177835,,0.0006550504137351571
TCN1_17ad4ddd,TCN1,loso_subject_S003,36,0.0007606036182871338,,0.0193377758402685,,0.0006377906449072574
TCN1_17ad4ddd,TCN1,loso_subject_S003,37,0.0007228653356525542,,0.01862711476913197,,0.0006203955092681036
TCN1_17ad4ddd,TCN1,loso_subject_S003,38,0.0007493781465352157,,0.018999152587229333,,0.0006028918288560267
TCN1_17ad4ddd,TCN1,loso_subject_S003,39,0.0006788270123796386,,0.01840509792016241,,0.00058530659307753
TCN1_17ad4ddd,TCN1,loso_subject_S003,40,0.0006684650394183063,,0.018336636653689824,,0.0005676669170915806
TCN1_17ad4ddd,TCN1,loso_subject_S003,41,0.0006998365848031032,,0.018551454122047457,,0.0005499999999999997
TCN1_17ad4ddd,TCN1,loso_subject_S003,42,0.0006765723794742503,,0.01791833395350583,,0.000532333082908419
TCN1_17ad4ddd,TCN1,loso_subject_S003,43,0.0006189508123405844,,0.017105116600405385,,0.0005146934069224697
TCN1_17ad4ddd,TCN1,loso_subject_S003,44,0.0006357623421238436,,0.017656664829420497,,0.000497108171143973
TCN1_17ad4ddd,TCN1,loso_subject_S003,45,0.0005652380254726763,,0.01701394485499465,,0.00047960449073189616
TCN1_17ad4ddd,TCN1,loso_subject_S003,46,0.0005609375578043966,,0.01645978447779645,,0.00046220935509274226
TCN1_17ad4ddd,TCN1,loso_subject_S003,47,0.000555715002773544,,0.016304300386164473,,0.00044494958626484254
TCN1_17ad4ddd,TCN1,loso_subject_S003,48,0.0005645045875251683,,0.016559308814137474,,0.00042785179756071645
TCN1_17ad4ddd,TCN1,loso_subject_S003,49,0.000524208068597423,,0.015629669189376777,,0.0004109423525312737
TCN1_17ad4ddd,TCN1,loso_subject_S003,50,0.00043716310770315414,,0.015131230826471102,,0.0003942473243151282
TCN1_17ad4ddd,TCN1,loso_subject_S003,51,0.0004801180181866809,,0.015136446500103864,,0.0003777924554357096
TCN1_17ad4ddd,TCN1,loso_subject_S003,52,0.00045783303988125736,,0.01489964017510917,,0.0003616031181081575
TCN1_17ad4ddd,TCN1,loso_subject_S003,53,0.0004951088155995641,,0.015192686056357827,,0.000345704275117204
TCN1_17ad4ddd,TCN1,loso_subject_S003,54,0.0004703075923724521,,0.015176254201673685,,0.00033012044132637024
TCN1_17ad4ddd,TCN1,loso_subject_S003,55,0.00044863300235263305,,0.01469832880960271,,0.00031487564587782306
TCN1_17ad4ddd,TCN1,loso_subject_S003,56,0.0004174244459443392,,0.014365206390053412,,0.00029999339514117897
TCN1_17ad4ddd,TCN1,loso_subject_S003,57,0.00042018910835641917,,0.01405839168485153,,0.0002854966364683872
TCN1_17ad4ddd,TCN1,loso_subject_S003,58,0.00044779491888986806,,0.014663498943549205,,0.0002714077228105749
TCN1_17ad4ddd,TCN1,loso_subject_S003,59,0.0004546398013211829,,0.014560325813915911,,0.00025774837825141746
TCN1_17ad4ddd,TCN1,loso_subject_S003,60,0.0004090560894041822,,0.013966083543452605,,0.0002445396645101764
TCN1_17ad4ddd,TCN1,loso_subject_S003,61,0.0003902436618476622,,0.013736482101676153,,0.0002318019484660537
TCN1_17ad4ddd,TCN1,loso_subject_S003,62,0.000425099145306761,,0.014170114343369525,,0.00021955487075394156
TCN1_17ad4ddd,TCN1,loso_subject_S003,63,0.0004501144063921175,,0.013983175908498839,,0.0002078173154799862
TCN1_17ad4ddd,TCN1,loso_subject_S003,64,0.00038718560169453183,,0.013625382624270148,,0.00019660738110366478
TCN1_17ad4ddd,TCN1,loso_subject_S003,65,0.00038076645791931433,,0.013447029239903954,,0.00018594235253127373
TCN1_17ad4ddd,TCN1,loso_subject_S003,66,0.0003617755145278286,,0.013342240867960015,,0.00017583867446385477
TCN1_17ad4ddd,TCN1,loso_subject_S003,67,0.0003947958707988527,,0.013280500570843203,,0.00016631192604065853
TCN1_17ad4ddd,TCN1,loso_subject_S003,68,0.00036131384967536635,,0.013135329470478532,,0.00015737679681724137
TCN1_17ad4ddd,TCN1,loso_subject_S003,69,0.0003952804363134523,,0.014065741421570615,,0.0001490470641152345
TCN1_17ad4ddd,TCN1,loso_subject_S003,70,0.00034342580023707264,,0.013179112655223493,,0.00014133557177871338
TCN1_17ad4ddd,TCN1,loso_subject_S003,71,0.00035600057133864174,,0.012836506672769407,,0.00013425421036992097
TCN1_17ad4ddd,TCN1,loso_subject_S003,72,0.00033633485569064566,,0.01278024371500077,,0.00012781389883488212
TCN1_17ad4ddd,TCN1,loso_subject_S003,73,0.00032073722999234757,,0.012667442920644143,,0.0001220245676671809
TCN1_17ad4ddd,TCN1,loso_subject_S003,74,0.00034769567514819134,,0.012928874236927325,,0.00011689514359585877
TCN1_17ad4ddd,TCN1,loso_subject_S003,75,0.00031774364686694564,,0.012649277929663479,,0.00011243353582104555
TCN1_17ad4ddd,TCN1,loso_subject_S003,76,0.0003345422632858941,,0.012677765816265988,,0.0001086466238185463
TCN1_17ad4ddd,TCN1,loso_subject_S003,77,0.0003782391923296166,,0.012669650557652484,,0.00010554024673218805
TCN1_17ad4ddd,TCN1,loso_subject_S003,78,0.0003402531191299239,,0.01282800096825367,,0.00010311919437028317
TCN1_17ad4ddd,TCN1,loso_subject_S003,79,0.00032455428240519304,,0.01240606912181024,,0.00010138719982009242
TCN1_17ad4ddd,TCN1,loso_subject_S003,80,0.0003428921636995074,,0.012424146361321192,,0.0001003469336916747
TCN1_17ad4ddd,TCN1,loso_subject_S004,1,0.18547655744814082,,0.3002479067440501,,0.001
TCN1_17ad4ddd,TCN1,loso_subject_S004,2,0.04011538334911176,,0.14643226315147778,,0.0009996530663083252
TCN1_17ad4ddd,TCN1,loso_subject_S004,3,0.02242237776679136,,0.11065949793759879,,0.0009986128001799074
TCN1_17ad4ddd,TCN1,loso_subject_S004,4,0.015484312054812693,,0.09127943476105665,,0.0009968808056297167
TCN1_17ad4ddd,TCN1,loso_subject_S004,5,0.011688782724190348,,0.07997270208201539,,0.0009944597532678117
TCN1_17ad4ddd,TCN1,loso_subject_S004,6,0.009857655149813295,,0.07151238899812382,,0.0009913533761814533
TCN1_17ad4ddd,TCN1,loso_subject_S004,7,0.008451552824003011,,0.06666724499621432,,0.000987566464178954
TCN1_17ad4ddd,TCN1,loso_subject_S004,8,0.007403000907080105,,0.06199651031417592,,0.0009831048564041408
TCN1_17ad4ddd,TCN1,loso_subject_S004,9,0.005590772274162615,,0.054470419088139335,,0.0009779754323328187
TCN1_17ad4ddd,TCN1,loso_subject_S004,10,0.005028627922524622,,0.05168252159420718,,0.0009721861011651174
TCN1_17ad4ddd,TCN1,loso_subject_S004,11,0.004723653009142539,,0.05001116029025844,,0.0009657457896300785
TCN1_17ad4ddd,TCN1,loso_subject_S004,12,0.004439795820088184,,0.04808956593232065,,0.000958664428221286
TCN1_17ad4ddd,TCN1,loso_subject_S004,13,0.003929931999447595,,0.04529427821609537,,0.000950952935884765
TCN1_17ad4ddd,TCN1,loso_subject_S004,14,0.003282228148102889,,0.04170484278582219,,0.0009426232031827582
TCN1_17ad4ddd,TCN1,loso_subject_S004,15,0.0029346286802664186,,0.03939534881532536,,0.0009336880739593409
TCN1_17ad4ddd,TCN1,loso_subject_S004,16,0.0028406762655402438,,0.03833036348331198,,0.0009241613255361449
TCN1_17ad4ddd,TCN1,loso_subject_S004,17,0.0028593451898104227,,0.038281898697217306,,0.0009140576474687258
TCN1_17ad4ddd,TCN1,loso_subject_S004,18,0.002453643609574777,,0.036219746728050076,,0.0009033926188963346
TCN1_17ad4ddd,TCN1,loso_subject_S004,19,0.002417720484105174,,0.03453600034870283,,0.0008921826845200134
TCN1_17ad4ddd,TCN1,loso_subject_S004,20,0.002229340330389843,,0.03420675439278973,,0.000880445129246058
TCN1_17ad4ddd,TCN1,loso_subject_S004,21,0.0023676523770787584,,0.03353261554890553,,0.0008681980515339459
TCN1_17ad4ddd,TCN1,loso_subject_S004,22,0.0020758659304704243,,0.03275845992939297,,0.0008554603354898234
TCN1_17ad4ddd,TCN1,loso_subject_S004,23,0.0019427243876842107,,0.03147003117513347,,0.0008422516217485822
TCN1_17ad4ddd,TCN1,loso_subject_S004,24,0.0017704480838683712,,0.03078102853530843,,0.0008285922771894248
TCN1_17ad4ddd,TCN1,loso_subject_S004,25,0.0018315017963846955,,0.030394002018982885,,0.0008145033635316124
TCN1_17ad4ddd,TCN1,loso_subject_S004,26,0.00164471330866352,,0.0292770997286488,,0.0008000066048588205
TCN1_17ad4ddd,TCN1,loso_subject_S004,27,0.0016417626243805,,0.028956675706874758,,0.0007851243541221765
TCN1_17ad4ddd,TCN1,loso_subject_S004,28,0.001597122034537747,,0.028320959479713338,,0.0007698795586736293
TCN1_17ad4ddd,TCN1,loso_subject_S004,29,0.0015285467275406245,,0.02808460777391603,,0.0007542957248827956
TCN1_17ad4ddd,TCN1,loso_subject_S004,30,0.0014012716736773521,,0.02706209057498546,,0.0007383968818918422
TCN1_17ad4ddd,TCN1,loso_subject_S004,31,0.0012524146965300345,,0.02532303427893018,,0.00072220754456429
TCN1_17ad4ddd,TCN1,loso_subject_S004,32,0.0012782706057284602,,0.026281856269203395,,0.0007057526756848715
TCN1_17ad4ddd,TCN1,loso_subject_S004,33,0.0013101605767005193,,0.025484523148118676,,0.000689057647468726
TCN1_17ad4ddd,TCN1,loso_subject_S004,34,0.0012449215799247547,,0.025208723762248673,,0.000672148202439283
TCN1_17ad4ddd,TCN1,loso_subject_S004,35,0.0012451222814514717,,0.02525929035444194,,0.0006550504137351571
TCN1_17ad4ddd,TCN1,loso_subject_S004,36,0.001118746923462825,,0.024225987606341877,,0.0006377906449072574
TCN1_17ad4ddd,TCN1,loso_subject_S004,37,0.0010082529416073633,,0.022997836193706826,,0.0006203955092681036
TCN1_17ad4ddd,TCN1,loso_subject_S004,38,0.0012122123125566956,,0.024497222076848815,,0.0006028918288560267
TCN1_17ad4ddd,TCN1,loso_subject_S004,39,0.0010590525536191841,,0.0234835843143052,,0.00058530659307753
TCN1_17ad4ddd,TCN1,loso_subject_S004,40,0.0010847003986349418,,0.023486238570203856,,0.0005676669170915806
TCN1_17ad4ddd,TCN1,loso_subject_S004,41,0.0009607536071497533,,0.02183173367750937,,0.0005499999999999997
TCN1_17ad4ddd,TCN1,loso_subject_S004,42,0.0009742040195099842,,0.022201269760749386,,0.000532333082908419
TCN1_17ad4ddd,TCN1,loso_subject_S004,43,0.0008202738120539106,,0.020838949560022458,,0.0005146934069224697
TCN1_17ad4ddd,TCN1,loso_subject_S004,44,0.0009565223671776789,,0.021434656150026238,,0.000497108171143973
TCN1_17ad4ddd,TCN1,loso_subject_S004,45,0.0009972583132958602,,0.02237112784508245,,0.00047960449073189616
TCN1_17ad4ddd,TCN1,loso_subject_S004,46,0.0008782819936419521,,0.021139004889977785,,0.00046220935509274226
TCN1_17ad4ddd,TCN1,loso_subject_S004,47,0.0008394504787096644,,0.020338501697903414,,0.00044494958626484254
TCN1_17ad4ddd,TCN1,loso_subject_S004,48,0.0008058631790480691,,0.02065889464441316,,0.00042785179756071645
TCN1_17ad4ddd,TCN1,loso_subject_S004,49,0.0008400810562936968,,0.020773229601794334,,0.0004109423525312737
TCN1_17ad4ddd,TCN1,loso_subject_S004,50,0.0007724402126574601,,0.019658914246041364,,0.0003942473243151282
TCN1_17ad4ddd,TCN1,loso_subject_S004,51,0.0007351408336231952,,0.019283736465716517,,0.0003777924554357096
TCN1_17ad4ddd,TCN1,loso_subject_S004,52,0.0007300914065814262,,0.01864041638295845,,0.0003616031181081575
TCN1_17ad4ddd,TCN1,loso_subject_S004,53,0.0006625818465614602,,0.01845912030786491,,0.000345704275117204
TCN1_17ad4ddd,TCN1,loso_subject_S004,54,0.0006279024256787748,,0.01762600898108355,,0.00033012044132637024
TCN1_17ad4ddd,TCN1,loso_subject_S004,55,0.0007068391553190783,,0.018921961535365035,,0.00031487564587782306
TCN1_17ad4ddd,TCN1,loso_subject_S004,56,0.0006282776932992729,,0.018206674966310697,,0.00029999339514117897
TCN1_17ad4ddd,TCN1,loso_subject_S004,57,0.0006307389947539061,,0.017591574993172678,,0.0002854966364683872
TCN1_17ad4ddd,TCN1,loso_subject_S004,58,0.0006605125417728596,,0.018276726879706287,,0.0002714077228105749
TCN1_17ad4ddd,TCN1,loso_subject_S004,59,0.0006321397111505877,,0.0179593063729666,,0.00025774837825141746
TCN1_17ad4ddd,TCN1,loso_subject_S004,60,0.0005840951069338787,,0.0172489814118927,,0.0002445396645101764
TCN1_17ad4ddd,TCN1,loso_subject_S004,61,0.0006222681764783378,,0.017174058311859423,,0.0002318019484660537
TCN1_17ad4ddd,TCN1,loso_subject_S004,62,0.0005483788243359866,,0.016939929306163073,,0.00021955487075394156
TCN1_17ad4ddd,TCN1,loso_subject_S004,63,0.000627596298495407,,0.017547824167650498,,0.0002078173154799862
TCN1_17ad4ddd,TCN1,loso_subject_S004,64,0.0005705294398899012,,0.017190236067950383,,0.00019660738110366478
TCN1_17ad4ddd,TCN1,loso_subject_S004,65,0.0006214572985227855,,0.01722073761200664,,0.00018594235253127373
TCN1_17ad4ddd,TCN1,loso_subject_S004,66,0.0005429569672131951,,0.016818784596600057,,0.00017583867446385477
TCN1_17ad4ddd,TCN1,loso_subject_S004,67,0.0005355709054659176,,0.016616518918591488,,0.00016631192604065853
TCN1_17ad4ddd,TCN1,loso_subject_S004,68,0.000515306521410191,,0.01626185704275299,,0.00015737679681724137
TCN1_17ad4ddd,TCN1,loso_subject_S004,69,0.000538089799129943,,0.016209763949696636,,0.0001490470641152345
TCN1_17ad4ddd,TCN1,loso_subject_S004,70,0.0004945849604258908,,0.016018148783653503,,0.00014133557177871338
TCN1_17ad4ddd,TCN1,loso_subject_S004,71,0.0005473207413507182,,0.015938593249386353,,0.00013425421036992097
TCN1_17ad4ddd,TCN1,loso_subject_S004,72,0.0005000028424106087,,0.016110855453307666,,0.00012781389883488212
TCN1_17ad4ddd,TCN1,loso_subject_S004,73,0.00048170231825646554,,0.015582880363792913,,0.0001220245676671809
TCN1_17ad4ddd,TCN1,loso_subject_S004,74,0.0005061683685760368,,0.015996934583983123,,0.00011689514359585877
TCN1_17ad4ddd,TCN1,loso_subject_S004,75,0.0004958915540626478,,0.015716153785618612,,0.00011243353582104555
TCN1_17ad4ddd,TCN1,loso_subject_S004,76,0.0004863817056118206,,0.015598451074153658,,0.0001086466238185463
TCN1_17ad4ddd,TCN1,loso_subject_S004,77,0.0004934684431310044,,0.015792281156967555,,0.00010554024673218805
TCN1_17ad4ddd,TCN1,loso_subject_S004,78,0.0004939136529004693,,0.015582764035555793,,0.00010311919437028317
TCN1_17ad4ddd,TCN1,loso_subject_S004,79,0.0005220352947455932,,0.015753237544565663,,0.00010138719982009242
TCN1_17ad4ddd,TCN1,loso_subject_S004,80,0.00047723661831339546,,0.015445859967845171,,0.0001003469336916747
TCN1_17ad4ddd,TCN1,loso_subject_S005,1,0.18485413983314036,,0.30537010013191274,,0.001
TCN1_17ad4ddd,TCN1,loso_subject_S005,2,0.03936524632649997,,0.1479859190796696,,0.0009996530663083252
TCN1_17ad4ddd,TCN1,loso_subject_S005,3,0.023024231653241953,,0.11331633403963552,,0.0009986128001799074
TCN1_17ad4ddd,TCN1,loso_subject_S005,4,0.015680551584705098,,0.09267300238798042,,0.0009968808056297167
TCN1_17ad4ddd,TCN1,loso_subject_S005,5,0.011507677017047607,,0.08014006285383975,,0.0009944597532678117
TCN1_17ad4ddd,TCN1,loso_subject_S005,6,0.009355160511815862,,0.07200926959541125,,0.0009913533761814533
TCN1_17ad4ddd,TCN1,loso_subject_S005,7,0.00793448305560959,,0.06578731019101791,,0.000987566464178954
TCN1_17ad4ddd,TCN1,loso_subject_S005,8,0.006568913512857421,,0.06040912654207787,,0.0009831048564041408
TCN1_17ad4ddd,TCN1,loso_subject_S005,9,0.005783550161012389,,0.05516582632008272,,0.0009779754323328187
TCN1_17ad4ddd,TCN1,loso_subject_S005,10,0.005064052651328991,,0.05190793776389332,,0.0009721861011651174
TCN1_17ad4ddd,TCN1,loso_subject_S005,11,0.004133491423875623,,0.04686003815180606,,0.0009657457896300785
TCN1_17ad4ddd,TCN1,loso_subject_S005,12,0.0036107809487161474,,0.04428051049626973,,0.000958664428221286
TCN1_17ad4ddd,TCN1,loso_subject_S005,13,0.0035802958368329543,,0.0434064180069743,,0.000950952935884765
TCN1_17ad4ddd,TCN1,loso_subject_S005,14,0.0032160022947840612,,0.04090552792072367,,0.0009426232031827582
TCN1_17ad4ddd,TCN1,loso_subject_S005,15,0.003275339413456908,,0.041444111764519356,,0.0009336880739593409
TCN1_17ad4ddd,TCN1,loso_subject_S005,16,0.002755015082129965,,0.03790639468551283,,0.0009241613255361449
TCN1_17ad4ddd,TCN1,loso_subject_S005,17,0.0025623821813708157,,0.03660140696138788,,0.0009140576474687258
TCN1_17ad4ddd,TCN1,loso_subject_S005,18,0.0022111717902365247,,0.03449325589863476,,0.0009033926188963346
TCN1_17ad4ddd,TCN1,loso_subject_S005,19,0.0021590143427312964,,0.033294908759804606,,0.0008921826845200134
TCN1_17ad4ddd,TCN1,loso_subject_S005,20,0.002234815334352581,,0.03313560706772862,,0.000880445129246058
TCN1_17ad4ddd,TCN1,loso_subject_S005,21,0.001920306593112884,,0.031325415657044095,,0.0008681980515339459
TCN1_17ad4ddd,TCN1,loso_subject_S005,22,0.001838618393417524,,0.031089276140525368,,0.0008554603354898234
TCN1_17ad4ddd,TCN1,loso_subject_S005,23,0.0019932160346365396,,0.03232429870988278,,0.0008422516217485822
TCN1_17ad4ddd,TCN1,loso_subject_S005,24,0.0016041213939277847,,0.029296428417986308,,0.0008285922771894248
TCN1_17ad4ddd,TCN1,loso_subject_S005,25,0.001594906414257351,,0.02919834521934589,,0.0008145033635316124
TCN1_17ad4ddd,TCN1,loso_subject_S005,26,0.0016422953118818372,,0.028494484333849927,,0.0008000066048588205
TCN1_17ad4ddd,TCN1,loso_subject_S005,27,0.0016987784102303963,,0.028527992141642627,,0.0007851243541221765
TCN1_17ad4ddd,TCN1,loso_subject_S005,28,0.0014921478551831522,,0.02767631743603579,,0.0007698795586736293
TCN1_17ad4ddd,TCN1,loso_subject_S005,29,0.0014119869033664381,,0.02645327926307183,,0.0007542957248827956
TCN1_17ad4ddd,TCN1,loso_subject_S005,30,0.00123524952245964,,0.025536594894738675,,0.0007383968818918422
TCN1_17ad4ddd,TCN1,loso_subject_S005,31,0.0011493903880217134,,0.024114969105032052,,0.00072220754456429
TCN1_17ad4ddd,TCN1,loso_subject_S005,32,0.0011751312987218737,,0.0243319057517931,,0.0007057526756848715
TCN1_17ad4ddd,TCN1,loso_subject_S005,33,0.0011384312333423163,,0.0238887127400496,,0.000689057647468726
TCN1_17ad4ddd,TCN1,loso_subject_S005,34,0.0012013794642506156,,0.024697169258952,,0.000672148202439283
TCN1_17ad4ddd,TCN1,loso_subject_S005,35,0.001054413261198793,,0.023290936268254202,,0.0006550504137351571
TCN1_17ad4ddd,TCN1,loso_subject_S005,36,0.001073074092537804,,0.023460839984106304,,0.0006377906449072574
TCN1_17ad4ddd,TCN1,loso_subject_S005,37,0.0010064957212527516,,0.022224698169336383,,0.0006203955092681036
TCN1_17ad4ddd,TCN1,loso_subject_S005,38,0.0010791149349268024,,0.023271235505661802,,0.0006028918288560267
TCN1_17ad4ddd,TCN1,loso_subject_S005,39,0.0009360007405101043,,0.022065975286095246,,0.00058530659307753
TCN1_17ad4ddd,TCN1,loso_subject_S005,40,0.0011228246156613872,,0.024013411348672922,,0.0005676669170915806
TCN1_17ad4ddd,TCN1,loso_subject_S005,41,0.0008961118589573132,,0.02113822641128908,,0.0005499999999999997
TCN1_17ad4ddd,TCN1,loso_subject_S005,42,0.0008525159913014423,,0.02058591864442051,,0.000532333082908419
TCN1_17ad4ddd,TCN1,loso_subject_S005,43,0.0007877945663715861,,0.01991354641851105,,0.0005146934069224697
TCN1_17ad4ddd,TCN1,loso_subject_S005,44,0.0008177057651794891,,0.020636472474422504,,0.000497108171143973
TCN1_17ad4ddd,TCN1,loso_subject_S005,45,0.0008365994674053397,,0.02028407268734191,,0.00047960449073189616
TCN1_17ad4ddd,TCN1,loso_subject_S005,46,0.0007433125640097492,,0.019593756803853415,,0.00046220935509274226
TCN1_17ad4ddd,TCN1,loso_subject_S005,47,0.0007215776117855399,,0.01891626073602502,,0.00044494958626484254
TCN1_17ad4ddd,TCN1,loso_subject_S005,48,0.0007754588962703493,,0.02000562940151816,,0.00042785179756071645
TCN1_17ad4ddd,TCN1,loso_subject_S005,49,0.0007099772997125525,,0.01866047170919938,,0.0004109423525312737
TCN1_17ad4ddd,TCN1,loso_subject_S005,50,0.0007219357213989483,,0.01925418083935649,,0.0003942473243151282
TCN1_17ad4ddd,TCN1,loso_subject_S005,51,0.0007030749240345655,,0.018727383388301898,,0.0003777924554357096
TCN1_17ad4ddd,TCN1,loso_subject_S005,52,0.0006249253658106754,,0.01807986477457855,,0.0003616031181081575
TCN1_17ad4ddd,TCN1,loso_subject_S005,53,0.0005947003931102828,,0.017450143478196716,,0.000345704275117204
TCN1_17ad4ddd,TCN1,loso_subject_S005,54,0.0006304368043810973,,0.018170208317052884,,0.00033012044132637024
TCN1_17ad4ddd,TCN1,loso_subject_S005,55,0.0006213478827622619,,0.017899876745931832,,0.00031487564587782306
TCN1_17ad4ddd,TCN1,loso_subject_S005,56,0.0006128304111959732,,0.01736816135228228,,0.00029999339514117897
TCN1_17ad4ddd,TCN1,loso_subject_S005,57,0.0006150511317984984,,0.01726947949131801,,0.0002854966364683872
TCN1_17ad4ddd,TCN1,loso_subject_S005,58,0.0005602056843926785,,0.0168876990081183,,0.0002714077228105749
TCN1_17ad4ddd,TCN1,loso_subject_S005,59,0.0005883691625892144,,0.01722945425888038,,0.00025774837825141746
TCN1_17ad4ddd,TCN1,loso_subject_S005,60,0.0005960205322122679,,0.017531885996045642,,0.0002445396645101764
TCN1_17ad4ddd,TCN1,loso_subject_S005,61,0.0005443701733685389,,0.016464258061504897,,0.0002318019484660537
TCN1_17ad4ddd,TCN1,loso_subject_S005,62,0.0005969531399630266,,0.01659929687629423,,0.00021955487075394156
TCN1_17ad4ddd,TCN1,loso_subject_S005,63,0.0005410304216933353,,0.016279007920323302,,0.0002078173154799862
TCN1_17ad4ddd,TCN1,loso_subject_S005,64,0.0005251170675348399,,0.016180516982419603,,0.00019660738110366478
TCN1_17ad4ddd,TCN1,loso_subject_S005,65,0.0005937321955337983,,0.01684519241840363,,0.00018594235253127373
TCN1_17ad4ddd,TCN1,loso_subject_S005,66,0.0005121911237603885,,0.016014604008373613,,0.00017583867446385477
TCN1_17ad4ddd,TCN1,loso_subject_S005,67,0.0005297922430432429,,0.01610498357726564,,0.00016631192604065853
TCN1_17ad4ddd,TCN1,loso_subject_S005,68,0.0005170553689253075,,0.015864369014911454,,0.00015737679681724137
TCN1_17ad4ddd,TCN1,loso_subject_S005,69,0.0004975531657191594,,0.015704991743233625,,0.0001490470641152345
TCN1_17ad4ddd,TCN1,loso_subject_S005,70,0.0005264465734540004,,0.01565491029754692,,0.00014133557177871338
TCN1_17ad4ddd,TCN1,loso_subject_S005,71,0.0005276316829919517,,0.01571129843882008,,0.00013425421036992097
TCN1_17ad4ddd,TCN1,loso_subject_S005,72,0.00047828413975369016,,0.015595582398601714,,0.00012781389883488212
TCN1_17ad4ddd,TCN1,loso_subject_S005,73,0.0005070288981688053,,0.015463355573580627,,0.0001220245676671809
TCN1_17ad4ddd,TCN1,loso_subject_S005,74,0.0004726730364489679,,0.015186312894748009,,0.00011689514359585877
TCN1_17ad4ddd,TCN1,loso_subject_S005,75,0.00047555195098011703,,0.015345469074919621,,0.00011243353582104555
TCN1_17ad4ddd,TCN1,loso_subject_S005,76,0.0004648297488336829,,0.015271510865363706,,0.0001086466238185463
TCN1_17ad4ddd,TCN1,loso_subject_S005,77,0.00044055127403377193,,0.015149542578105893,,0.00010554024673218805
TCN1_17ad4ddd,TCN1,loso_subject_S005,78,0.0004920422892245524,,0.015588108835073137,,0.00010311919437028317
TCN1_17ad4ddd,TCN1,loso_subject_S005,79,0.0004895404601638961,,0.015318961478294868,,0.00010138719982009242
TCN1_17ad4ddd,TCN1,loso_subject_S005,80,0.0004541783820541055,,0.014873853434576343,,0.0001003469336916747
TCN1_17ad4ddd,TCN1,loso_subject_S006,1,0.19263579943632916,,0.3126956785707234,,0.001
TCN1_17ad4ddd,TCN1,loso_subject_S006,2,0.039542860916263724,,0.1466385620205026,,0.0009996530663083252
TCN1_17ad4ddd,TCN1,loso_subject_S006,3,0.022298770818168837,,0.11086825937782872,,0.0009986128001799074
TCN1_17ad4ddd,TCN1,loso_subject_S006,4,0.015474739661376318,,0.09177365701313149,,0.0009968808056297167
TCN1_17ad4ddd,TCN1,loso_subject_S006,5,0.011131205666358465,,0.07718066441521765,,0.0009944597532678117
TCN1_17ad4ddd,TCN1,loso_subject_S006,6,0.008508065112310226,,0.06721994928691698,,0.0009913533761814533
TCN1_17ad4ddd,TCN1,loso_subject_S006,7,0.007334282953138687,,0.06185654145867928,,0.000987566464178954
TCN1_17ad4ddd,TCN1,loso_subject_S006,8,0.006867305139075428,,0.059084150070661264,,0.0009831048564041408
TCN1_17ad4ddd,TCN1,loso_subject_S006,9,0.005205798284118692,,0.051452517492411066,,0.0009779754323328187
TCN1_17ad4ddd,TCN1,loso_subject_S006,10,0.004893337435022986,,0.050286846870484014,,0.0009721861011651174
TCN1_17ad4ddd,TCN1,loso_subject_S006,11,0.004279514318076335,,0.047412938883771065,,0.0009657457896300785
TCN1_17ad4ddd,TCN1,loso_subject_S006,12,0.003979204258789869,,0.044927772603400515,,0.000958664428221286
TCN1_17ad4ddd,TCN1,loso_subject_S006,13,0.003481445054564139,,0.042734815843522685,,0.000950952935884765
TCN1_17ad4ddd,TCN1,loso_subject_S006,14,0.0033917056936855925,,0.041459936512212185,,0.0009426232031827582
TCN1_17ad4ddd,TCN1,loso_subject_S006,15,0.0032789524606252154,,0.040993369408207574,,0.0009336880739593409
TCN1_17ad4ddd,TCN1,loso_subject_S006,16,0.0029725858747737493,,0.03958158561580514,,0.0009241613255361449
TCN1_17ad4ddd,TCN1,loso_subject_S006,17,0.0027892192030747505,,0.037420543204796944,,0.0009140576474687258
TCN1_17ad4ddd,TCN1,loso_subject_S006,18,0.002322436033298413,,0.03474087788120287,,0.0009033926188963346
TCN1_17ad4ddd,TCN1,loso_subject_S006,19,0.0022956288381835587,,0.03388058917609723,,0.0008921826845200134
TCN1_17ad4ddd,TCN1,loso_subject_S006,20,0.0020546642077758533,,0.0327260191392503,,0.000880445129246058
TCN1_17ad4ddd,TCN1,loso_subject_S006,21,0.0018984911392189272,,0.03077255819819748,,0.0008681980515339459
TCN1_17ad4ddd,TCN1,loso_subject_S006,22,0.001794227169298096,,0.030309810488563654,,0.0008554603354898234
TCN1_17ad4ddd,TCN1,loso_subject_S006,23,0.0016406626580176488,,0.029299183056031266,,0.0008422516217485822
TCN1_17ad4ddd,TCN1,loso_subject_S006,24,0.00172846823439505,,0.029585305805951017,,0.0008285922771894248
TCN1_17ad4ddd,TCN1,loso_subject_S006,25,0.001548359971610697,,0.028248495322138547,,0.0008145033635316124
TCN1_17ad4ddd,TCN1,loso_subject_S006,26,0.001496896629106654,,0.027147393051355873,,0.0008000066048588205
TCN1_17ad4ddd,TCN1,loso_subject_S006,27,0.0016082557468638846,,0.028555321470925956,,0.0007851243541221765
TCN1_17ad4ddd,TCN1,loso_subject_S006,28,0.0013511232619900554,,0.026171643691866295,,0.0007698795586736293
TCN1_17ad4ddd,TCN1,loso_subject_S006,29,0.001449323986290402,,0.026961727391766464,,0.0007542957248827956
TCN1_17ad4ddd,TCN1,loso_subject_S006,30,0.0012806914064785982,,0.025262020779794905,,0.0007383968818918422
TCN1_17ad4ddd,TCN1,loso_subject_S006,31,0.001275022107376813,,0.02494080350212156,,0.00072220754456429
TCN1_17ad4ddd,TCN1,loso_subject_S006,32,0.0012484152467806292,,0.025294353132662567,,0.0007057526756848715
TCN1_17ad4ddd,TCN1,loso_subject_S006,33,0.0012393662454539087,,0.024690574410134922,,0.000689057647468726
TCN1_17ad4ddd,TCN1,loso_subject_S006,34,0.0011822622417508534,,0.024267993083125668,,0.000672148202439283
TCN1_17ad4ddd,TCN1,loso_subject_S006,35,0.0010795238312201689,,0.023372382339030436,,0.0006550504137351571
TCN1_17ad4ddd,TCN1,loso_subject_S006,36,0.0009643749454595762,,0.022171120481135096,,0.0006377906449072574
TCN1_17ad4ddd,TCN1,loso_subject_S006,37,0.0009932449596051715,,0.02222576356350148,,0.0006203955092681036
TCN1_17ad4ddd,TCN1,loso_subject_S006,38,0.0009319475485391284,,0.021544016330786373,,0.0006028918288560267
TCN1_17ad4ddd,TCN1,loso_subject_S006,39,0.0009595502196710975,,0.02187115118521302,,0.00058530659307753
TCN1_17ad4ddd,TCN1,loso_subject_S006,40,0.0009603453882665158,,0.021797228186845236,,0.0005676669170915806
TCN1_17ad4ddd,TCN1,loso_subject_S006,41,0.0008407721527851053,,0.021166376526588978,,0.0005499999999999997
TCN1_17ad4ddd,TCN1,loso_subject_S006,42,0.0007874697980415544,,0.02012948099378863,,0.000532333082908419
TCN1_17ad4ddd,TCN1,loso_subject_S006,43,0.000829169899385073,,0.02026635323580806,,0.0005146934069224697
TCN1_17ad4ddd,TCN1,loso_subject_S006,44,0.0007769925468143085,,0.01984907048210945,,0.000497108171143973
TCN1_17ad4ddd,TCN1,loso_subject_S006,45,0.00078713477259391,,0.019670869937716415,,0.00047960449073189616
TCN1_17ad4ddd,TCN1,loso_subject_S006,46,0.0007816380248415695,,0.01956634635203763,,0.00046220935509274226
TCN1_17ad4ddd,TCN1,loso_subject_S006,47,0.0007856256478770852,,0.019629024813117915,,0.00044494958626484254
TCN1_17ad4ddd,TCN1,loso_subject_S006,48,0.0007175355965859796,,0.01859807222655354,,0.00042785179756071645
TCN1_17ad4ddd,TCN1,loso_subject_S006,49,0.0006316662568905875,,0.018003694815411992,,0.0004109423525312737
TCN1_17ad4ddd,TCN1,loso_subject_S006,50,0.0007558467192415498,,0.01916282186689584,,0.0003942473243151282
TCN1_17ad4ddd,TCN1,loso_subject_S006,51,0.0006654059730983793,,0.018340744086684024,,0.0003777924554357096
TCN1_17ad4ddd,TCN1,loso_subject_S006,52,0.0005819761164718706,,0.01747347724366106,,0.0003616031181081575
TCN1_17ad4ddd,TCN1,loso_subject_S006,53,0.00063508857511521,,0.017949462691385903,,0.000345704275117204
TCN1_17ad4ddd,TCN1,loso_subject_S006,54,0.0005752075993929067,,0.0172081948630938,,0.00033012044132637024
TCN1_17ad4ddd,TCN1,loso_subject_S006,55,0.000553649369610188,,0.016746173985728682,,0.00031487564587782306
TCN1_17ad4ddd,TCN1,loso_subject_S006,56,0.0005708238159496022,,0.016609296177085533,,0.00029999339514117897
TCN1_17ad4ddd,TCN1,loso_subject_S006,57,0.000601639340443055,,0.016911572949359837,,0.0002854966364683872
TCN1_17ad4ddd,TCN1,loso_subject_S006,58,0.0005130704936680109,,0.01579288710590699,,0.0002714077228105749
TCN1_17ad4ddd,TCN1,loso_subject_S006,59,0.0005391397273958633,,0.015793102147650118,,0.00025774837825141746
TCN1_17ad4ddd,TCN1,loso_subject_S006,60,0.0004717088662097508,,0.015465010343294259,,0.0002445396645101764
TCN1_17ad4ddd,TCN1,loso_subject_S006,61,0.0004632465147228967,,0.015467113540326703,,0.0002318019484660537
TCN1_17ad4ddd,TCN1,loso_subject_S006,62,0.0004651952837007781,,0.015344718935765172,,0.00021955487075394156
TCN1_17ad4ddd,TCN1,loso_subject_S006,63,0.00047488541164365116,,0.015271489998619808,,0.0002078173154799862
TCN1_17ad4ddd,TCN1,loso_subject_S006,64,0.0004915449101913687,,0.015529905153903045,,0.00019660738110366478
TCN1_17ad4ddd,TCN1,loso_subject_S006,65,0.00046795148477576313,,0.015300180541364224,,0.00018594235253127373
TCN1_17ad4ddd,TCN1,loso_subject_S006,66,0.0005060065042459804,,0.015548407592441997,,0.00017583867446385477
TCN1_17ad4ddd,TCN1,loso_subject_S006,67,0.00048642221599011693,,0.015096914133981927,,0.00016631192604065853
TCN1_17ad4ddd,TCN1,loso_subject_S006,68,0.0004681359696946825,,0.01499154339001026,,0.00015737679681724137
TCN1_17ad4ddd,TCN1,loso_subject_S006,69,0.0004861595427981861,,0.015237370821342588,,0.0001490470641152345
TCN1_17ad4ddd,TCN1,loso_subject_S006,70,0.00048180766261419285,,0.015165845471385279,,0.00014133557177871338
TCN1_17ad4ddd,TCN1,loso_subject_S006,71,0.00045602370683024945,,0.014654821166406371,,0.00013425421036992097
TCN1_17ad4ddd,TCN1,loso_subject_S006,72,0.00045965823546814937,,0.014769594202103685,,0.00012781389883488212
TCN1_17ad4ddd,TCN1,loso_subject_S006,73,0.000410434113441406,,0.014431594775081772,,0.0001220245676671809
TCN1_17ad4ddd,TCN1,loso_subject_S006,74,0.00038793003227874997,,0.01404164540123203,,0.00011689514359585877
TCN1_17ad4ddd,TCN1,loso_subject_S006,75,0.00039584548669458034,,0.014058964437798723,,0.00011243353582104555
TCN1_17ad4ddd,TCN1,loso_subject_S006,76,0.0004159645936654314,,0.014156908670640646,,0.0001086466238185463
TCN1_17ad4ddd,TCN1,loso_subject_S006,77,0.00039702301295644666,,0.014166316038820237,,0.00010554024673218805
TCN1_17ad4ddd,TCN1,loso_subject_S006,78,0.0004237964754664175,,0.014230147464460857,,0.00010311919437028317
TCN1_17ad4ddd,TCN1,loso_subject_S006,79,0.00039829010209409645,,0.014010643931766396,,0.00010138719982009242
TCN1_17ad4ddd,TCN1,loso_subject_S006,80,0.00042719022465179286,,0.013989070259904153,,0.0001003469336916747
TCN1_17ad4ddd,TCN1,loso_subject_S007,1,0.22683330898083026,,0.3295655924641142,,0.001
TCN1_17ad4ddd,TCN1,loso_subject_S007,2,0.04013170030984012,,0.1513679763089177,,0.0009996530663083252
TCN1_17ad4ddd,TCN1,loso_subject_S007,3,0.024683102735938215,,0.11721111652263798,,0.0009986128001799074
TCN1_17ad4ddd,TCN1,loso_subject_S007,4,0.015684655798145753,,0.09356395017541398,,0.0009968808056297167
TCN1_17ad4ddd,TCN1,loso_subject_S007,5,0.012130560504704102,,0.08098298042925223,,0.0009944597532678117
TCN1_17ad4ddd,TCN1,loso_subject_S007,6,0.009305415815425233,,0.07108986405246069,,0.0009913533761814533
TCN1_17ad4ddd,TCN1,loso_subject_S007,7,0.007264066171283421,,0.0632279372547379,,0.000987566464178954
TCN1_17ad4ddd,TCN1,loso_subject_S007,8,0.006149235052873225,,0.05766580594468676,,0.0009831048564041408
TCN1_17ad4ddd,TCN1,loso_subject_S007,9,0.005097571583164315,,0.05307358304732356,,0.0009779754323328187
TCN1_17ad4ddd,TCN1,loso_subject_S007,10,0.004669729305862768,,0.04954446109552537,,0.0009721861011651174
TCN1_17ad4ddd,TCN1,loso_subject_S007,11,0.004193315003886601,,0.04736473690336051,,0.0009657457896300785
TCN1_17ad4ddd,TCN1,loso_subject_S007,12,0.0039287196532372505,,0.04550909309967522,,0.000958664428221286
TCN1_17ad4ddd,TCN1,loso_subject_S007,13,0.0034405326487119596,,0.043123161475941585,,0.000950952935884765
TCN1_17ad4ddd,TCN1,loso_subject_S007,14,0.003390711177785026,,0.04190387091329021,,0.0009426232031827582
TCN1_17ad4ddd,TCN1,loso_subject_S007,15,0.0029133811024976267,,0.04001408566302918,,0.0009336880739593409
TCN1_17ad4ddd,TCN1,loso_subject_S007,16,0.0026312413427410676,,0.037466357973925876,,0.0009241613255361449
TCN1_17ad4ddd,TCN1,loso_subject_S007,17,0.0026308691713554768,,0.03719864584658503,,0.0009140576474687258
TCN1_17ad4ddd,TCN1,loso_subject_S007,18,0.0021550282917894925,,0.03395760423146035,,0.0009033926188963346
TCN1_17ad4ddd,TCN1,loso_subject_S007,19,0.002071410423019065,,0.03287536720813544,,0.0008921826845200134
TCN1_17ad4ddd,TCN1,loso_subject_S007,20,0.0019555000737828373,,0.032542204475603846,,0.000880445129246058
TCN1_17ad4ddd,TCN1,loso_subject_S007,21,0.001848863916679168,,0.03105048656988004,,0.0008681980515339459
TCN1_17ad4ddd,TCN1,loso_subject_S007,22,0.0016323123542015656,,0.029260178604040326,,0.0008554603354898234
TCN1_17ad4ddd,TCN1,loso_subject_S007,23,0.0017204942489302338,,0.030016718346002863,,0.0008422516217485822
TCN1_17ad4ddd,TCN1,loso_subject_S007,24,0.0015266818923007183,,0.027789696692721237,,0.0008285922771894248
TCN1_17ad4ddd,TCN1,loso_subject_S007,25,0.001546149954057771,,0.02786180500673059,,0.0008145033635316124
TCN1_17ad4ddd,TCN1,loso_subject_S007,26,0.0014448586188030054,,0.027429968658343087,,0.0008000066048588205
TCN1_17ad4ddd,TCN1,loso_subject_S007,27,0.0012728358663296289,,0.026113646116948896,,0.0007851243541221765
TCN1_17ad4ddd,TCN1,loso_subject_S007,28,0.001300075760451241,,0.02580387954684821,,0.0007698795586736293
TCN1_17ad4ddd,TCN1,loso_subject_S007,29,0.0011948650272677807,,0.02481525023618052,,0.0007542957248827956
TCN1_17ad4ddd,TCN1,loso_subject_S007,30,0.0011659930391534836,,0.02457743485258821,,0.0007383968818918422
TCN1_17ad4ddd,TCN1,loso_subject_S007,31,0.0011096447542694853,,0.023992989559676988,,0.00072220754456429
TCN1_17ad4ddd,TCN1,loso_subject_S007,32,0.0011172168343628367,,0.024405986336100836,,0.0007057526756848715
TCN1_17ad4ddd,TCN1,loso_subject_S007,33,0.0010647716929950365,,0.02349998659489791,,0.000689057647468726
TCN1_17ad4ddd,TCN1,loso_subject_S007,34,0.0009000612709594787,,0.02199153076322023,,0.000672148202439283
TCN1_17ad4ddd,TCN1,loso_subject_S007,35,0.00096313131009051,,0.022267607210580905,,0.0006550504137351571
TCN1_17ad4ddd,TCN1,loso_subject_S007,36,0.0009712424070186519,,0.022457631607471672,,0.0006377906449072574
TCN1_17ad4ddd,TCN1,loso_subject_S007,37,0.0009653267507984841,,0.022482787214678404,,0.0006203955092681036
TCN1_17ad4ddd,TCN1,loso_subject_S007,38,0.0007922639179281082,,0.020268072254540633,,0.0006028918288560267
TCN1_17ad4ddd,TCN1,loso_subject_S007,39,0.0009164711355663225,,0.021173154236066027,,0.00058530659307753
TCN1_17ad4ddd,TCN1,loso_subject_S007,40,0.0008834916046790538,,0.02125185473529824,,0.0005676669170915806
TCN1_17ad4ddd,TCN1,loso_subject_S007,41,0.0008222454635131438,,0.02064391867069205,,0.0005499999999999997
TCN1_17ad4ddd,TCN1,loso_subject_S007,42,0.0007770995937883198,,0.020007485657100105,,0.000532333082908419
TCN1_17ad4ddd,TCN1,loso_subject_S007,43,0.0007239846147383806,,0.019359886563243753,,0.0005146934069224697
TCN1_17ad4ddd,TCN1,loso_subject_S007,44,0.0006888016571544788,,0.01913007845517652,,0.000497108171143973
TCN1_17ad4ddd,TCN1,loso_subject_S007,45,0.0007176850345791413,,0.019323899344571176,,0.00047960449073189616
TCN1_17ad4ddd,TCN1,loso_subject_S007,46,0.0006552914538334706,,0.018484635085217065,,0.00046220935509274226
TCN1_17ad4ddd,TCN1,loso_subject_S007,47,0.0006731054258445425,,0.018472967529532848,,0.00044494958626484254
TCN1_17ad4ddd,TCN1,loso_subject_S007,48,0.0006580822169439337,,0.018119624816427482,,0.00042785179756071645
TCN1_17ad4ddd,TCN1,loso_subject_S007,49,0.0006454115771740412,,0.017798622003879366,,0.0004109423525312737
TCN1_17ad4ddd,TCN1,loso_subject_S007,50,0.0005802819788434797,,0.017392156919316986,,0.0003942473243151282
TCN1_17ad4ddd,TCN1,loso_subject_S007,51,0.0005956739851593141,,0.01740963655111552,,0.0003777924554357096
TCN1_17ad4ddd,TCN1,loso_subject_S007,52,0.0005618200927926364,,0.016954348199178747,,0.0003616031181081575
TCN1_17ad4ddd,TCN1,loso_subject_S007,53,0.000611702092073836,,0.017699271160836094,,0.000345704275117204
TCN1_17ad4ddd,TCN1,loso_subject_S007,54,0.0005942268691642231,,0.01693844488464143,,0.00033012044132637024
TCN1_17ad4ddd,TCN1,loso_subject_S007,55,0.00053306621208492,,0.01633864471748952,,0.00031487564587782306
TCN1_17ad4ddd,TCN1,loso_subject_S007,56,0.0005154071752626525,,0.016351469605068655,,0.00029999339514117897
TCN1_17ad4ddd,TCN1,loso_subject_S007,57,0.0004994935054971107,,0.015795470863755497,,0.0002854966364683872
TCN1_17ad4ddd,TCN1,loso_subject_S007,58,0.0005196581597206432,,0.016079695871280084,,0.0002714077228105749
TCN1_17ad4ddd,TCN1,loso_subject_S007,59,0.0004914010112253059,,0.015654436734851854,,0.00025774837825141746
TCN1_17ad4ddd,TCN1,loso_subject_S007,60,0.0004696031164376562,,0.015652229901283017,,0.0002445396645101764
TCN1_17ad4ddd,TCN1,loso_subject_S007,61,0.0004794399983582805,,0.015613637515002332,,0.0002318019484660537
TCN1_17ad4ddd,TCN1,loso_subject_S007,62,0.00047254898308679366,,0.015699862043681907,,0.00021955487075394156
TCN1_17ad4ddd,TCN1,loso_subject_S007,63,0.000504567184556505,,0.015780491832523575,,0.0002078173154799862
TCN1_17ad4ddd,TCN1,loso_subject_S007,64,0.00046326183506405075,,0.015172171311950054,,0.00019660738110366478
TCN1_17ad4ddd,TCN1,loso_subject_S007,65,0.00040495904135897406,,0.014613984764998785,,0.00018594235253127373
TCN1_17ad4ddd,TCN1,loso_subject_S007,66,0.00047629368909678346,,0.015129427293375615,,0.00017583867446385477
TCN1_17ad4ddd,TCN1,loso_subject_S007,67,0.0004229444757962867,,0.014717912702354168,,0.00016631192604065853
TCN1_17ad4ddd,TCN1,loso_subject_S007,68,0.0004661985986751349,,0.015004470687676385,,0.00015737679681724137
TCN1_17ad4ddd,TCN1,loso_subject_S007,69,0.0004267242427982248,,0.014836718539142014,,0.0001490470641152345
TCN1_17ad4ddd,TCN1,loso_subject_S007,70,0.00041649363569019475,,0.014455289872161105,,0.00014133557177871338
TCN1_17ad4ddd,TCN1,loso_subject_S007,71,0.00042742004123368896,,0.01455357199988145,,0.00013425421036992097
TCN1_17ad4ddd,TCN1,loso_subject_S007,72,0.000424458418291368,,0.014344645713256601,,0.00012781389883488212
TCN1_17ad4ddd,TCN1,loso_subject_S007,73,0.000410295813958928,,0.014344349223847263,,0.0001220245676671809
TCN1_17ad4ddd,TCN1,loso_subject_S007,74,0.0004198603242426794,,0.014583445319091995,,0.00011689514359585877
TCN1_17ad4ddd,TCN1,loso_subject_S007,75,0.00042542912648230126,,0.01429134503258201,,0.00011243353582104555
TCN1_17ad4ddd,TCN1,loso_subject_S007,76,0.00042752327275929477,,0.014423354730403319,,0.0001086466238185463
TCN1_17ad4ddd,TCN1,loso_subject_S007,77,0.00042796152585139637,,0.014330310311135658,,0.00010554024673218805
TCN1_17ad4ddd,TCN1,loso_subject_S007,78,0.0004173158127896466,,0.014178394998186145,,0.00010311919437028317
TCN1_17ad4ddd,TCN1,loso_subject_S007,79,0.00041321788112567385,,0.014182953727691055,,0.00010138719982009242
TCN1_17ad4ddd,TCN1,loso_subject_S007,80,0.00038277559292016557,,0.014148336807894043,,0.0001003469336916747
TCN1_17ad4ddd,TCN1,loso_subject_S008,1,0.23318100942003375,,0.33094809054559166,,0.001
TCN1_17ad4ddd,TCN1,loso_subject_S008,2,0.042064169687273716,,0.15306982639049915,,0.0009996530663083252
TCN1_17ad4ddd,TCN1,loso_subject_S008,3,0.026960490853425542,,0.12241976659030261,,0.0009986128001799074
TCN1_17ad4ddd,TCN1,loso_subject_S008,4,0.016968216853345024,,0.09761797227360712,,0.0009968808056297167
TCN1_17ad4ddd,TCN1,loso_subject_S008,5,0.013140231273974342,,0.0849589085725067,,0.0009944597532678117
TCN1_17ad4ddd,TCN1,loso_subject_S008,6,0.010428606499929823,,0.07482150922643445,,0.0009913533761814533
TCN1_17ad4ddd,TCN1,loso_subject_S008,7,0.0088592811373036,,0.06964048840466631,,0.000987566464178954
TCN1_17ad4ddd,TCN1,loso_subject_S008,8,0.007480965584974842,,0.0627868713681237,,0.0009831048564041408
TCN1_17ad4ddd,TCN1,loso_subject_S008,9,0.0061618838895134715,,0.0558449964674421,,0.0009779754323328187
TCN1_17ad4ddd,TCN1,loso_subject_S008,10,0.005138070096219333,,0.05222803726151334,,0.0009721861011651174
TCN1_17ad4ddd,TCN1,loso_subject_S008,11,0.004756294363019398,,0.049776004385368715,,0.0009657457896300785
TCN1_17ad4ddd,TCN1,loso_subject_S008,12,0.004349912047038426,,0.04747019001238149,,0.000958664428221286
TCN1_17ad4ddd,TCN1,loso_subject_S008,13,0.004035779556907459,,0.04534669723206822,,0.000950952935884765
TCN1_17ad4ddd,TCN1,loso_subject_S008,14,0.003467710214235147,,0.04158083122231094,,0.0009426232031827582
TCN1_17ad4ddd,TCN1,loso_subject_S008,15,0.003036431212063397,,0.03880896060646076,,0.0009336880739593409
TCN1_17ad4ddd,TCN1,loso_subject_S008,16,0.002954630836350873,,0.038557234239169715,,0.0009241613255361449
TCN1_17ad4ddd,TCN1,loso_subject_S008,17,0.003094023459386385,,0.038381305815139745,,0.0009140576474687258
TCN1_17ad4ddd,TCN1,loso_subject_S008,18,0.0023344120202099428,,0.03437672849239235,,0.0009033926188963346
TCN1_17ad4ddd,TCN1,loso_subject_S008,19,0.0022548745910922594,,0.03338910075578148,,0.0008921826845200134
TCN1_17ad4ddd,TCN1,loso_subject_S008,20,0.002166313273540546,,0.03221545497060745,,0.000880445129246058
TCN1_17ad4ddd,TCN1,loso_subject_S008,21,0.0021454259793423406,,0.03234474532517725,,0.0008681980515339459
TCN1_17ad4ddd,TCN1,loso_subject_S008,22,0.0019407194171336957,,0.030580472651947046,,0.0008554603354898234
TCN1_17ad4ddd,TCN1,loso_subject_S008,23,0.001851991968774799,,0.029914762290605405,,0.0008422516217485822
TCN1_17ad4ddd,TCN1,loso_subject_S008,24,0.0016918641905586634,,0.028546696775044005,,0.0008285922771894248
TCN1_17ad4ddd,TCN1,loso_subject_S008,25,0.0015654413261647667,,0.027413957985451886,,0.0008145033635316124
TCN1_17ad4ddd,TCN1,loso_subject_S008,26,0.0015418728684861206,,0.027081157494542554,,0.0008000066048588205
TCN1_17ad4ddd,TCN1,loso_subject_S008,27,0.001641998039387596,,0.027781851706128426,,0.0007851243541221765
TCN1_17ad4ddd,TCN1,loso_subject_S008,28,0.0017140980447593896,,0.028416372053613626,,0.0007698795586736293
TCN1_17ad4ddd,TCN1,loso_subject_S008,29,0.0013654826788755483,,0.025734929543641292,,0.0007542957248827956
TCN1_17ad4ddd,TCN1,loso_subject_S008,30,0.0013477438315475407,,0.025234431021956067,,0.0007383968818918422
TCN1_17ad4ddd,TCN1,loso_subject_S008,31,0.0014513233266712081,,0.02665752406115343,,0.00072220754456429
TCN1_17ad4ddd,TCN1,loso_subject_S008,32,0.0014101180490608462,,0.0255357321273778,,0.0007057526756848715
TCN1_17ad4ddd,TCN1,loso_subject_S008,33,0.0012210964846270118,,0.024450931729599813,,0.000689057647468726
TCN1_17ad4ddd,TCN1,loso_subject_S008,34,0.0010847500888649445,,0.023059644720591615,,0.000672148202439283
TCN1_17ad4ddd,TCN1,loso_subject_S008,35,0.0011568237556457619,,0.02332156096674034,,0.0006550504137351571
TCN1_17ad4ddd,TCN1,loso_subject_S008,36,0.001081952707988755,,0.022814336400302802,,0.0006377906449072574
TCN1_17ad4ddd,TCN1,loso_subject_S008,37,0.0010016678873134939,,0.022096107750468687,,0.0006203955092681036
TCN1_17ad4ddd,TCN1,loso_subject_S008,38,0.0009750119657641646,,0.021907655219353814,,0.0006028918288560267
TCN1_17ad4ddd,TCN1,loso_subject_S008,39,0.0010127426525034387,,0.021568636690643822,,0.00058530659307753
TCN1_17ad4ddd,TCN1,loso_subject_S008,40,0.0009115254540522007,,0.02120046923484558,,0.0005676669170915806
TCN1_17ad4ddd,TCN1,loso_subject_S008,41,0.0008998838084922681,,0.02085034070995345,,0.0005499999999999997
TCN1_17ad4ddd,TCN1,loso_subject_S008,42,0.0008835812291879061,,0.020880289537100864,,0.000532333082908419
TCN1_17ad4ddd,TCN1,loso_subject_S008,43,0.0008565841789125268,,0.019664434787149857,,0.0005146934069224697
TCN1_17ad4ddd,TCN1,loso_subject_S008,44,0.0008101284749303675,,0.02014727870753964,,0.000497108171143973
TCN1_17ad4ddd,TCN1,loso_subject_S008,45,0.000825199625421591,,0.01952705997626471,,0.00047960449073189616
TCN1_17ad4ddd,TCN1,loso_subject_S008,46,0.0007740060398130776,,0.019102877308274018,,0.00046220935509274226
TCN1_17ad4ddd,TCN1,loso_subject_S008,47,0.0007335340245224905,,0.019005637902767533,,0.00044494958626484254
TCN1_17ad4ddd,TCN1,loso_subject_S008,48,0.0007782848317336087,,0.018977445866757696,,0.00042785179756071645
TCN1_17ad4ddd,TCN1,loso_subject_S008,49,0.0007699597258014476,,0.019039285585288508,,0.0004109423525312737
TCN1_17ad4ddd,TCN1,loso_subject_S008,50,0.0007647614627916971,,0.018769037989396865,,0.0003942473243151282
TCN1_17ad4ddd,TCN1,loso_subject_S008,51,0.0006814590675432095,,0.018108914386462886,,0.0003777924554357096
TCN1_17ad4ddd,TCN1,loso_subject_S008,52,0.0006850198964275322,,0.017922184627170903,,0.0003616031181081575
TCN1_17ad4ddd,TCN1,loso_subject_S008,53,0.0006780636701395012,,0.017949058751997374,,0.000345704275117204
TCN1_17ad4ddd,TCN1,loso_subject_S008,54,0.000641949369630461,,0.017866318262066527,,0.00033012044132637024
TCN1_17ad4ddd,TCN1,loso_subject_S008,55,0.0006042348020731418,,0.017163610854513296,,0.00031487564587782306
TCN1_17ad4ddd,TCN1,loso_subject_S008,56,0.0006045738368048814,,0.017236191087359937,,0.00029999339514117897
TCN1_17ad4ddd,TCN1,loso_subject_S008,57,0.0005724186999555052,,0.0166472400775527,,0.0002854966364683872
TCN1_17ad4ddd,TCN1,loso_subject_S008,58,0.0005708109680376253,,0.016623691180552663,,0.0002714077228105749
TCN1_17ad4ddd,TCN1,loso_subject_S008,59,0.0005862577798803571,,0.016339563063268663,,0.00025774837825141746
TCN1_17ad4ddd,TCN1,loso_subject_S008,60,0.0005640798541609062,,0.016360068134215675,,0.0002445396645101764
TCN1_17ad4ddd,TCN1,loso_subject_S008,61,0.0005612032765956344,,0.016383645784164316,,0.0002318019484660537
TCN1_17ad4ddd,TCN1,loso_subject_S008,62,0.0005412847783613751,,0.01625589480912588,,0.00021955487075394156
TCN1_17ad4ddd,TCN1,loso_subject_S008,63,0.0005368901907710333,,0.015905208439372025,,0.0002078173154799862
TCN1_17ad4ddd,TCN1,loso_subject_S008,64,0.0005502381718511594,,0.016026191155933397,,0.00019660738110366478
TCN1_17ad4ddd,TCN1,loso_subject_S008,65,0.000563289466217567,,0.015802899147468002,,0.00018594235253127373
TCN1_17ad4ddd,TCN1,loso_subject_S008,66,0.0005457077454415008,,0.016133536366467527,,0.00017583867446385477
TCN1_17ad4ddd,TCN1,loso_subject_S008,67,0.0005339627509610447,,0.016083512987523783,,0.00016631192604065853
TCN1_17ad4ddd,TCN1,loso_subject_S008,68,0.000462749237306165,,0.014932321447848094,,0.00015737679681724137
TCN1_17ad4ddd,TCN1,loso_subject_S008,69,0.0005223437592485086,,0.015299201166299462,,0.0001490470641152345
TCN1_17ad4ddd,TCN1,loso_subject_S008,70,0.00047779793811916337,,0.015196192891296648,,0.00014133557177871338
TCN1_17ad4ddd,TCN1,loso_subject_S008,71,0.0005103047394105838,,0.015186428713390846,,0.00013425421036992097
TCN1_17ad4ddd,TCN1,loso_subject_S008,72,0.0005144555646597517,,0.01514058197379232,,0.00012781389883488212
TCN1_17ad4ddd,TCN1,loso_subject_S008,73,0.0004847429238101144,,0.015155800153504803,,0.0001220245676671809
TCN1_17ad4ddd,TCN1,loso_subject_S008,74,0.0004687800123438745,,0.01484830026304633,,0.00011689514359585877
TCN1_17ad4ddd,TCN1,loso_subject_S008,75,0.00044792604257822986,,0.014727008107815666,,0.00011243353582104555
TCN1_17ad4ddd,TCN1,loso_subject_S008,76,0.0005053276945326711,,0.014985876661600613,,0.0001086466238185463
TCN1_17ad4ddd,TCN1,loso_subject_S008,77,0.00046734391572985506,,0.014692535239840977,,0.00010554024673218805
TCN1_17ad4ddd,TCN1,loso_subject_S008,78,0.0004498240061730343,,0.0145638205911211,,0.00010311919437028317
TCN1_17ad4ddd,TCN1,loso_subject_S008,79,0.00045727023278851277,,0.014868778246314676,,0.00010138719982009242
TCN1_17ad4ddd,TCN1,loso_subject_S008,80,0.00042742702005319416,,0.014346400815069436,,0.0001003469336916747
TCN1_17ad4ddd,TCN1,loso_subject_S009,1,0.16827876819993112,,0.2870381447154187,,0.001
TCN1_17ad4ddd,TCN1,loso_subject_S009,2,0.03677054462657491,,0.1428064666336464,,0.0009996530663083252
TCN1_17ad4ddd,TCN1,loso_subject_S009,3,0.021081741811257423,,0.10817969116049908,,0.0009986128001799074
TCN1_17ad4ddd,TCN1,loso_subject_S009,4,0.01484880800972358,,0.09090053115956342,,0.0009968808056297167
TCN1_17ad4ddd,TCN1,loso_subject_S009,5,0.01072888752670958,,0.07711049954780752,,0.0009944597532678117
TCN1_17ad4ddd,TCN1,loso_subject_S009,6,0.009154293058268074,,0.07002486544242541,,0.0009913533761814533
TCN1_17ad4ddd,TCN1,loso_subject_S009,7,0.007685705269745068,,0.0638525352467854,,0.000987566464178954
TCN1_17ad4ddd,TCN1,loso_subject_S009,8,0.006846507706860219,,0.05938223155918771,,0.0009831048564041408
TCN1_17ad4ddd,TCN1,loso_subject_S009,9,0.005869382393811237,,0.05612673526768894,,0.0009779754323328187
TCN1_17ad4ddd,TCN1,loso_subject_S009,10,0.005260053956077861,,0.05161521708123279,,0.0009721861011651174
TCN1_17ad4ddd,TCN1,loso_subject_S009,11,0.004442625470301639,,0.048398215606404456,,0.0009657457896300785
TCN1_17ad4ddd,TCN1,loso_subject_S009,12,0.004207669058743682,,0.045475077351821484,,0.000958664428221286
TCN1_17ad4ddd,TCN1,loso_subject_S009,13,0.0034931659458914167,,0.0430011492823181,,0.000950952935884765
TCN1_17ad4ddd,TCN1,loso_subject_S009,14,0.003284538482366648,,0.041137876502853894,,0.0009426232031827582
TCN1_17ad4ddd,TCN1,loso_subject_S009,15,0.0029681173877899,,0.038535932608627754,,0.0009336880739593409
TCN1_17ad4ddd,TCN1,loso_subject_S009,16,0.0029377207500336103,,0.03864139261809074,,0.0009241613255361449
TCN1_17ad4ddd,TCN1,loso_subject_S009,17,0.0027562147628031135,,0.03728849668463386,,0.0009140576474687258
TCN1_17ad4ddd,TCN1,loso_subject_S009,18,0.002520504222086556,,0.03512659699919201,,0.0009033926188963346
TCN1_17ad4ddd,TCN1,loso_subject_S009,19,0.002312814538266041,,0.034093488467626186,,0.0008921826845200134
TCN1_17ad4ddd,TCN1,loso_subject_S009,20,0.0020416417362343568,,0.03289222401072615,,0.000880445129246058
TCN1_17ad4ddd,TCN1,loso_subject_S009,21,0.0019035855541928253,,0.031152543769363078,,0.0008681980515339459
TCN1_17ad4ddd,TCN1,loso_subject_S009,22,0.0017848402271207612,,0.02998503344062533,,0.0008554603354898234
TCN1_17ad4ddd,TCN1,loso_subject_S009,23,0.001688437482142859,,0.029008052437016964,,0.0008422516217485822
TCN1_17ad4ddd,TCN1,loso_subject_S009,24,0.001761602687958687,,0.030628200549449508,,0.0008285922771894248
TCN1_17ad4ddd,TCN1,loso_subject_S009,25,0.0015256212144242518,,0.02790939227582223,,0.0008145033635316124
TCN1_17ad4ddd,TCN1,loso_subject_S009,26,0.0014455767206623992,,0.026753024607147433,,0.0008000066048588205
TCN1_17ad4ddd,TCN1,loso_subject_S009,27,0.0015348922219463783,,0.02718449417639073,,0.0007851243541221765
TCN1_17ad4ddd,TCN1,loso_subject_S009,28,0.0013339852804611291,,0.025953936650304488,,0.0007698795586736293
TCN1_17ad4ddd,TCN1,loso_subject_S009,29,0.0012463898777210088,,0.02524405077533528,,0.0007542957248827956
TCN1_17ad4ddd,TCN1,loso_subject_S009,30,0.001288484548511201,,0.025358357492587944,,0.0007383968818918422
TCN1_17ad4ddd,TCN1,loso_subject_S009,31,0.0011994676569451745,,0.02435100919469687,,0.00072220754456429
TCN1_17ad4ddd,TCN1,loso_subject_S009,32,0.0010769782711965218,,0.023171960941922625,,0.0007057526756848715
TCN1_17ad4ddd,TCN1,loso_subject_S009,33,0.0010411511267941582,,0.02295889107738098,,0.000689057647468726
TCN1_17ad4ddd,TCN1,loso_subject_S009,34,0.0011379861935349542,,0.02397046837625308,,0.000672148202439283
TCN1_17ad4ddd,TCN1,loso_subject_S009,35,0.0011120575223772633,,0.02373687992328298,,0.0006550504137351571
TCN1_17ad4ddd,TCN1,loso_subject_S009,36,0.0010928247482569803,,0.023342046285481286,,0.0006377906449072574
TCN1_17ad4ddd,TCN1,loso_subject_S009,37,0.0009294915618616219,,0.021814527728074535,,0.0006203955092681036
TCN1_17ad4ddd,TCN1,loso_subject_S009,38,0.0009624086414710487,,0.021881560438773283,,0.0006028918288560267
TCN1_17ad4ddd,TCN1,loso_subject_S009,39,0.0008891376830508018,,0.02118507356611976,,0.00058530659307753
TCN1_17ad4ddd,TCN1,loso_subject_S009,40,0.0008692836773531277,,0.020549785315704325,,0.0005676669170915806
TCN1_17ad4ddd,TCN1,loso_subject_S009,41,0.0007927154405821706,,0.020265058175192596,,0.0005499999999999997
TCN1_17ad4ddd,TCN1,loso_subject_S009,42,0.0007632735865561763,,0.01948900090848998,,0.000532333082908419
TCN1_17ad4ddd,TCN1,loso_subject_S009,43,0.0008070315384450494,,0.02002641368295154,,0.0005146934069224697
TCN1_17ad4ddd,TCN1,loso_subject_S009,44,0.0008243725417112021,,0.019643162849794362,,0.000497108171143973
TCN1_17ad4ddd,TCN1,loso_subject_S009,45,0.00077761730526698,,0.019781440381767983,,0.00047960449073189616
TCN1_17ad4ddd,TCN1,loso_subject_S009,46,0.0007229114138100867,,0.019013080695409558,,0.00046220935509274226
TCN1_17ad4ddd,TCN1,loso_subject_S009,47,0.0007291280909185092,,0.018572443619334127,,0.00044494958626484254
TCN1_17ad4ddd,TCN1,loso_subject_S009,48,0.0007139631820136113,,0.01855706609104309,,0.00042785179756071645
TCN1_17ad4ddd,TCN1,loso_subject_S009,49,0.0006789508390932121,,0.018257046051389267,,0.0004109423525312737
TCN1_17ad4ddd,TCN1,loso_subject_S009,50,0.0006314549235670627,,0.01766019148189496,,0.0003942473243151282
TCN1_17ad4ddd,TCN1,loso_subject_S009,51,0.0006480323086461209,,0.017915077849822922,,0.0003777924554357096
TCN1_17ad4ddd,TCN1,loso_subject_S009,52,0.0006190806074682208,,0.017701771771674365,,0.0003616031181081575
TCN1_17ad4ddd,TCN1,loso_subject_S009,53,0.0005982608378861845,,0.017403958128019828,,0.000345704275117204
TCN1_17ad4ddd,TCN1,loso_subject_S009,54,0.0005625518513187717,,0.016641784245894835,,0.00033012044132637024
TCN1_17ad4ddd,TCN1,loso_subject_S009,55,0.000572812747485531,,0.016835313685765192,,0.00031487564587782306
TCN1_17ad4ddd,TCN1,loso_subject_S009,56,0.0005599107267913408,,0.016620267449978358,,0.00029999339514117897
TCN1_17ad4ddd,TCN1,loso_subject_S009,57,0.0005992480273168626,,0.01738450069608339,,0.0002854966364683872
TCN1_17ad4ddd,TCN1,loso_subject_S009,58,0.0005829695061552294,,0.016843825127930586,,0.0002714077228105749
TCN1_17ad4ddd,TCN1,loso_subject_S009,59,0.0005383877972758573,,0.016296400439649302,,0.00025774837825141746
TCN1_17ad4ddd,TCN1,loso_subject_S009,60,0.0005321258896925191,,0.016007670630263468,,0.0002445396645101764
TCN1_17ad4ddd,TCN1,loso_subject_S009,61,0.0005285201070222638,,0.016270168686523485,,0.0002318019484660537
TCN1_17ad4ddd,TCN1,loso_subject_S009,62,0.0005541646147838146,,0.016404361001970073,,0.00021955487075394156
TCN1_17ad4ddd,TCN1,loso_subject_S009,63,0.00046737318220827927,,0.015324616145611682,,0.0002078173154799862
TCN1_17ad4ddd,TCN1,loso_subject_S009,64,0.0004911523852041754,,0.015474001959043464,,0.00019660738110366478
TCN1_17ad4ddd,TCN1,loso_subject_S009,65,0.000493410450898645,,0.01522458780952041,,0.00018594235253127373
TCN1_17ad4ddd,TCN1,loso_subject_S009,66,0.0004678805472710474,,0.01510007759281972,,0.00017583867446385477
TCN1_17ad4ddd,TCN1,loso_subject_S009,67,0.0004756421503829192,,0.015449080247226485,,0.00016631192604065853
TCN1_17ad4ddd,TCN1,loso_subject_S009,68,0.0004879094377173981,,0.015163484233278521,,0.00015737679681724137
TCN1_17ad4ddd,TCN1,loso_subject_S009,69,0.0004521025804944276,,0.014537918166799885,,0.0001490470641152345
TCN1_17ad4ddd,TCN1,loso_subject_S009,70,0.0004148850385130164,,0.014179661065562583,,0.00014133557177871338
TCN1_17ad4ddd,TCN1,loso_subject_S009,71,0.00041792533283497424,,0.014303714788017277,,0.00013425421036992097
TCN1_17ad4ddd,TCN1,loso_subject_S009,72,0.0004507529909563691,,0.014789493630746086,,0.00012781389883488212
TCN1_17ad4ddd,TCN1,loso_subject_S009,73,0.00045853780670151404,,0.01478646767428738,,0.0001220245676671809
TCN1_17ad4ddd,TCN1,loso_subject_S009,74,0.0004473779621794201,,0.014664361417731819,,0.00011689514359585877
TCN1_17ad4ddd,TCN1,loso_subject_S009,75,0.00042857747061036304,,0.014382580881362116,,0.00011243353582104555
TCN1_17ad4ddd,TCN1,loso_subject_S009,76,0.0004263732838366352,,0.014331125502986394,,0.0001086466238185463
TCN1_17ad4ddd,TCN1,loso_subject_S009,77,0.0004325703425949291,,0.01448596382632293,,0.00010554024673218805
TCN1_17ad4ddd,TCN1,loso_subject_S009,78,0.0004747613008047208,,0.014577062198189984,,0.00010311919437028317
TCN1_17ad4ddd,TCN1,loso_subject_S009,79,0.0004614352136345098,,0.014681141413362225,,0.00010138719982009242
TCN1_17ad4ddd,TCN1,loso_subject_S009,80,0.0004193969890582073,,0.01424865604198604,,0.0001003469336916747
TCN1_17ad4ddd,TCN1,loso_subject_S010,1,0.246784973661602,,0.3314606005172612,,0.001
TCN1_17ad4ddd,TCN1,loso_subject_S010,2,0.042705836144599135,,0.15096418427475827,,0.0009996530663083252
TCN1_17ad4ddd,TCN1,loso_subject_S010,3,0.023179433886652473,,0.11199822182491094,,0.0009986128001799074
TCN1_17ad4ddd,TCN1,loso_subject_S010,4,0.016744332658427376,,0.09396767062813106,,0.0009968808056297167
TCN1_17ad4ddd,TCN1,loso_subject_S010,5,0.012388959566885389,,0.0814949593043198,,0.0009944597532678117
TCN1_17ad4ddd,TCN1,loso_subject_S010,6,0.009943366297519293,,0.07232350720957995,,0.0009913533761814533
TCN1_17ad4ddd,TCN1,loso_subject_S010,7,0.008648604951138538,,0.06730358655917418,,0.000987566464178954
TCN1_17ad4ddd,TCN1,loso_subject_S010,8,0.007266105743131258,,0.06123867694637773,,0.0009831048564041408
TCN1_17ad4ddd,TCN1,loso_subject_S010,9,0.0066632173110595895,,0.057806715050266924,,0.0009779754323328187
TCN1_17ad4ddd,TCN1,loso_subject_S010,10,0.005378023878089187,,0.0521908758294072,,0.0009721861011651174
TCN1_17ad4ddd,TCN1,loso_subject_S010,11,0.0050783627889045245,,0.050316163427164155,,0.0009657457896300785
TCN1_17ad4ddd,TCN1,loso_subject_S010,12,0.004662298455324506,,0.04838795319900371,,0.000958664428221286
TCN1_17ad4ddd,TCN1,loso_subject_S010,13,0.004052909543158816,,0.04508205518836281,,0.000950952935884765
TCN1_17ad4ddd,TCN1,loso_subject_S010,14,0.0038411711155357476,,0.04466680935866185,,0.0009426232031827582
TCN1_17ad4ddd,TCN1,loso_subject_S010,15,0.003436846202332049,,0.04107716763580208,,0.0009336880739593409
TCN1_17ad4ddd,TCN1,loso_subject_S010,16,0.0033164942644245614,,0.04075037036063012,,0.0009241613255361449
TCN1_17ad4ddd,TCN1,loso_subject_S010,17,0.0030895972971245423,,0.03921934946886308,,0.0009140576474687258
TCN1_17ad4ddd,TCN1,loso_subject_S010,18,0.0026951945605969974,,0.03611978457020391,,0.0009033926188963346
TCN1_17ad4ddd,TCN1,loso_subject_S010,19,0.0027589416671162464,,0.03726999678182645,,0.0008921826845200134
TCN1_17ad4ddd,TCN1,loso_subject_S010,20,0.0024986172159238056,,0.03496020231906966,,0.000880445129246058
TCN1_17ad4ddd,TCN1,loso_subject_S010,21,0.002563942817831847,,0.035727014636549564,,0.0008681980515339459
TCN1_17ad4ddd,TCN1,loso_subject_S010,22,0.0022043641785090638,,0.03304105896793614,,0.0008554603354898234
TCN1_17ad4ddd,TCN1,loso_subject_S010,23,0.0020614093779407964,,0.031479700758518636,,0.0008422516217485822
TCN1_17ad4ddd,TCN1,loso_subject_S010,24,0.001842708398859228,,0.02977612807185473,,0.0008285922771894248
TCN1_17ad4ddd,TCN1,loso_subject_S010,25,0.0016737072382522098,,0.028737559249719512,,0.0008145033635316124
TCN1_17ad4ddd,TCN1,loso_subject_S010,26,0.0015989821630942515,,0.027868818566944356,,0.0008000066048588205
TCN1_17ad4ddd,TCN1,loso_subject_S010,27,0.0015988431441776492,,0.02798778988939831,,0.0007851243541221765
TCN1_17ad4ddd,TCN1,loso_subject_S010,28,0.0016242081777720224,,0.027927667120983164,,0.0007698795586736293
TCN1_17ad4ddd,TCN1,loso_subject_S010,29,0.0014763444387533651,,0.026842831850460686,,0.0007542957248827956
TCN1_17ad4ddd,TCN1,loso_subject_S010,30,0.0015135077895938604,,0.026851665228043727,,0.0007383968818918422
TCN1_17ad4ddd,TCN1,loso_subject_S010,31,0.0014528523625051818,,0.026479734795183205,,0.00072220754456429
TCN1_17ad4ddd,TCN1,loso_subject_S010,32,0.0013084520128456483,,0.025570539828925598,,0.0007057526756848715
TCN1_17ad4ddd,TCN1,loso_subject_S010,33,0.0013675331033837586,,0.025923974772161087,,0.000689057647468726
TCN1_17ad4ddd,TCN1,loso_subject_S010,34,0.0011928695720145386,,0.0237654826620957,,0.000672148202439283
TCN1_17ad4ddd,TCN1,loso_subject_S010,35,0.0012843034554886098,,0.02471182053082673,,0.0006550504137351571
TCN1_17ad4ddd,TCN1,loso_subject_S010,36,0.0011846597574497939,,0.023916618930519006,,0.0006377906449072574
TCN1_17ad4ddd,TCN1,loso_subject_S010,37,0.0010606806278238587,,0.02297415932259144,,0.0006203955092681036
TCN1_17ad4ddd,TCN1,loso_subject_S010,38,0.001050801733518533,,0.022565524835888615,,0.0006028918288560267
TCN1_17ad4ddd,TCN1,loso_subject_S010,39,0.000958714982531072,,0.021900234926454914,,0.00058530659307753
TCN1_17ad4ddd,TCN1,loso_subject_S010,40,0.001062932062910531,,0.02317235886293666,,0.0005676669170915806
TCN1_17ad4ddd,TCN1,loso_subject_S010,41,0.0010576421681472586,,0.022927942358121334,,0.0005499999999999997
TCN1_17ad4ddd,TCN1,loso_subject_S010,42,0.0010037185771963292,,0.022051990216944387,,0.000532333082908419
TCN1_17ad4ddd,TCN1,loso_subject_S010,43,0.0008408751302641048,,0.02006391415365191,,0.0005146934069224697
TCN1_17ad4ddd,TCN1,loso_subject_S010,44,0.0008452270324900691,,0.020287936381526227,,0.000497108171143973
TCN1_17ad4ddd,TCN1,loso_subject_S010,45,0.0008223697264898621,,0.019866109535632667,,0.00047960449073189616
TCN1_17ad4ddd,TCN1,loso_subject_S010,46,0.0008206021067772576,,0.019785001295017018,,0.00046220935509274226
TCN1_17ad4ddd,TCN1,loso_subject_S010,47,0.0008252579453498134,,0.02022116196408917,,0.00044494958626484254
TCN1_17ad4ddd,TCN1,loso_subject_S010,48,0.0008611331342616732,,0.02016857942301788,,0.00042785179756071645
TCN1_17ad4ddd,TCN1,loso_subject_S010,49,0.000892682999035836,,0.020067575296967153,,0.0004109423525312737
TCN1_17ad4ddd,TCN1,loso_subject_S010,50,0.000761685062765307,,0.019080881687498323,,0.0003942473243151282
TCN1_17ad4ddd,TCN1,loso_subject_S010,51,0.0006998181706503592,,0.01904636198238666,,0.0003777924554357096
TCN1_17ad4ddd,TCN1,loso_subject_S010,52,0.0006639527641702865,,0.01797130671581088,,0.0003616031181081575
TCN1_17ad4ddd,TCN1,loso_subject_S010,53,0.0007055764132029668,,0.018482191562832283,,0.000345704275117204
TCN1_17ad4ddd,TCN1,loso_subject_S010,54,0.0006287917383079032,,0.017596976264394798,,0.00033012044132637024
TCN1_17ad4ddd,TCN1,loso_subject_S010,55,0.0006251897573767846,,0.01783319805822604,,0.00031487564587782306
TCN1_17ad4ddd,TCN1,loso_subject_S010,56,0.0006725647019295099,,0.01800856222604947,,0.00029999339514117897
TCN1_17ad4ddd,TCN1,loso_subject_S010,57,0.000789303501785326,,0.018923757891492164,,0.0002854966364683872
TCN1_17ad4ddd,TCN1,loso_subject_S010,58,0.0006271043848626783,,0.017265098178992258,,0.0002714077228105749
TCN1_17ad4ddd,TCN1,loso_subject_S010,59,0.0005919321246497403,,0.01662767315853386,,0.00025774837825141746
TCN1_17ad4ddd,TCN1,loso_subject_S010,60,0.000576280622660523,,0.016992039274326607,,0.0002445396645101764
TCN1_17ad4ddd,TCN1,loso_subject_S010,61,0.0005693772833179885,,0.01634404134877949,,0.0002318019484660537
TCN1_17ad4ddd,TCN1,loso_subject_S010,62,0.0005782725983884726,,0.016965377100434224,,0.00021955487075394156
TCN1_17ad4ddd,TCN1,loso_subject_S010,63,0.0005719667364071627,,0.016822803347184244,,0.0002078173154799862
TCN1_17ad4ddd,TCN1,loso_subject_S010,64,0.0005360567336284322,,0.01602171846003661,,0.00019660738110366478
TCN1_17ad4ddd,TCN1,loso_subject_S010,65,0.0005429246949004153,,0.016490774450979212,,0.00018594235253127373
TCN1_17ad4ddd,TCN1,loso_subject_S010,66,0.0005539032412637592,,0.016354823163251472,,0.00017583867446385477
TCN1_17ad4ddd,TCN1,loso_subject_S010,67,0.0005332103385434188,,0.016040075096962394,,0.00016631192604065853
TCN1_17ad4ddd,TCN1,loso_subject_S010,68,0.0005787657627165946,,0.016322393709036164,,0.00015737679681724137
TCN1_17ad4ddd,TCN1,loso_subject_S010,69,0.0005354528521873531,,0.01603656448676558,,0.0001490470641152345
TCN1_17ad4ddd,TCN1,loso_subject_S010,70,0.0005365340756156946,,0.016034874046445432,,0.00014133557177871338
TCN1_17ad4ddd,TCN1,loso_subject_S010,71,0.0005205549328548782,,0.015885553230358278,,0.00013425421036992097
TCN1_17ad4ddd,TCN1,loso_subject_S010,72,0.0005037295820181956,,0.015561512167424296,,0.00012781389883488212
TCN1_17ad4ddd,TCN1,loso_subject_S010,73,0.00058428302688669,,0.01613530070869938,,0.0001220245676671809
TCN1_17ad4ddd,TCN1,loso_subject_S010,74,0.000534496230215344,,0.015654595258803226,,0.00011689514359585877
TCN1_17ad4ddd,TCN1,loso_subject_S010,75,0.00046756785371697955,,0.014978825143025443,,0.00011243353582104555
TCN1_17ad4ddd,TCN1,loso_subject_S010,76,0.0004890210380552959,,0.015423507924942159,,0.0001086466238185463
TCN1_17ad4ddd,TCN1,loso_subject_S010,77,0.00046914176115056376,,0.015184935868541125,,0.00010554024673218805
TCN1_17ad4ddd,TCN1,loso_subject_S010,78,0.0004959503486313101,,0.015582699730727267,,0.00010311919437028317
TCN1_17ad4ddd,TCN1,loso_subject_S010,79,0.0005164192957004247,,0.015274356498096879,,0.00010138719982009242
TCN1_17ad4ddd,TCN1,loso_subject_S010,80,0.00048274447223364483,,0.015325231476495128,,0.0001003469336916747
TCN1_17ad4ddd,TCN1,loso_subject_S011,1,0.2151622988076554,,0.3264824996018037,,0.001
TCN1_17ad4ddd,TCN1,loso_subject_S011,2,0.04021101180284991,,0.15164602603105432,,0.0009996530663083252
TCN1_17ad4ddd,TCN1,loso_subject_S011,3,0.025954702134569324,,0.11982180816663368,,0.0009986128001799074
TCN1_17ad4ddd,TCN1,loso_subject_S011,4,0.01591273898244784,,0.09469582569706143,,0.0009968808056297167
TCN1_17ad4ddd,TCN1,loso_subject_S011,5,0.011290480733806505,,0.07916467439234429,,0.0009944597532678117
TCN1_17ad4ddd,TCN1,loso_subject_S011,6,0.009954847209371268,,0.07375233787363777,,0.0009913533761814533
TCN1_17ad4ddd,TCN1,loso_subject_S011,7,0.007661454728197848,,0.06467201797583921,,0.000987566464178954
TCN1_17ad4ddd,TCN1,loso_subject_S011,8,0.007112189793563434,,0.06132067179552171,,0.0009831048564041408
TCN1_17ad4ddd,TCN1,loso_subject_S011,9,0.0059750198934509806,,0.0562651529951322,,0.0009779754323328187
TCN1_17ad4ddd,TCN1,loso_subject_S011,10,0.005577136453707041,,0.054068138148823296,,0.0009721861011651174
TCN1_17ad4ddd,TCN1,loso_subject_S011,11,0.0044132463397273764,,0.04864597251961255,,0.0009657457896300785
TCN1_17ad4ddd,TCN1,loso_subject_S011,12,0.004232145228693354,,0.04679902286398735,,0.000958664428221286
TCN1_17ad4ddd,TCN1,loso_subject_S011,13,0.0039890857107913605,,0.04551901919179454,,0.000950952935884765
TCN1_17ad4ddd,TCN1,loso_subject_S011,14,0.003361933191102505,,0.04184865995758382,,0.0009426232031827582
TCN1_17ad4ddd,TCN1,loso_subject_S011,15,0.0029758134106962525,,0.03974668814498148,,0.0009336880739593409
TCN1_17ad4ddd,TCN1,loso_subject_S011,16,0.002845455124460864,,0.039075640485890004,,0.0009241613255361449
TCN1_17ad4ddd,TCN1,loso_subject_S011,17,0.0024799974526714948,,0.03678268545911743,,0.0009140576474687258
TCN1_17ad4ddd,TCN1,loso_subject_S011,18,0.0025592178337385993,,0.036383530913437455,,0.0009033926188963346
TCN1_17ad4ddd,TCN1,loso_subject_S011,19,0.002296744599090657,,0.03477365252646533,,0.0008921826845200134
TCN1_17ad4ddd,TCN1,loso_subject_S011,20,0.0023386374935097927,,0.03439877871866163,,0.000880445129246058
TCN1_17ad4ddd,TCN1,loso_subject_S011,21,0.002259705265507762,,0.034134464402055906,,0.0008681980515339459
TCN1_17ad4ddd,TCN1,loso_subject_S011,22,0.001927076220972389,,0.03175033888761784,,0.0008554603354898234
TCN1_17ad4ddd,TCN1,loso_subject_S011,23,0.0017255826819646018,,0.030101816223305503,,0.0008422516217485822
TCN1_17ad4ddd,TCN1,loso_subject_S011,24,0.0016460147817480553,,0.029227721107423686,,0.0008285922771894248
TCN1_17ad4ddd,TCN1,loso_subject_S011,25,0.0019231239865201276,,0.032015092827306364,,0.0008145033635316124
TCN1_17ad4ddd,TCN1,loso_subject_S011,26,0.001665437579428379,,0.029135863744822552,,0.0008000066048588205
TCN1_17ad4ddd,TCN1,loso_subject_S011,27,0.001450670914876544,,0.02725574823520262,,0.0007851243541221765
TCN1_17ad4ddd,TCN1,loso_subject_S011,28,0.0015306224427431322,,0.028415321227385257,,0.0007698795586736293
TCN1_17ad4ddd,TCN1,loso_subject_S011,29,0.001420561214515289,,0.027004372599234317,,0.0007542957248827956
TCN1_17ad4ddd,TCN1,loso_subject_S011,30,0.0015138970956542828,,0.027870236620410507,,0.0007383968818918422
TCN1_17ad4ddd,TCN1,loso_subject_S011,31,0.0011665018713673374,,0.024508782406297114,,0.00072220754456429
TCN1_17ad4ddd,TCN1,loso_subject_S011,32,0.0012795637737443,,0.02561458424661259,,0.0007057526756848715
TCN1_17ad4ddd,TCN1,loso_subject_S011,33,0.0011488447233696953,,0.024562554417763685,,0.000689057647468726
TCN1_17ad4ddd,TCN1,loso_subject_S011,34,0.0010678628609220745,,0.023753443563526325,,0.000672148202439283
TCN1_17ad4ddd,TCN1,loso_subject_S011,35,0.0010158835921585388,,0.022963262049316254,,0.0006550504137351571
TCN1_17ad4ddd,TCN1,loso_subject_S011,36,0.0011019476528762672,,0.02368677297815223,,0.0006377906449072574
TCN1_17ad4ddd,TCN1,loso_subject_S011,37,0.0009872742596103421,,0.022367486535001504,,0.0006203955092681036
TCN1_17ad4ddd,TCN1,loso_subject_S011,38,0.0008603917790326593,,0.021216321425953557,,0.0006028918288560267
TCN1_17ad4ddd,TCN1,loso_subject_S011,39,0.0009478222014618143,,0.02208677028506977,,0.00058530659307753
TCN1_17ad4ddd,TCN1,loso_subject_S011,40,0.0008928648968128521,,0.021346439490419422,,0.0005676669170915806
TCN1_17ad4ddd,TCN1,loso_subject_S011,41,0.0008969900346445767,,0.021362467102175788,,0.0005499999999999997
TCN1_17ad4ddd,TCN1,loso_subject_S011,42,0.0008762546365157947,,0.021213197406569035,,0.000532333082908419
TCN1_17ad4ddd,TCN1,loso_subject_S011,43,0.0007984385458044988,,0.020247560710612237,,0.0005146934069224697
TCN1_17ad4ddd,TCN1,loso_subject_S011,44,0.0008263656851734705,,0.02060919298591404,,0.000497108171143973
TCN1_17ad4ddd,TCN1,loso_subject_S011,45,0.0007034836028709028,,0.019198299934046766,,0.00047960449073189616
TCN1_17ad4ddd,TCN1,loso_subject_S011,46,0.0007934791414990922,,0.019585830064034214,,0.00046220935509274226
TCN1_17ad4ddd,TCN1,loso_subject_S011,47,0.000697671873999202,,0.01863520913210023,,0.00044494958626484254
TCN1_17ad4ddd,TCN1,loso_subject_S011,48,0.0006810703030914137,,0.01864837032603127,,0.00042785179756071645
TCN1_17ad4ddd,TCN1,loso_subject_S011,49,0.0006210051771734917,,0.018066558241628467,,0.0004109423525312737
TCN1_17ad4ddd,TCN1,loso_subject_S011,50,0.0007259633090642573,,0.01910782793076244,,0.0003942473243151282
TCN1_17ad4ddd,TCN1,loso_subject_S011,51,0.000697723263005074,,0.018774376063676122,,0.0003777924554357096
TCN1_17ad4ddd,TCN1,loso_subject_S011,52,0.0006376624600255358,,0.017722984657800294,,0.0003616031181081575
TCN1_17ad4ddd,TCN1,loso_subject_S011,53,0.0006217884412318464,,0.01747863419724981,,0.000345704275117204
TCN1_17ad4ddd,TCN1,loso_subject_S011,54,0.0005822885397564971,,0.01754620948350181,,0.00033012044132637024
TCN1_17ad4ddd,TCN1,loso_subject_S011,55,0.000607100185899352,,0.017282067390927774,,0.00031487564587782306
TCN1_17ad4ddd,TCN1,loso_subject_S011,56,0.0006146893342315167,,0.0174250008369034,,0.00029999339514117897
TCN1_17ad4ddd,TCN1,loso_subject_S011,57,0.0006130321413296376,,0.017152375517360173,,0.0002854966364683872
TCN1_17ad4ddd,TCN1,loso_subject_S011,58,0.0005258860680089695,,0.016677402662567377,,0.0002714077228105749
TCN1_17ad4ddd,TCN1,loso_subject_S011,59,0.000566508469694781,,0.016578847281397528,,0.00025774837825141746
TCN1_17ad4ddd,TCN1,loso_subject_S011,60,0.0005513540369917687,,0.016282956663801723,,0.0002445396645101764
TCN1_17ad4ddd,TCN1,loso_subject_S011,61,0.000509199980470704,,0.016268279533951904,,0.0002318019484660537
TCN1_17ad4ddd,TCN1,loso_subject_S011,62,0.00048293570261076523,,0.015601908035800681,,0.00021955487075394156
TCN1_17ad4ddd,TCN1,loso_subject_S011,63,0.00045530540269643683,,0.015543061850531018,,0.0002078173154799862
TCN1_17ad4ddd,TCN1,loso_subject_S011,64,0.0005111961868896565,,0.015922265132693934,,0.00019660738110366478
TCN1_17ad4ddd,TCN1,loso_subject_S011,65,0.0004849595349855272,,0.015476624673900055,,0.00018594235253127373
TCN1_17ad4ddd,TCN1,loso_subject_S011,66,0.0005397241707264592,,0.0161041934215736,,0.00017583867446385477
TCN1_17ad4ddd,TCN1,loso_subject_S011,67,0.00044577324418615296,,0.015203817624040055,,0.00016631192604065853
TCN1_17ad4ddd,TCN1,loso_subject_S011,68,0.0004730783378989579,,0.015271990110242408,,0.00015737679681724137
TCN1_17ad4ddd,TCN1,loso_subject_S011,69,0.0004882881216048012,,0.015292129064648568,,0.0001490470641152345
TCN1_17ad4ddd,TCN1,loso_subject_S011,70,0.0004981767286803492,,0.015297211798853832,,0.00014133557177871338
TCN1_17ad4ddd,TCN1,loso_subject_S011,71,0.00045188846660534714,,0.015154451089218198,,0.00013425421036992097
TCN1_17ad4ddd,TCN1,loso_subject_S011,72,0.0004485270089369276,,0.014825877668815986,,0.00012781389883488212
TCN1_17ad4ddd,TCN1,loso_subject_S011,73,0.00042675757013995,,0.014607567172961284,,0.0001220245676671809
TCN1_17ad4ddd,TCN1,loso_subject_S011,74,0.0004235912293116721,,0.014362471327552336,,0.00011689514359585877
TCN1_17ad4ddd,TCN1,loso_subject_S011,75,0.00045917061030863095,,0.01514509544757987,,0.00011243353582104555
TCN1_17ad4ddd,TCN1,loso_subject_S011,76,0.00042163751799045385,,0.01459755652466035,,0.0001086466238185463
TCN1_17ad4ddd,TCN1,loso_subject_S011,77,0.00047168415664996117,,0.014629641117999404,,0.00010554024673218805
TCN1_17ad4ddd,TCN1,loso_subject_S011,78,0.00040757870390584135,,0.014460214868847973,,0.00010311919437028317
TCN1_17ad4ddd,TCN1,loso_subject_S011,79,0.00042702143459236245,,0.014472144535625679,,0.00010138719982009242
TCN1_17ad4ddd,TCN1,loso_subject_S011,80,0.0004319084307162542,,0.014697020835139086,,0.0001003469336916747
TCN1_17ad4ddd,TCN1,loso_subject_S012,1,0.15818785687519274,,0.2751557611156347,,0.001
TCN1_17ad4ddd,TCN1,loso_subject_S012,2,0.033704695266617325,,0.1349166315145443,,0.0009996530663083252
TCN1_17ad4ddd,TCN1,loso_subject_S012,3,0.018866889365339114,,0.1003221962247076,,0.0009986128001799074
TCN1_17ad4ddd,TCN1,loso_subject_S012,4,0.013679939598299747,,0.08493651414293288,,0.0009968808056297167
TCN1_17ad4ddd,TCN1,loso_subject_S012,5,0.010606026030041033,,0.07473402394857911,,0.0009944597532678117
TCN1_17ad4ddd,TCN1,loso_subject_S012,6,0.008106426761051878,,0.06542187718117999,,0.0009913533761814533
TCN1_17ad4ddd,TCN1,loso_subject_S012,7,0.00684516099627437,,0.05946836214368894,,0.000987566464178954
TCN1_17ad4ddd,TCN1,loso_subject_S012,8,0.005534865365834948,,0.05412498841605862,,0.0009831048564041408
TCN1_17ad4ddd,TCN1,loso_subject_S012,9,0.004796263088392299,,0.04943017872606946,,0.0009779754323328187
TCN1_17ad4ddd,TCN1,loso_subject_S012,10,0.005126354439804952,,0.050789506534392216,,0.0009721861011651174
TCN1_17ad4ddd,TCN1,loso_subject_S012,11,0.004129954240840865,,0.046174792698319096,,0.0009657457896300785
TCN1_17ad4ddd,TCN1,loso_subject_S012,12,0.0036839629916466717,,0.04302253123966866,,0.000958664428221286
TCN1_17ad4ddd,TCN1,loso_subject_S012,13,0.0032004735948090056,,0.04085011515502588,,0.000950952935884765
TCN1_17ad4ddd,TCN1,loso_subject_S012,14,0.00305982368419705,,0.03929207838158122,,0.0009426232031827582
TCN1_17ad4ddd,TCN1,loso_subject_S012,15,0.0026819645518315854,,0.03749464994439052,,0.0009336880739593409
TCN1_17ad4ddd,TCN1,loso_subject_S012,16,0.0027127031489689855,,0.036978783608169204,,0.0009241613255361449
TCN1_17ad4ddd,TCN1,loso_subject_S012,17,0.002512120450222216,,0.03546725339955925,,0.0009140576474687258
TCN1_17ad4ddd,TCN1,loso_subject_S012,18,0.0022454422096484304,,0.03350676799908272,,0.0009033926188963346
TCN1_17ad4ddd,TCN1,loso_subject_S012,19,0.0023195120386289253,,0.033914944904421554,,0.0008921826845200134
TCN1_17ad4ddd,TCN1,loso_subject_S012,20,0.002023586817233189,,0.03197181523468176,,0.000880445129246058
TCN1_17ad4ddd,TCN1,loso_subject_S012,21,0.002030632345898052,,0.03224487289803496,,0.0008681980515339459
TCN1_17ad4ddd,TCN1,loso_subject_S012,22,0.0019123637710312445,,0.030531251498497485,,0.0008554603354898234
TCN1_17ad4ddd,TCN1,loso_subject_S012,23,0.0018839774565920276,,0.031249047749743904,,0.0008422516217485822
TCN1_17ad4ddd,TCN1,loso_subject_S012,24,0.0017295081387437498,,0.02986150706764879,,0.0008285922771894248
TCN1_17ad4ddd,TCN1,loso_subject_S012,25,0.0016772990984516192,,0.029246790382837385,,0.0008145033635316124
TCN1_17ad4ddd,TCN1,loso_subject_S012,26,0.0014907200138471167,,0.027531156786082117,,0.0008000066048588205
TCN1_17ad4ddd,TCN1,loso_subject_S012,27,0.0012653200621673786,,0.025377505167752556,,0.0007851243541221765
TCN1_17ad4ddd,TCN1,loso_subject_S012,28,0.0012645364814600384,,0.025149203010147923,,0.0007698795586736293
TCN1_17ad4ddd,TCN1,loso_subject_S012,29,0.00126575067168596,,0.025428887539225266,,0.0007542957248827956
TCN1_17ad4ddd,TCN1,loso_subject_S012,30,0.0013782326266771128,,0.025711261069484667,,0.0007383968818918422
TCN1_17ad4ddd,TCN1,loso_subject_S012,31,0.001212319238009505,,0.02462890577997431,,0.00072220754456429
TCN1_17ad4ddd,TCN1,loso_subject_S012,32,0.0012863322922361561,,0.025622630536890813,,0.0007057526756848715
TCN1_17ad4ddd,TCN1,loso_subject_S012,33,0.001184169264434138,,0.02449311860973765,,0.000689057647468726
TCN1_17ad4ddd,TCN1,loso_subject_S012,34,0.000983492543492745,,0.022640624292147662,,0.000672148202439283
TCN1_17ad4ddd,TCN1,loso_subject_S012,35,0.0010579595129051452,,0.02307545078117304,,0.0006550504137351571
TCN1_17ad4ddd,TCN1,loso_subject_S012,36,0.0009730578184789438,,0.02173257300230231,,0.0006377906449072574
TCN1_17ad4ddd,TCN1,loso_subject_S012,37,0.0009666548390893151,,0.022017787848146193,,0.0006203955092681036
TCN1_17ad4ddd,TCN1,loso_subject_S012,38,0.0010011110527314371,,0.02203172485617021,,0.0006028918288560267
TCN1_17ad4ddd,TCN1,loso_subject_S012,39,0.0009608097019496496,,0.02165414592616848,,0.00058530659307753
TCN1_17ad4ddd,TCN1,loso_subject_S012,40,0.0008905946398088221,,0.021127781344424328,,0.0005676669170915806
TCN1_17ad4ddd,TCN1,loso_subject_S012,41,0.0008352386950695899,,0.020143461552548834,,0.0005499999999999997
TCN1_17ad4ddd,TCN1,loso_subject_S012,42,0.0009043259580609446,,0.021415825931073332,,0.000532333082908419
TCN1_17ad4ddd,TCN1,loso_subject_S012,43,0.0007639748024071685,,0.019733046742867105,,0.0005146934069224697
TCN1_17ad4ddd,TCN1,loso_subject_S012,44,0.0007666190812057533,,0.019545811781242584,,0.000497108171143973
TCN1_17ad4ddd,TCN1,loso_subject_S012,45,0.0007492206986965671,,0.01913186281953794,,0.00047960449073189616
TCN1_17ad4ddd,TCN1,loso_subject_S012,46,0.0008546852294542486,,0.020245066737229617,,0.00046220935509274226
TCN1_17ad4ddd,TCN1,loso_subject_S012,47,0.0007143041092707257,,0.01892557256481362,,0.00044494958626484254
TCN1_17ad4ddd,TCN1,loso_subject_S012,48,0.0007732934779754294,,0.019413226609540247,,0.00042785179756071645
TCN1_17ad4ddd,TCN1,loso_subject_S012,49,0.0006633327112956189,,0.018119121042214803,,0.0004109423525312737
TCN1_17ad4ddd,TCN1,loso_subject_S012,50,0.0006613806662834413,,0.01803054324703513,,0.0003942473243151282
TCN1_17ad4ddd,TCN1,loso_subject_S012,51,0.000726513108777426,,0.0190663210732383,,0.0003777924554357096
TCN1_17ad4ddd,TCN1,loso_subject_S012,52,0.0006684475430519581,,0.017962243510908825,,0.0003616031181081575
TCN1_17ad4ddd,TCN1,loso_subject_S012,53,0.0006712849617558523,,0.01800645858845065,,0.000345704275117204
TCN1_17ad4ddd,TCN1,loso_subject_S012,54,0.0006550896848506623,,0.01769030954587988,,0.00033012044132637024
TCN1_17ad4ddd,TCN1,loso_subject_S012,55,0.0006131856813958471,,0.017026807783653012,,0.00031487564587782306
TCN1_17ad4ddd,TCN1,loso_subject_S012,56,0.0005696424305271175,,0.01684434800400738,,0.00029999339514117897
TCN1_17ad4ddd,TCN1,loso_subject_S012,57,0.0005586844613340243,,0.01699225648392633,,0.0002854966364683872
TCN1_17ad4ddd,TCN1,loso_subject_S012,58,0.0006010376595913191,,0.01678007868669228,,0.0002714077228105749
TCN1_17ad4ddd,TCN1,loso_subject_S012,59,0.0005236414866562167,,0.016208898084142734,,0.00025774837825141746
TCN1_17ad4ddd,TCN1,loso_subject_S012,60,0.0005360248588895769,,0.016281449788764214,,0.0002445396645101764
TCN1_17ad4ddd,TCN1,loso_subject_S012,61,0.0005646671492585759,,0.0162777729293843,,0.0002318019484660537
TCN1_17ad4ddd,TCN1,loso_subject_S012,62,0.00047924163717190507,,0.015712446859669396,,0.00021955487075394156
TCN1_17ad4ddd,TCN1,loso_subject_S012,63,0.0005173763690452549,,0.015997539803591622,,0.0002078173154799862
TCN1_17ad4ddd,TCN1,loso_subject_S012,64,0.0004882431789392484,,0.015432487531990311,,0.00019660738110366478
TCN1_17ad4ddd,TCN1,loso_subject_S012,65,0.0004916287211070741,,0.015683542297928926,,0.00018594235253127373
TCN1_17ad4ddd,TCN1,loso_subject_S012,66,0.0004506683058745325,,0.015133374430685291,,0.00017583867446385477
TCN1_17ad4ddd,TCN1,loso_subject_S012,67,0.0004596521586453715,,0.015037846367079154,,0.00016631192604065853
TCN1_17ad4ddd,TCN1,loso_subject_S012,68,0.0004714849667142965,,0.015091409172195777,,0.00015737679681724137
TCN1_17ad4ddd,TCN1,loso_subject_S012,69,0.00044357660115939375,,0.014842936222773382,,0.0001490470641152345
TCN1_17ad4ddd,TCN1,loso_subject_S012,70,0.00048299979253108553,,0.01503150512946359,,0.00014133557177871338
TCN1_17ad4ddd,TCN1,loso_subject_S012,71,0.00043128172966995303,,0.014619148770110252,,0.00013425421036992097
TCN1_17ad4ddd,TCN1,loso_subject_S012,72,0.00045518788281735944,,0.014935959874189613,,0.00012781389883488212
TCN1_17ad4ddd,TCN1,loso_subject_S012,73,0.00045884805362190133,,0.014771124853113979,,0.0001220245676671809
TCN1_17ad4ddd,TCN1,loso_subject_S012,74,0.00044510073039931913,,0.01455329055267895,,0.00011689514359585877
TCN1_17ad4ddd,TCN1,loso_subject_S012,75,0.000484520944358677,,0.014890572855063533,,0.00011243353582104555
TCN1_17ad4ddd,TCN1,loso_subject_S012,76,0.00045090337389400235,,0.014674414899339605,,0.0001086466238185463
TCN1_17ad4ddd,TCN1,loso_subject_S012,77,0.0004142015221315314,,0.014286188797989863,,0.00010554024673218805
TCN1_17ad4ddd,TCN1,loso_subject_S012,78,0.00042002970448876885,,0.014504325716066238,,0.00010311919437028317
TCN1_17ad4ddd,TCN1,loso_subject_S012,79,0.00042244919304182095,,0.014409742790457154,,0.00010138719982009242
TCN1_17ad4ddd,TCN1,loso_subject_S012,80,0.00043134518784953944,,0.014694945858314282,,0.0001003469336916747
TCN1_17ad4ddd,TCN1,loso_subject_S013,1,0.19852942263669957,,0.31115910697237875,,0.001
TCN1_17ad4ddd,TCN1,loso_subject_S013,2,0.037994588028157875,,0.1443175743659903,,0.0009996530663083252
TCN1_17ad4ddd,TCN1,loso_subject_S013,3,0.02184015801474717,,0.10930964407264691,,0.0009986128001799074
TCN1_17ad4ddd,TCN1,loso_subject_S013,4,0.014743296341133146,,0.09113033555121043,,0.0009968808056297167
TCN1_17ad4ddd,TCN1,loso_subject_S013,5,0.01104545809852218,,0.07877640422181727,,0.0009944597532678117
TCN1_17ad4ddd,TCN1,loso_subject_S013,6,0.009059004240347822,,0.06886865446081082,,0.0009913533761814533
TCN1_17ad4ddd,TCN1,loso_subject_S013,7,0.00713292671774082,,0.06270385828324343,,0.000987566464178954
TCN1_17ad4ddd,TCN1,loso_subject_S013,8,0.006337400655066628,,0.059292168755300814,,0.0009831048564041408
TCN1_17ad4ddd,TCN1,loso_subject_S013,9,0.005999149093437555,,0.05673248772890542,,0.0009779754323328187
TCN1_17ad4ddd,TCN1,loso_subject_S013,10,0.005186897643409837,,0.05346550671372691,,0.0009721861011651174
TCN1_17ad4ddd,TCN1,loso_subject_S013,11,0.004091600629513198,,0.047369543286228236,,0.0009657457896300785
TCN1_17ad4ddd,TCN1,loso_subject_S013,12,0.004039026107440216,,0.045908905556900505,,0.000958664428221286
TCN1_17ad4ddd,TCN1,loso_subject_S013,13,0.0035756880172759225,,0.04391701458947797,,0.000950952935884765
TCN1_17ad4ddd,TCN1,loso_subject_S013,14,0.003283429756088896,,0.04209330800394853,,0.0009426232031827582
TCN1_17ad4ddd,TCN1,loso_subject_S013,15,0.002814745067310556,,0.03953494739631458,,0.0009336880739593409
TCN1_17ad4ddd,TCN1,loso_subject_S013,16,0.002659367322026888,,0.03784267705990044,,0.0009241613255361449
TCN1_17ad4ddd,TCN1,loso_subject_S013,17,0.0025785550870628827,,0.036852915697285854,,0.0009140576474687258
TCN1_17ad4ddd,TCN1,loso_subject_S013,18,0.002338623660749149,,0.03525696249406957,,0.0009033926188963346
TCN1_17ad4ddd,TCN1,loso_subject_S013,19,0.002147242146536425,,0.03392026661359401,,0.0008921826845200134
TCN1_17ad4ddd,TCN1,loso_subject_S013,20,0.0021438712612112647,,0.03387878153336147,,0.000880445129246058
TCN1_17ad4ddd,TCN1,loso_subject_S013,21,0.002017321506148361,,0.03291324482764496,,0.0008681980515339459
TCN1_17ad4ddd,TCN1,loso_subject_S013,22,0.0019786435724617217,,0.03228224971036682,,0.0008554603354898234
TCN1_17ad4ddd,TCN1,loso_subject_S013,23,0.0016498423089225769,,0.029747733722572365,,0.0008422516217485822
TCN1_17ad4ddd,TCN1,loso_subject_S013,24,0.0016722765593476868,,0.02982820825671174,,0.0008285922771894248
TCN1_17ad4ddd,TCN1,loso_subject_S013,25,0.0015559255281929478,,0.028451871202014662,,0.0008145033635316124
TCN1_17ad4ddd,TCN1,loso_subject_S013,26,0.0014590186143983355,,0.02738553367793772,,0.0008000066048588205
TCN1_17ad4ddd,TCN1,loso_subject_S013,27,0.0013870981695629824,,0.02741108876282917,,0.0007851243541221765
TCN1_17ad4ddd,TCN1,loso_subject_S013,28,0.0013488540917520068,,0.02683906951170163,,0.0007698795586736293
TCN1_17ad4ddd,TCN1,loso_subject_S013,29,0.0014440907294666428,,0.026909173233158366,,0.0007542957248827956
TCN1_17ad4ddd,TCN1,loso_subject_S013,30,0.0012420690790385513,,0.02558512869705297,,0.0007383968818918422
TCN1_17ad4ddd,TCN1,loso_subject_S013,31,0.0012168161969986543,,0.024787764010833817,,0.00072220754456429
TCN1_17ad4ddd,TCN1,loso_subject_S013,32,0.001200867876325417,,0.02503745403684331,,0.0007057526756848715
TCN1_17ad4ddd,TCN1,loso_subject_S013,33,0.0011829605956743046,,0.024705374410126275,,0.000689057647468726
TCN1_17ad4ddd,TCN1,loso_subject_S013,34,0.0010302444394624849,,0.023508586610356968,,0.000672148202439283
TCN1_17ad4ddd,TCN1,loso_subject_S013,35,0.001044896963214853,,0.02323536696365437,,0.0006550504137351571
TCN1_17ad4ddd,TCN1,loso_subject_S013,36,0.0010202888436372417,,0.022931567113736062,,0.0006377906449072574
TCN1_17ad4ddd,TCN1,loso_subject_S013,37,0.000964394660085475,,0.022326425340994396,,0.0006203955092681036
TCN1_17ad4ddd,TCN1,loso_subject_S013,38,0.0008746884319398769,,0.021514085663895732,,0.0006028918288560267
TCN1_17ad4ddd,TCN1,loso_subject_S013,39,0.0009130060002715951,,0.021722972225110583,,0.00058530659307753
TCN1_17ad4ddd,TCN1,loso_subject_S013,40,0.0009712091039325976,,0.022186379353841712,,0.0005676669170915806
TCN1_17ad4ddd,TCN1,loso_subject_S013,41,0.0009028335718641307,,0.021523871515410225,,0.0005499999999999997
TCN1_17ad4ddd,TCN1,loso_subject_S013,42,0.0007659568411849377,,0.020260223299088144,,0.000532333082908419
TCN1_17ad4ddd,TCN1,loso_subject_S013,43,0.00080369105316756,,0.020445481126118242,,0.0005146934069224697
TCN1_17ad4ddd,TCN1,loso_subject_S013,44,0.0007693263215856894,,0.019933239816470362,,0.000497108171143973
TCN1_17ad4ddd,TCN1,loso_subject_S013,45,0.0007120671980762423,,0.01931204771223088,,0.00047960449073189616
TCN1_17ad4ddd,TCN1,loso_subject_S013,46,0.0006829687399863711,,0.019130391860877918,,0.00046220935509274226
TCN1_17ad4ddd,TCN1,loso_subject_S013,47,0.0007645274728728836,,0.01962128876181472,,0.00044494958626484254
TCN1_17ad4ddd,TCN1,loso_subject_S013,48,0.0006698179305232796,,0.018105046916421622,,0.00042785179756071645
TCN1_17ad4ddd,TCN1,loso_subject_S013,49,0.0006557457185762439,,0.0185085721954721,,0.0004109423525312737
TCN1_17ad4ddd,TCN1,loso_subject_S013,50,0.0006060241571045343,,0.01788588483461034,,0.0003942473243151282
TCN1_17ad4ddd,TCN1,loso_subject_S013,51,0.0005850892789907143,,0.01755844931806463,,0.0003777924554357096
TCN1_17ad4ddd,TCN1,loso_subject_S013,52,0.0006733897386128712,,0.01878000522962598,,0.0003616031181081575
TCN1_17ad4ddd,TCN1,loso_subject_S013,53,0.0006673225043683996,,0.01843775089162878,,0.000345704275117204
TCN1_17ad4ddd,TCN1,loso_subject_S013,54,0.0006065238415637007,,0.017751929704829042,,0.00033012044132637024
TCN1_17ad4ddd,TCN1,loso_subject_S013,55,0.0006682915787885357,,0.018046825799388395,,0.00031487564587782306
TCN1_17ad4ddd,TCN1,loso_subject_S013,56,0.0006396146951721648,,0.018050140214030005,,0.00029999339514117897
TCN1_17ad4ddd,TCN1,loso_subject_S013,57,0.0005269708330212725,,0.016614520122448462,,0.0002854966364683872
TCN1_17ad4ddd,TCN1,loso_subject_S013,58,0.0005114150293224434,,0.01621689657600042,,0.0002714077228105749
TCN1_17ad4ddd,TCN1,loso_subject_S013,59,0.0005219538618707178,,0.016227932476735766,,0.00025774837825141746
TCN1_17ad4ddd,TCN1,loso_subject_S013,60,0.0005068740222151783,,0.01608894088262447,,0.0002445396645101764
TCN1_17ad4ddd,TCN1,loso_subject_S013,61,0.00047447699229017536,,0.015939489018043873,,0.0002318019484660537
TCN1_17ad4ddd,TCN1,loso_subject_S013,62,0.0005019289222316682,,0.01609308647780656,,0.00021955487075394156
TCN1_17ad4ddd,TCN1,loso_subject_S013,63,0.0005620652286008261,,0.016390850865817933,,0.0002078173154799862
TCN1_17ad4ddd,TCN1,loso_subject_S013,64,0.0005045354045987735,,0.01592932056419083,,0.00019660738110366478
TCN1_17ad4ddd,TCN1,loso_subject_S013,65,0.0005606493789317089,,0.016427358097594547,,0.00018594235253127373
TCN1_17ad4ddd,TCN1,loso_subject_S013,66,0.0004836803192796444,,0.01586460389974632,,0.00017583867446385477
TCN1_17ad4ddd,TCN1,loso_subject_S013,67,0.0005153508371207311,,0.016059966656254563,,0.00016631192604065853
TCN1_17ad4ddd,TCN1,loso_subject_S013,68,0.0005121525430685619,,0.016181275005477745,,0.00015737679681724137
TCN1_17ad4ddd,TCN1,loso_subject_S013,69,0.00046693086968696194,,0.015294274670974498,,0.0001490470641152345
TCN1_17ad4ddd,TCN1,loso_subject_S013,70,0.00048045380562869775,,0.015447352156661725,,0.00014133557177871338
TCN1_17ad4ddd,TCN1,loso_subject_S013,71,0.0004386586682735097,,0.015151892352323374,,0.00013425421036992097
TCN1_17ad4ddd,TCN1,loso_subject_S013,72,0.000433373704460402,,0.014933393592034794,,0.00012781389883488212
TCN1_17ad4ddd,TCN1,loso_subject_S013,73,0.00041937736889224804,,0.0148304590948748,,0.0001220245676671809
TCN1_17ad4ddd,TCN1,loso_subject_S013,74,0.00044066986417224405,,0.015041542262687377,,0.00011689514359585877
TCN1_17ad4ddd,TCN1,loso_subject_S013,75,0.00043634516902351896,,0.014834120068677027,,0.00011243353582104555
TCN1_17ad4ddd,TCN1,loso_subject_S013,76,0.00043029120039473224,,0.014899777756696778,,0.0001086466238185463
TCN1_17ad4ddd,TCN1,loso_subject_S013,77,0.00041719467195760665,,0.014561143868369705,,0.00010554024673218805
TCN1_17ad4ddd,TCN1,loso_subject_S013,78,0.00045983240135126746,,0.014871829588182738,,0.00010311919437028317
TCN1_17ad4ddd,TCN1,loso_subject_S013,79,0.00046414215273603857,,0.01504637375871694,,0.00010138719982009242
TCN1_17ad4ddd,TCN1,loso_subject_S013,80,0.0004066988109560708,,0.014419016447072917,,0.0001003469336916747
TCN1_17ad4ddd,TCN1,loso_subject_S014,1,0.23076738950269313,,0.3294542758695541,,0.001
TCN1_17ad4ddd,TCN1,loso_subject_S014,2,0.04146011210650293,,0.1478431355219083,,0.0009996530663083252
TCN1_17ad4ddd,TCN1,loso_subject_S014,3,0.025805604154970553,,0.11639858791686572,,0.0009986128001799074
TCN1_17ad4ddd,TCN1,loso_subject_S014,4,0.0159251820438069,,0.09168114284179078,,0.0009968808056297167
TCN1_17ad4ddd,TCN1,loso_subject_S014,5,0.012308199712433073,,0.08108545846778277,,0.0009944597532678117
TCN1_17ad4ddd,TCN1,loso_subject_S014,6,0.009937220887223647,,0.0734076585172733,,0.0009913533761814533
TCN1_17ad4ddd,TCN1,loso_subject_S014,7,0.007928324046427291,,0.06455487576135792,,0.000987566464178954
TCN1_17ad4ddd,TCN1,loso_subject_S014,8,0.006522930946059066,,0.05899956882699144,,0.0009831048564041408
TCN1_17ad4ddd,TCN1,loso_subject_S014,9,0.005894163952829027,,0.055481248643915675,,0.0009779754323328187
TCN1_17ad4ddd,TCN1,loso_subject_S014,10,0.005032971060406034,,0.05067715756267396,,0.0009721861011651174
TCN1_17ad4ddd,TCN1,loso_subject_S014,11,0.004537764093032942,,0.04879070974864568,,0.0009657457896300785
TCN1_17ad4ddd,TCN1,loso_subject_S014,12,0.0037938768890771,,0.0447421864352443,,0.000958664428221286
TCN1_17ad4ddd,TCN1,loso_subject_S014,13,0.0038184090181529696,,0.04407408842024915,,0.000950952935884765
TCN1_17ad4ddd,TCN1,loso_subject_S014,14,0.0032763137217185017,,0.0410267217330569,,0.0009426232031827582
TCN1_17ad4ddd,TCN1,loso_subject_S014,15,0.0032701234988693445,,0.04080424161076196,,0.0009336880739593409
TCN1_17ad4ddd,TCN1,loso_subject_S014,16,0.0026828673381434857,,0.03764607983250772,,0.0009241613255361449
TCN1_17ad4ddd,TCN1,loso_subject_S014,17,0.002596457319093808,,0.035356430135820266,,0.0009140576474687258
TCN1_17ad4ddd,TCN1,loso_subject_S014,18,0.0024970285556227233,,0.03506699570419152,,0.0009033926188963346
TCN1_17ad4ddd,TCN1,loso_subject_S014,19,0.0024012869663667643,,0.035151335037698496,,0.0008921826845200134
TCN1_17ad4ddd,TCN1,loso_subject_S014,20,0.002340117563927803,,0.03422284549063951,,0.000880445129246058
TCN1_17ad4ddd,TCN1,loso_subject_S014,21,0.002024096809122766,,0.0320973023597446,,0.0008681980515339459
TCN1_17ad4ddd,TCN1,loso_subject_S014,22,0.0017667243704732366,,0.029954828891105664,,0.0008554603354898234
TCN1_17ad4ddd,TCN1,loso_subject_S014,23,0.0014841823720528888,,0.027550120779539833,,0.0008422516217485822
TCN1_17ad4ddd,TCN1,loso_subject_S014,24,0.0016347950045155946,,0.028388105234529965,,0.0008285922771894248
TCN1_17ad4ddd,TCN1,loso_subject_S014,25,0.001512138609217256,,0.027774380497044483,,0.0008145033635316124
TCN1_17ad4ddd,TCN1,loso_subject_S014,26,0.0014670163781526895,,0.02736298073509222,,0.0008000066048588205
TCN1_17ad4ddd,TCN1,loso_subject_S014,27,0.001293944266195958,,0.02523945737684752,,0.0007851243541221765
TCN1_17ad4ddd,TCN1,loso_subject_S014,28,0.0013778665779661005,,0.025690670893732403,,0.0007698795586736293
TCN1_17ad4ddd,TCN1,loso_subject_S014,29,0.001181331841934669,,0.024321400118538363,,0.0007542957248827956
TCN1_17ad4ddd,TCN1,loso_subject_S014,30,0.0012972567499481425,,0.025254965651113966,,0.0007383968818918422
TCN1_17ad4ddd,TCN1,loso_subject_S014,31,0.0011845835750168762,,0.024454609269707783,,0.00072220754456429
TCN1_17ad4ddd,TCN1,loso_subject_S014,32,0.001058235090045679,,0.023379629468026398,,0.0007057526756848715
TCN1_17ad4ddd,TCN1,loso_subject_S014,33,0.001032075118082316,,0.02277374275771579,,0.000689057647468726
TCN1_17ad4ddd,TCN1,loso_subject_S014,34,0.0008872430084704741,,0.02156060669800578,,0.000672148202439283
TCN1_17ad4ddd,TCN1,loso_subject_S014,35,0.0009728034050818368,,0.02216748490689262,,0.0006550504137351571
TCN1_17ad4ddd,TCN1,loso_subject_S014,36,0.0009794174012102601,,0.021944548082578917,,0.0006377906449072574
TCN1_17ad4ddd,TCN1,loso_subject_S014,37,0.000875697873568277,,0.02062728979305263,,0.0006203955092681036
TCN1_17ad4ddd,TCN1,loso_subject_S014,38,0.0009464368999790936,,0.021460618002236413,,0.0006028918288560267
TCN1_17ad4ddd,TCN1,loso_subject_S014,39,0.0008307241338313369,,0.020531165315783268,,0.00058530659307753
TCN1_17ad4ddd,TCN1,loso_subject_S014,40,0.0008311295326760918,,0.020321313565995685,,0.0005676669170915806
TCN1_17ad4ddd,TCN1,loso_subject_S014,41,0.0008313833585328524,,0.020555935265862347,,0.0005499999999999997
TCN1_17ad4ddd,TCN1,loso_subject_S014,42,0.0008681291540114406,,0.020672135777181543,,0.000532333082908419
TCN1_17ad4ddd,TCN1,loso_subject_S014,43,0.0008269676714357196,,0.01976090351179723,,0.0005146934069224697
TCN1_17ad4ddd,TCN1,loso_subject_S014,44,0.0007366031533260106,,0.018873997094912612,,0.000497108171143973
TCN1_17ad4ddd,TCN1,loso_subject_S014,45,0.0007667344219452098,,0.01949981317754365,,0.00047960449073189616
TCN1_17ad4ddd,TCN1,loso_subject_S014,46,0.0006739019506400632,,0.018179952849216127,,0.00046220935509274226
TCN1_17ad4ddd,TCN1,loso_subject_S014,47,0.0007285380505893893,,0.01859686428304117,,0.00044494958626484254
TCN1_17ad4ddd,TCN1,loso_subject_S014,48,0.0006620024759704767,,0.01806783362392806,,0.00042785179756071645
TCN1_17ad4ddd,TCN1,loso_subject_S014,49,0.000728254144003511,,0.019298915212149145,,0.0004109423525312737
TCN1_17ad4ddd,TCN1,loso_subject_S014,50,0.0006284201914400867,,0.017501909433265937,,0.0003942473243151282
TCN1_17ad4ddd,TCN1,loso_subject_S014,51,0.0006496356302787634,,0.018042623392603964,,0.0003777924554357096
TCN1_17ad4ddd,TCN1,loso_subject_S014,52,0.000601997989014097,,0.017107074312275806,,0.0003616031181081575
TCN1_17ad4ddd,TCN1,loso_subject_S014,53,0.0005711000845590033,,0.016787239045035804,,0.000345704275117204
TCN1_17ad4ddd,TCN1,loso_subject_S014,54,0.0006077329209962002,,0.017262491070367723,,0.00033012044132637024
TCN1_17ad4ddd,TCN1,loso_subject_S014,55,0.0005448918026951183,,0.016377831501695066,,0.00031487564587782306
TCN1_17ad4ddd,TCN1,loso_subject_S014,56,0.0005615231287433518,,0.016228698665969883,,0.00029999339514117897
TCN1_17ad4ddd,TCN1,loso_subject_S014,57,0.0005323133444689389,,0.015914640483880672,,0.0002854966364683872
TCN1_17ad4ddd,TCN1,loso_subject_S014,58,0.0005292615307019778,,0.01605159258934235,,0.0002714077228105749
TCN1_17ad4ddd,TCN1,loso_subject_S014,59,0.0005381124496973417,,0.016084314392240517,,0.00025774837825141746
TCN1_17ad4ddd,TCN1,loso_subject_S014,60,0.0005533834261894144,,0.01612745033156487,,0.0002445396645101764
TCN1_17ad4ddd,TCN1,loso_subject_S014,61,0.0004657243792229821,,0.015237034520249038,,0.0002318019484660537
TCN1_17ad4ddd,TCN1,loso_subject_S014,62,0.0004984675996385165,,0.015418980867107593,,0.00021955487075394156
TCN1_17ad4ddd,TCN1,loso_subject_S014,63,0.0004937964215017091,,0.015599880311801985,,0.0002078173154799862
TCN1_17ad4ddd,TCN1,loso_subject_S014,64,0.0004765714348711707,,0.015294428755286152,,0.00019660738110366478
TCN1_17ad4ddd,TCN1,loso_subject_S014,65,0.0005243155140842139,,0.015403714738895466,,0.00018594235253127373
TCN1_17ad4ddd,TCN1,loso_subject_S014,66,0.0004935916691412194,,0.01513766649116344,,0.00017583867446385477
TCN1_17ad4ddd,TCN1,loso_subject_S014,67,0.0004639042819791427,,0.014825826328346108,,0.00016631192604065853
TCN1_17ad4ddd,TCN1,loso_subject_S014,68,0.0004742520913048825,,0.015167110406758149,,0.00015737679681724137
TCN1_17ad4ddd,TCN1,loso_subject_S014,69,0.00046489798821320433,,0.014774992018719572,,0.0001490470641152345
TCN1_17ad4ddd,TCN1,loso_subject_S014,70,0.00047644945482868165,,0.015183397968602845,,0.00014133557177871338
TCN1_17ad4ddd,TCN1,loso_subject_S014,71,0.0004527366645374715,,0.014828602179797513,,0.00013425421036992097
TCN1_17ad4ddd,TCN1,loso_subject_S014,72,0.00043508237025692315,,0.014513243635422673,,0.00012781389883488212
TCN1_17ad4ddd,TCN1,loso_subject_S014,73,0.0004622685647217278,,0.014596761432080324,,0.0001220245676671809
TCN1_17ad4ddd,TCN1,loso_subject_S014,74,0.00039869775002838667,,0.014111684770746664,,0.00011689514359585877
TCN1_17ad4ddd,TCN1,loso_subject_S014,75,0.0004025824261485132,,0.01417666208053614,,0.00011243353582104555
TCN1_17ad4ddd,TCN1,loso_subject_S014,76,0.00048043526228738515,,0.014504394694463598,,0.0001086466238185463
TCN1_17ad4ddd,TCN1,loso_subject_S014,77,0.0004093445081139513,,0.014133469974540196,,0.00010554024673218805
TCN1_17ad4ddd,TCN1,loso_subject_S014,78,0.0004191605484999356,,0.014236340457655467,,0.00010311919437028317
TCN1_17ad4ddd,TCN1,loso_subject_S014,79,0.0004374069381229405,,0.014179277359958617,,0.00010138719982009242
TCN1_17ad4ddd,TCN1,loso_subject_S014,80,0.00041636690393956024,,0.013885961494291109,,0.0001003469336916747
TCN1_17ad4ddd,TCN1,loso_subject_S016,1,0.25120564202798834,,0.34638042641259786,,0.001
TCN1_17ad4ddd,TCN1,loso_subject_S016,2,0.041155058101562704,,0.1527816235984571,,0.0009996530663083252
TCN1_17ad4ddd,TCN1,loso_subject_S016,3,0.02193190103678141,,0.11132448162504402,,0.0009986128001799074
TCN1_17ad4ddd,TCN1,loso_subject_S016,4,0.015441488577757722,,0.09268643479998404,,0.0009968808056297167
TCN1_17ad4ddd,TCN1,loso_subject_S016,5,0.011276027188515121,,0.07929931186133103,,0.0009944597532678117
TCN1_17ad4ddd,TCN1,loso_subject_S016,6,0.009730792562802673,,0.07379152565745209,,0.0009913533761814533
TCN1_17ad4ddd,TCN1,loso_subject_S016,7,0.007922760878167625,,0.06526679194390031,,0.000987566464178954
TCN1_17ad4ddd,TCN1,loso_subject_S016,8,0.006285214180461079,,0.05833983501901693,,0.0009831048564041408
TCN1_17ad4ddd,TCN1,loso_subject_S016,9,0.005872265439805655,,0.05636575315811904,,0.0009779754323328187
TCN1_17ad4ddd,TCN1,loso_subject_S016,10,0.00508050697972573,,0.052311527527918435,,0.0009721861011651174
TCN1_17ad4ddd,TCN1,loso_subject_S016,11,0.004723167242809037,,0.05006809808177753,,0.0009657457896300785
TCN1_17ad4ddd,TCN1,loso_subject_S016,12,0.004313304589099471,,0.047643320895807056,,0.000958664428221286
TCN1_17ad4ddd,TCN1,loso_subject_S016,13,0.0038208587424034103,,0.04522819775158027,,0.000950952935884765
TCN1_17ad4ddd,TCN1,loso_subject_S016,14,0.0033255337227014923,,0.04234331755832196,,0.0009426232031827582
TCN1_17ad4ddd,TCN1,loso_subject_S016,15,0.0027365990492892495,,0.03916447116053944,,0.0009336880739593409
TCN1_17ad4ddd,TCN1,loso_subject_S016,16,0.0026183889410033214,,0.03708740568426285,,0.0009241613255361449
TCN1_17ad4ddd,TCN1,loso_subject_S016,17,0.0024300711127845953,,0.03598083300036982,,0.0009140576474687258
TCN1_17ad4ddd,TCN1,loso_subject_S016,18,0.002297495187617456,,0.03513159401980508,,0.0009033926188963346
TCN1_17ad4ddd,TCN1,loso_subject_S016,19,0.0022145311809751126,,0.034255899796756535,,0.0008921826845200134
TCN1_17ad4ddd,TCN1,loso_subject_S016,20,0.002066874512014643,,0.032694692543345144,,0.000880445129246058
TCN1_17ad4ddd,TCN1,loso_subject_S016,21,0.0022169611254470975,,0.03424213912308856,,0.0008681980515339459
TCN1_17ad4ddd,TCN1,loso_subject_S016,22,0.0019738461630417277,,0.033004862928984996,,0.0008554603354898234
TCN1_17ad4ddd,TCN1,loso_subject_S016,23,0.001763099642572009,,0.03093857356884767,,0.0008422516217485822
TCN1_17ad4ddd,TCN1,loso_subject_S016,24,0.0016759323460749567,,0.030411156120141128,,0.0008285922771894248
TCN1_17ad4ddd,TCN1,loso_subject_S016,25,0.0015479073575615481,,0.02930354386423335,,0.0008145033635316124
TCN1_17ad4ddd,TCN1,loso_subject_S016,26,0.00142609490796969,,0.02748302292920137,,0.0008000066048588205
TCN1_17ad4ddd,TCN1,loso_subject_S016,27,0.0012877210060652441,,0.026005355656907397,,0.0007851243541221765
TCN1_17ad4ddd,TCN1,loso_subject_S016,28,0.0012870919569707364,,0.025963131271391268,,0.0007698795586736293
TCN1_17ad4ddd,TCN1,loso_subject_S016,29,0.0013428061003686045,,0.026460406976671246,,0.0007542957248827956
TCN1_17ad4ddd,TCN1,loso_subject_S016,30,0.0013112335235785577,,0.02595348888670631,,0.0007383968818918422
TCN1_17ad4ddd,TCN1,loso_subject_S016,31,0.0011742425586722595,,0.025112157482864477,,0.00072220754456429
TCN1_17ad4ddd,TCN1,loso_subject_S016,32,0.0010961285152597579,,0.023838666069223316,,0.0007057526756848715
TCN1_17ad4ddd,TCN1,loso_subject_S016,33,0.0011178907966418108,,0.02426459945448847,,0.000689057647468726
TCN1_17ad4ddd,TCN1,loso_subject_S016,34,0.0011032617812739697,,0.02397190682291898,,0.000672148202439283
TCN1_17ad4ddd,TCN1,loso_subject_S016,35,0.0009859042885778356,,0.022532705954233092,,0.0006550504137351571
TCN1_17ad4ddd,TCN1,loso_subject_S016,36,0.0009808501447546901,,0.022252181062632003,,0.0006377906449072574
TCN1_17ad4ddd,TCN1,loso_subject_S016,37,0.0009114340665769378,,0.021693507487007796,,0.0006203955092681036
TCN1_17ad4ddd,TCN1,loso_subject_S016,38,0.0009878197734231476,,0.0227315407284155,,0.0006028918288560267
TCN1_17ad4ddd,TCN1,loso_subject_S016,39,0.0009014721612237279,,0.02188023455952969,,0.00058530659307753
TCN1_17ad4ddd,TCN1,loso_subject_S016,40,0.0008752064948471381,,0.021207487372647476,,0.0005676669170915806
TCN1_17ad4ddd,TCN1,loso_subject_S016,41,0.0009438878623262387,,0.02127764252775664,,0.0005499999999999997
TCN1_17ad4ddd,TCN1,loso_subject_S016,42,0.000771737802339916,,0.020104773066101922,,0.000532333082908419
TCN1_17ad4ddd,TCN1,loso_subject_S016,43,0.0007111918244704768,,0.019441410796552094,,0.0005146934069224697
TCN1_17ad4ddd,TCN1,loso_subject_S016,44,0.000769786462917177,,0.019533204006030615,,0.000497108171143973
TCN1_17ad4ddd,TCN1,loso_subject_S016,45,0.0007555866270206186,,0.0195208529653619,,0.00047960449073189616
TCN1_17ad4ddd,TCN1,loso_subject_S016,46,0.0007031430198955999,,0.019539895104814107,,0.00046220935509274226
TCN1_17ad4ddd,TCN1,loso_subject_S016,47,0.0006344874713535586,,0.0183722551174356,,0.00044494958626484254
TCN1_17ad4ddd,TCN1,loso_subject_S016,48,0.0006738461951799982,,0.0184763693162957,,0.00042785179756071645
TCN1_17ad4ddd,TCN1,loso_subject_S016,49,0.0006908633806861539,,0.01884225539044388,,0.0004109423525312737
TCN1_17ad4ddd,TCN1,loso_subject_S016,50,0.0006235842214470362,,0.01806153992078086,,0.0003942473243151282
TCN1_17ad4ddd,TCN1,loso_subject_S016,51,0.000589801709616714,,0.017496626089667542,,0.0003777924554357096
TCN1_17ad4ddd,TCN1,loso_subject_S016,52,0.0006479710197655679,,0.017654939336179995,,0.0003616031181081575
TCN1_17ad4ddd,TCN1,loso_subject_S016,53,0.000584523565263889,,0.017328571268430515,,0.000345704275117204
TCN1_17ad4ddd,TCN1,loso_subject_S016,54,0.0006385988085799375,,0.017824599457265812,,0.00033012044132637024
TCN1_17ad4ddd,TCN1,loso_subject_S016,55,0.000643787770425411,,0.018035484023152415,,0.00031487564587782306
TCN1_17ad4ddd,TCN1,loso_subject_S016,56,0.0005781878230520291,,0.017021410296290083,,0.00029999339514117897
TCN1_17ad4ddd,TCN1,loso_subject_S016,57,0.0005215010602714666,,0.016453568843347536,,0.0002854966364683872
TCN1_17ad4ddd,TCN1,loso_subject_S016,58,0.0005487134886401816,,0.01660385947252191,,0.0002714077228105749
TCN1_17ad4ddd,TCN1,loso_subject_S016,59,0.0005463811005538594,,0.0165407364125717,,0.00025774837825141746
TCN1_17ad4ddd,TCN1,loso_subject_S016,60,0.0005499830504727601,,0.01652020337392227,,0.0002445396645101764
TCN1_17ad4ddd,TCN1,loso_subject_S016,61,0.0005869076160246074,,0.01693200020977693,,0.0002318019484660537
TCN1_17ad4ddd,TCN1,loso_subject_S016,62,0.0005382723960261031,,0.016269980233392704,,0.00021955487075394156
TCN1_17ad4ddd,TCN1,loso_subject_S016,63,0.0004922393305562264,,0.015592928610744253,,0.0002078173154799862
TCN1_17ad4ddd,TCN1,loso_subject_S016,64,0.0004999883707404022,,0.015692109064944035,,0.00019660738110366478
TCN1_17ad4ddd,TCN1,loso_subject_S016,65,0.0004621538678790362,,0.015406291790103508,,0.00018594235253127373
TCN1_17ad4ddd,TCN1,loso_subject_S016,66,0.000502215927420103,,0.0155931110727412,,0.00017583867446385477
TCN1_17ad4ddd,TCN1,loso_subject_S016,67,0.0005084993483452248,,0.016027530099009563,,0.00016631192604065853
TCN1_17ad4ddd,TCN1,loso_subject_S016,68,0.00042914572877919576,,0.014784744624766743,,0.00015737679681724137
TCN1_17ad4ddd,TCN1,loso_subject_S016,69,0.00044760306498404915,,0.015108658409107419,,0.0001490470641152345
TCN1_17ad4ddd,TCN1,loso_subject_S016,70,0.0005390751966592286,,0.015817704239239654,,0.00014133557177871338
TCN1_17ad4ddd,TCN1,loso_subject_S016,71,0.0004733554860109166,,0.015432800118514129,,0.00013425421036992097
TCN1_17ad4ddd,TCN1,loso_subject_S016,72,0.0004553951056684654,,0.01496805001625931,,0.00012781389883488212
TCN1_17ad4ddd,TCN1,loso_subject_S016,73,0.00045260967145942336,,0.01492029527095858,,0.0001220245676671809
TCN1_17ad4ddd,TCN1,loso_subject_S016,74,0.0004722766133024478,,0.015072582927919983,,0.00011689514359585877
TCN1_17ad4ddd,TCN1,loso_subject_S016,75,0.0004426030896506311,,0.014785061162380974,,0.00011243353582104555
TCN1_17ad4ddd,TCN1,loso_subject_S016,76,0.000442736102290377,,0.014845833393225863,,0.0001086466238185463
TCN1_17ad4ddd,TCN1,loso_subject_S016,77,0.0004555143398679923,,0.014873018690808057,,0.00010554024673218805
TCN1_17ad4ddd,TCN1,loso_subject_S016,78,0.0004347667121875218,,0.014719866186749784,,0.00010311919437028317
TCN1_17ad4ddd,TCN1,loso_subject_S016,79,0.00041194672757689755,,0.014663659026168523,,0.00010138719982009242
TCN1_17ad4ddd,TCN1,loso_subject_S016,80,0.00044882547020670227,,0.014644130303749368,,0.0001003469336916747
TCN1_17ad4ddd,TCN1,loso_subject_S017,1,0.19168014264288216,,0.3047247181801383,,0.001
TCN1_17ad4ddd,TCN1,loso_subject_S017,2,0.0375291660659242,,0.14130303689411708,,0.0009996530663083252
TCN1_17ad4ddd,TCN1,loso_subject_S017,3,0.02085922282642796,,0.10605888323426525,,0.0009986128001799074
TCN1_17ad4ddd,TCN1,loso_subject_S017,4,0.015403686470812321,,0.09196303428894463,,0.0009968808056297167
TCN1_17ad4ddd,TCN1,loso_subject_S017,5,0.011569356890417095,,0.07859449917385115,,0.0009944597532678117
TCN1_17ad4ddd,TCN1,loso_subject_S017,6,0.008618470555088489,,0.0677863963960345,,0.0009913533761814533
TCN1_17ad4ddd,TCN1,loso_subject_S017,7,0.007044759742584106,,0.06197124474465986,,0.000987566464178954
TCN1_17ad4ddd,TCN1,loso_subject_S017,8,0.006378836044278301,,0.05816066631528198,,0.0009831048564041408
TCN1_17ad4ddd,TCN1,loso_subject_S017,9,0.005551354559378337,,0.05402567197483652,,0.0009779754323328187
TCN1_17ad4ddd,TCN1,loso_subject_S017,10,0.0044373050462934395,,0.048168472221570495,,0.0009721861011651174
TCN1_17ad4ddd,TCN1,loso_subject_S017,11,0.004055632222160278,,0.04596652630585697,,0.0009657457896300785
TCN1_17ad4ddd,TCN1,loso_subject_S017,12,0.0039961486825811085,,0.04641428980670991,,0.000958664428221286
TCN1_17ad4ddd,TCN1,loso_subject_S017,13,0.003357471868208232,,0.042042448916047186,,0.000950952935884765
TCN1_17ad4ddd,TCN1,loso_subject_S017,14,0.002918854915805213,,0.039837520866190246,,0.0009426232031827582
TCN1_17ad4ddd,TCN1,loso_subject_S017,15,0.0029632445098723196,,0.03909929273802726,,0.0009336880739593409
TCN1_17ad4ddd,TCN1,loso_subject_S017,16,0.0026418632005430777,,0.03636857897776072,,0.0009241613255361449
TCN1_17ad4ddd,TCN1,loso_subject_S017,17,0.002380982351618049,,0.035450845817213035,,0.0009140576474687258
TCN1_17ad4ddd,TCN1,loso_subject_S017,18,0.002389820995991417,,0.03525661922275881,,0.0009033926188963346
TCN1_17ad4ddd,TCN1,loso_subject_S017,19,0.0020943269631400075,,0.032909791227386485,,0.0008921826845200134
TCN1_17ad4ddd,TCN1,loso_subject_S017,20,0.001959543168900286,,0.03213823670455946,,0.000880445129246058
TCN1_17ad4ddd,TCN1,loso_subject_S017,21,0.001686396066642495,,0.0298034454056823,,0.0008681980515339459
TCN1_17ad4ddd,TCN1,loso_subject_S017,22,0.0016761943035425327,,0.029404233534770213,,0.0008554603354898234
TCN1_17ad4ddd,TCN1,loso_subject_S017,23,0.0016898056884804432,,0.029193483310505156,,0.0008422516217485822
TCN1_17ad4ddd,TCN1,loso_subject_S017,24,0.0014824232959517864,,0.027523614553433672,,0.0008285922771894248
TCN1_17ad4ddd,TCN1,loso_subject_S017,25,0.0014453197412838423,,0.027509123440264818,,0.0008145033635316124
TCN1_17ad4ddd,TCN1,loso_subject_S017,26,0.0013722316318342082,,0.0267411328991766,,0.0008000066048588205
TCN1_17ad4ddd,TCN1,loso_subject_S017,27,0.0014009361060726645,,0.02666271770639079,,0.0007851243541221765
TCN1_17ad4ddd,TCN1,loso_subject_S017,28,0.0014978659050800865,,0.02774277830221614,,0.0007698795586736293
TCN1_17ad4ddd,TCN1,loso_subject_S017,29,0.0012442259280451636,,0.025265763664238626,,0.0007542957248827956
TCN1_17ad4ddd,TCN1,loso_subject_S017,30,0.001238264173456845,,0.025143764145340797,,0.0007383968818918422
TCN1_17ad4ddd,TCN1,loso_subject_S017,31,0.0012609797605668876,,0.025101119447368647,,0.00072220754456429
TCN1_17ad4ddd,TCN1,loso_subject_S017,32,0.0009872865298380137,,0.022712016120483222,,0.0007057526756848715
TCN1_17ad4ddd,TCN1,loso_subject_S017,33,0.0009883146545472414,,0.022796843314338344,,0.000689057647468726
TCN1_17ad4ddd,TCN1,loso_subject_S017,34,0.0009524198030874099,,0.02246378453348085,,0.000672148202439283
TCN1_17ad4ddd,TCN1,loso_subject_S017,35,0.0009764378633572604,,0.022366014991906543,,0.0006550504137351571
TCN1_17ad4ddd,TCN1,loso_subject_S017,36,0.0009196467048202835,,0.021539653069067057,,0.0006377906449072574
TCN1_17ad4ddd,TCN1,loso_subject_S017,37,0.0009331909194806769,,0.021398868913428567,,0.0006203955092681036
TCN1_17ad4ddd,TCN1,loso_subject_S017,38,0.0010108981492538748,,0.02304669201321708,,0.0006028918288560267
TCN1_17ad4ddd,TCN1,loso_subject_S017,39,0.0007919706438288564,,0.020413283145260197,,0.00058530659307753
TCN1_17ad4ddd,TCN1,loso_subject_S017,40,0.0008774637648142194,,0.02082030522687234,,0.0005676669170915806
TCN1_17ad4ddd,TCN1,loso_subject_S017,41,0.0007877006088885145,,0.019978627968204384,,0.0005499999999999997
TCN1_17ad4ddd,TCN1,loso_subject_S017,42,0.0007845000016276204,,0.019741359513593223,,0.000532333082908419
TCN1_17ad4ddd,TCN1,loso_subject_S017,43,0.0007768804320587888,,0.019956866571509586,,0.0005146934069224697
TCN1_17ad4ddd,TCN1,loso_subject_S017,44,0.0007333301039237041,,0.019153530332118064,,0.000497108171143973
TCN1_17ad4ddd,TCN1,loso_subject_S017,45,0.0007536945747597627,,0.019377238389793827,,0.00047960449073189616
TCN1_17ad4ddd,TCN1,loso_subject_S017,46,0.0007394841230508219,,0.019309338585711336,,0.00046220935509274226
TCN1_17ad4ddd,TCN1,loso_subject_S017,47,0.0006476887863018142,,0.01766077626226099,,0.00044494958626484254
TCN1_17ad4ddd,TCN1,loso_subject_S017,48,0.0006349250742815548,,0.017745558032875038,,0.00042785179756071645
TCN1_17ad4ddd,TCN1,loso_subject_S017,49,0.0006336826416423906,,0.017941357018273384,,0.0004109423525312737
TCN1_17ad4ddd,TCN1,loso_subject_S017,50,0.0006733059313173343,,0.018576515498254842,,0.0003942473243151282
TCN1_17ad4ddd,TCN1,loso_subject_S017,51,0.000622816491120689,,0.01790472613407661,,0.0003777924554357096
TCN1_17ad4ddd,TCN1,loso_subject_S017,52,0.0005476797198324925,,0.017101525322510153,,0.0003616031181081575
TCN1_17ad4ddd,TCN1,loso_subject_S017,53,0.0005657136249704945,,0.01724617232064732,,0.000345704275117204
TCN1_17ad4ddd,TCN1,loso_subject_S017,54,0.0005768860582059437,,0.017102909477240028,,0.00033012044132637024
TCN1_17ad4ddd,TCN1,loso_subject_S017,55,0.0005758304592762884,,0.017027773591199023,,0.00031487564587782306
TCN1_17ad4ddd,TCN1,loso_subject_S017,56,0.0005326016177096136,,0.01640541358159493,,0.00029999339514117897
TCN1_17ad4ddd,TCN1,loso_subject_S017,57,0.0005316404575744832,,0.016197920794352297,,0.0002854966364683872
TCN1_17ad4ddd,TCN1,loso_subject_S017,58,0.0004931588638320334,,0.016024558080809596,,0.0002714077228105749
TCN1_17ad4ddd,TCN1,loso_subject_S017,59,0.0005303418178730742,,0.0162484668962989,,0.00025774837825141746
TCN1_17ad4ddd,TCN1,loso_subject_S017,60,0.0004841485982259138,,0.01570148220333757,,0.0002445396645101764
TCN1_17ad4ddd,TCN1,loso_subject_S017,61,0.0005053584797872749,,0.015887783578568654,,0.0002318019484660537
TCN1_17ad4ddd,TCN1,loso_subject_S017,62,0.00046857574127725734,,0.015566106268425039,,0.00021955487075394156
TCN1_17ad4ddd,TCN1,loso_subject_S017,63,0.0005021848408036388,,0.015742300422883982,,0.0002078173154799862
TCN1_17ad4ddd,TCN1,loso_subject_S017,64,0.0004615257180280072,,0.015305258218085599,,0.00019660738110366478
TCN1_17ad4ddd,TCN1,loso_subject_S017,65,0.00044264833402516763,,0.014695233885696119,,0.00018594235253127373
TCN1_17ad4ddd,TCN1,loso_subject_S017,66,0.00043902696839335267,,0.014953435003862169,,0.00017583867446385477
TCN1_17ad4ddd,TCN1,loso_subject_S017,67,0.000431302934885025,,0.01487830433715353,,0.00016631192604065853
TCN1_17ad4ddd,TCN1,loso_subject_S017,68,0.00043439842619883025,,0.014955427181368271,,0.00015737679681724137
TCN1_17ad4ddd,TCN1,loso_subject_S017,69,0.0004373486721544664,,0.014829676807694469,,0.0001490470641152345
TCN1_17ad4ddd,TCN1,loso_subject_S017,70,0.00042732461779302017,,0.014586626855215926,,0.00014133557177871338
TCN1_17ad4ddd,TCN1,loso_subject_S017,71,0.00042550042964108024,,0.01459370487188567,,0.00013425421036992097
TCN1_17ad4ddd,TCN1,loso_subject_S017,72,0.0004231681243927639,,0.01448058118864859,,0.00012781389883488212
TCN1_17ad4ddd,TCN1,loso_subject_S017,73,0.000427784078396787,,0.014337593582687809,,0.0001220245676671809
TCN1_17ad4ddd,TCN1,loso_subject_S017,74,0.0003940182672846251,,0.014083464366037059,,0.00011689514359585877
TCN1_17ad4ddd,TCN1,loso_subject_S017,75,0.0004111111344850297,,0.014249789923324797,,0.00011243353582104555
TCN1_17ad4ddd,TCN1,loso_subject_S017,76,0.0004164831676308842,,0.014190028842529871,,0.0001086466238185463
TCN1_17ad4ddd,TCN1,loso_subject_S017,77,0.00040511914190293163,,0.014239718047007743,,0.00010554024673218805
TCN1_17ad4ddd,TCN1,loso_subject_S017,78,0.00039140706899193107,,0.013939511297004563,,0.00010311919437028317
TCN1_17ad4ddd,TCN1,loso_subject_S017,79,0.00039601529429315543,,0.014148693163148552,,0.00010138719982009242
TCN1_17ad4ddd,TCN1,loso_subject_S017,80,0.0004090397476667944,,0.014225298353411972,,0.0001003469336916747
TCN1_17ad4ddd,TCN1,loso_subject_S018,1,0.18763244947669103,,0.31027178706830005,,0.001
TCN1_17ad4ddd,TCN1,loso_subject_S018,2,0.03870069208331624,,0.14426559216794912,,0.0009996530663083252
TCN1_17ad4ddd,TCN1,loso_subject_S018,3,0.02174531351230298,,0.10992437268209736,,0.0009986128001799074
TCN1_17ad4ddd,TCN1,loso_subject_S018,4,0.01611039300193215,,0.09289501446206667,,0.0009968808056297167
TCN1_17ad4ddd,TCN1,loso_subject_S018,5,0.011162029599977865,,0.0781230666484052,,0.0009944597532678117
TCN1_17ad4ddd,TCN1,loso_subject_S018,6,0.0088722742592905,,0.06748754022239942,,0.0009913533761814533
TCN1_17ad4ddd,TCN1,loso_subject_S018,7,0.007314425856092869,,0.06143743756570314,,0.000987566464178954
TCN1_17ad4ddd,TCN1,loso_subject_S018,8,0.006195966354217272,,0.058318080670303765,,0.0009831048564041408
TCN1_17ad4ddd,TCN1,loso_subject_S018,9,0.005354608480453666,,0.054179106613523084,,0.0009779754323328187
TCN1_17ad4ddd,TCN1,loso_subject_S018,10,0.004658278481413921,,0.05002380554177608,,0.0009721861011651174
TCN1_17ad4ddd,TCN1,loso_subject_S018,11,0.004424043596389959,,0.04808762304441273,,0.0009657457896300785
TCN1_17ad4ddd,TCN1,loso_subject_S018,12,0.0037670412321427933,,0.04466065118274493,,0.000958664428221286
TCN1_17ad4ddd,TCN1,loso_subject_S018,13,0.0035029456027571046,,0.04379761141468907,,0.000950952935884765
TCN1_17ad4ddd,TCN1,loso_subject_S018,14,0.003134819960809852,,0.04099120650636522,,0.0009426232031827582
TCN1_17ad4ddd,TCN1,loso_subject_S018,15,0.0028421938746121893,,0.03878467824549703,,0.0009336880739593409
TCN1_17ad4ddd,TCN1,loso_subject_S018,16,0.002749137963680278,,0.03777702923058069,,0.0009241613255361449
TCN1_17ad4ddd,TCN1,loso_subject_S018,17,0.0025658173148917873,,0.036785947583746495,,0.0009140576474687258
TCN1_17ad4ddd,TCN1,loso_subject_S018,18,0.0022227986816491124,,0.034710722122537466,,0.0009033926188963346
TCN1_17ad4ddd,TCN1,loso_subject_S018,19,0.002264677658432016,,0.034229195610298746,,0.0008921826845200134
TCN1_17ad4ddd,TCN1,loso_subject_S018,20,0.0020444269942893095,,0.033218122295468874,,0.000880445129246058
TCN1_17ad4ddd,TCN1,loso_subject_S018,21,0.0019300831227198416,,0.03160217627011545,,0.0008681980515339459
TCN1_17ad4ddd,TCN1,loso_subject_S018,22,0.0017674231956228178,,0.030421411280917843,,0.0008554603354898234
TCN1_17ad4ddd,TCN1,loso_subject_S018,23,0.0016115784677758552,,0.02906621924399981,,0.0008422516217485822
TCN1_17ad4ddd,TCN1,loso_subject_S018,24,0.0015345171713460868,,0.027995596954609916,,0.0008285922771894248
TCN1_17ad4ddd,TCN1,loso_subject_S018,25,0.0015984150812530901,,0.028568255199849256,,0.0008145033635316124
TCN1_17ad4ddd,TCN1,loso_subject_S018,26,0.0012934931948759229,,0.026553163694882254,,0.0008000066048588205
TCN1_17ad4ddd,TCN1,loso_subject_S018,27,0.0013476218568019525,,0.026850679233583093,,0.0007851243541221765
TCN1_17ad4ddd,TCN1,loso_subject_S018,28,0.00143076380992537,,0.02696516828622386,,0.0007698795586736293
TCN1_17ad4ddd,TCN1,loso_subject_S018,29,0.0011988562531769277,,0.025178595519031,,0.0007542957248827956
TCN1_17ad4ddd,TCN1,loso_subject_S018,30,0.001126732213125831,,0.024250890423505627,,0.0007383968818918422
TCN1_17ad4ddd,TCN1,loso_subject_S018,31,0.0010469641876869906,,0.02335591655856336,,0.00072220754456429
TCN1_17ad4ddd,TCN1,loso_subject_S018,32,0.0011615517899143503,,0.024422667097104223,,0.0007057526756848715
TCN1_17ad4ddd,TCN1,loso_subject_S018,33,0.0010280235383213002,,0.023501078984890764,,0.000689057647468726
TCN1_17ad4ddd,TCN1,loso_subject_S018,34,0.0009779740120175332,,0.022888300787897137,,0.000672148202439283
TCN1_17ad4ddd,TCN1,loso_subject_S018,35,0.0009190780290386133,,0.021938835016903822,,0.0006550504137351571
TCN1_17ad4ddd,TCN1,loso_subject_S018,36,0.0010505352422529668,,0.02346852414353549,,0.0006377906449072574
TCN1_17ad4ddd,TCN1,loso_subject_S018,37,0.0008230648558703932,,0.021236830145904894,,0.0006203955092681036
TCN1_17ad4ddd,TCN1,loso_subject_S018,38,0.0007765882546408919,,0.02050052221145546,,0.0006028918288560267
TCN1_17ad4ddd,TCN1,loso_subject_S018,39,0.0008486355229741105,,0.020751123365602996,,0.00058530659307753
TCN1_17ad4ddd,TCN1,loso_subject_S018,40,0.0008363260610481147,,0.020977007987642148,,0.0005676669170915806
TCN1_17ad4ddd,TCN1,loso_subject_S018,41,0.000736496122676487,,0.01974698653913032,,0.0005499999999999997
TCN1_17ad4ddd,TCN1,loso_subject_S018,42,0.000790954468981499,,0.020420797979622558,,0.000532333082908419
TCN1_17ad4ddd,TCN1,loso_subject_S018,43,0.0006902763587340974,,0.01899237852129671,,0.0005146934069224697
TCN1_17ad4ddd,TCN1,loso_subject_S018,44,0.0007444242651340121,,0.01941510457872299,,0.000497108171143973
TCN1_17ad4ddd,TCN1,loso_subject_S018,45,0.000663374615383841,,0.018641798766820053,,0.00047960449073189616
TCN1_17ad4ddd,TCN1,loso_subject_S018,46,0.000640661371953524,,0.018311411453879368,,0.00046220935509274226
TCN1_17ad4ddd,TCN1,loso_subject_S018,47,0.0006104103075095306,,0.018115760549380067,,0.00044494958626484254
TCN1_17ad4ddd,TCN1,loso_subject_S018,48,0.0005791995621950785,,0.017540187772080214,,0.00042785179756071645
TCN1_17ad4ddd,TCN1,loso_subject_S018,49,0.0006109271922873126,,0.018211825403292276,,0.0004109423525312737
TCN1_17ad4ddd,TCN1,loso_subject_S018,50,0.0006054655032311376,,0.01767131167937789,,0.0003942473243151282
TCN1_17ad4ddd,TCN1,loso_subject_S018,51,0.0005553045270594153,,0.017252922230209522,,0.0003777924554357096
TCN1_17ad4ddd,TCN1,loso_subject_S018,52,0.0005748719282649806,,0.01774282569163724,,0.0003616031181081575
TCN1_17ad4ddd,TCN1,loso_subject_S018,53,0.0005821230911175933,,0.017603390596327727,,0.000345704275117204
TCN1_17ad4ddd,TCN1,loso_subject_S018,54,0.000514392647075287,,0.01631699460640288,,0.00033012044132637024
TCN1_17ad4ddd,TCN1,loso_subject_S018,55,0.000549308962375198,,0.017103690049496658,,0.00031487564587782306
TCN1_17ad4ddd,TCN1,loso_subject_S018,56,0.0005336368147744007,,0.016967007606045196,,0.00029999339514117897
TCN1_17ad4ddd,TCN1,loso_subject_S018,57,0.0005115340704476864,,0.016175839725380753,,0.0002854966364683872
TCN1_17ad4ddd,TCN1,loso_subject_S018,58,0.0005142274356415844,,0.016420138553220626,,0.0002714077228105749
TCN1_17ad4ddd,TCN1,loso_subject_S018,59,0.0004753924117897425,,0.015997690589804398,,0.00025774837825141746
TCN1_17ad4ddd,TCN1,loso_subject_S018,60,0.0004635242786127747,,0.015828200059327467,,0.0002445396645101764
TCN1_17ad4ddd,TCN1,loso_subject_S018,61,0.0004745813660195631,,0.01566195892965236,,0.0002318019484660537
TCN1_17ad4ddd,TCN1,loso_subject_S018,62,0.0004684950087535364,,0.015747608560306287,,0.00021955487075394156
TCN1_17ad4ddd,TCN1,loso_subject_S018,63,0.00043766276471109855,,0.015458664477786474,,0.0002078173154799862
TCN1_17ad4ddd,TCN1,loso_subject_S018,64,0.0004505201680272578,,0.015383589460530825,,0.00019660738110366478
TCN1_17ad4ddd,TCN1,loso_subject_S018,65,0.00043578097581106366,,0.01517436016917403,,0.00018594235253127373
TCN1_17ad4ddd,TCN1,loso_subject_S018,66,0.00040781517368087774,,0.014749435569589946,,0.00017583867446385477
TCN1_17ad4ddd,TCN1,loso_subject_S018,67,0.0004309801230607391,,0.01512120791890642,,0.00016631192604065853
TCN1_17ad4ddd,TCN1,loso_subject_S018,68,0.000452535516583791,,0.01534480491424339,,0.00015737679681724137
TCN1_17ad4ddd,TCN1,loso_subject_S018,69,0.0003996045176179437,,0.014698219633721121,,0.0001490470641152345
TCN1_17ad4ddd,TCN1,loso_subject_S018,70,0.0004058449313811119,,0.014692850734450315,,0.00014133557177871338
TCN1_17ad4ddd,TCN1,loso_subject_S018,71,0.00040115294525296325,,0.014477703182233705,,0.00013425421036992097
TCN1_17ad4ddd,TCN1,loso_subject_S018,72,0.000427120388349333,,0.014829812802330792,,0.00012781389883488212
TCN1_17ad4ddd,TCN1,loso_subject_S018,73,0.00038224049137186323,,0.014179116077938972,,0.0001220245676671809
TCN1_17ad4ddd,TCN1,loso_subject_S018,74,0.0003951734525719331,,0.014165669682909523,,0.00011689514359585877
TCN1_17ad4ddd,TCN1,loso_subject_S018,75,0.00036513584023287074,,0.014112910642479246,,0.00011243353582104555
TCN1_17ad4ddd,TCN1,loso_subject_S018,76,0.00037325355462588324,,0.013994598399564536,,0.0001086466238185463
TCN1_17ad4ddd,TCN1,loso_subject_S018,77,0.0003648449838527734,,0.013799499487232046,,0.00010554024673218805
TCN1_17ad4ddd,TCN1,loso_subject_S018,78,0.0003644991655866697,,0.013856561070210055,,0.00010311919437028317
TCN1_17ad4ddd,TCN1,loso_subject_S018,79,0.0003839877465391281,,0.014093427793585767,,0.00010138719982009242
TCN1_17ad4ddd,TCN1,loso_subject_S018,80,0.0003478018458209638,,0.013678412340929983,,0.0001003469336916747
TCN1_17ad4ddd,TCN1,loso_subject_S019,1,0.18403201731681967,,0.2975446498667066,,0.001
TCN1_17ad4ddd,TCN1,loso_subject_S019,2,0.03413365673186227,,0.1392383511801884,,0.0009996530663083252
TCN1_17ad4ddd,TCN1,loso_subject_S019,3,0.020184480708099188,,0.10584924837564258,,0.0009986128001799074
TCN1_17ad4ddd,TCN1,loso_subject_S019,4,0.014491025743542342,,0.0889967126820086,,0.0009968808056297167
TCN1_17ad4ddd,TCN1,loso_subject_S019,5,0.010160015385672046,,0.07445002888397254,,0.0009944597532678117
TCN1_17ad4ddd,TCN1,loso_subject_S019,6,0.00832267039224748,,0.06726073333797072,,0.0009913533761814533
TCN1_17ad4ddd,TCN1,loso_subject_S019,7,0.007041146005871535,,0.0620814399291874,,0.000987566464178954
TCN1_17ad4ddd,TCN1,loso_subject_S019,8,0.005654569140693252,,0.056117639599021045,,0.0009831048564041408
TCN1_17ad4ddd,TCN1,loso_subject_S019,9,0.004825863725606255,,0.05185448866272418,,0.0009779754323328187
TCN1_17ad4ddd,TCN1,loso_subject_S019,10,0.004445958271793316,,0.04879859452500194,,0.0009721861011651174
TCN1_17ad4ddd,TCN1,loso_subject_S019,11,0.0039708216576665786,,0.04614198222900098,,0.0009657457896300785
TCN1_17ad4ddd,TCN1,loso_subject_S019,12,0.00387721500685635,,0.04517252384637263,,0.000958664428221286
TCN1_17ad4ddd,TCN1,loso_subject_S019,13,0.003410064078072527,,0.04240190063958573,,0.000950952935884765
TCN1_17ad4ddd,TCN1,loso_subject_S019,14,0.003370819719016525,,0.04225268631257373,,0.0009426232031827582
TCN1_17ad4ddd,TCN1,loso_subject_S019,15,0.002780809367245098,,0.038837576809329685,,0.0009336880739593409
TCN1_17ad4ddd,TCN1,loso_subject_S019,16,0.002630340009102527,,0.037866321038129175,,0.0009241613255361449
TCN1_17ad4ddd,TCN1,loso_subject_S019,17,0.0022802515607439496,,0.03504733574891608,,0.0009140576474687258
TCN1_17ad4ddd,TCN1,loso_subject_S019,18,0.0022702491745372954,,0.034625867872334445,,0.0009033926188963346
TCN1_17ad4ddd,TCN1,loso_subject_S019,19,0.0021721665815390184,,0.03371105635018863,,0.0008921826845200134
TCN1_17ad4ddd,TCN1,loso_subject_S019,20,0.0021072636079716802,,0.03389087527083158,,0.000880445129246058
TCN1_17ad4ddd,TCN1,loso_subject_S019,21,0.0018636343315537882,,0.03110628778416935,,0.0008681980515339459
TCN1_17ad4ddd,TCN1,loso_subject_S019,22,0.0018600379845218407,,0.030942453056879256,,0.0008554603354898234
TCN1_17ad4ddd,TCN1,loso_subject_S019,23,0.0016647620812746695,,0.029867919082200406,,0.0008422516217485822
TCN1_17ad4ddd,TCN1,loso_subject_S019,24,0.001522509915745217,,0.028076615754903406,,0.0008285922771894248
TCN1_17ad4ddd,TCN1,loso_subject_S019,25,0.0015436476245275495,,0.028467497008618566,,0.0008145033635316124
TCN1_17ad4ddd,TCN1,loso_subject_S019,26,0.00149048497287625,,0.027818496558521078,,0.0008000066048588205
TCN1_17ad4ddd,TCN1,loso_subject_S019,27,0.0013896879620626658,,0.02714370649404523,,0.0007851243541221765
TCN1_17ad4ddd,TCN1,loso_subject_S019,28,0.001392230477743749,,0.026952419877995418,,0.0007698795586736293
TCN1_17ad4ddd,TCN1,loso_subject_S019,29,0.0012552262084713547,,0.025303764355207797,,0.0007542957248827956
TCN1_17ad4ddd,TCN1,loso_subject_S019,30,0.0012020087120462278,,0.025564436677836595,,0.0007383968818918422
TCN1_17ad4ddd,TCN1,loso_subject_S019,31,0.0011533462636693728,,0.02475759728669653,,0.00072220754456429
TCN1_17ad4ddd,TCN1,loso_subject_S019,32,0.001154013186136868,,0.02417351758515102,,0.0007057526756848715
TCN1_17ad4ddd,TCN1,loso_subject_S019,33,0.0010943544887240938,,0.023701593390990986,,0.000689057647468726
TCN1_17ad4ddd,TCN1,loso_subject_S019,34,0.0009726656303584414,,0.022212123262542714,,0.000672148202439283
TCN1_17ad4ddd,TCN1,loso_subject_S019,35,0.0009412480112066411,,0.022590893906254305,,0.0006550504137351571
TCN1_17ad4ddd,TCN1,loso_subject_S019,36,0.0010164984729395862,,0.023314554758500163,,0.0006377906449072574
TCN1_17ad4ddd,TCN1,loso_subject_S019,37,0.000981249685403164,,0.022231369799720443,,0.0006203955092681036
TCN1_17ad4ddd,TCN1,loso_subject_S019,38,0.0009703859392830887,,0.02185148506292275,,0.0006028918288560267
TCN1_17ad4ddd,TCN1,loso_subject_S019,39,0.0009364752879440941,,0.02172329693341054,,0.00058530659307753
TCN1_17ad4ddd,TCN1,loso_subject_S019,40,0.0008674411450059677,,0.02149510632856845,,0.0005676669170915806
TCN1_17ad4ddd,TCN1,loso_subject_S019,41,0.0008672816824172739,,0.021216164757915833,,0.0005499999999999997
TCN1_17ad4ddd,TCN1,loso_subject_S019,42,0.0008430460915210835,,0.02090391367134953,,0.000532333082908419
TCN1_17ad4ddd,TCN1,loso_subject_S019,43,0.0008461187486135417,,0.020486710954630425,,0.0005146934069224697
TCN1_17ad4ddd,TCN1,loso_subject_S019,44,0.0007311227837226041,,0.019586003229983103,,0.000497108171143973
TCN1_17ad4ddd,TCN1,loso_subject_S019,45,0.0007446246023285368,,0.01972437765384166,,0.00047960449073189616
TCN1_17ad4ddd,TCN1,loso_subject_S019,46,0.0008148876778223406,,0.0203768835369904,,0.00046220935509274226
TCN1_17ad4ddd,TCN1,loso_subject_S019,47,0.0007910961503468369,,0.019730576387572318,,0.00044494958626484254
TCN1_17ad4ddd,TCN1,loso_subject_S019,48,0.0007100487378414107,,0.018763795605062937,,0.00042785179756071645
TCN1_17ad4ddd,TCN1,loso_subject_S019,49,0.0006400337720285896,,0.018373217331520617,,0.0004109423525312737
TCN1_17ad4ddd,TCN1,loso_subject_S019,50,0.0006661922580378962,,0.018298494441500984,,0.0003942473243151282
TCN1_17ad4ddd,TCN1,loso_subject_S019,51,0.0006875690272624698,,0.018581745828344133,,0.0003777924554357096
TCN1_17ad4ddd,TCN1,loso_subject_S019,52,0.0006748090842413149,,0.018008315101526385,,0.0003616031181081575
TCN1_17ad4ddd,TCN1,loso_subject_S019,53,0.0006249969005329291,,0.017569707153054014,,0.000345704275117204
TCN1_17ad4ddd,TCN1,loso_subject_S019,54,0.0005923575262615997,,0.01720687706021209,,0.00033012044132637024
TCN1_17ad4ddd,TCN1,loso_subject_S019,55,0.000627635714526144,,0.01770360062191866,,0.00031487564587782306
TCN1_17ad4ddd,TCN1,loso_subject_S019,56,0.0005638987057194767,,0.017247165193429836,,0.00029999339514117897
TCN1_17ad4ddd,TCN1,loso_subject_S019,57,0.0005929125651841812,,0.01698129031203144,,0.0002854966364683872
TCN1_17ad4ddd,TCN1,loso_subject_S019,58,0.000538242246944125,,0.016396312048684553,,0.0002714077228105749
TCN1_17ad4ddd,TCN1,loso_subject_S019,59,0.0005729181341565314,,0.016939089682925495,,0.00025774837825141746
TCN1_17ad4ddd,TCN1,loso_subject_S019,60,0.0005537903593429838,,0.0169392683065534,,0.0002445396645101764
TCN1_17ad4ddd,TCN1,loso_subject_S019,61,0.0005549945339595314,,0.016235116477370838,,0.0002318019484660537
TCN1_17ad4ddd,TCN1,loso_subject_S019,62,0.0005290304099086385,,0.01633543448636085,,0.00021955487075394156
TCN1_17ad4ddd,TCN1,loso_subject_S019,63,0.0004784715489220242,,0.01571999898493613,,0.0002078173154799862
TCN1_17ad4ddd,TCN1,loso_subject_S019,64,0.0005165441355032531,,0.016267262813492018,,0.00019660738110366478
TCN1_17ad4ddd,TCN1,loso_subject_S019,65,0.0004919843386720884,,0.015750593539482324,,0.00018594235253127373
TCN1_17ad4ddd,TCN1,loso_subject_S019,66,0.0004819850853813847,,0.01566740813327705,,0.00017583867446385477
TCN1_17ad4ddd,TCN1,loso_subject_S019,67,0.0004996482591353011,,0.015341501989507978,,0.00016631192604065853
TCN1_17ad4ddd,TCN1,loso_subject_S019,68,0.000486037352811736,,0.015417192757776374,,0.00015737679681724137
TCN1_17ad4ddd,TCN1,loso_subject_S019,69,0.0005014519471868271,,0.015577855472233441,,0.0001490470641152345
TCN1_17ad4ddd,TCN1,loso_subject_S019,70,0.00041867370569234743,,0.014947631426106165,,0.00014133557177871338
TCN1_17ad4ddd,TCN1,loso_subject_S019,71,0.0004538488874135841,,0.015039013254087397,,0.00013425421036992097
TCN1_17ad4ddd,TCN1,loso_subject_S019,72,0.00044025169253784934,,0.015040882469579856,,0.00012781389883488212
TCN1_17ad4ddd,TCN1,loso_subject_S019,73,0.00041949758108260674,,0.014756775148450934,,0.0001220245676671809
TCN1_17ad4ddd,TCN1,loso_subject_S019,74,0.00045677602621336535,,0.015007832501871784,,0.00011689514359585877
TCN1_17ad4ddd,TCN1,loso_subject_S019,75,0.0004190771987066942,,0.014757012558798965,,0.00011243353582104555
TCN1_17ad4ddd,TCN1,loso_subject_S019,76,0.0004638482318927813,,0.01489964309763197,,0.0001086466238185463
TCN1_17ad4ddd,TCN1,loso_subject_S019,77,0.0004411368550690067,,0.014864621295483087,,0.00010554024673218805
TCN1_17ad4ddd,TCN1,loso_subject_S019,78,0.0004258618917150031,,0.014608795311685928,,0.00010311919437028317
TCN1_17ad4ddd,TCN1,loso_subject_S019,79,0.00039924531516850875,,0.014321210750363512,,0.00010138719982009242
TCN1_17ad4ddd,TCN1,loso_subject_S019,80,0.00044708470602712364,,0.01459685466889429,,0.0001003469336916747
