model_id,architecture_id,fold_id,epoch,train_loss,val_loss,train_mae,val_mae,lr
LSTM5_2f9c7d4d,LSTM5,loso_subject_S001,1,0.29691206314925483,,0.3859841707675607,,0.001
LSTM5_2f9c7d4d,LSTM5,loso_subject_S001,2,0.05230073841220606,,0.17026048853245027,,0.001
LSTM5_2f9c7d4d,LSTM5,loso_subject_S001,3,0.03673936171658472,,0.14179045211522792,,0.001
LSTM5_2f9c7d4d,LSTM5,loso_subject_S001,4,0.030356993392803403,,0.12993427450456901,,0.001
LSTM5_2f9c7d4d,LSTM5,loso_subject_S001,5,0.025007020757033295,,0.1178218765503132,,0.001
LSTM5_2f9c7d4d,LSTM5,loso_subject_S001,6,0.02169418166769419,,0.10911045106906124,,0.001
LSTM5_2f9c7d4d,LSTM5,loso_subject_S001,7,0.020568030867005628,,0.1080748523371708,,0.001
LSTM5_2f9c7d4d,LSTM5,loso_subject_S001,8,0.01931812308822733,,0.10297352792031508,,0.001
LSTM5_2f9c7d4d,LSTM5,loso_subject_S001,9,0.01844035065408415,,0.1014826721970953,,0.001
LSTM5_2f9c7d4d,LSTM5,loso_subject_S001,10,0.018407447362044846,,0.10006080093334889,,0.001
LSTM5_2f9c7d4d,LSTM5,loso_subject_S001,11,0.017629515454114314,,0.09840739384595262,,0.001
LSTM5_2f9c7d4d,LSTM5,loso_subject_S001,12,0.01582073407980378,,0.0934294159615977,,0.001
LSTM5_2f9c7d4d,LSTM5,loso_subject_S001,13,0.015074037120251665,,0.09036321429251183,,0.001
LSTM5_2f9c7d4d,LSTM5,loso_subject_S001,14,0.014599191799246573,,0.09041687276076242,,0.001
LSTM5_2f9c7d4d,LSTM5,loso_subject_S001,15,0.014616858864082118,,0.08989805849271482,,0.001
LSTM5_2f9c7d4d,LSTM5,loso_subject_S001,16,0.014121485225583985,,0.08765423380165642,,0.001
LSTM5_2f9c7d4d,LSTM5,loso_subject_S001,17,0.01345519958391625,,0.08715376713002884,,0.001
LSTM5_2f9c7d4d,LSTM5,loso_subject_S001,18,0.013919640550658776,,0.08611946047143876,,0.001
LSTM5_2f9c7d4d,LSTM5,loso_subject_S001,19,0.01409741742093172,,0.08728951171271712,,0.001
LSTM5_2f9c7d4d,LSTM5,loso_subject_S001,20,0.012345028234743191,,0.08224102554197785,,0.001
LSTM5_2f9c7d4d,LSTM5,loso_subject_S001,21,0.013143918490957624,,0.08422712411593362,,0.001
LSTM5_2f9c7d4d,LSTM5,loso_subject_S001,22,0.014179282441398296,,0.0874361080729018,,0.001
LSTM5_2f9c7d4d,LSTM5,loso_subject_S001,23,0.012075912081490779,,0.08024183429274125,,0.001
LSTM5_2f9c7d4d,LSTM5,loso_subject_S001,24,0.012043507789295188,,0.08106847657730729,,0.001
LSTM5_2f9c7d4d,LSTM5,loso_subject_S001,25,0.013432621731306028,,0.08334139690426128,,0.001
LSTM5_2f9c7d4d,LSTM5,loso_subject_S001,26,0.012901994745513264,,0.08396428247877964,,0.001
LSTM5_2f9c7d4d,LSTM5,loso_subject_S001,27,0.012152779220706017,,0.08028513221537913,,0.001
LSTM5_2f9c7d4d,LSTM5,loso_subject_S001,28,0.012375774744348544,,0.08228660458730705,,0.001
LSTM5_2f9c7d4d,LSTM5,loso_subject_S001,29,0.012446832657986852,,0.0814392309662326,,0.001
LSTM5_2f9c7d4d,LSTM5,loso_subject_S001,30,0.012178443532163788,,0.08126074081184423,,0.001
LSTM5_2f9c7d4d,LSTM5,loso_subject_S001,31,0.011941050882263894,,0.07956723793224382,,0.001
LSTM5_2f9c7d4d,LSTM5,loso_subject_S001,32,0.01173152126564835,,0.07938247963359034,,0.001
LSTM5_2f9c7d4d,LSTM5,loso_subject_S001,33,0.01101758629411788,,0.07690590728772743,,0.001
LSTM5_2f9c7d4d,LSTM5,loso_subject_S001,34,0.011094125577420302,,0.07543579029380225,,0.001
LSTM5_2f9c7d4d,LSTM5,loso_subject_S001,35,0.01101385710979884,,0.07601187412452924,,0.001
LSTM5_2f9c7d4d,LSTM5,loso_subject_S001,36,0.011234957811746148,,0.07810244823078905,,0.001
LSTM5_2f9c7d4d,LSTM5,loso_subject_S001,37,0.012635843465636114,,0.08101239679574716,,0.001
LSTM5_2f9c7d4d,LSTM5,loso_subject_S001,38,0.012413828309489228,,0.08053967423880065,,0.001
LSTM5_2f9c7d4d,LSTM5,loso_subject_S001,39,0.011812837136644393,,0.07912978761303653,,0.001
LSTM5_2f9c7d4d,LSTM5,loso_subject_S001,40,0.011489301451949376,,0.07694504718199988,,0.001
LSTM5_2f9c7d4d,LSTM5,loso_subject_S001,41,0.011577847196867231,,0.07780589301226298,,0.001
LSTM5_2f9c7d4d,LSTM5,loso_subject_S001,42,0.011690386714006752,,0.07737580690334071,,0.001
LSTM5_2f9c7d4d,LSTM5,loso_subject_S001,43,0.011299192664207846,,0.07791850169473594,,0.001
LSTM5_2f9c7d4d,LSTM5,loso_subject_S001,44,0.011324447160672426,,0.07701697323668201,,0.001
LSTM5_2f9c7d4d,LSTM5,loso_subject_S001,45,0.010917509460291313,,0.0758174735638395,,0.001
LSTM5_2f9c7d4d,LSTM5,loso_subject_S001,46,0.010973756852487013,,0.07608982554484818,,0.001
LSTM5_2f9c7d4d,LSTM5,loso_subject_S001,47,0.010865197354369796,,0.07557266023937664,,0.001
LSTM5_2f9c7d4d,LSTM5,loso_subject_S001,48,0.011139752646595193,,0.07647243694799247,,0.001
LSTM5_2f9c7d4d,LSTM5,loso_subject_S001,49,0.010744449138139819,,0.07483314918493741,,0.001
LSTM5_2f9c7d4d,LSTM5,loso_subject_S001,50,0.010160057658053858,,0.07291694810844677,,0.001
LSTM5_2f9c7d4d,LSTM5,loso_subject_S001,51,0.010665639969729654,,0.07464316545302636,,0.001
LSTM5_2f9c7d4d,LSTM5,loso_subject_S001,52,0.011225451049185523,,0.07663237872427463,,0.001
LSTM5_2f9c7d4d,LSTM5,loso_subject_S001,53,0.010403237940585366,,0.07497823989895999,,0.001
LSTM5_2f9c7d4d,LSTM5,loso_subject_S001,54,0.010112188459902242,,0.07260411536179497,,0.001
LSTM5_2f9c7d4d,LSTM5,loso_subject_S001,55,0.010907164611737335,,0.07623855756508059,,0.001
LSTM5_2f9c7d4d,LSTM5,loso_subject_S001,56,0.011272810757073985,,0.07646376139046235,,0.001
LSTM5_2f9c7d4d,LSTM5,loso_subject_S001,57,0.011207697109316576,,0.07693308692737971,,0.001
LSTM5_2f9c7d4d,LSTM5,loso_subject_S001,58,0.010132989013293778,,0.07207141109369254,,0.001
LSTM5_2f9c7d4d,LSTM5,loso_subject_S001,59,0.010057789319966997,,0.07300109010608047,,0.001
LSTM5_2f9c7d4d,LSTM5,loso_subject_S001,60,0.010734488873402366,,0.07410736689787302,,0.001
LSTM5_2f9c7d4d,LSTM5,loso_subject_S001,61,0.010010836226951361,,0.07312700842991335,,0.001
LSTM5_2f9c7d4d,LSTM5,loso_subject_S001,62,0.010599029971036376,,0.07390258760984214,,0.001
LSTM5_2f9c7d4d,LSTM5,loso_subject_S001,63,0.010777039842887274,,0.07555601185923841,,0.001
LSTM5_2f9c7d4d,LSTM5,loso_subject_S001,64,0.010491966482721094,,0.0746062898417225,,0.001
LSTM5_2f9c7d4d,LSTM5,loso_subject_S001,65,0.010592065532619533,,0.07448638414720658,,0.001
LSTM5_2f9c7d4d,LSTM5,loso_subject_S001,66,0.011478619726412459,,0.07677112702724026,,0.001
LSTM5_2f9c7d4d,LSTM5,loso_subject_S001,67,0.010101608358727155,,0.07289373518494033,,0.001
LSTM5_2f9c7d4d,LSTM5,loso_subject_S001,68,0.011050972221367788,,0.07560639500876587,,0.001
LSTM5_2f9c7d4d,LSTM5,loso_subject_S001,69,0.01035007521230458,,0.07264743115270009,,0.001
LSTM5_2f9c7d4d,LSTM5,loso_subject_S001,70,0.01020748102966458,,0.07169460795198715,,0.001
LSTM5_2f9c7d4d,LSTM5,loso_subject_S001,71,0.010371227320744048,,0.0723070565247705,,0.001
LSTM5_2f9c7d4d,LSTM5,loso_subject_S001,72,0.010439654670669441,,0.0733297717079908,,0.001
LSTM5_2f9c7d4d,LSTM5,loso_subject_S001,73,0.010691084732359572,,0.07372980254897939,,0.001
LSTM5_2f9c7d4d,LSTM5,loso_subject_S001,74,0.010607672684078792,,0.07417650884416521,,0.001
LSTM5_2f9c7d4d,LSTM5,loso_subject_S001,75,0.009999682098507583,,0.07230316531358817,,0.001
LSTM5_2f9c7d4d,LSTM5,loso_subject_S001,76,0.010400526293156933,,0.07262655461999011,,0.001
LSTM5_2f9c7d4d,LSTM5,loso_subject_S001,77,0.01089480001030746,,0.07438933277463963,,0.001
LSTM5_2f9c7d4d,LSTM5,loso_subject_S001,78,0.011081859960666213,,0.07496623820477086,,0.001
LSTM5_2f9c7d4d,LSTM5,loso_subject_S001,79,0.010516893914517465,,0.07257260293426747,,0.001
LSTM5_2f9c7d4d,LSTM5,loso_subject_S001,80,0.009864713590373702,,0.07158214378491722,,0.001
LSTM5_2f9c7d4d,LSTM5,loso_subject_S002,1,0.28714680581169927,,0.377274046607237,,0.001
LSTM5_2f9c7d4d,LSTM5,loso_subject_S002,2,0.04966635747069594,,0.16601681586677786,,0.001
LSTM5_2f9c7d4d,LSTM5,loso_subject_S002,3,0.036105045296805444,,0.14110594767551246,,0.001
LSTM5_2f9c7d4d,LSTM5,loso_subject_S002,4,0.027607731589140823,,0.12316119485034462,,0.001
LSTM5_2f9c7d4d,LSTM5,loso_subject_S002,5,0.02558091091646821,,0.11852261387281106,,0.001
LSTM5_2f9c7d4d,LSTM5,loso_subject_S002,6,0.02036667521228771,,0.10635263347693169,,0.001
LSTM5_2f9c7d4d,LSTM5,loso_subject_S002,7,0.020085376377705286,,0.1055442801046629,,0.001
LSTM5_2f9c7d4d,LSTM5,loso_subject_S002,8,0.018956059812215858,,0.10402563138052871,,0.001
LSTM5_2f9c7d4d,LSTM5,loso_subject_S002,9,0.017197177686011787,,0.09858114426770226,,0.001
LSTM5_2f9c7d4d,LSTM5,loso_subject_S002,10,0.01679136916586981,,0.09677614752700378,,0.001
LSTM5_2f9c7d4d,LSTM5,loso_subject_S002,11,0.016239378971063746,,0.09326771254955143,,0.001
LSTM5_2f9c7d4d,LSTM5,loso_subject_S002,12,0.015080626929927437,,0.09127800030009732,,0.001
LSTM5_2f9c7d4d,LSTM5,loso_subject_S002,13,0.015376842610670197,,0.09119692872218284,,0.001
LSTM5_2f9c7d4d,LSTM5,loso_subject_S002,14,0.013743620960477248,,0.08652875747931099,,0.001
LSTM5_2f9c7d4d,LSTM5,loso_subject_S002,15,0.014056177615140407,,0.0877036113540076,,0.001
LSTM5_2f9c7d4d,LSTM5,loso_subject_S002,16,0.013562953687761737,,0.08797547346860837,,0.001
LSTM5_2f9c7d4d,LSTM5,loso_subject_S002,17,0.013333817405109388,,0.08639793657580633,,0.001
LSTM5_2f9c7d4d,LSTM5,loso_subject_S002,18,0.013214296513321115,,0.0841807881367792,,0.001
LSTM5_2f9c7d4d,LSTM5,loso_subject_S002,19,0.013072534866859012,,0.0833372320375396,,0.001
LSTM5_2f9c7d4d,LSTM5,loso_subject_S002,20,0.012655920902011817,,0.08367098481091413,,0.001
LSTM5_2f9c7d4d,LSTM5,loso_subject_S002,21,0.014008692568936762,,0.08608724161174065,,0.001
LSTM5_2f9c7d4d,LSTM5,loso_subject_S002,22,0.012440524978803144,,0.08133276096382555,,0.001
LSTM5_2f9c7d4d,LSTM5,loso_subject_S002,23,0.012366333358300148,,0.08187781445783587,,0.001
LSTM5_2f9c7d4d,LSTM5,loso_subject_S002,24,0.012345062310628518,,0.08214588661592642,,0.001
LSTM5_2f9c7d4d,LSTM5,loso_subject_S002,25,0.011877516930691532,,0.08036194383278086,,0.001
LSTM5_2f9c7d4d,LSTM5,loso_subject_S002,26,0.012951794638415556,,0.08308703046771977,,0.001
LSTM5_2f9c7d4d,LSTM5,loso_subject_S002,27,0.012321691732354582,,0.08200342220025064,,0.001
LSTM5_2f9c7d4d,LSTM5,loso_subject_S002,28,0.012253087605465866,,0.08095805263436524,,0.001
LSTM5_2f9c7d4d,LSTM5,loso_subject_S002,29,0.011741089494623517,,0.07968160196062102,,0.001
LSTM5_2f9c7d4d,LSTM5,loso_subject_S002,30,0.011800594131183765,,0.0785964930266732,,0.001
LSTM5_2f9c7d4d,LSTM5,loso_subject_S002,31,0.011668281775762011,,0.07886323032387733,,0.001
LSTM5_2f9c7d4d,LSTM5,loso_subject_S002,32,0.011171659730460066,,0.07715588257839393,,0.001
LSTM5_2f9c7d4d,LSTM5,loso_subject_S002,33,0.010528684424188042,,0.07483450669721516,,0.001
LSTM5_2f9c7d4d,LSTM5,loso_subject_S002,34,0.011125011663662648,,0.07681682727911013,,0.001
LSTM5_2f9c7d4d,LSTM5,loso_subject_S002,35,0.011277554813924747,,0.07759109893121643,,0.001
LSTM5_2f9c7d4d,LSTM5,loso_subject_S002,36,0.010928894113198471,,0.07645716078868713,,0.001
LSTM5_2f9c7d4d,LSTM5,loso_subject_S002,37,0.01091674173585582,,0.07631358738024029,,0.001
LSTM5_2f9c7d4d,LSTM5,loso_subject_S002,38,0.01057097618941071,,0.0757170049236562,,0.001
LSTM5_2f9c7d4d,LSTM5,loso_subject_S002,39,0.011393496970959557,,0.07753344676769862,,0.001
LSTM5_2f9c7d4d,LSTM5,loso_subject_S002,40,0.010972127879833992,,0.07614826984314632,,0.001
LSTM5_2f9c7d4d,LSTM5,loso_subject_S002,41,0.011087837574419663,,0.07691344652323957,,0.001
LSTM5_2f9c7d4d,LSTM5,loso_subject_S002,42,0.011684254147821219,,0.07866399580031809,,0.001
LSTM5_2f9c7d4d,LSTM5,loso_subject_S002,43,0.010882930832515802,,0.07513408919791079,,0.001
LSTM5_2f9c7d4d,LSTM5,loso_subject_S002,44,0.01181637283197158,,0.07927326118924619,,0.001
LSTM5_2f9c7d4d,LSTM5,loso_subject_S002,45,0.010170925318439007,,0.07267804704003053,,0.001
LSTM5_2f9c7d4d,LSTM5,loso_subject_S002,46,0.01040144935063491,,0.07400255511289974,,0.001
LSTM5_2f9c7d4d,LSTM5,loso_subject_S002,47,0.010243823873940027,,0.07253825890585708,,0.001
LSTM5_2f9c7d4d,LSTM5,loso_subject_S002,48,0.010695842384724975,,0.07417006811903448,,0.001
LSTM5_2f9c7d4d,LSTM5,loso_subject_S002,49,0.01105046155629021,,0.07602320786198664,,0.001
LSTM5_2f9c7d4d,LSTM5,loso_subject_S002,50,0.010680040165228307,,0.07485588644189374,,0.001
LSTM5_2f9c7d4d,LSTM5,loso_subject_S002,51,0.011216920832117915,,0.0762130564797596,,0.001
LSTM5_2f9c7d4d,LSTM5,loso_subject_S002,52,0.010556690416431237,,0.07423696445680027,,0.001
LSTM5_2f9c7d4d,LSTM5,loso_subject_S002,53,0.010224316462177058,,0.07355476939592363,,0.001
LSTM5_2f9c7d4d,LSTM5,loso_subject_S002,54,0.010135318875345373,,0.07339320337942493,,0.001
LSTM5_2f9c7d4d,LSTM5,loso_subject_S002,55,0.010769519647911448,,0.07581148319584326,,0.001
LSTM5_2f9c7d4d,LSTM5,loso_subject_S002,56,0.009794280819995263,,0.07109470547632621,,0.001
LSTM5_2f9c7d4d,LSTM5,loso_subject_S002,57,0.010441301273903815,,0.07435957268436025,,0.001
LSTM5_2f9c7d4d,LSTM5,loso_subject_S002,58,0.010050795494352952,,0.07355397428161045,,0.001
LSTM5_2f9c7d4d,LSTM5,loso_subject_S002,59,0.009946483172290459,,0.07166073534146285,,0.001
LSTM5_2f9c7d4d,LSTM5,loso_subject_S002,60,0.010098097655289,,0.07226958074869182,,0.001
LSTM5_2f9c7d4d,LSTM5,loso_subject_S002,61,0.01047793004276721,,0.07308196748481614,,0.001
LSTM5_2f9c7d4d,LSTM5,loso_subject_S002,62,0.01030077976115981,,0.07316465810607993,,0.001
LSTM5_2f9c7d4d,LSTM5,loso_subject_S002,63,0.009708123834787896,,0.07169297040581672,,0.001
LSTM5_2f9c7d4d,LSTM5,loso_subject_S002,64,0.010682045956980173,,0.07471994110990166,,0.001
LSTM5_2f9c7d4d,LSTM5,loso_subject_S002,65,0.010855146598499043,,0.07541725589127674,,0.001
LSTM5_2f9c7d4d,LSTM5,loso_subject_S002,66,0.010323165335655825,,0.07305039217138573,,0.001
LSTM5_2f9c7d4d,LSTM5,loso_subject_S002,67,0.009922579851400947,,0.07237478596316141,,0.001
LSTM5_2f9c7d4d,LSTM5,loso_subject_S002,68,0.010043248514565535,,0.07237220935831955,,0.001
LSTM5_2f9c7d4d,LSTM5,loso_subject_S002,69,0.009499940214408996,,0.07026647173843399,,0.001
LSTM5_2f9c7d4d,LSTM5,loso_subject_S002,70,0.01019377661636638,,0.07206140208187616,,0.001
LSTM5_2f9c7d4d,LSTM5,loso_subject_S002,71,0.010242904030892008,,0.0721260290731805,,0.001
LSTM5_2f9c7d4d,LSTM5,loso_subject_S002,72,0.01033813567574915,,0.07267371541347502,,0.001
LSTM5_2f9c7d4d,LSTM5,loso_subject_S002,73,0.010252460643628027,,0.07232774724174693,,0.001
LSTM5_2f9c7d4d,LSTM5,loso_subject_S002,74,0.009855074745019303,,0.07198930288432466,,0.001
LSTM5_2f9c7d4d,LSTM5,loso_subject_S002,75,0.009149626960202488,,0.06938083103373474,,0.001
LSTM5_2f9c7d4d,LSTM5,loso_subject_S002,76,0.011017996909307097,,0.07505920134900498,,0.001
LSTM5_2f9c7d4d,LSTM5,loso_subject_S002,77,0.00972630050632979,,0.07142670798206673,,0.001
LSTM5_2f9c7d4d,LSTM5,loso_subject_S002,78,0.009998188177102112,,0.07137135406115515,,0.001
LSTM5_2f9c7d4d,LSTM5,loso_subject_S002,79,0.010233778951703491,,0.07301104723962729,,0.001
LSTM5_2f9c7d4d,LSTM5,loso_subject_S002,80,0.00982189234049201,,0.0714336182720007,,0.001
LSTM5_2f9c7d4d,LSTM5,loso_subject_S003,1,0.28692814564183394,,0.37300231437720216,,0.001
LSTM5_2f9c7d4d,LSTM5,loso_subject_S003,2,0.04771043765556089,,0.16214708484793247,,0.001
LSTM5_2f9c7d4d,LSTM5,loso_subject_S003,3,0.03480123213011926,,0.1379785792871118,,0.001
LSTM5_2f9c7d4d,LSTM5,loso_subject_S003,4,0.02700265154834403,,0.12041265269920381,,0.001
LSTM5_2f9c7d4d,LSTM5,loso_subject_S003,5,0.022792250061956582,,0.11276915647845337,,0.001
LSTM5_2f9c7d4d,LSTM5,loso_subject_S003,6,0.021820166817617812,,0.10943553107228256,,0.001
LSTM5_2f9c7d4d,LSTM5,loso_subject_S003,7,0.020342303886889644,,0.10547055395233075,,0.001
LSTM5_2f9c7d4d,LSTM5,loso_subject_S003,8,0.018094049328743162,,0.10011091702770177,,0.001
LSTM5_2f9c7d4d,LSTM5,loso_subject_S003,9,0.017532113683072552,,0.09752868425043053,,0.001
LSTM5_2f9c7d4d,LSTM5,loso_subject_S003,10,0.015575290139178658,,0.09387135644049908,,0.001
LSTM5_2f9c7d4d,LSTM5,loso_subject_S003,11,0.016259428129196007,,0.09397313715035213,,0.001
LSTM5_2f9c7d4d,LSTM5,loso_subject_S003,12,0.01527831880290759,,0.0923628839901616,,0.001
LSTM5_2f9c7d4d,LSTM5,loso_subject_S003,13,0.015591034622711964,,0.09133538497002996,,0.001
LSTM5_2f9c7d4d,LSTM5,loso_subject_S003,14,0.014787566384687516,,0.08964644326871912,,0.001
LSTM5_2f9c7d4d,LSTM5,loso_subject_S003,15,0.014225813228750958,,0.08750717055954348,,0.001
LSTM5_2f9c7d4d,LSTM5,loso_subject_S003,16,0.015161240493385816,,0.0899621593059549,,0.001
LSTM5_2f9c7d4d,LSTM5,loso_subject_S003,17,0.013222330041385694,,0.08485221571648434,,0.001
LSTM5_2f9c7d4d,LSTM5,loso_subject_S003,18,0.013486799900482498,,0.08441386591809064,,0.001
LSTM5_2f9c7d4d,LSTM5,loso_subject_S003,19,0.012571632633634587,,0.08225785805311372,,0.001
LSTM5_2f9c7d4d,LSTM5,loso_subject_S003,20,0.014565196202471013,,0.08751013783425077,,0.001
LSTM5_2f9c7d4d,LSTM5,loso_subject_S003,21,0.012380711648061319,,0.08172558835131215,,0.001
LSTM5_2f9c7d4d,LSTM5,loso_subject_S003,22,0.013002674133325384,,0.08266235933195694,,0.001
LSTM5_2f9c7d4d,LSTM5,loso_subject_S003,23,0.011916560251855652,,0.08003906542520273,,0.001
LSTM5_2f9c7d4d,LSTM5,loso_subject_S003,24,0.011928399618849022,,0.0796096454815908,,0.001
LSTM5_2f9c7d4d,LSTM5,loso_subject_S003,25,0.01192570887895934,,0.08043159619253679,,0.001
LSTM5_2f9c7d4d,LSTM5,loso_subject_S003,26,0.012372226171871378,,0.08058851788953243,,0.001
LSTM5_2f9c7d4d,LSTM5,loso_subject_S003,27,0.011785925158274011,,0.07861954533663477,,0.001
LSTM5_2f9c7d4d,LSTM5,loso_subject_S003,28,0.011603271292239604,,0.07927433704488455,,0.001
LSTM5_2f9c7d4d,LSTM5,loso_subject_S003,29,0.012547706437541618,,0.08063864342416414,,0.001
LSTM5_2f9c7d4d,LSTM5,loso_subject_S003,30,0.012773988050595125,,0.0827091101375051,,0.001
LSTM5_2f9c7d4d,LSTM5,loso_subject_S003,31,0.011545376764671399,,0.07816641807348192,,0.001
LSTM5_2f9c7d4d,LSTM5,loso_subject_S003,32,0.012142940947782973,,0.07936855810691897,,0.001
LSTM5_2f9c7d4d,LSTM5,loso_subject_S003,33,0.011626117520826162,,0.07829202071304163,,0.001
LSTM5_2f9c7d4d,LSTM5,loso_subject_S003,34,0.010845302386430326,,0.07576437747596862,,0.001
LSTM5_2f9c7d4d,LSTM5,loso_subject_S003,35,0.011273659074102127,,0.07681153669465439,,0.001
LSTM5_2f9c7d4d,LSTM5,loso_subject_S003,36,0.011798062769199211,,0.07825048886923398,,0.001
LSTM5_2f9c7d4d,LSTM5,loso_subject_S003,37,0.011445628081198924,,0.07891881562293504,,0.001
LSTM5_2f9c7d4d,LSTM5,loso_subject_S003,38,0.01144811203048409,,0.07747510462295477,,0.001
LSTM5_2f9c7d4d,LSTM5,loso_subject_S003,39,0.010937013338663391,,0.07562489924383496,,0.001
LSTM5_2f9c7d4d,LSTM5,loso_subject_S003,40,0.01067289947549614,,0.07551711416186918,,0.001
LSTM5_2f9c7d4d,LSTM5,loso_subject_S003,41,0.010759744036070886,,0.07501330007501526,,0.001
LSTM5_2f9c7d4d,LSTM5,loso_subject_S003,42,0.011207002987190321,,0.07604225501578084,,0.001
LSTM5_2f9c7d4d,LSTM5,loso_subject_S003,43,0.010609482182564751,,0.07561150628731446,,0.001
LSTM5_2f9c7d4d,LSTM5,loso_subject_S003,44,0.010868703922975691,,0.07457742356943688,,0.001
LSTM5_2f9c7d4d,LSTM5,loso_subject_S003,45,0.010000336248631591,,0.07237067998607377,,0.001
LSTM5_2f9c7d4d,LSTM5,loso_subject_S003,46,0.01091024923271795,,0.0748782081792448,,0.001
LSTM5_2f9c7d4d,LSTM5,loso_subject_S003,47,0.010766063351933986,,0.07428817383213128,,0.001
LSTM5_2f9c7d4d,LSTM5,loso_subject_S003,48,0.0101602006347683,,0.07225637283862053,,0.001
LSTM5_2f9c7d4d,LSTM5,loso_subject_S003,49,0.010405797117164281,,0.07343521384073404,,0.001
LSTM5_2f9c7d4d,LSTM5,loso_subject_S003,50,0.010541013310504933,,0.07667232550364697,,0.001
LSTM5_2f9c7d4d,LSTM5,loso_subject_S003,51,0.011200546203516083,,0.07633791149254454,,0.001
LSTM5_2f9c7d4d,LSTM5,loso_subject_S003,52,0.010972096932171112,,0.07521704810916961,,0.001
LSTM5_2f9c7d4d,LSTM5,loso_subject_S003,53,0.009985834900019825,,0.07080504981679937,,0.001
LSTM5_2f9c7d4d,LSTM5,loso_subject_S003,54,0.011063347522732244,,0.07452656984953104,,0.001
LSTM5_2f9c7d4d,LSTM5,loso_subject_S003,55,0.010120914696595295,,0.07234381721967405,,0.001
LSTM5_2f9c7d4d,LSTM5,loso_subject_S003,56,0.011128456978416305,,0.07589371591582454,,0.001
LSTM5_2f9c7d4d,LSTM5,loso_subject_S003,57,0.011017320628647386,,0.07482551043064314,,0.001
LSTM5_2f9c7d4d,LSTM5,loso_subject_S003,58,0.01066427070185566,,0.07365592595907673,,0.001
LSTM5_2f9c7d4d,LSTM5,loso_subject_S003,59,0.010925374169280563,,0.07493833618431532,,0.001
LSTM5_2f9c7d4d,LSTM5,loso_subject_S003,60,0.010813838198143135,,0.07514060845361624,,0.001
LSTM5_2f9c7d4d,LSTM5,loso_subject_S003,61,0.01043423062807296,,0.07281162977314609,,0.001
LSTM5_2f9c7d4d,LSTM5,loso_subject_S003,62,0.009946699254714668,,0.07186779263466836,,0.001
LSTM5_2f9c7d4d,LSTM5,loso_subject_S003,63,0.010459924307194404,,0.07461063983743701,,0.001
LSTM5_2f9c7d4d,LSTM5,loso_subject_S003,64,0.010186672211193263,,0.07347121295657646,,0.001
LSTM5_2f9c7d4d,LSTM5,loso_subject_S003,65,0.009907155857464949,,0.07169373014714855,,0.001
LSTM5_2f9c7d4d,LSTM5,loso_subject_S003,66,0.010014961041476112,,0.07171762550886575,,0.001
LSTM5_2f9c7d4d,LSTM5,loso_subject_S003,67,0.010870714059276521,,0.07313694608944178,,0.001
LSTM5_2f9c7d4d,LSTM5,loso_subject_S003,68,0.0108258834430399,,0.07439447059963444,,0.001
LSTM5_2f9c7d4d,LSTM5,loso_subject_S003,69,0.010344192166215332,,0.07209870622753776,,0.001
LSTM5_2f9c7d4d,LSTM5,loso_subject_S003,70,0.010223684928435442,,0.07283171228324606,,0.001
LSTM5_2f9c7d4d,LSTM5,loso_subject_S003,71,0.01051990036621202,,0.07334502847186353,,0.001
LSTM5_2f9c7d4d,LSTM5,loso_subject_S003,72,0.009832600680276376,,0.07085359518246759,,0.001
LSTM5_2f9c7d4d,LSTM5,loso_subject_S003,73,0.009741159024489899,,0.07056753841287272,,0.001
LSTM5_2f9c7d4d,LSTM5,loso_subject_S003,74,0.010618843353926832,,0.07525818413838352,,0.001
LSTM5_2f9c7d4d,LSTM5,loso_subject_S003,75,0.009743216980180703,,0.07095774379521369,,0.001
LSTM5_2f9c7d4d,LSTM5,loso_subject_S003,76,0.009491519642802844,,0.0698540070210646,,0.001
LSTM5_2f9c7d4d,LSTM5,loso_subject_S003,77,0.010090648403098298,,0.0718327248673956,,0.001
LSTM5_2f9c7d4d,LSTM5,loso_subject_S003,78,0.009973637642207897,,0.07150985530897039,,0.001
LSTM5_2f9c7d4d,LSTM5,loso_subject_S003,79,0.010736006610015517,,0.07455441088756118,,0.001
LSTM5_2f9c7d4d,LSTM5,loso_subject_S003,80,0.01100461777790549,,0.07439259822033965,,0.001
LSTM5_2f9c7d4d,LSTM5,loso_subject_S004,1,0.30818892964598377,,0.39228098318769494,,0.001
LSTM5_2f9c7d4d,LSTM5,loso_subject_S004,2,0.04959652210296493,,0.1665637017204384,,0.001
LSTM5_2f9c7d4d,LSTM5,loso_subject_S004,3,0.03355645039305187,,0.13517346236015088,,0.001
LSTM5_2f9c7d4d,LSTM5,loso_subject_S004,4,0.026231483618129818,,0.12213624248763495,,0.001
LSTM5_2f9c7d4d,LSTM5,loso_subject_S004,5,0.02352092161595729,,0.11468161815686526,,0.001
LSTM5_2f9c7d4d,LSTM5,loso_subject_S004,6,0.022178830651062853,,0.1130266983611252,,0.001
LSTM5_2f9c7d4d,LSTM5,loso_subject_S004,7,0.019295513440426577,,0.10417741954157342,,0.001
LSTM5_2f9c7d4d,LSTM5,loso_subject_S004,8,0.018857622328446396,,0.10297035730811567,,0.001
LSTM5_2f9c7d4d,LSTM5,loso_subject_S004,9,0.016765446174652223,,0.09811497780547535,,0.001
LSTM5_2f9c7d4d,LSTM5,loso_subject_S004,10,0.01661312870687057,,0.09656440743850916,,0.001
LSTM5_2f9c7d4d,LSTM5,loso_subject_S004,11,0.016509099026649935,,0.09599694792203377,,0.001
LSTM5_2f9c7d4d,LSTM5,loso_subject_S004,12,0.014925253678285396,,0.09104913954060113,,0.001
LSTM5_2f9c7d4d,LSTM5,loso_subject_S004,13,0.015274450096347182,,0.09185457119192536,,0.001
LSTM5_2f9c7d4d,LSTM5,loso_subject_S004,14,0.013775933199419537,,0.08772053170575056,,0.001
LSTM5_2f9c7d4d,LSTM5,loso_subject_S004,15,0.013944076341950797,,0.08729742783278789,,0.001
LSTM5_2f9c7d4d,LSTM5,loso_subject_S004,16,0.014016711909353748,,0.08903941470363053,,0.001
LSTM5_2f9c7d4d,LSTM5,loso_subject_S004,17,0.013755248932626215,,0.08705557102331228,,0.001
LSTM5_2f9c7d4d,LSTM5,loso_subject_S004,18,0.013952723145917762,,0.08760717667768145,,0.001
LSTM5_2f9c7d4d,LSTM5,loso_subject_S004,19,0.014016271027306654,,0.08692276254469437,,0.001
LSTM5_2f9c7d4d,LSTM5,loso_subject_S004,20,0.012760066580466913,,0.08386051589793823,,0.001
LSTM5_2f9c7d4d,LSTM5,loso_subject_S004,21,0.012864445049768728,,0.08342225386203489,,0.001
LSTM5_2f9c7d4d,LSTM5,loso_subject_S004,22,0.013097682909108458,,0.08323541822442397,,0.001
LSTM5_2f9c7d4d,LSTM5,loso_subject_S004,23,0.013526812466541957,,0.0854681314188259,,0.001
LSTM5_2f9c7d4d,LSTM5,loso_subject_S004,24,0.012871210450600384,,0.0844539700688209,,0.001
LSTM5_2f9c7d4d,LSTM5,loso_subject_S004,25,0.012941526753066616,,0.08333337897944136,,0.001
LSTM5_2f9c7d4d,LSTM5,loso_subject_S004,26,0.012075376409528455,,0.07981689467452892,,0.001
LSTM5_2f9c7d4d,LSTM5,loso_subject_S004,27,0.012084568301713531,,0.08069812287517583,,0.001
LSTM5_2f9c7d4d,LSTM5,loso_subject_S004,28,0.011044163137252075,,0.07801666347756732,,0.001
LSTM5_2f9c7d4d,LSTM5,loso_subject_S004,29,0.011724722857704628,,0.07855892794390935,,0.001
LSTM5_2f9c7d4d,LSTM5,loso_subject_S004,30,0.010952002886348983,,0.07602259845480326,,0.001
LSTM5_2f9c7d4d,LSTM5,loso_subject_S004,31,0.01122800923841593,,0.07757192518270635,,0.001
LSTM5_2f9c7d4d,LSTM5,loso_subject_S004,32,0.011756697781922634,,0.0788315031076321,,0.001
LSTM5_2f9c7d4d,LSTM5,loso_subject_S004,33,0.01223287736603126,,0.08090126157391758,,0.001
LSTM5_2f9c7d4d,LSTM5,loso_subject_S004,34,0.011384944660887757,,0.07878572124436693,,0.001
LSTM5_2f9c7d4d,LSTM5,loso_subject_S004,35,0.011056364088790795,,0.07636625937234515,,0.001
LSTM5_2f9c7d4d,LSTM5,loso_subject_S004,36,0.011145706297413741,,0.07591776502492537,,0.001
LSTM5_2f9c7d4d,LSTM5,loso_subject_S004,37,0.01124992763146031,,0.07700986513257672,,0.001
LSTM5_2f9c7d4d,LSTM5,loso_subject_S004,38,0.011438617727094277,,0.07752749135897137,,0.001
LSTM5_2f9c7d4d,LSTM5,loso_subject_S004,39,0.011197201907153804,,0.07681574301759063,,0.001
LSTM5_2f9c7d4d,LSTM5,loso_subject_S004,40,0.01066452572533412,,0.07585813847855945,,0.001
LSTM5_2f9c7d4d,LSTM5,loso_subject_S004,41,0.01185446785555625,,0.0792608568076936,,0.001
LSTM5_2f9c7d4d,LSTM5,loso_subject_S004,42,0.011123642920072292,,0.0769968203009483,,0.001
LSTM5_2f9c7d4d,LSTM5,loso_subject_S004,43,0.011535189454048187,,0.07804461605529467,,0.001
LSTM5_2f9c7d4d,LSTM5,loso_subject_S004,44,0.010336728409228939,,0.07273530935266977,,0.001
LSTM5_2f9c7d4d,LSTM5,loso_subject_S004,45,0.011310146903686981,,0.07617727289274008,,0.001
LSTM5_2f9c7d4d,LSTM5,loso_subject_S004,46,0.010993674958474394,,0.07600186489139636,,0.001
LSTM5_2f9c7d4d,LSTM5,loso_subject_S004,47,0.011900097755015496,,0.07919006173905556,,0.001
LSTM5_2f9c7d4d,LSTM5,loso_subject_S004,48,0.010025386654538853,,0.07380554467639719,,0.001
LSTM5_2f9c7d4d,LSTM5,loso_subject_S004,49,0.010901186397126516,,0.07626795362447418,,0.001
LSTM5_2f9c7d4d,LSTM5,loso_subject_S004,50,0.011704417061481,,0.0773897178195996,,0.001
LSTM5_2f9c7d4d,LSTM5,loso_subject_S004,51,0.010640393539093553,,0.07408048902375428,,0.001
LSTM5_2f9c7d4d,LSTM5,loso_subject_S004,52,0.010270448095217374,,0.07258351466320542,,0.001
LSTM5_2f9c7d4d,LSTM5,loso_subject_S004,53,0.010092466077826226,,0.07206485368524938,,0.001
LSTM5_2f9c7d4d,LSTM5,loso_subject_S004,54,0.010863012491621745,,0.07501023186559737,,0.001
LSTM5_2f9c7d4d,LSTM5,loso_subject_S004,55,0.01066544196255103,,0.07457732549093504,,0.001
LSTM5_2f9c7d4d,LSTM5,loso_subject_S004,56,0.010604569280129084,,0.07451929836665018,,0.001
LSTM5_2f9c7d4d,LSTM5,loso_subject_S004,57,0.011301542334345124,,0.07510767819774943,,0.001
LSTM5_2f9c7d4d,LSTM5,loso_subject_S004,58,0.009868552993426113,,0.07238747609171824,,0.001
LSTM5_2f9c7d4d,LSTM5,loso_subject_S004,59,0.011156842844037009,,0.07665091837842182,,0.001
LSTM5_2f9c7d4d,LSTM5,loso_subject_S004,60,0.01060391783237211,,0.0749052990754076,,0.001
LSTM5_2f9c7d4d,LSTM5,loso_subject_S004,61,0.00985906757399913,,0.07221537109934757,,0.001
LSTM5_2f9c7d4d,LSTM5,loso_subject_S004,62,0.010288442123494706,,0.07287582711035541,,0.001
LSTM5_2f9c7d4d,LSTM5,loso_subject_S004,63,0.010139213454963247,,0.07307703145235016,,0.001
LSTM5_2f9c7d4d,LSTM5,loso_subject_S004,64,0.010141668726721134,,0.0718434036255129,,0.001
LSTM5_2f9c7d4d,LSTM5,loso_subject_S004,65,0.010413029910445891,,0.07425605798687948,,0.001
LSTM5_2f9c7d4d,LSTM5,loso_subject_S004,66,0.010992508111562481,,0.07456445883456478,,0.001
LSTM5_2f9c7d4d,LSTM5,loso_subject_S004,67,0.01020424788889422,,0.07393203934680083,,0.001
LSTM5_2f9c7d4d,LSTM5,loso_subject_S004,68,0.00986132240598589,,0.0720044802552103,,0.001
LSTM5_2f9c7d4d,LSTM5,loso_subject_S004,69,0.009501739979807933,,0.07090061336078601,,0.001
LSTM5_2f9c7d4d,LSTM5,loso_subject_S004,70,0.010439577146695161,,0.07349093262997826,,0.001
LSTM5_2f9c7d4d,LSTM5,loso_subject_S004,71,0.01071295413659227,,0.07332616140491242,,0.001
LSTM5_2f9c7d4d,LSTM5,loso_subject_S004,72,0.011281298573030047,,0.07547345450458187,,0.001
LSTM5_2f9c7d4d,LSTM5,loso_subject_S004,73,0.009924688779265882,,0.07208083859331504,,0.001
LSTM5_2f9c7d4d,LSTM5,loso_subject_S004,74,0.010499558450253533,,0.07396232039544307,,0.001
LSTM5_2f9c7d4d,LSTM5,loso_subject_S004,75,0.00988606481122518,,0.07196083926328109,,0.001
LSTM5_2f9c7d4d,LSTM5,loso_subject_S004,76,0.010944279055275829,,0.07626435912620366,,0.001
LSTM5_2f9c7d4d,LSTM5,loso_subject_S004,77,0.009540458875420927,,0.07021615644611501,,0.001
LSTM5_2f9c7d4d,LSTM5,loso_subject_S004,78,0.010142364009941637,,0.0713376257171349,,0.001
LSTM5_2f9c7d4d,LSTM5,loso_subject_S004,79,0.009979131313176955,,0.07170898381119516,,0.001
LSTM5_2f9c7d4d,LSTM5,loso_subject_S004,80,0.010338987601575172,,0.07233826009657165,,0.001
LSTM5_2f9c7d4d,LSTM5,loso_subject_S005,1,0.2986930401685912,,0.38843115630587455,,0.001
LSTM5_2f9c7d4d,LSTM5,loso_subject_S005,2,0.05832811524213164,,0.17686145313436852,,0.001
LSTM5_2f9c7d4d,LSTM5,loso_subject_S005,3,0.037093299727505614,,0.14294170808363327,,0.001
LSTM5_2f9c7d4d,LSTM5,loso_subject_S005,4,0.03313830701293879,,0.13411930543945694,,0.001
LSTM5_2f9c7d4d,LSTM5,loso_subject_S005,5,0.025456683997360903,,0.11806693502288747,,0.001
LSTM5_2f9c7d4d,LSTM5,loso_subject_S005,6,0.022353828022060918,,0.11136576611350624,,0.001
LSTM5_2f9c7d4d,LSTM5,loso_subject_S005,7,0.020604666486023847,,0.10824734188913826,,0.001
LSTM5_2f9c7d4d,LSTM5,loso_subject_S005,8,0.02203813483074004,,0.1088568232648116,,0.001
LSTM5_2f9c7d4d,LSTM5,loso_subject_S005,9,0.01805847208268095,,0.10037336479581811,,0.001
LSTM5_2f9c7d4d,LSTM5,loso_subject_S005,10,0.01855538495838705,,0.10020989467900003,,0.001
LSTM5_2f9c7d4d,LSTM5,loso_subject_S005,11,0.01714671036158091,,0.09721207372396909,,0.001
LSTM5_2f9c7d4d,LSTM5,loso_subject_S005,12,0.015439622153431233,,0.092206286949728,,0.001
LSTM5_2f9c7d4d,LSTM5,loso_subject_S005,13,0.015644915587596616,,0.09327435563718696,,0.001
LSTM5_2f9c7d4d,LSTM5,loso_subject_S005,14,0.014423635499086354,,0.08845546751962204,,0.001
LSTM5_2f9c7d4d,LSTM5,loso_subject_S005,15,0.015930018440200297,,0.09179951421989395,,0.001
LSTM5_2f9c7d4d,LSTM5,loso_subject_S005,16,0.015314128617387826,,0.09130742341965728,,0.001
LSTM5_2f9c7d4d,LSTM5,loso_subject_S005,17,0.015484810022046581,,0.09100321600106745,,0.001
LSTM5_2f9c7d4d,LSTM5,loso_subject_S005,18,0.013509802618924862,,0.08704052544505594,,0.001
LSTM5_2f9c7d4d,LSTM5,loso_subject_S005,19,0.013010049657539002,,0.08330604422387229,,0.001
LSTM5_2f9c7d4d,LSTM5,loso_subject_S005,20,0.013564751306891094,,0.08431991476627672,,0.001
LSTM5_2f9c7d4d,LSTM5,loso_subject_S005,21,0.014190677556617412,,0.08652114250008248,,0.001
LSTM5_2f9c7d4d,LSTM5,loso_subject_S005,22,0.01309204353494986,,0.08475248392644745,,0.001
LSTM5_2f9c7d4d,LSTM5,loso_subject_S005,23,0.016181652005641166,,0.09107845647349713,,0.001
LSTM5_2f9c7d4d,LSTM5,loso_subject_S005,24,0.012638096877901364,,0.08193204051026022,,0.001
LSTM5_2f9c7d4d,LSTM5,loso_subject_S005,25,0.012650834060259531,,0.08078687387786823,,0.001
LSTM5_2f9c7d4d,LSTM5,loso_subject_S005,26,0.012098901888369899,,0.08060414337668113,,0.001
LSTM5_2f9c7d4d,LSTM5,loso_subject_S005,27,0.012386498897462291,,0.08108808152738213,,0.001
LSTM5_2f9c7d4d,LSTM5,loso_subject_S005,28,0.01201073829645251,,0.08044340779733418,,0.001
LSTM5_2f9c7d4d,LSTM5,loso_subject_S005,29,0.011893451397096124,,0.07956192445397156,,0.001
LSTM5_2f9c7d4d,LSTM5,loso_subject_S005,30,0.012925565424302572,,0.08187163334474838,,0.001
LSTM5_2f9c7d4d,LSTM5,loso_subject_S005,31,0.011844051061397631,,0.07946964990592956,,0.001
LSTM5_2f9c7d4d,LSTM5,loso_subject_S005,32,0.011713399707511634,,0.07899548249509844,,0.001
LSTM5_2f9c7d4d,LSTM5,loso_subject_S005,33,0.012303212812750215,,0.07927469486906175,,0.001
LSTM5_2f9c7d4d,LSTM5,loso_subject_S005,34,0.011240260700427471,,0.07807401879829756,,0.001
LSTM5_2f9c7d4d,LSTM5,loso_subject_S005,35,0.011542497938501317,,0.07934213889414468,,0.001
LSTM5_2f9c7d4d,LSTM5,loso_subject_S005,36,0.011946825316868952,,0.07792499484491866,,0.001
LSTM5_2f9c7d4d,LSTM5,loso_subject_S005,37,0.011871522344713866,,0.07819813009301244,,0.001
LSTM5_2f9c7d4d,LSTM5,loso_subject_S005,38,0.011737869174584956,,0.07884599262918943,,0.001
LSTM5_2f9c7d4d,LSTM5,loso_subject_S005,39,0.011824977531717807,,0.07834393323192959,,0.001
LSTM5_2f9c7d4d,LSTM5,loso_subject_S005,40,0.011539961873728332,,0.07863225129129268,,0.001
LSTM5_2f9c7d4d,LSTM5,loso_subject_S005,41,0.011754714137771337,,0.07816226995793703,,0.001
LSTM5_2f9c7d4d,LSTM5,loso_subject_S005,42,0.012362262348013126,,0.07926203983426251,,0.001
LSTM5_2f9c7d4d,LSTM5,loso_subject_S005,43,0.011692446473019365,,0.07800654992086803,,0.001
LSTM5_2f9c7d4d,LSTM5,loso_subject_S005,44,0.011743486614435264,,0.07684212700773944,,0.001
LSTM5_2f9c7d4d,LSTM5,loso_subject_S005,45,0.010776028342626809,,0.07540909267806307,,0.001
LSTM5_2f9c7d4d,LSTM5,loso_subject_S005,46,0.010311284103731068,,0.07322607619583969,,0.001
LSTM5_2f9c7d4d,LSTM5,loso_subject_S005,47,0.011375723976186946,,0.0790684575190843,,0.001
LSTM5_2f9c7d4d,LSTM5,loso_subject_S005,48,0.011608932319761536,,0.0783963427371258,,0.001
LSTM5_2f9c7d4d,LSTM5,loso_subject_S005,49,0.010846591215896971,,0.07527790130903027,,0.001
LSTM5_2f9c7d4d,LSTM5,loso_subject_S005,50,0.012545141996655695,,0.07897074724143853,,0.001
LSTM5_2f9c7d4d,LSTM5,loso_subject_S005,51,0.012001295393028391,,0.07903947578917984,,0.001
LSTM5_2f9c7d4d,LSTM5,loso_subject_S005,52,0.010645860846257106,,0.07499531108104687,,0.001
LSTM5_2f9c7d4d,LSTM5,loso_subject_S005,53,0.010764721618662052,,0.07552710958160175,,0.001
LSTM5_2f9c7d4d,LSTM5,loso_subject_S005,54,0.009753704377955244,,0.07215080249643742,,0.001
LSTM5_2f9c7d4d,LSTM5,loso_subject_S005,55,0.011103199887503488,,0.07506028536773175,,0.001
LSTM5_2f9c7d4d,LSTM5,loso_subject_S005,56,0.01044933063649794,,0.07233532495388781,,0.001
LSTM5_2f9c7d4d,LSTM5,loso_subject_S005,57,0.01164881827918622,,0.07819515087165646,,0.001
LSTM5_2f9c7d4d,LSTM5,loso_subject_S005,58,0.0098784086672568,,0.07251647026375374,,0.001
LSTM5_2f9c7d4d,LSTM5,loso_subject_S005,59,0.010173478805802662,,0.0721274804766296,,0.001
LSTM5_2f9c7d4d,LSTM5,loso_subject_S005,60,0.010207449684682637,,0.0733586790863325,,0.001
LSTM5_2f9c7d4d,LSTM5,loso_subject_S005,61,0.010023127435353092,,0.07290410268554232,,0.001
LSTM5_2f9c7d4d,LSTM5,loso_subject_S005,62,0.010538681064178407,,0.07427015298023264,,0.001
LSTM5_2f9c7d4d,LSTM5,loso_subject_S005,63,0.011615928971802008,,0.07672824133734354,,0.001
LSTM5_2f9c7d4d,LSTM5,loso_subject_S005,64,0.009990765365110097,,0.07227601478242332,,0.001
LSTM5_2f9c7d4d,LSTM5,loso_subject_S005,65,0.010809483769684991,,0.07527172130366792,,0.001
LSTM5_2f9c7d4d,LSTM5,loso_subject_S005,66,0.010889221843050266,,0.07535296552626111,,0.001
LSTM5_2f9c7d4d,LSTM5,loso_subject_S005,67,0.010863771166896788,,0.07409531480458577,,0.001
LSTM5_2f9c7d4d,LSTM5,loso_subject_S005,68,0.010127902706960377,,0.07265993603769984,,0.001
LSTM5_2f9c7d4d,LSTM5,loso_subject_S005,69,0.011027156088020405,,0.07502395615939329,,0.001
LSTM5_2f9c7d4d,LSTM5,loso_subject_S005,70,0.010223007891274184,,0.07328570508554527,,0.001
LSTM5_2f9c7d4d,LSTM5,loso_subject_S005,71,0.01096609887413048,,0.07470274230091385,,0.001
LSTM5_2f9c7d4d,LSTM5,loso_subject_S005,72,0.010219582643963868,,0.07162511760368451,,0.001
LSTM5_2f9c7d4d,LSTM5,loso_subject_S005,73,0.01118534111462906,,0.07609383184911081,,0.001
LSTM5_2f9c7d4d,LSTM5,loso_subject_S005,74,0.010453967920979162,,0.07351264023857279,,0.001
LSTM5_2f9c7d4d,LSTM5,loso_subject_S005,75,0.010100512231580165,,0.07220354180854958,,0.001
LSTM5_2f9c7d4d,LSTM5,loso_subject_S005,76,0.010560791930383284,,0.07389141529152174,,0.001
LSTM5_2f9c7d4d,LSTM5,loso_subject_S005,77,0.010491821480901648,,0.07301373993379355,,0.001
LSTM5_2f9c7d4d,LSTM5,loso_subject_S005,78,0.010151659787421432,,0.07329064579244582,,0.001
LSTM5_2f9c7d4d,LSTM5,loso_subject_S005,79,0.010381765199686737,,0.07247663690508815,,0.001
LSTM5_2f9c7d4d,LSTM5,loso_subject_S005,80,0.010190800690018004,,0.07119862039772268,,0.001
LSTM5_2f9c7d4d,LSTM5,loso_subject_S006,1,0.30073494940507606,,0.3883608877658844,,0.001
LSTM5_2f9c7d4d,LSTM5,loso_subject_S006,2,0.05597874131359038,,0.17467034644767887,,0.001
LSTM5_2f9c7d4d,LSTM5,loso_subject_S006,3,0.03923834970251459,,0.14575276780323904,,0.001
LSTM5_2f9c7d4d,LSTM5,loso_subject_S006,4,0.032928042419132636,,0.133922135732213,,0.001
LSTM5_2f9c7d4d,LSTM5,loso_subject_S006,5,0.02834155434956316,,0.1231347407962455,,0.001
LSTM5_2f9c7d4d,LSTM5,loso_subject_S006,6,0.023633878769688917,,0.1143029019480846,,0.001
LSTM5_2f9c7d4d,LSTM5,loso_subject_S006,7,0.022120213502498924,,0.10926303853754138,,0.001
LSTM5_2f9c7d4d,LSTM5,loso_subject_S006,8,0.01987269326861276,,0.10537193910997422,,0.001
LSTM5_2f9c7d4d,LSTM5,loso_subject_S006,9,0.019799054462890157,,0.10497424507238826,,0.001
LSTM5_2f9c7d4d,LSTM5,loso_subject_S006,10,0.018250182316806474,,0.09964432029939088,,0.001
LSTM5_2f9c7d4d,LSTM5,loso_subject_S006,11,0.016594736897920976,,0.09609455920633722,,0.001
LSTM5_2f9c7d4d,LSTM5,loso_subject_S006,12,0.015550333853872096,,0.09316530530569983,,0.001
LSTM5_2f9c7d4d,LSTM5,loso_subject_S006,13,0.015919784022892108,,0.09375476751659738,,0.001
LSTM5_2f9c7d4d,LSTM5,loso_subject_S006,14,0.014796437695622444,,0.09051205950682281,,0.001
LSTM5_2f9c7d4d,LSTM5,loso_subject_S006,15,0.014551468949276404,,0.08969139588660881,,0.001
LSTM5_2f9c7d4d,LSTM5,loso_subject_S006,16,0.014426535728280662,,0.08928247895397123,,0.001
LSTM5_2f9c7d4d,LSTM5,loso_subject_S006,17,0.014059639688520158,,0.08785241402563501,,0.001
LSTM5_2f9c7d4d,LSTM5,loso_subject_S006,18,0.014557805507764464,,0.08860835872712683,,0.001
LSTM5_2f9c7d4d,LSTM5,loso_subject_S006,19,0.013547664798307614,,0.0849700366131595,,0.001
LSTM5_2f9c7d4d,LSTM5,loso_subject_S006,20,0.013574266752808309,,0.0859001882252146,,0.001
LSTM5_2f9c7d4d,LSTM5,loso_subject_S006,21,0.013791743123934407,,0.0864841565489769,,0.001
LSTM5_2f9c7d4d,LSTM5,loso_subject_S006,22,0.012797234793666934,,0.0832437090575695,,0.001
LSTM5_2f9c7d4d,LSTM5,loso_subject_S006,23,0.01177993034333235,,0.080186201290029,,0.001
LSTM5_2f9c7d4d,LSTM5,loso_subject_S006,24,0.012304532784418981,,0.08200325548160271,,0.001
LSTM5_2f9c7d4d,LSTM5,loso_subject_S006,25,0.013714220703075656,,0.08522629420288273,,0.001
LSTM5_2f9c7d4d,LSTM5,loso_subject_S006,26,0.011709613496529275,,0.07866850574729872,,0.001
LSTM5_2f9c7d4d,LSTM5,loso_subject_S006,27,0.012914195748381927,,0.08368186041957042,,0.001
LSTM5_2f9c7d4d,LSTM5,loso_subject_S006,28,0.01261632865081068,,0.08149301340101195,,0.001
LSTM5_2f9c7d4d,LSTM5,loso_subject_S006,29,0.011696611439473316,,0.07959951289364549,,0.001
LSTM5_2f9c7d4d,LSTM5,loso_subject_S006,30,0.011864968117509709,,0.07971322554789606,,0.001
LSTM5_2f9c7d4d,LSTM5,loso_subject_S006,31,0.011714060287006566,,0.07927166273603674,,0.001
LSTM5_2f9c7d4d,LSTM5,loso_subject_S006,32,0.011892916466735426,,0.0783368848019936,,0.001
LSTM5_2f9c7d4d,LSTM5,loso_subject_S006,33,0.011661280328255207,,0.07843832286899208,,0.001
LSTM5_2f9c7d4d,LSTM5,loso_subject_S006,34,0.011210635915154317,,0.07777861175967045,,0.001
LSTM5_2f9c7d4d,LSTM5,loso_subject_S006,35,0.01090759455730192,,0.07527496409220774,,0.001
LSTM5_2f9c7d4d,LSTM5,loso_subject_S006,36,0.011501738626021342,,0.07811658688988841,,0.001
LSTM5_2f9c7d4d,LSTM5,loso_subject_S006,37,0.011599133363695906,,0.07898453971157308,,0.001
LSTM5_2f9c7d4d,LSTM5,loso_subject_S006,38,0.011623156440184742,,0.07903136551135877,,0.001
LSTM5_2f9c7d4d,LSTM5,loso_subject_S006,39,0.011866580633843531,,0.07871171453448593,,0.001
LSTM5_2f9c7d4d,LSTM5,loso_subject_S006,40,0.011657478333618796,,0.07993725308629333,,0.001
LSTM5_2f9c7d4d,LSTM5,loso_subject_S006,41,0.01181492341499104,,0.07931849568105134,,0.001
LSTM5_2f9c7d4d,LSTM5,loso_subject_S006,42,0.011161754923094003,,0.07590045963154464,,0.001
LSTM5_2f9c7d4d,LSTM5,loso_subject_S006,43,0.011631298703370525,,0.0784891611728512,,0.001
LSTM5_2f9c7d4d,LSTM5,loso_subject_S006,44,0.010496463664792111,,0.0753652024098107,,0.001
LSTM5_2f9c7d4d,LSTM5,loso_subject_S006,45,0.011616880242086824,,0.0774823959733619,,0.001
LSTM5_2f9c7d4d,LSTM5,loso_subject_S006,46,0.01190707366150178,,0.07723663930521636,,0.001
LSTM5_2f9c7d4d,LSTM5,loso_subject_S006,47,0.011524138453065371,,0.07926132957466313,,0.001
LSTM5_2f9c7d4d,LSTM5,loso_subject_S006,48,0.011191886582518698,,0.07633909326596339,,0.001
LSTM5_2f9c7d4d,LSTM5,loso_subject_S006,49,0.010953036533882384,,0.075621917172045,,0.001
LSTM5_2f9c7d4d,LSTM5,loso_subject_S006,50,0.010857515762269985,,0.07500869927347684,,0.001
LSTM5_2f9c7d4d,LSTM5,loso_subject_S006,51,0.01053114539226059,,0.07516632277946003,,0.001
LSTM5_2f9c7d4d,LSTM5,loso_subject_S006,52,0.011059516300370947,,0.07578529973254829,,0.001
LSTM5_2f9c7d4d,LSTM5,loso_subject_S006,53,0.01065261541392471,,0.07495537974306794,,0.001
LSTM5_2f9c7d4d,LSTM5,loso_subject_S006,54,0.011178679237539162,,0.07663251129818745,,0.001
LSTM5_2f9c7d4d,LSTM5,loso_subject_S006,55,0.010887538510389993,,0.07656374335533282,,0.001
LSTM5_2f9c7d4d,LSTM5,loso_subject_S006,56,0.010114883858954808,,0.0725391936473182,,0.001
LSTM5_2f9c7d4d,LSTM5,loso_subject_S006,57,0.01122706820882979,,0.07655205919605787,,0.001
LSTM5_2f9c7d4d,LSTM5,loso_subject_S006,58,0.011156514851895512,,0.07605757228419428,,0.001
LSTM5_2f9c7d4d,LSTM5,loso_subject_S006,59,0.009950310701779166,,0.07198090881842081,,0.001
LSTM5_2f9c7d4d,LSTM5,loso_subject_S006,60,0.009979719181590881,,0.0725470028329091,,0.001
LSTM5_2f9c7d4d,LSTM5,loso_subject_S006,61,0.011066211059262029,,0.07524289001451163,,0.001
LSTM5_2f9c7d4d,LSTM5,loso_subject_S006,62,0.010847679698137476,,0.07497607342532424,,0.001
LSTM5_2f9c7d4d,LSTM5,loso_subject_S006,63,0.010665802399582062,,0.07494420662033753,,0.001
LSTM5_2f9c7d4d,LSTM5,loso_subject_S006,64,0.010734699261909137,,0.07438561216485305,,0.001
LSTM5_2f9c7d4d,LSTM5,loso_subject_S006,65,0.010135354115398692,,0.07288846825478507,,0.001
LSTM5_2f9c7d4d,LSTM5,loso_subject_S006,66,0.009701336764532035,,0.07053435496130928,,0.001
LSTM5_2f9c7d4d,LSTM5,loso_subject_S006,67,0.010067156844268569,,0.07211702262036136,,0.001
LSTM5_2f9c7d4d,LSTM5,loso_subject_S006,68,0.010595097343941203,,0.07437306642532349,,0.001
LSTM5_2f9c7d4d,LSTM5,loso_subject_S006,69,0.010375767411877875,,0.07381332122155877,,0.001
LSTM5_2f9c7d4d,LSTM5,loso_subject_S006,70,0.010534309469102348,,0.07420096008992585,,0.001
LSTM5_2f9c7d4d,LSTM5,loso_subject_S006,71,0.010311301003714076,,0.0729979995454921,,0.001
LSTM5_2f9c7d4d,LSTM5,loso_subject_S006,72,0.010427292970726724,,0.07390388516617603,,0.001
LSTM5_2f9c7d4d,LSTM5,loso_subject_S006,73,0.010496617523861712,,0.07488105843057398,,0.001
LSTM5_2f9c7d4d,LSTM5,loso_subject_S006,74,0.01020732051769241,,0.07266302223576875,,0.001
LSTM5_2f9c7d4d,LSTM5,loso_subject_S006,75,0.010806017608732963,,0.07452320466276074,,0.001
LSTM5_2f9c7d4d,LSTM5,loso_subject_S006,76,0.01013583781533554,,0.07278989383676013,,0.001
LSTM5_2f9c7d4d,LSTM5,loso_subject_S006,77,0.010418848432295147,,0.0730850708167084,,0.001
LSTM5_2f9c7d4d,LSTM5,loso_subject_S006,78,0.009815868505536288,,0.07209610218395952,,0.001
LSTM5_2f9c7d4d,LSTM5,loso_subject_S006,79,0.010399754632447586,,0.07403800276214959,,0.001
LSTM5_2f9c7d4d,LSTM5,loso_subject_S006,80,0.009993721051599647,,0.07186946394990702,,0.001
LSTM5_2f9c7d4d,LSTM5,loso_subject_S007,1,0.2636403480496876,,0.36383815158125365,,0.001
LSTM5_2f9c7d4d,LSTM5,loso_subject_S007,2,0.0491537258786141,,0.16501413704120033,,0.001
LSTM5_2f9c7d4d,LSTM5,loso_subject_S007,3,0.033700839196311796,,0.13489028743544818,,0.001
LSTM5_2f9c7d4d,LSTM5,loso_subject_S007,4,0.03060499453920073,,0.1296792149059806,,0.001
LSTM5_2f9c7d4d,LSTM5,loso_subject_S007,5,0.026128296836461305,,0.11950676179075816,,0.001
LSTM5_2f9c7d4d,LSTM5,loso_subject_S007,6,0.02265378909118204,,0.10954570878763484,,0.001
LSTM5_2f9c7d4d,LSTM5,loso_subject_S007,7,0.020154295375033035,,0.10598150458852304,,0.001
LSTM5_2f9c7d4d,LSTM5,loso_subject_S007,8,0.01908003616123814,,0.10205601407883366,,0.001
LSTM5_2f9c7d4d,LSTM5,loso_subject_S007,9,0.019364873170774604,,0.10218992301264379,,0.001
LSTM5_2f9c7d4d,LSTM5,loso_subject_S007,10,0.01761771228180046,,0.0994205496007076,,0.001
LSTM5_2f9c7d4d,LSTM5,loso_subject_S007,11,0.016336270523608323,,0.09576531351705445,,0.001
LSTM5_2f9c7d4d,LSTM5,loso_subject_S007,12,0.01607168395991348,,0.09411599833250921,,0.001
LSTM5_2f9c7d4d,LSTM5,loso_subject_S007,13,0.014651243636875392,,0.09006138568214249,,0.001
LSTM5_2f9c7d4d,LSTM5,loso_subject_S007,14,0.014112684263951682,,0.08795931361588338,,0.001
LSTM5_2f9c7d4d,LSTM5,loso_subject_S007,15,0.014302082821305288,,0.08793241785124,,0.001
LSTM5_2f9c7d4d,LSTM5,loso_subject_S007,16,0.014485231222611188,,0.08747152736700287,,0.001
LSTM5_2f9c7d4d,LSTM5,loso_subject_S007,17,0.01371632793634318,,0.0864755997698678,,0.001
LSTM5_2f9c7d4d,LSTM5,loso_subject_S007,18,0.013817411826922513,,0.08601041251745693,,0.001
LSTM5_2f9c7d4d,LSTM5,loso_subject_S007,19,0.012882596437003114,,0.08377313898020605,,0.001
LSTM5_2f9c7d4d,LSTM5,loso_subject_S007,20,0.013511835097400164,,0.08425915874677406,,0.001
LSTM5_2f9c7d4d,LSTM5,loso_subject_S007,21,0.013109188613707698,,0.08455031573179193,,0.001
LSTM5_2f9c7d4d,LSTM5,loso_subject_S007,22,0.012833702006226532,,0.08257018814947419,,0.001
LSTM5_2f9c7d4d,LSTM5,loso_subject_S007,23,0.012696371805518006,,0.08224172634157977,,0.001
LSTM5_2f9c7d4d,LSTM5,loso_subject_S007,24,0.012835557226651684,,0.08226247212223635,,0.001
LSTM5_2f9c7d4d,LSTM5,loso_subject_S007,25,0.011384216952442561,,0.07776233704927518,,0.001
LSTM5_2f9c7d4d,LSTM5,loso_subject_S007,26,0.012475756475591671,,0.08075083111939223,,0.001
LSTM5_2f9c7d4d,LSTM5,loso_subject_S007,27,0.011231872217506248,,0.07789880714455845,,0.001
LSTM5_2f9c7d4d,LSTM5,loso_subject_S007,28,0.011196105797068182,,0.07749694008955849,,0.001
LSTM5_2f9c7d4d,LSTM5,loso_subject_S007,29,0.01214605907291455,,0.08052445344740086,,0.001
LSTM5_2f9c7d4d,LSTM5,loso_subject_S007,30,0.010869969869976022,,0.07707034888193831,,0.001
LSTM5_2f9c7d4d,LSTM5,loso_subject_S007,31,0.012011426227287262,,0.07892552382303446,,0.001
LSTM5_2f9c7d4d,LSTM5,loso_subject_S007,32,0.011877406600251942,,0.07833189674155008,,0.001
LSTM5_2f9c7d4d,LSTM5,loso_subject_S007,33,0.01087682313130141,,0.07669209844236165,,0.001
LSTM5_2f9c7d4d,LSTM5,loso_subject_S007,34,0.011403365148989519,,0.07772327482216392,,0.001
LSTM5_2f9c7d4d,LSTM5,loso_subject_S007,35,0.011593583810756411,,0.07829579544307799,,0.001
LSTM5_2f9c7d4d,LSTM5,loso_subject_S007,36,0.011189129911441182,,0.07679430714229316,,0.001
LSTM5_2f9c7d4d,LSTM5,loso_subject_S007,37,0.010947683306031354,,0.07668789542114754,,0.001
LSTM5_2f9c7d4d,LSTM5,loso_subject_S007,38,0.011628997993678431,,0.07835112181928784,,0.001
LSTM5_2f9c7d4d,LSTM5,loso_subject_S007,39,0.011239589017319735,,0.07572733572620319,,0.001
LSTM5_2f9c7d4d,LSTM5,loso_subject_S007,40,0.01068119061383872,,0.07564638461771281,,0.001
LSTM5_2f9c7d4d,LSTM5,loso_subject_S007,41,0.011939141827144194,,0.07771899672922755,,0.001
LSTM5_2f9c7d4d,LSTM5,loso_subject_S007,42,0.010849995184406802,,0.07511563820402431,,0.001
LSTM5_2f9c7d4d,LSTM5,loso_subject_S007,43,0.011214062199777119,,0.07626415910896922,,0.001
LSTM5_2f9c7d4d,LSTM5,loso_subject_S007,44,0.010541440379957587,,0.07447109118517685,,0.001
LSTM5_2f9c7d4d,LSTM5,loso_subject_S007,45,0.011772792039935722,,0.07756319069515791,,0.001
LSTM5_2f9c7d4d,LSTM5,loso_subject_S007,46,0.010921142741670904,,0.07583558617570502,,0.001
LSTM5_2f9c7d4d,LSTM5,loso_subject_S007,47,0.010606959801471673,,0.0745073630781371,,0.001
LSTM5_2f9c7d4d,LSTM5,loso_subject_S007,48,0.01084351883893818,,0.07484376545646167,,0.001
LSTM5_2f9c7d4d,LSTM5,loso_subject_S007,49,0.010853784168095192,,0.07588357474282188,,0.001
LSTM5_2f9c7d4d,LSTM5,loso_subject_S007,50,0.010630841281571395,,0.07458264708144306,,0.001
LSTM5_2f9c7d4d,LSTM5,loso_subject_S007,51,0.011015834306323323,,0.07580401754663402,,0.001
LSTM5_2f9c7d4d,LSTM5,loso_subject_S007,52,0.010129277720255118,,0.07315621771320364,,0.001
LSTM5_2f9c7d4d,LSTM5,loso_subject_S007,53,0.010852264987783885,,0.07522872943897532,,0.001
LSTM5_2f9c7d4d,LSTM5,loso_subject_S007,54,0.010970773638824694,,0.0757938765531875,,0.001
LSTM5_2f9c7d4d,LSTM5,loso_subject_S007,55,0.011096358393899991,,0.07635724765037354,,0.001
LSTM5_2f9c7d4d,LSTM5,loso_subject_S007,56,0.010461667928241696,,0.07322075703089122,,0.001
LSTM5_2f9c7d4d,LSTM5,loso_subject_S007,57,0.010497437238267824,,0.07284733614820407,,0.001
LSTM5_2f9c7d4d,LSTM5,loso_subject_S007,58,0.010799802248958925,,0.0753823436168303,,0.001
LSTM5_2f9c7d4d,LSTM5,loso_subject_S007,59,0.009931507049105972,,0.07154596047822313,,0.001
LSTM5_2f9c7d4d,LSTM5,loso_subject_S007,60,0.010966191933753292,,0.07444533338841498,,0.001
LSTM5_2f9c7d4d,LSTM5,loso_subject_S007,61,0.009842952558719063,,0.07168298103832461,,0.001
LSTM5_2f9c7d4d,LSTM5,loso_subject_S007,62,0.0099135686908329,,0.07184836121286754,,0.001
LSTM5_2f9c7d4d,LSTM5,loso_subject_S007,63,0.010312027394997942,,0.07418635727192732,,0.001
LSTM5_2f9c7d4d,LSTM5,loso_subject_S007,64,0.010177792379249135,,0.07371552166372397,,0.001
LSTM5_2f9c7d4d,LSTM5,loso_subject_S007,65,0.01000276264808233,,0.07243566783296307,,0.001
LSTM5_2f9c7d4d,LSTM5,loso_subject_S007,66,0.010433383985101052,,0.07252542248347968,,0.001
LSTM5_2f9c7d4d,LSTM5,loso_subject_S007,67,0.01012931598107452,,0.07173372741111478,,0.001
LSTM5_2f9c7d4d,LSTM5,loso_subject_S007,68,0.010588609552495826,,0.07366031242633066,,0.001
LSTM5_2f9c7d4d,LSTM5,loso_subject_S007,69,0.01030512975803013,,0.07276817908800354,,0.001
LSTM5_2f9c7d4d,LSTM5,loso_subject_S007,70,0.01076725717573468,,0.07431599916963443,,0.001
LSTM5_2f9c7d4d,LSTM5,loso_subject_S007,71,0.010004761035570211,,0.0728661220710024,,0.001
LSTM5_2f9c7d4d,LSTM5,loso_subject_S007,72,0.010155928641218144,,0.07311959847643963,,0.001
LSTM5_2f9c7d4d,LSTM5,loso_subject_S007,73,0.01057665984864913,,0.07232169961120646,,0.001
LSTM5_2f9c7d4d,LSTM5,loso_subject_S007,74,0.01047686313514609,,0.0727598662227158,,0.001
LSTM5_2f9c7d4d,LSTM5,loso_subject_S007,75,0.009556884967637598,,0.07024653389417669,,0.001
LSTM5_2f9c7d4d,LSTM5,loso_subject_S007,76,0.009679638171805612,,0.07190889603667637,,0.001
LSTM5_2f9c7d4d,LSTM5,loso_subject_S007,77,0.00926415862065763,,0.06938426004553916,,0.001
LSTM5_2f9c7d4d,LSTM5,loso_subject_S007,78,0.009344566729302227,,0.06908353570714054,,0.001
LSTM5_2f9c7d4d,LSTM5,loso_subject_S007,79,0.010222929168830153,,0.07248725994617418,,0.001
LSTM5_2f9c7d4d,LSTM5,loso_subject_S007,80,0.010127993631325447,,0.0721736037103589,,0.001
LSTM5_2f9c7d4d,LSTM5,loso_subject_S008,1,0.31090317096116454,,0.39367954859531584,,0.001
LSTM5_2f9c7d4d,LSTM5,loso_subject_S008,2,0.05449520886250424,,0.1737329823100062,,0.001
LSTM5_2f9c7d4d,LSTM5,loso_subject_S008,3,0.037749377822692345,,0.1455063278776078,,0.001
LSTM5_2f9c7d4d,LSTM5,loso_subject_S008,4,0.029573774233517813,,0.12754665917127522,,0.001
LSTM5_2f9c7d4d,LSTM5,loso_subject_S008,5,0.02676710852198255,,0.12184948117038252,,0.001
LSTM5_2f9c7d4d,LSTM5,loso_subject_S008,6,0.02356545289210851,,0.11501356227101044,,0.001
LSTM5_2f9c7d4d,LSTM5,loso_subject_S008,7,0.020451407395159785,,0.105550511860419,,0.001
LSTM5_2f9c7d4d,LSTM5,loso_subject_S008,8,0.019599100155935207,,0.1038110111449129,,0.001
LSTM5_2f9c7d4d,LSTM5,loso_subject_S008,9,0.01993336103072292,,0.10476173946349397,,0.001
LSTM5_2f9c7d4d,LSTM5,loso_subject_S008,10,0.01746073174666953,,0.09885331187803724,,0.001
LSTM5_2f9c7d4d,LSTM5,loso_subject_S008,11,0.016080256691381852,,0.0959368664623072,,0.001
LSTM5_2f9c7d4d,LSTM5,loso_subject_S008,12,0.015772385652797517,,0.09446772929563142,,0.001
LSTM5_2f9c7d4d,LSTM5,loso_subject_S008,13,0.014686874091979092,,0.08933399368044041,,0.001
LSTM5_2f9c7d4d,LSTM5,loso_subject_S008,14,0.014584309088881576,,0.08915604067935258,,0.001
LSTM5_2f9c7d4d,LSTM5,loso_subject_S008,15,0.013857688583118007,,0.08775634197888846,,0.001
LSTM5_2f9c7d4d,LSTM5,loso_subject_S008,16,0.01331403119434556,,0.08552586054465278,,0.001
LSTM5_2f9c7d4d,LSTM5,loso_subject_S008,17,0.014897697691510363,,0.09006096163288772,,0.001
LSTM5_2f9c7d4d,LSTM5,loso_subject_S008,18,0.013814046970820856,,0.08615016713642798,,0.001
LSTM5_2f9c7d4d,LSTM5,loso_subject_S008,19,0.012908997963181432,,0.08394557837879857,,0.001
LSTM5_2f9c7d4d,LSTM5,loso_subject_S008,20,0.01261156991348914,,0.08233907050208042,,0.001
LSTM5_2f9c7d4d,LSTM5,loso_subject_S008,21,0.012928421318588422,,0.08261780912326756,,0.001
LSTM5_2f9c7d4d,LSTM5,loso_subject_S008,22,0.012928650638181835,,0.08402868068761483,,0.001
LSTM5_2f9c7d4d,LSTM5,loso_subject_S008,23,0.013444817586250804,,0.08512460874042095,,0.001
LSTM5_2f9c7d4d,LSTM5,loso_subject_S008,24,0.012603799688877282,,0.08232691453456573,,0.001
LSTM5_2f9c7d4d,LSTM5,loso_subject_S008,25,0.011606903295528827,,0.08097698075244913,,0.001
LSTM5_2f9c7d4d,LSTM5,loso_subject_S008,26,0.01260094639745963,,0.08194414988370548,,0.001
LSTM5_2f9c7d4d,LSTM5,loso_subject_S008,27,0.012871024716258126,,0.08219304141207133,,0.001
LSTM5_2f9c7d4d,LSTM5,loso_subject_S008,28,0.012331221937721975,,0.08131417839074165,,0.001
LSTM5_2f9c7d4d,LSTM5,loso_subject_S008,29,0.011641812549523808,,0.07916988546604982,,0.001
LSTM5_2f9c7d4d,LSTM5,loso_subject_S008,30,0.011643997290971497,,0.07861321295333,,0.001
LSTM5_2f9c7d4d,LSTM5,loso_subject_S008,31,0.011788510773641766,,0.0797241730431384,,0.001
LSTM5_2f9c7d4d,LSTM5,loso_subject_S008,32,0.011606844248242954,,0.07933039648006449,,0.001
LSTM5_2f9c7d4d,LSTM5,loso_subject_S008,33,0.012445530074197842,,0.08196275779960703,,0.001
LSTM5_2f9c7d4d,LSTM5,loso_subject_S008,34,0.012003471919446609,,0.08030703778023592,,0.001
LSTM5_2f9c7d4d,LSTM5,loso_subject_S008,35,0.012100658910552252,,0.08002310051691547,,0.001
LSTM5_2f9c7d4d,LSTM5,loso_subject_S008,36,0.011368990656997487,,0.07773707390826229,,0.001
LSTM5_2f9c7d4d,LSTM5,loso_subject_S008,37,0.011266922520112547,,0.0774692986433099,,0.001
LSTM5_2f9c7d4d,LSTM5,loso_subject_S008,38,0.01077112811157272,,0.0754202198442813,,0.001
LSTM5_2f9c7d4d,LSTM5,loso_subject_S008,39,0.011250806232108538,,0.07763576374816038,,0.001
LSTM5_2f9c7d4d,LSTM5,loso_subject_S008,40,0.011891220478682907,,0.07825820946800541,,0.001
LSTM5_2f9c7d4d,LSTM5,loso_subject_S008,41,0.01189888992558433,,0.07995923365799851,,0.001
LSTM5_2f9c7d4d,LSTM5,loso_subject_S008,42,0.010402394710192326,,0.07401761203162631,,0.001
LSTM5_2f9c7d4d,LSTM5,loso_subject_S008,43,0.010664641208927576,,0.07463554811301679,,0.001
LSTM5_2f9c7d4d,LSTM5,loso_subject_S008,44,0.011057562650622505,,0.07729317265083303,,0.001
LSTM5_2f9c7d4d,LSTM5,loso_subject_S008,45,0.010836276729544564,,0.07570119397631046,,0.001
LSTM5_2f9c7d4d,LSTM5,loso_subject_S008,46,0.010799491285933457,,0.0756618174646571,,0.001
LSTM5_2f9c7d4d,LSTM5,loso_subject_S008,47,0.011498989600721694,,0.07746030061442372,,0.001
LSTM5_2f9c7d4d,LSTM5,loso_subject_S008,48,0.011164102892466702,,0.07606181855073177,,0.001
LSTM5_2f9c7d4d,LSTM5,loso_subject_S008,49,0.011189141393243425,,0.07520789153233114,,0.001
LSTM5_2f9c7d4d,LSTM5,loso_subject_S008,50,0.011443043293835492,,0.07698101746025991,,0.001
LSTM5_2f9c7d4d,LSTM5,loso_subject_S008,51,0.010252596134264907,,0.07380613685610665,,0.001
LSTM5_2f9c7d4d,LSTM5,loso_subject_S008,52,0.010127630529014229,,0.07294415099323943,,0.001
LSTM5_2f9c7d4d,LSTM5,loso_subject_S008,53,0.010027652706793093,,0.07230857522137205,,0.001
LSTM5_2f9c7d4d,LSTM5,loso_subject_S008,54,0.010550854827333552,,0.07456821297344408,,0.001
LSTM5_2f9c7d4d,LSTM5,loso_subject_S008,55,0.010811050364864806,,0.07443842204796947,,0.001
LSTM5_2f9c7d4d,LSTM5,loso_subject_S008,56,0.010746102513738254,,0.07386298092208869,,0.001
LSTM5_2f9c7d4d,LSTM5,loso_subject_S008,57,0.01136983894014944,,0.07605402341664833,,0.001
LSTM5_2f9c7d4d,LSTM5,loso_subject_S008,58,0.0111725609465018,,0.07654713431853843,,0.001
LSTM5_2f9c7d4d,LSTM5,loso_subject_S008,59,0.01096057574406974,,0.07462635195798531,,0.001
LSTM5_2f9c7d4d,LSTM5,loso_subject_S008,60,0.010410083141249625,,0.0734700168854771,,0.001
LSTM5_2f9c7d4d,LSTM5,loso_subject_S008,61,0.011247269708581928,,0.0758715445178158,,0.001
LSTM5_2f9c7d4d,LSTM5,loso_subject_S008,62,0.011113399194029849,,0.07676257533003338,,0.001
LSTM5_2f9c7d4d,LSTM5,loso_subject_S008,63,0.010571158934021142,,0.07372344088034086,,0.001
LSTM5_2f9c7d4d,LSTM5,loso_subject_S008,64,0.010133490841285791,,0.07321994729120097,,0.001
LSTM5_2f9c7d4d,LSTM5,loso_subject_S008,65,0.009785252590860995,,0.07171114223969763,,0.001
LSTM5_2f9c7d4d,LSTM5,loso_subject_S008,66,0.010260803682851547,,0.0731290174559696,,0.001
LSTM5_2f9c7d4d,LSTM5,loso_subject_S008,67,0.009812929622341182,,0.07104818478934419,,0.001
LSTM5_2f9c7d4d,LSTM5,loso_subject_S008,68,0.010846116052598564,,0.07473293838972304,,0.001
LSTM5_2f9c7d4d,LSTM5,loso_subject_S008,69,0.010370270639122374,,0.07419202608535777,,0.001
LSTM5_2f9c7d4d,LSTM5,loso_subject_S008,70,0.01054406585948917,,0.0741956435784755,,0.001
LSTM5_2f9c7d4d,LSTM5,loso_subject_S008,71,0.010029533403221427,,0.07294003845447142,,0.001
LSTM5_2f9c7d4d,LSTM5,loso_subject_S008,72,0.009639368896565097,,0.07079582189679605,,0.001
LSTM5_2f9c7d4d,LSTM5,loso_subject_S008,73,0.010196679475476944,,0.07336663337704152,,0.001
LSTM5_2f9c7d4d,LSTM5,loso_subject_S008,74,0.010186483336801477,,0.07197625014036703,,0.001
LSTM5_2f9c7d4d,LSTM5,loso_subject_S008,75,0.010047921110351065,,0.07148956855967048,,0.001
LSTM5_2f9c7d4d,LSTM5,loso_subject_S008,76,0.009844054772359568,,0.07155928353137016,,0.001
LSTM5_2f9c7d4d,LSTM5,loso_subject_S008,77,0.010321859279898532,,0.07176841253149341,,0.001
LSTM5_2f9c7d4d,LSTM5,loso_subject_S008,78,0.01014863021040529,,0.07216324512398442,,0.001
LSTM5_2f9c7d4d,LSTM5,loso_subject_S008,79,0.010695310228711069,,0.0744885056407522,,0.001
LSTM5_2f9c7d4d,LSTM5,loso_subject_S008,80,0.010436713402858901,,0.07299005067662188,,0.001
LSTM5_2f9c7d4d,LSTM5,loso_subject_S009,1,0.3237069100585854,,0.41252207091165516,,0.001
LSTM5_2f9c7d4d,LSTM5,loso_subject_S009,2,0.054334227070434525,,0.17074903561416827,,0.001
LSTM5_2f9c7d4d,LSTM5,loso_subject_S009,3,0.0347752805549816,,0.13660496056451485,,0.001
LSTM5_2f9c7d4d,LSTM5,loso_subject_S009,4,0.030863973800083846,,0.12924089375252193,,0.001
LSTM5_2f9c7d4d,LSTM5,loso_subject_S009,5,0.027623697628102253,,0.1232903190633733,,0.001
LSTM5_2f9c7d4d,LSTM5,loso_subject_S009,6,0.023625779126973518,,0.11370934169930344,,0.001
LSTM5_2f9c7d4d,LSTM5,loso_subject_S009,7,0.020741242092879333,,0.10787294199147435,,0.001
LSTM5_2f9c7d4d,LSTM5,loso_subject_S009,8,0.01995482344905409,,0.10526021313064626,,0.001
LSTM5_2f9c7d4d,LSTM5,loso_subject_S009,9,0.0177338275607543,,0.1010578417760242,,0.001
LSTM5_2f9c7d4d,LSTM5,loso_subject_S009,10,0.015997011946879306,,0.09512087410706173,,0.001
LSTM5_2f9c7d4d,LSTM5,loso_subject_S009,11,0.01586926205997126,,0.09441550405820749,,0.001
LSTM5_2f9c7d4d,LSTM5,loso_subject_S009,12,0.015602764426373343,,0.09377427627179771,,0.001
LSTM5_2f9c7d4d,LSTM5,loso_subject_S009,13,0.01451894845414627,,0.09039367377903443,,0.001
LSTM5_2f9c7d4d,LSTM5,loso_subject_S009,14,0.015619037597896882,,0.09334283939106544,,0.001
LSTM5_2f9c7d4d,LSTM5,loso_subject_S009,15,0.014170258045681255,,0.0895205923444729,,0.001
LSTM5_2f9c7d4d,LSTM5,loso_subject_S009,16,0.013777325011125326,,0.08833980144653646,,0.001
LSTM5_2f9c7d4d,LSTM5,loso_subject_S009,17,0.01289034156998739,,0.08466717196887474,,0.001
LSTM5_2f9c7d4d,LSTM5,loso_subject_S009,18,0.013149186103372724,,0.0844159016673983,,0.001
LSTM5_2f9c7d4d,LSTM5,loso_subject_S009,19,0.013422710069965932,,0.0845664713696336,,0.001
LSTM5_2f9c7d4d,LSTM5,loso_subject_S009,20,0.012576003046693696,,0.0845383990280316,,0.001
LSTM5_2f9c7d4d,LSTM5,loso_subject_S009,21,0.012353068860396683,,0.08289500610490387,,0.001
LSTM5_2f9c7d4d,LSTM5,loso_subject_S009,22,0.012274047746591918,,0.0828525515313102,,0.001
LSTM5_2f9c7d4d,LSTM5,loso_subject_S009,23,0.012456799974459544,,0.08291991272530733,,0.001
LSTM5_2f9c7d4d,LSTM5,loso_subject_S009,24,0.01334496001809165,,0.085568031563236,,0.001
LSTM5_2f9c7d4d,LSTM5,loso_subject_S009,25,0.01166872238585315,,0.08080471812967815,,0.001
LSTM5_2f9c7d4d,LSTM5,loso_subject_S009,26,0.012381045225281627,,0.08189917827369915,,0.001
LSTM5_2f9c7d4d,LSTM5,loso_subject_S009,27,0.01308956038000809,,0.08337969262244806,,0.001
LSTM5_2f9c7d4d,LSTM5,loso_subject_S009,28,0.012331657402477927,,0.0816349414757643,,0.001
LSTM5_2f9c7d4d,LSTM5,loso_subject_S009,29,0.011963081452970294,,0.08031425253263687,,0.001
LSTM5_2f9c7d4d,LSTM5,loso_subject_S009,30,0.01277785404090734,,0.0831447284649497,,0.001
LSTM5_2f9c7d4d,LSTM5,loso_subject_S009,31,0.011353507711948192,,0.0788219413376979,,0.001
LSTM5_2f9c7d4d,LSTM5,loso_subject_S009,32,0.011131928122596597,,0.07776678661952402,,0.001
LSTM5_2f9c7d4d,LSTM5,loso_subject_S009,33,0.011080248926898253,,0.07767180385919857,,0.001
LSTM5_2f9c7d4d,LSTM5,loso_subject_S009,34,0.011088699175867406,,0.07787048821124193,,0.001
LSTM5_2f9c7d4d,LSTM5,loso_subject_S009,35,0.010945544368341286,,0.07616668327427001,,0.001
LSTM5_2f9c7d4d,LSTM5,loso_subject_S009,36,0.01143184353365957,,0.0774776605623109,,0.001
LSTM5_2f9c7d4d,LSTM5,loso_subject_S009,37,0.011342194300689213,,0.0784102514846663,,0.001
LSTM5_2f9c7d4d,LSTM5,loso_subject_S009,38,0.010600788567763546,,0.07569778083090732,,0.001
LSTM5_2f9c7d4d,LSTM5,loso_subject_S009,39,0.01062851500873903,,0.07536673713066482,,0.001
LSTM5_2f9c7d4d,LSTM5,loso_subject_S009,40,0.01104991606041066,,0.07754364470764692,,0.001
LSTM5_2f9c7d4d,LSTM5,loso_subject_S009,41,0.010319079443868921,,0.0746061527961701,,0.001
LSTM5_2f9c7d4d,LSTM5,loso_subject_S009,42,0.010264075381641435,,0.07476882545257785,,0.001
LSTM5_2f9c7d4d,LSTM5,loso_subject_S009,43,0.011308558856299429,,0.0762996571388436,,0.001
LSTM5_2f9c7d4d,LSTM5,loso_subject_S009,44,0.010836672809103231,,0.07554751447373918,,0.001
LSTM5_2f9c7d4d,LSTM5,loso_subject_S009,45,0.01097224804141813,,0.07609242653258612,,0.001
LSTM5_2f9c7d4d,LSTM5,loso_subject_S009,46,0.009974908243736525,,0.07286437118350732,,0.001
LSTM5_2f9c7d4d,LSTM5,loso_subject_S009,47,0.01060993874263282,,0.07628544447673437,,0.001
LSTM5_2f9c7d4d,LSTM5,loso_subject_S009,48,0.011121859041608893,,0.07577341509991527,,0.001
LSTM5_2f9c7d4d,LSTM5,loso_subject_S009,49,0.010392052970481262,,0.07384651742812966,,0.001
LSTM5_2f9c7d4d,LSTM5,loso_subject_S009,50,0.010556766701981881,,0.07382017853913446,,0.001
LSTM5_2f9c7d4d,LSTM5,loso_subject_S009,51,0.010329278906103951,,0.07318901952470212,,0.001
LSTM5_2f9c7d4d,LSTM5,loso_subject_S009,52,0.010656018351379143,,0.07490599169361782,,0.001
LSTM5_2f9c7d4d,LSTM5,loso_subject_S009,53,0.010269372926721504,,0.07284457731146772,,0.001
LSTM5_2f9c7d4d,LSTM5,loso_subject_S009,54,0.010660729546470512,,0.07487097694383271,,0.001
LSTM5_2f9c7d4d,LSTM5,loso_subject_S009,55,0.011351501734260298,,0.07652361031574233,,0.001
LSTM5_2f9c7d4d,LSTM5,loso_subject_S009,56,0.010681843617110515,,0.07562126574735391,,0.001
LSTM5_2f9c7d4d,LSTM5,loso_subject_S009,57,0.011220378648993622,,0.07663637310201865,,0.001
LSTM5_2f9c7d4d,LSTM5,loso_subject_S009,58,0.010020733393141008,,0.0728760595368027,,0.001
LSTM5_2f9c7d4d,LSTM5,loso_subject_S009,59,0.010609851039766327,,0.07542893410488402,,0.001
LSTM5_2f9c7d4d,LSTM5,loso_subject_S009,60,0.009989108518169934,,0.07336756768294322,,0.001
LSTM5_2f9c7d4d,LSTM5,loso_subject_S009,61,0.01018323347640978,,0.07358968160353757,,0.001
LSTM5_2f9c7d4d,LSTM5,loso_subject_S009,62,0.010675609836849167,,0.07443688839358927,,0.001
LSTM5_2f9c7d4d,LSTM5,loso_subject_S009,63,0.011344372649548596,,0.07697936804855571,,0.001
LSTM5_2f9c7d4d,LSTM5,loso_subject_S009,64,0.010703106667552578,,0.07622657984083149,,0.001
LSTM5_2f9c7d4d,LSTM5,loso_subject_S009,65,0.010484581589284758,,0.07369555438815432,,0.001
LSTM5_2f9c7d4d,LSTM5,loso_subject_S009,66,0.00978768889835939,,0.07079893044115534,,0.001
LSTM5_2f9c7d4d,LSTM5,loso_subject_S009,67,0.010274812980565349,,0.07409587914897162,,0.001
LSTM5_2f9c7d4d,LSTM5,loso_subject_S009,68,0.010933474007555666,,0.07583836702173982,,0.001
LSTM5_2f9c7d4d,LSTM5,loso_subject_S009,69,0.010273191550992456,,0.07234593569085217,,0.001
LSTM5_2f9c7d4d,LSTM5,loso_subject_S009,70,0.010059263316223206,,0.07265585393327528,,0.001
LSTM5_2f9c7d4d,LSTM5,loso_subject_S009,71,0.010069522702969019,,0.07179204106136983,,0.001
LSTM5_2f9c7d4d,LSTM5,loso_subject_S009,72,0.01006042852611012,,0.07177227323909671,,0.001
LSTM5_2f9c7d4d,LSTM5,loso_subject_S009,73,0.009865397593477581,,0.07322168982781896,,0.001
LSTM5_2f9c7d4d,LSTM5,loso_subject_S009,74,0.009928090953792974,,0.07223918189174214,,0.001
LSTM5_2f9c7d4d,LSTM5,loso_subject_S009,75,0.010157787467497705,,0.07280027585224784,,0.001
LSTM5_2f9c7d4d,LSTM5,loso_subject_S009,76,0.011262340758699701,,0.07585792413941242,,0.001
LSTM5_2f9c7d4d,LSTM5,loso_subject_S009,77,0.00996570910538445,,0.07272350351462747,,0.001
LSTM5_2f9c7d4d,LSTM5,loso_subject_S009,78,0.010003909485818054,,0.0724912077051154,,0.001
LSTM5_2f9c7d4d,LSTM5,loso_subject_S009,79,0.00916507375656581,,0.06970278370199438,,0.001
LSTM5_2f9c7d4d,LSTM5,loso_subject_S009,80,0.009940696299817302,,0.07193982953296085,,0.001
LSTM5_2f9c7d4d,LSTM5,loso_subject_S010,1,0.29471863522025565,,0.3840569916467539,,0.001
LSTM5_2f9c7d4d,LSTM5,loso_subject_S010,2,0.05606722382491067,,0.17461398286307417,,0.001
LSTM5_2f9c7d4d,LSTM5,loso_subject_S010,3,0.03777644653148299,,0.14336435605615577,,0.001
LSTM5_2f9c7d4d,LSTM5,loso_subject_S010,4,0.02904163504856945,,0.12498995715739743,,0.001
LSTM5_2f9c7d4d,LSTM5,loso_subject_S010,5,0.02726942719129108,,0.12211668669777428,,0.001
LSTM5_2f9c7d4d,LSTM5,loso_subject_S010,6,0.0232877354208855,,0.11386514234862871,,0.001
LSTM5_2f9c7d4d,LSTM5,loso_subject_S010,7,0.019773712128200786,,0.10492391143869234,,0.001
LSTM5_2f9c7d4d,LSTM5,loso_subject_S010,8,0.019923769018344032,,0.10474779579663436,,0.001
LSTM5_2f9c7d4d,LSTM5,loso_subject_S010,9,0.017992471241760975,,0.09997501254281742,,0.001
LSTM5_2f9c7d4d,LSTM5,loso_subject_S010,10,0.016909372727542917,,0.0973687305226422,,0.001
LSTM5_2f9c7d4d,LSTM5,loso_subject_S010,11,0.015590119427382546,,0.09319098725414916,,0.001
LSTM5_2f9c7d4d,LSTM5,loso_subject_S010,12,0.015693344026303933,,0.09392041799606093,,0.001
LSTM5_2f9c7d4d,LSTM5,loso_subject_S010,13,0.01415042112312661,,0.08915453369785475,,0.001
LSTM5_2f9c7d4d,LSTM5,loso_subject_S010,14,0.014784868258557864,,0.0897769252845905,,0.001
LSTM5_2f9c7d4d,LSTM5,loso_subject_S010,15,0.01475825899849402,,0.08831341629060323,,0.001
LSTM5_2f9c7d4d,LSTM5,loso_subject_S010,16,0.015038435946424936,,0.08870702437506427,,0.001
LSTM5_2f9c7d4d,LSTM5,loso_subject_S010,17,0.013216493362998403,,0.0860330068565055,,0.001
LSTM5_2f9c7d4d,LSTM5,loso_subject_S010,18,0.012824259671888896,,0.08499498430714511,,0.001
LSTM5_2f9c7d4d,LSTM5,loso_subject_S010,19,0.013384679869167356,,0.08520119014402364,,0.001
LSTM5_2f9c7d4d,LSTM5,loso_subject_S010,20,0.01324720691664507,,0.08547980484746447,,0.001
LSTM5_2f9c7d4d,LSTM5,loso_subject_S010,21,0.01338692209789617,,0.08470897917379469,,0.001
LSTM5_2f9c7d4d,LSTM5,loso_subject_S010,22,0.013007858632719957,,0.08409426624542915,,0.001
LSTM5_2f9c7d4d,LSTM5,loso_subject_S010,23,0.012585712818041344,,0.08266468252711648,,0.001
LSTM5_2f9c7d4d,LSTM5,loso_subject_S010,24,0.012419070487579443,,0.08335476137247662,,0.001
LSTM5_2f9c7d4d,LSTM5,loso_subject_S010,25,0.013035896781756973,,0.08211333250239392,,0.001
LSTM5_2f9c7d4d,LSTM5,loso_subject_S010,26,0.012755424852339213,,0.08322680016292022,,0.001
LSTM5_2f9c7d4d,LSTM5,loso_subject_S010,27,0.012185968158004068,,0.08057594029995419,,0.001
LSTM5_2f9c7d4d,LSTM5,loso_subject_S010,28,0.01198808050070633,,0.08100216612719849,,0.001
LSTM5_2f9c7d4d,LSTM5,loso_subject_S010,29,0.012399926897663399,,0.08155958320270448,,0.001
LSTM5_2f9c7d4d,LSTM5,loso_subject_S010,30,0.01281734922863293,,0.08076969201732802,,0.001
LSTM5_2f9c7d4d,LSTM5,loso_subject_S010,31,0.01132757238393662,,0.07780532636498445,,0.001
LSTM5_2f9c7d4d,LSTM5,loso_subject_S010,32,0.01234104139867845,,0.08052466905157038,,0.001
LSTM5_2f9c7d4d,LSTM5,loso_subject_S010,33,0.01143289558789474,,0.07761710179132103,,0.001
LSTM5_2f9c7d4d,LSTM5,loso_subject_S010,34,0.011834160585781472,,0.07781041471150098,,0.001
LSTM5_2f9c7d4d,LSTM5,loso_subject_S010,35,0.011990578373356554,,0.07856793707849195,,0.001
LSTM5_2f9c7d4d,LSTM5,loso_subject_S010,36,0.011039327879080036,,0.07646137763789836,,0.001
LSTM5_2f9c7d4d,LSTM5,loso_subject_S010,37,0.011535228481828766,,0.07630924212652565,,0.001
LSTM5_2f9c7d4d,LSTM5,loso_subject_S010,38,0.010851010283792779,,0.07608946912240662,,0.001
LSTM5_2f9c7d4d,LSTM5,loso_subject_S010,39,0.010622251785591544,,0.07594670927964602,,0.001
LSTM5_2f9c7d4d,LSTM5,loso_subject_S010,40,0.011581370187485777,,0.07717721206229805,,0.001
LSTM5_2f9c7d4d,LSTM5,loso_subject_S010,41,0.011819784194606062,,0.07932797256432124,,0.001
LSTM5_2f9c7d4d,LSTM5,loso_subject_S010,42,0.011410457163849133,,0.07607804422410543,,0.001
LSTM5_2f9c7d4d,LSTM5,loso_subject_S010,43,0.010991526613474491,,0.07576018241627905,,0.001
LSTM5_2f9c7d4d,LSTM5,loso_subject_S010,44,0.010889284134961215,,0.07515987537451238,,0.001
LSTM5_2f9c7d4d,LSTM5,loso_subject_S010,45,0.01038218815354693,,0.07430576886506689,,0.001
LSTM5_2f9c7d4d,LSTM5,loso_subject_S010,46,0.010389201930730336,,0.07410242720238315,,0.001
LSTM5_2f9c7d4d,LSTM5,loso_subject_S010,47,0.011051885181250389,,0.07565045061727498,,0.001
LSTM5_2f9c7d4d,LSTM5,loso_subject_S010,48,0.011375068023600835,,0.07608728352409082,,0.001
LSTM5_2f9c7d4d,LSTM5,loso_subject_S010,49,0.011492450469979805,,0.07562402957737846,,0.001
LSTM5_2f9c7d4d,LSTM5,loso_subject_S010,50,0.011582561378936039,,0.07776798797133785,,0.001
LSTM5_2f9c7d4d,LSTM5,loso_subject_S010,51,0.01077079153175922,,0.07479117709518279,,0.001
LSTM5_2f9c7d4d,LSTM5,loso_subject_S010,52,0.010654878316622152,,0.07532636760915286,,0.001
LSTM5_2f9c7d4d,LSTM5,loso_subject_S010,53,0.01028653792924429,,0.07382779167002479,,0.001
LSTM5_2f9c7d4d,LSTM5,loso_subject_S010,54,0.010512215819134809,,0.07429320521002648,,0.001
LSTM5_2f9c7d4d,LSTM5,loso_subject_S010,55,0.010294703379923465,,0.07248587025291968,,0.001
LSTM5_2f9c7d4d,LSTM5,loso_subject_S010,56,0.010520264020802191,,0.07286468052224025,,0.001
LSTM5_2f9c7d4d,LSTM5,loso_subject_S010,57,0.010126499615159611,,0.07254333745913218,,0.001
LSTM5_2f9c7d4d,LSTM5,loso_subject_S010,58,0.010915177494362497,,0.07504910434052448,,0.001
LSTM5_2f9c7d4d,LSTM5,loso_subject_S010,59,0.010529051295312859,,0.07383479360766058,,0.001
LSTM5_2f9c7d4d,LSTM5,loso_subject_S010,60,0.010239337758479902,,0.07301134352516007,,0.001
LSTM5_2f9c7d4d,LSTM5,loso_subject_S010,61,0.010481326161640003,,0.07261591745302981,,0.001
LSTM5_2f9c7d4d,LSTM5,loso_subject_S010,62,0.01119078254314677,,0.07562678797833071,,0.001
LSTM5_2f9c7d4d,LSTM5,loso_subject_S010,63,0.010321907335829815,,0.07431159513108683,,0.001
LSTM5_2f9c7d4d,LSTM5,loso_subject_S010,64,0.01046256372642597,,0.07388414764364294,,0.001
LSTM5_2f9c7d4d,LSTM5,loso_subject_S010,65,0.009860122184075365,,0.07251500722745921,,0.001
LSTM5_2f9c7d4d,LSTM5,loso_subject_S010,66,0.011290281867020881,,0.0751614274674614,,0.001
LSTM5_2f9c7d4d,LSTM5,loso_subject_S010,67,0.011492587017182936,,0.07738334458146319,,0.001
LSTM5_2f9c7d4d,LSTM5,loso_subject_S010,68,0.010049023480348338,,0.07229612613084332,,0.001
LSTM5_2f9c7d4d,LSTM5,loso_subject_S010,69,0.009149159372427919,,0.06932448963190885,,0.001
LSTM5_2f9c7d4d,LSTM5,loso_subject_S010,70,0.010603342520685604,,0.07383918886716734,,0.001
LSTM5_2f9c7d4d,LSTM5,loso_subject_S010,71,0.010779609270643867,,0.0749934402948258,,0.001
LSTM5_2f9c7d4d,LSTM5,loso_subject_S010,72,0.011216112139241008,,0.07490390668979427,,0.001
LSTM5_2f9c7d4d,LSTM5,loso_subject_S010,73,0.010786515044785986,,0.07483268698389899,,0.001
LSTM5_2f9c7d4d,LSTM5,loso_subject_S010,74,0.009831939480648744,,0.0716033746112113,,0.001
LSTM5_2f9c7d4d,LSTM5,loso_subject_S010,75,0.010077710444945216,,0.07247437923946637,,0.001
LSTM5_2f9c7d4d,LSTM5,loso_subject_S010,76,0.01070153613818572,,0.07232777758132691,,0.001
LSTM5_2f9c7d4d,LSTM5,loso_subject_S010,77,0.01129688546911582,,0.07501157993838291,,0.001
LSTM5_2f9c7d4d,LSTM5,loso_subject_S010,78,0.009891301160490753,,0.07153876049406577,,0.001
LSTM5_2f9c7d4d,LSTM5,loso_subject_S010,79,0.01025280691333265,,0.07283835755498617,,0.001
LSTM5_2f9c7d4d,LSTM5,loso_subject_S010,80,0.011146127481088543,,0.07518782249633098,,0.001
LSTM5_2f9c7d4d,LSTM5,loso_subject_S011,1,0.2936033996228169,,0.3894617330265564,,0.001
LSTM5_2f9c7d4d,LSTM5,loso_subject_S011,2,0.055931232425908486,,0.1749980577235392,,0.001
LSTM5_2f9c7d4d,LSTM5,loso_subject_S011,3,0.03848723704906895,,0.14468008003924437,,0.001
LSTM5_2f9c7d4d,LSTM5,loso_subject_S011,4,0.03166207149219692,,0.1310314197442434,,0.001
LSTM5_2f9c7d4d,LSTM5,loso_subject_S011,5,0.027475163890391296,,0.12261120821453017,,0.001
LSTM5_2f9c7d4d,LSTM5,loso_subject_S011,6,0.023718885127271723,,0.11349048855189274,,0.001
LSTM5_2f9c7d4d,LSTM5,loso_subject_S011,7,0.0241103775038204,,0.11454091875865507,,0.001
LSTM5_2f9c7d4d,LSTM5,loso_subject_S011,8,0.019585582925897075,,0.10516851679733046,,0.001
LSTM5_2f9c7d4d,LSTM5,loso_subject_S011,9,0.01926791876485038,,0.10391255089620553,,0.001
LSTM5_2f9c7d4d,LSTM5,loso_subject_S011,10,0.01750842183018089,,0.09861200155062357,,0.001
LSTM5_2f9c7d4d,LSTM5,loso_subject_S011,11,0.01709051082727747,,0.09722813159026734,,0.001
LSTM5_2f9c7d4d,LSTM5,loso_subject_S011,12,0.01694580886883402,,0.09742679982482307,,0.001
LSTM5_2f9c7d4d,LSTM5,loso_subject_S011,13,0.01608082996936952,,0.09435748231728913,,0.001
LSTM5_2f9c7d4d,LSTM5,loso_subject_S011,14,0.015690938698379626,,0.09322686640402,,0.001
LSTM5_2f9c7d4d,LSTM5,loso_subject_S011,15,0.014522534113614625,,0.08981677944613269,,0.001
LSTM5_2f9c7d4d,LSTM5,loso_subject_S011,16,0.01506255072426265,,0.09014872432619349,,0.001
LSTM5_2f9c7d4d,LSTM5,loso_subject_S011,17,0.014550211478134685,,0.08904854223278753,,0.001
LSTM5_2f9c7d4d,LSTM5,loso_subject_S011,18,0.013657930189408921,,0.08629668166389248,,0.001
LSTM5_2f9c7d4d,LSTM5,loso_subject_S011,19,0.013605711610282659,,0.0859839686769886,,0.001
LSTM5_2f9c7d4d,LSTM5,loso_subject_S011,20,0.013324593367698447,,0.08611183971212912,,0.001
LSTM5_2f9c7d4d,LSTM5,loso_subject_S011,21,0.013943793466734276,,0.08741227878862437,,0.001
LSTM5_2f9c7d4d,LSTM5,loso_subject_S011,22,0.012799951938043166,,0.08456079150221621,,0.001
LSTM5_2f9c7d4d,LSTM5,loso_subject_S011,23,0.012926041323678103,,0.08388939792708003,,0.001
LSTM5_2f9c7d4d,LSTM5,loso_subject_S011,24,0.012948200491496715,,0.08482541646644404,,0.001
LSTM5_2f9c7d4d,LSTM5,loso_subject_S011,25,0.012233164762390333,,0.08135494296566802,,0.001
LSTM5_2f9c7d4d,LSTM5,loso_subject_S011,26,0.011975855563667419,,0.08071413359945763,,0.001
LSTM5_2f9c7d4d,LSTM5,loso_subject_S011,27,0.011913993917714277,,0.08130030814753117,,0.001
LSTM5_2f9c7d4d,LSTM5,loso_subject_S011,28,0.012120366004859457,,0.08055099651626452,,0.001
LSTM5_2f9c7d4d,LSTM5,loso_subject_S011,29,0.01154592116992749,,0.07899603603001644,,0.001
LSTM5_2f9c7d4d,LSTM5,loso_subject_S011,30,0.012979754645633982,,0.08318766871306145,,0.001
LSTM5_2f9c7d4d,LSTM5,loso_subject_S011,31,0.012247980227438296,,0.08071436947920606,,0.001
LSTM5_2f9c7d4d,LSTM5,loso_subject_S011,32,0.01174368327633048,,0.07984036350731773,,0.001
LSTM5_2f9c7d4d,LSTM5,loso_subject_S011,33,0.012689560405082387,,0.08311509586010246,,0.001
LSTM5_2f9c7d4d,LSTM5,loso_subject_S011,34,0.012454053728514727,,0.08028135591455224,,0.001
LSTM5_2f9c7d4d,LSTM5,loso_subject_S011,35,0.012330960830097708,,0.08160133056770885,,0.001
LSTM5_2f9c7d4d,LSTM5,loso_subject_S011,36,0.011428446112975192,,0.07819123710069183,,0.001
LSTM5_2f9c7d4d,LSTM5,loso_subject_S011,37,0.01245450682538754,,0.0811516821137492,,0.001
LSTM5_2f9c7d4d,LSTM5,loso_subject_S011,38,0.011475302748274057,,0.0784003232610096,,0.001
LSTM5_2f9c7d4d,LSTM5,loso_subject_S011,39,0.012123265492250918,,0.07961725215376936,,0.001
LSTM5_2f9c7d4d,LSTM5,loso_subject_S011,40,0.010623825572678025,,0.07612782298114126,,0.001
LSTM5_2f9c7d4d,LSTM5,loso_subject_S011,41,0.011133307889142473,,0.07777926659935933,,0.001
LSTM5_2f9c7d4d,LSTM5,loso_subject_S011,42,0.011745054584434464,,0.0771492438604028,,0.001
LSTM5_2f9c7d4d,LSTM5,loso_subject_S011,43,0.010670333814718975,,0.07513324645502711,,0.001
LSTM5_2f9c7d4d,LSTM5,loso_subject_S011,44,0.011646276072694008,,0.07743095646692891,,0.001
LSTM5_2f9c7d4d,LSTM5,loso_subject_S011,45,0.011490656345106511,,0.0781977764224216,,0.001
LSTM5_2f9c7d4d,LSTM5,loso_subject_S011,46,0.0108864870412417,,0.07650215206894462,,0.001
LSTM5_2f9c7d4d,LSTM5,loso_subject_S011,47,0.011912219980196252,,0.07941727312440887,,0.001
LSTM5_2f9c7d4d,LSTM5,loso_subject_S011,48,0.010330990521147547,,0.07458742113387505,,0.001
LSTM5_2f9c7d4d,LSTM5,loso_subject_S011,49,0.010814529650225842,,0.07435002312612064,,0.001
LSTM5_2f9c7d4d,LSTM5,loso_subject_S011,50,0.01075674917168842,,0.07545975803873627,,0.001
LSTM5_2f9c7d4d,LSTM5,loso_subject_S011,51,0.010583471935840466,,0.07457273555914705,,0.001
LSTM5_2f9c7d4d,LSTM5,loso_subject_S011,52,0.010902876627126516,,0.07577914560955464,,0.001
LSTM5_2f9c7d4d,LSTM5,loso_subject_S011,53,0.010972358424077606,,0.07736182006404907,,0.001
LSTM5_2f9c7d4d,LSTM5,loso_subject_S011,54,0.010792882796878536,,0.0757238726285472,,0.001
LSTM5_2f9c7d4d,LSTM5,loso_subject_S011,55,0.01151381496287948,,0.07792117239850473,,0.001
LSTM5_2f9c7d4d,LSTM5,loso_subject_S011,56,0.010463180289093014,,0.07392271764765497,,0.001
LSTM5_2f9c7d4d,LSTM5,loso_subject_S011,57,0.010345060941157934,,0.07296206289733524,,0.001
LSTM5_2f9c7d4d,LSTM5,loso_subject_S011,58,0.010558310608224724,,0.07330626123143502,,0.001
LSTM5_2f9c7d4d,LSTM5,loso_subject_S011,59,0.01046529537715994,,0.0731831036627694,,0.001
LSTM5_2f9c7d4d,LSTM5,loso_subject_S011,60,0.01029477790354957,,0.07264175636434357,,0.001
LSTM5_2f9c7d4d,LSTM5,loso_subject_S011,61,0.010689946148083471,,0.0741515790494781,,0.001
LSTM5_2f9c7d4d,LSTM5,loso_subject_S011,62,0.01093504869064161,,0.07561073063692857,,0.001
LSTM5_2f9c7d4d,LSTM5,loso_subject_S011,63,0.010742724011133699,,0.07388364206874141,,0.001
LSTM5_2f9c7d4d,LSTM5,loso_subject_S011,64,0.010114849595703157,,0.07384451069728752,,0.001
LSTM5_2f9c7d4d,LSTM5,loso_subject_S011,65,0.010524798997309867,,0.07420083286230086,,0.001
LSTM5_2f9c7d4d,LSTM5,loso_subject_S011,66,0.01072088790915671,,0.07496167762192466,,0.001
LSTM5_2f9c7d4d,LSTM5,loso_subject_S011,67,0.010836105012869754,,0.07556997024290676,,0.001
LSTM5_2f9c7d4d,LSTM5,loso_subject_S011,68,0.010192872449497155,,0.07342450693828463,,0.001
LSTM5_2f9c7d4d,LSTM5,loso_subject_S011,69,0.010358604837396118,,0.07388397007563273,,0.001
LSTM5_2f9c7d4d,LSTM5,loso_subject_S011,70,0.010526651599994753,,0.07433074902586835,,0.001
LSTM5_2f9c7d4d,LSTM5,loso_subject_S011,71,0.010041896171833122,,0.0722874490817182,,0.001
LSTM5_2f9c7d4d,LSTM5,loso_subject_S011,72,0.010499409271152386,,0.07370812388388744,,0.001
LSTM5_2f9c7d4d,LSTM5,loso_subject_S011,73,0.01065015760918376,,0.07520232955789641,,0.001
LSTM5_2f9c7d4d,LSTM5,loso_subject_S011,74,0.011038715761600535,,0.07560392775910929,,0.001
LSTM5_2f9c7d4d,LSTM5,loso_subject_S011,75,0.009606904598605998,,0.07037170939745525,,0.001
LSTM5_2f9c7d4d,LSTM5,loso_subject_S011,76,0.009872944834572179,,0.07117459500533568,,0.001
LSTM5_2f9c7d4d,LSTM5,loso_subject_S011,77,0.010377315190875857,,0.07266515919746727,,0.001
LSTM5_2f9c7d4d,LSTM5,loso_subject_S011,78,0.009455546456982841,,0.06969704975941711,,0.001
LSTM5_2f9c7d4d,LSTM5,loso_subject_S011,79,0.010266111590328001,,0.0726562774861217,,0.001
LSTM5_2f9c7d4d,LSTM5,loso_subject_S011,80,0.010582631218991306,,0.07500023850886578,,0.001
LSTM5_2f9c7d4d,LSTM5,loso_subject_S012,1,0.29947890772732305,,0.3933681232575471,,0.001
LSTM5_2f9c7d4d,LSTM5,loso_subject_S012,2,0.05655497881991233,,0.17433921328713634,,0.001
LSTM5_2f9c7d4d,LSTM5,loso_subject_S012,3,0.034989824671142804,,0.13874271318569803,,0.001
LSTM5_2f9c7d4d,LSTM5,loso_subject_S012,4,0.02987467385982036,,0.12771190753967598,,0.001
LSTM5_2f9c7d4d,LSTM5,loso_subject_S012,5,0.024560169832630294,,0.11705094085318228,,0.001
LSTM5_2f9c7d4d,LSTM5,loso_subject_S012,6,0.022511542233024782,,0.11140153211978586,,0.001
LSTM5_2f9c7d4d,LSTM5,loso_subject_S012,7,0.020262906769274253,,0.10667673193996927,,0.001
LSTM5_2f9c7d4d,LSTM5,loso_subject_S012,8,0.019023833114083805,,0.10151089800426728,,0.001
LSTM5_2f9c7d4d,LSTM5,loso_subject_S012,9,0.0180253614813074,,0.10119136051303146,,0.001
LSTM5_2f9c7d4d,LSTM5,loso_subject_S012,10,0.016243116399450808,,0.0949764504783059,,0.001
LSTM5_2f9c7d4d,LSTM5,loso_subject_S012,11,0.017089457602836557,,0.09677630807630552,,0.001
LSTM5_2f9c7d4d,LSTM5,loso_subject_S012,12,0.014659112655701157,,0.0902881153208088,,0.001
LSTM5_2f9c7d4d,LSTM5,loso_subject_S012,13,0.015775254299496635,,0.09238998737380039,,0.001
LSTM5_2f9c7d4d,LSTM5,loso_subject_S012,14,0.013332534491217424,,0.0864543783095066,,0.001
LSTM5_2f9c7d4d,LSTM5,loso_subject_S012,15,0.013892157797138833,,0.08688139951740387,,0.001
LSTM5_2f9c7d4d,LSTM5,loso_subject_S012,16,0.013438848108782528,,0.08593653473333254,,0.001
LSTM5_2f9c7d4d,LSTM5,loso_subject_S012,17,0.013484741239638165,,0.08499778196837471,,0.001
LSTM5_2f9c7d4d,LSTM5,loso_subject_S012,18,0.013108396120580554,,0.08557801636483853,,0.001
LSTM5_2f9c7d4d,LSTM5,loso_subject_S012,19,0.013190970312283863,,0.08498142017862466,,0.001
LSTM5_2f9c7d4d,LSTM5,loso_subject_S012,20,0.01278187676262358,,0.08276081114377883,,0.001
LSTM5_2f9c7d4d,LSTM5,loso_subject_S012,21,0.014265340195353624,,0.08823963639694413,,0.001
LSTM5_2f9c7d4d,LSTM5,loso_subject_S012,22,0.012903718919805619,,0.0825432173136213,,0.001
LSTM5_2f9c7d4d,LSTM5,loso_subject_S012,23,0.012374904265820151,,0.08207077983265866,,0.001
LSTM5_2f9c7d4d,LSTM5,loso_subject_S012,24,0.011797624483266975,,0.08059969871453192,,0.001
LSTM5_2f9c7d4d,LSTM5,loso_subject_S012,25,0.01266760311949766,,0.08154313116574767,,0.001
LSTM5_2f9c7d4d,LSTM5,loso_subject_S012,26,0.01128435367118569,,0.07773605108813857,,0.001
LSTM5_2f9c7d4d,LSTM5,loso_subject_S012,27,0.012713683250186018,,0.0825526259804988,,0.001
LSTM5_2f9c7d4d,LSTM5,loso_subject_S012,28,0.0122063401107672,,0.08041267609823494,,0.001
LSTM5_2f9c7d4d,LSTM5,loso_subject_S012,29,0.012144294038169289,,0.0803693048483253,,0.001
LSTM5_2f9c7d4d,LSTM5,loso_subject_S012,30,0.011863952118755615,,0.07922966572149459,,0.001
LSTM5_2f9c7d4d,LSTM5,loso_subject_S012,31,0.01134793231400984,,0.07899847984436797,,0.001
LSTM5_2f9c7d4d,LSTM5,loso_subject_S012,32,0.010947724756300603,,0.07592303340027223,,0.001
LSTM5_2f9c7d4d,LSTM5,loso_subject_S012,33,0.010327803782374051,,0.07501635772628554,,0.001
LSTM5_2f9c7d4d,LSTM5,loso_subject_S012,34,0.012348649411096148,,0.08098782709521894,,0.001
LSTM5_2f9c7d4d,LSTM5,loso_subject_S012,35,0.01151316903415436,,0.07823318526885793,,0.001
LSTM5_2f9c7d4d,LSTM5,loso_subject_S012,36,0.010729989591104999,,0.07645800538526129,,0.001
LSTM5_2f9c7d4d,LSTM5,loso_subject_S012,37,0.011144824586098554,,0.07684904187226775,,0.001
LSTM5_2f9c7d4d,LSTM5,loso_subject_S012,38,0.011335485770776369,,0.07766352479894525,,0.001
LSTM5_2f9c7d4d,LSTM5,loso_subject_S012,39,0.01214732977070801,,0.07987462302371437,,0.001
LSTM5_2f9c7d4d,LSTM5,loso_subject_S012,40,0.011082693629277728,,0.07725256216212807,,0.001
LSTM5_2f9c7d4d,LSTM5,loso_subject_S012,41,0.010666417164775068,,0.07535155133249709,,0.001
LSTM5_2f9c7d4d,LSTM5,loso_subject_S012,42,0.0104183932720256,,0.07479229179824645,,0.001
LSTM5_2f9c7d4d,LSTM5,loso_subject_S012,43,0.010849123940616462,,0.07497475589522377,,0.001
LSTM5_2f9c7d4d,LSTM5,loso_subject_S012,44,0.010165402022781045,,0.07390638469252496,,0.001
LSTM5_2f9c7d4d,LSTM5,loso_subject_S012,45,0.010814973351817688,,0.07417338831270558,,0.001
LSTM5_2f9c7d4d,LSTM5,loso_subject_S012,46,0.010659605967114108,,0.07496974760803717,,0.001
LSTM5_2f9c7d4d,LSTM5,loso_subject_S012,47,0.01044026280176096,,0.07402348798584041,,0.001
LSTM5_2f9c7d4d,LSTM5,loso_subject_S012,48,0.010799452328995937,,0.07629645431950681,,0.001
LSTM5_2f9c7d4d,LSTM5,loso_subject_S012,49,0.011185029361326015,,0.07637066986759197,,0.001
LSTM5_2f9c7d4d,LSTM5,loso_subject_S012,50,0.011139086847822577,,0.0760316627962819,,0.001
LSTM5_2f9c7d4d,LSTM5,loso_subject_S012,51,0.011223876351727646,,0.07663981588475793,,0.001
LSTM5_2f9c7d4d,LSTM5,loso_subject_S012,52,0.010974076760540314,,0.07452649217039455,,0.001
LSTM5_2f9c7d4d,LSTM5,loso_subject_S012,53,0.010529270567410634,,0.07438234768381811,,0.001
LSTM5_2f9c7d4d,LSTM5,loso_subject_S012,54,0.010234109133468545,,0.07348915179908307,,0.001
LSTM5_2f9c7d4d,LSTM5,loso_subject_S012,55,0.010852271103190276,,0.07573321978727117,,0.001
LSTM5_2f9c7d4d,LSTM5,loso_subject_S012,56,0.010713802601149836,,0.07492621788454694,,0.001
LSTM5_2f9c7d4d,LSTM5,loso_subject_S012,57,0.010205331834014899,,0.073276360369048,,0.001
LSTM5_2f9c7d4d,LSTM5,loso_subject_S012,58,0.010597451500276018,,0.07333506391964764,,0.001
LSTM5_2f9c7d4d,LSTM5,loso_subject_S012,59,0.009732812887517326,,0.07112517537974256,,0.001
LSTM5_2f9c7d4d,LSTM5,loso_subject_S012,60,0.011062561260130388,,0.07668755733010267,,0.001
LSTM5_2f9c7d4d,LSTM5,loso_subject_S012,61,0.010993533605102225,,0.07600439124918672,,0.001
LSTM5_2f9c7d4d,LSTM5,loso_subject_S012,62,0.010337843189744345,,0.07288257094049257,,0.001
LSTM5_2f9c7d4d,LSTM5,loso_subject_S012,63,0.010067999074096412,,0.07300970349835097,,0.001
LSTM5_2f9c7d4d,LSTM5,loso_subject_S012,64,0.010147153933919748,,0.0744942898398082,,0.001
LSTM5_2f9c7d4d,LSTM5,loso_subject_S012,65,0.01005302530956646,,0.07202096638499554,,0.001
LSTM5_2f9c7d4d,LSTM5,loso_subject_S012,66,0.009633465568328229,,0.07016868146576874,,0.001
LSTM5_2f9c7d4d,LSTM5,loso_subject_S012,67,0.011688405450669561,,0.0777115368623515,,0.001
LSTM5_2f9c7d4d,LSTM5,loso_subject_S012,68,0.010665852116350813,,0.07305129661211827,,0.001
LSTM5_2f9c7d4d,LSTM5,loso_subject_S012,69,0.01019464698963209,,0.0728087616927964,,0.001
LSTM5_2f9c7d4d,LSTM5,loso_subject_S012,70,0.010226010875119063,,0.0717673372594368,,0.001
LSTM5_2f9c7d4d,LSTM5,loso_subject_S012,71,0.009651805531609724,,0.07204622280530129,,0.001
LSTM5_2f9c7d4d,LSTM5,loso_subject_S012,72,0.009675064602543373,,0.07174601194740017,,0.001
LSTM5_2f9c7d4d,LSTM5,loso_subject_S012,73,0.010777466847440865,,0.07399453671667332,,0.001
LSTM5_2f9c7d4d,LSTM5,loso_subject_S012,74,0.010497020373273486,,0.07325363280860989,,0.001
LSTM5_2f9c7d4d,LSTM5,loso_subject_S012,75,0.009380344127289018,,0.06999392530725888,,0.001
LSTM5_2f9c7d4d,LSTM5,loso_subject_S012,76,0.00999882518199149,,0.07050683433050842,,0.001
LSTM5_2f9c7d4d,LSTM5,loso_subject_S012,77,0.009899204629024761,,0.07230246302348814,,0.001
LSTM5_2f9c7d4d,LSTM5,loso_subject_S012,78,0.00947092435937346,,0.07056221910615608,,0.001
LSTM5_2f9c7d4d,LSTM5,loso_subject_S012,79,0.010546465182896666,,0.0731545540531507,,0.001
LSTM5_2f9c7d4d,LSTM5,loso_subject_S012,80,0.010256326148485106,,0.07204463656479276,,0.001
LSTM5_2f9c7d4d,LSTM5,loso_subject_S013,1,0.29814799861026503,,0.38785465982540573,,0.001
LSTM5_2f9c7d4d,LSTM5,loso_subject_S013,2,0.055074417573355496,,0.17417822987944992,,0.001
LSTM5_2f9c7d4d,LSTM5,loso_subject_S013,3,0.03704644868830367,,0.142944127534117,,0.001
LSTM5_2f9c7d4d,LSTM5,loso_subject_S013,4,0.02950748081008593,,0.12817738824105138,,0.001
LSTM5_2f9c7d4d,LSTM5,loso_subject_S013,5,0.02634696430630154,,0.11990537704929473,,0.001
LSTM5_2f9c7d4d,LSTM5,loso_subject_S013,6,0.02265083836933608,,0.11140759797796371,,0.001
LSTM5_2f9c7d4d,LSTM5,loso_subject_S013,7,0.019597156420744284,,0.10563791008695723,,0.001
LSTM5_2f9c7d4d,LSTM5,loso_subject_S013,8,0.01801447403178644,,0.10168155772345407,,0.001
LSTM5_2f9c7d4d,LSTM5,loso_subject_S013,9,0.01906406880804786,,0.10406310366732734,,0.001
LSTM5_2f9c7d4d,LSTM5,loso_subject_S013,10,0.016514656593205123,,0.09553189642293744,,0.001
LSTM5_2f9c7d4d,LSTM5,loso_subject_S013,11,0.015262749588619623,,0.09365193241881946,,0.001
LSTM5_2f9c7d4d,LSTM5,loso_subject_S013,12,0.015675364966903416,,0.09357209139400058,,0.001
LSTM5_2f9c7d4d,LSTM5,loso_subject_S013,13,0.017065953295776454,,0.09718197289282683,,0.001
LSTM5_2f9c7d4d,LSTM5,loso_subject_S013,14,0.014595972756219525,,0.09018975273957328,,0.001
LSTM5_2f9c7d4d,LSTM5,loso_subject_S013,15,0.014037358120241494,,0.08777457946349704,,0.001
LSTM5_2f9c7d4d,LSTM5,loso_subject_S013,16,0.0140616431691876,,0.08628107106717176,,0.001
LSTM5_2f9c7d4d,LSTM5,loso_subject_S013,17,0.01396164916574009,,0.08734613088545976,,0.001
LSTM5_2f9c7d4d,LSTM5,loso_subject_S013,18,0.014202765961764036,,0.08682252591249173,,0.001
LSTM5_2f9c7d4d,LSTM5,loso_subject_S013,19,0.013898775062311894,,0.08790746751443419,,0.001
LSTM5_2f9c7d4d,LSTM5,loso_subject_S013,20,0.013662306142468302,,0.08692373276229888,,0.001
LSTM5_2f9c7d4d,LSTM5,loso_subject_S013,21,0.01289092730435114,,0.08273775300020894,,0.001
LSTM5_2f9c7d4d,LSTM5,loso_subject_S013,22,0.013827831481174424,,0.08673793376280517,,0.001
LSTM5_2f9c7d4d,LSTM5,loso_subject_S013,23,0.013428133672408799,,0.08338618715682988,,0.001
LSTM5_2f9c7d4d,LSTM5,loso_subject_S013,24,0.012200164976258757,,0.08071660848048628,,0.001
LSTM5_2f9c7d4d,LSTM5,loso_subject_S013,25,0.012876105881123631,,0.08300013805507983,,0.001
LSTM5_2f9c7d4d,LSTM5,loso_subject_S013,26,0.012972591440907863,,0.08344578110667134,,0.001
LSTM5_2f9c7d4d,LSTM5,loso_subject_S013,27,0.011643186899483519,,0.07919607238164024,,0.001
LSTM5_2f9c7d4d,LSTM5,loso_subject_S013,28,0.012929136658865938,,0.08274255937369412,,0.001
LSTM5_2f9c7d4d,LSTM5,loso_subject_S013,29,0.012897448438323206,,0.0840982455030951,,0.001
LSTM5_2f9c7d4d,LSTM5,loso_subject_S013,30,0.011708226701412252,,0.0790846787353672,,0.001
LSTM5_2f9c7d4d,LSTM5,loso_subject_S013,31,0.012087610600486635,,0.07880360684382222,,0.001
LSTM5_2f9c7d4d,LSTM5,loso_subject_S013,32,0.013554571480761286,,0.08501070748088221,,0.001
LSTM5_2f9c7d4d,LSTM5,loso_subject_S013,33,0.012189245692986463,,0.08111576059902156,,0.001
LSTM5_2f9c7d4d,LSTM5,loso_subject_S013,34,0.01116114239844065,,0.07710349472269179,,0.001
LSTM5_2f9c7d4d,LSTM5,loso_subject_S013,35,0.01198603012278755,,0.07865954783385393,,0.001
LSTM5_2f9c7d4d,LSTM5,loso_subject_S013,36,0.010846793009017511,,0.07572787055578181,,0.001
LSTM5_2f9c7d4d,LSTM5,loso_subject_S013,37,0.01178518895690561,,0.07828757189726704,,0.001
LSTM5_2f9c7d4d,LSTM5,loso_subject_S013,38,0.012474131221863288,,0.07972363015567815,,0.001
LSTM5_2f9c7d4d,LSTM5,loso_subject_S013,39,0.011411773640337209,,0.07708731046508228,,0.001
LSTM5_2f9c7d4d,LSTM5,loso_subject_S013,40,0.011213931058922773,,0.07758021774115385,,0.001
LSTM5_2f9c7d4d,LSTM5,loso_subject_S013,41,0.012517212694954304,,0.08196419037523724,,0.001
LSTM5_2f9c7d4d,LSTM5,loso_subject_S013,42,0.010277406683576013,,0.07404877915584221,,0.001
LSTM5_2f9c7d4d,LSTM5,loso_subject_S013,43,0.011095144566414611,,0.07643440881024592,,0.001
LSTM5_2f9c7d4d,LSTM5,loso_subject_S013,44,0.011551814538145822,,0.0775755540719108,,0.001
LSTM5_2f9c7d4d,LSTM5,loso_subject_S013,45,0.010645590799431953,,0.07384401793202396,,0.001
LSTM5_2f9c7d4d,LSTM5,loso_subject_S013,46,0.011192896889976014,,0.07790777425444316,,0.001
LSTM5_2f9c7d4d,LSTM5,loso_subject_S013,47,0.011133886481482516,,0.0767168199022611,,0.001
LSTM5_2f9c7d4d,LSTM5,loso_subject_S013,48,0.0114651092599151,,0.07809692927138515,,0.001
LSTM5_2f9c7d4d,LSTM5,loso_subject_S013,49,0.011715108843732171,,0.07784457779119885,,0.001
LSTM5_2f9c7d4d,LSTM5,loso_subject_S013,50,0.010967933295895814,,0.0746767642360831,,0.001
LSTM5_2f9c7d4d,LSTM5,loso_subject_S013,51,0.010271789691110374,,0.07492173241559791,,0.001
LSTM5_2f9c7d4d,LSTM5,loso_subject_S013,52,0.010627522688142207,,0.07526320504448401,,0.001
LSTM5_2f9c7d4d,LSTM5,loso_subject_S013,53,0.010597182678245994,,0.07518905595969902,,0.001
LSTM5_2f9c7d4d,LSTM5,loso_subject_S013,54,0.010668782115034345,,0.07461367076824582,,0.001
LSTM5_2f9c7d4d,LSTM5,loso_subject_S013,55,0.010542626007800064,,0.07411020707201074,,0.001
LSTM5_2f9c7d4d,LSTM5,loso_subject_S013,56,0.010638273417673729,,0.07419349882337782,,0.001
LSTM5_2f9c7d4d,LSTM5,loso_subject_S013,57,0.010653060709961528,,0.07429650012778227,,0.001
LSTM5_2f9c7d4d,LSTM5,loso_subject_S013,58,0.010717831390032732,,0.07392466706100595,,0.001
LSTM5_2f9c7d4d,LSTM5,loso_subject_S013,59,0.011228515925723567,,0.07621286846894436,,0.001
LSTM5_2f9c7d4d,LSTM5,loso_subject_S013,60,0.01056543375204056,,0.0742536131943029,,0.001
LSTM5_2f9c7d4d,LSTM5,loso_subject_S013,61,0.011040693111520596,,0.07436291067688554,,0.001
LSTM5_2f9c7d4d,LSTM5,loso_subject_S013,62,0.010103673628831982,,0.07243064886363094,,0.001
LSTM5_2f9c7d4d,LSTM5,loso_subject_S013,63,0.01144115801742941,,0.07740006330152037,,0.001
LSTM5_2f9c7d4d,LSTM5,loso_subject_S013,64,0.010910125163497118,,0.07535137761206855,,0.001
LSTM5_2f9c7d4d,LSTM5,loso_subject_S013,65,0.011206613481044769,,0.07693301779883248,,0.001
LSTM5_2f9c7d4d,LSTM5,loso_subject_S013,66,0.010948279011679232,,0.07605592151955953,,0.001
LSTM5_2f9c7d4d,LSTM5,loso_subject_S013,67,0.010241445694266568,,0.07332999707056732,,0.001
LSTM5_2f9c7d4d,LSTM5,loso_subject_S013,68,0.009860700510304283,,0.07115783285369318,,0.001
LSTM5_2f9c7d4d,LSTM5,loso_subject_S013,69,0.010275823074003692,,0.07281370468871304,,0.001
LSTM5_2f9c7d4d,LSTM5,loso_subject_S013,70,0.011394830914362082,,0.0752827791782914,,0.001
LSTM5_2f9c7d4d,LSTM5,loso_subject_S013,71,0.01051855449054745,,0.07303645560350368,,0.001
LSTM5_2f9c7d4d,LSTM5,loso_subject_S013,72,0.010395757501166334,,0.07246325276200734,,0.001
LSTM5_2f9c7d4d,LSTM5,loso_subject_S013,73,0.011705414350661967,,0.07621194162854442,,0.001
LSTM5_2f9c7d4d,LSTM5,loso_subject_S013,74,0.009879985049357096,,0.07300202654546531,,0.001
LSTM5_2f9c7d4d,LSTM5,loso_subject_S013,75,0.0104284127218225,,0.07320690612313609,,0.001
LSTM5_2f9c7d4d,LSTM5,loso_subject_S013,76,0.009848082239034946,,0.07223565521694365,,0.001
LSTM5_2f9c7d4d,LSTM5,loso_subject_S013,77,0.013161879281202953,,0.08129406466528222,,0.001
LSTM5_2f9c7d4d,LSTM5,loso_subject_S013,78,0.009981078203064118,,0.07120580298126375,,0.001
LSTM5_2f9c7d4d,LSTM5,loso_subject_S013,79,0.01029207689401807,,0.07212410294820391,,0.001
LSTM5_2f9c7d4d,LSTM5,loso_subject_S013,80,0.010771216554616493,,0.0730708259083922,,0.001
LSTM5_2f9c7d4d,LSTM5,loso_subject_S014,1,0.29678390835469903,,0.39094070080938986,,0.001
LSTM5_2f9c7d4d,LSTM5,loso_subject_S014,2,0.05807804841608699,,0.17480664357207346,,0.001
LSTM5_2f9c7d4d,LSTM5,loso_subject_S014,3,0.03681836683535339,,0.14093103905727003,,0.001
LSTM5_2f9c7d4d,LSTM5,loso_subject_S014,4,0.02860744931037948,,0.1256184124974695,,0.001
LSTM5_2f9c7d4d,LSTM5,loso_subject_S014,5,0.02571381424783474,,0.12011964239800645,,0.001
LSTM5_2f9c7d4d,LSTM5,loso_subject_S014,6,0.021894967110291895,,0.11143814116294874,,0.001
LSTM5_2f9c7d4d,LSTM5,loso_subject_S014,7,0.018916214667963165,,0.10360829053264191,,0.001
LSTM5_2f9c7d4d,LSTM5,loso_subject_S014,8,0.01916187349365387,,0.10384073878861398,,0.001
LSTM5_2f9c7d4d,LSTM5,loso_subject_S014,9,0.020109871740956905,,0.10487882888960301,,0.001
LSTM5_2f9c7d4d,LSTM5,loso_subject_S014,10,0.017119368035765827,,0.09811761589684743,,0.001
LSTM5_2f9c7d4d,LSTM5,loso_subject_S014,11,0.016475233184481054,,0.09536514195504771,,0.001
LSTM5_2f9c7d4d,LSTM5,loso_subject_S014,12,0.015738495233804845,,0.09429158047895396,,0.001
LSTM5_2f9c7d4d,LSTM5,loso_subject_S014,13,0.015051768675559693,,0.09114617850844182,,0.001
LSTM5_2f9c7d4d,LSTM5,loso_subject_S014,14,0.0151143217739352,,0.09177091070624033,,0.001
LSTM5_2f9c7d4d,LSTM5,loso_subject_S014,15,0.013761503017966569,,0.08651091727428627,,0.001
LSTM5_2f9c7d4d,LSTM5,loso_subject_S014,16,0.013912433500788548,,0.08751839912565296,,0.001
LSTM5_2f9c7d4d,LSTM5,loso_subject_S014,17,0.013128612995452128,,0.08513879561343075,,0.001
LSTM5_2f9c7d4d,LSTM5,loso_subject_S014,18,0.013497384565586254,,0.08443286060709301,,0.001
LSTM5_2f9c7d4d,LSTM5,loso_subject_S014,19,0.013488788891929086,,0.08399718702463907,,0.001
LSTM5_2f9c7d4d,LSTM5,loso_subject_S014,20,0.01378939212131572,,0.08630278781876007,,0.001
LSTM5_2f9c7d4d,LSTM5,loso_subject_S014,21,0.012132769427128086,,0.08120804115731782,,0.001
LSTM5_2f9c7d4d,LSTM5,loso_subject_S014,22,0.01187067855766161,,0.0805388915993082,,0.001
LSTM5_2f9c7d4d,LSTM5,loso_subject_S014,23,0.012525521584670853,,0.08026282244980054,,0.001
LSTM5_2f9c7d4d,LSTM5,loso_subject_S014,24,0.012319940585797216,,0.08147236783664348,,0.001
LSTM5_2f9c7d4d,LSTM5,loso_subject_S014,25,0.011915105149869975,,0.07973199962180219,,0.001
LSTM5_2f9c7d4d,LSTM5,loso_subject_S014,26,0.011980564837212757,,0.08026769427868508,,0.001
LSTM5_2f9c7d4d,LSTM5,loso_subject_S014,27,0.012131714853841076,,0.08121149944831339,,0.001
LSTM5_2f9c7d4d,LSTM5,loso_subject_S014,28,0.01214168697738051,,0.08083281688677071,,0.001
LSTM5_2f9c7d4d,LSTM5,loso_subject_S014,29,0.012603450490424245,,0.08045396570949545,,0.001
LSTM5_2f9c7d4d,LSTM5,loso_subject_S014,30,0.011629762723427237,,0.07900677048813429,,0.001
LSTM5_2f9c7d4d,LSTM5,loso_subject_S014,31,0.01178583757431798,,0.07923893158257227,,0.001
LSTM5_2f9c7d4d,LSTM5,loso_subject_S014,32,0.011196469115810502,,0.07757167660983962,,0.001
LSTM5_2f9c7d4d,LSTM5,loso_subject_S014,33,0.011584775200364413,,0.07837856038351095,,0.001
LSTM5_2f9c7d4d,LSTM5,loso_subject_S014,34,0.010912057631900325,,0.07651230913375671,,0.001
LSTM5_2f9c7d4d,LSTM5,loso_subject_S014,35,0.011069833063908338,,0.07678024101594533,,0.001
LSTM5_2f9c7d4d,LSTM5,loso_subject_S014,36,0.010888172603847002,,0.0761924974265181,,0.001
LSTM5_2f9c7d4d,LSTM5,loso_subject_S014,37,0.011003477698911104,,0.07700741766415821,,0.001
LSTM5_2f9c7d4d,LSTM5,loso_subject_S014,38,0.01222312802935752,,0.07978270993987074,,0.001
LSTM5_2f9c7d4d,LSTM5,loso_subject_S014,39,0.010276502247113342,,0.0739036854015026,,0.001
LSTM5_2f9c7d4d,LSTM5,loso_subject_S014,40,0.011104271913531753,,0.07592760682137241,,0.001
LSTM5_2f9c7d4d,LSTM5,loso_subject_S014,41,0.010945772983898755,,0.07575896699244968,,0.001
LSTM5_2f9c7d4d,LSTM5,loso_subject_S014,42,0.010694695929833237,,0.07415609186414714,,0.001
LSTM5_2f9c7d4d,LSTM5,loso_subject_S014,43,0.010962742259808865,,0.07585438279236968,,0.001
LSTM5_2f9c7d4d,LSTM5,loso_subject_S014,44,0.011245784561470299,,0.07606503160571852,,0.001
LSTM5_2f9c7d4d,LSTM5,loso_subject_S014,45,0.010421383887872825,,0.07493124037957616,,0.001
LSTM5_2f9c7d4d,LSTM5,loso_subject_S014,46,0.011362866084337734,,0.0768089541797553,,0.001
LSTM5_2f9c7d4d,LSTM5,loso_subject_S014,47,0.01050353892178764,,0.07425938144661857,,0.001
LSTM5_2f9c7d4d,LSTM5,loso_subject_S014,48,0.012084992883962102,,0.07945812786668305,,0.001
LSTM5_2f9c7d4d,LSTM5,loso_subject_S014,49,0.010549755759182058,,0.07330329281425776,,0.001
LSTM5_2f9c7d4d,LSTM5,loso_subject_S014,50,0.011097817208994552,,0.0766156608557876,,0.001
LSTM5_2f9c7d4d,LSTM5,loso_subject_S014,51,0.011439647197219918,,0.07548696373288329,,0.001
LSTM5_2f9c7d4d,LSTM5,loso_subject_S014,52,0.011374372895514313,,0.07730270057502937,,0.001
LSTM5_2f9c7d4d,LSTM5,loso_subject_S014,53,0.010010055046784216,,0.07264914351133478,,0.001
LSTM5_2f9c7d4d,LSTM5,loso_subject_S014,54,0.011030099366392966,,0.07518141525087711,,0.001
LSTM5_2f9c7d4d,LSTM5,loso_subject_S014,55,0.010587862742534947,,0.07509997572931337,,0.001
LSTM5_2f9c7d4d,LSTM5,loso_subject_S014,56,0.010921620544301801,,0.07444279088851917,,0.001
LSTM5_2f9c7d4d,LSTM5,loso_subject_S014,57,0.010281169882669632,,0.07328290308861285,,0.001
LSTM5_2f9c7d4d,LSTM5,loso_subject_S014,58,0.010210556790160455,,0.07287713174984803,,0.001
LSTM5_2f9c7d4d,LSTM5,loso_subject_S014,59,0.01150334774647757,,0.07599971001999986,,0.001
LSTM5_2f9c7d4d,LSTM5,loso_subject_S014,60,0.010251455019228648,,0.07301888795791027,,0.001
LSTM5_2f9c7d4d,LSTM5,loso_subject_S014,61,0.010042905414768731,,0.07213648213117518,,0.001
LSTM5_2f9c7d4d,LSTM5,loso_subject_S014,62,0.010594942785541914,,0.07281176931668228,,0.001
LSTM5_2f9c7d4d,LSTM5,loso_subject_S014,63,0.009947822963933067,,0.07189125348723578,,0.001
LSTM5_2f9c7d4d,LSTM5,loso_subject_S014,64,0.010104521447007197,,0.07309201797260671,,0.001
LSTM5_2f9c7d4d,LSTM5,loso_subject_S014,65,0.010331594194453883,,0.07451946823821136,,0.001
LSTM5_2f9c7d4d,LSTM5,loso_subject_S014,66,0.010506586031183296,,0.07371107889695465,,0.001
LSTM5_2f9c7d4d,LSTM5,loso_subject_S014,67,0.010231887391876212,,0.07285985917695971,,0.001
LSTM5_2f9c7d4d,LSTM5,loso_subject_S014,68,0.010217047962391795,,0.07270833088847091,,0.001
LSTM5_2f9c7d4d,LSTM5,loso_subject_S014,69,0.0100881143140369,,0.07237867918109445,,0.001
LSTM5_2f9c7d4d,LSTM5,loso_subject_S014,70,0.010295800505144519,,0.0725994860083099,,0.001
LSTM5_2f9c7d4d,LSTM5,loso_subject_S014,71,0.010276913118191091,,0.07348218842006092,,0.001
LSTM5_2f9c7d4d,LSTM5,loso_subject_S014,72,0.010887815321382426,,0.07408650962937371,,0.001
LSTM5_2f9c7d4d,LSTM5,loso_subject_S014,73,0.010410965046117979,,0.07319223335927041,,0.001
LSTM5_2f9c7d4d,LSTM5,loso_subject_S014,74,0.010765889411203801,,0.07269210587736198,,0.001
LSTM5_2f9c7d4d,LSTM5,loso_subject_S014,75,0.010045383924900345,,0.07259021220936583,,0.001
LSTM5_2f9c7d4d,LSTM5,loso_subject_S014,76,0.009652002103775037,,0.07040234075175211,,0.001
LSTM5_2f9c7d4d,LSTM5,loso_subject_S014,77,0.010837737400125714,,0.0743112443410145,,0.001
LSTM5_2f9c7d4d,LSTM5,loso_subject_S014,78,0.00965891641185601,,0.07100683616961154,,0.001
LSTM5_2f9c7d4d,LSTM5,loso_subject_S014,79,0.0098608115184496,,0.07106961217802067,,0.001
LSTM5_2f9c7d4d,LSTM5,loso_subject_S014,80,0.010360945991863437,,0.0732924743331559,,0.001
LSTM5_2f9c7d4d,LSTM5,loso_subject_S016,1,0.3103531236212922,,0.3988260347159502,,0.001
LSTM5_2f9c7d4d,LSTM5,loso_subject_S016,2,0.05258750992650608,,0.1708950028229106,,0.001
LSTM5_2f9c7d4d,LSTM5,loso_subject_S016,3,0.037224761085062716,,0.14288783200917726,,0.001
LSTM5_2f9c7d4d,LSTM5,loso_subject_S016,4,0.030173511317519903,,0.12942946607008912,,0.001
LSTM5_2f9c7d4d,LSTM5,loso_subject_S016,5,0.024955385834478965,,0.11674568690272666,,0.001
LSTM5_2f9c7d4d,LSTM5,loso_subject_S016,6,0.022061486137629576,,0.11047927282474374,,0.001
LSTM5_2f9c7d4d,LSTM5,loso_subject_S016,7,0.02112241157931574,,0.10643425792366815,,0.001
LSTM5_2f9c7d4d,LSTM5,loso_subject_S016,8,0.02048162697088326,,0.10623587964265371,,0.001
LSTM5_2f9c7d4d,LSTM5,loso_subject_S016,9,0.018099322911213803,,0.10131456859995115,,0.001
LSTM5_2f9c7d4d,LSTM5,loso_subject_S016,10,0.01660968163160577,,0.09581301273816233,,0.001
LSTM5_2f9c7d4d,LSTM5,loso_subject_S016,11,0.016455264763734195,,0.095235614210854,,0.001
LSTM5_2f9c7d4d,LSTM5,loso_subject_S016,12,0.016215799669021612,,0.09343667686495535,,0.001
LSTM5_2f9c7d4d,LSTM5,loso_subject_S016,13,0.014062265029318568,,0.08824808833773408,,0.001
LSTM5_2f9c7d4d,LSTM5,loso_subject_S016,14,0.01440859762727171,,0.08894701062133963,,0.001
LSTM5_2f9c7d4d,LSTM5,loso_subject_S016,15,0.014681684104148622,,0.0898789810468287,,0.001
LSTM5_2f9c7d4d,LSTM5,loso_subject_S016,16,0.014438462278247651,,0.08896632502200785,,0.001
LSTM5_2f9c7d4d,LSTM5,loso_subject_S016,17,0.013728165858402743,,0.08640507432287581,,0.001
LSTM5_2f9c7d4d,LSTM5,loso_subject_S016,18,0.013512697767457614,,0.08560588838431636,,0.001
LSTM5_2f9c7d4d,LSTM5,loso_subject_S016,19,0.012995883754831477,,0.08304779538882344,,0.001
LSTM5_2f9c7d4d,LSTM5,loso_subject_S016,20,0.013170982351961734,,0.08521870976868831,,0.001
LSTM5_2f9c7d4d,LSTM5,loso_subject_S016,21,0.013434192334273518,,0.08511087948991006,,0.001
LSTM5_2f9c7d4d,LSTM5,loso_subject_S016,22,0.012578867286509388,,0.08196485339861198,,0.001
LSTM5_2f9c7d4d,LSTM5,loso_subject_S016,23,0.013426548240927021,,0.08559050328888546,,0.001
LSTM5_2f9c7d4d,LSTM5,loso_subject_S016,24,0.013280417366421281,,0.08427112692296274,,0.001
LSTM5_2f9c7d4d,LSTM5,loso_subject_S016,25,0.01242856712495613,,0.08219233994575742,,0.001
LSTM5_2f9c7d4d,LSTM5,loso_subject_S016,26,0.013697695495096673,,0.08454429206991554,,0.001
LSTM5_2f9c7d4d,LSTM5,loso_subject_S016,27,0.012364463983762827,,0.08236573174468341,,0.001
LSTM5_2f9c7d4d,LSTM5,loso_subject_S016,28,0.011862203078226148,,0.0791918837617709,,0.001
LSTM5_2f9c7d4d,LSTM5,loso_subject_S016,29,0.01194414210408957,,0.07935017166914704,,0.001
LSTM5_2f9c7d4d,LSTM5,loso_subject_S016,30,0.011071573512612738,,0.07772110116885121,,0.001
LSTM5_2f9c7d4d,LSTM5,loso_subject_S016,31,0.011661267966381667,,0.07969862617511715,,0.001
LSTM5_2f9c7d4d,LSTM5,loso_subject_S016,32,0.01055987644964761,,0.07579979845625705,,0.001
LSTM5_2f9c7d4d,LSTM5,loso_subject_S016,33,0.0121852358477661,,0.08103498435944574,,0.001
LSTM5_2f9c7d4d,LSTM5,loso_subject_S016,34,0.011123049287823296,,0.07700173383530848,,0.001
LSTM5_2f9c7d4d,LSTM5,loso_subject_S016,35,0.012154933667384592,,0.08099611393483401,,0.001
LSTM5_2f9c7d4d,LSTM5,loso_subject_S016,36,0.011601656342602809,,0.07831374571859327,,0.001
LSTM5_2f9c7d4d,LSTM5,loso_subject_S016,37,0.011510306125009829,,0.07834906007400101,,0.001
LSTM5_2f9c7d4d,LSTM5,loso_subject_S016,38,0.010472677102602685,,0.07460005728767918,,0.001
LSTM5_2f9c7d4d,LSTM5,loso_subject_S016,39,0.011280437550631356,,0.07751205128139246,,0.001
LSTM5_2f9c7d4d,LSTM5,loso_subject_S016,40,0.011027990473110285,,0.07694126546019744,,0.001
LSTM5_2f9c7d4d,LSTM5,loso_subject_S016,41,0.011651233893099352,,0.0776526214801681,,0.001
LSTM5_2f9c7d4d,LSTM5,loso_subject_S016,42,0.011648550771958189,,0.07787562114647055,,0.001
LSTM5_2f9c7d4d,LSTM5,loso_subject_S016,43,0.01069771602355274,,0.07524131331375482,,0.001
LSTM5_2f9c7d4d,LSTM5,loso_subject_S016,44,0.010476295795945544,,0.07513544934886028,,0.001
LSTM5_2f9c7d4d,LSTM5,loso_subject_S016,45,0.010837277097374951,,0.0752846765543687,,0.001
LSTM5_2f9c7d4d,LSTM5,loso_subject_S016,46,0.011974959650663922,,0.07965577635233162,,0.001
LSTM5_2f9c7d4d,LSTM5,loso_subject_S016,47,0.01046287293802094,,0.0754140779310352,,0.001
LSTM5_2f9c7d4d,LSTM5,loso_subject_S016,48,0.01041197650098827,,0.07384471383186272,,0.001
LSTM5_2f9c7d4d,LSTM5,loso_subject_S016,49,0.010927142559688095,,0.07526432306911156,,0.001
LSTM5_2f9c7d4d,LSTM5,loso_subject_S016,50,0.011349374776581022,,0.07632707764068848,,0.001
LSTM5_2f9c7d4d,LSTM5,loso_subject_S016,51,0.011324893532039311,,0.07615446500501424,,0.001
LSTM5_2f9c7d4d,LSTM5,loso_subject_S016,52,0.01035962499280204,,0.07371554572192195,,0.001
LSTM5_2f9c7d4d,LSTM5,loso_subject_S016,53,0.011410899622578803,,0.07648157859199368,,0.001
LSTM5_2f9c7d4d,LSTM5,loso_subject_S016,54,0.010491913024675113,,0.07394269106647404,,0.001
LSTM5_2f9c7d4d,LSTM5,loso_subject_S016,55,0.01012890549636904,,0.0738696735318473,,0.001
LSTM5_2f9c7d4d,LSTM5,loso_subject_S016,56,0.011106867665781825,,0.07560796690885038,,0.001
LSTM5_2f9c7d4d,LSTM5,loso_subject_S016,57,0.011822506531494475,,0.07809673766935153,,0.001
LSTM5_2f9c7d4d,LSTM5,loso_subject_S016,58,0.010274612000716731,,0.074050146558061,,0.001
LSTM5_2f9c7d4d,LSTM5,loso_subject_S016,59,0.010277677920910402,,0.0744205969068279,,0.001
LSTM5_2f9c7d4d,LSTM5,loso_subject_S016,60,0.010488997717596357,,0.07385806497481007,,0.001
LSTM5_2f9c7d4d,LSTM5,loso_subject_S016,61,0.010631741479590694,,0.07390101197194274,,0.001
LSTM5_2f9c7d4d,LSTM5,loso_subject_S016,62,0.010473383246252875,,0.07326503436252309,,0.001
LSTM5_2f9c7d4d,LSTM5,loso_subject_S016,63,0.011558239299698694,,0.07655730890291232,,0.001
LSTM5_2f9c7d4d,LSTM5,loso_subject_S016,64,0.010494857176313491,,0.07388940382249497,,0.001
LSTM5_2f9c7d4d,LSTM5,loso_subject_S016,65,0.010085518387143154,,0.07327959684199671,,0.001
LSTM5_2f9c7d4d,LSTM5,loso_subject_S016,66,0.010664024571135992,,0.07380658659155825,,0.001
LSTM5_2f9c7d4d,LSTM5,loso_subject_S016,67,0.010636777320279338,,0.07554866408502806,,0.001
LSTM5_2f9c7d4d,LSTM5,loso_subject_S016,68,0.01081879485358931,,0.07434019079059556,,0.001
LSTM5_2f9c7d4d,LSTM5,loso_subject_S016,69,0.010738767386989517,,0.0731239783770067,,0.001
LSTM5_2f9c7d4d,LSTM5,loso_subject_S016,70,0.010329829067492117,,0.07321109960185514,,0.001
LSTM5_2f9c7d4d,LSTM5,loso_subject_S016,71,0.009814414728142172,,0.07156351120214806,,0.001
LSTM5_2f9c7d4d,LSTM5,loso_subject_S016,72,0.010070554203517292,,0.07228891514985401,,0.001
LSTM5_2f9c7d4d,LSTM5,loso_subject_S016,73,0.010133640021124372,,0.07314980029287133,,0.001
LSTM5_2f9c7d4d,LSTM5,loso_subject_S016,74,0.010068561534073985,,0.07290043298996327,,0.001
LSTM5_2f9c7d4d,LSTM5,loso_subject_S016,75,0.010504181314434103,,0.07470387582963448,,0.001
LSTM5_2f9c7d4d,LSTM5,loso_subject_S016,76,0.01014184533182067,,0.07153614376504279,,0.001
LSTM5_2f9c7d4d,LSTM5,loso_subject_S016,77,0.009564605833214508,,0.06965275428511178,,0.001
LSTM5_2f9c7d4d,LSTM5,loso_subject_S016,78,0.0104838895920779,,0.0734560658813821,,0.001
LSTM5_2f9c7d4d,LSTM5,loso_subject_S016,79,0.010048413746269497,,0.07157255634510953,,0.001
LSTM5_2f9c7d4d,LSTM5,loso_subject_S016,80,0.010082780351171244,,0.07185263247541854,,0.001
LSTM5_2f9c7d4d,LSTM5,loso_subject_S017,1,0.30394023803362785,,0.3945044343940384,,0.001
LSTM5_2f9c7d4d,LSTM5,loso_subject_S017,2,0.055245370561233624,,0.17512896918851462,,0.001
LSTM5_2f9c7d4d,LSTM5,loso_subject_S017,3,0.03588839102863767,,0.14080326053387948,,0.001
LSTM5_2f9c7d4d,LSTM5,loso_subject_S017,4,0.02984231223340563,,0.12795855591237296,,0.001
LSTM5_2f9c7d4d,LSTM5,loso_subject_S017,5,0.024622684329062325,,0.11729994294658366,,0.001
LSTM5_2f9c7d4d,LSTM5,loso_subject_S017,6,0.022433646381774208,,0.11140191068709146,,0.001
LSTM5_2f9c7d4d,LSTM5,loso_subject_S017,7,0.020818442589443598,,0.10743615807474408,,0.001
LSTM5_2f9c7d4d,LSTM5,loso_subject_S017,8,0.01997747348629281,,0.10546585082010246,,0.001
LSTM5_2f9c7d4d,LSTM5,loso_subject_S017,9,0.019412311947433022,,0.10534220257438875,,0.001
LSTM5_2f9c7d4d,LSTM5,loso_subject_S017,10,0.017834345319125193,,0.09867881010890506,,0.001
LSTM5_2f9c7d4d,LSTM5,loso_subject_S017,11,0.01781398791695115,,0.09851762016448017,,0.001
LSTM5_2f9c7d4d,LSTM5,loso_subject_S017,12,0.016014010516856504,,0.09341539280434533,,0.001
LSTM5_2f9c7d4d,LSTM5,loso_subject_S017,13,0.016231081717370942,,0.09544914764465148,,0.001
LSTM5_2f9c7d4d,LSTM5,loso_subject_S017,14,0.015049359784558977,,0.09238882153976911,,0.001
LSTM5_2f9c7d4d,LSTM5,loso_subject_S017,15,0.014685470949874014,,0.08912874356099253,,0.001
LSTM5_2f9c7d4d,LSTM5,loso_subject_S017,16,0.015516175896272251,,0.09224552212275222,,0.001
LSTM5_2f9c7d4d,LSTM5,loso_subject_S017,17,0.014323506130209527,,0.08878847542043511,,0.001
LSTM5_2f9c7d4d,LSTM5,loso_subject_S017,18,0.013115929011021698,,0.0856900475451637,,0.001
LSTM5_2f9c7d4d,LSTM5,loso_subject_S017,19,0.013838400218682559,,0.08688712640661575,,0.001
LSTM5_2f9c7d4d,LSTM5,loso_subject_S017,20,0.01394666617572557,,0.08558581566835548,,0.001
LSTM5_2f9c7d4d,LSTM5,loso_subject_S017,21,0.013275188191260005,,0.08510872285236375,,0.001
LSTM5_2f9c7d4d,LSTM5,loso_subject_S017,22,0.012898301855742807,,0.08379028366574683,,0.001
LSTM5_2f9c7d4d,LSTM5,loso_subject_S017,23,0.012303325813263655,,0.08099513307650219,,0.001
LSTM5_2f9c7d4d,LSTM5,loso_subject_S017,24,0.0124486500483053,,0.08201852743221626,,0.001
LSTM5_2f9c7d4d,LSTM5,loso_subject_S017,25,0.01190966856178816,,0.08020090084195636,,0.001
LSTM5_2f9c7d4d,LSTM5,loso_subject_S017,26,0.01164678257021071,,0.079556532422369,,0.001
LSTM5_2f9c7d4d,LSTM5,loso_subject_S017,27,0.012546797598630314,,0.08203119335688308,,0.001
LSTM5_2f9c7d4d,LSTM5,loso_subject_S017,28,0.012152239471814248,,0.07974521488450062,,0.001
LSTM5_2f9c7d4d,LSTM5,loso_subject_S017,29,0.012411355337120249,,0.08203085945241122,,0.001
LSTM5_2f9c7d4d,LSTM5,loso_subject_S017,30,0.011746599549373075,,0.07889492445036957,,0.001
LSTM5_2f9c7d4d,LSTM5,loso_subject_S017,31,0.011809024877970937,,0.07916550210454973,,0.001
LSTM5_2f9c7d4d,LSTM5,loso_subject_S017,32,0.011765321206192341,,0.07907145273984725,,0.001
LSTM5_2f9c7d4d,LSTM5,loso_subject_S017,33,0.012296730523858858,,0.08185149361398929,,0.001
LSTM5_2f9c7d4d,LSTM5,loso_subject_S017,34,0.01190457953272629,,0.0796338997500711,,0.001
LSTM5_2f9c7d4d,LSTM5,loso_subject_S017,35,0.011155850826821068,,0.0765764664344209,,0.001
LSTM5_2f9c7d4d,LSTM5,loso_subject_S017,36,0.011928116006457157,,0.07910922598327554,,0.001
LSTM5_2f9c7d4d,LSTM5,loso_subject_S017,37,0.011985445975727366,,0.07869596352262975,,0.001
LSTM5_2f9c7d4d,LSTM5,loso_subject_S017,38,0.011157028427713834,,0.07777690616237569,,0.001
LSTM5_2f9c7d4d,LSTM5,loso_subject_S017,39,0.011501092144198498,,0.07836394314361915,,0.001
LSTM5_2f9c7d4d,LSTM5,loso_subject_S017,40,0.010877895640466503,,0.07590918495440582,,0.001
LSTM5_2f9c7d4d,LSTM5,loso_subject_S017,41,0.011174444830099658,,0.07709358991065285,,0.001
LSTM5_2f9c7d4d,LSTM5,loso_subject_S017,42,0.011575035045554698,,0.077852829417923,,0.001
LSTM5_2f9c7d4d,LSTM5,loso_subject_S017,43,0.01095489453851678,,0.07543519622486505,,0.001
LSTM5_2f9c7d4d,LSTM5,loso_subject_S017,44,0.0112717926899696,,0.07774934624652982,,0.001
LSTM5_2f9c7d4d,LSTM5,loso_subject_S017,45,0.011810764465792782,,0.07781393796392565,,0.001
LSTM5_2f9c7d4d,LSTM5,loso_subject_S017,46,0.010888524108009109,,0.07516609160346466,,0.001
LSTM5_2f9c7d4d,LSTM5,loso_subject_S017,47,0.011772868878141857,,0.07887524640709785,,0.001
LSTM5_2f9c7d4d,LSTM5,loso_subject_S017,48,0.011171880010593386,,0.07571877585918833,,0.001
LSTM5_2f9c7d4d,LSTM5,loso_subject_S017,49,0.010379946584107985,,0.07447761593378738,,0.001
LSTM5_2f9c7d4d,LSTM5,loso_subject_S017,50,0.010781486300463208,,0.07390333833679494,,0.001
LSTM5_2f9c7d4d,LSTM5,loso_subject_S017,51,0.01045708660675392,,0.07491021656341633,,0.001
LSTM5_2f9c7d4d,LSTM5,loso_subject_S017,52,0.011216204457577303,,0.07634009860424816,,0.001
LSTM5_2f9c7d4d,LSTM5,loso_subject_S017,53,0.011514893210800872,,0.07790649772687935,,0.001
LSTM5_2f9c7d4d,LSTM5,loso_subject_S017,54,0.010025786419075653,,0.07220208336244567,,0.001
LSTM5_2f9c7d4d,LSTM5,loso_subject_S017,55,0.011080895059558886,,0.07630059319435303,,0.001
LSTM5_2f9c7d4d,LSTM5,loso_subject_S017,56,0.010634972347593457,,0.07423146040993256,,0.001
LSTM5_2f9c7d4d,LSTM5,loso_subject_S017,57,0.00979016146673256,,0.07229832721928672,,0.001
LSTM5_2f9c7d4d,LSTM5,loso_subject_S017,58,0.009996368012013047,,0.07195444710583866,,0.001
LSTM5_2f9c7d4d,LSTM5,loso_subject_S017,59,0.010211097957200087,,0.07254334645166556,,0.001
LSTM5_2f9c7d4d,LSTM5,loso_subject_S017,60,0.01014834939342413,,0.07319827867227618,,0.001
LSTM5_2f9c7d4d,LSTM5,loso_subject_S017,61,0.009676318611778225,,0.07126409273641379,,0.001
LSTM5_2f9c7d4d,LSTM5,loso_subject_S017,62,0.010745849398015433,,0.07495612177265239,,0.001
LSTM5_2f9c7d4d,LSTM5,loso_subject_S017,63,0.010705213884678844,,0.0746555847727604,,0.001
LSTM5_2f9c7d4d,LSTM5,loso_subject_S017,64,0.010944145466649133,,0.07617773246565623,,0.001
LSTM5_2f9c7d4d,LSTM5,loso_subject_S017,65,0.009557860268272116,,0.07058583966857719,,0.001
LSTM5_2f9c7d4d,LSTM5,loso_subject_S017,66,0.010406532007265665,,0.07476381608382429,,0.001
LSTM5_2f9c7d4d,LSTM5,loso_subject_S017,67,0.010701146146290348,,0.0734141489576595,,0.001
LSTM5_2f9c7d4d,LSTM5,loso_subject_S017,68,0.009662247950670983,,0.07203676548463031,,0.001
LSTM5_2f9c7d4d,LSTM5,loso_subject_S017,69,0.010665251966955521,,0.07443417225298024,,0.001
LSTM5_2f9c7d4d,LSTM5,loso_subject_S017,70,0.010460860212820593,,0.07439662338425425,,0.001
LSTM5_2f9c7d4d,LSTM5,loso_subject_S017,71,0.009942683929024131,,0.0710044961157703,,0.001
LSTM5_2f9c7d4d,LSTM5,loso_subject_S017,72,0.010321641629211075,,0.07170808332422787,,0.001
LSTM5_2f9c7d4d,LSTM5,loso_subject_S017,73,0.010054889189617154,,0.07231998895626188,,0.001
LSTM5_2f9c7d4d,LSTM5,loso_subject_S017,74,0.010654718806055301,,0.07346764303525621,,0.001
LSTM5_2f9c7d4d,LSTM5,loso_subject_S017,75,0.010908536305144491,,0.07625656624842887,,0.001
LSTM5_2f9c7d4d,LSTM5,loso_subject_S017,76,0.010493841139155451,,0.07348660504344118,,0.001
LSTM5_2f9c7d4d,LSTM5,loso_subject_S017,77,0.01040385251233518,,0.07281768057012158,,0.001
LSTM5_2f9c7d4d,LSTM5,loso_subject_S017,78,0.010577023128694445,,0.07387307875450685,,0.001
LSTM5_2f9c7d4d,LSTM5,loso_subject_S017,79,0.010370881066786195,,0.07332292913018909,,0.001
LSTM5_2f9c7d4d,LSTM5,loso_subject_S017,80,0.009984845759261353,,0.07134308323077078,,0.001
LSTM5_2f9c7d4d,LSTM5,loso_subject_S018,1,0.2653979485622892,,0.361190542485273,,0.001
LSTM5_2f9c7d4d,LSTM5,loso_subject_S018,2,0.051551306049963275,,0.16976423443235697,,0.001
LSTM5_2f9c7d4d,LSTM5,loso_subject_S018,3,0.035755546788841706,,0.14062856734110396,,0.001
LSTM5_2f9c7d4d,LSTM5,loso_subject_S018,4,0.02818925080036544,,0.12467213605638582,,0.001
LSTM5_2f9c7d4d,LSTM5,loso_subject_S018,5,0.02513235367351876,,0.11765216276937145,,0.001
LSTM5_2f9c7d4d,LSTM5,loso_subject_S018,6,0.02337542144715973,,0.11385422303509687,,0.001
LSTM5_2f9c7d4d,LSTM5,loso_subject_S018,7,0.020232823320208048,,0.10679489142935851,,0.001
LSTM5_2f9c7d4d,LSTM5,loso_subject_S018,8,0.020189631265143365,,0.10465560993617605,,0.001
LSTM5_2f9c7d4d,LSTM5,loso_subject_S018,9,0.01830156328684048,,0.10149680302247732,,0.001
LSTM5_2f9c7d4d,LSTM5,loso_subject_S018,10,0.01713367717977041,,0.09783451100315047,,0.001
LSTM5_2f9c7d4d,LSTM5,loso_subject_S018,11,0.016154978170313618,,0.09400588059904931,,0.001
LSTM5_2f9c7d4d,LSTM5,loso_subject_S018,12,0.015585080157019501,,0.09338839902555182,,0.001
LSTM5_2f9c7d4d,LSTM5,loso_subject_S018,13,0.01390827457686203,,0.08787568446828778,,0.001
LSTM5_2f9c7d4d,LSTM5,loso_subject_S018,14,0.015293418117404731,,0.09159292981355542,,0.001
LSTM5_2f9c7d4d,LSTM5,loso_subject_S018,15,0.014371137963870663,,0.08884093702586841,,0.001
LSTM5_2f9c7d4d,LSTM5,loso_subject_S018,16,0.014314697842262568,,0.08784241152999293,,0.001
LSTM5_2f9c7d4d,LSTM5,loso_subject_S018,17,0.013450484358887562,,0.08546757001270197,,0.001
LSTM5_2f9c7d4d,LSTM5,loso_subject_S018,18,0.014013420812816767,,0.08825139313655961,,0.001
LSTM5_2f9c7d4d,LSTM5,loso_subject_S018,19,0.013169244113752896,,0.08394194084103827,,0.001
LSTM5_2f9c7d4d,LSTM5,loso_subject_S018,20,0.013877106615407402,,0.0854667309076061,,0.001
LSTM5_2f9c7d4d,LSTM5,loso_subject_S018,21,0.01293887592883257,,0.08406432567781291,,0.001
LSTM5_2f9c7d4d,LSTM5,loso_subject_S018,22,0.012990680123244334,,0.08350955930031455,,0.001
LSTM5_2f9c7d4d,LSTM5,loso_subject_S018,23,0.013331125691813361,,0.08521846455279562,,0.001
LSTM5_2f9c7d4d,LSTM5,loso_subject_S018,24,0.013355170424284107,,0.08538002033436684,,0.001
LSTM5_2f9c7d4d,LSTM5,loso_subject_S018,25,0.013300440980699556,,0.0854894674792808,,0.001
LSTM5_2f9c7d4d,LSTM5,loso_subject_S018,26,0.01269154375576674,,0.08194888942916814,,0.001
LSTM5_2f9c7d4d,LSTM5,loso_subject_S018,27,0.012132845020024817,,0.08150677097223645,,0.001
LSTM5_2f9c7d4d,LSTM5,loso_subject_S018,28,0.012445707199657131,,0.08152798324231693,,0.001
LSTM5_2f9c7d4d,LSTM5,loso_subject_S018,29,0.011669167471210723,,0.07955703337831557,,0.001
LSTM5_2f9c7d4d,LSTM5,loso_subject_S018,30,0.011807879545923435,,0.07873730941470265,,0.001
LSTM5_2f9c7d4d,LSTM5,loso_subject_S018,31,0.012076887324483542,,0.08052724258839897,,0.001
LSTM5_2f9c7d4d,LSTM5,loso_subject_S018,32,0.011681781748899472,,0.07965890173347766,,0.001
LSTM5_2f9c7d4d,LSTM5,loso_subject_S018,33,0.011968768302977956,,0.07893018283596108,,0.001
LSTM5_2f9c7d4d,LSTM5,loso_subject_S018,34,0.011370407282146104,,0.07828140658177553,,0.001
LSTM5_2f9c7d4d,LSTM5,loso_subject_S018,35,0.0113640331367348,,0.07768753467199695,,0.001
LSTM5_2f9c7d4d,LSTM5,loso_subject_S018,36,0.010919315242690259,,0.07542047864497642,,0.001
LSTM5_2f9c7d4d,LSTM5,loso_subject_S018,37,0.011305263011970303,,0.07591375654082562,,0.001
LSTM5_2f9c7d4d,LSTM5,loso_subject_S018,38,0.011558363108059766,,0.07756593307264173,,0.001
LSTM5_2f9c7d4d,LSTM5,loso_subject_S018,39,0.012284429014982537,,0.08122860666757592,,0.001
LSTM5_2f9c7d4d,LSTM5,loso_subject_S018,40,0.011573178363747919,,0.07928167682923494,,0.001
LSTM5_2f9c7d4d,LSTM5,loso_subject_S018,41,0.01088019502285942,,0.07660502231949425,,0.001
LSTM5_2f9c7d4d,LSTM5,loso_subject_S018,42,0.011134182989535038,,0.07616874975781954,,0.001
LSTM5_2f9c7d4d,LSTM5,loso_subject_S018,43,0.010996666671698494,,0.0760103425744808,,0.001
LSTM5_2f9c7d4d,LSTM5,loso_subject_S018,44,0.011061980124356666,,0.0762662724547999,,0.001
LSTM5_2f9c7d4d,LSTM5,loso_subject_S018,45,0.01100161033093758,,0.0749242332615075,,0.001
LSTM5_2f9c7d4d,LSTM5,loso_subject_S018,46,0.010743805100263536,,0.074673587649033,,0.001
LSTM5_2f9c7d4d,LSTM5,loso_subject_S018,47,0.010022103972830338,,0.07360754343471806,,0.001
LSTM5_2f9c7d4d,LSTM5,loso_subject_S018,48,0.010883719173757323,,0.07590646077192689,,0.001
LSTM5_2f9c7d4d,LSTM5,loso_subject_S018,49,0.011244669666585815,,0.0759277304122565,,0.001
LSTM5_2f9c7d4d,LSTM5,loso_subject_S018,50,0.010807185337461275,,0.07529825053898892,,0.001
LSTM5_2f9c7d4d,LSTM5,loso_subject_S018,51,0.010548587827169597,,0.0737623586908154,,0.001
LSTM5_2f9c7d4d,LSTM5,loso_subject_S018,52,0.01044912584410161,,0.07453043663109357,,0.001
LSTM5_2f9c7d4d,LSTM5,loso_subject_S018,53,0.010110114798409127,,0.07324371316403057,,0.001
LSTM5_2f9c7d4d,LSTM5,loso_subject_S018,54,0.010441652296720191,,0.07422407672136182,,0.001
LSTM5_2f9c7d4d,LSTM5,loso_subject_S018,55,0.010082713610520868,,0.07353652100484573,,0.001
LSTM5_2f9c7d4d,LSTM5,loso_subject_S018,56,0.010731949252947433,,0.07368537771166181,,0.001
LSTM5_2f9c7d4d,LSTM5,loso_subject_S018,57,0.0100475326900603,,0.07232945508157199,,0.001
LSTM5_2f9c7d4d,LSTM5,loso_subject_S018,58,0.01071808018790735,,0.07493636500997354,,0.001
LSTM5_2f9c7d4d,LSTM5,loso_subject_S018,59,0.010668639000213259,,0.07472112541288417,,0.001
LSTM5_2f9c7d4d,LSTM5,loso_subject_S018,60,0.011060491326881052,,0.07692488127990452,,0.001
LSTM5_2f9c7d4d,LSTM5,loso_subject_S018,61,0.01059277036666185,,0.07398245735882218,,0.001
LSTM5_2f9c7d4d,LSTM5,loso_subject_S018,62,0.009487567762401472,,0.07017151865029908,,0.001
LSTM5_2f9c7d4d,LSTM5,loso_subject_S018,63,0.009927208167515392,,0.0720071803969151,,0.001
LSTM5_2f9c7d4d,LSTM5,loso_subject_S018,64,0.010587584343130623,,0.07448245010405873,,0.001
LSTM5_2f9c7d4d,LSTM5,loso_subject_S018,65,0.010541912738541326,,0.07335979062499422,,0.001
LSTM5_2f9c7d4d,LSTM5,loso_subject_S018,66,0.011456624681641938,,0.07589606061001682,,0.001
LSTM5_2f9c7d4d,LSTM5,loso_subject_S018,67,0.00998009439915917,,0.07310542719615788,,0.001
LSTM5_2f9c7d4d,LSTM5,loso_subject_S018,68,0.009524458501090918,,0.06965973902038272,,0.001
LSTM5_2f9c7d4d,LSTM5,loso_subject_S018,69,0.010104711944103053,,0.0730587174666339,,0.001
LSTM5_2f9c7d4d,LSTM5,loso_subject_S018,70,0.009539803105640997,,0.07111055557319239,,0.001
LSTM5_2f9c7d4d,LSTM5,loso_subject_S018,71,0.009802576409927263,,0.07057563944981514,,0.001
LSTM5_2f9c7d4d,LSTM5,loso_subject_S018,72,0.010505795138698292,,0.07366004285315984,,0.001
LSTM5_2f9c7d4d,LSTM5,loso_subject_S018,73,0.010452436833557758,,0.07463692760828769,,0.001
LSTM5_2f9c7d4d,LSTM5,loso_subject_S018,74,0.009534497534157464,,0.07035054232975782,,0.001
LSTM5_2f9c7d4d,LSTM5,loso_subject_S018,75,0.009438667340786074,,0.0712725305491854,,0.001
LSTM5_2f9c7d4d,LSTM5,loso_subject_S018,76,0.01040392546148634,,0.07283241040965731,,0.001
LSTM5_2f9c7d4d,LSTM5,loso_subject_S018,77,0.010727944224294326,,0.07511574898767621,,0.001
LSTM5_2f9c7d4d,LSTM5,loso_subject_S018,78,0.010006341841869843,,0.07240230494345243,,0.001
LSTM5_2f9c7d4d,LSTM5,loso_subject_S018,79,0.009911880644511279,,0.07105743387945643,,0.001
LSTM5_2f9c7d4d,LSTM5,loso_subject_S018,80,0.01024798289245012,,0.07301597855401264,,0.001
LSTM5_2f9c7d4d,LSTM5,loso_subject_S019,1,0.3128859011383384,,0.391576291386376,,0.001
LSTM5_2f9c7d4d,LSTM5,loso_subject_S019,2,0.05924711723562472,,0.18081297513079528,,0.001
LSTM5_2f9c7d4d,LSTM5,loso_subject_S019,3,0.03772296236804974,,0.14459767553733358,,0.001
LSTM5_2f9c7d4d,LSTM5,loso_subject_S019,4,0.03043140638999589,,0.13010466818248337,,0.001
LSTM5_2f9c7d4d,LSTM5,loso_subject_S019,5,0.0259453814158789,,0.11934873132985956,,0.001
LSTM5_2f9c7d4d,LSTM5,loso_subject_S019,6,0.024099320580186028,,0.11649815301084417,,0.001
LSTM5_2f9c7d4d,LSTM5,loso_subject_S019,7,0.02126737980754927,,0.1090160920192206,,0.001
LSTM5_2f9c7d4d,LSTM5,loso_subject_S019,8,0.01812485195256438,,0.10207033268527452,,0.001
LSTM5_2f9c7d4d,LSTM5,loso_subject_S019,9,0.01806984330470995,,0.1011646100136457,,0.001
LSTM5_2f9c7d4d,LSTM5,loso_subject_S019,10,0.017874880470395472,,0.09871321242708579,,0.001
LSTM5_2f9c7d4d,LSTM5,loso_subject_S019,11,0.017267636798314202,,0.09754973534400656,,0.001
LSTM5_2f9c7d4d,LSTM5,loso_subject_S019,12,0.01620526842660982,,0.09476305942700489,,0.001
LSTM5_2f9c7d4d,LSTM5,loso_subject_S019,13,0.016235406154099807,,0.09348528030749872,,0.001
LSTM5_2f9c7d4d,LSTM5,loso_subject_S019,14,0.016228909261316718,,0.09337173826628581,,0.001
LSTM5_2f9c7d4d,LSTM5,loso_subject_S019,15,0.01501469633837445,,0.0907881510110549,,0.001
LSTM5_2f9c7d4d,LSTM5,loso_subject_S019,16,0.014581892931842862,,0.0893804662797442,,0.001
LSTM5_2f9c7d4d,LSTM5,loso_subject_S019,17,0.012767917219643399,,0.08332441106910547,,0.001
LSTM5_2f9c7d4d,LSTM5,loso_subject_S019,18,0.014511206923667551,,0.08890550427230788,,0.001
LSTM5_2f9c7d4d,LSTM5,loso_subject_S019,19,0.01341477375511546,,0.08583796138300796,,0.001
LSTM5_2f9c7d4d,LSTM5,loso_subject_S019,20,0.01368524838424919,,0.08650642399082757,,0.001
LSTM5_2f9c7d4d,LSTM5,loso_subject_S019,21,0.013133879795458549,,0.08492865468616839,,0.001
LSTM5_2f9c7d4d,LSTM5,loso_subject_S019,22,0.013549196738319825,,0.0849672052219422,,0.001
LSTM5_2f9c7d4d,LSTM5,loso_subject_S019,23,0.012906273769967606,,0.08470754289796643,,0.001
LSTM5_2f9c7d4d,LSTM5,loso_subject_S019,24,0.0131124960857489,,0.08435858888086681,,0.001
LSTM5_2f9c7d4d,LSTM5,loso_subject_S019,25,0.013005049923215896,,0.08483392108177794,,0.001
LSTM5_2f9c7d4d,LSTM5,loso_subject_S019,26,0.011953274313494426,,0.08045629858650703,,0.001
LSTM5_2f9c7d4d,LSTM5,loso_subject_S019,27,0.01349586999454744,,0.08517113049233145,,0.001
LSTM5_2f9c7d4d,LSTM5,loso_subject_S019,28,0.012500346925707511,,0.08210617531804838,,0.001
LSTM5_2f9c7d4d,LSTM5,loso_subject_S019,29,0.012157069425679987,,0.08066435941703462,,0.001
LSTM5_2f9c7d4d,LSTM5,loso_subject_S019,30,0.012545288334462154,,0.08052290346167514,,0.001
LSTM5_2f9c7d4d,LSTM5,loso_subject_S019,31,0.011842044530275427,,0.07946707379078903,,0.001
LSTM5_2f9c7d4d,LSTM5,loso_subject_S019,32,0.011179992146500083,,0.07718579008399448,,0.001
LSTM5_2f9c7d4d,LSTM5,loso_subject_S019,33,0.01118069172297443,,0.07639843480830479,,0.001
LSTM5_2f9c7d4d,LSTM5,loso_subject_S019,34,0.011786357174720966,,0.07865945698910354,,0.001
LSTM5_2f9c7d4d,LSTM5,loso_subject_S019,35,0.011643446486001366,,0.07823898469088414,,0.001
LSTM5_2f9c7d4d,LSTM5,loso_subject_S019,36,0.011739522116723652,,0.07906604097517217,,0.001
LSTM5_2f9c7d4d,LSTM5,loso_subject_S019,37,0.011407316787097397,,0.07699344330379801,,0.001
LSTM5_2f9c7d4d,LSTM5,loso_subject_S019,38,0.01179703907172285,,0.0775823191376188,,0.001
LSTM5_2f9c7d4d,LSTM5,loso_subject_S019,39,0.011534860141183411,,0.07838928735086627,,0.001
LSTM5_2f9c7d4d,LSTM5,loso_subject_S019,40,0.012343651911526742,,0.08005278077230489,,0.001
LSTM5_2f9c7d4d,LSTM5,loso_subject_S019,41,0.012209464724900993,,0.0798081808468058,,0.001
LSTM5_2f9c7d4d,LSTM5,loso_subject_S019,42,0.011762195924407954,,0.07763678734893129,,0.001
LSTM5_2f9c7d4d,LSTM5,loso_subject_S019,43,0.011124847522800288,,0.07623091545225917,,0.001
LSTM5_2f9c7d4d,LSTM5,loso_subject_S019,44,0.010999223676280699,,0.0760461547628437,,0.001
LSTM5_2f9c7d4d,LSTM5,loso_subject_S019,45,0.01127344840698612,,0.07637973941994558,,0.001
LSTM5_2f9c7d4d,LSTM5,loso_subject_S019,46,0.010937666776927485,,0.07499775388470531,,0.001
LSTM5_2f9c7d4d,LSTM5,loso_subject_S019,47,0.011138700906605216,,0.07545451766706832,,0.001
LSTM5_2f9c7d4d,LSTM5,loso_subject_S019,48,0.01181256901487804,,0.0785547956780311,,0.001
LSTM5_2f9c7d4d,LSTM5,loso_subject_S019,49,0.011384440475241973,,0.07691523476123362,,0.001
LSTM5_2f9c7d4d,LSTM5,loso_subject_S019,50,0.01133423078014359,,0.0771013276728487,,0.001
LSTM5_2f9c7d4d,LSTM5,loso_subject_S019,51,0.010826873469555883,,0.07454272424797186,,0.001
LSTM5_2f9c7d4d,LSTM5,loso_subject_S019,52,0.011099246920446875,,0.0768725404728822,,0.001
LSTM5_2f9c7d4d,LSTM5,loso_subject_S019,53,0.009997984008004732,,0.07194317470570118,,0.001
LSTM5_2f9c7d4d,LSTM5,loso_subject_S019,54,0.01072692530758587,,0.07496700917385114,,0.001
LSTM5_2f9c7d4d,LSTM5,loso_subject_S019,55,0.010608435790911837,,0.07378607609429733,,0.001
LSTM5_2f9c7d4d,LSTM5,loso_subject_S019,56,0.009854540067624403,,0.07233467027824922,,0.001
LSTM5_2f9c7d4d,LSTM5,loso_subject_S019,57,0.010445630715753017,,0.07445967157825756,,0.001
LSTM5_2f9c7d4d,LSTM5,loso_subject_S019,58,0.011541749747151083,,0.07596239496784318,,0.001
LSTM5_2f9c7d4d,LSTM5,loso_subject_S019,59,0.011054706758001177,,0.07569227287254855,,0.001
LSTM5_2f9c7d4d,LSTM5,loso_subject_S019,60,0.010530756697982502,,0.0742568622632687,,0.001
LSTM5_2f9c7d4d,LSTM5,loso_subject_S019,61,0.010372104990819466,,0.07375125799746009,,0.001
LSTM5_2f9c7d4d,LSTM5,loso_subject_S019,62,0.01033575093784578,,0.07364638761221819,,0.001
LSTM5_2f9c7d4d,LSTM5,loso_subject_S019,63,0.010362844101352776,,0.07306064235999324,,0.001
LSTM5_2f9c7d4d,LSTM5,loso_subject_S019,64,0.010491469285090444,,0.07334206767992121,,0.001
LSTM5_2f9c7d4d,LSTM5,loso_subject_S019,65,0.010985688668322289,,0.07419491594060415,,0.001
LSTM5_2f9c7d4d,LSTM5,loso_subject_S019,66,0.011092740738933373,,0.07562694821748693,,0.001
LSTM5_2f9c7d4d,LSTM5,loso_subject_S019,67,0.010425896737754537,,0.07315423858306515,,0.001
LSTM5_2f9c7d4d,LSTM5,loso_subject_S019,68,0.010094517945415445,,0.07322303308109027,,0.001
LSTM5_2f9c7d4d,LSTM5,loso_subject_S019,69,0.010111323910226953,,0.07296093666283149,,0.001
LSTM5_2f9c7d4d,LSTM5,loso_subject_S019,70,0.010348714585153568,,0.07298544254023992,,0.001
LSTM5_2f9c7d4d,LSTM5,loso_subject_S019,71,0.00993616110632737,,0.07194634526168155,,0.001
LSTM5_2f9c7d4d,LSTM5,loso_subject_S019,72,0.010776474850449233,,0.07390693304795318,,0.001
LSTM5_2f9c7d4d,LSTM5,loso_subject_S019,73,0.010504463505073862,,0.07171261454150041,,0.001
LSTM5_2f9c7d4d,LSTM5,loso_subject_S019,74,0.011071857961291629,,0.07427009751783285,,0.001
LSTM5_2f9c7d4d,LSTM5,loso_subject_S019,75,0.009931285400693447,,0.0719658492659921,,0.001
LSTM5_2f9c7d4d,LSTM5,loso_subject_S019,76,0.010477159270277857,,0.0731354030833984,,0.001
LSTM5_2f9c7d4d,LSTM5,loso_subject_S019,77,0.011021455233967631,,0.07558216110983652,,0.001
LSTM5_2f9c7d4d,LSTM5,loso_subject_S019,78,0.011107038373604489,,0.07646031285797596,,0.001
LSTM5_2f9c7d4d,LSTM5,loso_subject_S019,79,0.010501495904678611,,0.07298489994160987,,0.001
LSTM5_2f9c7d4d,LSTM5,loso_subject_S019,80,0.010559249594077764,,0.07308957356833605,,0.001
