model_id,architecture_id,fold_id,epoch,train_loss,val_loss,train_mae,val_mae,lr
TCN3_b5089e05,TCN3,loso_subject_S001,1,0.32048921007851666,,0.41333782793620727,,0.001
TCN3_b5089e05,TCN3,loso_subject_S001,2,0.06395891334441448,,0.19019558874841158,,0.0009996530663083252
TCN3_b5089e05,TCN3,loso_subject_S001,3,0.034132828177591175,,0.13761505043884936,,0.0009986128001799074
TCN3_b5089e05,TCN3,loso_subject_S001,4,0.021388999611556853,,0.10996586114047428,,0.0009968808056297167
TCN3_b5089e05,TCN3,loso_subject_S001,5,0.01663622361338074,,0.09599148678284573,,0.0009944597532678117
TCN3_b5089e05,TCN3,loso_subject_S001,6,0.012445760237469334,,0.08350767747604067,,0.0009913533761814533
TCN3_b5089e05,TCN3,loso_subject_S001,7,0.011184286583368437,,0.07880017453154384,,0.000987566464178954
TCN3_b5089e05,TCN3,loso_subject_S001,8,0.009085697329594961,,0.07063674684274365,,0.0009831048564041408
TCN3_b5089e05,TCN3,loso_subject_S001,9,0.007082283783610973,,0.06265267835405532,,0.0009779754323328187
TCN3_b5089e05,TCN3,loso_subject_S001,10,0.00679723099113054,,0.0608105538419217,,0.0009721861011651174
TCN3_b5089e05,TCN3,loso_subject_S001,11,0.0057730506615088165,,0.055796270738535034,,0.0009657457896300785
TCN3_b5089e05,TCN3,loso_subject_S001,12,0.005164889335144339,,0.05303367551549474,,0.000958664428221286
TCN3_b5089e05,TCN3,loso_subject_S001,13,0.004263566956578035,,0.048157187874235875,,0.000950952935884765
TCN3_b5089e05,TCN3,loso_subject_S001,14,0.003952337787841912,,0.045837634775704586,,0.0009426232031827582
TCN3_b5089e05,TCN3,loso_subject_S001,15,0.003523856703918943,,0.04327832931837546,,0.0009336880739593409
TCN3_b5089e05,TCN3,loso_subject_S001,16,0.0037442573987936083,,0.04479481410901744,,0.0009241613255361449
TCN3_b5089e05,TCN3,loso_subject_S001,17,0.0030227576837271886,,0.040601487380278266,,0.0009140576474687258
TCN3_b5089e05,TCN3,loso_subject_S001,18,0.0029151099484827645,,0.038968738287958965,,0.0009033926188963346
TCN3_b5089e05,TCN3,loso_subject_S001,19,0.002822942018715173,,0.037919740542859987,,0.0008921826845200134
TCN3_b5089e05,TCN3,loso_subject_S001,20,0.002868671274563495,,0.03796596687782624,,0.000880445129246058
TCN3_b5089e05,TCN3,loso_subject_S001,21,0.002461152374231905,,0.03496483753383119,,0.0008681980515339459
TCN3_b5089e05,TCN3,loso_subject_S001,22,0.0021748033825089246,,0.033565621020663516,,0.0008554603354898234
TCN3_b5089e05,TCN3,loso_subject_S001,23,0.0021747689551732314,,0.032970587783955306,,0.0008422516217485822
TCN3_b5089e05,TCN3,loso_subject_S001,24,0.0020589842943689717,,0.03240530376978455,,0.0008285922771894248
TCN3_b5089e05,TCN3,loso_subject_S001,25,0.0018323840072553335,,0.030691216388499712,,0.0008145033635316124
TCN3_b5089e05,TCN3,loso_subject_S001,26,0.0018774840696136278,,0.030627911959464772,,0.0008000066048588205
TCN3_b5089e05,TCN3,loso_subject_S001,27,0.0016410138851750433,,0.029119892313744393,,0.0007851243541221765
TCN3_b5089e05,TCN3,loso_subject_S001,28,0.0016886327825005592,,0.02882686037768954,,0.0007698795586736293
TCN3_b5089e05,TCN3,loso_subject_S001,29,0.001592178020159702,,0.02739424486867807,,0.0007542957248827956
TCN3_b5089e05,TCN3,loso_subject_S001,30,0.0014997768052885086,,0.027740274035924595,,0.0007383968818918422
TCN3_b5089e05,TCN3,loso_subject_S001,31,0.0013538587108634257,,0.026305299471110447,,0.00072220754456429
TCN3_b5089e05,TCN3,loso_subject_S001,32,0.0014357971934841256,,0.027019067722134377,,0.0007057526756848715
TCN3_b5089e05,TCN3,loso_subject_S001,33,0.0012937685965882975,,0.025212614641730486,,0.000689057647468726
TCN3_b5089e05,TCN3,loso_subject_S001,34,0.0013521941136056274,,0.025771029752595532,,0.000672148202439283
TCN3_b5089e05,TCN3,loso_subject_S001,35,0.0012717899209807157,,0.024771307663618514,,0.0006550504137351571
TCN3_b5089e05,TCN3,loso_subject_S001,36,0.001252278433244859,,0.024387554486284057,,0.0006377906449072574
TCN3_b5089e05,TCN3,loso_subject_S001,37,0.0012087570811685673,,0.023985781798052434,,0.0006203955092681036
TCN3_b5089e05,TCN3,loso_subject_S001,38,0.0011897189489199172,,0.024014227384051144,,0.0006028918288560267
TCN3_b5089e05,TCN3,loso_subject_S001,39,0.0011226083104046544,,0.023938411448067864,,0.00058530659307753
TCN3_b5089e05,TCN3,loso_subject_S001,40,0.001134159113626341,,0.023376409023507152,,0.0005676669170915806
TCN3_b5089e05,TCN3,loso_subject_S001,41,0.0010093528873888948,,0.02230077276005083,,0.0005499999999999997
TCN3_b5089e05,TCN3,loso_subject_S001,42,0.0010806725005233116,,0.022602339248140868,,0.000532333082908419
TCN3_b5089e05,TCN3,loso_subject_S001,43,0.0010555479707563286,,0.022176227561882988,,0.0005146934069224697
TCN3_b5089e05,TCN3,loso_subject_S001,44,0.001000887987167423,,0.021638875237334668,,0.000497108171143973
TCN3_b5089e05,TCN3,loso_subject_S001,45,0.0009701075081089052,,0.021126040270719314,,0.00047960449073189616
TCN3_b5089e05,TCN3,loso_subject_S001,46,0.0009578554598832469,,0.021523636060211605,,0.00046220935509274226
TCN3_b5089e05,TCN3,loso_subject_S001,47,0.000889476799801656,,0.02095366252748488,,0.00044494958626484254
TCN3_b5089e05,TCN3,loso_subject_S001,48,0.0008995855039401906,,0.020478375769200797,,0.00042785179756071645
TCN3_b5089e05,TCN3,loso_subject_S001,49,0.0008966117880117226,,0.020460487945177602,,0.0004109423525312737
TCN3_b5089e05,TCN3,loso_subject_S001,50,0.0008898068414051475,,0.0206274044316999,,0.0003942473243151282
TCN3_b5089e05,TCN3,loso_subject_S001,51,0.0008636546082408554,,0.02027529342367913,,0.0003777924554357096
TCN3_b5089e05,TCN3,loso_subject_S001,52,0.000876122424110159,,0.02030975993403223,,0.0003616031181081575
TCN3_b5089e05,TCN3,loso_subject_S001,53,0.0008230771252502335,,0.020157400238189963,,0.000345704275117204
TCN3_b5089e05,TCN3,loso_subject_S001,54,0.0007602282787439244,,0.019286367293273696,,0.00033012044132637024
TCN3_b5089e05,TCN3,loso_subject_S001,55,0.0007588533185621136,,0.01931889987048227,,0.00031487564587782306
TCN3_b5089e05,TCN3,loso_subject_S001,56,0.0008144568459959016,,0.019540473428264933,,0.00029999339514117897
TCN3_b5089e05,TCN3,loso_subject_S001,57,0.0007203399037230435,,0.018581167452042364,,0.0002854966364683872
TCN3_b5089e05,TCN3,loso_subject_S001,58,0.0007730128496794431,,0.01910337535846805,,0.0002714077228105749
TCN3_b5089e05,TCN3,loso_subject_S001,59,0.0007391902997776625,,0.018862856453904665,,0.00025774837825141746
TCN3_b5089e05,TCN3,loso_subject_S001,60,0.000750095513303419,,0.019075743191241012,,0.0002445396645101764
TCN3_b5089e05,TCN3,loso_subject_S001,61,0.0007600278695708846,,0.018568821894074113,,0.0002318019484660537
TCN3_b5089e05,TCN3,loso_subject_S001,62,0.0007680024478331732,,0.018891363451854753,,0.00021955487075394156
TCN3_b5089e05,TCN3,loso_subject_S001,63,0.0006900152853695747,,0.01794841278351939,,0.0002078173154799862
TCN3_b5089e05,TCN3,loso_subject_S001,64,0.0007289487679185853,,0.018191954977483382,,0.00019660738110366478
TCN3_b5089e05,TCN3,loso_subject_S001,65,0.0007311778492765887,,0.01847810551504039,,0.00018594235253127373
TCN3_b5089e05,TCN3,loso_subject_S001,66,0.0007257463925483195,,0.0180811626493307,,0.00017583867446385477
TCN3_b5089e05,TCN3,loso_subject_S001,67,0.0006723185679447699,,0.01770137227030319,,0.00016631192604065853
TCN3_b5089e05,TCN3,loso_subject_S001,68,0.0006582823249176245,,0.017463744129384392,,0.00015737679681724137
TCN3_b5089e05,TCN3,loso_subject_S001,69,0.0006968673391885185,,0.017892913994738413,,0.0001490470641152345
TCN3_b5089e05,TCN3,loso_subject_S001,70,0.000633791291094709,,0.01735759319160272,,0.00014133557177871338
TCN3_b5089e05,TCN3,loso_subject_S001,71,0.0006888863176801025,,0.017410969927625267,,0.00013425421036992097
TCN3_b5089e05,TCN3,loso_subject_S001,72,0.0006398276580869586,,0.01737614928264923,,0.00012781389883488212
TCN3_b5089e05,TCN3,loso_subject_S001,73,0.0006558839767035612,,0.01758757594326394,,0.0001220245676671809
TCN3_b5089e05,TCN3,loso_subject_S001,74,0.0006681972316406217,,0.017427613524811883,,0.00011689514359585877
TCN3_b5089e05,TCN3,loso_subject_S001,75,0.0006359425137420188,,0.01702582680197039,,0.00011243353582104555
TCN3_b5089e05,TCN3,loso_subject_S001,76,0.0006707193707867421,,0.01737003651077203,,0.0001086466238185463
TCN3_b5089e05,TCN3,loso_subject_S001,77,0.0006761266686434805,,0.017445410977216445,,0.00010554024673218805
TCN3_b5089e05,TCN3,loso_subject_S001,78,0.000628062629272657,,0.017156863988834325,,0.00010311919437028317
TCN3_b5089e05,TCN3,loso_subject_S001,79,0.0006397100370097465,,0.017326216918342748,,0.00010138719982009242
TCN3_b5089e05,TCN3,loso_subject_S001,80,0.000586207199061653,,0.016722846781277802,,0.0001003469336916747
TCN3_b5089e05,TCN3,loso_subject_S002,1,0.2994314676511351,,0.40218356401913996,,0.001
TCN3_b5089e05,TCN3,loso_subject_S002,2,0.05533090368683996,,0.17196029064984159,,0.0009996530663083252
TCN3_b5089e05,TCN3,loso_subject_S002,3,0.02898801353807,,0.12522334573834898,,0.0009986128001799074
TCN3_b5089e05,TCN3,loso_subject_S002,4,0.01744721413883986,,0.09858295424231167,,0.0009968808056297167
TCN3_b5089e05,TCN3,loso_subject_S002,5,0.013927333961075433,,0.08865862193490213,,0.0009944597532678117
TCN3_b5089e05,TCN3,loso_subject_S002,6,0.010373759592342283,,0.07668293500689675,,0.0009913533761814533
TCN3_b5089e05,TCN3,loso_subject_S002,7,0.007818609274755818,,0.06645417037550903,,0.000987566464178954
TCN3_b5089e05,TCN3,loso_subject_S002,8,0.006709871448042855,,0.061641322206755216,,0.0009831048564041408
TCN3_b5089e05,TCN3,loso_subject_S002,9,0.00598742922432029,,0.058088475853125675,,0.0009779754323328187
TCN3_b5089e05,TCN3,loso_subject_S002,10,0.004760199269670153,,0.052038894902015555,,0.0009721861011651174
TCN3_b5089e05,TCN3,loso_subject_S002,11,0.004509048242139227,,0.05006624357058452,,0.0009657457896300785
TCN3_b5089e05,TCN3,loso_subject_S002,12,0.004040006138705488,,0.047189060124304315,,0.000958664428221286
TCN3_b5089e05,TCN3,loso_subject_S002,13,0.003641220500114663,,0.04456787746132843,,0.000950952935884765
TCN3_b5089e05,TCN3,loso_subject_S002,14,0.0033401965839289305,,0.04248249800060567,,0.0009426232031827582
TCN3_b5089e05,TCN3,loso_subject_S002,15,0.002879684573577949,,0.0395617755401672,,0.0009336880739593409
TCN3_b5089e05,TCN3,loso_subject_S002,16,0.0029396572473288493,,0.039810351884135835,,0.0009241613255361449
TCN3_b5089e05,TCN3,loso_subject_S002,17,0.00259219728094039,,0.037225743147991694,,0.0009140576474687258
TCN3_b5089e05,TCN3,loso_subject_S002,18,0.002441078165530002,,0.035947076363652075,,0.0009033926188963346
TCN3_b5089e05,TCN3,loso_subject_S002,19,0.0022314326381879003,,0.03427723407824412,,0.0008921826845200134
TCN3_b5089e05,TCN3,loso_subject_S002,20,0.002152319984425314,,0.03375172099241844,,0.000880445129246058
TCN3_b5089e05,TCN3,loso_subject_S002,21,0.0019421678071036262,,0.03160616928904221,,0.0008681980515339459
TCN3_b5089e05,TCN3,loso_subject_S002,22,0.001872348208202726,,0.031519632430781735,,0.0008554603354898234
TCN3_b5089e05,TCN3,loso_subject_S002,23,0.0017934799943470077,,0.03090520202125415,,0.0008422516217485822
TCN3_b5089e05,TCN3,loso_subject_S002,24,0.0017208709358052408,,0.0301118586755874,,0.0008285922771894248
TCN3_b5089e05,TCN3,loso_subject_S002,25,0.001687842436982146,,0.029555351070723736,,0.0008145033635316124
TCN3_b5089e05,TCN3,loso_subject_S002,26,0.001602427060320598,,0.02861845573356044,,0.0008000066048588205
TCN3_b5089e05,TCN3,loso_subject_S002,27,0.001479729390784972,,0.02747328171323718,,0.0007851243541221765
TCN3_b5089e05,TCN3,loso_subject_S002,28,0.0014090566731932565,,0.027091339843184625,,0.0007698795586736293
TCN3_b5089e05,TCN3,loso_subject_S002,29,0.0013385135507512473,,0.026403578111916702,,0.0007542957248827956
TCN3_b5089e05,TCN3,loso_subject_S002,30,0.0013728936638841183,,0.02630181473726777,,0.0007383968818918422
TCN3_b5089e05,TCN3,loso_subject_S002,31,0.0012886850570948591,,0.025566538000375585,,0.00072220754456429
TCN3_b5089e05,TCN3,loso_subject_S002,32,0.001199286385063843,,0.024760345703568953,,0.0007057526756848715
TCN3_b5089e05,TCN3,loso_subject_S002,33,0.001167184278070655,,0.02435888873230399,,0.000689057647468726
TCN3_b5089e05,TCN3,loso_subject_S002,34,0.001135431913274837,,0.024084755691356305,,0.000672148202439283
TCN3_b5089e05,TCN3,loso_subject_S002,35,0.0011311657618686794,,0.02357316127328563,,0.0006550504137351571
TCN3_b5089e05,TCN3,loso_subject_S002,36,0.0010348756937186582,,0.02296690542043362,,0.0006377906449072574
TCN3_b5089e05,TCN3,loso_subject_S002,37,0.0010403601594135877,,0.022959192340269646,,0.0006203955092681036
TCN3_b5089e05,TCN3,loso_subject_S002,38,0.0009445059416594542,,0.022067811508077524,,0.0006028918288560267
TCN3_b5089e05,TCN3,loso_subject_S002,39,0.0009112971986456223,,0.021009529234263403,,0.00058530659307753
TCN3_b5089e05,TCN3,loso_subject_S002,40,0.0009155525685107677,,0.02139806968780032,,0.0005676669170915806
TCN3_b5089e05,TCN3,loso_subject_S002,41,0.0009152579157729325,,0.021574520132941657,,0.0005499999999999997
TCN3_b5089e05,TCN3,loso_subject_S002,42,0.0008990084585691715,,0.02114532050980497,,0.000532333082908419
TCN3_b5089e05,TCN3,loso_subject_S002,43,0.0008689641913297816,,0.020828816565420648,,0.0005146934069224697
TCN3_b5089e05,TCN3,loso_subject_S002,44,0.0008794998815554917,,0.020657795276344613,,0.000497108171143973
TCN3_b5089e05,TCN3,loso_subject_S002,45,0.0008533536567691151,,0.0205987534666093,,0.00047960449073189616
TCN3_b5089e05,TCN3,loso_subject_S002,46,0.0008342867224311718,,0.0201888625517448,,0.00046220935509274226
TCN3_b5089e05,TCN3,loso_subject_S002,47,0.000743052379638253,,0.01957001241136451,,0.00044494958626484254
TCN3_b5089e05,TCN3,loso_subject_S002,48,0.0007929686624902629,,0.019737283795558173,,0.00042785179756071645
TCN3_b5089e05,TCN3,loso_subject_S002,49,0.0007709163724042139,,0.019823826365271677,,0.0004109423525312737
TCN3_b5089e05,TCN3,loso_subject_S002,50,0.000737774093506922,,0.019063122160436305,,0.0003942473243151282
TCN3_b5089e05,TCN3,loso_subject_S002,51,0.0007471420177794617,,0.018871048830983176,,0.0003777924554357096
TCN3_b5089e05,TCN3,loso_subject_S002,52,0.0007252603587422728,,0.018647855145249033,,0.0003616031181081575
TCN3_b5089e05,TCN3,loso_subject_S002,53,0.0007144551799000816,,0.01881472227368652,,0.000345704275117204
TCN3_b5089e05,TCN3,loso_subject_S002,54,0.0006830681059651561,,0.018494451139369282,,0.00033012044132637024
TCN3_b5089e05,TCN3,loso_subject_S002,55,0.0006933470507676093,,0.018376077320278482,,0.00031487564587782306
TCN3_b5089e05,TCN3,loso_subject_S002,56,0.0006958101143466372,,0.018308225031003395,,0.00029999339514117897
TCN3_b5089e05,TCN3,loso_subject_S002,57,0.0006715057110345974,,0.018116765030578214,,0.0002854966364683872
TCN3_b5089e05,TCN3,loso_subject_S002,58,0.0006347400486309931,,0.017523063215814944,,0.0002714077228105749
TCN3_b5089e05,TCN3,loso_subject_S002,59,0.0006527499416509559,,0.017403581483531695,,0.00025774837825141746
TCN3_b5089e05,TCN3,loso_subject_S002,60,0.0006234345437936604,,0.01724157603926937,,0.0002445396645101764
TCN3_b5089e05,TCN3,loso_subject_S002,61,0.0006192896028162926,,0.017393119129246046,,0.0002318019484660537
TCN3_b5089e05,TCN3,loso_subject_S002,62,0.0005996707769417122,,0.017182229580827036,,0.00021955487075394156
TCN3_b5089e05,TCN3,loso_subject_S002,63,0.0005820455771947492,,0.017135147736543687,,0.0002078173154799862
TCN3_b5089e05,TCN3,loso_subject_S002,64,0.0006329008047370146,,0.017400364848520776,,0.00019660738110366478
TCN3_b5089e05,TCN3,loso_subject_S002,65,0.0005777318265896775,,0.01651881979062007,,0.00018594235253127373
TCN3_b5089e05,TCN3,loso_subject_S002,66,0.000630858225966569,,0.017067109706468228,,0.00017583867446385477
TCN3_b5089e05,TCN3,loso_subject_S002,67,0.000583378320642616,,0.016666043011239418,,0.00016631192604065853
TCN3_b5089e05,TCN3,loso_subject_S002,68,0.0005863424800015215,,0.016611547824440014,,0.00015737679681724137
TCN3_b5089e05,TCN3,loso_subject_S002,69,0.0005749978926956076,,0.016459724589174402,,0.0001490470641152345
TCN3_b5089e05,TCN3,loso_subject_S002,70,0.0005536569510611264,,0.016253543148108757,,0.00014133557177871338
TCN3_b5089e05,TCN3,loso_subject_S002,71,0.0005591514341864211,,0.01611333957994332,,0.00013425421036992097
TCN3_b5089e05,TCN3,loso_subject_S002,72,0.000573631735618624,,0.016542842110189106,,0.00012781389883488212
TCN3_b5089e05,TCN3,loso_subject_S002,73,0.000567430609173885,,0.016494986193565854,,0.0001220245676671809
TCN3_b5089e05,TCN3,loso_subject_S002,74,0.0005464316950987442,,0.015808422479096713,,0.00011689514359585877
TCN3_b5089e05,TCN3,loso_subject_S002,75,0.000568677643616622,,0.01642951727486574,,0.00011243353582104555
TCN3_b5089e05,TCN3,loso_subject_S002,76,0.0005423503689188757,,0.01602921846374593,,0.0001086466238185463
TCN3_b5089e05,TCN3,loso_subject_S002,77,0.0005408161191951573,,0.01575533558789947,,0.00010554024673218805
TCN3_b5089e05,TCN3,loso_subject_S002,78,0.0005499934195540845,,0.016032512643095354,,0.00010311919437028317
TCN3_b5089e05,TCN3,loso_subject_S002,79,0.0005496981034110317,,0.016153050082629492,,0.00010138719982009242
TCN3_b5089e05,TCN3,loso_subject_S002,80,0.000547394628756351,,0.015759681662747178,,0.0001003469336916747
TCN3_b5089e05,TCN3,loso_subject_S003,1,0.22299227847230357,,0.34302401982142455,,0.001
TCN3_b5089e05,TCN3,loso_subject_S003,2,0.05339320188516088,,0.17080445684783005,,0.0009996530663083252
TCN3_b5089e05,TCN3,loso_subject_S003,3,0.028310511144929894,,0.12402771048378887,,0.0009986128001799074
TCN3_b5089e05,TCN3,loso_subject_S003,4,0.017884541532939037,,0.0997562652473698,,0.0009968808056297167
TCN3_b5089e05,TCN3,loso_subject_S003,5,0.01276658630084019,,0.08342300855566527,,0.0009944597532678117
TCN3_b5089e05,TCN3,loso_subject_S003,6,0.00916759890692759,,0.07180067370496318,,0.0009913533761814533
TCN3_b5089e05,TCN3,loso_subject_S003,7,0.007461529478261125,,0.06400334810122986,,0.000987566464178954
TCN3_b5089e05,TCN3,loso_subject_S003,8,0.006179260937307479,,0.05822208336393518,,0.0009831048564041408
TCN3_b5089e05,TCN3,loso_subject_S003,9,0.005072081547003032,,0.053078361979977104,,0.0009779754323328187
TCN3_b5089e05,TCN3,loso_subject_S003,10,0.004315627882033509,,0.04872311573962624,,0.0009721861011651174
TCN3_b5089e05,TCN3,loso_subject_S003,11,0.004011856471697558,,0.046481703344132416,,0.0009657457896300785
TCN3_b5089e05,TCN3,loso_subject_S003,12,0.0036659019625504452,,0.043563714466164055,,0.000958664428221286
TCN3_b5089e05,TCN3,loso_subject_S003,13,0.003215380105510914,,0.04119066757713157,,0.000950952935884765
TCN3_b5089e05,TCN3,loso_subject_S003,14,0.002937912961137849,,0.03877451010857956,,0.0009426232031827582
TCN3_b5089e05,TCN3,loso_subject_S003,15,0.002625201921339817,,0.037728799968988744,,0.0009336880739593409
TCN3_b5089e05,TCN3,loso_subject_S003,16,0.0024446809818009546,,0.03653288064457068,,0.0009241613255361449
TCN3_b5089e05,TCN3,loso_subject_S003,17,0.002172345664069794,,0.03379919883294244,,0.0009140576474687258
TCN3_b5089e05,TCN3,loso_subject_S003,18,0.0022233545762673406,,0.03414267305414526,,0.0009033926188963346
TCN3_b5089e05,TCN3,loso_subject_S003,19,0.001998402791244896,,0.03223213614081876,,0.0008921826845200134
TCN3_b5089e05,TCN3,loso_subject_S003,20,0.001821105158333636,,0.031841693317537556,,0.000880445129246058
TCN3_b5089e05,TCN3,loso_subject_S003,21,0.0017188895303321017,,0.03004320123126565,,0.0008681980515339459
TCN3_b5089e05,TCN3,loso_subject_S003,22,0.0015610141609610668,,0.028501245681172037,,0.0008554603354898234
TCN3_b5089e05,TCN3,loso_subject_S003,23,0.0015891248049420407,,0.02874756114324153,,0.0008422516217485822
TCN3_b5089e05,TCN3,loso_subject_S003,24,0.001471326533664357,,0.027966870213452392,,0.0008285922771894248
TCN3_b5089e05,TCN3,loso_subject_S003,25,0.0013601464384758125,,0.026706891127956163,,0.0008145033635316124
TCN3_b5089e05,TCN3,loso_subject_S003,26,0.001314251276821209,,0.026730942384703853,,0.0008000066048588205
TCN3_b5089e05,TCN3,loso_subject_S003,27,0.0012409465813570152,,0.02579262126243579,,0.0007851243541221765
TCN3_b5089e05,TCN3,loso_subject_S003,28,0.0013192950547684051,,0.02628952862901106,,0.0007698795586736293
TCN3_b5089e05,TCN3,loso_subject_S003,29,0.001182018667983136,,0.02465756332727291,,0.0007542957248827956
TCN3_b5089e05,TCN3,loso_subject_S003,30,0.001106825098483693,,0.024248954590388148,,0.0007383968818918422
TCN3_b5089e05,TCN3,loso_subject_S003,31,0.0010037266083051093,,0.02303823673080559,,0.00072220754456429
TCN3_b5089e05,TCN3,loso_subject_S003,32,0.0010158745624275513,,0.02299140559245324,,0.0007057526756848715
TCN3_b5089e05,TCN3,loso_subject_S003,33,0.0010391961200371263,,0.023146370339081096,,0.000689057647468726
TCN3_b5089e05,TCN3,loso_subject_S003,34,0.0009445462469405084,,0.02208453918691235,,0.000672148202439283
TCN3_b5089e05,TCN3,loso_subject_S003,35,0.0009689579556122513,,0.022355220737414406,,0.0006550504137351571
TCN3_b5089e05,TCN3,loso_subject_S003,36,0.0008998532130897929,,0.021806774753466807,,0.0006377906449072574
TCN3_b5089e05,TCN3,loso_subject_S003,37,0.000922602021441226,,0.022160247692381483,,0.0006203955092681036
TCN3_b5089e05,TCN3,loso_subject_S003,38,0.0008122028439460248,,0.020736028628874213,,0.0006028918288560267
TCN3_b5089e05,TCN3,loso_subject_S003,39,0.0008652481630671977,,0.021283349954555594,,0.00058530659307753
TCN3_b5089e05,TCN3,loso_subject_S003,40,0.0007947733586094438,,0.02036415716930684,,0.0005676669170915806
TCN3_b5089e05,TCN3,loso_subject_S003,41,0.0007179045790038449,,0.01949832156665492,,0.0005499999999999997
TCN3_b5089e05,TCN3,loso_subject_S003,42,0.0007632516629553152,,0.01980762605219,,0.000532333082908419
TCN3_b5089e05,TCN3,loso_subject_S003,43,0.0007060555367208195,,0.019503111177788763,,0.0005146934069224697
TCN3_b5089e05,TCN3,loso_subject_S003,44,0.0006522946409873404,,0.01874187434649223,,0.000497108171143973
TCN3_b5089e05,TCN3,loso_subject_S003,45,0.0007169666337366555,,0.01957554237164683,,0.00047960449073189616
TCN3_b5089e05,TCN3,loso_subject_S003,46,0.0006786257784496241,,0.018860927768496242,,0.00046220935509274226
TCN3_b5089e05,TCN3,loso_subject_S003,47,0.0006699756702285957,,0.01851138259981646,,0.00044494958626484254
TCN3_b5089e05,TCN3,loso_subject_S003,48,0.0006584720536392624,,0.01871111700083211,,0.00042785179756071645
TCN3_b5089e05,TCN3,loso_subject_S003,49,0.0006049400533280596,,0.017715556472514202,,0.0004109423525312737
TCN3_b5089e05,TCN3,loso_subject_S003,50,0.0006378669563678317,,0.018297143708419783,,0.0003942473243151282
TCN3_b5089e05,TCN3,loso_subject_S003,51,0.0005780231635402355,,0.01756152489504328,,0.0003777924554357096
TCN3_b5089e05,TCN3,loso_subject_S003,52,0.0005957038453727107,,0.017838945122073954,,0.0003616031181081575
TCN3_b5089e05,TCN3,loso_subject_S003,53,0.0005931024777032525,,0.017796524022598233,,0.000345704275117204
TCN3_b5089e05,TCN3,loso_subject_S003,54,0.0005355009693544288,,0.017141300232045895,,0.00033012044132637024
TCN3_b5089e05,TCN3,loso_subject_S003,55,0.0005432196165392932,,0.01682082260115552,,0.00031487564587782306
TCN3_b5089e05,TCN3,loso_subject_S003,56,0.0005472010902383549,,0.017129743505794864,,0.00029999339514117897
TCN3_b5089e05,TCN3,loso_subject_S003,57,0.0005615513608774872,,0.016837227288999817,,0.0002854966364683872
TCN3_b5089e05,TCN3,loso_subject_S003,58,0.0005345646120580868,,0.016656177092720083,,0.0002714077228105749
TCN3_b5089e05,TCN3,loso_subject_S003,59,0.0005136671995276842,,0.016438609018032613,,0.00025774837825141746
TCN3_b5089e05,TCN3,loso_subject_S003,60,0.000525334750384217,,0.016650734808541404,,0.0002445396645101764
TCN3_b5089e05,TCN3,loso_subject_S003,61,0.0004930409592018624,,0.016277967926170055,,0.0002318019484660537
TCN3_b5089e05,TCN3,loso_subject_S003,62,0.0005032033732101654,,0.016325135464083228,,0.00021955487075394156
TCN3_b5089e05,TCN3,loso_subject_S003,63,0.0005006098589066721,,0.016086926870112296,,0.0002078173154799862
TCN3_b5089e05,TCN3,loso_subject_S003,64,0.0004919366278328955,,0.01589412749149021,,0.00019660738110366478
TCN3_b5089e05,TCN3,loso_subject_S003,65,0.0004878840443151982,,0.015881783609407323,,0.00018594235253127373
TCN3_b5089e05,TCN3,loso_subject_S003,66,0.00046538109288559907,,0.015569422450257133,,0.00017583867446385477
TCN3_b5089e05,TCN3,loso_subject_S003,67,0.0004765535463447605,,0.015821458230507644,,0.00016631192604065853
TCN3_b5089e05,TCN3,loso_subject_S003,68,0.0004529808528061793,,0.015408631662185047,,0.00015737679681724137
TCN3_b5089e05,TCN3,loso_subject_S003,69,0.000420880754793589,,0.015269541138896822,,0.0001490470641152345
TCN3_b5089e05,TCN3,loso_subject_S003,70,0.0004196951937854994,,0.015108129582083525,,0.00014133557177871338
TCN3_b5089e05,TCN3,loso_subject_S003,71,0.00046733072827974604,,0.01550449579941297,,0.00013425421036992097
TCN3_b5089e05,TCN3,loso_subject_S003,72,0.00042735426685499444,,0.014900098194018978,,0.00012781389883488212
TCN3_b5089e05,TCN3,loso_subject_S003,73,0.0004266090555459154,,0.01499088362524965,,0.0001220245676671809
TCN3_b5089e05,TCN3,loso_subject_S003,74,0.0004239747711028756,,0.014867466176330283,,0.00011689514359585877
TCN3_b5089e05,TCN3,loso_subject_S003,75,0.00043011202717499654,,0.015060803772982502,,0.00011243353582104555
TCN3_b5089e05,TCN3,loso_subject_S003,76,0.0004224971655144884,,0.01498374227940697,,0.0001086466238185463
TCN3_b5089e05,TCN3,loso_subject_S003,77,0.00041687147302201926,,0.014811610160495092,,0.00010554024673218805
TCN3_b5089e05,TCN3,loso_subject_S003,78,0.0004226098352114848,,0.014687215923175869,,0.00010311919437028317
TCN3_b5089e05,TCN3,loso_subject_S003,79,0.00043173725407761107,,0.014860790999038913,,0.00010138719982009242
TCN3_b5089e05,TCN3,loso_subject_S003,80,0.0004243332511244554,,0.014821740097349247,,0.0001003469336916747
TCN3_b5089e05,TCN3,loso_subject_S004,1,0.2583580792486489,,0.37143110408162483,,0.001
TCN3_b5089e05,TCN3,loso_subject_S004,2,0.058073912405522815,,0.17602288290009185,,0.0009996530663083252
TCN3_b5089e05,TCN3,loso_subject_S004,3,0.030540194315230675,,0.12666701774712763,,0.0009986128001799074
TCN3_b5089e05,TCN3,loso_subject_S004,4,0.018610236072656473,,0.09745409271143866,,0.0009968808056297167
TCN3_b5089e05,TCN3,loso_subject_S004,5,0.014125899149502805,,0.08569218066633641,,0.0009944597532678117
TCN3_b5089e05,TCN3,loso_subject_S004,6,0.010783502607681142,,0.07583453879132743,,0.0009913533761814533
TCN3_b5089e05,TCN3,loso_subject_S004,7,0.008410421243388677,,0.06569959085356471,,0.000987566464178954
TCN3_b5089e05,TCN3,loso_subject_S004,8,0.007282169420155425,,0.060519020074667515,,0.0009831048564041408
TCN3_b5089e05,TCN3,loso_subject_S004,9,0.006463444353460208,,0.057272488996758936,,0.0009779754323328187
TCN3_b5089e05,TCN3,loso_subject_S004,10,0.005557703161509742,,0.05240533346610044,,0.0009721861011651174
TCN3_b5089e05,TCN3,loso_subject_S004,11,0.0048229882049211975,,0.048952596189478406,,0.0009657457896300785
TCN3_b5089e05,TCN3,loso_subject_S004,12,0.003914146277412986,,0.04497843624770105,,0.000958664428221286
TCN3_b5089e05,TCN3,loso_subject_S004,13,0.003736363945765342,,0.04265828258973962,,0.000950952935884765
TCN3_b5089e05,TCN3,loso_subject_S004,14,0.003461624685689181,,0.04241167020669622,,0.0009426232031827582
TCN3_b5089e05,TCN3,loso_subject_S004,15,0.002871883839821292,,0.038208747834404165,,0.0009336880739593409
TCN3_b5089e05,TCN3,loso_subject_S004,16,0.0027954658181976026,,0.038028897931727916,,0.0009241613255361449
TCN3_b5089e05,TCN3,loso_subject_S004,17,0.0027952312083895634,,0.03741809030481475,,0.0009140576474687258
TCN3_b5089e05,TCN3,loso_subject_S004,18,0.002492285113777346,,0.03586099299166807,,0.0009033926188963346
TCN3_b5089e05,TCN3,loso_subject_S004,19,0.0020972441795621263,,0.03302148874428264,,0.0008921826845200134
TCN3_b5089e05,TCN3,loso_subject_S004,20,0.0021029003033546686,,0.032437696349110375,,0.000880445129246058
TCN3_b5089e05,TCN3,loso_subject_S004,21,0.0018266428673813062,,0.030604609462995206,,0.0008681980515339459
TCN3_b5089e05,TCN3,loso_subject_S004,22,0.0017105605734418488,,0.029512492452600087,,0.0008554603354898234
TCN3_b5089e05,TCN3,loso_subject_S004,23,0.0017303247536782091,,0.029508035408406803,,0.0008422516217485822
TCN3_b5089e05,TCN3,loso_subject_S004,24,0.0015773854878433457,,0.028647430569444923,,0.0008285922771894248
TCN3_b5089e05,TCN3,loso_subject_S004,25,0.0014262727730546267,,0.026617775121576506,,0.0008145033635316124
TCN3_b5089e05,TCN3,loso_subject_S004,26,0.0013950584359421721,,0.02678000004276241,,0.0008000066048588205
TCN3_b5089e05,TCN3,loso_subject_S004,27,0.001284459017064163,,0.02550864790003624,,0.0007851243541221765
TCN3_b5089e05,TCN3,loso_subject_S004,28,0.001328437805957211,,0.02584169241042683,,0.0007698795586736293
TCN3_b5089e05,TCN3,loso_subject_S004,29,0.0011864431646659657,,0.024521287101774324,,0.0007542957248827956
TCN3_b5089e05,TCN3,loso_subject_S004,30,0.0011671897022286974,,0.02396794634299233,,0.0007383968818918422
TCN3_b5089e05,TCN3,loso_subject_S004,31,0.0011543199039113692,,0.023922483587276933,,0.00072220754456429
TCN3_b5089e05,TCN3,loso_subject_S004,32,0.0010706174955602459,,0.022810899593266237,,0.0007057526756848715
TCN3_b5089e05,TCN3,loso_subject_S004,33,0.001054112430474473,,0.02318337927449846,,0.000689057647468726
TCN3_b5089e05,TCN3,loso_subject_S004,34,0.0009545354425977892,,0.021731076767666266,,0.000672148202439283
TCN3_b5089e05,TCN3,loso_subject_S004,35,0.0009960861999888477,,0.02227117333738695,,0.0006550504137351571
TCN3_b5089e05,TCN3,loso_subject_S004,36,0.0009433226649808023,,0.021418729645560994,,0.0006377906449072574
TCN3_b5089e05,TCN3,loso_subject_S004,37,0.00086107456974247,,0.020753321752711877,,0.0006203955092681036
TCN3_b5089e05,TCN3,loso_subject_S004,38,0.0008369954531780832,,0.020300242586836582,,0.0006028918288560267
TCN3_b5089e05,TCN3,loso_subject_S004,39,0.0008064292719083695,,0.01978997162722302,,0.00058530659307753
TCN3_b5089e05,TCN3,loso_subject_S004,40,0.0008569935039405782,,0.020382717375912615,,0.0005676669170915806
TCN3_b5089e05,TCN3,loso_subject_S004,41,0.0007927937651562335,,0.019653830808853953,,0.0005499999999999997
TCN3_b5089e05,TCN3,loso_subject_S004,42,0.0008569857614100605,,0.020644691841964203,,0.000532333082908419
TCN3_b5089e05,TCN3,loso_subject_S004,43,0.0007183135289919799,,0.0186092505738591,,0.0005146934069224697
TCN3_b5089e05,TCN3,loso_subject_S004,44,0.0007287980000972897,,0.018655435636177813,,0.000497108171143973
TCN3_b5089e05,TCN3,loso_subject_S004,45,0.0006792704114572185,,0.018381018393295322,,0.00047960449073189616
TCN3_b5089e05,TCN3,loso_subject_S004,46,0.0006915858902866675,,0.01852984502117104,,0.00046220935509274226
TCN3_b5089e05,TCN3,loso_subject_S004,47,0.0006936579169846713,,0.017858976370387178,,0.00044494958626484254
TCN3_b5089e05,TCN3,loso_subject_S004,48,0.0007009682361657524,,0.018347751189076635,,0.00042785179756071645
TCN3_b5089e05,TCN3,loso_subject_S004,49,0.0006602043469452915,,0.01776562459079157,,0.0004109423525312737
TCN3_b5089e05,TCN3,loso_subject_S004,50,0.0006160776376642315,,0.017425053730304143,,0.0003942473243151282
TCN3_b5089e05,TCN3,loso_subject_S004,51,0.000640961426165624,,0.017315493496268323,,0.0003777924554357096
TCN3_b5089e05,TCN3,loso_subject_S004,52,0.0006302521124434673,,0.01728284021765639,,0.0003616031181081575
TCN3_b5089e05,TCN3,loso_subject_S004,53,0.0005810930449419376,,0.017028062957842045,,0.000345704275117204
TCN3_b5089e05,TCN3,loso_subject_S004,54,0.0005760349468127891,,0.01659593509956425,,0.00033012044132637024
TCN3_b5089e05,TCN3,loso_subject_S004,55,0.0006301449296596593,,0.017164169272276927,,0.00031487564587782306
TCN3_b5089e05,TCN3,loso_subject_S004,56,0.0005730266477748185,,0.016922688107628477,,0.00029999339514117897
TCN3_b5089e05,TCN3,loso_subject_S004,57,0.0005697242616969373,,0.016297796826160418,,0.0002854966364683872
TCN3_b5089e05,TCN3,loso_subject_S004,58,0.0005593794507287339,,0.016304361758401734,,0.0002714077228105749
TCN3_b5089e05,TCN3,loso_subject_S004,59,0.0005393363500297286,,0.01582179645865272,,0.00025774837825141746
TCN3_b5089e05,TCN3,loso_subject_S004,60,0.0005584862822187604,,0.016230448753992266,,0.0002445396645101764
TCN3_b5089e05,TCN3,loso_subject_S004,61,0.0005570242821258487,,0.015913935754943473,,0.0002318019484660537
TCN3_b5089e05,TCN3,loso_subject_S004,62,0.0005162682945420175,,0.015514204021628918,,0.00021955487075394156
TCN3_b5089e05,TCN3,loso_subject_S004,63,0.0005475796292419894,,0.0162114645982883,,0.0002078173154799862
TCN3_b5089e05,TCN3,loso_subject_S004,64,0.0005138888149402765,,0.015381751459753542,,0.00019660738110366478
TCN3_b5089e05,TCN3,loso_subject_S004,65,0.0005385815495282525,,0.015750071655130912,,0.00018594235253127373
TCN3_b5089e05,TCN3,loso_subject_S004,66,0.0005005338898190675,,0.015610112368275983,,0.00017583867446385477
TCN3_b5089e05,TCN3,loso_subject_S004,67,0.0005292483787651285,,0.015406312825644227,,0.00016631192604065853
TCN3_b5089e05,TCN3,loso_subject_S004,68,0.0004812173151969103,,0.01481047968644871,,0.00015737679681724137
TCN3_b5089e05,TCN3,loso_subject_S004,69,0.0004843553017956161,,0.014948690215778009,,0.0001490470641152345
TCN3_b5089e05,TCN3,loso_subject_S004,70,0.000513693845790669,,0.015124536152607558,,0.00014133557177871338
TCN3_b5089e05,TCN3,loso_subject_S004,71,0.0004642078402496859,,0.0151979995929313,,0.00013425421036992097
TCN3_b5089e05,TCN3,loso_subject_S004,72,0.000478281564453492,,0.01492595141061502,,0.00012781389883488212
TCN3_b5089e05,TCN3,loso_subject_S004,73,0.00047666544428449627,,0.014916099439431273,,0.0001220245676671809
TCN3_b5089e05,TCN3,loso_subject_S004,74,0.00047727083855091974,,0.014693732361933939,,0.00011689514359585877
TCN3_b5089e05,TCN3,loso_subject_S004,75,0.0004649086098826898,,0.014767246478495102,,0.00011243353582104555
TCN3_b5089e05,TCN3,loso_subject_S004,76,0.0004613246033872797,,0.01451358025578887,,0.0001086466238185463
TCN3_b5089e05,TCN3,loso_subject_S004,77,0.00045115356816128466,,0.014490720019941129,,0.00010554024673218805
TCN3_b5089e05,TCN3,loso_subject_S004,78,0.00044663844162521287,,0.01462889653970374,,0.00010311919437028317
TCN3_b5089e05,TCN3,loso_subject_S004,79,0.0004623028145311974,,0.014397229699828215,,0.00010138719982009242
TCN3_b5089e05,TCN3,loso_subject_S004,80,0.00044830247566013317,,0.014456283725035941,,0.0001003469336916747
TCN3_b5089e05,TCN3,loso_subject_S005,1,0.3568960094868933,,0.43977974053128993,,0.001
TCN3_b5089e05,TCN3,loso_subject_S005,2,0.054571920039558165,,0.17753754303927308,,0.0009996530663083252
TCN3_b5089e05,TCN3,loso_subject_S005,3,0.029675709585891243,,0.128474297427887,,0.0009986128001799074
TCN3_b5089e05,TCN3,loso_subject_S005,4,0.018953587793754636,,0.10386905276531246,,0.0009968808056297167
TCN3_b5089e05,TCN3,loso_subject_S005,5,0.013209542736995953,,0.08637692222416198,,0.0009944597532678117
TCN3_b5089e05,TCN3,loso_subject_S005,6,0.010285508493120455,,0.07646779481054573,,0.0009913533761814533
TCN3_b5089e05,TCN3,loso_subject_S005,7,0.00860434434354407,,0.06967392408705408,,0.000987566464178954
TCN3_b5089e05,TCN3,loso_subject_S005,8,0.0075999278028467,,0.06510292553555844,,0.0009831048564041408
TCN3_b5089e05,TCN3,loso_subject_S005,9,0.006202792477358526,,0.058546791467243495,,0.0009779754323328187
TCN3_b5089e05,TCN3,loso_subject_S005,10,0.005398196786794646,,0.054985771653696947,,0.0009721861011651174
TCN3_b5089e05,TCN3,loso_subject_S005,11,0.004765999479435461,,0.050398978245136276,,0.0009657457896300785
TCN3_b5089e05,TCN3,loso_subject_S005,12,0.004248203864200327,,0.04917650660913145,,0.000958664428221286
TCN3_b5089e05,TCN3,loso_subject_S005,13,0.003654108843495974,,0.04443585301015157,,0.000950952935884765
TCN3_b5089e05,TCN3,loso_subject_S005,14,0.0033798579883097383,,0.04272052922855058,,0.0009426232031827582
TCN3_b5089e05,TCN3,loso_subject_S005,15,0.003139476906174457,,0.040335565167177255,,0.0009336880739593409
TCN3_b5089e05,TCN3,loso_subject_S005,16,0.0029439731165703145,,0.039742851872696404,,0.0009241613255361449
TCN3_b5089e05,TCN3,loso_subject_S005,17,0.002731143722768377,,0.03810336930302223,,0.0009140576474687258
TCN3_b5089e05,TCN3,loso_subject_S005,18,0.0024541522107649682,,0.03642694108162724,,0.0009033926188963346
TCN3_b5089e05,TCN3,loso_subject_S005,19,0.002318637857194545,,0.03571234410024747,,0.0008921826845200134
TCN3_b5089e05,TCN3,loso_subject_S005,20,0.0022549113593264497,,0.034876521807736094,,0.000880445129246058
TCN3_b5089e05,TCN3,loso_subject_S005,21,0.0020056599089971175,,0.03283354864414438,,0.0008681980515339459
TCN3_b5089e05,TCN3,loso_subject_S005,22,0.001847490089160387,,0.031205586571589672,,0.0008554603354898234
TCN3_b5089e05,TCN3,loso_subject_S005,23,0.0016530434175079797,,0.029237911374699135,,0.0008422516217485822
TCN3_b5089e05,TCN3,loso_subject_S005,24,0.0014888686027835559,,0.02800276259742296,,0.0008285922771894248
TCN3_b5089e05,TCN3,loso_subject_S005,25,0.0016053604632743186,,0.02809908822204269,,0.0008145033635316124
TCN3_b5089e05,TCN3,loso_subject_S005,26,0.0014663227264842483,,0.02753331912204674,,0.0008000066048588205
TCN3_b5089e05,TCN3,loso_subject_S005,27,0.001358009095036714,,0.026141261210213748,,0.0007851243541221765
TCN3_b5089e05,TCN3,loso_subject_S005,28,0.0014276252140500822,,0.026891508817977874,,0.0007698795586736293
TCN3_b5089e05,TCN3,loso_subject_S005,29,0.001310414221430191,,0.025074722500893036,,0.0007542957248827956
TCN3_b5089e05,TCN3,loso_subject_S005,30,0.0012718205381528102,,0.025300451612208077,,0.0007383968818918422
TCN3_b5089e05,TCN3,loso_subject_S005,31,0.00114613360536218,,0.02427851844439124,,0.00072220754456429
TCN3_b5089e05,TCN3,loso_subject_S005,32,0.0011329623419193888,,0.023935744062116935,,0.0007057526756848715
TCN3_b5089e05,TCN3,loso_subject_S005,33,0.0010659664051222643,,0.023484928778820885,,0.000689057647468726
TCN3_b5089e05,TCN3,loso_subject_S005,34,0.001059309786913516,,0.022547010147988593,,0.000672148202439283
TCN3_b5089e05,TCN3,loso_subject_S005,35,0.0010271405766212696,,0.02261715743678015,,0.0006550504137351571
TCN3_b5089e05,TCN3,loso_subject_S005,36,0.0010091250223574887,,0.022388424199239792,,0.0006377906449072574
TCN3_b5089e05,TCN3,loso_subject_S005,37,0.0009645446839364112,,0.021994395100165147,,0.0006203955092681036
TCN3_b5089e05,TCN3,loso_subject_S005,38,0.0009606278398147317,,0.021895136118392895,,0.0006028918288560267
TCN3_b5089e05,TCN3,loso_subject_S005,39,0.000914394271038727,,0.021256683370155686,,0.00058530659307753
TCN3_b5089e05,TCN3,loso_subject_S005,40,0.0008989478188881542,,0.020795762777938778,,0.0005676669170915806
TCN3_b5089e05,TCN3,loso_subject_S005,41,0.0008692441645647326,,0.020536383919087287,,0.0005499999999999997
TCN3_b5089e05,TCN3,loso_subject_S005,42,0.0008043937318332162,,0.01971262360926171,,0.000532333082908419
TCN3_b5089e05,TCN3,loso_subject_S005,43,0.0008492822756072182,,0.020719592802150258,,0.0005146934069224697
TCN3_b5089e05,TCN3,loso_subject_S005,44,0.0008524178821313808,,0.02013801464957182,,0.000497108171143973
TCN3_b5089e05,TCN3,loso_subject_S005,45,0.0008569824801751575,,0.019570435700563035,,0.00047960449073189616
TCN3_b5089e05,TCN3,loso_subject_S005,46,0.0007721873245809113,,0.01931343442369443,,0.00046220935509274226
TCN3_b5089e05,TCN3,loso_subject_S005,47,0.0007839166316912596,,0.019177347330103147,,0.00044494958626484254
TCN3_b5089e05,TCN3,loso_subject_S005,48,0.0007167804780425726,,0.018915974700969642,,0.00042785179756071645
TCN3_b5089e05,TCN3,loso_subject_S005,49,0.000715177879015575,,0.018566645617015126,,0.0004109423525312737
TCN3_b5089e05,TCN3,loso_subject_S005,50,0.0006926100731091478,,0.018427594682462387,,0.0003942473243151282
TCN3_b5089e05,TCN3,loso_subject_S005,51,0.0006801894774546039,,0.018181692758009297,,0.0003777924554357096
TCN3_b5089e05,TCN3,loso_subject_S005,52,0.000687735992103955,,0.017975543622474215,,0.0003616031181081575
TCN3_b5089e05,TCN3,loso_subject_S005,53,0.0007008958001598817,,0.018422007858244632,,0.000345704275117204
TCN3_b5089e05,TCN3,loso_subject_S005,54,0.0006752122157021289,,0.01799474632551849,,0.00033012044132637024
TCN3_b5089e05,TCN3,loso_subject_S005,55,0.0006416914491904677,,0.017666740737118006,,0.00031487564587782306
TCN3_b5089e05,TCN3,loso_subject_S005,56,0.0006488826191021009,,0.01739685067036046,,0.00029999339514117897
TCN3_b5089e05,TCN3,loso_subject_S005,57,0.000642271814593702,,0.017364832877782222,,0.0002854966364683872
TCN3_b5089e05,TCN3,loso_subject_S005,58,0.0005920417491011258,,0.016994780877369865,,0.0002714077228105749
TCN3_b5089e05,TCN3,loso_subject_S005,59,0.0006403347641410808,,0.017184161928835175,,0.00025774837825141746
TCN3_b5089e05,TCN3,loso_subject_S005,60,0.0005941803737761255,,0.016941860933556086,,0.0002445396645101764
TCN3_b5089e05,TCN3,loso_subject_S005,61,0.0005813046578046113,,0.016652401004609598,,0.0002318019484660537
TCN3_b5089e05,TCN3,loso_subject_S005,62,0.0005952198764407823,,0.016414466193867626,,0.00021955487075394156
TCN3_b5089e05,TCN3,loso_subject_S005,63,0.0006219350356599094,,0.01675810088934345,,0.0002078173154799862
TCN3_b5089e05,TCN3,loso_subject_S005,64,0.0005540225368768689,,0.01631329050192247,,0.00019660738110366478
TCN3_b5089e05,TCN3,loso_subject_S005,65,0.0005748042988959611,,0.016320703705016256,,0.00018594235253127373
TCN3_b5089e05,TCN3,loso_subject_S005,66,0.0005642664308481732,,0.01604264560616464,,0.00017583867446385477
TCN3_b5089e05,TCN3,loso_subject_S005,67,0.0005518080981340222,,0.01602272540839459,,0.00016631192604065853
TCN3_b5089e05,TCN3,loso_subject_S005,68,0.0005340527937192877,,0.015980182953000882,,0.00015737679681724137
TCN3_b5089e05,TCN3,loso_subject_S005,69,0.0005336146617352759,,0.015892186530137836,,0.0001490470641152345
TCN3_b5089e05,TCN3,loso_subject_S005,70,0.000565547716236473,,0.016007004999921182,,0.00014133557177871338
TCN3_b5089e05,TCN3,loso_subject_S005,71,0.0005547710355357728,,0.015793709913999757,,0.00013425421036992097
TCN3_b5089e05,TCN3,loso_subject_S005,72,0.0005782812711609521,,0.015970522792749235,,0.00012781389883488212
TCN3_b5089e05,TCN3,loso_subject_S005,73,0.0005460171411195356,,0.015916706246574992,,0.0001220245676671809
TCN3_b5089e05,TCN3,loso_subject_S005,74,0.0005189336662013052,,0.01538618349441591,,0.00011689514359585877
TCN3_b5089e05,TCN3,loso_subject_S005,75,0.0005430285241764751,,0.015668900300821752,,0.00011243353582104555
TCN3_b5089e05,TCN3,loso_subject_S005,76,0.0005467381093924413,,0.015569160253114668,,0.0001086466238185463
TCN3_b5089e05,TCN3,loso_subject_S005,77,0.000540169976264677,,0.015468000312917469,,0.00010554024673218805
TCN3_b5089e05,TCN3,loso_subject_S005,78,0.0005522147324428903,,0.015581670955281209,,0.00010311919437028317
TCN3_b5089e05,TCN3,loso_subject_S005,79,0.0005129253913417185,,0.01522853082942271,,0.00010138719982009242
TCN3_b5089e05,TCN3,loso_subject_S005,80,0.0004959616892130365,,0.015188118392671538,,0.0001003469336916747
TCN3_b5089e05,TCN3,loso_subject_S006,1,0.27639151721730637,,0.38737593874880993,,0.001
TCN3_b5089e05,TCN3,loso_subject_S006,2,0.048281971575075924,,0.16322689621175568,,0.0009996530663083252
TCN3_b5089e05,TCN3,loso_subject_S006,3,0.025115978825101165,,0.11958681053845492,,0.0009986128001799074
TCN3_b5089e05,TCN3,loso_subject_S006,4,0.01671154470914555,,0.09697089839083886,,0.0009968808056297167
TCN3_b5089e05,TCN3,loso_subject_S006,5,0.011688209068139506,,0.0810485725103334,,0.0009944597532678117
TCN3_b5089e05,TCN3,loso_subject_S006,6,0.008662403379273528,,0.06922642725139748,,0.0009913533761814533
TCN3_b5089e05,TCN3,loso_subject_S006,7,0.007351783057843762,,0.06400101219406225,,0.000987566464178954
TCN3_b5089e05,TCN3,loso_subject_S006,8,0.0062839636666419405,,0.0591305296871773,,0.0009831048564041408
TCN3_b5089e05,TCN3,loso_subject_S006,9,0.005241489026502527,,0.054031114745055515,,0.0009779754323328187
TCN3_b5089e05,TCN3,loso_subject_S006,10,0.00473441300888803,,0.050609836742621137,,0.0009721861011651174
TCN3_b5089e05,TCN3,loso_subject_S006,11,0.004102955650045352,,0.046424619585560795,,0.0009657457896300785
TCN3_b5089e05,TCN3,loso_subject_S006,12,0.003789575698405089,,0.044567296226149106,,0.000958664428221286
TCN3_b5089e05,TCN3,loso_subject_S006,13,0.0031335918234795803,,0.040659902362919255,,0.000950952935884765
TCN3_b5089e05,TCN3,loso_subject_S006,14,0.002970342770469578,,0.039533425003280345,,0.0009426232031827582
TCN3_b5089e05,TCN3,loso_subject_S006,15,0.002791702840561726,,0.03811228452775786,,0.0009336880739593409
TCN3_b5089e05,TCN3,loso_subject_S006,16,0.002533925467449465,,0.036609808601874086,,0.0009241613255361449
TCN3_b5089e05,TCN3,loso_subject_S006,17,0.002387663595475495,,0.034909323350711056,,0.0009140576474687258
TCN3_b5089e05,TCN3,loso_subject_S006,18,0.0022010341432149587,,0.03346763274818905,,0.0009033926188963346
TCN3_b5089e05,TCN3,loso_subject_S006,19,0.0020538299092983,,0.032220349848363826,,0.0008921826845200134
TCN3_b5089e05,TCN3,loso_subject_S006,20,0.002079201082029776,,0.03246009534981356,,0.000880445129246058
TCN3_b5089e05,TCN3,loso_subject_S006,21,0.0020023417012770307,,0.03226555574037619,,0.0008681980515339459
TCN3_b5089e05,TCN3,loso_subject_S006,22,0.0018152688798230082,,0.030699489263345092,,0.0008554603354898234
TCN3_b5089e05,TCN3,loso_subject_S006,23,0.0015920413474738843,,0.028925050403990394,,0.0008422516217485822
TCN3_b5089e05,TCN3,loso_subject_S006,24,0.0016018643766547594,,0.028883624635698258,,0.0008285922771894248
TCN3_b5089e05,TCN3,loso_subject_S006,25,0.001430334379750263,,0.026338311157449563,,0.0008145033635316124
TCN3_b5089e05,TCN3,loso_subject_S006,26,0.0013866548457022244,,0.0267544335644804,,0.0008000066048588205
TCN3_b5089e05,TCN3,loso_subject_S006,27,0.0013930027806226205,,0.026443439010679425,,0.0007851243541221765
TCN3_b5089e05,TCN3,loso_subject_S006,28,0.0013275709088783588,,0.025588626364637466,,0.0007698795586736293
TCN3_b5089e05,TCN3,loso_subject_S006,29,0.0013167211866262514,,0.02621185346879864,,0.0007542957248827956
TCN3_b5089e05,TCN3,loso_subject_S006,30,0.0011724993005884717,,0.0242863881101519,,0.0007383968818918422
TCN3_b5089e05,TCN3,loso_subject_S006,31,0.0010951795048043205,,0.023489854970522268,,0.00072220754456429
TCN3_b5089e05,TCN3,loso_subject_S006,32,0.001128133626021623,,0.023819137851949456,,0.0007057526756848715
TCN3_b5089e05,TCN3,loso_subject_S006,33,0.0010835308097186154,,0.02298051407741993,,0.000689057647468726
TCN3_b5089e05,TCN3,loso_subject_S006,34,0.0011999181702444825,,0.02458512025640393,,0.000672148202439283
TCN3_b5089e05,TCN3,loso_subject_S006,35,0.000999195085784973,,0.022073933885425712,,0.0006550504137351571
TCN3_b5089e05,TCN3,loso_subject_S006,36,0.0009444653280597107,,0.02166266006539557,,0.0006377906449072574
TCN3_b5089e05,TCN3,loso_subject_S006,37,0.0009589325467245029,,0.02161867853533077,,0.0006203955092681036
TCN3_b5089e05,TCN3,loso_subject_S006,38,0.0009071797132338432,,0.020856062107031514,,0.0006028918288560267
TCN3_b5089e05,TCN3,loso_subject_S006,39,0.0008711794749469533,,0.020658488895747774,,0.00058530659307753
TCN3_b5089e05,TCN3,loso_subject_S006,40,0.0008344845020710618,,0.02007423176518351,,0.0005676669170915806
TCN3_b5089e05,TCN3,loso_subject_S006,41,0.0008132152735573371,,0.02015753129650189,,0.0005499999999999997
TCN3_b5089e05,TCN3,loso_subject_S006,42,0.0008143841909122979,,0.019666514878386478,,0.000532333082908419
TCN3_b5089e05,TCN3,loso_subject_S006,43,0.0008118987706493241,,0.019928183860115703,,0.0005146934069224697
TCN3_b5089e05,TCN3,loso_subject_S006,44,0.0007475270981187845,,0.01883571745759581,,0.000497108171143973
TCN3_b5089e05,TCN3,loso_subject_S006,45,0.0007621095106951279,,0.019457374429327157,,0.00047960449073189616
TCN3_b5089e05,TCN3,loso_subject_S006,46,0.0006916706104379077,,0.018266557238649433,,0.00046220935509274226
TCN3_b5089e05,TCN3,loso_subject_S006,47,0.0007678661344022742,,0.019156533952818397,,0.00044494958626484254
TCN3_b5089e05,TCN3,loso_subject_S006,48,0.0007738098897763808,,0.019241806870023435,,0.00042785179756071645
TCN3_b5089e05,TCN3,loso_subject_S006,49,0.000719058539620679,,0.018289920876705383,,0.0004109423525312737
TCN3_b5089e05,TCN3,loso_subject_S006,50,0.0006955422001516896,,0.01818824293972517,,0.0003942473243151282
TCN3_b5089e05,TCN3,loso_subject_S006,51,0.0007075493780538718,,0.018303564158786017,,0.0003777924554357096
TCN3_b5089e05,TCN3,loso_subject_S006,52,0.000654928041151926,,0.01808463610095411,,0.0003616031181081575
TCN3_b5089e05,TCN3,loso_subject_S006,53,0.0006592825359085047,,0.017668460355964047,,0.000345704275117204
TCN3_b5089e05,TCN3,loso_subject_S006,54,0.0006891417264991665,,0.01842417347044274,,0.00033012044132637024
TCN3_b5089e05,TCN3,loso_subject_S006,55,0.0006634991999171091,,0.01772310261232689,,0.00031487564587782306
TCN3_b5089e05,TCN3,loso_subject_S006,56,0.0006192612225496764,,0.017213539097486394,,0.00029999339514117897
TCN3_b5089e05,TCN3,loso_subject_S006,57,0.0006254278287573904,,0.017278439947596008,,0.0002854966364683872
TCN3_b5089e05,TCN3,loso_subject_S006,58,0.0006004247336772233,,0.016738314666431636,,0.0002714077228105749
TCN3_b5089e05,TCN3,loso_subject_S006,59,0.00063417695666805,,0.01720677132566783,,0.00025774837825141746
TCN3_b5089e05,TCN3,loso_subject_S006,60,0.0005886422027979711,,0.016517539016093725,,0.0002445396645101764
TCN3_b5089e05,TCN3,loso_subject_S006,61,0.0006093917600941116,,0.016812232249554374,,0.0002318019484660537
TCN3_b5089e05,TCN3,loso_subject_S006,62,0.0005910721025832953,,0.016521358039046977,,0.00021955487075394156
TCN3_b5089e05,TCN3,loso_subject_S006,63,0.0005473287861609259,,0.01612621273799959,,0.0002078173154799862
TCN3_b5089e05,TCN3,loso_subject_S006,64,0.0005484230508560795,,0.01624080905194862,,0.00019660738110366478
TCN3_b5089e05,TCN3,loso_subject_S006,65,0.0005449450781585938,,0.01611724041933295,,0.00018594235253127373
TCN3_b5089e05,TCN3,loso_subject_S006,66,0.0005463996393736962,,0.015920111293748086,,0.00017583867446385477
TCN3_b5089e05,TCN3,loso_subject_S006,67,0.0005613544305444811,,0.016103946035700204,,0.00016631192604065853
TCN3_b5089e05,TCN3,loso_subject_S006,68,0.0005349584848456225,,0.016001733594842277,,0.00015737679681724137
TCN3_b5089e05,TCN3,loso_subject_S006,69,0.0005497295276529341,,0.01588288991100882,,0.0001490470641152345
TCN3_b5089e05,TCN3,loso_subject_S006,70,0.0005076874314224472,,0.015591446119162439,,0.00014133557177871338
TCN3_b5089e05,TCN3,loso_subject_S006,71,0.0004897118681438448,,0.015303001314443414,,0.00013425421036992097
TCN3_b5089e05,TCN3,loso_subject_S006,72,0.0005287961039840573,,0.015442343691443206,,0.00012781389883488212
TCN3_b5089e05,TCN3,loso_subject_S006,73,0.0005189055268963383,,0.015123808122274113,,0.0001220245676671809
TCN3_b5089e05,TCN3,loso_subject_S006,74,0.0005052990419475202,,0.015179928908685634,,0.00011689514359585877
TCN3_b5089e05,TCN3,loso_subject_S006,75,0.0005282990850333994,,0.015610931032524374,,0.00011243353582104555
TCN3_b5089e05,TCN3,loso_subject_S006,76,0.00051419897994473,,0.015332830284148485,,0.0001086466238185463
TCN3_b5089e05,TCN3,loso_subject_S006,77,0.0005086818945171872,,0.015315426688386894,,0.00010554024673218805
TCN3_b5089e05,TCN3,loso_subject_S006,78,0.0005264338083448167,,0.015331586632362611,,0.00010311919437028317
TCN3_b5089e05,TCN3,loso_subject_S006,79,0.0004906242164036985,,0.015046624059956958,,0.00010138719982009242
TCN3_b5089e05,TCN3,loso_subject_S006,80,0.0005031678337947638,,0.015059826456204534,,0.0001003469336916747
TCN3_b5089e05,TCN3,loso_subject_S008,1,0.2702106007681155,,0.3786515818476125,,0.001
TCN3_b5089e05,TCN3,loso_subject_S008,2,0.05168250871761834,,0.1643930318081797,,0.0009996530663083252
TCN3_b5089e05,TCN3,loso_subject_S008,3,0.02751370384046607,,0.11954976050250976,,0.0009986128001799074
TCN3_b5089e05,TCN3,loso_subject_S008,4,0.018738944620919653,,0.09967524160382607,,0.0009968808056297167
TCN3_b5089e05,TCN3,loso_subject_S008,5,0.01279866246692713,,0.0839995672318574,,0.0009944597532678117
TCN3_b5089e05,TCN3,loso_subject_S008,6,0.010511024761390283,,0.07613509243032461,,0.0009913533761814533
TCN3_b5089e05,TCN3,loso_subject_S008,7,0.008386195596605835,,0.0673575813233024,,0.000987566464178954
TCN3_b5089e05,TCN3,loso_subject_S008,8,0.0064099118360678815,,0.05933555272302432,,0.0009831048564041408
TCN3_b5089e05,TCN3,loso_subject_S008,9,0.005564355719720539,,0.054545283337289495,,0.0009779754323328187
TCN3_b5089e05,TCN3,loso_subject_S008,10,0.0050114343912987264,,0.05249566495083248,,0.0009721861011651174
TCN3_b5089e05,TCN3,loso_subject_S008,11,0.004409109028999297,,0.04891682824478648,,0.0009657457896300785
TCN3_b5089e05,TCN3,loso_subject_S008,12,0.004144518241233271,,0.047266664808156236,,0.000958664428221286
TCN3_b5089e05,TCN3,loso_subject_S008,13,0.0034045655706257593,,0.04298929849172333,,0.000950952935884765
TCN3_b5089e05,TCN3,loso_subject_S008,14,0.0030481622110273194,,0.04026902647236576,,0.0009426232031827582
TCN3_b5089e05,TCN3,loso_subject_S008,15,0.0029510914534207097,,0.03955539515886695,,0.0009336880739593409
TCN3_b5089e05,TCN3,loso_subject_S008,16,0.0029159018156272166,,0.039438317489793644,,0.0009241613255361449
TCN3_b5089e05,TCN3,loso_subject_S008,17,0.002444577159903682,,0.03621432951803755,,0.0009140576474687258
TCN3_b5089e05,TCN3,loso_subject_S008,18,0.0023380797481950813,,0.03484610827118257,,0.0009033926188963346
TCN3_b5089e05,TCN3,loso_subject_S008,19,0.0021513276382902308,,0.034065402586883384,,0.0008921826845200134
TCN3_b5089e05,TCN3,loso_subject_S008,20,0.002000493900976769,,0.033150494895002686,,0.000880445129246058
TCN3_b5089e05,TCN3,loso_subject_S008,21,0.0019369008937791424,,0.0317953667405581,,0.0008681980515339459
TCN3_b5089e05,TCN3,loso_subject_S008,22,0.0018996637676516456,,0.031493934606091616,,0.0008554603354898234
TCN3_b5089e05,TCN3,loso_subject_S008,23,0.0018842180857704836,,0.03180444290248824,,0.0008422516217485822
TCN3_b5089e05,TCN3,loso_subject_S008,24,0.0016928065500717085,,0.029790407042977512,,0.0008285922771894248
TCN3_b5089e05,TCN3,loso_subject_S008,25,0.001663088714389573,,0.029975164055449532,,0.0008145033635316124
TCN3_b5089e05,TCN3,loso_subject_S008,26,0.001449454091971618,,0.027661383029968435,,0.0008000066048588205
TCN3_b5089e05,TCN3,loso_subject_S008,27,0.0013385989773657338,,0.02634757825356497,,0.0007851243541221765
TCN3_b5089e05,TCN3,loso_subject_S008,28,0.001375847503219002,,0.026403522598455475,,0.0007698795586736293
TCN3_b5089e05,TCN3,loso_subject_S008,29,0.0013187412737451448,,0.026139554263768728,,0.0007542957248827956
TCN3_b5089e05,TCN3,loso_subject_S008,30,0.0012745478937126855,,0.025492405308093716,,0.0007383968818918422
TCN3_b5089e05,TCN3,loso_subject_S008,31,0.0012409592876802516,,0.02585609234415838,,0.00072220754456429
TCN3_b5089e05,TCN3,loso_subject_S008,32,0.0012173800303001009,,0.02462871297996696,,0.0007057526756848715
TCN3_b5089e05,TCN3,loso_subject_S008,33,0.0011263469615945016,,0.024198406300132123,,0.000689057647468726
TCN3_b5089e05,TCN3,loso_subject_S008,34,0.001074230758456173,,0.02384887923795328,,0.000672148202439283
TCN3_b5089e05,TCN3,loso_subject_S008,35,0.0010962695378593209,,0.02348356246627734,,0.0006550504137351571
TCN3_b5089e05,TCN3,loso_subject_S008,36,0.0009537089117115437,,0.022174600024863555,,0.0006377906449072574
TCN3_b5089e05,TCN3,loso_subject_S008,37,0.0009326772042565556,,0.02192891926598975,,0.0006203955092681036
TCN3_b5089e05,TCN3,loso_subject_S008,38,0.0010329372991912849,,0.022569046347771238,,0.0006028918288560267
TCN3_b5089e05,TCN3,loso_subject_S008,39,0.0009309486524155086,,0.021762504293518614,,0.00058530659307753
TCN3_b5089e05,TCN3,loso_subject_S008,40,0.000939075754575424,,0.022126971249062443,,0.0005676669170915806
TCN3_b5089e05,TCN3,loso_subject_S008,41,0.0009271292327403958,,0.02149993344564496,,0.0005499999999999997
TCN3_b5089e05,TCN3,loso_subject_S008,42,0.0008335007783913064,,0.020551821617576006,,0.000532333082908419
TCN3_b5089e05,TCN3,loso_subject_S008,43,0.0008640137959788181,,0.020641984953036537,,0.0005146934069224697
TCN3_b5089e05,TCN3,loso_subject_S008,44,0.0008284760796089615,,0.020124295142723937,,0.000497108171143973
TCN3_b5089e05,TCN3,loso_subject_S008,45,0.0007972883931262521,,0.02016290890152765,,0.00047960449073189616
TCN3_b5089e05,TCN3,loso_subject_S008,46,0.0007850365805269227,,0.01974625300990774,,0.00046220935509274226
TCN3_b5089e05,TCN3,loso_subject_S008,47,0.0007919422491046173,,0.019637176849584086,,0.00044494958626484254
TCN3_b5089e05,TCN3,loso_subject_S008,48,0.0008053411475577207,,0.020268117478283765,,0.00042785179756071645
TCN3_b5089e05,TCN3,loso_subject_S008,49,0.0007130649451765495,,0.019035131525689603,,0.0004109423525312737
TCN3_b5089e05,TCN3,loso_subject_S008,50,0.0007004768123335872,,0.018626623925050902,,0.0003942473243151282
TCN3_b5089e05,TCN3,loso_subject_S008,51,0.0006891119557055,,0.018288271273606507,,0.0003777924554357096
TCN3_b5089e05,TCN3,loso_subject_S008,52,0.0006943194871776985,,0.018573354463716125,,0.0003616031181081575
TCN3_b5089e05,TCN3,loso_subject_S008,53,0.0006987165073660146,,0.018395664339267523,,0.000345704275117204
TCN3_b5089e05,TCN3,loso_subject_S008,54,0.0006608121875302329,,0.017893885586516774,,0.00033012044132637024
TCN3_b5089e05,TCN3,loso_subject_S008,55,0.0006983171825107338,,0.017836954267134657,,0.00031487564587782306
TCN3_b5089e05,TCN3,loso_subject_S008,56,0.0006525269676012824,,0.01778162796540934,,0.00029999339514117897
TCN3_b5089e05,TCN3,loso_subject_S008,57,0.0006452258345862841,,0.01750095649779553,,0.0002854966364683872
TCN3_b5089e05,TCN3,loso_subject_S008,58,0.0006595641605877752,,0.01774730141478647,,0.0002714077228105749
TCN3_b5089e05,TCN3,loso_subject_S008,59,0.0006074219540533228,,0.017381171104797144,,0.00025774837825141746
TCN3_b5089e05,TCN3,loso_subject_S008,60,0.0006176171504444314,,0.017225213564592116,,0.0002445396645101764
TCN3_b5089e05,TCN3,loso_subject_S008,61,0.0005902962539635333,,0.016689040715985547,,0.0002318019484660537
TCN3_b5089e05,TCN3,loso_subject_S008,62,0.0005942703723817482,,0.016580834367184903,,0.00021955487075394156
TCN3_b5089e05,TCN3,loso_subject_S008,63,0.0006089900099610125,,0.01685039218438729,,0.0002078173154799862
TCN3_b5089e05,TCN3,loso_subject_S008,64,0.0005595985652717394,,0.016808978409502066,,0.00019660738110366478
TCN3_b5089e05,TCN3,loso_subject_S008,65,0.0005846437202624158,,0.016858980425742586,,0.00018594235253127373
TCN3_b5089e05,TCN3,loso_subject_S008,66,0.0006142505452676024,,0.01653346335385944,,0.00017583867446385477
TCN3_b5089e05,TCN3,loso_subject_S008,67,0.0005699847483753845,,0.01671107789201996,,0.00016631192604065853
TCN3_b5089e05,TCN3,loso_subject_S008,68,0.0005412048545883614,,0.016182265177240914,,0.00015737679681724137
TCN3_b5089e05,TCN3,loso_subject_S008,69,0.0005596198807168483,,0.016153860954329875,,0.0001490470641152345
TCN3_b5089e05,TCN3,loso_subject_S008,70,0.0005483683905580274,,0.01617301019644556,,0.00014133557177871338
TCN3_b5089e05,TCN3,loso_subject_S008,71,0.0005356649694106622,,0.016081330964919906,,0.00013425421036992097
TCN3_b5089e05,TCN3,loso_subject_S008,72,0.0005284801053123187,,0.015750379784835206,,0.00012781389883488212
TCN3_b5089e05,TCN3,loso_subject_S008,73,0.0005045428656844125,,0.015431010953263484,,0.0001220245676671809
TCN3_b5089e05,TCN3,loso_subject_S008,74,0.0005693853896574754,,0.016143504812485093,,0.00011689514359585877
TCN3_b5089e05,TCN3,loso_subject_S008,75,0.0005284451176638917,,0.015922065442125974,,0.00011243353582104555
TCN3_b5089e05,TCN3,loso_subject_S008,76,0.0005213919081133473,,0.01582770538901569,,0.0001086466238185463
TCN3_b5089e05,TCN3,loso_subject_S008,77,0.0005276872896677787,,0.01572151453567707,,0.00010554024673218805
TCN3_b5089e05,TCN3,loso_subject_S008,78,0.000494933644621519,,0.015434414356660953,,0.00010311919437028317
TCN3_b5089e05,TCN3,loso_subject_S008,79,0.0005253833775572827,,0.015485344037369219,,0.00010138719982009242
TCN3_b5089e05,TCN3,loso_subject_S008,80,0.0004989216454512939,,0.015503324573202531,,0.0001003469336916747
TCN3_b5089e05,TCN3,loso_subject_S009,1,0.2835611932995645,,0.39021995528177783,,0.001
TCN3_b5089e05,TCN3,loso_subject_S009,2,0.055912184148010885,,0.17556407302618027,,0.0009996530663083252
TCN3_b5089e05,TCN3,loso_subject_S009,3,0.029477663634514265,,0.1269127790900794,,0.0009986128001799074
TCN3_b5089e05,TCN3,loso_subject_S009,4,0.01937389799224382,,0.10355726290832866,,0.0009968808056297167
TCN3_b5089e05,TCN3,loso_subject_S009,5,0.013777448509989137,,0.08704480376433242,,0.0009944597532678117
TCN3_b5089e05,TCN3,loso_subject_S009,6,0.010376988677307963,,0.07544018395922401,,0.0009913533761814533
TCN3_b5089e05,TCN3,loso_subject_S009,7,0.008103994028219446,,0.06838146944276312,,0.000987566464178954
TCN3_b5089e05,TCN3,loso_subject_S009,8,0.006669304344210435,,0.06053779799152504,,0.0009831048564041408
TCN3_b5089e05,TCN3,loso_subject_S009,9,0.006355057518124919,,0.05923815469511531,,0.0009779754323328187
TCN3_b5089e05,TCN3,loso_subject_S009,10,0.005214216446884992,,0.05297784744338556,,0.0009721861011651174
TCN3_b5089e05,TCN3,loso_subject_S009,11,0.004724257228769024,,0.04989529240199111,,0.0009657457896300785
TCN3_b5089e05,TCN3,loso_subject_S009,12,0.0038857160093770785,,0.046607049012726005,,0.000958664428221286
TCN3_b5089e05,TCN3,loso_subject_S009,13,0.003610355033412237,,0.04387619236314839,,0.000950952935884765
TCN3_b5089e05,TCN3,loso_subject_S009,14,0.0031845254098615524,,0.04133087227290327,,0.0009426232031827582
TCN3_b5089e05,TCN3,loso_subject_S009,15,0.003126199190526015,,0.04065388949079947,,0.0009336880739593409
TCN3_b5089e05,TCN3,loso_subject_S009,16,0.002905816318657757,,0.03842410250482234,,0.0009241613255361449
TCN3_b5089e05,TCN3,loso_subject_S009,17,0.002692030853888189,,0.03705253888090903,,0.0009140576474687258
TCN3_b5089e05,TCN3,loso_subject_S009,18,0.0024181538584261116,,0.03534210612997413,,0.0009033926188963346
TCN3_b5089e05,TCN3,loso_subject_S009,19,0.0020157452725636012,,0.03266128474338488,,0.0008921826845200134
TCN3_b5089e05,TCN3,loso_subject_S009,20,0.0020141725624191827,,0.03188066569749604,,0.000880445129246058
TCN3_b5089e05,TCN3,loso_subject_S009,21,0.002151574590243399,,0.03248669545758854,,0.0008681980515339459
TCN3_b5089e05,TCN3,loso_subject_S009,22,0.0020034974361558193,,0.031234893228181383,,0.0008554603354898234
TCN3_b5089e05,TCN3,loso_subject_S009,23,0.0017582673833451488,,0.029514458115127953,,0.0008422516217485822
TCN3_b5089e05,TCN3,loso_subject_S009,24,0.0017175127934685654,,0.0296029762618921,,0.0008285922771894248
TCN3_b5089e05,TCN3,loso_subject_S009,25,0.0017198966088471934,,0.02917389605532993,,0.0008145033635316124
TCN3_b5089e05,TCN3,loso_subject_S009,26,0.0015405875813237137,,0.027828839565203947,,0.0008000066048588205
TCN3_b5089e05,TCN3,loso_subject_S009,27,0.0014281888857526196,,0.02711646445095539,,0.0007851243541221765
TCN3_b5089e05,TCN3,loso_subject_S009,28,0.0014751404404788363,,0.027644044296308,,0.0007698795586736293
TCN3_b5089e05,TCN3,loso_subject_S009,29,0.0014649444452846762,,0.025896329517391594,,0.0007542957248827956
TCN3_b5089e05,TCN3,loso_subject_S009,30,0.001295867533454756,,0.02581598266789859,,0.0007383968818918422
TCN3_b5089e05,TCN3,loso_subject_S009,31,0.0012782300248297609,,0.02498565385626121,,0.00072220754456429
TCN3_b5089e05,TCN3,loso_subject_S009,32,0.0012077600589360702,,0.024176791437308897,,0.0007057526756848715
TCN3_b5089e05,TCN3,loso_subject_S009,33,0.0011647989026228474,,0.024203945924951273,,0.000689057647468726
TCN3_b5089e05,TCN3,loso_subject_S009,34,0.0012005570328752087,,0.024040562905032526,,0.000672148202439283
TCN3_b5089e05,TCN3,loso_subject_S009,35,0.001149464703551282,,0.023846506352790377,,0.0006550504137351571
TCN3_b5089e05,TCN3,loso_subject_S009,36,0.0010759253134231337,,0.023063775913959198,,0.0006377906449072574
TCN3_b5089e05,TCN3,loso_subject_S009,37,0.0010588146912844174,,0.022169711025939745,,0.0006203955092681036
TCN3_b5089e05,TCN3,loso_subject_S009,38,0.0009504523338612423,,0.02202844179489396,,0.0006028918288560267
TCN3_b5089e05,TCN3,loso_subject_S009,39,0.0009281193766086785,,0.021863214078951965,,0.00058530659307753
TCN3_b5089e05,TCN3,loso_subject_S009,40,0.0009644566836703399,,0.021825071043250235,,0.0005676669170915806
TCN3_b5089e05,TCN3,loso_subject_S009,41,0.0009122375869827175,,0.02139725870537487,,0.0005499999999999997
TCN3_b5089e05,TCN3,loso_subject_S009,42,0.0008503411597551101,,0.020782145248218017,,0.000532333082908419
TCN3_b5089e05,TCN3,loso_subject_S009,43,0.0009191795305179602,,0.02080259510231289,,0.0005146934069224697
TCN3_b5089e05,TCN3,loso_subject_S009,44,0.0008568411867599934,,0.02073782936415889,,0.000497108171143973
TCN3_b5089e05,TCN3,loso_subject_S009,45,0.0008306467088087546,,0.019585847473618658,,0.00047960449073189616
TCN3_b5089e05,TCN3,loso_subject_S009,46,0.0009633980490351943,,0.021056079940701074,,0.00046220935509274226
TCN3_b5089e05,TCN3,loso_subject_S009,47,0.0008518893757189454,,0.020217407113787802,,0.00044494958626484254
TCN3_b5089e05,TCN3,loso_subject_S009,48,0.0007916505961805921,,0.019308877431533554,,0.00042785179756071645
TCN3_b5089e05,TCN3,loso_subject_S009,49,0.0008046454855833541,,0.01949884626083076,,0.0004109423525312737
TCN3_b5089e05,TCN3,loso_subject_S009,50,0.0008443220199710181,,0.019876201531257142,,0.0003942473243151282
TCN3_b5089e05,TCN3,loso_subject_S009,51,0.0007372757258549841,,0.018785524922846394,,0.0003777924554357096
TCN3_b5089e05,TCN3,loso_subject_S009,52,0.0007616386547769335,,0.018681180959736757,,0.0003616031181081575
TCN3_b5089e05,TCN3,loso_subject_S009,53,0.0007081326072114858,,0.018497638616033575,,0.000345704275117204
TCN3_b5089e05,TCN3,loso_subject_S009,54,0.0006942356029123238,,0.018277317793531853,,0.00033012044132637024
TCN3_b5089e05,TCN3,loso_subject_S009,55,0.0007082667738855393,,0.018059460890733382,,0.00031487564587782306
TCN3_b5089e05,TCN3,loso_subject_S009,56,0.0006898732668064026,,0.01798865228722041,,0.00029999339514117897
TCN3_b5089e05,TCN3,loso_subject_S009,57,0.0006837366924049671,,0.017837402199141004,,0.0002854966364683872
TCN3_b5089e05,TCN3,loso_subject_S009,58,0.0006681775498278016,,0.01786728800189766,,0.0002714077228105749
TCN3_b5089e05,TCN3,loso_subject_S009,59,0.0006731728294239888,,0.017918393672020597,,0.00025774837825141746
TCN3_b5089e05,TCN3,loso_subject_S009,60,0.0006652523403648626,,0.01762666053731333,,0.0002445396645101764
TCN3_b5089e05,TCN3,loso_subject_S009,61,0.0007019608449561267,,0.01757437475448982,,0.0002318019484660537
TCN3_b5089e05,TCN3,loso_subject_S009,62,0.0006502570970703594,,0.017523628130385823,,0.00021955487075394156
TCN3_b5089e05,TCN3,loso_subject_S009,63,0.0006807000642187301,,0.01809253067370843,,0.0002078173154799862
TCN3_b5089e05,TCN3,loso_subject_S009,64,0.00064885630887478,,0.017106549835509875,,0.00019660738110366478
TCN3_b5089e05,TCN3,loso_subject_S009,65,0.000611538591990459,,0.01673819518394091,,0.00018594235253127373
TCN3_b5089e05,TCN3,loso_subject_S009,66,0.000634104578983335,,0.016883138186213644,,0.00017583867446385477
TCN3_b5089e05,TCN3,loso_subject_S009,67,0.000576656803869727,,0.016561564650725235,,0.00016631192604065853
TCN3_b5089e05,TCN3,loso_subject_S009,68,0.000649432927523528,,0.016781034773554315,,0.00015737679681724137
TCN3_b5089e05,TCN3,loso_subject_S009,69,0.0005945480086004616,,0.016811057438396594,,0.0001490470641152345
TCN3_b5089e05,TCN3,loso_subject_S009,70,0.0006180044550670904,,0.016484310660003262,,0.00014133557177871338
TCN3_b5089e05,TCN3,loso_subject_S009,71,0.0005933648519038053,,0.016440407690507444,,0.00013425421036992097
TCN3_b5089e05,TCN3,loso_subject_S009,72,0.0006027930397646163,,0.016392816556617618,,0.00012781389883488212
TCN3_b5089e05,TCN3,loso_subject_S009,73,0.0005627703477247534,,0.016415939666330814,,0.0001220245676671809
TCN3_b5089e05,TCN3,loso_subject_S009,74,0.000540965986808508,,0.016005027171393685,,0.00011689514359585877
TCN3_b5089e05,TCN3,loso_subject_S009,75,0.0005734590363731099,,0.01603053850968453,,0.00011243353582104555
TCN3_b5089e05,TCN3,loso_subject_S009,76,0.0005576922922045924,,0.016123075080527502,,0.0001086466238185463
TCN3_b5089e05,TCN3,loso_subject_S009,77,0.0005721163599280936,,0.01598163260231641,,0.00010554024673218805
TCN3_b5089e05,TCN3,loso_subject_S009,78,0.0005554441178736107,,0.015826142647049644,,0.00010311919437028317
TCN3_b5089e05,TCN3,loso_subject_S009,79,0.0006054822535423392,,0.01624297151680697,,0.00010138719982009242
TCN3_b5089e05,TCN3,loso_subject_S009,80,0.000561990585000868,,0.015987111636522142,,0.0001003469336916747
TCN3_b5089e05,TCN3,loso_subject_S010,1,0.2083932508519873,,0.3288087537002764,,0.001
TCN3_b5089e05,TCN3,loso_subject_S010,2,0.04628827866966226,,0.16119358330170871,,0.0009996530663083252
TCN3_b5089e05,TCN3,loso_subject_S010,3,0.026164440123356492,,0.12029545240072849,,0.0009986128001799074
TCN3_b5089e05,TCN3,loso_subject_S010,4,0.017334674938280153,,0.09823491716911549,,0.0009968808056297167
TCN3_b5089e05,TCN3,loso_subject_S010,5,0.012467443940411277,,0.0831580054103743,,0.0009944597532678117
TCN3_b5089e05,TCN3,loso_subject_S010,6,0.009174755177503716,,0.07051135105346061,,0.0009913533761814533
TCN3_b5089e05,TCN3,loso_subject_S010,7,0.007307555770101796,,0.06334604857930963,,0.000987566464178954
TCN3_b5089e05,TCN3,loso_subject_S010,8,0.006374935404009605,,0.05903661869163266,,0.0009831048564041408
TCN3_b5089e05,TCN3,loso_subject_S010,9,0.0055313353063630106,,0.05527827847973662,,0.0009779754323328187
TCN3_b5089e05,TCN3,loso_subject_S010,10,0.004758665162147784,,0.05055767622205519,,0.0009721861011651174
TCN3_b5089e05,TCN3,loso_subject_S010,11,0.004285958062643172,,0.048567703377774184,,0.0009657457896300785
TCN3_b5089e05,TCN3,loso_subject_S010,12,0.004007738861444747,,0.04598495629609551,,0.000958664428221286
TCN3_b5089e05,TCN3,loso_subject_S010,13,0.0036099006370922124,,0.043932879037977435,,0.000950952935884765
TCN3_b5089e05,TCN3,loso_subject_S010,14,0.0031435732333953553,,0.04071088726168595,,0.0009426232031827582
TCN3_b5089e05,TCN3,loso_subject_S010,15,0.002982577559150243,,0.039352788006022134,,0.0009336880739593409
TCN3_b5089e05,TCN3,loso_subject_S010,16,0.002781593183977699,,0.03842147195197088,,0.0009241613255361449
TCN3_b5089e05,TCN3,loso_subject_S010,17,0.002533078200522115,,0.036107682663461434,,0.0009140576474687258
TCN3_b5089e05,TCN3,loso_subject_S010,18,0.0023606638874738447,,0.034922619902778305,,0.0009033926188963346
TCN3_b5089e05,TCN3,loso_subject_S010,19,0.0021738452607632562,,0.03351767592361983,,0.0008921826845200134
TCN3_b5089e05,TCN3,loso_subject_S010,20,0.0021152530579996226,,0.03270882739310595,,0.000880445129246058
TCN3_b5089e05,TCN3,loso_subject_S010,21,0.0017892829982399272,,0.03067701405010919,,0.0008681980515339459
TCN3_b5089e05,TCN3,loso_subject_S010,22,0.0018247010741124208,,0.03090405929180549,,0.0008554603354898234
TCN3_b5089e05,TCN3,loso_subject_S010,23,0.0017955689584878162,,0.030440235309313255,,0.0008422516217485822
TCN3_b5089e05,TCN3,loso_subject_S010,24,0.001640799865655622,,0.02886325538127068,,0.0008285922771894248
TCN3_b5089e05,TCN3,loso_subject_S010,25,0.0014791177385871993,,0.027701530913818433,,0.0008145033635316124
TCN3_b5089e05,TCN3,loso_subject_S010,26,0.001527101599231237,,0.0278553557784661,,0.0008000066048588205
TCN3_b5089e05,TCN3,loso_subject_S010,27,0.0014870549404541707,,0.02687085818023869,,0.0007851243541221765
TCN3_b5089e05,TCN3,loso_subject_S010,28,0.0012954547715557513,,0.025778048208080034,,0.0007698795586736293
TCN3_b5089e05,TCN3,loso_subject_S010,29,0.0013199125035818755,,0.025954049028362163,,0.0007542957248827956
TCN3_b5089e05,TCN3,loso_subject_S010,30,0.0013470020415235263,,0.02624147223912148,,0.0007383968818918422
TCN3_b5089e05,TCN3,loso_subject_S010,31,0.00125954784831714,,0.025192083472184847,,0.00072220754456429
TCN3_b5089e05,TCN3,loso_subject_S010,32,0.0012002650323110994,,0.024370322586527045,,0.0007057526756848715
TCN3_b5089e05,TCN3,loso_subject_S010,33,0.0012130759641571234,,0.023804867457269285,,0.000689057647468726
TCN3_b5089e05,TCN3,loso_subject_S010,34,0.0010512746180842668,,0.023085038252122606,,0.000672148202439283
TCN3_b5089e05,TCN3,loso_subject_S010,35,0.0010266083738078241,,0.022752523929047884,,0.0006550504137351571
TCN3_b5089e05,TCN3,loso_subject_S010,36,0.0009533829278760651,,0.022065731630168155,,0.0006377906449072574
TCN3_b5089e05,TCN3,loso_subject_S010,37,0.0009400178366477848,,0.021466451776729893,,0.0006203955092681036
TCN3_b5089e05,TCN3,loso_subject_S010,38,0.0009248599900372932,,0.02131197634473088,,0.0006028918288560267
TCN3_b5089e05,TCN3,loso_subject_S010,39,0.0009689818629975396,,0.022065738422422557,,0.00058530659307753
TCN3_b5089e05,TCN3,loso_subject_S010,40,0.0009509009902782184,,0.021700795862672206,,0.0005676669170915806
TCN3_b5089e05,TCN3,loso_subject_S010,41,0.0009584725074545803,,0.021884837165621188,,0.0005499999999999997
TCN3_b5089e05,TCN3,loso_subject_S010,42,0.0008326096353767673,,0.02041647593695853,,0.000532333082908419
TCN3_b5089e05,TCN3,loso_subject_S010,43,0.0008164313554059751,,0.02007480298246023,,0.0005146934069224697
TCN3_b5089e05,TCN3,loso_subject_S010,44,0.0008721444132080796,,0.0206295471889232,,0.000497108171143973
TCN3_b5089e05,TCN3,loso_subject_S010,45,0.0007826787436597812,,0.01950056082601718,,0.00047960449073189616
TCN3_b5089e05,TCN3,loso_subject_S010,46,0.0008361149158199457,,0.020017750017856984,,0.00046220935509274226
TCN3_b5089e05,TCN3,loso_subject_S010,47,0.0008215333912606503,,0.01994002081955382,,0.00044494958626484254
TCN3_b5089e05,TCN3,loso_subject_S010,48,0.0007561843703157395,,0.01925162970497264,,0.00042785179756071645
TCN3_b5089e05,TCN3,loso_subject_S010,49,0.0007806679280931953,,0.019016568991780114,,0.0004109423525312737
TCN3_b5089e05,TCN3,loso_subject_S010,50,0.0007237074772603967,,0.018742573302536994,,0.0003942473243151282
TCN3_b5089e05,TCN3,loso_subject_S010,51,0.0006894094876923467,,0.018359616599966568,,0.0003777924554357096
TCN3_b5089e05,TCN3,loso_subject_S010,52,0.0006778729060040408,,0.018424644682237677,,0.0003616031181081575
TCN3_b5089e05,TCN3,loso_subject_S010,53,0.0006663322438199209,,0.017957011454570175,,0.000345704275117204
TCN3_b5089e05,TCN3,loso_subject_S010,54,0.0006827317658442152,,0.018118661282346342,,0.00033012044132637024
TCN3_b5089e05,TCN3,loso_subject_S010,55,0.0006626609353306814,,0.017721120787975164,,0.00031487564587782306
TCN3_b5089e05,TCN3,loso_subject_S010,56,0.00066982625977451,,0.017719236047099882,,0.00029999339514117897
TCN3_b5089e05,TCN3,loso_subject_S010,57,0.0006205852180693252,,0.01740834758803771,,0.0002854966364683872
TCN3_b5089e05,TCN3,loso_subject_S010,58,0.0006564159693995159,,0.017483152541871407,,0.0002714077228105749
TCN3_b5089e05,TCN3,loso_subject_S010,59,0.0006600913843453495,,0.0176142855099341,,0.00025774837825141746
TCN3_b5089e05,TCN3,loso_subject_S010,60,0.0006117792723329443,,0.01703631360120392,,0.0002445396645101764
TCN3_b5089e05,TCN3,loso_subject_S010,61,0.0005750680572698141,,0.016555599904871255,,0.0002318019484660537
TCN3_b5089e05,TCN3,loso_subject_S010,62,0.0005807752903798388,,0.01653786394536119,,0.00021955487075394156
TCN3_b5089e05,TCN3,loso_subject_S010,63,0.0005991276515076959,,0.016800913066298898,,0.0002078173154799862
TCN3_b5089e05,TCN3,loso_subject_S010,64,0.0005377810329217124,,0.01615394418340746,,0.00019660738110366478
TCN3_b5089e05,TCN3,loso_subject_S010,65,0.0005566909580085255,,0.015976423590978266,,0.00018594235253127373
TCN3_b5089e05,TCN3,loso_subject_S010,66,0.0005682546383835804,,0.01605923373126758,,0.00017583867446385477
TCN3_b5089e05,TCN3,loso_subject_S010,67,0.000566557887027257,,0.01619436859112719,,0.00016631192604065853
TCN3_b5089e05,TCN3,loso_subject_S010,68,0.0005572431538414686,,0.016161759402263297,,0.00015737679681724137
TCN3_b5089e05,TCN3,loso_subject_S010,69,0.000573260282841609,,0.016079328085594976,,0.0001490470641152345
TCN3_b5089e05,TCN3,loso_subject_S010,70,0.0005368730030447077,,0.01598490465192064,,0.00014133557177871338
TCN3_b5089e05,TCN3,loso_subject_S010,71,0.0005561990705370997,,0.016162714373639055,,0.00013425421036992097
TCN3_b5089e05,TCN3,loso_subject_S010,72,0.000530338674422215,,0.015636872103095556,,0.00012781389883488212
TCN3_b5089e05,TCN3,loso_subject_S010,73,0.0005518112527232664,,0.015843875525939848,,0.0001220245676671809
TCN3_b5089e05,TCN3,loso_subject_S010,74,0.0004980624468897849,,0.015752325257675677,,0.00011689514359585877
TCN3_b5089e05,TCN3,loso_subject_S010,75,0.0005830541901456304,,0.016086507349589847,,0.00011243353582104555
TCN3_b5089e05,TCN3,loso_subject_S010,76,0.0005425369386759757,,0.01568704147837523,,0.0001086466238185463
TCN3_b5089e05,TCN3,loso_subject_S010,77,0.0005418747274249499,,0.015502478828102476,,0.00010554024673218805
TCN3_b5089e05,TCN3,loso_subject_S010,78,0.0005261504358604164,,0.01572257284921441,,0.00010311919437028317
TCN3_b5089e05,TCN3,loso_subject_S010,79,0.0004976375804375465,,0.015362463051617814,,0.00010138719982009242
TCN3_b5089e05,TCN3,loso_subject_S010,80,0.0005201794160399351,,0.015551929781409334,,0.0001003469336916747
TCN3_b5089e05,TCN3,loso_subject_S011,1,0.27462085345918896,,0.3887759368578779,,0.001
TCN3_b5089e05,TCN3,loso_subject_S011,2,0.05013618534122394,,0.16595629082949676,,0.0009996530663083252
TCN3_b5089e05,TCN3,loso_subject_S011,3,0.028011392449910882,,0.12591388017716876,,0.0009986128001799074
TCN3_b5089e05,TCN3,loso_subject_S011,4,0.01749592159266215,,0.099235507575175,,0.0009968808056297167
TCN3_b5089e05,TCN3,loso_subject_S011,5,0.012249081178081298,,0.08173573794832353,,0.0009944597532678117
TCN3_b5089e05,TCN3,loso_subject_S011,6,0.009852484978770344,,0.07382419417487933,,0.0009913533761814533
TCN3_b5089e05,TCN3,loso_subject_S011,7,0.00751190880991521,,0.06408328076157134,,0.000987566464178954
TCN3_b5089e05,TCN3,loso_subject_S011,8,0.007090155850047748,,0.06160219045347815,,0.0009831048564041408
TCN3_b5089e05,TCN3,loso_subject_S011,9,0.005759168665216754,,0.05549459537885667,,0.0009779754323328187
TCN3_b5089e05,TCN3,loso_subject_S011,10,0.004807686510702422,,0.05129310979880829,,0.0009721861011651174
TCN3_b5089e05,TCN3,loso_subject_S011,11,0.004401718744043449,,0.0485101685566063,,0.0009657457896300785
TCN3_b5089e05,TCN3,loso_subject_S011,12,0.003923567843023038,,0.04560867884573668,,0.000958664428221286
TCN3_b5089e05,TCN3,loso_subject_S011,13,0.0032876374132372876,,0.042369458764572134,,0.000950952935884765
TCN3_b5089e05,TCN3,loso_subject_S011,14,0.003157053430416388,,0.04063098070418288,,0.0009426232031827582
TCN3_b5089e05,TCN3,loso_subject_S011,15,0.002776969395819073,,0.038294715135691354,,0.0009336880739593409
TCN3_b5089e05,TCN3,loso_subject_S011,16,0.0026187223053807454,,0.037857323069861996,,0.0009241613255361449
TCN3_b5089e05,TCN3,loso_subject_S011,17,0.002412328011595902,,0.035787611200224,,0.0009140576474687258
TCN3_b5089e05,TCN3,loso_subject_S011,18,0.00246113826060844,,0.03593883784808774,,0.0009033926188963346
TCN3_b5089e05,TCN3,loso_subject_S011,19,0.0019874609419474657,,0.03207320248843356,,0.0008921826845200134
TCN3_b5089e05,TCN3,loso_subject_S011,20,0.0019263939012973683,,0.031025908358940993,,0.000880445129246058
TCN3_b5089e05,TCN3,loso_subject_S011,21,0.0020379392075292858,,0.032843116324366275,,0.0008681980515339459
TCN3_b5089e05,TCN3,loso_subject_S011,22,0.001823731014248284,,0.030252099710813572,,0.0008554603354898234
TCN3_b5089e05,TCN3,loso_subject_S011,23,0.0017220221803619879,,0.02960455696188554,,0.0008422516217485822
TCN3_b5089e05,TCN3,loso_subject_S011,24,0.00149545213347815,,0.02770495653531351,,0.0008285922771894248
TCN3_b5089e05,TCN3,loso_subject_S011,25,0.0014648909663252455,,0.027761165810423018,,0.0008145033635316124
TCN3_b5089e05,TCN3,loso_subject_S011,26,0.0013858589599458654,,0.026485679186344663,,0.0008000066048588205
TCN3_b5089e05,TCN3,loso_subject_S011,27,0.0012868498385601574,,0.02567991997838499,,0.0007851243541221765
TCN3_b5089e05,TCN3,loso_subject_S011,28,0.0013165460428708772,,0.02583135847798675,,0.0007698795586736293
TCN3_b5089e05,TCN3,loso_subject_S011,29,0.0012135462710486183,,0.024952593401283793,,0.0007542957248827956
TCN3_b5089e05,TCN3,loso_subject_S011,30,0.0010977697156135376,,0.023996061456317126,,0.0007383968818918422
TCN3_b5089e05,TCN3,loso_subject_S011,31,0.0011649323381123988,,0.02416145318839294,,0.00072220754456429
TCN3_b5089e05,TCN3,loso_subject_S011,32,0.0010710388052240813,,0.023603930561493257,,0.0007057526756848715
TCN3_b5089e05,TCN3,loso_subject_S011,33,0.0010352415540487736,,0.022974892744066007,,0.000689057647468726
TCN3_b5089e05,TCN3,loso_subject_S011,34,0.0010627161589508466,,0.02284288696456151,,0.000672148202439283
TCN3_b5089e05,TCN3,loso_subject_S011,35,0.0009793360366985482,,0.02219842723796662,,0.0006550504137351571
TCN3_b5089e05,TCN3,loso_subject_S011,36,0.0009530521800930684,,0.022110771844596637,,0.0006377906449072574
TCN3_b5089e05,TCN3,loso_subject_S011,37,0.0009580761294013687,,0.02124800037389497,,0.0006203955092681036
TCN3_b5089e05,TCN3,loso_subject_S011,38,0.0009106911090070207,,0.021488482523902716,,0.0006028918288560267
TCN3_b5089e05,TCN3,loso_subject_S011,39,0.0008267264800292977,,0.020350296560060464,,0.00058530659307753
TCN3_b5089e05,TCN3,loso_subject_S011,40,0.0007932991840695609,,0.019971216070054764,,0.0005676669170915806
TCN3_b5089e05,TCN3,loso_subject_S011,41,0.0007843223638229967,,0.020073778072341543,,0.0005499999999999997
TCN3_b5089e05,TCN3,loso_subject_S011,42,0.0008073793195656043,,0.01969801018425217,,0.000532333082908419
TCN3_b5089e05,TCN3,loso_subject_S011,43,0.0007296663233391845,,0.018947447599969646,,0.0005146934069224697
TCN3_b5089e05,TCN3,loso_subject_S011,44,0.0007615657355798381,,0.019599880760192232,,0.000497108171143973
TCN3_b5089e05,TCN3,loso_subject_S011,45,0.0007738619726933302,,0.019600368487187835,,0.00047960449073189616
TCN3_b5089e05,TCN3,loso_subject_S011,46,0.0006938226975225767,,0.018216736001508138,,0.00046220935509274226
TCN3_b5089e05,TCN3,loso_subject_S011,47,0.0006934392818198507,,0.018406420884427715,,0.00044494958626484254
TCN3_b5089e05,TCN3,loso_subject_S011,48,0.0006672480688604855,,0.018181796844671028,,0.00042785179756071645
TCN3_b5089e05,TCN3,loso_subject_S011,49,0.0006890813867385786,,0.018778161273807457,,0.0004109423525312737
TCN3_b5089e05,TCN3,loso_subject_S011,50,0.0006511764274372611,,0.01791003160801828,,0.0003942473243151282
TCN3_b5089e05,TCN3,loso_subject_S011,51,0.0006649436113625882,,0.017856183840418666,,0.0003777924554357096
TCN3_b5089e05,TCN3,loso_subject_S011,52,0.0006369264513146981,,0.017498957164593067,,0.0003616031181081575
TCN3_b5089e05,TCN3,loso_subject_S011,53,0.0006028367132063757,,0.017388638929679227,,0.000345704275117204
TCN3_b5089e05,TCN3,loso_subject_S011,54,0.0006332176045538635,,0.017433361001699097,,0.00033012044132637024
TCN3_b5089e05,TCN3,loso_subject_S011,55,0.0005862244389506911,,0.017203364966829192,,0.00031487564587782306
TCN3_b5089e05,TCN3,loso_subject_S011,56,0.0005851422511549046,,0.016680271011724566,,0.00029999339514117897
TCN3_b5089e05,TCN3,loso_subject_S011,57,0.0005971105398609299,,0.016542141665086055,,0.0002854966364683872
TCN3_b5089e05,TCN3,loso_subject_S011,58,0.0005675206445498711,,0.016570527873641674,,0.0002714077228105749
TCN3_b5089e05,TCN3,loso_subject_S011,59,0.0005625825760007096,,0.016421418749830444,,0.00025774837825141746
TCN3_b5089e05,TCN3,loso_subject_S011,60,0.0005289608605431754,,0.015971295089688677,,0.0002445396645101764
TCN3_b5089e05,TCN3,loso_subject_S011,61,0.0005239024807121193,,0.01598780502323105,,0.0002318019484660537
TCN3_b5089e05,TCN3,loso_subject_S011,62,0.0005753816347837189,,0.015923518143773737,,0.00021955487075394156
TCN3_b5089e05,TCN3,loso_subject_S011,63,0.0005264217580908391,,0.015843444233701036,,0.0002078173154799862
TCN3_b5089e05,TCN3,loso_subject_S011,64,0.0005281648578592126,,0.015593065361452765,,0.00019660738110366478
TCN3_b5089e05,TCN3,loso_subject_S011,65,0.0005164554482801076,,0.015579210888742702,,0.00018594235253127373
TCN3_b5089e05,TCN3,loso_subject_S011,66,0.0005397942552733113,,0.01564161606349846,,0.00017583867446385477
TCN3_b5089e05,TCN3,loso_subject_S011,67,0.0004896537956656507,,0.015155073845127766,,0.00016631192604065853
TCN3_b5089e05,TCN3,loso_subject_S011,68,0.0005029907321006524,,0.015148367657671708,,0.00015737679681724137
TCN3_b5089e05,TCN3,loso_subject_S011,69,0.0005120031983273334,,0.015421147743354038,,0.0001490470641152345
TCN3_b5089e05,TCN3,loso_subject_S011,70,0.0004976535284892192,,0.015210352269088238,,0.00014133557177871338
TCN3_b5089e05,TCN3,loso_subject_S011,71,0.0004771582710954889,,0.01499805132699236,,0.00013425421036992097
TCN3_b5089e05,TCN3,loso_subject_S011,72,0.0004985518145746361,,0.01498629516548349,,0.00012781389883488212
TCN3_b5089e05,TCN3,loso_subject_S011,73,0.0004885542119339709,,0.01453341441132395,,0.0001220245676671809
TCN3_b5089e05,TCN3,loso_subject_S011,74,0.00047863065343988604,,0.014721268184131586,,0.00011689514359585877
TCN3_b5089e05,TCN3,loso_subject_S011,75,0.0004955279316144627,,0.014782249032030261,,0.00011243353582104555
TCN3_b5089e05,TCN3,loso_subject_S011,76,0.00048562680167719654,,0.014732459829867824,,0.0001086466238185463
TCN3_b5089e05,TCN3,loso_subject_S011,77,0.0004598840108784255,,0.014585074610003622,,0.00010554024673218805
TCN3_b5089e05,TCN3,loso_subject_S011,78,0.0004558828481461033,,0.01453881540767881,,0.00010311919437028317
TCN3_b5089e05,TCN3,loso_subject_S011,79,0.00046213822082238437,,0.01457910697038515,,0.00010138719982009242
TCN3_b5089e05,TCN3,loso_subject_S011,80,0.00046517878384114386,,0.014558993904346923,,0.0001003469336916747
TCN3_b5089e05,TCN3,loso_subject_S012,1,0.25358851521691306,,0.36400240142209145,,0.001
TCN3_b5089e05,TCN3,loso_subject_S012,2,0.04753642422250782,,0.1623243066946824,,0.0009996530663083252
TCN3_b5089e05,TCN3,loso_subject_S012,3,0.02664494034015159,,0.12148221845878798,,0.0009986128001799074
TCN3_b5089e05,TCN3,loso_subject_S012,4,0.0179102361730268,,0.10141138168378065,,0.0009968808056297167
TCN3_b5089e05,TCN3,loso_subject_S012,5,0.012965251198721708,,0.08579082632033125,,0.0009944597532678117
TCN3_b5089e05,TCN3,loso_subject_S012,6,0.009454984763475,,0.07357819815655015,,0.0009913533761814533
TCN3_b5089e05,TCN3,loso_subject_S012,7,0.007990163081045791,,0.06758145177684262,,0.000987566464178954
TCN3_b5089e05,TCN3,loso_subject_S012,8,0.006623681723881462,,0.06153575634789966,,0.0009831048564041408
TCN3_b5089e05,TCN3,loso_subject_S012,9,0.006020613220833235,,0.05750044684110586,,0.0009779754323328187
TCN3_b5089e05,TCN3,loso_subject_S012,10,0.005422757366150649,,0.05520365863293162,,0.0009721861011651174
TCN3_b5089e05,TCN3,loso_subject_S012,11,0.004372053209654893,,0.04933315687854649,,0.0009657457896300785
TCN3_b5089e05,TCN3,loso_subject_S012,12,0.003811811741989944,,0.045628018536097034,,0.000958664428221286
TCN3_b5089e05,TCN3,loso_subject_S012,13,0.004236219845570854,,0.0479043306465282,,0.000950952935884765
TCN3_b5089e05,TCN3,loso_subject_S012,14,0.003244745281384747,,0.0422706135129881,,0.0009426232031827582
TCN3_b5089e05,TCN3,loso_subject_S012,15,0.003521102038606749,,0.044001175581557125,,0.0009336880739593409
TCN3_b5089e05,TCN3,loso_subject_S012,16,0.0028025707196196355,,0.03924809224425697,,0.0009241613255361449
TCN3_b5089e05,TCN3,loso_subject_S012,17,0.002960209611668036,,0.040150763327673686,,0.0009140576474687258
TCN3_b5089e05,TCN3,loso_subject_S012,18,0.002580680698829546,,0.037997194008400924,,0.0009033926188963346
TCN3_b5089e05,TCN3,loso_subject_S012,19,0.0023255344486775866,,0.03570050421585946,,0.0008921826845200134
TCN3_b5089e05,TCN3,loso_subject_S012,20,0.0021484175642765687,,0.03401655420269749,,0.000880445129246058
TCN3_b5089e05,TCN3,loso_subject_S012,21,0.0018330365915768202,,0.031568740631663234,,0.0008681980515339459
TCN3_b5089e05,TCN3,loso_subject_S012,22,0.0020254493694741313,,0.03270483674619554,,0.0008554603354898234
TCN3_b5089e05,TCN3,loso_subject_S012,23,0.001974357974430402,,0.03235958299196293,,0.0008422516217485822
TCN3_b5089e05,TCN3,loso_subject_S012,24,0.0016235163772979181,,0.029641633603849377,,0.0008285922771894248
TCN3_b5089e05,TCN3,loso_subject_S012,25,0.0016251551541776807,,0.029314801973455092,,0.0008145033635316124
TCN3_b5089e05,TCN3,loso_subject_S012,26,0.0019424127236397188,,0.031514752937258576,,0.0008000066048588205
TCN3_b5089e05,TCN3,loso_subject_S012,27,0.0013663868989947725,,0.026929771496077715,,0.0007851243541221765
TCN3_b5089e05,TCN3,loso_subject_S012,28,0.0015213967560322806,,0.028096558703818404,,0.0007698795586736293
TCN3_b5089e05,TCN3,loso_subject_S012,29,0.0014400175103644805,,0.027755894665703815,,0.0007542957248827956
TCN3_b5089e05,TCN3,loso_subject_S012,30,0.0013649047595265813,,0.026653976684473963,,0.0007383968818918422
TCN3_b5089e05,TCN3,loso_subject_S012,31,0.00130402809747433,,0.025583439786079992,,0.00072220754456429
TCN3_b5089e05,TCN3,loso_subject_S012,32,0.001266991148746751,,0.02533167448104042,,0.0007057526756848715
TCN3_b5089e05,TCN3,loso_subject_S012,33,0.0015154768651380428,,0.027972883800209937,,0.000689057647468726
TCN3_b5089e05,TCN3,loso_subject_S012,34,0.0011576735753178343,,0.024774286889800125,,0.000672148202439283
TCN3_b5089e05,TCN3,loso_subject_S012,35,0.0010588271231670838,,0.02310033571922173,,0.0006550504137351571
TCN3_b5089e05,TCN3,loso_subject_S012,36,0.0010788116944507348,,0.023134935551919426,,0.0006377906449072574
TCN3_b5089e05,TCN3,loso_subject_S012,37,0.0010134557433803676,,0.022643785038514167,,0.0006203955092681036
TCN3_b5089e05,TCN3,loso_subject_S012,38,0.0010120395284143812,,0.022624861009495723,,0.0006028918288560267
TCN3_b5089e05,TCN3,loso_subject_S012,39,0.0009063189461902799,,0.021738944080589854,,0.00058530659307753
TCN3_b5089e05,TCN3,loso_subject_S012,40,0.0013811337151764292,,0.026273704374418897,,0.0005676669170915806
TCN3_b5089e05,TCN3,loso_subject_S012,41,0.0011219500354382845,,0.024316237213683707,,0.0005499999999999997
TCN3_b5089e05,TCN3,loso_subject_S012,42,0.0009892612156213994,,0.02280489413514015,,0.000532333082908419
TCN3_b5089e05,TCN3,loso_subject_S012,43,0.0009829704423222087,,0.022367518579654813,,0.0005146934069224697
TCN3_b5089e05,TCN3,loso_subject_S012,44,0.0008498048104369631,,0.020918803660328424,,0.000497108171143973
TCN3_b5089e05,TCN3,loso_subject_S012,45,0.0008904958696522582,,0.021148367968458162,,0.00047960449073189616
TCN3_b5089e05,TCN3,loso_subject_S012,46,0.0008757401864358833,,0.02093993269226487,,0.00046220935509274226
TCN3_b5089e05,TCN3,loso_subject_S012,47,0.0008939795088926414,,0.021371304899721534,,0.00044494958626484254
TCN3_b5089e05,TCN3,loso_subject_S012,48,0.0008008166703998862,,0.019930448218432324,,0.00042785179756071645
TCN3_b5089e05,TCN3,loso_subject_S012,49,0.0007862108894643064,,0.019431744819465527,,0.0004109423525312737
TCN3_b5089e05,TCN3,loso_subject_S012,50,0.0007726785270469347,,0.019367171026179464,,0.0003942473243151282
TCN3_b5089e05,TCN3,loso_subject_S012,51,0.0007816307469843412,,0.019764328714065197,,0.0003777924554357096
TCN3_b5089e05,TCN3,loso_subject_S012,52,0.0008102935974400437,,0.020326833663172166,,0.0003616031181081575
TCN3_b5089e05,TCN3,loso_subject_S012,53,0.0007644090622226273,,0.019885697666693066,,0.000345704275117204
TCN3_b5089e05,TCN3,loso_subject_S012,54,0.0006824405065691642,,0.018504244974579434,,0.00033012044132637024
TCN3_b5089e05,TCN3,loso_subject_S012,55,0.0006762050660001315,,0.01806490441698218,,0.00031487564587782306
TCN3_b5089e05,TCN3,loso_subject_S012,56,0.0007103793015342748,,0.01866767799866164,,0.00029999339514117897
TCN3_b5089e05,TCN3,loso_subject_S012,57,0.0006642229438068289,,0.01796259252919672,,0.0002854966364683872
TCN3_b5089e05,TCN3,loso_subject_S012,58,0.0006823600228843686,,0.018078586906838473,,0.0002714077228105749
TCN3_b5089e05,TCN3,loso_subject_S012,59,0.0007435105059400508,,0.018885384983856363,,0.00025774837825141746
TCN3_b5089e05,TCN3,loso_subject_S012,60,0.0007896513289250601,,0.019734090732038516,,0.0002445396645101764
TCN3_b5089e05,TCN3,loso_subject_S012,61,0.0006178262954459879,,0.017573079273188855,,0.0002318019484660537
TCN3_b5089e05,TCN3,loso_subject_S012,62,0.0006504844052199778,,0.017957638113472542,,0.00021955487075394156
TCN3_b5089e05,TCN3,loso_subject_S012,63,0.0006109383313159247,,0.01742674088945576,,0.0002078173154799862
TCN3_b5089e05,TCN3,loso_subject_S012,64,0.0006494172166092968,,0.018039101221585994,,0.00019660738110366478
TCN3_b5089e05,TCN3,loso_subject_S012,65,0.0006642786601181341,,0.018050004117470635,,0.00018594235253127373
TCN3_b5089e05,TCN3,loso_subject_S012,66,0.0006336390059049504,,0.017464462151437078,,0.00017583867446385477
TCN3_b5089e05,TCN3,loso_subject_S012,67,0.0005841570194153225,,0.01664451332177859,,0.00016631192604065853
TCN3_b5089e05,TCN3,loso_subject_S012,68,0.0008341884480380129,,0.019779016564319442,,0.00015737679681724137
TCN3_b5089e05,TCN3,loso_subject_S012,69,0.0006217388862358012,,0.017681210430883103,,0.0001490470641152345
TCN3_b5089e05,TCN3,loso_subject_S012,70,0.0005966971418808715,,0.017334504078376646,,0.00014133557177871338
TCN3_b5089e05,TCN3,loso_subject_S012,71,0.0005738484718777727,,0.016692301576004428,,0.00013425421036992097
TCN3_b5089e05,TCN3,loso_subject_S012,72,0.0005725238065771339,,0.016572725816437,,0.00012781389883488212
TCN3_b5089e05,TCN3,loso_subject_S012,73,0.000574167389900634,,0.016616812157210975,,0.0001220245676671809
TCN3_b5089e05,TCN3,loso_subject_S012,74,0.0005763256042768907,,0.016588405463021236,,0.00011689514359585877
TCN3_b5089e05,TCN3,loso_subject_S012,75,0.0006254335991736784,,0.017130129952967938,,0.00011243353582104555
TCN3_b5089e05,TCN3,loso_subject_S012,76,0.000599123150231709,,0.016618695859102445,,0.0001086466238185463
TCN3_b5089e05,TCN3,loso_subject_S012,77,0.000554887482755,,0.01662729615664395,,0.00010554024673218805
TCN3_b5089e05,TCN3,loso_subject_S012,78,0.0005551741049160053,,0.016350294870964194,,0.00010311919437028317
TCN3_b5089e05,TCN3,loso_subject_S012,79,0.0005445868136232667,,0.015986661968060055,,0.00010138719982009242
TCN3_b5089e05,TCN3,loso_subject_S012,80,0.0005649959507362752,,0.01626840232812356,,0.0001003469336916747
TCN3_b5089e05,TCN3,loso_subject_S013,1,0.3691851371174565,,0.4431301503553397,,0.001
TCN3_b5089e05,TCN3,loso_subject_S013,2,0.05386233915990372,,0.17443675737242376,,0.0009996530663083252
TCN3_b5089e05,TCN3,loso_subject_S013,3,0.028706029511150068,,0.12622113478708644,,0.0009986128001799074
TCN3_b5089e05,TCN3,loso_subject_S013,4,0.01745515965126483,,0.09861633022667249,,0.0009968808056297167
TCN3_b5089e05,TCN3,loso_subject_S013,5,0.01191071642942068,,0.08194217022532731,,0.0009944597532678117
TCN3_b5089e05,TCN3,loso_subject_S013,6,0.008866807821840765,,0.07004965905460206,,0.0009913533761814533
TCN3_b5089e05,TCN3,loso_subject_S013,7,0.0069873205509125205,,0.06292428625641838,,0.000987566464178954
TCN3_b5089e05,TCN3,loso_subject_S013,8,0.006122520813378203,,0.057998825893662086,,0.0009831048564041408
TCN3_b5089e05,TCN3,loso_subject_S013,9,0.004822395112968425,,0.05156150101041687,,0.0009779754323328187
TCN3_b5089e05,TCN3,loso_subject_S013,10,0.004533046522374144,,0.049543266119592415,,0.0009721861011651174
TCN3_b5089e05,TCN3,loso_subject_S013,11,0.004113970019562746,,0.04694904523347718,,0.0009657457896300785
TCN3_b5089e05,TCN3,loso_subject_S013,12,0.0035649929166008025,,0.044131751507674455,,0.000958664428221286
TCN3_b5089e05,TCN3,loso_subject_S013,13,0.0034754032473437715,,0.04329055041525837,,0.000950952935884765
TCN3_b5089e05,TCN3,loso_subject_S013,14,0.0029601793374839334,,0.0392933459878788,,0.0009426232031827582
TCN3_b5089e05,TCN3,loso_subject_S013,15,0.002703126943290572,,0.037700335015576444,,0.0009336880739593409
TCN3_b5089e05,TCN3,loso_subject_S013,16,0.0025557820237647596,,0.03699248472736757,,0.0009241613255361449
TCN3_b5089e05,TCN3,loso_subject_S013,17,0.0024110541271211115,,0.03563884807168146,,0.0009140576474687258
TCN3_b5089e05,TCN3,loso_subject_S013,18,0.0021674667371646477,,0.033424128391589335,,0.0009033926188963346
TCN3_b5089e05,TCN3,loso_subject_S013,19,0.0020118102848261984,,0.032184642909070985,,0.0008921826845200134
TCN3_b5089e05,TCN3,loso_subject_S013,20,0.0018870405559093246,,0.03155855787068985,,0.000880445129246058
TCN3_b5089e05,TCN3,loso_subject_S013,21,0.0019345169081290178,,0.031461087103880556,,0.0008681980515339459
TCN3_b5089e05,TCN3,loso_subject_S013,22,0.0016934122018180313,,0.029649003624459866,,0.0008554603354898234
TCN3_b5089e05,TCN3,loso_subject_S013,23,0.001611430490133809,,0.028671993832685386,,0.0008422516217485822
TCN3_b5089e05,TCN3,loso_subject_S013,24,0.0016586809687968054,,0.02869216966726934,,0.0008285922771894248
TCN3_b5089e05,TCN3,loso_subject_S013,25,0.0015798500902588102,,0.028779438819504292,,0.0008145033635316124
TCN3_b5089e05,TCN3,loso_subject_S013,26,0.0014591772282831845,,0.027398669268227253,,0.0008000066048588205
TCN3_b5089e05,TCN3,loso_subject_S013,27,0.001522136955625481,,0.028094815830999646,,0.0007851243541221765
TCN3_b5089e05,TCN3,loso_subject_S013,28,0.001329535978202624,,0.026333328806783966,,0.0007698795586736293
TCN3_b5089e05,TCN3,loso_subject_S013,29,0.001243351639681254,,0.02524014838785702,,0.0007542957248827956
TCN3_b5089e05,TCN3,loso_subject_S013,30,0.0012107041742832705,,0.02457782128741846,,0.0007383968818918422
TCN3_b5089e05,TCN3,loso_subject_S013,31,0.00119400399123627,,0.02439910359872876,,0.00072220754456429
TCN3_b5089e05,TCN3,loso_subject_S013,32,0.0011422200511921855,,0.023971199215299124,,0.0007057526756848715
TCN3_b5089e05,TCN3,loso_subject_S013,33,0.0011351400104729062,,0.024013907014606005,,0.000689057647468726
TCN3_b5089e05,TCN3,loso_subject_S013,34,0.0011001690158514434,,0.023503048283935086,,0.000672148202439283
TCN3_b5089e05,TCN3,loso_subject_S013,35,0.0010395373477783767,,0.023078439588712012,,0.0006550504137351571
TCN3_b5089e05,TCN3,loso_subject_S013,36,0.0009626697201943676,,0.021948363456399653,,0.0006377906449072574
TCN3_b5089e05,TCN3,loso_subject_S013,37,0.0009667243791327949,,0.021955444681575752,,0.0006203955092681036
TCN3_b5089e05,TCN3,loso_subject_S013,38,0.0009847879936802641,,0.022024079411453016,,0.0006028918288560267
TCN3_b5089e05,TCN3,loso_subject_S013,39,0.0008913094840532455,,0.021348115073412523,,0.00058530659307753
TCN3_b5089e05,TCN3,loso_subject_S013,40,0.0010018369592540415,,0.022139019327379807,,0.0005676669170915806
TCN3_b5089e05,TCN3,loso_subject_S013,41,0.0008896712935313398,,0.021120575759950723,,0.0005499999999999997
TCN3_b5089e05,TCN3,loso_subject_S013,42,0.0009281791945727812,,0.021208689274797538,,0.000532333082908419
TCN3_b5089e05,TCN3,loso_subject_S013,43,0.0008090709705811761,,0.020029516542079854,,0.0005146934069224697
TCN3_b5089e05,TCN3,loso_subject_S013,44,0.0008384548026733907,,0.02057319779063075,,0.000497108171143973
TCN3_b5089e05,TCN3,loso_subject_S013,45,0.0007865451228887222,,0.01980842477512249,,0.00047960449073189616
TCN3_b5089e05,TCN3,loso_subject_S013,46,0.0007676881045842492,,0.019389126099015597,,0.00046220935509274226
TCN3_b5089e05,TCN3,loso_subject_S013,47,0.000750241529607058,,0.019639758172111492,,0.00044494958626484254
TCN3_b5089e05,TCN3,loso_subject_S013,48,0.00075920499943496,,0.019643554599820482,,0.00042785179756071645
TCN3_b5089e05,TCN3,loso_subject_S013,49,0.0007350696964626078,,0.01914423723497832,,0.0004109423525312737
TCN3_b5089e05,TCN3,loso_subject_S013,50,0.0006617342998838487,,0.018148159696347307,,0.0003942473243151282
TCN3_b5089e05,TCN3,loso_subject_S013,51,0.0007068314157858219,,0.018536656360661898,,0.0003777924554357096
TCN3_b5089e05,TCN3,loso_subject_S013,52,0.0006849950224490011,,0.018325273589576117,,0.0003616031181081575
TCN3_b5089e05,TCN3,loso_subject_S013,53,0.000701546995906338,,0.01864069628669894,,0.000345704275117204
TCN3_b5089e05,TCN3,loso_subject_S013,54,0.0006491586739052565,,0.017890644189589286,,0.00033012044132637024
TCN3_b5089e05,TCN3,loso_subject_S013,55,0.0006353193552231357,,0.017880222823895005,,0.00031487564587782306
TCN3_b5089e05,TCN3,loso_subject_S013,56,0.0006372391623177344,,0.017675823922578847,,0.00029999339514117897
TCN3_b5089e05,TCN3,loso_subject_S013,57,0.0006528557098406875,,0.01767978526070063,,0.0002854966364683872
TCN3_b5089e05,TCN3,loso_subject_S013,58,0.0006120480270199298,,0.01725864036525797,,0.0002714077228105749
TCN3_b5089e05,TCN3,loso_subject_S013,59,0.0006256966857178093,,0.01736182286325582,,0.00025774837825141746
TCN3_b5089e05,TCN3,loso_subject_S013,60,0.0005959510353860315,,0.017097303803368127,,0.0002445396645101764
TCN3_b5089e05,TCN3,loso_subject_S013,61,0.0006251542974426179,,0.017224051512580454,,0.0002318019484660537
TCN3_b5089e05,TCN3,loso_subject_S013,62,0.0006066583359526233,,0.01692770472123814,,0.00021955487075394156
TCN3_b5089e05,TCN3,loso_subject_S013,63,0.0005718523638843074,,0.01658738227794988,,0.0002078173154799862
TCN3_b5089e05,TCN3,loso_subject_S013,64,0.0006007667400933546,,0.017037245715027377,,0.00019660738110366478
TCN3_b5089e05,TCN3,loso_subject_S013,65,0.0005963414033819925,,0.016739854858858216,,0.00018594235253127373
TCN3_b5089e05,TCN3,loso_subject_S013,66,0.0005464390549205799,,0.01631654004204671,,0.00017583867446385477
TCN3_b5089e05,TCN3,loso_subject_S013,67,0.0005485656834455764,,0.016144286600874795,,0.00016631192604065853
TCN3_b5089e05,TCN3,loso_subject_S013,68,0.0005691450077232302,,0.016352626152264835,,0.00015737679681724137
TCN3_b5089e05,TCN3,loso_subject_S013,69,0.0005688902293123679,,0.01621723136091544,,0.0001490470641152345
TCN3_b5089e05,TCN3,loso_subject_S013,70,0.000533878069400139,,0.016004382852127883,,0.00014133557177871338
TCN3_b5089e05,TCN3,loso_subject_S013,71,0.000552135866706743,,0.01593968722588691,,0.00013425421036992097
TCN3_b5089e05,TCN3,loso_subject_S013,72,0.0005460388741081457,,0.016080355519665284,,0.00012781389883488212
TCN3_b5089e05,TCN3,loso_subject_S013,73,0.0005272796638362817,,0.01579200894750288,,0.0001220245676671809
TCN3_b5089e05,TCN3,loso_subject_S013,74,0.0005494228781034832,,0.015925252098253104,,0.00011689514359585877
TCN3_b5089e05,TCN3,loso_subject_S013,75,0.0005408091931875364,,0.016058436162400727,,0.00011243353582104555
TCN3_b5089e05,TCN3,loso_subject_S013,76,0.0005629315628248226,,0.016314596459295155,,0.0001086466238185463
TCN3_b5089e05,TCN3,loso_subject_S013,77,0.0005032954610436309,,0.015509944469362016,,0.00010554024673218805
TCN3_b5089e05,TCN3,loso_subject_S013,78,0.0005079075318007013,,0.015837357457666963,,0.00010311919437028317
TCN3_b5089e05,TCN3,loso_subject_S013,79,0.0005229136861041319,,0.015882724964953406,,0.00010138719982009242
TCN3_b5089e05,TCN3,loso_subject_S013,80,0.0004882242192271078,,0.015119372737937708,,0.0001003469336916747
TCN3_b5089e05,TCN3,loso_subject_S014,1,0.2765444062036701,,0.3866996267959096,,0.001
TCN3_b5089e05,TCN3,loso_subject_S014,2,0.05185971231988816,,0.16906692844092946,,0.0009996530663083252
TCN3_b5089e05,TCN3,loso_subject_S014,3,0.025562491297213608,,0.11977057394228484,,0.0009986128001799074
TCN3_b5089e05,TCN3,loso_subject_S014,4,0.01580307103206478,,0.09391930564757317,,0.0009968808056297167
TCN3_b5089e05,TCN3,loso_subject_S014,5,0.013271761392456668,,0.0862524259879755,,0.0009944597532678117
TCN3_b5089e05,TCN3,loso_subject_S014,6,0.009632670176247094,,0.07343023199278147,,0.0009913533761814533
TCN3_b5089e05,TCN3,loso_subject_S014,7,0.007404397928167027,,0.06381997187797404,,0.000987566464178954
TCN3_b5089e05,TCN3,loso_subject_S014,8,0.007740932564505697,,0.06525356611695476,,0.0009831048564041408
TCN3_b5089e05,TCN3,loso_subject_S014,9,0.006290473449039977,,0.05836251099642954,,0.0009779754323328187
TCN3_b5089e05,TCN3,loso_subject_S014,10,0.005108598464848817,,0.05254947123179411,,0.0009721861011651174
TCN3_b5089e05,TCN3,loso_subject_S014,11,0.004408651363288,,0.0488731651840469,,0.0009657457896300785
TCN3_b5089e05,TCN3,loso_subject_S014,12,0.004904621290454107,,0.051529805931453995,,0.000958664428221286
TCN3_b5089e05,TCN3,loso_subject_S014,13,0.004052969919850082,,0.04729937836148338,,0.000950952935884765
TCN3_b5089e05,TCN3,loso_subject_S014,14,0.003328059651154245,,0.042305249795444144,,0.0009426232031827582
TCN3_b5089e05,TCN3,loso_subject_S014,15,0.0029205273356020262,,0.03948002553755237,,0.0009336880739593409
TCN3_b5089e05,TCN3,loso_subject_S014,16,0.002773892732277032,,0.038430589892868273,,0.0009241613255361449
TCN3_b5089e05,TCN3,loso_subject_S014,17,0.0025320934222067162,,0.036439538406799525,,0.0009140576474687258
TCN3_b5089e05,TCN3,loso_subject_S014,18,0.002584888288693531,,0.036725664179272484,,0.0009033926188963346
TCN3_b5089e05,TCN3,loso_subject_S014,19,0.0022959780032985252,,0.03433123367043221,,0.0008921826845200134
TCN3_b5089e05,TCN3,loso_subject_S014,20,0.002344311449459981,,0.03494736749571329,,0.000880445129246058
TCN3_b5089e05,TCN3,loso_subject_S014,21,0.00192029101351918,,0.031997512617418844,,0.0008681980515339459
TCN3_b5089e05,TCN3,loso_subject_S014,22,0.002091361249477645,,0.03281762502796581,,0.0008554603354898234
TCN3_b5089e05,TCN3,loso_subject_S014,23,0.0019200294019048796,,0.031530709764548595,,0.0008422516217485822
TCN3_b5089e05,TCN3,loso_subject_S014,24,0.0019221171316877524,,0.03169123938209132,,0.0008285922771894248
TCN3_b5089e05,TCN3,loso_subject_S014,25,0.0016871799732194655,,0.029268446893562484,,0.0008145033635316124
TCN3_b5089e05,TCN3,loso_subject_S014,26,0.001663449211645625,,0.028786243829743364,,0.0008000066048588205
TCN3_b5089e05,TCN3,loso_subject_S014,27,0.0017297248977539545,,0.029605866814307324,,0.0007851243541221765
TCN3_b5089e05,TCN3,loso_subject_S014,28,0.001463090389734134,,0.027152379320109034,,0.0007698795586736293
TCN3_b5089e05,TCN3,loso_subject_S014,29,0.0015126098461691465,,0.02792111987371396,,0.0007542957248827956
TCN3_b5089e05,TCN3,loso_subject_S014,30,0.0013993670046408557,,0.026672835739136553,,0.0007383968818918422
TCN3_b5089e05,TCN3,loso_subject_S014,31,0.0014433182535632963,,0.027310907962164368,,0.00072220754456429
TCN3_b5089e05,TCN3,loso_subject_S014,32,0.0013168761848164911,,0.02623720144780261,,0.0007057526756848715
TCN3_b5089e05,TCN3,loso_subject_S014,33,0.001260907398394494,,0.02507493119490774,,0.000689057647468726
TCN3_b5089e05,TCN3,loso_subject_S014,34,0.001797682982719233,,0.029425545054502115,,0.000672148202439283
TCN3_b5089e05,TCN3,loso_subject_S014,35,0.0012785661855419222,,0.025464527311470794,,0.0006550504137351571
TCN3_b5089e05,TCN3,loso_subject_S014,36,0.001273947209104973,,0.025398923383301505,,0.0006377906449072574
TCN3_b5089e05,TCN3,loso_subject_S014,37,0.0011437577563092897,,0.02385931469386219,,0.0006203955092681036
TCN3_b5089e05,TCN3,loso_subject_S014,38,0.0011276609656110286,,0.02367632349096049,,0.0006028918288560267
TCN3_b5089e05,TCN3,loso_subject_S014,39,0.0010418560852396266,,0.022451547177821548,,0.00058530659307753
TCN3_b5089e05,TCN3,loso_subject_S014,40,0.0017244424083465953,,0.028870722838694858,,0.0005676669170915806
TCN3_b5089e05,TCN3,loso_subject_S014,41,0.0010932976938942242,,0.022871526190299533,,0.0005499999999999997
TCN3_b5089e05,TCN3,loso_subject_S014,42,0.001143257304194347,,0.02387107317233126,,0.000532333082908419
TCN3_b5089e05,TCN3,loso_subject_S014,43,0.001052819525724963,,0.02285612307501568,,0.0005146934069224697
TCN3_b5089e05,TCN3,loso_subject_S014,44,0.0010631511755596376,,0.022802082700923668,,0.000497108171143973
TCN3_b5089e05,TCN3,loso_subject_S014,45,0.0009537600865162646,,0.02140916632472558,,0.00047960449073189616
TCN3_b5089e05,TCN3,loso_subject_S014,46,0.0009479235955759099,,0.021442011929732226,,0.00046220935509274226
TCN3_b5089e05,TCN3,loso_subject_S014,47,0.0012517565769309342,,0.025176343033390662,,0.00044494958626484254
TCN3_b5089e05,TCN3,loso_subject_S014,48,0.00085544766148561,,0.020555395808810897,,0.00042785179756071645
TCN3_b5089e05,TCN3,loso_subject_S014,49,0.0009284402018287737,,0.021492333727902994,,0.0004109423525312737
TCN3_b5089e05,TCN3,loso_subject_S014,50,0.000811034425735752,,0.020051803876264797,,0.0003942473243151282
TCN3_b5089e05,TCN3,loso_subject_S014,51,0.001050807539383914,,0.022357264398921325,,0.0003777924554357096
TCN3_b5089e05,TCN3,loso_subject_S014,52,0.0010462947148894527,,0.02308778495659043,,0.0003616031181081575
TCN3_b5089e05,TCN3,loso_subject_S014,53,0.0008952010122078548,,0.02112380651241652,,0.000345704275117204
TCN3_b5089e05,TCN3,loso_subject_S014,54,0.0008019677868280133,,0.020064673481701996,,0.00033012044132637024
TCN3_b5089e05,TCN3,loso_subject_S014,55,0.0007639838812266182,,0.01889490888964745,,0.00031487564587782306
TCN3_b5089e05,TCN3,loso_subject_S014,56,0.0007809906291928781,,0.01947269268169468,,0.00029999339514117897
TCN3_b5089e05,TCN3,loso_subject_S014,57,0.0008488651690298038,,0.020800761476234993,,0.0002854966364683872
TCN3_b5089e05,TCN3,loso_subject_S014,58,0.000729851592932978,,0.01875564726180253,,0.0002714077228105749
TCN3_b5089e05,TCN3,loso_subject_S014,59,0.0008276644099783627,,0.020382872218794246,,0.00025774837825141746
TCN3_b5089e05,TCN3,loso_subject_S014,60,0.0007339809015385351,,0.018767856134825935,,0.0002445396645101764
TCN3_b5089e05,TCN3,loso_subject_S014,61,0.0007419691941946356,,0.01884861909270489,,0.0002318019484660537
TCN3_b5089e05,TCN3,loso_subject_S014,62,0.0007205045644465852,,0.01857789768023078,,0.00021955487075394156
TCN3_b5089e05,TCN3,loso_subject_S014,63,0.0009306322930900322,,0.021322492873122212,,0.0002078173154799862
TCN3_b5089e05,TCN3,loso_subject_S014,64,0.0007151414475013171,,0.018649535556600535,,0.00019660738110366478
TCN3_b5089e05,TCN3,loso_subject_S014,65,0.0007827357423819083,,0.019398810543714437,,0.00018594235253127373
TCN3_b5089e05,TCN3,loso_subject_S014,66,0.0007438364359257658,,0.018934920840028593,,0.00017583867446385477
TCN3_b5089e05,TCN3,loso_subject_S014,67,0.0006669438665642613,,0.017842295619142075,,0.00016631192604065853
TCN3_b5089e05,TCN3,loso_subject_S014,68,0.000698642306461067,,0.01812053122423298,,0.00015737679681724137
TCN3_b5089e05,TCN3,loso_subject_S014,69,0.0006418021061670512,,0.017680473461215887,,0.0001490470641152345
TCN3_b5089e05,TCN3,loso_subject_S014,70,0.0006533965102653923,,0.017515470176075028,,0.00014133557177871338
TCN3_b5089e05,TCN3,loso_subject_S014,71,0.0006212746213168121,,0.017188678148039736,,0.00013425421036992097
TCN3_b5089e05,TCN3,loso_subject_S014,72,0.0006774442317833924,,0.017876855525581867,,0.00012781389883488212
TCN3_b5089e05,TCN3,loso_subject_S014,73,0.0006837360953227483,,0.01806671073461024,,0.0001220245676671809
TCN3_b5089e05,TCN3,loso_subject_S014,74,0.0006768707044269251,,0.017885306090470687,,0.00011689514359585877
TCN3_b5089e05,TCN3,loso_subject_S014,75,0.0006559929323432285,,0.017556912142068705,,0.00011243353582104555
TCN3_b5089e05,TCN3,loso_subject_S014,76,0.0006606308666645101,,0.017610395349347125,,0.0001086466238185463
TCN3_b5089e05,TCN3,loso_subject_S014,77,0.0006593615082157808,,0.017373950294960538,,0.00010554024673218805
TCN3_b5089e05,TCN3,loso_subject_S014,78,0.0006286975487634612,,0.017177726194287805,,0.00010311919437028317
TCN3_b5089e05,TCN3,loso_subject_S014,79,0.0006153092632055953,,0.016941346033319756,,0.00010138719982009242
TCN3_b5089e05,TCN3,loso_subject_S014,80,0.0006204556455782928,,0.016954668544245495,,0.0001003469336916747
TCN3_b5089e05,TCN3,loso_subject_S016,1,0.3229356991182064,,0.4132091553217604,,0.001
TCN3_b5089e05,TCN3,loso_subject_S016,2,0.0628106642025086,,0.18267128163144672,,0.0009996530663083252
TCN3_b5089e05,TCN3,loso_subject_S016,3,0.03473516406326607,,0.13479936951846283,,0.0009986128001799074
TCN3_b5089e05,TCN3,loso_subject_S016,4,0.022992482323988515,,0.11275117838350761,,0.0009968808056297167
TCN3_b5089e05,TCN3,loso_subject_S016,5,0.015546840995090737,,0.09364721039185256,,0.0009944597532678117
TCN3_b5089e05,TCN3,loso_subject_S016,6,0.010847825614420882,,0.07766211931731043,,0.0009913533761814533
TCN3_b5089e05,TCN3,loso_subject_S016,7,0.008435024010971308,,0.06881804614460181,,0.000987566464178954
TCN3_b5089e05,TCN3,loso_subject_S016,8,0.007243728449932691,,0.06401488562451611,,0.0009831048564041408
TCN3_b5089e05,TCN3,loso_subject_S016,9,0.006096308432948893,,0.058685965746161764,,0.0009779754323328187
TCN3_b5089e05,TCN3,loso_subject_S016,10,0.005025149678846387,,0.053544506850095604,,0.0009721861011651174
TCN3_b5089e05,TCN3,loso_subject_S016,11,0.004535460349012556,,0.050943810013360055,,0.0009657457896300785
TCN3_b5089e05,TCN3,loso_subject_S016,12,0.003952495424181782,,0.046570704216212434,,0.000958664428221286
TCN3_b5089e05,TCN3,loso_subject_S016,13,0.0036897311454024617,,0.04457227368377169,,0.000950952935884765
TCN3_b5089e05,TCN3,loso_subject_S016,14,0.003193661684779595,,0.04142335183099512,,0.0009426232031827582
TCN3_b5089e05,TCN3,loso_subject_S016,15,0.0030699322204887068,,0.04066592495858509,,0.0009336880739593409
TCN3_b5089e05,TCN3,loso_subject_S016,16,0.002908127424219778,,0.03949259959620701,,0.0009241613255361449
TCN3_b5089e05,TCN3,loso_subject_S016,17,0.0024866735595141117,,0.03676387935317554,,0.0009140576474687258
TCN3_b5089e05,TCN3,loso_subject_S016,18,0.002436805957798464,,0.03560230697208052,,0.0009033926188963346
TCN3_b5089e05,TCN3,loso_subject_S016,19,0.0022530114295675192,,0.034320746086557816,,0.0008921826845200134
TCN3_b5089e05,TCN3,loso_subject_S016,20,0.0022950731411366535,,0.03489792194147532,,0.000880445129246058
TCN3_b5089e05,TCN3,loso_subject_S016,21,0.0019360560453784011,,0.03158857740322003,,0.0008681980515339459
TCN3_b5089e05,TCN3,loso_subject_S016,22,0.001808027173180243,,0.030947770174323073,,0.0008554603354898234
TCN3_b5089e05,TCN3,loso_subject_S016,23,0.0017858017544978705,,0.030429162894033555,,0.0008422516217485822
TCN3_b5089e05,TCN3,loso_subject_S016,24,0.0015508890727499935,,0.028389759256876507,,0.0008285922771894248
TCN3_b5089e05,TCN3,loso_subject_S016,25,0.0016094137073042565,,0.028981982418223615,,0.0008145033635316124
TCN3_b5089e05,TCN3,loso_subject_S016,26,0.0015986593325944473,,0.029588812417862563,,0.0008000066048588205
TCN3_b5089e05,TCN3,loso_subject_S016,27,0.001380473062278698,,0.02671500787778131,,0.0007851243541221765
TCN3_b5089e05,TCN3,loso_subject_S016,28,0.001344656118568802,,0.026483372777660476,,0.0007698795586736293
TCN3_b5089e05,TCN3,loso_subject_S016,29,0.0013614855485096894,,0.02666854206222951,,0.0007542957248827956
TCN3_b5089e05,TCN3,loso_subject_S016,30,0.001313739748367036,,0.025820872509207865,,0.0007383968818918422
TCN3_b5089e05,TCN3,loso_subject_S016,31,0.0012040561125626233,,0.024897491324682976,,0.00072220754456429
TCN3_b5089e05,TCN3,loso_subject_S016,32,0.0011506766410439647,,0.024477402657150583,,0.0007057526756848715
TCN3_b5089e05,TCN3,loso_subject_S016,33,0.0012027988139784649,,0.024381288794186416,,0.000689057647468726
TCN3_b5089e05,TCN3,loso_subject_S016,34,0.001084588614920399,,0.02304171421752379,,0.000672148202439283
TCN3_b5089e05,TCN3,loso_subject_S016,35,0.0011307528515873183,,0.02374268101463369,,0.0006550504137351571
TCN3_b5089e05,TCN3,loso_subject_S016,36,0.0010213109044465499,,0.022510257477175454,,0.0006377906449072574
TCN3_b5089e05,TCN3,loso_subject_S016,37,0.0010337521264019943,,0.02285309919922665,,0.0006203955092681036
TCN3_b5089e05,TCN3,loso_subject_S016,38,0.0010931100543393646,,0.023635113157391866,,0.0006028918288560267
TCN3_b5089e05,TCN3,loso_subject_S016,39,0.0009333822896813939,,0.021584264145060456,,0.00058530659307753
TCN3_b5089e05,TCN3,loso_subject_S016,40,0.0009389501470752839,,0.021775003742356722,,0.0005676669170915806
TCN3_b5089e05,TCN3,loso_subject_S016,41,0.0009651642118583136,,0.021854659911974186,,0.0005499999999999997
TCN3_b5089e05,TCN3,loso_subject_S016,42,0.0008654676275714812,,0.02103615291516519,,0.000532333082908419
TCN3_b5089e05,TCN3,loso_subject_S016,43,0.0008909974271249295,,0.020739600112307167,,0.0005146934069224697
TCN3_b5089e05,TCN3,loso_subject_S016,44,0.0009102718912417084,,0.021338793526505976,,0.000497108171143973
TCN3_b5089e05,TCN3,loso_subject_S016,45,0.0008334638586769695,,0.020271825069816278,,0.00047960449073189616
TCN3_b5089e05,TCN3,loso_subject_S016,46,0.0007778430119126875,,0.019441338570603737,,0.00046220935509274226
TCN3_b5089e05,TCN3,loso_subject_S016,47,0.0007691914786836857,,0.01971063277017495,,0.00044494958626484254
TCN3_b5089e05,TCN3,loso_subject_S016,48,0.0007572739928756059,,0.01957656601918287,,0.00042785179756071645
TCN3_b5089e05,TCN3,loso_subject_S016,49,0.0007405226298635351,,0.019071092364695372,,0.0004109423525312737
TCN3_b5089e05,TCN3,loso_subject_S016,50,0.0007650051949465842,,0.019428564997105272,,0.0003942473243151282
TCN3_b5089e05,TCN3,loso_subject_S016,51,0.0007444941733674154,,0.018999523645511582,,0.0003777924554357096
TCN3_b5089e05,TCN3,loso_subject_S016,52,0.000704130103990146,,0.01865300457754819,,0.0003616031181081575
TCN3_b5089e05,TCN3,loso_subject_S016,53,0.0007752749116045121,,0.019438450611708312,,0.000345704275117204
TCN3_b5089e05,TCN3,loso_subject_S016,54,0.0007115928651253136,,0.01836070499255574,,0.00033012044132637024
TCN3_b5089e05,TCN3,loso_subject_S016,55,0.0006944253462074629,,0.01830229307986776,,0.00031487564587782306
TCN3_b5089e05,TCN3,loso_subject_S016,56,0.000716201332226101,,0.01830130559829221,,0.00029999339514117897
TCN3_b5089e05,TCN3,loso_subject_S016,57,0.0006483540887102965,,0.01775446043277394,,0.0002854966364683872
TCN3_b5089e05,TCN3,loso_subject_S016,58,0.000645075819202906,,0.017716911141997846,,0.0002714077228105749
TCN3_b5089e05,TCN3,loso_subject_S016,59,0.0006362735885245371,,0.017482566464962015,,0.00025774837825141746
TCN3_b5089e05,TCN3,loso_subject_S016,60,0.0006223305052985255,,0.01732024332713186,,0.0002445396645101764
TCN3_b5089e05,TCN3,loso_subject_S016,61,0.0006224734544187245,,0.01717095204376823,,0.0002318019484660537
TCN3_b5089e05,TCN3,loso_subject_S016,62,0.0005783555795433594,,0.01699300821940477,,0.00021955487075394156
TCN3_b5089e05,TCN3,loso_subject_S016,63,0.0006202617950422874,,0.01684430363430734,,0.0002078173154799862
TCN3_b5089e05,TCN3,loso_subject_S016,64,0.0006492373654643828,,0.017363077024592152,,0.00019660738110366478
TCN3_b5089e05,TCN3,loso_subject_S016,65,0.0005942794889768451,,0.016869825912744368,,0.00018594235253127373
TCN3_b5089e05,TCN3,loso_subject_S016,66,0.000563245742792768,,0.016451400851995632,,0.00017583867446385477
TCN3_b5089e05,TCN3,loso_subject_S016,67,0.0005910452068271489,,0.01670711606381406,,0.00016631192604065853
TCN3_b5089e05,TCN3,loso_subject_S016,68,0.0005884932120169585,,0.0166048710971032,,0.00015737679681724137
TCN3_b5089e05,TCN3,loso_subject_S016,69,0.0006053990754049182,,0.016492496062339792,,0.0001490470641152345
TCN3_b5089e05,TCN3,loso_subject_S016,70,0.000548517535832004,,0.016073790011832605,,0.00014133557177871338
TCN3_b5089e05,TCN3,loso_subject_S016,71,0.0005571759619092164,,0.01634405611267678,,0.00013425421036992097
TCN3_b5089e05,TCN3,loso_subject_S016,72,0.0005637161423085162,,0.01619144367308783,,0.00012781389883488212
TCN3_b5089e05,TCN3,loso_subject_S016,73,0.0005326070619906841,,0.015875585052626703,,0.0001220245676671809
TCN3_b5089e05,TCN3,loso_subject_S016,74,0.0005399779829848308,,0.015919126779959606,,0.00011689514359585877
TCN3_b5089e05,TCN3,loso_subject_S016,75,0.0005185538494800924,,0.015661050041203686,,0.00011243353582104555
TCN3_b5089e05,TCN3,loso_subject_S016,76,0.000527186659582948,,0.01587386123446533,,0.0001086466238185463
TCN3_b5089e05,TCN3,loso_subject_S016,77,0.0005159218375503658,,0.015696815896689413,,0.00010554024673218805
TCN3_b5089e05,TCN3,loso_subject_S016,78,0.0005453844945166191,,0.015994254744364493,,0.00010311919437028317
TCN3_b5089e05,TCN3,loso_subject_S016,79,0.0005298878864295301,,0.015655660092950507,,0.00010138719982009242
TCN3_b5089e05,TCN3,loso_subject_S016,80,0.0005402009378327182,,0.01590437975390028,,0.0001003469336916747
TCN3_b5089e05,TCN3,loso_subject_S017,1,0.2833948577058311,,0.3893700099443832,,0.001
TCN3_b5089e05,TCN3,loso_subject_S017,2,0.053360590777511076,,0.16630053786312834,,0.0009996530663083252
TCN3_b5089e05,TCN3,loso_subject_S017,3,0.02814378098230298,,0.12157337379401031,,0.0009986128001799074
TCN3_b5089e05,TCN3,loso_subject_S017,4,0.019710968758864186,,0.10328290135587365,,0.0009968808056297167
TCN3_b5089e05,TCN3,loso_subject_S017,5,0.013145843130526594,,0.08444713279529169,,0.0009944597532678117
TCN3_b5089e05,TCN3,loso_subject_S017,6,0.010057468681661864,,0.07393188219453088,,0.0009913533761814533
TCN3_b5089e05,TCN3,loso_subject_S017,7,0.00831789121420575,,0.06592594474170298,,0.000987566464178954
TCN3_b5089e05,TCN3,loso_subject_S017,8,0.007197716492548539,,0.06007272130561982,,0.0009831048564041408
TCN3_b5089e05,TCN3,loso_subject_S017,9,0.006011558143388555,,0.05631661290250484,,0.0009779754323328187
TCN3_b5089e05,TCN3,loso_subject_S017,10,0.005563858990580846,,0.054224530727893204,,0.0009721861011651174
TCN3_b5089e05,TCN3,loso_subject_S017,11,0.004323434457530039,,0.04769712385712983,,0.0009657457896300785
TCN3_b5089e05,TCN3,loso_subject_S017,12,0.004013200060274138,,0.04641867045506264,,0.000958664428221286
TCN3_b5089e05,TCN3,loso_subject_S017,13,0.0037330207968400858,,0.044073550137891604,,0.000950952935884765
TCN3_b5089e05,TCN3,loso_subject_S017,14,0.0031204031125816882,,0.040341281217514395,,0.0009426232031827582
TCN3_b5089e05,TCN3,loso_subject_S017,15,0.0027997928676825054,,0.03818423625413784,,0.0009336880739593409
TCN3_b5089e05,TCN3,loso_subject_S017,16,0.002662595835476022,,0.037059158511568394,,0.0009241613255361449
TCN3_b5089e05,TCN3,loso_subject_S017,17,0.0026109231197565886,,0.03724321376965313,,0.0009140576474687258
TCN3_b5089e05,TCN3,loso_subject_S017,18,0.002379307541398187,,0.03532839694853477,,0.0009033926188963346
TCN3_b5089e05,TCN3,loso_subject_S017,19,0.0021221160054947234,,0.033255865548711155,,0.0008921826845200134
TCN3_b5089e05,TCN3,loso_subject_S017,20,0.0019530600977677162,,0.03137836707500291,,0.000880445129246058
TCN3_b5089e05,TCN3,loso_subject_S017,21,0.0018801125697397083,,0.03086415565279491,,0.0008681980515339459
TCN3_b5089e05,TCN3,loso_subject_S017,22,0.0018537832272243133,,0.03069276651364389,,0.0008554603354898234
TCN3_b5089e05,TCN3,loso_subject_S017,23,0.001656528610909078,,0.029812736694881853,,0.0008422516217485822
TCN3_b5089e05,TCN3,loso_subject_S017,24,0.0015703730406829792,,0.02837109460452176,,0.0008285922771894248
TCN3_b5089e05,TCN3,loso_subject_S017,25,0.0014076584990959083,,0.02743217034024915,,0.0008145033635316124
TCN3_b5089e05,TCN3,loso_subject_S017,26,0.001340395665558081,,0.026573921931558487,,0.0008000066048588205
TCN3_b5089e05,TCN3,loso_subject_S017,27,0.0012985446626211285,,0.025734112589796472,,0.0007851243541221765
TCN3_b5089e05,TCN3,loso_subject_S017,28,0.001221624043985844,,0.025305467424519747,,0.0007698795586736293
TCN3_b5089e05,TCN3,loso_subject_S017,29,0.0011746172078346102,,0.025209995150763033,,0.0007542957248827956
TCN3_b5089e05,TCN3,loso_subject_S017,30,0.001162235042143718,,0.0243157894542786,,0.0007383968818918422
TCN3_b5089e05,TCN3,loso_subject_S017,31,0.0012029466702186532,,0.024659444828259262,,0.00072220754456429
TCN3_b5089e05,TCN3,loso_subject_S017,32,0.0011925782456991532,,0.025235175335939476,,0.0007057526756848715
TCN3_b5089e05,TCN3,loso_subject_S017,33,0.0011128276213814205,,0.02380062518966416,,0.000689057647468726
TCN3_b5089e05,TCN3,loso_subject_S017,34,0.0010833598160343034,,0.023759414557075954,,0.000672148202439283
TCN3_b5089e05,TCN3,loso_subject_S017,35,0.0009789909141158552,,0.022366387385815655,,0.0006550504137351571
TCN3_b5089e05,TCN3,loso_subject_S017,36,0.0009257946105149074,,0.021971464660795047,,0.0006377906449072574
TCN3_b5089e05,TCN3,loso_subject_S017,37,0.0008964494495574979,,0.021852732140233824,,0.0006203955092681036
TCN3_b5089e05,TCN3,loso_subject_S017,38,0.0008884138993064263,,0.021609005374030436,,0.0006028918288560267
TCN3_b5089e05,TCN3,loso_subject_S017,39,0.000988708985500173,,0.022631211326401068,,0.00058530659307753
TCN3_b5089e05,TCN3,loso_subject_S017,40,0.0008397031259273758,,0.020645927351885876,,0.0005676669170915806
TCN3_b5089e05,TCN3,loso_subject_S017,41,0.000790241301584874,,0.019779283252283703,,0.0005499999999999997
TCN3_b5089e05,TCN3,loso_subject_S017,42,0.0008465382808408192,,0.02028924747935415,,0.000532333082908419
TCN3_b5089e05,TCN3,loso_subject_S017,43,0.000765133454240382,,0.01984637023162151,,0.0005146934069224697
TCN3_b5089e05,TCN3,loso_subject_S017,44,0.0007423373159534455,,0.019337715536876073,,0.000497108171143973
TCN3_b5089e05,TCN3,loso_subject_S017,45,0.0006768184441610995,,0.018656267732147017,,0.00047960449073189616
TCN3_b5089e05,TCN3,loso_subject_S017,46,0.0007774989742760287,,0.01939559746906035,,0.00046220935509274226
TCN3_b5089e05,TCN3,loso_subject_S017,47,0.000722554291740359,,0.01889679016578868,,0.00044494958626484254
TCN3_b5089e05,TCN3,loso_subject_S017,48,0.0007923639568246797,,0.020036377233015365,,0.00042785179756071645
TCN3_b5089e05,TCN3,loso_subject_S017,49,0.000727262889498656,,0.019013826856190817,,0.0004109423525312737
TCN3_b5089e05,TCN3,loso_subject_S017,50,0.0007005705138301065,,0.018494596281311382,,0.0003942473243151282
TCN3_b5089e05,TCN3,loso_subject_S017,51,0.0006419790852518253,,0.017885405507149513,,0.0003777924554357096
TCN3_b5089e05,TCN3,loso_subject_S017,52,0.0006907022635394695,,0.018484872665164107,,0.0003616031181081575
TCN3_b5089e05,TCN3,loso_subject_S017,53,0.0006449773322586671,,0.018124413839091653,,0.000345704275117204
TCN3_b5089e05,TCN3,loso_subject_S017,54,0.0006670667540950442,,0.018105596837927552,,0.00033012044132637024
TCN3_b5089e05,TCN3,loso_subject_S017,55,0.0006473884306210861,,0.017921088816947105,,0.00031487564587782306
TCN3_b5089e05,TCN3,loso_subject_S017,56,0.00061862030933767,,0.017519333496720094,,0.00029999339514117897
TCN3_b5089e05,TCN3,loso_subject_S017,57,0.0006316108834367886,,0.01746519321957,,0.0002854966364683872
TCN3_b5089e05,TCN3,loso_subject_S017,58,0.0005992902846775269,,0.016999548460160906,,0.0002714077228105749
TCN3_b5089e05,TCN3,loso_subject_S017,59,0.0005798389221194349,,0.016812575274086815,,0.00025774837825141746
TCN3_b5089e05,TCN3,loso_subject_S017,60,0.0005682973596465438,,0.016742120679027344,,0.0002445396645101764
TCN3_b5089e05,TCN3,loso_subject_S017,61,0.0006108456710014229,,0.01688400110825063,,0.0002318019484660537
TCN3_b5089e05,TCN3,loso_subject_S017,62,0.0005695358119655359,,0.016576335333371033,,0.00021955487075394156
TCN3_b5089e05,TCN3,loso_subject_S017,63,0.0005650078308975207,,0.016529588972734963,,0.0002078173154799862
TCN3_b5089e05,TCN3,loso_subject_S017,64,0.0005504319057634977,,0.01620851144079726,,0.00019660738110366478
TCN3_b5089e05,TCN3,loso_subject_S017,65,0.0005514272542995275,,0.016219059684856974,,0.00018594235253127373
TCN3_b5089e05,TCN3,loso_subject_S017,66,0.0005589013977461662,,0.01614925690735045,,0.00017583867446385477
TCN3_b5089e05,TCN3,loso_subject_S017,67,0.0005500481782976717,,0.016187488236813295,,0.00016631192604065853
TCN3_b5089e05,TCN3,loso_subject_S017,68,0.0005246759641345752,,0.01620851293040843,,0.00015737679681724137
TCN3_b5089e05,TCN3,loso_subject_S017,69,0.0005539910773545792,,0.015960034456701147,,0.0001490470641152345
TCN3_b5089e05,TCN3,loso_subject_S017,70,0.0005271974930021993,,0.015801203207080342,,0.00014133557177871338
TCN3_b5089e05,TCN3,loso_subject_S017,71,0.0005225801317704555,,0.015817965310785234,,0.00013425421036992097
TCN3_b5089e05,TCN3,loso_subject_S017,72,0.0004968372917643669,,0.015403443284683694,,0.00012781389883488212
TCN3_b5089e05,TCN3,loso_subject_S017,73,0.0005183583451719006,,0.015787974459484284,,0.0001220245676671809
TCN3_b5089e05,TCN3,loso_subject_S017,74,0.0004960844579915873,,0.01535875110542045,,0.00011689514359585877
TCN3_b5089e05,TCN3,loso_subject_S017,75,0.0004999075448974069,,0.015343000483991068,,0.00011243353582104555
TCN3_b5089e05,TCN3,loso_subject_S017,76,0.0005015509257896302,,0.015329787905145878,,0.0001086466238185463
TCN3_b5089e05,TCN3,loso_subject_S017,77,0.0004862338379848375,,0.015377098298686838,,0.00010554024673218805
TCN3_b5089e05,TCN3,loso_subject_S017,78,0.0004816966743723047,,0.015095211508056141,,0.00010311919437028317
TCN3_b5089e05,TCN3,loso_subject_S017,79,0.0005083945228036377,,0.015552638432182062,,0.00010138719982009242
TCN3_b5089e05,TCN3,loso_subject_S017,80,0.00047859658448737096,,0.015105276152059834,,0.0001003469336916747
TCN3_b5089e05,TCN3,loso_subject_S018,1,0.21576137347982013,,0.33500160130724316,,0.001
TCN3_b5089e05,TCN3,loso_subject_S018,2,0.04135265476656755,,0.15211280214628303,,0.0009996530663083252
TCN3_b5089e05,TCN3,loso_subject_S018,3,0.022467172450475532,,0.11058213416331407,,0.0009986128001799074
TCN3_b5089e05,TCN3,loso_subject_S018,4,0.014907048934363324,,0.09027318571543146,,0.0009968808056297167
TCN3_b5089e05,TCN3,loso_subject_S018,5,0.011016629254291671,,0.07633134811470214,,0.0009944597532678117
TCN3_b5089e05,TCN3,loso_subject_S018,6,0.008828333883515239,,0.06817497572912565,,0.0009913533761814533
TCN3_b5089e05,TCN3,loso_subject_S018,7,0.006937871479081679,,0.06087806120432863,,0.000987566464178954
TCN3_b5089e05,TCN3,loso_subject_S018,8,0.0063080828007963064,,0.05724467434092763,,0.0009831048564041408
TCN3_b5089e05,TCN3,loso_subject_S018,9,0.005147899139229921,,0.05119849665964178,,0.0009779754323328187
TCN3_b5089e05,TCN3,loso_subject_S018,10,0.004388069236508154,,0.0477150651150226,,0.0009721861011651174
TCN3_b5089e05,TCN3,loso_subject_S018,11,0.0039958440494494785,,0.04542884799839031,,0.0009657457896300785
TCN3_b5089e05,TCN3,loso_subject_S018,12,0.0032158441559401634,,0.041168679006568974,,0.000958664428221286
TCN3_b5089e05,TCN3,loso_subject_S018,13,0.003324170218670289,,0.04061260315333033,,0.000950952935884765
TCN3_b5089e05,TCN3,loso_subject_S018,14,0.002941073758745317,,0.038107180042332836,,0.0009426232031827582
TCN3_b5089e05,TCN3,loso_subject_S018,15,0.0027216653149320534,,0.03751849936542676,,0.0009336880739593409
TCN3_b5089e05,TCN3,loso_subject_S018,16,0.0025140147065419996,,0.035523412609879894,,0.0009241613255361449
TCN3_b5089e05,TCN3,loso_subject_S018,17,0.002437633059526332,,0.035299573489819075,,0.0009140576474687258
TCN3_b5089e05,TCN3,loso_subject_S018,18,0.002218780055599617,,0.03300221782695054,,0.0009033926188963346
TCN3_b5089e05,TCN3,loso_subject_S018,19,0.001872509131945221,,0.031340328494117616,,0.0008921826845200134
TCN3_b5089e05,TCN3,loso_subject_S018,20,0.0018130096879161535,,0.03063922579734601,,0.000880445129246058
TCN3_b5089e05,TCN3,loso_subject_S018,21,0.0017867250519199554,,0.029633377080221863,,0.0008681980515339459
TCN3_b5089e05,TCN3,loso_subject_S018,22,0.001700439452615471,,0.029519117611266524,,0.0008554603354898234
TCN3_b5089e05,TCN3,loso_subject_S018,23,0.0016678372785554852,,0.029057310309831514,,0.0008422516217485822
TCN3_b5089e05,TCN3,loso_subject_S018,24,0.0016716799004988998,,0.028972141032838905,,0.0008285922771894248
TCN3_b5089e05,TCN3,loso_subject_S018,25,0.001530620211571203,,0.02691316582122622,,0.0008145033635316124
TCN3_b5089e05,TCN3,loso_subject_S018,26,0.0014437106566117127,,0.026541775715977253,,0.0008000066048588205
TCN3_b5089e05,TCN3,loso_subject_S018,27,0.001368005186737376,,0.026025715133602776,,0.0007851243541221765
TCN3_b5089e05,TCN3,loso_subject_S018,28,0.001343586939119747,,0.026191004473859532,,0.0007698795586736293
TCN3_b5089e05,TCN3,loso_subject_S018,29,0.0013125199634930335,,0.02499718627026838,,0.0007542957248827956
TCN3_b5089e05,TCN3,loso_subject_S018,30,0.0011991823816297508,,0.02406166170447264,,0.0007383968818918422
TCN3_b5089e05,TCN3,loso_subject_S018,31,0.001390768637456779,,0.026263371324627947,,0.00072220754456429
TCN3_b5089e05,TCN3,loso_subject_S018,32,0.0011772703375322422,,0.023906146774026867,,0.0007057526756848715
TCN3_b5089e05,TCN3,loso_subject_S018,33,0.0011706827390805133,,0.02391881810476495,,0.000689057647468726
TCN3_b5089e05,TCN3,loso_subject_S018,34,0.0012327144042104568,,0.024585875533895032,,0.000672148202439283
TCN3_b5089e05,TCN3,loso_subject_S018,35,0.0011205033521044622,,0.02329255810188954,,0.0006550504137351571
TCN3_b5089e05,TCN3,loso_subject_S018,36,0.0010309112118813367,,0.021951428960373234,,0.0006377906449072574
TCN3_b5089e05,TCN3,loso_subject_S018,37,0.0010343159569440035,,0.022501813628891403,,0.0006203955092681036
TCN3_b5089e05,TCN3,loso_subject_S018,38,0.0009584109051167837,,0.021709975786205635,,0.0006028918288560267
TCN3_b5089e05,TCN3,loso_subject_S018,39,0.0009472617472979632,,0.02122887540228759,,0.00058530659307753
TCN3_b5089e05,TCN3,loso_subject_S018,40,0.0010172640969605942,,0.02166935988916244,,0.0005676669170915806
TCN3_b5089e05,TCN3,loso_subject_S018,41,0.0009114990272330389,,0.020930933059057823,,0.0005499999999999997
TCN3_b5089e05,TCN3,loso_subject_S018,42,0.0009336806292275245,,0.02035303188439045,,0.000532333082908419
TCN3_b5089e05,TCN3,loso_subject_S018,43,0.0008885443952886099,,0.02064382907047786,,0.0005146934069224697
TCN3_b5089e05,TCN3,loso_subject_S018,44,0.0009051249951953909,,0.02075212762271096,,0.000497108171143973
TCN3_b5089e05,TCN3,loso_subject_S018,45,0.000890369397473807,,0.020617697084628288,,0.00047960449073189616
TCN3_b5089e05,TCN3,loso_subject_S018,46,0.0008568539517339501,,0.01992637578273773,,0.00046220935509274226
TCN3_b5089e05,TCN3,loso_subject_S018,47,0.0008162837388292715,,0.019466499994274057,,0.00044494958626484254
TCN3_b5089e05,TCN3,loso_subject_S018,48,0.000798076561584438,,0.019692936836201883,,0.00042785179756071645
TCN3_b5089e05,TCN3,loso_subject_S018,49,0.0008508273817307649,,0.020327176792892622,,0.0004109423525312737
TCN3_b5089e05,TCN3,loso_subject_S018,50,0.0007904075122032557,,0.0193512525075402,,0.0003942473243151282
TCN3_b5089e05,TCN3,loso_subject_S018,51,0.000846689039991741,,0.020376594140812124,,0.0003777924554357096
TCN3_b5089e05,TCN3,loso_subject_S018,52,0.0007998290257745502,,0.01950705961398744,,0.0003616031181081575
TCN3_b5089e05,TCN3,loso_subject_S018,53,0.000713834853290513,,0.018265608566074204,,0.000345704275117204
TCN3_b5089e05,TCN3,loso_subject_S018,54,0.0007552299238393923,,0.018485766151415256,,0.00033012044132637024
TCN3_b5089e05,TCN3,loso_subject_S018,55,0.0007023227079004151,,0.018231905247279263,,0.00031487564587782306
TCN3_b5089e05,TCN3,loso_subject_S018,56,0.0007515660685424682,,0.018584653287740078,,0.00029999339514117897
TCN3_b5089e05,TCN3,loso_subject_S018,57,0.0006877640030847597,,0.01809127415886451,,0.0002854966364683872
TCN3_b5089e05,TCN3,loso_subject_S018,58,0.0006940431052111282,,0.018062595067580144,,0.0002714077228105749
TCN3_b5089e05,TCN3,loso_subject_S018,59,0.0006878944694702373,,0.017859872225846875,,0.00025774837825141746
TCN3_b5089e05,TCN3,loso_subject_S018,60,0.0007220253875743213,,0.018058619441150385,,0.0002445396645101764
TCN3_b5089e05,TCN3,loso_subject_S018,61,0.0006352877046873111,,0.01744046051738987,,0.0002318019484660537
TCN3_b5089e05,TCN3,loso_subject_S018,62,0.0006726984685442452,,0.01780551907812345,,0.00021955487075394156
TCN3_b5089e05,TCN3,loso_subject_S018,63,0.0006554315627978282,,0.017296675280310567,,0.0002078173154799862
TCN3_b5089e05,TCN3,loso_subject_S018,64,0.0006407148709430098,,0.017188052069148554,,0.00019660738110366478
TCN3_b5089e05,TCN3,loso_subject_S018,65,0.0006733085103447565,,0.017302281551567163,,0.00018594235253127373
TCN3_b5089e05,TCN3,loso_subject_S018,66,0.0006276534678590538,,0.016927398014638793,,0.00017583867446385477
TCN3_b5089e05,TCN3,loso_subject_S018,67,0.0006490850587911071,,0.016957629186801635,,0.00016631192604065853
TCN3_b5089e05,TCN3,loso_subject_S018,68,0.000688437130796645,,0.017554554230825692,,0.00015737679681724137
TCN3_b5089e05,TCN3,loso_subject_S018,69,0.0006267335748269204,,0.01663055787856099,,0.0001490470641152345
TCN3_b5089e05,TCN3,loso_subject_S018,70,0.0006153504270728583,,0.01665465481634779,,0.00014133557177871338
TCN3_b5089e05,TCN3,loso_subject_S018,71,0.0006562906073426841,,0.017199437605206848,,0.00013425421036992097
TCN3_b5089e05,TCN3,loso_subject_S018,72,0.0006287022059323256,,0.016780014793539594,,0.00012781389883488212
TCN3_b5089e05,TCN3,loso_subject_S018,73,0.0006124642263424386,,0.01644105874737631,,0.0001220245676671809
TCN3_b5089e05,TCN3,loso_subject_S018,74,0.0005936442302979677,,0.016621362711292383,,0.00011689514359585877
TCN3_b5089e05,TCN3,loso_subject_S018,75,0.0005873523316912621,,0.016323183251948235,,0.00011243353582104555
TCN3_b5089e05,TCN3,loso_subject_S018,76,0.0005829748856900944,,0.016170805415115085,,0.0001086466238185463
TCN3_b5089e05,TCN3,loso_subject_S018,77,0.0006040593121317177,,0.016448375792777744,,0.00010554024673218805
TCN3_b5089e05,TCN3,loso_subject_S018,78,0.0005885660657296624,,0.016269994019260874,,0.00010311919437028317
TCN3_b5089e05,TCN3,loso_subject_S018,79,0.0005610649003517624,,0.015980084528606872,,0.00010138719982009242
TCN3_b5089e05,TCN3,loso_subject_S018,80,0.0005478610316528578,,0.015927865153058576,,0.0001003469336916747
TCN3_b5089e05,TCN3,loso_subject_S019,1,0.3004366276538293,,0.397529561123512,,0.001
TCN3_b5089e05,TCN3,loso_subject_S019,2,0.06501579683181323,,0.19036337186161612,,0.0009996530663083252
TCN3_b5089e05,TCN3,loso_subject_S019,3,0.032459244384050706,,0.13429401671566799,,0.0009986128001799074
TCN3_b5089e05,TCN3,loso_subject_S019,4,0.021440648022664353,,0.10966036927583048,,0.0009968808056297167
TCN3_b5089e05,TCN3,loso_subject_S019,5,0.015751794725525934,,0.09223264386068508,,0.0009944597532678117
TCN3_b5089e05,TCN3,loso_subject_S019,6,0.012320900849881786,,0.08314387022644605,,0.0009913533761814533
TCN3_b5089e05,TCN3,loso_subject_S019,7,0.009890767199872273,,0.07412656050866168,,0.000987566464178954
TCN3_b5089e05,TCN3,loso_subject_S019,8,0.007670097943242604,,0.06485652403636351,,0.0009831048564041408
TCN3_b5089e05,TCN3,loso_subject_S019,9,0.006862827351129436,,0.06155958138680483,,0.0009779754323328187
TCN3_b5089e05,TCN3,loso_subject_S019,10,0.0055285455062306435,,0.05499887960002249,,0.0009721861011651174
TCN3_b5089e05,TCN3,loso_subject_S019,11,0.00524387961626314,,0.05276265714149119,,0.0009657457896300785
TCN3_b5089e05,TCN3,loso_subject_S019,12,0.004663060705546032,,0.05006559602746494,,0.000958664428221286
TCN3_b5089e05,TCN3,loso_subject_S019,13,0.003929431714565398,,0.04606488345225485,,0.000950952935884765
TCN3_b5089e05,TCN3,loso_subject_S019,14,0.003786377580457749,,0.044369350015448554,,0.0009426232031827582
TCN3_b5089e05,TCN3,loso_subject_S019,15,0.003374166982777252,,0.042766115538412926,,0.0009336880739593409
TCN3_b5089e05,TCN3,loso_subject_S019,16,0.003149833125243459,,0.04096850407591544,,0.0009241613255361449
TCN3_b5089e05,TCN3,loso_subject_S019,17,0.0029060515539447752,,0.03841531623900459,,0.0009140576474687258
TCN3_b5089e05,TCN3,loso_subject_S019,18,0.0025243539402481393,,0.03673103106228711,,0.0009033926188963346
TCN3_b5089e05,TCN3,loso_subject_S019,19,0.0025276066903501507,,0.03581360141138549,,0.0008921826845200134
TCN3_b5089e05,TCN3,loso_subject_S019,20,0.002261760331929589,,0.03425075687452383,,0.000880445129246058
TCN3_b5089e05,TCN3,loso_subject_S019,21,0.002256357825605693,,0.034518679144964946,,0.0008681980515339459
TCN3_b5089e05,TCN3,loso_subject_S019,22,0.00207465848688962,,0.03320164825209725,,0.0008554603354898234
TCN3_b5089e05,TCN3,loso_subject_S019,23,0.002140196875419012,,0.032765897690121684,,0.0008422516217485822
TCN3_b5089e05,TCN3,loso_subject_S019,24,0.001860534914521467,,0.03107422202318917,,0.0008285922771894248
TCN3_b5089e05,TCN3,loso_subject_S019,25,0.0017240818020620974,,0.029301897402953317,,0.0008145033635316124
TCN3_b5089e05,TCN3,loso_subject_S019,26,0.0017475787234547116,,0.029592181804344773,,0.0008000066048588205
TCN3_b5089e05,TCN3,loso_subject_S019,27,0.001586478129760491,,0.028606318547157,,0.0007851243541221765
TCN3_b5089e05,TCN3,loso_subject_S019,28,0.0016907646418772729,,0.029211217918799836,,0.0007698795586736293
TCN3_b5089e05,TCN3,loso_subject_S019,29,0.0014356724402772264,,0.0270774069712574,,0.0007542957248827956
TCN3_b5089e05,TCN3,loso_subject_S019,30,0.0014512658617547376,,0.027189468078986413,,0.0007383968818918422
TCN3_b5089e05,TCN3,loso_subject_S019,31,0.0013418199432335789,,0.026044753330827928,,0.00072220754456429
TCN3_b5089e05,TCN3,loso_subject_S019,32,0.001632317206960255,,0.029158360479857225,,0.0007057526756848715
TCN3_b5089e05,TCN3,loso_subject_S019,33,0.0013919632630605516,,0.026570283982457508,,0.000689057647468726
TCN3_b5089e05,TCN3,loso_subject_S019,34,0.0012966273643848115,,0.025252045547773116,,0.000672148202439283
TCN3_b5089e05,TCN3,loso_subject_S019,35,0.0012075939782739437,,0.025265449490248008,,0.0006550504137351571
TCN3_b5089e05,TCN3,loso_subject_S019,36,0.0011252127120175352,,0.023793005418127726,,0.0006377906449072574
TCN3_b5089e05,TCN3,loso_subject_S019,37,0.0011741379011504657,,0.02391162991087624,,0.0006203955092681036
TCN3_b5089e05,TCN3,loso_subject_S019,38,0.0011562683135290658,,0.02412154193141044,,0.0006028918288560267
TCN3_b5089e05,TCN3,loso_subject_S019,39,0.0010415803674295742,,0.02332581050140353,,0.00058530659307753
TCN3_b5089e05,TCN3,loso_subject_S019,40,0.0009923367420765724,,0.022537478148843212,,0.0005676669170915806
TCN3_b5089e05,TCN3,loso_subject_S019,41,0.0010221881616571406,,0.022648999263795894,,0.0005499999999999997
TCN3_b5089e05,TCN3,loso_subject_S019,42,0.001023119870446625,,0.022426871670350627,,0.000532333082908419
TCN3_b5089e05,TCN3,loso_subject_S019,43,0.001001619021320938,,0.022392225059717528,,0.0005146934069224697
TCN3_b5089e05,TCN3,loso_subject_S019,44,0.000961481857513751,,0.021931961695201722,,0.000497108171143973
TCN3_b5089e05,TCN3,loso_subject_S019,45,0.0009498001122226971,,0.02170464083554972,,0.00047960449073189616
TCN3_b5089e05,TCN3,loso_subject_S019,46,0.000905466461593342,,0.021501637489919782,,0.00046220935509274226
TCN3_b5089e05,TCN3,loso_subject_S019,47,0.000941557234305434,,0.022038314314581954,,0.00044494958626484254
TCN3_b5089e05,TCN3,loso_subject_S019,48,0.0008557315440776654,,0.02087074068048169,,0.00042785179756071645
TCN3_b5089e05,TCN3,loso_subject_S019,49,0.0008000039302195885,,0.020058496597641147,,0.0004109423525312737
TCN3_b5089e05,TCN3,loso_subject_S019,50,0.0008100752428300024,,0.02039939207813216,,0.0003942473243151282
TCN3_b5089e05,TCN3,loso_subject_S019,51,0.0007725748282013728,,0.01959001046272117,,0.0003777924554357096
TCN3_b5089e05,TCN3,loso_subject_S019,52,0.0007919492584191617,,0.020181981089358116,,0.0003616031181081575
TCN3_b5089e05,TCN3,loso_subject_S019,53,0.0008299341768261713,,0.020470884992570323,,0.000345704275117204
TCN3_b5089e05,TCN3,loso_subject_S019,54,0.0007961887201940484,,0.01960298778013288,,0.00033012044132637024
TCN3_b5089e05,TCN3,loso_subject_S019,55,0.0007880265291426376,,0.019775252849976097,,0.00031487564587782306
TCN3_b5089e05,TCN3,loso_subject_S019,56,0.0007462490868755991,,0.01953145304529595,,0.00029999339514117897
TCN3_b5089e05,TCN3,loso_subject_S019,57,0.0007631000375644951,,0.0195322683080378,,0.0002854966364683872
TCN3_b5089e05,TCN3,loso_subject_S019,58,0.0007079830536623073,,0.018789875389968267,,0.0002714077228105749
TCN3_b5089e05,TCN3,loso_subject_S019,59,0.0007047224979802948,,0.018818449458813107,,0.00025774837825141746
TCN3_b5089e05,TCN3,loso_subject_S019,60,0.0007244326947341796,,0.018983742546014648,,0.0002445396645101764
TCN3_b5089e05,TCN3,loso_subject_S019,61,0.0007238522546212921,,0.018713744719246063,,0.0002318019484660537
TCN3_b5089e05,TCN3,loso_subject_S019,62,0.0006342725157463526,,0.017817979799293025,,0.00021955487075394156
TCN3_b5089e05,TCN3,loso_subject_S019,63,0.0006823125787443638,,0.018423187557204415,,0.0002078173154799862
TCN3_b5089e05,TCN3,loso_subject_S019,64,0.0006846010358041153,,0.018479448674939367,,0.00019660738110366478
TCN3_b5089e05,TCN3,loso_subject_S019,65,0.0006767157213659575,,0.01816279936126145,,0.00018594235253127373
TCN3_b5089e05,TCN3,loso_subject_S019,66,0.0006563858895250353,,0.018239032746123884,,0.00017583867446385477
TCN3_b5089e05,TCN3,loso_subject_S019,67,0.0006470672146910445,,0.017947701353069213,,0.00016631192604065853
TCN3_b5089e05,TCN3,loso_subject_S019,68,0.0006684325176382243,,0.017993196841137392,,0.00015737679681724137
TCN3_b5089e05,TCN3,loso_subject_S019,69,0.0005826448796741675,,0.017128379418114133,,0.0001490470641152345
TCN3_b5089e05,TCN3,loso_subject_S019,70,0.0005991686621063565,,0.017396866002136725,,0.00014133557177871338
TCN3_b5089e05,TCN3,loso_subject_S019,71,0.0006283628035750001,,0.01762801965472053,,0.00013425421036992097
TCN3_b5089e05,TCN3,loso_subject_S019,72,0.0006169565562447719,,0.01764360033178064,,0.00012781389883488212
TCN3_b5089e05,TCN3,loso_subject_S019,73,0.0006400447564182918,,0.0174343670090635,,0.0001220245676671809
TCN3_b5089e05,TCN3,loso_subject_S019,74,0.0006206803389178909,,0.017426277859129282,,0.00011689514359585877
TCN3_b5089e05,TCN3,loso_subject_S019,75,0.0006357704572767395,,0.01747929161467387,,0.00011243353582104555
TCN3_b5089e05,TCN3,loso_subject_S019,76,0.0006278130183237302,,0.01734903883848364,,0.0001086466238185463
TCN3_b5089e05,TCN3,loso_subject_S019,77,0.0006619486697455571,,0.017619466942483987,,0.00010554024673218805
TCN3_b5089e05,TCN3,loso_subject_S019,78,0.0005942896790959168,,0.017282493895620286,,0.00010311919437028317
TCN3_b5089e05,TCN3,loso_subject_S019,79,0.0005861219857475641,,0.016834189650487406,,0.00010138719982009242
TCN3_b5089e05,TCN3,loso_subject_S019,80,0.0005769398401854014,,0.016850796619889155,,0.0001003469336916747
