task,config,raw_mae,kalman_mae,delta,sigma_p,sigma_obs
LT2,v0004 + Ridge (ref),2.0232410355813104,1.9143128933498785,-0.10892814223143188,15.0,150.0
LT2,v0008★ SampEn30 + GBM,2.1076644675832044,1.9847130967246471,-0.12295137085855723,15.0,150.0
LT1,v0004 + Huber (ref),2.1177606414467225,2.041783940569075,-0.0759767008776473,15.0,150.0
LT1,v0008★ SampEn60+timing_cv+Huber,2.1578185425275174,2.0851613075375495,-0.0726572349899679,15.0,150.0
