task,config,raw_mae,kalman_mae,delta,sigma_p,sigma_obs
LT2,v0004 + Ridge (ref),2.097605620836662,1.9926709840632582,-0.10493463677340364,15.0,150.0
LT2,v0008★ SampEn30 + GBM,2.0432693725529316,1.9434632915287038,-0.09980608102422783,15.0,150.0
LT1,v0004 + Huber (ref),2.02096061778021,1.956184271120775,-0.0647763466594351,15.0,150.0
LT1,v0008★ SampEn60+timing_cv+Huber,1.958597873260259,1.9007821088412853,-0.057815764418973625,15.0,150.0
