task,config,raw_mae,kalman_mae,delta,sigma_p,sigma_obs
LT2,v0004 + Ridge (ref),2.2427017040041397,2.1924634011837583,-0.05023830282038144,15.0,150.0
LT2,v0008★ SampEn30 + GBM,2.4316657321958335,2.380729135824231,-0.050936596371602416,15.0,150.0
LT1,v0004 + Huber (ref),1.950747294371377,1.8754434302563374,-0.07530386411503964,15.0,150.0
LT1,v0008★ SampEn60+timing_cv+Huber,1.9955939288769238,1.9246978049815533,-0.07089612389537048,15.0,150.0
