model_id,architecture_id,fold_id,epoch,train_loss,val_loss,train_mae,val_mae,lr
LSTM5_9a9012e7,LSTM5,loso_subject_S001,1,0.3344831300423463,,0.42433314888941664,,0.001
LSTM5_9a9012e7,LSTM5,loso_subject_S001,2,0.05204274340745166,,0.17309221819691037,,0.001
LSTM5_9a9012e7,LSTM5,loso_subject_S001,3,0.03288018092637335,,0.13735803307221006,,0.001
LSTM5_9a9012e7,LSTM5,loso_subject_S001,4,0.025149875023180952,,0.11999744637034492,,0.001
LSTM5_9a9012e7,LSTM5,loso_subject_S001,5,0.02161957816780501,,0.11249944036066567,,0.001
LSTM5_9a9012e7,LSTM5,loso_subject_S001,6,0.020768995585941787,,0.1086066593551934,,0.001
LSTM5_9a9012e7,LSTM5,loso_subject_S001,7,0.01771363204077747,,0.10080286059495308,,0.001
LSTM5_9a9012e7,LSTM5,loso_subject_S001,8,0.016704310419536048,,0.09779758123484589,,0.001
LSTM5_9a9012e7,LSTM5,loso_subject_S001,9,0.016494159034812217,,0.09756322628405209,,0.001
LSTM5_9a9012e7,LSTM5,loso_subject_S001,10,0.017047510915582844,,0.09592625020408005,,0.001
LSTM5_9a9012e7,LSTM5,loso_subject_S001,11,0.015576960253814916,,0.09263793618693957,,0.001
LSTM5_9a9012e7,LSTM5,loso_subject_S001,12,0.014715041942503958,,0.09053106756881989,,0.001
LSTM5_9a9012e7,LSTM5,loso_subject_S001,13,0.014012397255830604,,0.08816079184315331,,0.001
LSTM5_9a9012e7,LSTM5,loso_subject_S001,14,0.013484226610731198,,0.08555760456469884,,0.001
LSTM5_9a9012e7,LSTM5,loso_subject_S001,15,0.013207440934587157,,0.08544822288826863,,0.001
LSTM5_9a9012e7,LSTM5,loso_subject_S001,16,0.012716402157701822,,0.08421591466970568,,0.001
LSTM5_9a9012e7,LSTM5,loso_subject_S001,17,0.013470940351233267,,0.08530858888148267,,0.001
LSTM5_9a9012e7,LSTM5,loso_subject_S001,18,0.012216657957038829,,0.08217622561601033,,0.001
LSTM5_9a9012e7,LSTM5,loso_subject_S001,19,0.01187524751345713,,0.08162448073317424,,0.001
LSTM5_9a9012e7,LSTM5,loso_subject_S001,20,0.011622670625223866,,0.08047099762938432,,0.001
LSTM5_9a9012e7,LSTM5,loso_subject_S001,21,0.012474005743461823,,0.08276826137052255,,0.001
LSTM5_9a9012e7,LSTM5,loso_subject_S001,22,0.011961730905964377,,0.08006731328455162,,0.001
LSTM5_9a9012e7,LSTM5,loso_subject_S001,23,0.012628427204665433,,0.08198207071879707,,0.001
LSTM5_9a9012e7,LSTM5,loso_subject_S001,24,0.01212175576595402,,0.08038068568958563,,0.001
LSTM5_9a9012e7,LSTM5,loso_subject_S001,25,0.011365084844558738,,0.07774003029774881,,0.001
LSTM5_9a9012e7,LSTM5,loso_subject_S001,26,0.012280649151109456,,0.07996199939881428,,0.001
LSTM5_9a9012e7,LSTM5,loso_subject_S001,27,0.01161435521676462,,0.07827827228791236,,0.001
LSTM5_9a9012e7,LSTM5,loso_subject_S001,28,0.010983722614198745,,0.07705768963467372,,0.001
LSTM5_9a9012e7,LSTM5,loso_subject_S001,29,0.012194087715545462,,0.07986837170214935,,0.001
LSTM5_9a9012e7,LSTM5,loso_subject_S001,30,0.011575062345700065,,0.07758050866340725,,0.001
LSTM5_9a9012e7,LSTM5,loso_subject_S001,31,0.011667813587115059,,0.0781107609198518,,0.001
LSTM5_9a9012e7,LSTM5,loso_subject_S001,32,0.011108003123793718,,0.07745774540475538,,0.001
LSTM5_9a9012e7,LSTM5,loso_subject_S001,33,0.010578415194329956,,0.07597338607254094,,0.001
LSTM5_9a9012e7,LSTM5,loso_subject_S001,34,0.010745550471426227,,0.07599979099895784,,0.001
LSTM5_9a9012e7,LSTM5,loso_subject_S001,35,0.010567896892363787,,0.07657349543194461,,0.001
LSTM5_9a9012e7,LSTM5,loso_subject_S001,36,0.010648700154590032,,0.0755179336714986,,0.001
LSTM5_9a9012e7,LSTM5,loso_subject_S001,37,0.010630454191080494,,0.07547794939409841,,0.001
LSTM5_9a9012e7,LSTM5,loso_subject_S001,38,0.011312812250584559,,0.0772212648130798,,0.001
LSTM5_9a9012e7,LSTM5,loso_subject_S001,39,0.011057898449362603,,0.07577236897094113,,0.001
LSTM5_9a9012e7,LSTM5,loso_subject_S001,40,0.010604913966334189,,0.07508305588458676,,0.001
LSTM5_9a9012e7,LSTM5,loso_subject_S001,41,0.010902221308507473,,0.0753961488129732,,0.001
LSTM5_9a9012e7,LSTM5,loso_subject_S001,42,0.010009945743562496,,0.07332031504695369,,0.001
LSTM5_9a9012e7,LSTM5,loso_subject_S001,43,0.010765155981460663,,0.07494432162304873,,0.001
LSTM5_9a9012e7,LSTM5,loso_subject_S001,44,0.011285018941865677,,0.07781877023006493,,0.001
LSTM5_9a9012e7,LSTM5,loso_subject_S001,45,0.010744639381404662,,0.0756170263379688,,0.001
LSTM5_9a9012e7,LSTM5,loso_subject_S001,46,0.010866675342301693,,0.07603916248496335,,0.001
LSTM5_9a9012e7,LSTM5,loso_subject_S001,47,0.010168756922444039,,0.07341901724797548,,0.001
LSTM5_9a9012e7,LSTM5,loso_subject_S001,48,0.010837047168360429,,0.07316714113865529,,0.001
LSTM5_9a9012e7,LSTM5,loso_subject_S001,49,0.010313525866382067,,0.07306286865682245,,0.001
LSTM5_9a9012e7,LSTM5,loso_subject_S001,50,0.010509901884177776,,0.07395956544133436,,0.001
LSTM5_9a9012e7,LSTM5,loso_subject_S001,51,0.010965982157772516,,0.07522949068726635,,0.001
LSTM5_9a9012e7,LSTM5,loso_subject_S001,52,0.01026256591638527,,0.07322768500921199,,0.001
LSTM5_9a9012e7,LSTM5,loso_subject_S001,53,0.01031808888771532,,0.07337246489549691,,0.001
LSTM5_9a9012e7,LSTM5,loso_subject_S001,54,0.010362035215473409,,0.07284467259977744,,0.001
LSTM5_9a9012e7,LSTM5,loso_subject_S001,55,0.011600029154471551,,0.07579355575521479,,0.001
LSTM5_9a9012e7,LSTM5,loso_subject_S001,56,0.011222410409036244,,0.07593849932795979,,0.001
LSTM5_9a9012e7,LSTM5,loso_subject_S001,57,0.010365034489070928,,0.07376556500943379,,0.001
LSTM5_9a9012e7,LSTM5,loso_subject_S001,58,0.009630779301699977,,0.07079239162334094,,0.001
LSTM5_9a9012e7,LSTM5,loso_subject_S001,59,0.009847742988505557,,0.07122428699475872,,0.001
LSTM5_9a9012e7,LSTM5,loso_subject_S001,60,0.009624196292733759,,0.07164947399919483,,0.001
LSTM5_9a9012e7,LSTM5,loso_subject_S001,61,0.009759131134523744,,0.0714085907844506,,0.001
LSTM5_9a9012e7,LSTM5,loso_subject_S001,62,0.009484032264390894,,0.07067970723854494,,0.001
LSTM5_9a9012e7,LSTM5,loso_subject_S001,63,0.010737452046427612,,0.07465446025062132,,0.001
LSTM5_9a9012e7,LSTM5,loso_subject_S001,64,0.009669216285931738,,0.07129243063724346,,0.001
LSTM5_9a9012e7,LSTM5,loso_subject_S001,65,0.010831720519787619,,0.07356340897631759,,0.001
LSTM5_9a9012e7,LSTM5,loso_subject_S001,66,0.01008045825188699,,0.07207118423390488,,0.001
LSTM5_9a9012e7,LSTM5,loso_subject_S001,67,0.009446036958642096,,0.07045708086170775,,0.001
LSTM5_9a9012e7,LSTM5,loso_subject_S001,68,0.011457451621981304,,0.07782967816405953,,0.001
LSTM5_9a9012e7,LSTM5,loso_subject_S001,69,0.00989683776452667,,0.0721837874788163,,0.001
LSTM5_9a9012e7,LSTM5,loso_subject_S001,70,0.010077894693867322,,0.07193581449082027,,0.001
LSTM5_9a9012e7,LSTM5,loso_subject_S001,71,0.010500388898337043,,0.07327903988213678,,0.001
LSTM5_9a9012e7,LSTM5,loso_subject_S001,72,0.010101828747165477,,0.0715641025154274,,0.001
LSTM5_9a9012e7,LSTM5,loso_subject_S001,73,0.010069155219128049,,0.0715689259165806,,0.001
LSTM5_9a9012e7,LSTM5,loso_subject_S001,74,0.010555843644602943,,0.0735063414805485,,0.001
LSTM5_9a9012e7,LSTM5,loso_subject_S001,75,0.0092439619400508,,0.06954763344688171,,0.001
LSTM5_9a9012e7,LSTM5,loso_subject_S001,76,0.009531807647535423,,0.06884946386114056,,0.001
LSTM5_9a9012e7,LSTM5,loso_subject_S001,77,0.010470741948178298,,0.07279696922134686,,0.001
LSTM5_9a9012e7,LSTM5,loso_subject_S001,78,0.010052400622283901,,0.0725081794545223,,0.001
LSTM5_9a9012e7,LSTM5,loso_subject_S001,79,0.010472583175681758,,0.07247367907291086,,0.001
LSTM5_9a9012e7,LSTM5,loso_subject_S001,80,0.009795726402293826,,0.07042554433126404,,0.001
LSTM5_9a9012e7,LSTM5,loso_subject_S002,1,0.3019334616626483,,0.4006319449033156,,0.001
LSTM5_9a9012e7,LSTM5,loso_subject_S002,2,0.04341625402149813,,0.15701287581311302,,0.001
LSTM5_9a9012e7,LSTM5,loso_subject_S002,3,0.03137339461171194,,0.13384280631543605,,0.001
LSTM5_9a9012e7,LSTM5,loso_subject_S002,4,0.02586093439926925,,0.12044026961185449,,0.001
LSTM5_9a9012e7,LSTM5,loso_subject_S002,5,0.023992018285016382,,0.11591848470751034,,0.001
LSTM5_9a9012e7,LSTM5,loso_subject_S002,6,0.02104561887725157,,0.10807781796662218,,0.001
LSTM5_9a9012e7,LSTM5,loso_subject_S002,7,0.01873929530561215,,0.10309215435913271,,0.001
LSTM5_9a9012e7,LSTM5,loso_subject_S002,8,0.018515865223488803,,0.09981644931844362,,0.001
LSTM5_9a9012e7,LSTM5,loso_subject_S002,9,0.01743146263670006,,0.1001574951382343,,0.001
LSTM5_9a9012e7,LSTM5,loso_subject_S002,10,0.01613381022973923,,0.09442136657685216,,0.001
LSTM5_9a9012e7,LSTM5,loso_subject_S002,11,0.01477273928104154,,0.09025355445052927,,0.001
LSTM5_9a9012e7,LSTM5,loso_subject_S002,12,0.01475277745054657,,0.08993361622164985,,0.001
LSTM5_9a9012e7,LSTM5,loso_subject_S002,13,0.014846389370796829,,0.0901487883167278,,0.001
LSTM5_9a9012e7,LSTM5,loso_subject_S002,14,0.013566471947464057,,0.0865595964027038,,0.001
LSTM5_9a9012e7,LSTM5,loso_subject_S002,15,0.014274729381927921,,0.08819198980490739,,0.001
LSTM5_9a9012e7,LSTM5,loso_subject_S002,16,0.012622575162050663,,0.08299270308066645,,0.001
LSTM5_9a9012e7,LSTM5,loso_subject_S002,17,0.01367600102977694,,0.08605050417001753,,0.001
LSTM5_9a9012e7,LSTM5,loso_subject_S002,18,0.013185467224913143,,0.08534755627651985,,0.001
LSTM5_9a9012e7,LSTM5,loso_subject_S002,19,0.01249993278929944,,0.08256635916226075,,0.001
LSTM5_9a9012e7,LSTM5,loso_subject_S002,20,0.013263491392878057,,0.08421800227929671,,0.001
LSTM5_9a9012e7,LSTM5,loso_subject_S002,21,0.012258128386431954,,0.08074022142122667,,0.001
LSTM5_9a9012e7,LSTM5,loso_subject_S002,22,0.012899913521022792,,0.08306475743598983,,0.001
LSTM5_9a9012e7,LSTM5,loso_subject_S002,23,0.011790993908400552,,0.0799115718651349,,0.001
LSTM5_9a9012e7,LSTM5,loso_subject_S002,24,0.01189952958724598,,0.0792893168340674,,0.001
LSTM5_9a9012e7,LSTM5,loso_subject_S002,25,0.011358231533174638,,0.07785078194014212,,0.001
LSTM5_9a9012e7,LSTM5,loso_subject_S002,26,0.011976013206827682,,0.08064782787179892,,0.001
LSTM5_9a9012e7,LSTM5,loso_subject_S002,27,0.011994754870456032,,0.07979592473048537,,0.001
LSTM5_9a9012e7,LSTM5,loso_subject_S002,28,0.011581179355069174,,0.07964162732030135,,0.001
LSTM5_9a9012e7,LSTM5,loso_subject_S002,29,0.011006642664713918,,0.07722394917802262,,0.001
LSTM5_9a9012e7,LSTM5,loso_subject_S002,30,0.010638296510259963,,0.07529126685920662,,0.001
LSTM5_9a9012e7,LSTM5,loso_subject_S002,31,0.010440011479829602,,0.07442981956782123,,0.001
LSTM5_9a9012e7,LSTM5,loso_subject_S002,32,0.011365937345288912,,0.07745696902100395,,0.001
LSTM5_9a9012e7,LSTM5,loso_subject_S002,33,0.01169544131498334,,0.0783515292867267,,0.001
LSTM5_9a9012e7,LSTM5,loso_subject_S002,34,0.013592529332249973,,0.08302222936472049,,0.001
LSTM5_9a9012e7,LSTM5,loso_subject_S002,35,0.012216024323511794,,0.08092610993076461,,0.001
LSTM5_9a9012e7,LSTM5,loso_subject_S002,36,0.011175651248470211,,0.07727711040696952,,0.001
LSTM5_9a9012e7,LSTM5,loso_subject_S002,37,0.010743502271989445,,0.07518110827816889,,0.001
LSTM5_9a9012e7,LSTM5,loso_subject_S002,38,0.011558322502346,,0.07883373361434634,,0.001
LSTM5_9a9012e7,LSTM5,loso_subject_S002,39,0.011052088993235742,,0.07630981858666869,,0.001
LSTM5_9a9012e7,LSTM5,loso_subject_S002,40,0.011040186188494894,,0.07499131258109809,,0.001
LSTM5_9a9012e7,LSTM5,loso_subject_S002,41,0.01083159539957748,,0.07447908038288739,,0.001
LSTM5_9a9012e7,LSTM5,loso_subject_S002,42,0.01089414191767486,,0.07554972687996007,,0.001
LSTM5_9a9012e7,LSTM5,loso_subject_S002,43,0.010345298516840302,,0.07399944414724219,,0.001
LSTM5_9a9012e7,LSTM5,loso_subject_S002,44,0.010630613444580458,,0.07421536064528776,,0.001
LSTM5_9a9012e7,LSTM5,loso_subject_S002,45,0.010149768148063041,,0.07281670735107357,,0.001
LSTM5_9a9012e7,LSTM5,loso_subject_S002,46,0.010746793898427368,,0.07527590697633424,,0.001
LSTM5_9a9012e7,LSTM5,loso_subject_S002,47,0.010230160830378672,,0.0743103229985567,,0.001
LSTM5_9a9012e7,LSTM5,loso_subject_S002,48,0.010604009791064444,,0.07416227273861381,,0.001
LSTM5_9a9012e7,LSTM5,loso_subject_S002,49,0.009819896101235365,,0.0712407345229548,,0.001
LSTM5_9a9012e7,LSTM5,loso_subject_S002,50,0.010352268319354247,,0.07293482119564713,,0.001
LSTM5_9a9012e7,LSTM5,loso_subject_S002,51,0.01134066647006,,0.07554103030549124,,0.001
LSTM5_9a9012e7,LSTM5,loso_subject_S002,52,0.011128411877240903,,0.07526210184533319,,0.001
LSTM5_9a9012e7,LSTM5,loso_subject_S002,53,0.010519534245718616,,0.0737193064351434,,0.001
LSTM5_9a9012e7,LSTM5,loso_subject_S002,54,0.009411730718933229,,0.06981223307611095,,0.001
LSTM5_9a9012e7,LSTM5,loso_subject_S002,55,0.01023281992064813,,0.07318785873100878,,0.001
LSTM5_9a9012e7,LSTM5,loso_subject_S002,56,0.01043100143997883,,0.07254613523676136,,0.001
LSTM5_9a9012e7,LSTM5,loso_subject_S002,57,0.010187366817928282,,0.0722798287326957,,0.001
LSTM5_9a9012e7,LSTM5,loso_subject_S002,58,0.010546495943632663,,0.07372131578598044,,0.001
LSTM5_9a9012e7,LSTM5,loso_subject_S002,59,0.010395412340952391,,0.07352333025873616,,0.001
LSTM5_9a9012e7,LSTM5,loso_subject_S002,60,0.009685222629418407,,0.07169322997925569,,0.001
LSTM5_9a9012e7,LSTM5,loso_subject_S002,61,0.009984034316664494,,0.07202005506016025,,0.001
LSTM5_9a9012e7,LSTM5,loso_subject_S002,62,0.010907989584623561,,0.07506103083438918,,0.001
LSTM5_9a9012e7,LSTM5,loso_subject_S002,63,0.01034030993441764,,0.07225312278600539,,0.001
LSTM5_9a9012e7,LSTM5,loso_subject_S002,64,0.01072381561729022,,0.07430575487552186,,0.001
LSTM5_9a9012e7,LSTM5,loso_subject_S002,65,0.01024104817251807,,0.07325440091446724,,0.001
LSTM5_9a9012e7,LSTM5,loso_subject_S002,66,0.009829596691663351,,0.07057973510145722,,0.001
LSTM5_9a9012e7,LSTM5,loso_subject_S002,67,0.009909318620284446,,0.07130769146267862,,0.001
LSTM5_9a9012e7,LSTM5,loso_subject_S002,68,0.00988884289625591,,0.07161926343635266,,0.001
LSTM5_9a9012e7,LSTM5,loso_subject_S002,69,0.010497835341399886,,0.07312441942176115,,0.001
LSTM5_9a9012e7,LSTM5,loso_subject_S002,70,0.010531177635087357,,0.07437623535901972,,0.001
LSTM5_9a9012e7,LSTM5,loso_subject_S002,71,0.009708962924036025,,0.07079371084990842,,0.001
LSTM5_9a9012e7,LSTM5,loso_subject_S002,72,0.010371419977820352,,0.07300422862958238,,0.001
LSTM5_9a9012e7,LSTM5,loso_subject_S002,73,0.010413802933091994,,0.0729541137272979,,0.001
LSTM5_9a9012e7,LSTM5,loso_subject_S002,74,0.011203899986142291,,0.07480743029542433,,0.001
LSTM5_9a9012e7,LSTM5,loso_subject_S002,75,0.009387659596263979,,0.06956887722085257,,0.001
LSTM5_9a9012e7,LSTM5,loso_subject_S002,76,0.010095694543442231,,0.07136654253756455,,0.001
LSTM5_9a9012e7,LSTM5,loso_subject_S002,77,0.009401545126170165,,0.07053332752247908,,0.001
LSTM5_9a9012e7,LSTM5,loso_subject_S002,78,0.009826372930581341,,0.07024293993834455,,0.001
LSTM5_9a9012e7,LSTM5,loso_subject_S002,79,0.009999341572168668,,0.0720333712129632,,0.001
LSTM5_9a9012e7,LSTM5,loso_subject_S002,80,0.010322195251776913,,0.07346992845377358,,0.001
LSTM5_9a9012e7,LSTM5,loso_subject_S003,1,0.31605413950222216,,0.4044485751839075,,0.001
LSTM5_9a9012e7,LSTM5,loso_subject_S003,2,0.043977253347047364,,0.15876080301987383,,0.001
LSTM5_9a9012e7,LSTM5,loso_subject_S003,3,0.028005416799839783,,0.1295105947077003,,0.001
LSTM5_9a9012e7,LSTM5,loso_subject_S003,4,0.024621787632226222,,0.11969670597944347,,0.001
LSTM5_9a9012e7,LSTM5,loso_subject_S003,5,0.022815916582670667,,0.11332379964848752,,0.001
LSTM5_9a9012e7,LSTM5,loso_subject_S003,6,0.01939723311226719,,0.10646321386415426,,0.001
LSTM5_9a9012e7,LSTM5,loso_subject_S003,7,0.017809982111109405,,0.10062204084962562,,0.001
LSTM5_9a9012e7,LSTM5,loso_subject_S003,8,0.017416058220704154,,0.09956320271189911,,0.001
LSTM5_9a9012e7,LSTM5,loso_subject_S003,9,0.017086488729249543,,0.09851831653365958,,0.001
LSTM5_9a9012e7,LSTM5,loso_subject_S003,10,0.015326237304868214,,0.09358852898450469,,0.001
LSTM5_9a9012e7,LSTM5,loso_subject_S003,11,0.01454890658782176,,0.08955227322254629,,0.001
LSTM5_9a9012e7,LSTM5,loso_subject_S003,12,0.015296570134486251,,0.09183061537820399,,0.001
LSTM5_9a9012e7,LSTM5,loso_subject_S003,13,0.014432574785985787,,0.08895020098715162,,0.001
LSTM5_9a9012e7,LSTM5,loso_subject_S003,14,0.013537672022145598,,0.08601344766177248,,0.001
LSTM5_9a9012e7,LSTM5,loso_subject_S003,15,0.0138233312873427,,0.08584374095537955,,0.001
LSTM5_9a9012e7,LSTM5,loso_subject_S003,16,0.012754294034856766,,0.08461631122009888,,0.001
LSTM5_9a9012e7,LSTM5,loso_subject_S003,17,0.01342698175782318,,0.08597612585165794,,0.001
LSTM5_9a9012e7,LSTM5,loso_subject_S003,18,0.013033434654810721,,0.08371681372023135,,0.001
LSTM5_9a9012e7,LSTM5,loso_subject_S003,19,0.012324274647613487,,0.08283601851175697,,0.001
LSTM5_9a9012e7,LSTM5,loso_subject_S003,20,0.012820396669016803,,0.08389543234080936,,0.001
LSTM5_9a9012e7,LSTM5,loso_subject_S003,21,0.012131085258955206,,0.0803411144791496,,0.001
LSTM5_9a9012e7,LSTM5,loso_subject_S003,22,0.012633682934394918,,0.08211118010676866,,0.001
LSTM5_9a9012e7,LSTM5,loso_subject_S003,23,0.01187390079707676,,0.07975398922093178,,0.001
LSTM5_9a9012e7,LSTM5,loso_subject_S003,24,0.012339079696600282,,0.08053352877791627,,0.001
LSTM5_9a9012e7,LSTM5,loso_subject_S003,25,0.011360702451674637,,0.07886286831725169,,0.001
LSTM5_9a9012e7,LSTM5,loso_subject_S003,26,0.01141721680308148,,0.07868173834337812,,0.001
LSTM5_9a9012e7,LSTM5,loso_subject_S003,27,0.010988148056784693,,0.0764873418759142,,0.001
LSTM5_9a9012e7,LSTM5,loso_subject_S003,28,0.011825926369550738,,0.07942039947137124,,0.001
LSTM5_9a9012e7,LSTM5,loso_subject_S003,29,0.011108875774095833,,0.07705708994715275,,0.001
LSTM5_9a9012e7,LSTM5,loso_subject_S003,30,0.011286003692344126,,0.07749808120438108,,0.001
LSTM5_9a9012e7,LSTM5,loso_subject_S003,31,0.011364820339520531,,0.07768442824324635,,0.001
LSTM5_9a9012e7,LSTM5,loso_subject_S003,32,0.010768182873612833,,0.07569896505300482,,0.001
LSTM5_9a9012e7,LSTM5,loso_subject_S003,33,0.011126553621397485,,0.07651574872829846,,0.001
LSTM5_9a9012e7,LSTM5,loso_subject_S003,34,0.011487325332911857,,0.07772150450076608,,0.001
LSTM5_9a9012e7,LSTM5,loso_subject_S003,35,0.010894297874689509,,0.07538950536202227,,0.001
LSTM5_9a9012e7,LSTM5,loso_subject_S003,36,0.009904841340128586,,0.07231540836405138,,0.001
LSTM5_9a9012e7,LSTM5,loso_subject_S003,37,0.010395517099326497,,0.07338619453094798,,0.001
LSTM5_9a9012e7,LSTM5,loso_subject_S003,38,0.01095285158242595,,0.07461863721357673,,0.001
LSTM5_9a9012e7,LSTM5,loso_subject_S003,39,0.010535234032687767,,0.0746728244903236,,0.001
LSTM5_9a9012e7,LSTM5,loso_subject_S003,40,0.010579819118883884,,0.0744868114477586,,0.001
LSTM5_9a9012e7,LSTM5,loso_subject_S003,41,0.01181408258943574,,0.07750602769290912,,0.001
LSTM5_9a9012e7,LSTM5,loso_subject_S003,42,0.01113132671502522,,0.07558270306729221,,0.001
LSTM5_9a9012e7,LSTM5,loso_subject_S003,43,0.011452196433444892,,0.07749309098186913,,0.001
LSTM5_9a9012e7,LSTM5,loso_subject_S003,44,0.011684228185909109,,0.0782448721990238,,0.001
LSTM5_9a9012e7,LSTM5,loso_subject_S003,45,0.010087229933572738,,0.07397516716910421,,0.001
LSTM5_9a9012e7,LSTM5,loso_subject_S003,46,0.010294188514255745,,0.0724021300865685,,0.001
LSTM5_9a9012e7,LSTM5,loso_subject_S003,47,0.010739908681699105,,0.07451661858645484,,0.001
LSTM5_9a9012e7,LSTM5,loso_subject_S003,48,0.00989714050948145,,0.07148176174333859,,0.001
LSTM5_9a9012e7,LSTM5,loso_subject_S003,49,0.010357579224275168,,0.07319175785291539,,0.001
LSTM5_9a9012e7,LSTM5,loso_subject_S003,50,0.009739933024713139,,0.07023316238736889,,0.001
LSTM5_9a9012e7,LSTM5,loso_subject_S003,51,0.010200123159053746,,0.0720817841058074,,0.001
LSTM5_9a9012e7,LSTM5,loso_subject_S003,52,0.010148147081783852,,0.07351084790434208,,0.001
LSTM5_9a9012e7,LSTM5,loso_subject_S003,53,0.01101909422955853,,0.07556815927732334,,0.001
LSTM5_9a9012e7,LSTM5,loso_subject_S003,54,0.010495256336069523,,0.07425571311044765,,0.001
LSTM5_9a9012e7,LSTM5,loso_subject_S003,55,0.010563819502990505,,0.07443762691592591,,0.001
LSTM5_9a9012e7,LSTM5,loso_subject_S003,56,0.010801429579059886,,0.07500413086644073,,0.001
LSTM5_9a9012e7,LSTM5,loso_subject_S003,57,0.009855967712036033,,0.07232474556506494,,0.001
LSTM5_9a9012e7,LSTM5,loso_subject_S003,58,0.010434196962747435,,0.07249751030629972,,0.001
LSTM5_9a9012e7,LSTM5,loso_subject_S003,59,0.009958539713790276,,0.07166542537928713,,0.001
LSTM5_9a9012e7,LSTM5,loso_subject_S003,60,0.010554985617243646,,0.07315598002243476,,0.001
LSTM5_9a9012e7,LSTM5,loso_subject_S003,61,0.010352185864301118,,0.07315942917544853,,0.001
LSTM5_9a9012e7,LSTM5,loso_subject_S003,62,0.010111989624719157,,0.07108400039634864,,0.001
LSTM5_9a9012e7,LSTM5,loso_subject_S003,63,0.010858666571069153,,0.07431809955102721,,0.001
LSTM5_9a9012e7,LSTM5,loso_subject_S003,64,0.009877826704054347,,0.07161332036231464,,0.001
LSTM5_9a9012e7,LSTM5,loso_subject_S003,65,0.009824679957558606,,0.07089635900960888,,0.001
LSTM5_9a9012e7,LSTM5,loso_subject_S003,66,0.009854339357120675,,0.07092498524823934,,0.001
LSTM5_9a9012e7,LSTM5,loso_subject_S003,67,0.010591438023885076,,0.07424005624217762,,0.001
LSTM5_9a9012e7,LSTM5,loso_subject_S003,68,0.00946232729134954,,0.0706958208238771,,0.001
LSTM5_9a9012e7,LSTM5,loso_subject_S003,69,0.009583887567232068,,0.06994338775440848,,0.001
LSTM5_9a9012e7,LSTM5,loso_subject_S003,70,0.01034838075329845,,0.07261458221760794,,0.001
LSTM5_9a9012e7,LSTM5,loso_subject_S003,71,0.009617140302957461,,0.07106835347160764,,0.001
LSTM5_9a9012e7,LSTM5,loso_subject_S003,72,0.010271661295604995,,0.07245791030083874,,0.001
LSTM5_9a9012e7,LSTM5,loso_subject_S003,73,0.010438808102347239,,0.07456105453201056,,0.001
LSTM5_9a9012e7,LSTM5,loso_subject_S003,74,0.010075293953370795,,0.07170729317189348,,0.001
LSTM5_9a9012e7,LSTM5,loso_subject_S003,75,0.009983823130158807,,0.07167490222159213,,0.001
LSTM5_9a9012e7,LSTM5,loso_subject_S003,76,0.010039073726012511,,0.07146141827332593,,0.001
LSTM5_9a9012e7,LSTM5,loso_subject_S003,77,0.01030493971943991,,0.07307873820272671,,0.001
LSTM5_9a9012e7,LSTM5,loso_subject_S003,78,0.009476249722399282,,0.07046958549069707,,0.001
LSTM5_9a9012e7,LSTM5,loso_subject_S003,79,0.009907533384418632,,0.07093065549055615,,0.001
LSTM5_9a9012e7,LSTM5,loso_subject_S003,80,0.009845163854763295,,0.07063393015329682,,0.001
LSTM5_9a9012e7,LSTM5,loso_subject_S004,1,0.3224303530271979,,0.4154574833558102,,0.001
LSTM5_9a9012e7,LSTM5,loso_subject_S004,2,0.04361557367062846,,0.16102288558767724,,0.001
LSTM5_9a9012e7,LSTM5,loso_subject_S004,3,0.027448669678981484,,0.12685400321377807,,0.001
LSTM5_9a9012e7,LSTM5,loso_subject_S004,4,0.024057245059095133,,0.11791036004945746,,0.001
LSTM5_9a9012e7,LSTM5,loso_subject_S004,5,0.020284086479543585,,0.10749132597414858,,0.001
LSTM5_9a9012e7,LSTM5,loso_subject_S004,6,0.01807349027401236,,0.10249018205907158,,0.001
LSTM5_9a9012e7,LSTM5,loso_subject_S004,7,0.017599422975383264,,0.1003494590941969,,0.001
LSTM5_9a9012e7,LSTM5,loso_subject_S004,8,0.016960033756226504,,0.09745665231249702,,0.001
LSTM5_9a9012e7,LSTM5,loso_subject_S004,9,0.015628377020069525,,0.09345211349877323,,0.001
LSTM5_9a9012e7,LSTM5,loso_subject_S004,10,0.015350047737323812,,0.0930345582350549,,0.001
LSTM5_9a9012e7,LSTM5,loso_subject_S004,11,0.014744501586423346,,0.09111302304757424,,0.001
LSTM5_9a9012e7,LSTM5,loso_subject_S004,12,0.014405963148988623,,0.08936843172939588,,0.001
LSTM5_9a9012e7,LSTM5,loso_subject_S004,13,0.015094681876534165,,0.09051283431607623,,0.001
LSTM5_9a9012e7,LSTM5,loso_subject_S004,14,0.014189397108658582,,0.08898769135479721,,0.001
LSTM5_9a9012e7,LSTM5,loso_subject_S004,15,0.013704486447886787,,0.08786341852393612,,0.001
LSTM5_9a9012e7,LSTM5,loso_subject_S004,16,0.014477330625434465,,0.08843134188339716,,0.001
LSTM5_9a9012e7,LSTM5,loso_subject_S004,17,0.01404401555674933,,0.08810847948974534,,0.001
LSTM5_9a9012e7,LSTM5,loso_subject_S004,18,0.012470736407941059,,0.08206786853989187,,0.001
LSTM5_9a9012e7,LSTM5,loso_subject_S004,19,0.012790681161866478,,0.08389536140024363,,0.001
LSTM5_9a9012e7,LSTM5,loso_subject_S004,20,0.012298787751147063,,0.08331957222684924,,0.001
LSTM5_9a9012e7,LSTM5,loso_subject_S004,21,0.012190669572267606,,0.08158121346300021,,0.001
LSTM5_9a9012e7,LSTM5,loso_subject_S004,22,0.01189162640897889,,0.07975307376197166,,0.001
LSTM5_9a9012e7,LSTM5,loso_subject_S004,23,0.011866305539538562,,0.0798989101358291,,0.001
LSTM5_9a9012e7,LSTM5,loso_subject_S004,24,0.012047614438378674,,0.08148548368903023,,0.001
LSTM5_9a9012e7,LSTM5,loso_subject_S004,25,0.011665125261849105,,0.07953752845214296,,0.001
LSTM5_9a9012e7,LSTM5,loso_subject_S004,26,0.012049537770557586,,0.08130235846977146,,0.001
LSTM5_9a9012e7,LSTM5,loso_subject_S004,27,0.012355144317559338,,0.0810882536859452,,0.001
LSTM5_9a9012e7,LSTM5,loso_subject_S004,28,0.011225154757864876,,0.07794789854773782,,0.001
LSTM5_9a9012e7,LSTM5,loso_subject_S004,29,0.010991310922021564,,0.07624692116716801,,0.001
LSTM5_9a9012e7,LSTM5,loso_subject_S004,30,0.01144788164013768,,0.07893816545092432,,0.001
LSTM5_9a9012e7,LSTM5,loso_subject_S004,31,0.011674958394241593,,0.07946374430848915,,0.001
LSTM5_9a9012e7,LSTM5,loso_subject_S004,32,0.010866806926005617,,0.07676159372689761,,0.001
LSTM5_9a9012e7,LSTM5,loso_subject_S004,33,0.01078930422488226,,0.077438945761666,,0.001
LSTM5_9a9012e7,LSTM5,loso_subject_S004,34,0.012224897348714297,,0.08061278756178229,,0.001
LSTM5_9a9012e7,LSTM5,loso_subject_S004,35,0.010029413830159928,,0.07365212373683339,,0.001
LSTM5_9a9012e7,LSTM5,loso_subject_S004,36,0.011944902073508328,,0.07879947330764296,,0.001
LSTM5_9a9012e7,LSTM5,loso_subject_S004,37,0.0105912472294961,,0.07510874736895097,,0.001
LSTM5_9a9012e7,LSTM5,loso_subject_S004,38,0.012497520522500421,,0.08087704247776677,,0.001
LSTM5_9a9012e7,LSTM5,loso_subject_S004,39,0.010985419015990379,,0.07690506411591873,,0.001
LSTM5_9a9012e7,LSTM5,loso_subject_S004,40,0.011072181601955727,,0.07748105425869047,,0.001
LSTM5_9a9012e7,LSTM5,loso_subject_S004,41,0.012236560993570992,,0.081050286732432,,0.001
LSTM5_9a9012e7,LSTM5,loso_subject_S004,42,0.010110469679201496,,0.07389704739877256,,0.001
LSTM5_9a9012e7,LSTM5,loso_subject_S004,43,0.011488142254586066,,0.07765656537498346,,0.001
LSTM5_9a9012e7,LSTM5,loso_subject_S004,44,0.010201810647903214,,0.07292842925524831,,0.001
LSTM5_9a9012e7,LSTM5,loso_subject_S004,45,0.01052364766033526,,0.07449525908570027,,0.001
LSTM5_9a9012e7,LSTM5,loso_subject_S004,46,0.010421138024848632,,0.07467122054429906,,0.001
LSTM5_9a9012e7,LSTM5,loso_subject_S004,47,0.010458454769214384,,0.07446451330969255,,0.001
LSTM5_9a9012e7,LSTM5,loso_subject_S004,48,0.009957788611356742,,0.0729969643190183,,0.001
LSTM5_9a9012e7,LSTM5,loso_subject_S004,49,0.011955867718311928,,0.07948113763296397,,0.001
LSTM5_9a9012e7,LSTM5,loso_subject_S004,50,0.010206112165737668,,0.07434291168191975,,0.001
LSTM5_9a9012e7,LSTM5,loso_subject_S004,51,0.010194978996201656,,0.07418529491258573,,0.001
LSTM5_9a9012e7,LSTM5,loso_subject_S004,52,0.009884678182395848,,0.0708025897824838,,0.001
LSTM5_9a9012e7,LSTM5,loso_subject_S004,53,0.010419627664252142,,0.07383722234226726,,0.001
LSTM5_9a9012e7,LSTM5,loso_subject_S004,54,0.010590432199693653,,0.07306941885315814,,0.001
LSTM5_9a9012e7,LSTM5,loso_subject_S004,55,0.009984037875065408,,0.07168906126560658,,0.001
LSTM5_9a9012e7,LSTM5,loso_subject_S004,56,0.011118461339810436,,0.07690132928703475,,0.001
LSTM5_9a9012e7,LSTM5,loso_subject_S004,57,0.009826303922760687,,0.072309557323267,,0.001
LSTM5_9a9012e7,LSTM5,loso_subject_S004,58,0.010077112392172292,,0.0727065073933221,,0.001
LSTM5_9a9012e7,LSTM5,loso_subject_S004,59,0.010455994581935824,,0.07381087955233277,,0.001
LSTM5_9a9012e7,LSTM5,loso_subject_S004,60,0.01072864814461032,,0.0746331691987591,,0.001
LSTM5_9a9012e7,LSTM5,loso_subject_S004,61,0.01106365731061119,,0.07757909015623794,,0.001
LSTM5_9a9012e7,LSTM5,loso_subject_S004,62,0.01046991897067003,,0.07316248117342113,,0.001
LSTM5_9a9012e7,LSTM5,loso_subject_S004,63,0.010560237623264255,,0.07517083770243743,,0.001
LSTM5_9a9012e7,LSTM5,loso_subject_S004,64,0.01012210778629943,,0.07458268936689474,,0.001
LSTM5_9a9012e7,LSTM5,loso_subject_S004,65,0.009688655908603615,,0.07129355773334121,,0.001
LSTM5_9a9012e7,LSTM5,loso_subject_S004,66,0.010081533119981697,,0.07222437763393083,,0.001
LSTM5_9a9012e7,LSTM5,loso_subject_S004,67,0.011606613392072565,,0.07614204282265113,,0.001
LSTM5_9a9012e7,LSTM5,loso_subject_S004,68,0.009951975851020622,,0.07145603992481389,,0.001
LSTM5_9a9012e7,LSTM5,loso_subject_S004,69,0.010353599964238841,,0.07363697259407517,,0.001
LSTM5_9a9012e7,LSTM5,loso_subject_S004,70,0.01078006579102836,,0.07391121943939388,,0.001
LSTM5_9a9012e7,LSTM5,loso_subject_S004,71,0.009950824742349923,,0.07173706181643463,,0.001
LSTM5_9a9012e7,LSTM5,loso_subject_S004,72,0.00937557196332877,,0.06878412169921669,,0.001
LSTM5_9a9012e7,LSTM5,loso_subject_S004,73,0.009267479198561773,,0.0686422631962618,,0.001
LSTM5_9a9012e7,LSTM5,loso_subject_S004,74,0.008879677313858353,,0.06867346830374359,,0.001
LSTM5_9a9012e7,LSTM5,loso_subject_S004,75,0.009952072773544375,,0.07145825315300844,,0.001
LSTM5_9a9012e7,LSTM5,loso_subject_S004,76,0.009641642675605928,,0.07153495201116665,,0.001
LSTM5_9a9012e7,LSTM5,loso_subject_S004,77,0.010118116985174147,,0.07205141697836723,,0.001
LSTM5_9a9012e7,LSTM5,loso_subject_S004,78,0.01074055476102639,,0.07471309022137372,,0.001
LSTM5_9a9012e7,LSTM5,loso_subject_S004,79,0.010913640600929357,,0.07519176942761027,,0.001
LSTM5_9a9012e7,LSTM5,loso_subject_S004,80,0.009222579264792911,,0.06867419665337732,,0.001
LSTM5_9a9012e7,LSTM5,loso_subject_S005,1,0.3231226175270809,,0.40812382944291137,,0.001
LSTM5_9a9012e7,LSTM5,loso_subject_S005,2,0.04838864427783442,,0.16671609556861333,,0.001
LSTM5_9a9012e7,LSTM5,loso_subject_S005,3,0.030701200982361978,,0.13341957387154316,,0.001
LSTM5_9a9012e7,LSTM5,loso_subject_S005,4,0.025234205816310713,,0.11966804218306573,,0.001
LSTM5_9a9012e7,LSTM5,loso_subject_S005,5,0.021656873247849963,,0.11038510429253438,,0.001
LSTM5_9a9012e7,LSTM5,loso_subject_S005,6,0.01986691411091793,,0.1058271352786367,,0.001
LSTM5_9a9012e7,LSTM5,loso_subject_S005,7,0.017927054697742896,,0.10079167921698674,,0.001
LSTM5_9a9012e7,LSTM5,loso_subject_S005,8,0.016012739531261262,,0.09499008002871859,,0.001
LSTM5_9a9012e7,LSTM5,loso_subject_S005,9,0.016250740912570984,,0.09472170745885594,,0.001
LSTM5_9a9012e7,LSTM5,loso_subject_S005,10,0.015927135868202973,,0.09314107333527799,,0.001
LSTM5_9a9012e7,LSTM5,loso_subject_S005,11,0.01414773138200778,,0.08888004947357413,,0.001
LSTM5_9a9012e7,LSTM5,loso_subject_S005,12,0.014360004851187989,,0.0895692348990968,,0.001
LSTM5_9a9012e7,LSTM5,loso_subject_S005,13,0.014224278477372818,,0.08807797440099774,,0.001
LSTM5_9a9012e7,LSTM5,loso_subject_S005,14,0.013796412001822593,,0.08804005354427819,,0.001
LSTM5_9a9012e7,LSTM5,loso_subject_S005,15,0.013447696610756546,,0.08659220928179523,,0.001
LSTM5_9a9012e7,LSTM5,loso_subject_S005,16,0.012946037150543101,,0.08409049436315598,,0.001
LSTM5_9a9012e7,LSTM5,loso_subject_S005,17,0.012895267320683723,,0.0817858701413895,,0.001
LSTM5_9a9012e7,LSTM5,loso_subject_S005,18,0.01298566963366819,,0.0851615518689944,,0.001
LSTM5_9a9012e7,LSTM5,loso_subject_S005,19,0.012864763164692303,,0.08401928446465634,,0.001
LSTM5_9a9012e7,LSTM5,loso_subject_S005,20,0.013235549804246611,,0.08399839443000626,,0.001
LSTM5_9a9012e7,LSTM5,loso_subject_S005,21,0.01231702416575213,,0.08197703647527506,,0.001
LSTM5_9a9012e7,LSTM5,loso_subject_S005,22,0.012207806230227559,,0.08062898037900282,,0.001
LSTM5_9a9012e7,LSTM5,loso_subject_S005,23,0.011817884058548755,,0.07931401082373353,,0.001
LSTM5_9a9012e7,LSTM5,loso_subject_S005,24,0.012424043012907258,,0.08133847271811868,,0.001
LSTM5_9a9012e7,LSTM5,loso_subject_S005,25,0.012183770899152941,,0.08013321473630021,,0.001
LSTM5_9a9012e7,LSTM5,loso_subject_S005,26,0.01188680405268738,,0.08068399886660596,,0.001
LSTM5_9a9012e7,LSTM5,loso_subject_S005,27,0.011753502139464352,,0.07909200150996751,,0.001
LSTM5_9a9012e7,LSTM5,loso_subject_S005,28,0.011375863419233032,,0.07840943213281185,,0.001
LSTM5_9a9012e7,LSTM5,loso_subject_S005,29,0.010673144676006314,,0.07505719867264443,,0.001
LSTM5_9a9012e7,LSTM5,loso_subject_S005,30,0.012268267907941478,,0.07907004108718556,,0.001
LSTM5_9a9012e7,LSTM5,loso_subject_S005,31,0.010514928630575028,,0.07471597598786105,,0.001
LSTM5_9a9012e7,LSTM5,loso_subject_S005,32,0.010978791485268957,,0.07613835179583538,,0.001
LSTM5_9a9012e7,LSTM5,loso_subject_S005,33,0.010829934670566903,,0.07594514092048535,,0.001
LSTM5_9a9012e7,LSTM5,loso_subject_S005,34,0.011282493771959412,,0.07660908995266787,,0.001
LSTM5_9a9012e7,LSTM5,loso_subject_S005,35,0.010590594175360735,,0.0745719154502567,,0.001
LSTM5_9a9012e7,LSTM5,loso_subject_S005,36,0.011260205711239766,,0.07657880691774481,,0.001
LSTM5_9a9012e7,LSTM5,loso_subject_S005,37,0.010871753929338574,,0.07666534431820811,,0.001
LSTM5_9a9012e7,LSTM5,loso_subject_S005,38,0.010932183764556841,,0.07565492096340806,,0.001
LSTM5_9a9012e7,LSTM5,loso_subject_S005,39,0.010538805837301124,,0.07412925457119296,,0.001
LSTM5_9a9012e7,LSTM5,loso_subject_S005,40,0.00984531917099091,,0.0728420643107904,,0.001
LSTM5_9a9012e7,LSTM5,loso_subject_S005,41,0.010227276640090145,,0.07323839487670347,,0.001
LSTM5_9a9012e7,LSTM5,loso_subject_S005,42,0.011151891849684164,,0.07583907504649458,,0.001
LSTM5_9a9012e7,LSTM5,loso_subject_S005,43,0.009951063556685121,,0.07288961762128934,,0.001
LSTM5_9a9012e7,LSTM5,loso_subject_S005,44,0.010589214616975401,,0.07371202133197205,,0.001
LSTM5_9a9012e7,LSTM5,loso_subject_S005,45,0.009885705068317688,,0.07163868104379291,,0.001
LSTM5_9a9012e7,LSTM5,loso_subject_S005,46,0.01068758771553752,,0.07429831728599047,,0.001
LSTM5_9a9012e7,LSTM5,loso_subject_S005,47,0.011030616501925296,,0.07556078406482021,,0.001
LSTM5_9a9012e7,LSTM5,loso_subject_S005,48,0.010013431530183721,,0.07223516563317608,,0.001
LSTM5_9a9012e7,LSTM5,loso_subject_S005,49,0.01042584654770375,,0.07363769438473919,,0.001
LSTM5_9a9012e7,LSTM5,loso_subject_S005,50,0.009850980574237122,,0.07233983695829624,,0.001
LSTM5_9a9012e7,LSTM5,loso_subject_S005,51,0.010116460280614987,,0.07308718638737662,,0.001
LSTM5_9a9012e7,LSTM5,loso_subject_S005,52,0.010147354513478438,,0.07350513156698328,,0.001
LSTM5_9a9012e7,LSTM5,loso_subject_S005,53,0.010474451457475656,,0.07501738515340343,,0.001
LSTM5_9a9012e7,LSTM5,loso_subject_S005,54,0.01059803000040312,,0.07349566410570638,,0.001
LSTM5_9a9012e7,LSTM5,loso_subject_S005,55,0.010478659319594475,,0.07330428334921867,,0.001
LSTM5_9a9012e7,LSTM5,loso_subject_S005,56,0.01032011157379979,,0.07365491924447892,,0.001
LSTM5_9a9012e7,LSTM5,loso_subject_S005,57,0.010219642059161801,,0.07216862092266152,,0.001
LSTM5_9a9012e7,LSTM5,loso_subject_S005,58,0.009840428055237735,,0.07132771106742622,,0.001
LSTM5_9a9012e7,LSTM5,loso_subject_S005,59,0.010780125881040662,,0.07292706092849813,,0.001
LSTM5_9a9012e7,LSTM5,loso_subject_S005,60,0.009822769383986671,,0.07073728056984069,,0.001
LSTM5_9a9012e7,LSTM5,loso_subject_S005,61,0.009872213433039113,,0.07136374083865642,,0.001
LSTM5_9a9012e7,LSTM5,loso_subject_S005,62,0.010874806775056808,,0.07523207490568196,,0.001
LSTM5_9a9012e7,LSTM5,loso_subject_S005,63,0.009669761532403516,,0.06945690082109483,,0.001
LSTM5_9a9012e7,LSTM5,loso_subject_S005,64,0.01001492935449548,,0.07165759432247727,,0.001
LSTM5_9a9012e7,LSTM5,loso_subject_S005,65,0.009057602247585034,,0.06934550685681497,,0.001
LSTM5_9a9012e7,LSTM5,loso_subject_S005,66,0.009790970503128013,,0.07124094913701874,,0.001
LSTM5_9a9012e7,LSTM5,loso_subject_S005,67,0.0100399526664948,,0.0721195867342255,,0.001
LSTM5_9a9012e7,LSTM5,loso_subject_S005,68,0.00957699502262181,,0.07115076334897252,,0.001
LSTM5_9a9012e7,LSTM5,loso_subject_S005,69,0.00900299619951622,,0.06845983835995663,,0.001
LSTM5_9a9012e7,LSTM5,loso_subject_S005,70,0.01025567758969528,,0.0715997780656965,,0.001
LSTM5_9a9012e7,LSTM5,loso_subject_S005,71,0.010310822331150002,,0.0723554707046596,,0.001
LSTM5_9a9012e7,LSTM5,loso_subject_S005,72,0.010008134066014675,,0.07239557780724151,,0.001
LSTM5_9a9012e7,LSTM5,loso_subject_S005,73,0.009156457607153303,,0.06917434655716817,,0.001
LSTM5_9a9012e7,LSTM5,loso_subject_S005,74,0.00925401788063782,,0.06937628828540167,,0.001
LSTM5_9a9012e7,LSTM5,loso_subject_S005,75,0.010054118548796002,,0.07183917907530904,,0.001
LSTM5_9a9012e7,LSTM5,loso_subject_S005,76,0.010734982922968919,,0.07367523950012204,,0.001
LSTM5_9a9012e7,LSTM5,loso_subject_S005,77,0.011113918300155803,,0.07524225830592739,,0.001
LSTM5_9a9012e7,LSTM5,loso_subject_S005,78,0.009594540827153268,,0.06997790447897174,,0.001
LSTM5_9a9012e7,LSTM5,loso_subject_S005,79,0.009550550777825762,,0.07083869967396834,,0.001
LSTM5_9a9012e7,LSTM5,loso_subject_S005,80,0.010112910352253047,,0.07076344251973186,,0.001
LSTM5_9a9012e7,LSTM5,loso_subject_S006,1,0.30371922104441984,,0.4004697237030076,,0.001
LSTM5_9a9012e7,LSTM5,loso_subject_S006,2,0.04256081097762839,,0.1582409246064568,,0.001
LSTM5_9a9012e7,LSTM5,loso_subject_S006,3,0.027594701000816766,,0.12600528992992954,,0.001
LSTM5_9a9012e7,LSTM5,loso_subject_S006,4,0.02526808299313386,,0.12002195126119146,,0.001
LSTM5_9a9012e7,LSTM5,loso_subject_S006,5,0.022644059337960376,,0.11397803704158398,,0.001
LSTM5_9a9012e7,LSTM5,loso_subject_S006,6,0.02057121330744451,,0.1074706385369234,,0.001
LSTM5_9a9012e7,LSTM5,loso_subject_S006,7,0.018446919213418435,,0.10071922150808206,,0.001
LSTM5_9a9012e7,LSTM5,loso_subject_S006,8,0.016203265794236806,,0.09580503463058107,,0.001
LSTM5_9a9012e7,LSTM5,loso_subject_S006,9,0.016661107282501843,,0.09834808098798525,,0.001
LSTM5_9a9012e7,LSTM5,loso_subject_S006,10,0.016489867039996643,,0.09492363023504002,,0.001
LSTM5_9a9012e7,LSTM5,loso_subject_S006,11,0.015733073413076365,,0.09402328616142412,,0.001
LSTM5_9a9012e7,LSTM5,loso_subject_S006,12,0.014929999313652863,,0.09237727892661464,,0.001
LSTM5_9a9012e7,LSTM5,loso_subject_S006,13,0.014517072788220923,,0.090155343922697,,0.001
LSTM5_9a9012e7,LSTM5,loso_subject_S006,14,0.013601036129781864,,0.08712857518141841,,0.001
LSTM5_9a9012e7,LSTM5,loso_subject_S006,15,0.01315502745246388,,0.08606224494266343,,0.001
LSTM5_9a9012e7,LSTM5,loso_subject_S006,16,0.013141218853855155,,0.0853680895387622,,0.001
LSTM5_9a9012e7,LSTM5,loso_subject_S006,17,0.012657480109194938,,0.0842016116415129,,0.001
LSTM5_9a9012e7,LSTM5,loso_subject_S006,18,0.012649069192077663,,0.08215894680964832,,0.001
LSTM5_9a9012e7,LSTM5,loso_subject_S006,19,0.011780806351588947,,0.07952367638729389,,0.001
LSTM5_9a9012e7,LSTM5,loso_subject_S006,20,0.01142701375762097,,0.07830150982434039,,0.001
LSTM5_9a9012e7,LSTM5,loso_subject_S006,21,0.011549623361059014,,0.07959355037145237,,0.001
LSTM5_9a9012e7,LSTM5,loso_subject_S006,22,0.012130981671420337,,0.08111309632876366,,0.001
LSTM5_9a9012e7,LSTM5,loso_subject_S006,23,0.011283503010758148,,0.07892036463425046,,0.001
LSTM5_9a9012e7,LSTM5,loso_subject_S006,24,0.01135462067838131,,0.07805310278317829,,0.001
LSTM5_9a9012e7,LSTM5,loso_subject_S006,25,0.01230677698586959,,0.08058414086895153,,0.001
LSTM5_9a9012e7,LSTM5,loso_subject_S006,26,0.011301702297169543,,0.0785620577213783,,0.001
LSTM5_9a9012e7,LSTM5,loso_subject_S006,27,0.011253881981302305,,0.0774554037207725,,0.001
LSTM5_9a9012e7,LSTM5,loso_subject_S006,28,0.011418414951949172,,0.07800157142513377,,0.001
LSTM5_9a9012e7,LSTM5,loso_subject_S006,29,0.011102029388193786,,0.07718135683050231,,0.001
LSTM5_9a9012e7,LSTM5,loso_subject_S006,30,0.011155696844218474,,0.07837785006456484,,0.001
LSTM5_9a9012e7,LSTM5,loso_subject_S006,31,0.010995550233863135,,0.07655192475286558,,0.001
LSTM5_9a9012e7,LSTM5,loso_subject_S006,32,0.011282920633310352,,0.07810390552140062,,0.001
LSTM5_9a9012e7,LSTM5,loso_subject_S006,33,0.011562492301660966,,0.07794527609693715,,0.001
LSTM5_9a9012e7,LSTM5,loso_subject_S006,34,0.011114473711467707,,0.07588765709540014,,0.001
LSTM5_9a9012e7,LSTM5,loso_subject_S006,35,0.011945471311053835,,0.07766289992063916,,0.001
LSTM5_9a9012e7,LSTM5,loso_subject_S006,36,0.010304631794706913,,0.07434641642141071,,0.001
LSTM5_9a9012e7,LSTM5,loso_subject_S006,37,0.011677772324148544,,0.07940669445392165,,0.001
LSTM5_9a9012e7,LSTM5,loso_subject_S006,38,0.010649766873265012,,0.07570467241432356,,0.001
LSTM5_9a9012e7,LSTM5,loso_subject_S006,39,0.011361508591897919,,0.07844103966044169,,0.001
LSTM5_9a9012e7,LSTM5,loso_subject_S006,40,0.011992642038801007,,0.08032042828182247,,0.001
LSTM5_9a9012e7,LSTM5,loso_subject_S006,41,0.010364129402608696,,0.07476906938658257,,0.001
LSTM5_9a9012e7,LSTM5,loso_subject_S006,42,0.010441543617828493,,0.07485921071531963,,0.001
LSTM5_9a9012e7,LSTM5,loso_subject_S006,43,0.010553324257023905,,0.07479530524844014,,0.001
LSTM5_9a9012e7,LSTM5,loso_subject_S006,44,0.010359135393878357,,0.07311648772206013,,0.001
LSTM5_9a9012e7,LSTM5,loso_subject_S006,45,0.010060669000955966,,0.07270821021733355,,0.001
LSTM5_9a9012e7,LSTM5,loso_subject_S006,46,0.010670031991311403,,0.07499372209948146,,0.001
LSTM5_9a9012e7,LSTM5,loso_subject_S006,47,0.010807362887850735,,0.07597029303492142,,0.001
LSTM5_9a9012e7,LSTM5,loso_subject_S006,48,0.010306645800292422,,0.07439310963721883,,0.001
LSTM5_9a9012e7,LSTM5,loso_subject_S006,49,0.01028837948882105,,0.07325701300964642,,0.001
LSTM5_9a9012e7,LSTM5,loso_subject_S006,50,0.010549571706448973,,0.07395939306098656,,0.001
LSTM5_9a9012e7,LSTM5,loso_subject_S006,51,0.010358518205837464,,0.0739831145899547,,0.001
LSTM5_9a9012e7,LSTM5,loso_subject_S006,52,0.009786596394007847,,0.07343825060023071,,0.001
LSTM5_9a9012e7,LSTM5,loso_subject_S006,53,0.009734287445205431,,0.07136824250716943,,0.001
LSTM5_9a9012e7,LSTM5,loso_subject_S006,54,0.010718602550696763,,0.07360329606706455,,0.001
LSTM5_9a9012e7,LSTM5,loso_subject_S006,55,0.01036866151311671,,0.07392557639316667,,0.001
LSTM5_9a9012e7,LSTM5,loso_subject_S006,56,0.00987458070655858,,0.07125546658416514,,0.001
LSTM5_9a9012e7,LSTM5,loso_subject_S006,57,0.010498602726739439,,0.07318367514903878,,0.001
LSTM5_9a9012e7,LSTM5,loso_subject_S006,58,0.01021828057517811,,0.07229275194651398,,0.001
LSTM5_9a9012e7,LSTM5,loso_subject_S006,59,0.009997419918921831,,0.0729906954999599,,0.001
LSTM5_9a9012e7,LSTM5,loso_subject_S006,60,0.009373317363117296,,0.06969337002951723,,0.001
LSTM5_9a9012e7,LSTM5,loso_subject_S006,61,0.00978066396079077,,0.07246957164717584,,0.001
LSTM5_9a9012e7,LSTM5,loso_subject_S006,62,0.009584481495280099,,0.07097854166962086,,0.001
LSTM5_9a9012e7,LSTM5,loso_subject_S006,63,0.010978486340548403,,0.07448653862215111,,0.001
LSTM5_9a9012e7,LSTM5,loso_subject_S006,64,0.010263966017617128,,0.07251439878604556,,0.001
LSTM5_9a9012e7,LSTM5,loso_subject_S006,65,0.0095813379725993,,0.07117601874525498,,0.001
LSTM5_9a9012e7,LSTM5,loso_subject_S006,66,0.010558009864140095,,0.0733345368301465,,0.001
LSTM5_9a9012e7,LSTM5,loso_subject_S006,67,0.00983712315365894,,0.0721335203968682,,0.001
LSTM5_9a9012e7,LSTM5,loso_subject_S006,68,0.010219387244840806,,0.07368782290284961,,0.001
LSTM5_9a9012e7,LSTM5,loso_subject_S006,69,0.009924822568465138,,0.07217357276800529,,0.001
LSTM5_9a9012e7,LSTM5,loso_subject_S006,70,0.01012929510390416,,0.07243887580950753,,0.001
LSTM5_9a9012e7,LSTM5,loso_subject_S006,71,0.01022505714183851,,0.07155946583242781,,0.001
LSTM5_9a9012e7,LSTM5,loso_subject_S006,72,0.010124699799205345,,0.0735014501947128,,0.001
LSTM5_9a9012e7,LSTM5,loso_subject_S006,73,0.009473391236785743,,0.07131814379228738,,0.001
LSTM5_9a9012e7,LSTM5,loso_subject_S006,74,0.009479465141896782,,0.0698278240874727,,0.001
LSTM5_9a9012e7,LSTM5,loso_subject_S006,75,0.00942071142701825,,0.06972622856506461,,0.001
LSTM5_9a9012e7,LSTM5,loso_subject_S006,76,0.009616058239230122,,0.07007362755618257,,0.001
LSTM5_9a9012e7,LSTM5,loso_subject_S006,77,0.010009021394450444,,0.07192333165457272,,0.001
LSTM5_9a9012e7,LSTM5,loso_subject_S006,78,0.009665959494567262,,0.07087128682250632,,0.001
LSTM5_9a9012e7,LSTM5,loso_subject_S006,79,0.010033069157536484,,0.07203550451536515,,0.001
LSTM5_9a9012e7,LSTM5,loso_subject_S006,80,0.010127888036104257,,0.07292944024177553,,0.001
LSTM5_9a9012e7,LSTM5,loso_subject_S007,1,0.32122537147733454,,0.41055830782418457,,0.001
LSTM5_9a9012e7,LSTM5,loso_subject_S007,2,0.045056879207613636,,0.16104955397279674,,0.001
LSTM5_9a9012e7,LSTM5,loso_subject_S007,3,0.029305636987749305,,0.1291907205568901,,0.001
LSTM5_9a9012e7,LSTM5,loso_subject_S007,4,0.023887987377971754,,0.11787304930256669,,0.001
LSTM5_9a9012e7,LSTM5,loso_subject_S007,5,0.02264528399688672,,0.11284631736330934,,0.001
LSTM5_9a9012e7,LSTM5,loso_subject_S007,6,0.02002649498795348,,0.10660501379938521,,0.001
LSTM5_9a9012e7,LSTM5,loso_subject_S007,7,0.017243310182480518,,0.09966776606401916,,0.001
LSTM5_9a9012e7,LSTM5,loso_subject_S007,8,0.016729946264240837,,0.09737348512432278,,0.001
LSTM5_9a9012e7,LSTM5,loso_subject_S007,9,0.01747238029148267,,0.09849981414865326,,0.001
LSTM5_9a9012e7,LSTM5,loso_subject_S007,10,0.015110517267077935,,0.09201412058676019,,0.001
LSTM5_9a9012e7,LSTM5,loso_subject_S007,11,0.015307740220827858,,0.09109931412289667,,0.001
LSTM5_9a9012e7,LSTM5,loso_subject_S007,12,0.01438490560167556,,0.08913666591002055,,0.001
LSTM5_9a9012e7,LSTM5,loso_subject_S007,13,0.014257179246205079,,0.0883014886693808,,0.001
LSTM5_9a9012e7,LSTM5,loso_subject_S007,14,0.012797824649004306,,0.08392781113051602,,0.001
LSTM5_9a9012e7,LSTM5,loso_subject_S007,15,0.013036650863456942,,0.08578408097601098,,0.001
LSTM5_9a9012e7,LSTM5,loso_subject_S007,16,0.014468202886488379,,0.08757551052631476,,0.001
LSTM5_9a9012e7,LSTM5,loso_subject_S007,17,0.012411118751125676,,0.08205135601209768,,0.001
LSTM5_9a9012e7,LSTM5,loso_subject_S007,18,0.013390124777306231,,0.08595843554366035,,0.001
LSTM5_9a9012e7,LSTM5,loso_subject_S007,19,0.012131647434884409,,0.0818879797920337,,0.001
LSTM5_9a9012e7,LSTM5,loso_subject_S007,20,0.012958472695387427,,0.08301705606943051,,0.001
LSTM5_9a9012e7,LSTM5,loso_subject_S007,21,0.012083083908678478,,0.08150675718164269,,0.001
LSTM5_9a9012e7,LSTM5,loso_subject_S007,22,0.011930908010598134,,0.080958057057441,,0.001
LSTM5_9a9012e7,LSTM5,loso_subject_S007,23,0.011957062693445548,,0.08015599424976233,,0.001
LSTM5_9a9012e7,LSTM5,loso_subject_S007,24,0.012653737897082226,,0.08133918581654838,,0.001
LSTM5_9a9012e7,LSTM5,loso_subject_S007,25,0.011912978116226602,,0.08054110964575967,,0.001
LSTM5_9a9012e7,LSTM5,loso_subject_S007,26,0.011445920047906292,,0.07907533928411851,,0.001
LSTM5_9a9012e7,LSTM5,loso_subject_S007,27,0.01145722297833491,,0.07758539489757245,,0.001
LSTM5_9a9012e7,LSTM5,loso_subject_S007,28,0.011429351606876262,,0.07748745636692783,,0.001
LSTM5_9a9012e7,LSTM5,loso_subject_S007,29,0.012161464376071199,,0.07975640637701953,,0.001
LSTM5_9a9012e7,LSTM5,loso_subject_S007,30,0.01108329128773154,,0.07789478666826381,,0.001
LSTM5_9a9012e7,LSTM5,loso_subject_S007,31,0.011123139923976387,,0.07764905395768804,,0.001
LSTM5_9a9012e7,LSTM5,loso_subject_S007,32,0.010606518244619065,,0.07373509096088258,,0.001
LSTM5_9a9012e7,LSTM5,loso_subject_S007,33,0.011098182409588183,,0.07558553847889726,,0.001
LSTM5_9a9012e7,LSTM5,loso_subject_S007,34,0.010660933960721455,,0.07454738014703839,,0.001
LSTM5_9a9012e7,LSTM5,loso_subject_S007,35,0.011104593174172542,,0.07666649320917285,,0.001
LSTM5_9a9012e7,LSTM5,loso_subject_S007,36,0.010647985765122131,,0.07395732277365563,,0.001
LSTM5_9a9012e7,LSTM5,loso_subject_S007,37,0.01075523722786682,,0.07479859622146554,,0.001
LSTM5_9a9012e7,LSTM5,loso_subject_S007,38,0.011317852487885749,,0.07724332996919882,,0.001
LSTM5_9a9012e7,LSTM5,loso_subject_S007,39,0.01094631912584568,,0.07487021017243373,,0.001
LSTM5_9a9012e7,LSTM5,loso_subject_S007,40,0.011255169769648802,,0.07706080383399938,,0.001
LSTM5_9a9012e7,LSTM5,loso_subject_S007,41,0.011710239939468238,,0.07871049151945597,,0.001
LSTM5_9a9012e7,LSTM5,loso_subject_S007,42,0.010349551137304786,,0.07449403771105603,,0.001
LSTM5_9a9012e7,LSTM5,loso_subject_S007,43,0.010467167095580078,,0.07402088241397109,,0.001
LSTM5_9a9012e7,LSTM5,loso_subject_S007,44,0.01071640387493419,,0.07377357548325791,,0.001
LSTM5_9a9012e7,LSTM5,loso_subject_S007,45,0.01114763785219232,,0.07490753746680993,,0.001
LSTM5_9a9012e7,LSTM5,loso_subject_S007,46,0.010016213036432261,,0.07273269640153211,,0.001
LSTM5_9a9012e7,LSTM5,loso_subject_S007,47,0.010115633851977914,,0.07273483075039862,,0.001
LSTM5_9a9012e7,LSTM5,loso_subject_S007,48,0.010443157327478705,,0.07315355741698898,,0.001
LSTM5_9a9012e7,LSTM5,loso_subject_S007,49,0.011314720283562901,,0.07527967419598129,,0.001
LSTM5_9a9012e7,LSTM5,loso_subject_S007,50,0.00982563254924921,,0.0710846015973036,,0.001
LSTM5_9a9012e7,LSTM5,loso_subject_S007,51,0.00986625023121127,,0.0704770983105211,,0.001
LSTM5_9a9012e7,LSTM5,loso_subject_S007,52,0.010468571626067699,,0.07338266364997056,,0.001
LSTM5_9a9012e7,LSTM5,loso_subject_S007,53,0.01065141758174292,,0.07493428452001823,,0.001
LSTM5_9a9012e7,LSTM5,loso_subject_S007,54,0.009671586653058648,,0.07148204969751831,,0.001
LSTM5_9a9012e7,LSTM5,loso_subject_S007,55,0.010363612000437632,,0.0723019225198002,,0.001
LSTM5_9a9012e7,LSTM5,loso_subject_S007,56,0.010498300846587372,,0.07269111694282597,,0.001
LSTM5_9a9012e7,LSTM5,loso_subject_S007,57,0.009814896485139767,,0.07159486463386329,,0.001
LSTM5_9a9012e7,LSTM5,loso_subject_S007,58,0.01108576025877848,,0.07493831225476422,,0.001
LSTM5_9a9012e7,LSTM5,loso_subject_S007,59,0.010205833396432717,,0.07169368417834389,,0.001
LSTM5_9a9012e7,LSTM5,loso_subject_S007,60,0.010322702209897934,,0.07275976850495065,,0.001
LSTM5_9a9012e7,LSTM5,loso_subject_S007,61,0.010247964819772004,,0.07296120462727634,,0.001
LSTM5_9a9012e7,LSTM5,loso_subject_S007,62,0.010744672745180721,,0.07403090997804014,,0.001
LSTM5_9a9012e7,LSTM5,loso_subject_S007,63,0.010520724494143518,,0.07362325365239716,,0.001
LSTM5_9a9012e7,LSTM5,loso_subject_S007,64,0.009969097479866126,,0.07153770723609765,,0.001
LSTM5_9a9012e7,LSTM5,loso_subject_S007,65,0.01025357393106505,,0.07239342972144976,,0.001
LSTM5_9a9012e7,LSTM5,loso_subject_S007,66,0.009770989604609202,,0.0708020781044827,,0.001
LSTM5_9a9012e7,LSTM5,loso_subject_S007,67,0.010018355201821691,,0.07086553062459522,,0.001
LSTM5_9a9012e7,LSTM5,loso_subject_S007,68,0.00992130182544911,,0.07143846220972169,,0.001
LSTM5_9a9012e7,LSTM5,loso_subject_S007,69,0.010009164934010615,,0.07132501341350048,,0.001
LSTM5_9a9012e7,LSTM5,loso_subject_S007,70,0.009727901195234465,,0.07063058205526222,,0.001
LSTM5_9a9012e7,LSTM5,loso_subject_S007,71,0.010199934799433024,,0.07172326716521184,,0.001
LSTM5_9a9012e7,LSTM5,loso_subject_S007,72,0.00985034493790878,,0.07137296025090971,,0.001
LSTM5_9a9012e7,LSTM5,loso_subject_S007,73,0.009508182286794217,,0.0707413959512411,,0.001
LSTM5_9a9012e7,LSTM5,loso_subject_S007,74,0.009633082470303691,,0.06999442267876405,,0.001
LSTM5_9a9012e7,LSTM5,loso_subject_S007,75,0.009748774088360737,,0.07140441057496623,,0.001
LSTM5_9a9012e7,LSTM5,loso_subject_S007,76,0.010076117289569319,,0.07162776046502621,,0.001
LSTM5_9a9012e7,LSTM5,loso_subject_S007,77,0.009932150098708532,,0.07126339726311685,,0.001
LSTM5_9a9012e7,LSTM5,loso_subject_S007,78,0.0100245326111882,,0.07175160232153567,,0.001
LSTM5_9a9012e7,LSTM5,loso_subject_S007,79,0.01026700033574549,,0.07167083968844808,,0.001
LSTM5_9a9012e7,LSTM5,loso_subject_S007,80,0.010139029660957838,,0.07175750100434616,,0.001
LSTM5_9a9012e7,LSTM5,loso_subject_S008,1,0.29465479954789436,,0.39538817730230363,,0.001
LSTM5_9a9012e7,LSTM5,loso_subject_S008,2,0.03984819644175997,,0.15438564774793376,,0.001
LSTM5_9a9012e7,LSTM5,loso_subject_S008,3,0.03071412714083792,,0.13369410481105568,,0.001
LSTM5_9a9012e7,LSTM5,loso_subject_S008,4,0.024260089775757738,,0.11878419279476717,,0.001
LSTM5_9a9012e7,LSTM5,loso_subject_S008,5,0.021621076335652033,,0.11294024417611714,,0.001
LSTM5_9a9012e7,LSTM5,loso_subject_S008,6,0.02092723653370034,,0.10876982816919518,,0.001
LSTM5_9a9012e7,LSTM5,loso_subject_S008,7,0.01994802188749478,,0.10652050958382867,,0.001
LSTM5_9a9012e7,LSTM5,loso_subject_S008,8,0.01660338857452586,,0.09850623799545713,,0.001
LSTM5_9a9012e7,LSTM5,loso_subject_S008,9,0.017011480510557443,,0.0977416390900796,,0.001
LSTM5_9a9012e7,LSTM5,loso_subject_S008,10,0.016207387075787262,,0.09483807328641589,,0.001
LSTM5_9a9012e7,LSTM5,loso_subject_S008,11,0.01651794866333411,,0.09530416576136198,,0.001
LSTM5_9a9012e7,LSTM5,loso_subject_S008,12,0.015691717698594645,,0.0937612602425082,,0.001
LSTM5_9a9012e7,LSTM5,loso_subject_S008,13,0.014642114102275854,,0.09040185918125791,,0.001
LSTM5_9a9012e7,LSTM5,loso_subject_S008,14,0.012950644484514587,,0.08487126232065466,,0.001
LSTM5_9a9012e7,LSTM5,loso_subject_S008,15,0.014602089773769823,,0.08931879455963725,,0.001
LSTM5_9a9012e7,LSTM5,loso_subject_S008,16,0.012925690251433619,,0.08492883045450855,,0.001
LSTM5_9a9012e7,LSTM5,loso_subject_S008,17,0.013920944035837983,,0.08774208949716417,,0.001
LSTM5_9a9012e7,LSTM5,loso_subject_S008,18,0.013129858663572667,,0.08567468542987104,,0.001
LSTM5_9a9012e7,LSTM5,loso_subject_S008,19,0.01160362650977634,,0.08071169151661339,,0.001
LSTM5_9a9012e7,LSTM5,loso_subject_S008,20,0.012616350730764475,,0.0821361548549045,,0.001
LSTM5_9a9012e7,LSTM5,loso_subject_S008,21,0.012816378351948357,,0.08297258131140642,,0.001
LSTM5_9a9012e7,LSTM5,loso_subject_S008,22,0.011559512337038676,,0.0797158816339957,,0.001
LSTM5_9a9012e7,LSTM5,loso_subject_S008,23,0.012869823759453313,,0.08279391446174272,,0.001
LSTM5_9a9012e7,LSTM5,loso_subject_S008,24,0.012485648153895799,,0.08213396379130147,,0.001
LSTM5_9a9012e7,LSTM5,loso_subject_S008,25,0.012945636218624062,,0.08246808765034287,,0.001
LSTM5_9a9012e7,LSTM5,loso_subject_S008,26,0.011736692765355982,,0.07889975263421616,,0.001
LSTM5_9a9012e7,LSTM5,loso_subject_S008,27,0.011350892806799528,,0.07801485545126718,,0.001
LSTM5_9a9012e7,LSTM5,loso_subject_S008,28,0.011284157367572493,,0.07752133387965442,,0.001
LSTM5_9a9012e7,LSTM5,loso_subject_S008,29,0.011188159478777085,,0.07755304898711378,,0.001
LSTM5_9a9012e7,LSTM5,loso_subject_S008,30,0.011369377860201075,,0.07815663230530764,,0.001
LSTM5_9a9012e7,LSTM5,loso_subject_S008,31,0.01205238928683778,,0.0795723972280797,,0.001
LSTM5_9a9012e7,LSTM5,loso_subject_S008,32,0.011628573631781665,,0.07884930603472094,,0.001
LSTM5_9a9012e7,LSTM5,loso_subject_S008,33,0.011577293653348477,,0.07774156111419515,,0.001
LSTM5_9a9012e7,LSTM5,loso_subject_S008,34,0.011341341890529835,,0.07804243520747994,,0.001
LSTM5_9a9012e7,LSTM5,loso_subject_S008,35,0.01180052376968591,,0.08033858404880102,,0.001
LSTM5_9a9012e7,LSTM5,loso_subject_S008,36,0.010224505521099842,,0.07349649649124315,,0.001
LSTM5_9a9012e7,LSTM5,loso_subject_S008,37,0.011290007047987318,,0.07606770834984174,,0.001
LSTM5_9a9012e7,LSTM5,loso_subject_S008,38,0.010960448170358706,,0.07605513338285137,,0.001
LSTM5_9a9012e7,LSTM5,loso_subject_S008,39,0.011472017652501727,,0.07805014297479493,,0.001
LSTM5_9a9012e7,LSTM5,loso_subject_S008,40,0.009979714064560765,,0.07282999645528422,,0.001
LSTM5_9a9012e7,LSTM5,loso_subject_S008,41,0.010977306958253077,,0.07705714494957779,,0.001
LSTM5_9a9012e7,LSTM5,loso_subject_S008,42,0.010752029931134582,,0.07606278750511412,,0.001
LSTM5_9a9012e7,LSTM5,loso_subject_S008,43,0.01020540954243237,,0.07350847201782615,,0.001
LSTM5_9a9012e7,LSTM5,loso_subject_S008,44,0.010295797452753472,,0.07291107251150278,,0.001
LSTM5_9a9012e7,LSTM5,loso_subject_S008,45,0.010100246119357083,,0.07276550294137127,,0.001
LSTM5_9a9012e7,LSTM5,loso_subject_S008,46,0.011286758792119602,,0.0785463609546859,,0.001
LSTM5_9a9012e7,LSTM5,loso_subject_S008,47,0.010885575087604779,,0.07539272892101945,,0.001
LSTM5_9a9012e7,LSTM5,loso_subject_S008,48,0.01034817458312978,,0.07239020279471883,,0.001
LSTM5_9a9012e7,LSTM5,loso_subject_S008,49,0.010724338413488105,,0.07485322614574795,,0.001
LSTM5_9a9012e7,LSTM5,loso_subject_S008,50,0.010918365722776087,,0.07559630912148234,,0.001
LSTM5_9a9012e7,LSTM5,loso_subject_S008,51,0.010828273547426381,,0.0747358581348774,,0.001
LSTM5_9a9012e7,LSTM5,loso_subject_S008,52,0.009694838616561043,,0.07071216563127974,,0.001
LSTM5_9a9012e7,LSTM5,loso_subject_S008,53,0.011188065659335443,,0.07465224529547326,,0.001
LSTM5_9a9012e7,LSTM5,loso_subject_S008,54,0.010399580177033048,,0.07383889789083256,,0.001
LSTM5_9a9012e7,LSTM5,loso_subject_S008,55,0.009455079851195765,,0.06984131829458905,,0.001
LSTM5_9a9012e7,LSTM5,loso_subject_S008,56,0.010480552399503759,,0.07308123008314805,,0.001
LSTM5_9a9012e7,LSTM5,loso_subject_S008,57,0.010115070370690229,,0.07272057826840578,,0.001
LSTM5_9a9012e7,LSTM5,loso_subject_S008,58,0.010545575681740322,,0.07327908843389515,,0.001
LSTM5_9a9012e7,LSTM5,loso_subject_S008,59,0.00975378261930312,,0.0705009028271948,,0.001
LSTM5_9a9012e7,LSTM5,loso_subject_S008,60,0.009789524368850232,,0.07119458037520655,,0.001
LSTM5_9a9012e7,LSTM5,loso_subject_S008,61,0.010208245539016511,,0.07249502719512385,,0.001
LSTM5_9a9012e7,LSTM5,loso_subject_S008,62,0.011265890999229035,,0.07654973128652488,,0.001
LSTM5_9a9012e7,LSTM5,loso_subject_S008,63,0.01105720957336787,,0.07524575764774369,,0.001
LSTM5_9a9012e7,LSTM5,loso_subject_S008,64,0.010337104184924685,,0.07194861672020851,,0.001
LSTM5_9a9012e7,LSTM5,loso_subject_S008,65,0.010151880795453256,,0.07252053291721607,,0.001
LSTM5_9a9012e7,LSTM5,loso_subject_S008,66,0.009511646455521121,,0.0703624903920312,,0.001
LSTM5_9a9012e7,LSTM5,loso_subject_S008,67,0.010326259868680524,,0.07167352616324837,,0.001
LSTM5_9a9012e7,LSTM5,loso_subject_S008,68,0.009444125675399569,,0.07019846676263006,,0.001
LSTM5_9a9012e7,LSTM5,loso_subject_S008,69,0.01042946906228462,,0.07285089191374129,,0.001
LSTM5_9a9012e7,LSTM5,loso_subject_S008,70,0.010735500991919921,,0.07421054513639982,,0.001
LSTM5_9a9012e7,LSTM5,loso_subject_S008,71,0.009690286428708476,,0.0697590253632483,,0.001
LSTM5_9a9012e7,LSTM5,loso_subject_S008,72,0.009244565424471746,,0.06878164805136207,,0.001
LSTM5_9a9012e7,LSTM5,loso_subject_S008,73,0.009733476823728777,,0.07009776886563471,,0.001
LSTM5_9a9012e7,LSTM5,loso_subject_S008,74,0.010113673277837952,,0.07184993285596405,,0.001
LSTM5_9a9012e7,LSTM5,loso_subject_S008,75,0.009891654090108998,,0.07272483457278758,,0.001
LSTM5_9a9012e7,LSTM5,loso_subject_S008,76,0.00953458511064046,,0.07009616901366734,,0.001
LSTM5_9a9012e7,LSTM5,loso_subject_S008,77,0.009738905194028558,,0.07080144531514786,,0.001
LSTM5_9a9012e7,LSTM5,loso_subject_S008,78,0.009663652522667083,,0.0690199178651699,,0.001
LSTM5_9a9012e7,LSTM5,loso_subject_S008,79,0.010131453967725693,,0.07246529493173567,,0.001
LSTM5_9a9012e7,LSTM5,loso_subject_S008,80,0.0096197598959843,,0.07012791138833346,,0.001
LSTM5_9a9012e7,LSTM5,loso_subject_S009,1,0.3169429923916887,,0.40387787795155905,,0.001
LSTM5_9a9012e7,LSTM5,loso_subject_S009,2,0.056914247976033804,,0.176158144253574,,0.001
LSTM5_9a9012e7,LSTM5,loso_subject_S009,3,0.03332148736706966,,0.13604953015689386,,0.001
LSTM5_9a9012e7,LSTM5,loso_subject_S009,4,0.024587632978049712,,0.11778318688997147,,0.001
LSTM5_9a9012e7,LSTM5,loso_subject_S009,5,0.022341215401971398,,0.11307744549153602,,0.001
LSTM5_9a9012e7,LSTM5,loso_subject_S009,6,0.02127545320221303,,0.10883480865290275,,0.001
LSTM5_9a9012e7,LSTM5,loso_subject_S009,7,0.018777253294124698,,0.1043217081581225,,0.001
LSTM5_9a9012e7,LSTM5,loso_subject_S009,8,0.01826242351925388,,0.10154389775593581,,0.001
LSTM5_9a9012e7,LSTM5,loso_subject_S009,9,0.015665650847895653,,0.09434169370351664,,0.001
LSTM5_9a9012e7,LSTM5,loso_subject_S009,10,0.015569931887795367,,0.09405750607791012,,0.001
LSTM5_9a9012e7,LSTM5,loso_subject_S009,11,0.015205379106930154,,0.09283987954166134,,0.001
LSTM5_9a9012e7,LSTM5,loso_subject_S009,12,0.015900163782544777,,0.09403058816939779,,0.001
LSTM5_9a9012e7,LSTM5,loso_subject_S009,13,0.013543732540860567,,0.08743746499826721,,0.001
LSTM5_9a9012e7,LSTM5,loso_subject_S009,14,0.014722233930437978,,0.08933034469634481,,0.001
LSTM5_9a9012e7,LSTM5,loso_subject_S009,15,0.013871411170119217,,0.08655444505725376,,0.001
LSTM5_9a9012e7,LSTM5,loso_subject_S009,16,0.014581758770187053,,0.08992417061128474,,0.001
LSTM5_9a9012e7,LSTM5,loso_subject_S009,17,0.013322701944434925,,0.08658314406277975,,0.001
LSTM5_9a9012e7,LSTM5,loso_subject_S009,18,0.013317895926776369,,0.08491775511322104,,0.001
LSTM5_9a9012e7,LSTM5,loso_subject_S009,19,0.013220883018637579,,0.08506609612651364,,0.001
LSTM5_9a9012e7,LSTM5,loso_subject_S009,20,0.012517539579026949,,0.08315300080428831,,0.001
LSTM5_9a9012e7,LSTM5,loso_subject_S009,21,0.012959975298090488,,0.08445277526176732,,0.001
LSTM5_9a9012e7,LSTM5,loso_subject_S009,22,0.012984479202252174,,0.08364680774073821,,0.001
LSTM5_9a9012e7,LSTM5,loso_subject_S009,23,0.01198997624348362,,0.0812858016987518,,0.001
LSTM5_9a9012e7,LSTM5,loso_subject_S009,24,0.011914971619751653,,0.08079556642960789,,0.001
LSTM5_9a9012e7,LSTM5,loso_subject_S009,25,0.011878729541583049,,0.08080032458099749,,0.001
LSTM5_9a9012e7,LSTM5,loso_subject_S009,26,0.0117621731945542,,0.07924156385482026,,0.001
LSTM5_9a9012e7,LSTM5,loso_subject_S009,27,0.01200770364162671,,0.080199061571661,,0.001
LSTM5_9a9012e7,LSTM5,loso_subject_S009,28,0.011202984939504456,,0.07859202855699238,,0.001
LSTM5_9a9012e7,LSTM5,loso_subject_S009,29,0.011279626616078474,,0.07797821590753451,,0.001
LSTM5_9a9012e7,LSTM5,loso_subject_S009,30,0.011499290650299893,,0.07807196117241683,,0.001
LSTM5_9a9012e7,LSTM5,loso_subject_S009,31,0.01053897133224631,,0.07600775252503446,,0.001
LSTM5_9a9012e7,LSTM5,loso_subject_S009,32,0.011958649229480981,,0.08116982340961137,,0.001
LSTM5_9a9012e7,LSTM5,loso_subject_S009,33,0.011964293516903262,,0.08049104362726212,,0.001
LSTM5_9a9012e7,LSTM5,loso_subject_S009,34,0.010529200247214042,,0.07456715164675956,,0.001
LSTM5_9a9012e7,LSTM5,loso_subject_S009,35,0.01062025541815429,,0.0752889666089308,,0.001
LSTM5_9a9012e7,LSTM5,loso_subject_S009,36,0.011054909419254452,,0.0762995644049211,,0.001
LSTM5_9a9012e7,LSTM5,loso_subject_S009,37,0.011459963379954342,,0.07696044481223725,,0.001
LSTM5_9a9012e7,LSTM5,loso_subject_S009,38,0.011075503896263104,,0.07750421613547603,,0.001
LSTM5_9a9012e7,LSTM5,loso_subject_S009,39,0.011139809420149064,,0.07547415026079674,,0.001
LSTM5_9a9012e7,LSTM5,loso_subject_S009,40,0.011134089870728637,,0.07562353182700028,,0.001
LSTM5_9a9012e7,LSTM5,loso_subject_S009,41,0.010849997388479644,,0.07544708422676268,,0.001
LSTM5_9a9012e7,LSTM5,loso_subject_S009,42,0.01084632968244747,,0.07603033537400021,,0.001
LSTM5_9a9012e7,LSTM5,loso_subject_S009,43,0.011215335055072311,,0.07682542775665986,,0.001
LSTM5_9a9012e7,LSTM5,loso_subject_S009,44,0.010845383429716563,,0.07492367260779717,,0.001
LSTM5_9a9012e7,LSTM5,loso_subject_S009,45,0.011217266761907754,,0.077583318722352,,0.001
LSTM5_9a9012e7,LSTM5,loso_subject_S009,46,0.010443513916056153,,0.0747200049561997,,0.001
LSTM5_9a9012e7,LSTM5,loso_subject_S009,47,0.010843233624647185,,0.07567139817482953,,0.001
LSTM5_9a9012e7,LSTM5,loso_subject_S009,48,0.010487380746640683,,0.07470202256703881,,0.001
LSTM5_9a9012e7,LSTM5,loso_subject_S009,49,0.010372932785762425,,0.0739076242667355,,0.001
LSTM5_9a9012e7,LSTM5,loso_subject_S009,50,0.011204186871886755,,0.07630460203194975,,0.001
LSTM5_9a9012e7,LSTM5,loso_subject_S009,51,0.010079235479857304,,0.07333746905047749,,0.001
LSTM5_9a9012e7,LSTM5,loso_subject_S009,52,0.00967591520802467,,0.07087020010015885,,0.001
LSTM5_9a9012e7,LSTM5,loso_subject_S009,53,0.010855485781433425,,0.07575972402841781,,0.001
LSTM5_9a9012e7,LSTM5,loso_subject_S009,54,0.010804213490685074,,0.0755107723835248,,0.001
LSTM5_9a9012e7,LSTM5,loso_subject_S009,55,0.010987445231930702,,0.07439953264122734,,0.001
LSTM5_9a9012e7,LSTM5,loso_subject_S009,56,0.010326180080529464,,0.07386110281829222,,0.001
LSTM5_9a9012e7,LSTM5,loso_subject_S009,57,0.01072433814441189,,0.07457125438829584,,0.001
LSTM5_9a9012e7,LSTM5,loso_subject_S009,58,0.0100207872779235,,0.07286475381696803,,0.001
LSTM5_9a9012e7,LSTM5,loso_subject_S009,59,0.010243488809123989,,0.07303060819470274,,0.001
LSTM5_9a9012e7,LSTM5,loso_subject_S009,60,0.010154933343927931,,0.07282337898928974,,0.001
LSTM5_9a9012e7,LSTM5,loso_subject_S009,61,0.010816888979973635,,0.07446838216682151,,0.001
LSTM5_9a9012e7,LSTM5,loso_subject_S009,62,0.010059944990150177,,0.07151960344013211,,0.001
LSTM5_9a9012e7,LSTM5,loso_subject_S009,63,0.009496759048026347,,0.07092169187916617,,0.001
LSTM5_9a9012e7,LSTM5,loso_subject_S009,64,0.010298188831448406,,0.07239946870047455,,0.001
LSTM5_9a9012e7,LSTM5,loso_subject_S009,65,0.010969405244585883,,0.07587575481028515,,0.001
LSTM5_9a9012e7,LSTM5,loso_subject_S009,66,0.010315535066981022,,0.07339267429906138,,0.001
LSTM5_9a9012e7,LSTM5,loso_subject_S009,67,0.010714646924059759,,0.07437109254105748,,0.001
LSTM5_9a9012e7,LSTM5,loso_subject_S009,68,0.012254277040084747,,0.07904565305093009,,0.001
LSTM5_9a9012e7,LSTM5,loso_subject_S009,69,0.01139094859389484,,0.07701782049010432,,0.001
LSTM5_9a9012e7,LSTM5,loso_subject_S009,70,0.010567970643490368,,0.07427782376539217,,0.001
LSTM5_9a9012e7,LSTM5,loso_subject_S009,71,0.009644891995969107,,0.07118807819348344,,0.001
LSTM5_9a9012e7,LSTM5,loso_subject_S009,72,0.010417451344402612,,0.07265618378076132,,0.001
LSTM5_9a9012e7,LSTM5,loso_subject_S009,73,0.010514912674502745,,0.07357449848135263,,0.001
LSTM5_9a9012e7,LSTM5,loso_subject_S009,74,0.010299086150310813,,0.07340299774652549,,0.001
LSTM5_9a9012e7,LSTM5,loso_subject_S009,75,0.01082363266470015,,0.07379369277177683,,0.001
LSTM5_9a9012e7,LSTM5,loso_subject_S009,76,0.009784880979160592,,0.07072179820179791,,0.001
LSTM5_9a9012e7,LSTM5,loso_subject_S009,77,0.00959104448841052,,0.07099821755330857,,0.001
LSTM5_9a9012e7,LSTM5,loso_subject_S009,78,0.010422967898556186,,0.07250850375829865,,0.001
LSTM5_9a9012e7,LSTM5,loso_subject_S009,79,0.010128613677372226,,0.07180075635982777,,0.001
LSTM5_9a9012e7,LSTM5,loso_subject_S009,80,0.010102862076993896,,0.07244746796183688,,0.001
LSTM5_9a9012e7,LSTM5,loso_subject_S010,1,0.3261656786861091,,0.4101666349348764,,0.001
LSTM5_9a9012e7,LSTM5,loso_subject_S010,2,0.05344734364762682,,0.17139912613213357,,0.001
LSTM5_9a9012e7,LSTM5,loso_subject_S010,3,0.03282720782780295,,0.13518240233066633,,0.001
LSTM5_9a9012e7,LSTM5,loso_subject_S010,4,0.025648015583383626,,0.12136430263959716,,0.001
LSTM5_9a9012e7,LSTM5,loso_subject_S010,5,0.02121279800650228,,0.10944662514725342,,0.001
LSTM5_9a9012e7,LSTM5,loso_subject_S010,6,0.02220967283536648,,0.11049538347961868,,0.001
LSTM5_9a9012e7,LSTM5,loso_subject_S010,7,0.017564645624292895,,0.10061195345934976,,0.001
LSTM5_9a9012e7,LSTM5,loso_subject_S010,8,0.01682398063153616,,0.09675702423297713,,0.001
LSTM5_9a9012e7,LSTM5,loso_subject_S010,9,0.01639302754361788,,0.09647297914245445,,0.001
LSTM5_9a9012e7,LSTM5,loso_subject_S010,10,0.015165310568667104,,0.09299455986821593,,0.001
LSTM5_9a9012e7,LSTM5,loso_subject_S010,11,0.014883961941441292,,0.09131845802509139,,0.001
LSTM5_9a9012e7,LSTM5,loso_subject_S010,12,0.014937505245282146,,0.0912670969889669,,0.001
LSTM5_9a9012e7,LSTM5,loso_subject_S010,13,0.014225373425397087,,0.08808205243695545,,0.001
LSTM5_9a9012e7,LSTM5,loso_subject_S010,14,0.012994478218110618,,0.08442795438132263,,0.001
LSTM5_9a9012e7,LSTM5,loso_subject_S010,15,0.014833499718769431,,0.09021704100769729,,0.001
LSTM5_9a9012e7,LSTM5,loso_subject_S010,16,0.013353228224946067,,0.08587827691303686,,0.001
LSTM5_9a9012e7,LSTM5,loso_subject_S010,17,0.013691763923471344,,0.08667507580495233,,0.001
LSTM5_9a9012e7,LSTM5,loso_subject_S010,18,0.013034957695036686,,0.08335328663658038,,0.001
LSTM5_9a9012e7,LSTM5,loso_subject_S010,19,0.013821445286200551,,0.08742533627842447,,0.001
LSTM5_9a9012e7,LSTM5,loso_subject_S010,20,0.013583010810386077,,0.08563208047832761,,0.001
LSTM5_9a9012e7,LSTM5,loso_subject_S010,21,0.012926780187474389,,0.08338864408249926,,0.001
LSTM5_9a9012e7,LSTM5,loso_subject_S010,22,0.011879336304522207,,0.08072429484334485,,0.001
LSTM5_9a9012e7,LSTM5,loso_subject_S010,23,0.0117051920858143,,0.07892543088479582,,0.001
LSTM5_9a9012e7,LSTM5,loso_subject_S010,24,0.011759383475472188,,0.0788666289942018,,0.001
LSTM5_9a9012e7,LSTM5,loso_subject_S010,25,0.01203945151580672,,0.0812869700672004,,0.001
LSTM5_9a9012e7,LSTM5,loso_subject_S010,26,0.011324996702152814,,0.07692047157164278,,0.001
LSTM5_9a9012e7,LSTM5,loso_subject_S010,27,0.01154232197188832,,0.07895176534729051,,0.001
LSTM5_9a9012e7,LSTM5,loso_subject_S010,28,0.011505017690177035,,0.08006539460033031,,0.001
LSTM5_9a9012e7,LSTM5,loso_subject_S010,29,0.011179041874416063,,0.07710077540187413,,0.001
LSTM5_9a9012e7,LSTM5,loso_subject_S010,30,0.012308761367363296,,0.08201431082974514,,0.001
LSTM5_9a9012e7,LSTM5,loso_subject_S010,31,0.011709488116278144,,0.0780313066734469,,0.001
LSTM5_9a9012e7,LSTM5,loso_subject_S010,32,0.01226856149366043,,0.07941127862102293,,0.001
LSTM5_9a9012e7,LSTM5,loso_subject_S010,33,0.010787362675526607,,0.0765412069600204,,0.001
LSTM5_9a9012e7,LSTM5,loso_subject_S010,34,0.010823472815891499,,0.07582275275819994,,0.001
LSTM5_9a9012e7,LSTM5,loso_subject_S010,35,0.010688488697403757,,0.07437626602761264,,0.001
LSTM5_9a9012e7,LSTM5,loso_subject_S010,36,0.01124323141334459,,0.07674988966637057,,0.001
LSTM5_9a9012e7,LSTM5,loso_subject_S010,37,0.010521006001976176,,0.07454487061118845,,0.001
LSTM5_9a9012e7,LSTM5,loso_subject_S010,38,0.010850043857259116,,0.07434341329805956,,0.001
LSTM5_9a9012e7,LSTM5,loso_subject_S010,39,0.010968214758841568,,0.07665072062185832,,0.001
LSTM5_9a9012e7,LSTM5,loso_subject_S010,40,0.011018992383308305,,0.07666081821389974,,0.001
LSTM5_9a9012e7,LSTM5,loso_subject_S010,41,0.01042690487312419,,0.0741634974118524,,0.001
LSTM5_9a9012e7,LSTM5,loso_subject_S010,42,0.01024302336034076,,0.07367762185523076,,0.001
LSTM5_9a9012e7,LSTM5,loso_subject_S010,43,0.010767591818983626,,0.07539528322043677,,0.001
LSTM5_9a9012e7,LSTM5,loso_subject_S010,44,0.01078306381668657,,0.07500462479926095,,0.001
LSTM5_9a9012e7,LSTM5,loso_subject_S010,45,0.010671176979767865,,0.07443415160690035,,0.001
LSTM5_9a9012e7,LSTM5,loso_subject_S010,46,0.009839566993375718,,0.07217756779910309,,0.001
LSTM5_9a9012e7,LSTM5,loso_subject_S010,47,0.0099746052249165,,0.07304074787741224,,0.001
LSTM5_9a9012e7,LSTM5,loso_subject_S010,48,0.010255427590658513,,0.07407326640313482,,0.001
LSTM5_9a9012e7,LSTM5,loso_subject_S010,49,0.010655054698693635,,0.07406096589829535,,0.001
LSTM5_9a9012e7,LSTM5,loso_subject_S010,50,0.010130422584382183,,0.07312832864487699,,0.001
LSTM5_9a9012e7,LSTM5,loso_subject_S010,51,0.009760072477749121,,0.0714596869616673,,0.001
LSTM5_9a9012e7,LSTM5,loso_subject_S010,52,0.010585997918886798,,0.07307596170696719,,0.001
LSTM5_9a9012e7,LSTM5,loso_subject_S010,53,0.010550988131556017,,0.07297635144494437,,0.001
LSTM5_9a9012e7,LSTM5,loso_subject_S010,54,0.010624688751812052,,0.07316652597318142,,0.001
LSTM5_9a9012e7,LSTM5,loso_subject_S010,55,0.009774051305007539,,0.0717744177088068,,0.001
LSTM5_9a9012e7,LSTM5,loso_subject_S010,56,0.010141298814855626,,0.07172565786122101,,0.001
LSTM5_9a9012e7,LSTM5,loso_subject_S010,57,0.010455351295362552,,0.07291558153670409,,0.001
LSTM5_9a9012e7,LSTM5,loso_subject_S010,58,0.010658097687392986,,0.07265296229734797,,0.001
LSTM5_9a9012e7,LSTM5,loso_subject_S010,59,0.009806301233730292,,0.07061352200916247,,0.001
LSTM5_9a9012e7,LSTM5,loso_subject_S010,60,0.009873619876581754,,0.07221219967591938,,0.001
LSTM5_9a9012e7,LSTM5,loso_subject_S010,61,0.010429390196876573,,0.07265220075992528,,0.001
LSTM5_9a9012e7,LSTM5,loso_subject_S010,62,0.010112746701268433,,0.0713919725250728,,0.001
LSTM5_9a9012e7,LSTM5,loso_subject_S010,63,0.009919499712330955,,0.07050476102112549,,0.001
LSTM5_9a9012e7,LSTM5,loso_subject_S010,64,0.01106568066669362,,0.0752649055105712,,0.001
LSTM5_9a9012e7,LSTM5,loso_subject_S010,65,0.010274190324922942,,0.07265461816135886,,0.001
LSTM5_9a9012e7,LSTM5,loso_subject_S010,66,0.01003388156701485,,0.07109758070683832,,0.001
LSTM5_9a9012e7,LSTM5,loso_subject_S010,67,0.010453716599442102,,0.07259378228061304,,0.001
LSTM5_9a9012e7,LSTM5,loso_subject_S010,68,0.00995428666582542,,0.07199170060565906,,0.001
LSTM5_9a9012e7,LSTM5,loso_subject_S010,69,0.009683277774510418,,0.07161476283237853,,0.001
LSTM5_9a9012e7,LSTM5,loso_subject_S010,70,0.009834600401482558,,0.0716998970750811,,0.001
LSTM5_9a9012e7,LSTM5,loso_subject_S010,71,0.01076102517820491,,0.07492940931631427,,0.001
LSTM5_9a9012e7,LSTM5,loso_subject_S010,72,0.00953569471276379,,0.06937217572933348,,0.001
LSTM5_9a9012e7,LSTM5,loso_subject_S010,73,0.009875456976883223,,0.07036553569174753,,0.001
LSTM5_9a9012e7,LSTM5,loso_subject_S010,74,0.009675047681506338,,0.07071481828619107,,0.001
LSTM5_9a9012e7,LSTM5,loso_subject_S010,75,0.008927595365810864,,0.06786207183094448,,0.001
LSTM5_9a9012e7,LSTM5,loso_subject_S010,76,0.01060546557487819,,0.0742481958689948,,0.001
LSTM5_9a9012e7,LSTM5,loso_subject_S010,77,0.010095483283948135,,0.07082579200490942,,0.001
LSTM5_9a9012e7,LSTM5,loso_subject_S010,78,0.009608795620923118,,0.06991815319275621,,0.001
LSTM5_9a9012e7,LSTM5,loso_subject_S010,79,0.009502273722749038,,0.06893566702240206,,0.001
LSTM5_9a9012e7,LSTM5,loso_subject_S010,80,0.010177493756040564,,0.07179325892420238,,0.001
LSTM5_9a9012e7,LSTM5,loso_subject_S011,1,0.31883451689029196,,0.40314276240865093,,0.001
LSTM5_9a9012e7,LSTM5,loso_subject_S011,2,0.04369521880497609,,0.15920066100543853,,0.001
LSTM5_9a9012e7,LSTM5,loso_subject_S011,3,0.02848364894706178,,0.13008109339935212,,0.001
LSTM5_9a9012e7,LSTM5,loso_subject_S011,4,0.024566917693685394,,0.11962171421885666,,0.001
LSTM5_9a9012e7,LSTM5,loso_subject_S011,5,0.02208661458549947,,0.11205553588962273,,0.001
LSTM5_9a9012e7,LSTM5,loso_subject_S011,6,0.02041484100724869,,0.1083839443422843,,0.001
LSTM5_9a9012e7,LSTM5,loso_subject_S011,7,0.017065811988125876,,0.09779024252026965,,0.001
LSTM5_9a9012e7,LSTM5,loso_subject_S011,8,0.01843010713201858,,0.10193760851329327,,0.001
LSTM5_9a9012e7,LSTM5,loso_subject_S011,9,0.015740269075864528,,0.0944018508672186,,0.001
LSTM5_9a9012e7,LSTM5,loso_subject_S011,10,0.01474697017241572,,0.09180160590957856,,0.001
LSTM5_9a9012e7,LSTM5,loso_subject_S011,11,0.014491647358659099,,0.08996374125714844,,0.001
LSTM5_9a9012e7,LSTM5,loso_subject_S011,12,0.014341736561790703,,0.08997608184638368,,0.001
LSTM5_9a9012e7,LSTM5,loso_subject_S011,13,0.013739471240973368,,0.08616443707372448,,0.001
LSTM5_9a9012e7,LSTM5,loso_subject_S011,14,0.013887582002606579,,0.08826143286428917,,0.001
LSTM5_9a9012e7,LSTM5,loso_subject_S011,15,0.012120711609743194,,0.08167651972927406,,0.001
LSTM5_9a9012e7,LSTM5,loso_subject_S011,16,0.014494384186372623,,0.09005964596259189,,0.001
LSTM5_9a9012e7,LSTM5,loso_subject_S011,17,0.013274973477931636,,0.08591619786783018,,0.001
LSTM5_9a9012e7,LSTM5,loso_subject_S011,18,0.01399095140980829,,0.08704380370357365,,0.001
LSTM5_9a9012e7,LSTM5,loso_subject_S011,19,0.012824674512492149,,0.08402778419557315,,0.001
LSTM5_9a9012e7,LSTM5,loso_subject_S011,20,0.012391246224105623,,0.0820128739474443,,0.001
LSTM5_9a9012e7,LSTM5,loso_subject_S011,21,0.012885014885043287,,0.08410492601475653,,0.001
LSTM5_9a9012e7,LSTM5,loso_subject_S011,22,0.013135006782520381,,0.08447064025495393,,0.001
LSTM5_9a9012e7,LSTM5,loso_subject_S011,23,0.01216538856727686,,0.0808604492108438,,0.001
LSTM5_9a9012e7,LSTM5,loso_subject_S011,24,0.01089623945502446,,0.07728381502707564,,0.001
LSTM5_9a9012e7,LSTM5,loso_subject_S011,25,0.011518224103973306,,0.07823055904232065,,0.001
LSTM5_9a9012e7,LSTM5,loso_subject_S011,26,0.01092341595647122,,0.07671215893202729,,0.001
LSTM5_9a9012e7,LSTM5,loso_subject_S011,27,0.011917688396306738,,0.0797306593667105,,0.001
LSTM5_9a9012e7,LSTM5,loso_subject_S011,28,0.011544541826133273,,0.0798796599975717,,0.001
LSTM5_9a9012e7,LSTM5,loso_subject_S011,29,0.011629120234889769,,0.07754300396718866,,0.001
LSTM5_9a9012e7,LSTM5,loso_subject_S011,30,0.011239164770254797,,0.07792884690502722,,0.001
LSTM5_9a9012e7,LSTM5,loso_subject_S011,31,0.010977437990157695,,0.07691343633163626,,0.001
LSTM5_9a9012e7,LSTM5,loso_subject_S011,32,0.011065564683447297,,0.07737368496693396,,0.001
LSTM5_9a9012e7,LSTM5,loso_subject_S011,33,0.010569477127245909,,0.07623185362430232,,0.001
LSTM5_9a9012e7,LSTM5,loso_subject_S011,34,0.011191517745792601,,0.07581375822578963,,0.001
LSTM5_9a9012e7,LSTM5,loso_subject_S011,35,0.009940891693919852,,0.07420322706859608,,0.001
LSTM5_9a9012e7,LSTM5,loso_subject_S011,36,0.011013213298290395,,0.0774602534147626,,0.001
LSTM5_9a9012e7,LSTM5,loso_subject_S011,37,0.010954823148776632,,0.07650707381910904,,0.001
LSTM5_9a9012e7,LSTM5,loso_subject_S011,38,0.010405000095755039,,0.07456500894517983,,0.001
LSTM5_9a9012e7,LSTM5,loso_subject_S011,39,0.010825546334554032,,0.07581327280670713,,0.001
LSTM5_9a9012e7,LSTM5,loso_subject_S011,40,0.010697305538420574,,0.0747532666499893,,0.001
LSTM5_9a9012e7,LSTM5,loso_subject_S011,41,0.011238541736362427,,0.07650340723762485,,0.001
LSTM5_9a9012e7,LSTM5,loso_subject_S011,42,0.01128771932275644,,0.07641330003034065,,0.001
LSTM5_9a9012e7,LSTM5,loso_subject_S011,43,0.010920885917035921,,0.07490132520170649,,0.001
LSTM5_9a9012e7,LSTM5,loso_subject_S011,44,0.010185200579332372,,0.07367117027236228,,0.001
LSTM5_9a9012e7,LSTM5,loso_subject_S011,45,0.010065652140618428,,0.07254266185985886,,0.001
LSTM5_9a9012e7,LSTM5,loso_subject_S011,46,0.010786617583866221,,0.07477632464519103,,0.001
LSTM5_9a9012e7,LSTM5,loso_subject_S011,47,0.01011057895686659,,0.07234808803705205,,0.001
LSTM5_9a9012e7,LSTM5,loso_subject_S011,48,0.009678333943112695,,0.07091977319609996,,0.001
LSTM5_9a9012e7,LSTM5,loso_subject_S011,49,0.010913755443150748,,0.07490169245039871,,0.001
LSTM5_9a9012e7,LSTM5,loso_subject_S011,50,0.010679779653375531,,0.07433838905268617,,0.001
LSTM5_9a9012e7,LSTM5,loso_subject_S011,51,0.010308842747259,,0.07269978253624816,,0.001
LSTM5_9a9012e7,LSTM5,loso_subject_S011,52,0.01002055058473146,,0.07193292020386748,,0.001
LSTM5_9a9012e7,LSTM5,loso_subject_S011,53,0.009762189195847669,,0.07130151033357468,,0.001
LSTM5_9a9012e7,LSTM5,loso_subject_S011,54,0.009968553510724265,,0.07220693222485053,,0.001
LSTM5_9a9012e7,LSTM5,loso_subject_S011,55,0.010558173778512278,,0.07323698740634116,,0.001
LSTM5_9a9012e7,LSTM5,loso_subject_S011,56,0.010243279538344334,,0.07368046124101213,,0.001
LSTM5_9a9012e7,LSTM5,loso_subject_S011,57,0.009756736146998722,,0.07184279248492581,,0.001
LSTM5_9a9012e7,LSTM5,loso_subject_S011,58,0.009572655947513031,,0.07080371785507245,,0.001
LSTM5_9a9012e7,LSTM5,loso_subject_S011,59,0.010726057203208678,,0.0740230221273804,,0.001
LSTM5_9a9012e7,LSTM5,loso_subject_S011,60,0.010335177433521569,,0.07337193878661935,,0.001
LSTM5_9a9012e7,LSTM5,loso_subject_S011,61,0.010671236046605043,,0.07364441368129088,,0.001
LSTM5_9a9012e7,LSTM5,loso_subject_S011,62,0.011180678357478876,,0.07712436853254563,,0.001
LSTM5_9a9012e7,LSTM5,loso_subject_S011,63,0.011182967683182068,,0.07661955298049763,,0.001
LSTM5_9a9012e7,LSTM5,loso_subject_S011,64,0.010026373074801316,,0.07169749414771134,,0.001
LSTM5_9a9012e7,LSTM5,loso_subject_S011,65,0.010037875341931068,,0.07181154048205127,,0.001
LSTM5_9a9012e7,LSTM5,loso_subject_S011,66,0.009833747685571893,,0.07129006240093197,,0.001
LSTM5_9a9012e7,LSTM5,loso_subject_S011,67,0.009717398922631801,,0.07104912824389502,,0.001
LSTM5_9a9012e7,LSTM5,loso_subject_S011,68,0.009825433019488126,,0.07191704588019161,,0.001
LSTM5_9a9012e7,LSTM5,loso_subject_S011,69,0.010316511423793378,,0.07262261318623403,,0.001
LSTM5_9a9012e7,LSTM5,loso_subject_S011,70,0.010233140838617236,,0.07172860919196637,,0.001
LSTM5_9a9012e7,LSTM5,loso_subject_S011,71,0.00985666953475714,,0.07077937679065383,,0.001
LSTM5_9a9012e7,LSTM5,loso_subject_S011,72,0.01001752846086043,,0.0707910322940508,,0.001
LSTM5_9a9012e7,LSTM5,loso_subject_S011,73,0.010256132564783933,,0.07319042044120842,,0.001
LSTM5_9a9012e7,LSTM5,loso_subject_S011,74,0.009457175543688601,,0.06906939610684816,,0.001
LSTM5_9a9012e7,LSTM5,loso_subject_S011,75,0.009728922423090857,,0.07078729644527816,,0.001
LSTM5_9a9012e7,LSTM5,loso_subject_S011,76,0.01075499375795112,,0.07485544291301527,,0.001
LSTM5_9a9012e7,LSTM5,loso_subject_S011,77,0.009503633958154099,,0.06990875632363197,,0.001
LSTM5_9a9012e7,LSTM5,loso_subject_S011,78,0.00989718793807455,,0.07105308859065682,,0.001
LSTM5_9a9012e7,LSTM5,loso_subject_S011,79,0.009597157930303227,,0.07095805209355657,,0.001
LSTM5_9a9012e7,LSTM5,loso_subject_S011,80,0.009971537248560253,,0.07054511940813839,,0.001
LSTM5_9a9012e7,LSTM5,loso_subject_S012,1,0.3256538802919234,,0.4220700526990204,,0.001
LSTM5_9a9012e7,LSTM5,loso_subject_S012,2,0.044205076854659596,,0.1573118795382294,,0.001
LSTM5_9a9012e7,LSTM5,loso_subject_S012,3,0.029296046160653823,,0.13022240891768194,,0.001
LSTM5_9a9012e7,LSTM5,loso_subject_S012,4,0.023775003687991444,,0.11716882809011947,,0.001
LSTM5_9a9012e7,LSTM5,loso_subject_S012,5,0.0221622238928526,,0.11303486494284544,,0.001
LSTM5_9a9012e7,LSTM5,loso_subject_S012,6,0.019759713810227165,,0.10651534747184636,,0.001
LSTM5_9a9012e7,LSTM5,loso_subject_S012,7,0.01790350897568613,,0.10185820213060898,,0.001
LSTM5_9a9012e7,LSTM5,loso_subject_S012,8,0.01727383421589012,,0.099258668683524,,0.001
LSTM5_9a9012e7,LSTM5,loso_subject_S012,9,0.017657697091368676,,0.10036260543415725,,0.001
LSTM5_9a9012e7,LSTM5,loso_subject_S012,10,0.015768714527847047,,0.09405207582332314,,0.001
LSTM5_9a9012e7,LSTM5,loso_subject_S012,11,0.0153939070171853,,0.09297202286828807,,0.001
LSTM5_9a9012e7,LSTM5,loso_subject_S012,12,0.015097779604208364,,0.09271921783510634,,0.001
LSTM5_9a9012e7,LSTM5,loso_subject_S012,13,0.014744296002854072,,0.09026063759421463,,0.001
LSTM5_9a9012e7,LSTM5,loso_subject_S012,14,0.014022572995566937,,0.08755257158552497,,0.001
LSTM5_9a9012e7,LSTM5,loso_subject_S012,15,0.013688600843392105,,0.08673300958633773,,0.001
LSTM5_9a9012e7,LSTM5,loso_subject_S012,16,0.01467793686766719,,0.08854058804797356,,0.001
LSTM5_9a9012e7,LSTM5,loso_subject_S012,17,0.013700745110885513,,0.08707929469546558,,0.001
LSTM5_9a9012e7,LSTM5,loso_subject_S012,18,0.012977101876046207,,0.08513160154289086,,0.001
LSTM5_9a9012e7,LSTM5,loso_subject_S012,19,0.011676218039280956,,0.07946586013496709,,0.001
LSTM5_9a9012e7,LSTM5,loso_subject_S012,20,0.01240834930553354,,0.08172928060291447,,0.001
LSTM5_9a9012e7,LSTM5,loso_subject_S012,21,0.012722916484272952,,0.08293947190396411,,0.001
LSTM5_9a9012e7,LSTM5,loso_subject_S012,22,0.011924497466725838,,0.07986888208490811,,0.001
LSTM5_9a9012e7,LSTM5,loso_subject_S012,23,0.012832691078723877,,0.082842086806959,,0.001
LSTM5_9a9012e7,LSTM5,loso_subject_S012,24,0.011597086976059382,,0.07847676704283503,,0.001
LSTM5_9a9012e7,LSTM5,loso_subject_S012,25,0.011844202758205533,,0.0796638457566806,,0.001
LSTM5_9a9012e7,LSTM5,loso_subject_S012,26,0.01092753818999872,,0.07798810865122842,,0.001
LSTM5_9a9012e7,LSTM5,loso_subject_S012,27,0.011872729173452537,,0.08010416985783458,,0.001
LSTM5_9a9012e7,LSTM5,loso_subject_S012,28,0.011249602985911607,,0.0774321334018056,,0.001
LSTM5_9a9012e7,LSTM5,loso_subject_S012,29,0.011101155705126372,,0.076423987886279,,0.001
LSTM5_9a9012e7,LSTM5,loso_subject_S012,30,0.010911262992676484,,0.07658838721186403,,0.001
LSTM5_9a9012e7,LSTM5,loso_subject_S012,31,0.011366623122841339,,0.077474918793039,,0.001
LSTM5_9a9012e7,LSTM5,loso_subject_S012,32,0.010499150195212354,,0.07496716087785237,,0.001
LSTM5_9a9012e7,LSTM5,loso_subject_S012,33,0.011162953490662155,,0.07748905938561793,,0.001
LSTM5_9a9012e7,LSTM5,loso_subject_S012,34,0.01125665241975485,,0.07675617279897877,,0.001
LSTM5_9a9012e7,LSTM5,loso_subject_S012,35,0.011133414267312063,,0.07646927727870478,,0.001
LSTM5_9a9012e7,LSTM5,loso_subject_S012,36,0.010444438741125286,,0.0745312641961459,,0.001
LSTM5_9a9012e7,LSTM5,loso_subject_S012,37,0.011354063438981902,,0.07689553901947017,,0.001
LSTM5_9a9012e7,LSTM5,loso_subject_S012,38,0.009972316928743966,,0.0732479439235994,,0.001
LSTM5_9a9012e7,LSTM5,loso_subject_S012,39,0.010607370514991568,,0.07546446273067799,,0.001
LSTM5_9a9012e7,LSTM5,loso_subject_S012,40,0.010458951556942974,,0.07492339251106181,,0.001
LSTM5_9a9012e7,LSTM5,loso_subject_S012,41,0.010314777029866952,,0.07473697900969026,,0.001
LSTM5_9a9012e7,LSTM5,loso_subject_S012,42,0.010838823469024747,,0.07533857083268103,,0.001
LSTM5_9a9012e7,LSTM5,loso_subject_S012,43,0.01039455175446278,,0.07401222881372804,,0.001
LSTM5_9a9012e7,LSTM5,loso_subject_S012,44,0.010458909752047054,,0.07476440088908227,,0.001
LSTM5_9a9012e7,LSTM5,loso_subject_S012,45,0.011774985995635982,,0.07873700666795218,,0.001
LSTM5_9a9012e7,LSTM5,loso_subject_S012,46,0.011012099745099415,,0.07618859002637443,,0.001
LSTM5_9a9012e7,LSTM5,loso_subject_S012,47,0.00991293166089863,,0.07300471226724409,,0.001
LSTM5_9a9012e7,LSTM5,loso_subject_S012,48,0.01048609802879601,,0.07481274392329999,,0.001
LSTM5_9a9012e7,LSTM5,loso_subject_S012,49,0.011432898071390767,,0.07688886015600745,,0.001
LSTM5_9a9012e7,LSTM5,loso_subject_S012,50,0.01030384310946503,,0.07320938324131805,,0.001
LSTM5_9a9012e7,LSTM5,loso_subject_S012,51,0.01072216264509682,,0.07562862285214549,,0.001
LSTM5_9a9012e7,LSTM5,loso_subject_S012,52,0.009422713349656737,,0.07077855152268067,,0.001
LSTM5_9a9012e7,LSTM5,loso_subject_S012,53,0.01110591345046826,,0.07500239576208959,,0.001
LSTM5_9a9012e7,LSTM5,loso_subject_S012,54,0.010648177288713347,,0.07446933852921674,,0.001
LSTM5_9a9012e7,LSTM5,loso_subject_S012,55,0.009855499287599509,,0.07115509673712363,,0.001
LSTM5_9a9012e7,LSTM5,loso_subject_S012,56,0.00953685682917919,,0.06969494215498587,,0.001
LSTM5_9a9012e7,LSTM5,loso_subject_S012,57,0.0105948797185056,,0.07419561771525511,,0.001
LSTM5_9a9012e7,LSTM5,loso_subject_S012,58,0.009661704844490197,,0.07136774258947932,,0.001
LSTM5_9a9012e7,LSTM5,loso_subject_S012,59,0.010454469595361561,,0.07345646128124077,,0.001
LSTM5_9a9012e7,LSTM5,loso_subject_S012,60,0.010899941752857573,,0.07497286512441222,,0.001
LSTM5_9a9012e7,LSTM5,loso_subject_S012,61,0.009487662561888781,,0.07097973953741063,,0.001
LSTM5_9a9012e7,LSTM5,loso_subject_S012,62,0.00942617029323627,,0.06978871238564255,,0.001
LSTM5_9a9012e7,LSTM5,loso_subject_S012,63,0.01072365703299182,,0.0757900298888988,,0.001
LSTM5_9a9012e7,LSTM5,loso_subject_S012,64,0.010308164452228602,,0.07289214036406924,,0.001
LSTM5_9a9012e7,LSTM5,loso_subject_S012,65,0.01080071619765152,,0.07484832344995196,,0.001
LSTM5_9a9012e7,LSTM5,loso_subject_S012,66,0.010515185251077103,,0.07436831102059627,,0.001
LSTM5_9a9012e7,LSTM5,loso_subject_S012,67,0.009519387882957768,,0.07060725708627491,,0.001
LSTM5_9a9012e7,LSTM5,loso_subject_S012,68,0.009632192965509389,,0.07129111979129381,,0.001
LSTM5_9a9012e7,LSTM5,loso_subject_S012,69,0.009884520514530407,,0.07017360671413803,,0.001
LSTM5_9a9012e7,LSTM5,loso_subject_S012,70,0.009499661998054704,,0.07065094997135378,,0.001
LSTM5_9a9012e7,LSTM5,loso_subject_S012,71,0.010823468184276387,,0.07394126918216108,,0.001
LSTM5_9a9012e7,LSTM5,loso_subject_S012,72,0.010077588002795077,,0.07276229101633885,,0.001
LSTM5_9a9012e7,LSTM5,loso_subject_S012,73,0.009570633851418412,,0.06998690786428213,,0.001
LSTM5_9a9012e7,LSTM5,loso_subject_S012,74,0.009869421921703259,,0.07044011087713438,,0.001
LSTM5_9a9012e7,LSTM5,loso_subject_S012,75,0.010567029951777577,,0.0746967350049341,,0.001
LSTM5_9a9012e7,LSTM5,loso_subject_S012,76,0.009906770995983557,,0.07049114438493172,,0.001
LSTM5_9a9012e7,LSTM5,loso_subject_S012,77,0.010056124086848701,,0.0711026546997996,,0.001
LSTM5_9a9012e7,LSTM5,loso_subject_S012,78,0.00903050834094222,,0.0679295318570431,,0.001
LSTM5_9a9012e7,LSTM5,loso_subject_S012,79,0.009809685523639516,,0.0708259304561454,,0.001
LSTM5_9a9012e7,LSTM5,loso_subject_S012,80,0.009231842488252862,,0.06881036030869828,,0.001
LSTM5_9a9012e7,LSTM5,loso_subject_S013,1,0.2946591701560442,,0.38717172805771405,,0.001
LSTM5_9a9012e7,LSTM5,loso_subject_S013,2,0.04827392727132101,,0.16369503552881906,,0.001
LSTM5_9a9012e7,LSTM5,loso_subject_S013,3,0.031806023511161526,,0.13363914018033887,,0.001
LSTM5_9a9012e7,LSTM5,loso_subject_S013,4,0.025008153134255997,,0.11959842363975282,,0.001
LSTM5_9a9012e7,LSTM5,loso_subject_S013,5,0.021537653689619234,,0.11092349644857502,,0.001
LSTM5_9a9012e7,LSTM5,loso_subject_S013,6,0.020271658388739313,,0.1070892077583347,,0.001
LSTM5_9a9012e7,LSTM5,loso_subject_S013,7,0.017988963441174934,,0.1003448110577954,,0.001
LSTM5_9a9012e7,LSTM5,loso_subject_S013,8,0.01630953711756713,,0.09617948148635312,,0.001
LSTM5_9a9012e7,LSTM5,loso_subject_S013,9,0.016319104803874388,,0.09481845651968948,,0.001
LSTM5_9a9012e7,LSTM5,loso_subject_S013,10,0.015338970058663321,,0.091851499356846,,0.001
LSTM5_9a9012e7,LSTM5,loso_subject_S013,11,0.015062746764991072,,0.09189993119622374,,0.001
LSTM5_9a9012e7,LSTM5,loso_subject_S013,12,0.015403165403599003,,0.09184138325716631,,0.001
LSTM5_9a9012e7,LSTM5,loso_subject_S013,13,0.012900965363847426,,0.08474282456137287,,0.001
LSTM5_9a9012e7,LSTM5,loso_subject_S013,14,0.013330890446599058,,0.08388207522154649,,0.001
LSTM5_9a9012e7,LSTM5,loso_subject_S013,15,0.014581502585827204,,0.08903691097484948,,0.001
LSTM5_9a9012e7,LSTM5,loso_subject_S013,16,0.013336232727178652,,0.08497454663171863,,0.001
LSTM5_9a9012e7,LSTM5,loso_subject_S013,17,0.01303409020406006,,0.08353489921142071,,0.001
LSTM5_9a9012e7,LSTM5,loso_subject_S013,18,0.01242587181801259,,0.08218070563766908,,0.001
LSTM5_9a9012e7,LSTM5,loso_subject_S013,19,0.012272981725618482,,0.0811746263464328,,0.001
LSTM5_9a9012e7,LSTM5,loso_subject_S013,20,0.012522269023146425,,0.08229347656540462,,0.001
LSTM5_9a9012e7,LSTM5,loso_subject_S013,21,0.011956750874018762,,0.08077185992360152,,0.001
LSTM5_9a9012e7,LSTM5,loso_subject_S013,22,0.012053788084984548,,0.08063231361451886,,0.001
LSTM5_9a9012e7,LSTM5,loso_subject_S013,23,0.012282513654411579,,0.08032970119165067,,0.001
LSTM5_9a9012e7,LSTM5,loso_subject_S013,24,0.011815129858510732,,0.07899839743462037,,0.001
LSTM5_9a9012e7,LSTM5,loso_subject_S013,25,0.011902988238399439,,0.0786021132266886,,0.001
LSTM5_9a9012e7,LSTM5,loso_subject_S013,26,0.01258138060043057,,0.08249713035648316,,0.001
LSTM5_9a9012e7,LSTM5,loso_subject_S013,27,0.011852851907558831,,0.0792302621983594,,0.001
LSTM5_9a9012e7,LSTM5,loso_subject_S013,28,0.011283896301509014,,0.0775301172954907,,0.001
LSTM5_9a9012e7,LSTM5,loso_subject_S013,29,0.012542315704627919,,0.08091262355334031,,0.001
LSTM5_9a9012e7,LSTM5,loso_subject_S013,30,0.012106671215712014,,0.0790714414335185,,0.001
LSTM5_9a9012e7,LSTM5,loso_subject_S013,31,0.01087578018445464,,0.0763150920317168,,0.001
LSTM5_9a9012e7,LSTM5,loso_subject_S013,32,0.011041975644725293,,0.07622571049307174,,0.001
LSTM5_9a9012e7,LSTM5,loso_subject_S013,33,0.01098093216536133,,0.07645390453079308,,0.001
LSTM5_9a9012e7,LSTM5,loso_subject_S013,34,0.011247772075486226,,0.07681466230083299,,0.001
LSTM5_9a9012e7,LSTM5,loso_subject_S013,35,0.012012007855760882,,0.07905868263117227,,0.001
LSTM5_9a9012e7,LSTM5,loso_subject_S013,36,0.010758671135583268,,0.07439646172209505,,0.001
LSTM5_9a9012e7,LSTM5,loso_subject_S013,37,0.011020957033679706,,0.07642421264188996,,0.001
LSTM5_9a9012e7,LSTM5,loso_subject_S013,38,0.01121608986875396,,0.07663404755012361,,0.001
LSTM5_9a9012e7,LSTM5,loso_subject_S013,39,0.010336766585644504,,0.07413270911853169,,0.001
LSTM5_9a9012e7,LSTM5,loso_subject_S013,40,0.010606707628650573,,0.07482204982819718,,0.001
LSTM5_9a9012e7,LSTM5,loso_subject_S013,41,0.011341981117788712,,0.07702056541159194,,0.001
LSTM5_9a9012e7,LSTM5,loso_subject_S013,42,0.011237493590988915,,0.07624816970548376,,0.001
LSTM5_9a9012e7,LSTM5,loso_subject_S013,43,0.011022144584016225,,0.07593989667750256,,0.001
LSTM5_9a9012e7,LSTM5,loso_subject_S013,44,0.010236365259479806,,0.07261045205612959,,0.001
LSTM5_9a9012e7,LSTM5,loso_subject_S013,45,0.011165737964228685,,0.07670458067629217,,0.001
LSTM5_9a9012e7,LSTM5,loso_subject_S013,46,0.01062631620223319,,0.07296014636700852,,0.001
LSTM5_9a9012e7,LSTM5,loso_subject_S013,47,0.010598256321645915,,0.07289270895933368,,0.001
LSTM5_9a9012e7,LSTM5,loso_subject_S013,48,0.011158153062272967,,0.0743130974532473,,0.001
LSTM5_9a9012e7,LSTM5,loso_subject_S013,49,0.0102449629084742,,0.07173760524039337,,0.001
LSTM5_9a9012e7,LSTM5,loso_subject_S013,50,0.00974364545677887,,0.07109002129614912,,0.001
LSTM5_9a9012e7,LSTM5,loso_subject_S013,51,0.010479499898341129,,0.0735861757624124,,0.001
LSTM5_9a9012e7,LSTM5,loso_subject_S013,52,0.009898482210304822,,0.07172994457507834,,0.001
LSTM5_9a9012e7,LSTM5,loso_subject_S013,53,0.01003324674076423,,0.07222701684926229,,0.001
LSTM5_9a9012e7,LSTM5,loso_subject_S013,54,0.009889099871288042,,0.07044858853816265,,0.001
LSTM5_9a9012e7,LSTM5,loso_subject_S013,55,0.010756381088374348,,0.07421633029594012,,0.001
LSTM5_9a9012e7,LSTM5,loso_subject_S013,56,0.01008527671065054,,0.07160679188247092,,0.001
LSTM5_9a9012e7,LSTM5,loso_subject_S013,57,0.011316631650938443,,0.0748988185241444,,0.001
LSTM5_9a9012e7,LSTM5,loso_subject_S013,58,0.01122151628106183,,0.07531232018697057,,0.001
LSTM5_9a9012e7,LSTM5,loso_subject_S013,59,0.009969752864439019,,0.07097700707864804,,0.001
LSTM5_9a9012e7,LSTM5,loso_subject_S013,60,0.011008522303252194,,0.07455061098418017,,0.001
LSTM5_9a9012e7,LSTM5,loso_subject_S013,61,0.010233133042452824,,0.07233332357161557,,0.001
LSTM5_9a9012e7,LSTM5,loso_subject_S013,62,0.010365012865101898,,0.07379589036734148,,0.001
LSTM5_9a9012e7,LSTM5,loso_subject_S013,63,0.010662368557390807,,0.07449116796264134,,0.001
LSTM5_9a9012e7,LSTM5,loso_subject_S013,64,0.00972027107232986,,0.07030938925515368,,0.001
LSTM5_9a9012e7,LSTM5,loso_subject_S013,65,0.009822292328659075,,0.07091846819848607,,0.001
LSTM5_9a9012e7,LSTM5,loso_subject_S013,66,0.009987142329509424,,0.0714442901947157,,0.001
LSTM5_9a9012e7,LSTM5,loso_subject_S013,67,0.01125528818997914,,0.07490455103649575,,0.001
LSTM5_9a9012e7,LSTM5,loso_subject_S013,68,0.009696171554146645,,0.07123382040588487,,0.001
LSTM5_9a9012e7,LSTM5,loso_subject_S013,69,0.010381601695163058,,0.07143344771530893,,0.001
LSTM5_9a9012e7,LSTM5,loso_subject_S013,70,0.009625274950512658,,0.07084352323233341,,0.001
LSTM5_9a9012e7,LSTM5,loso_subject_S013,71,0.009898199259393456,,0.07152849248131947,,0.001
LSTM5_9a9012e7,LSTM5,loso_subject_S013,72,0.009406676169968702,,0.06901221833570488,,0.001
LSTM5_9a9012e7,LSTM5,loso_subject_S013,73,0.009759122294875985,,0.06969338853522354,,0.001
LSTM5_9a9012e7,LSTM5,loso_subject_S013,74,0.009643842684273653,,0.07019926098158712,,0.001
LSTM5_9a9012e7,LSTM5,loso_subject_S013,75,0.009543614553091943,,0.07053978925910892,,0.001
LSTM5_9a9012e7,LSTM5,loso_subject_S013,76,0.009730531719589085,,0.06972044059183971,,0.001
LSTM5_9a9012e7,LSTM5,loso_subject_S013,77,0.009383415101790226,,0.07024012492925082,,0.001
LSTM5_9a9012e7,LSTM5,loso_subject_S013,78,0.008898887424491506,,0.06747667011197249,,0.001
LSTM5_9a9012e7,LSTM5,loso_subject_S013,79,0.009576464516242958,,0.06906765486448417,,0.001
LSTM5_9a9012e7,LSTM5,loso_subject_S013,80,0.009481478261285132,,0.068976552620679,,0.001
LSTM5_9a9012e7,LSTM5,loso_subject_S014,1,0.3130508200342125,,0.40779385102683646,,0.001
LSTM5_9a9012e7,LSTM5,loso_subject_S014,2,0.052075414610895626,,0.172985636012278,,0.001
LSTM5_9a9012e7,LSTM5,loso_subject_S014,3,0.032823426128816405,,0.13811601418750938,,0.001
LSTM5_9a9012e7,LSTM5,loso_subject_S014,4,0.02563529989696912,,0.1212774025434079,,0.001
LSTM5_9a9012e7,LSTM5,loso_subject_S014,5,0.023913072088197547,,0.11638984269892089,,0.001
LSTM5_9a9012e7,LSTM5,loso_subject_S014,6,0.020879032581473708,,0.10971275735975418,,0.001
LSTM5_9a9012e7,LSTM5,loso_subject_S014,7,0.019736117815202455,,0.10592019951332832,,0.001
LSTM5_9a9012e7,LSTM5,loso_subject_S014,8,0.01853198766657083,,0.10218473078738212,,0.001
LSTM5_9a9012e7,LSTM5,loso_subject_S014,9,0.016838407848087194,,0.09753185284731809,,0.001
LSTM5_9a9012e7,LSTM5,loso_subject_S014,10,0.015103792605001175,,0.09252263883012242,,0.001
LSTM5_9a9012e7,LSTM5,loso_subject_S014,11,0.015519924049143867,,0.09361052709812534,,0.001
LSTM5_9a9012e7,LSTM5,loso_subject_S014,12,0.015349816128837915,,0.09248378225600816,,0.001
LSTM5_9a9012e7,LSTM5,loso_subject_S014,13,0.013754944155643316,,0.08777495897554845,,0.001
LSTM5_9a9012e7,LSTM5,loso_subject_S014,14,0.014336510384954296,,0.08955477179434798,,0.001
LSTM5_9a9012e7,LSTM5,loso_subject_S014,15,0.014051086565078785,,0.08820512577271397,,0.001
LSTM5_9a9012e7,LSTM5,loso_subject_S014,16,0.012632327634574713,,0.08402866097008244,,0.001
LSTM5_9a9012e7,LSTM5,loso_subject_S014,17,0.012427232159366867,,0.08193992142306585,,0.001
LSTM5_9a9012e7,LSTM5,loso_subject_S014,18,0.013274124656814778,,0.08516664279190518,,0.001
LSTM5_9a9012e7,LSTM5,loso_subject_S014,19,0.013364022139396293,,0.08670096104282778,,0.001
LSTM5_9a9012e7,LSTM5,loso_subject_S014,20,0.01291347683575456,,0.08425411848260485,,0.001
LSTM5_9a9012e7,LSTM5,loso_subject_S014,21,0.012134231893199088,,0.0824344688611129,,0.001
LSTM5_9a9012e7,LSTM5,loso_subject_S014,22,0.012513370619012466,,0.08228945171037358,,0.001
LSTM5_9a9012e7,LSTM5,loso_subject_S014,23,0.01249442789820685,,0.08109453847016877,,0.001
LSTM5_9a9012e7,LSTM5,loso_subject_S014,24,0.012570444204510306,,0.08261999239561373,,0.001
LSTM5_9a9012e7,LSTM5,loso_subject_S014,25,0.011808112728643903,,0.0790793020807851,,0.001
LSTM5_9a9012e7,LSTM5,loso_subject_S014,26,0.012379006649635396,,0.08006892123601637,,0.001
LSTM5_9a9012e7,LSTM5,loso_subject_S014,27,0.012589711097978665,,0.08138254866231455,,0.001
LSTM5_9a9012e7,LSTM5,loso_subject_S014,28,0.011543308318233293,,0.07880430188129242,,0.001
LSTM5_9a9012e7,LSTM5,loso_subject_S014,29,0.011858270252979254,,0.08002839391101658,,0.001
LSTM5_9a9012e7,LSTM5,loso_subject_S014,30,0.010900554467974952,,0.0767881266328968,,0.001
LSTM5_9a9012e7,LSTM5,loso_subject_S014,31,0.011339560812866035,,0.07757828877477795,,0.001
LSTM5_9a9012e7,LSTM5,loso_subject_S014,32,0.012060023198086535,,0.08062892182836344,,0.001
LSTM5_9a9012e7,LSTM5,loso_subject_S014,33,0.011149277972334545,,0.07656242150843447,,0.001
LSTM5_9a9012e7,LSTM5,loso_subject_S014,34,0.010817225744283796,,0.07569362577614011,,0.001
LSTM5_9a9012e7,LSTM5,loso_subject_S014,35,0.011259004827705874,,0.07739351869111145,,0.001
LSTM5_9a9012e7,LSTM5,loso_subject_S014,36,0.010862084066027547,,0.07576598460732803,,0.001
LSTM5_9a9012e7,LSTM5,loso_subject_S014,37,0.011127598047372431,,0.07688294667098308,,0.001
LSTM5_9a9012e7,LSTM5,loso_subject_S014,38,0.010235382692508715,,0.07415325847777447,,0.001
LSTM5_9a9012e7,LSTM5,loso_subject_S014,39,0.010466475857032056,,0.07485521842319429,,0.001
LSTM5_9a9012e7,LSTM5,loso_subject_S014,40,0.010732794314593888,,0.07531379065143246,,0.001
LSTM5_9a9012e7,LSTM5,loso_subject_S014,41,0.01087112419850248,,0.07672367114724245,,0.001
LSTM5_9a9012e7,LSTM5,loso_subject_S014,42,0.010808219527728148,,0.07539654406502874,,0.001
LSTM5_9a9012e7,LSTM5,loso_subject_S014,43,0.010996381873172919,,0.07590526443747517,,0.001
LSTM5_9a9012e7,LSTM5,loso_subject_S014,44,0.010295140847175716,,0.07394359572334798,,0.001
LSTM5_9a9012e7,LSTM5,loso_subject_S014,45,0.011151135298408138,,0.07623522442120773,,0.001
LSTM5_9a9012e7,LSTM5,loso_subject_S014,46,0.011084382764998443,,0.07455771004313375,,0.001
LSTM5_9a9012e7,LSTM5,loso_subject_S014,47,0.010795594037216924,,0.07538864626227222,,0.001
LSTM5_9a9012e7,LSTM5,loso_subject_S014,48,0.01112933769633682,,0.07731488534711821,,0.001
LSTM5_9a9012e7,LSTM5,loso_subject_S014,49,0.0100501076980647,,0.0733620842076354,,0.001
LSTM5_9a9012e7,LSTM5,loso_subject_S014,50,0.011617755146618555,,0.07731914406977382,,0.001
LSTM5_9a9012e7,LSTM5,loso_subject_S014,51,0.010635129066808018,,0.0758301051424421,,0.001
LSTM5_9a9012e7,LSTM5,loso_subject_S014,52,0.01016713543696091,,0.07254183565792442,,0.001
LSTM5_9a9012e7,LSTM5,loso_subject_S014,53,0.010118595064377685,,0.07226426093940855,,0.001
LSTM5_9a9012e7,LSTM5,loso_subject_S014,54,0.01093291385489271,,0.07494968805206782,,0.001
LSTM5_9a9012e7,LSTM5,loso_subject_S014,55,0.010275996591656367,,0.07295847979068434,,0.001
LSTM5_9a9012e7,LSTM5,loso_subject_S014,56,0.01053589506342949,,0.07268969764594581,,0.001
LSTM5_9a9012e7,LSTM5,loso_subject_S014,57,0.009998471676005429,,0.0716372951954398,,0.001
LSTM5_9a9012e7,LSTM5,loso_subject_S014,58,0.010834635375862045,,0.07484397896479361,,0.001
LSTM5_9a9012e7,LSTM5,loso_subject_S014,59,0.010685562979584949,,0.07368695618742528,,0.001
LSTM5_9a9012e7,LSTM5,loso_subject_S014,60,0.011086776776228683,,0.07557607354276803,,0.001
LSTM5_9a9012e7,LSTM5,loso_subject_S014,61,0.010789551805627896,,0.07561575321871447,,0.001
LSTM5_9a9012e7,LSTM5,loso_subject_S014,62,0.010409557444830384,,0.07472730356172971,,0.001
LSTM5_9a9012e7,LSTM5,loso_subject_S014,63,0.010939131492837501,,0.07586651843568587,,0.001
LSTM5_9a9012e7,LSTM5,loso_subject_S014,64,0.010288705624499496,,0.07330264865602786,,0.001
LSTM5_9a9012e7,LSTM5,loso_subject_S014,65,0.01083538617545154,,0.07507302505916123,,0.001
LSTM5_9a9012e7,LSTM5,loso_subject_S014,66,0.010036934195719134,,0.07267321601501128,,0.001
LSTM5_9a9012e7,LSTM5,loso_subject_S014,67,0.010577167499731291,,0.07401753746171584,,0.001
LSTM5_9a9012e7,LSTM5,loso_subject_S014,68,0.01018297471734925,,0.07061528123689961,,0.001
LSTM5_9a9012e7,LSTM5,loso_subject_S014,69,0.010017152095146073,,0.0714381470812434,,0.001
LSTM5_9a9012e7,LSTM5,loso_subject_S014,70,0.01058985980072044,,0.0725830462977259,,0.001
LSTM5_9a9012e7,LSTM5,loso_subject_S014,71,0.009973710248415715,,0.0719451460517905,,0.001
LSTM5_9a9012e7,LSTM5,loso_subject_S014,72,0.00955781685224651,,0.06966895328216373,,0.001
LSTM5_9a9012e7,LSTM5,loso_subject_S014,73,0.00956232461239836,,0.07044006753417412,,0.001
LSTM5_9a9012e7,LSTM5,loso_subject_S014,74,0.009821228701950225,,0.07239318587525952,,0.001
LSTM5_9a9012e7,LSTM5,loso_subject_S014,75,0.00998063766991564,,0.07136638955160444,,0.001
LSTM5_9a9012e7,LSTM5,loso_subject_S014,76,0.009741365651030565,,0.07075534876022321,,0.001
LSTM5_9a9012e7,LSTM5,loso_subject_S014,77,0.009073803368083345,,0.0697454414398718,,0.001
LSTM5_9a9012e7,LSTM5,loso_subject_S014,78,0.009698743414299925,,0.07070296096056031,,0.001
LSTM5_9a9012e7,LSTM5,loso_subject_S014,79,0.009493079032153516,,0.06991166378371697,,0.001
LSTM5_9a9012e7,LSTM5,loso_subject_S014,80,0.010098172090175475,,0.07188706196993991,,0.001
LSTM5_9a9012e7,LSTM5,loso_subject_S016,1,0.2987010962335316,,0.40405600922700213,,0.001
LSTM5_9a9012e7,LSTM5,loso_subject_S016,2,0.046236607308923844,,0.16233060516901976,,0.001
LSTM5_9a9012e7,LSTM5,loso_subject_S016,3,0.03091525586222756,,0.13263098257180503,,0.001
LSTM5_9a9012e7,LSTM5,loso_subject_S016,4,0.024727566998738508,,0.11926644580251367,,0.001
LSTM5_9a9012e7,LSTM5,loso_subject_S016,5,0.02185065571064427,,0.11275274471418392,,0.001
LSTM5_9a9012e7,LSTM5,loso_subject_S016,6,0.018968252648086943,,0.1036024692319554,,0.001
LSTM5_9a9012e7,LSTM5,loso_subject_S016,7,0.016966746416846677,,0.09908296352131127,,0.001
LSTM5_9a9012e7,LSTM5,loso_subject_S016,8,0.01683894977546655,,0.09728974059841336,,0.001
LSTM5_9a9012e7,LSTM5,loso_subject_S016,9,0.01596979864338446,,0.09486167020875322,,0.001
LSTM5_9a9012e7,LSTM5,loso_subject_S016,10,0.015363596833845567,,0.09375288929106922,,0.001
LSTM5_9a9012e7,LSTM5,loso_subject_S016,11,0.015160871201233399,,0.09139167951232582,,0.001
LSTM5_9a9012e7,LSTM5,loso_subject_S016,12,0.014730044508341854,,0.09073402834890862,,0.001
LSTM5_9a9012e7,LSTM5,loso_subject_S016,13,0.013719769584885716,,0.08803007021634536,,0.001
LSTM5_9a9012e7,LSTM5,loso_subject_S016,14,0.01294425438825019,,0.08385166792121865,,0.001
LSTM5_9a9012e7,LSTM5,loso_subject_S016,15,0.012798457372294375,,0.08451943326983931,,0.001
LSTM5_9a9012e7,LSTM5,loso_subject_S016,16,0.013171877473945449,,0.08547235986537483,,0.001
LSTM5_9a9012e7,LSTM5,loso_subject_S016,17,0.012484145969064279,,0.0820504940737634,,0.001
LSTM5_9a9012e7,LSTM5,loso_subject_S016,18,0.012558608195749965,,0.08288869100385869,,0.001
LSTM5_9a9012e7,LSTM5,loso_subject_S016,19,0.012449187162668395,,0.08329962290073993,,0.001
LSTM5_9a9012e7,LSTM5,loso_subject_S016,20,0.01176967688411827,,0.08114569914587856,,0.001
LSTM5_9a9012e7,LSTM5,loso_subject_S016,21,0.012332293138282715,,0.08253402918048158,,0.001
LSTM5_9a9012e7,LSTM5,loso_subject_S016,22,0.012395974936393592,,0.08204346074331442,,0.001
LSTM5_9a9012e7,LSTM5,loso_subject_S016,23,0.012199302329599152,,0.08175812697798543,,0.001
LSTM5_9a9012e7,LSTM5,loso_subject_S016,24,0.011837453538408647,,0.07927006209743094,,0.001
LSTM5_9a9012e7,LSTM5,loso_subject_S016,25,0.010805224466341487,,0.07630493682340757,,0.001
LSTM5_9a9012e7,LSTM5,loso_subject_S016,26,0.011378526516787751,,0.07728526934364138,,0.001
LSTM5_9a9012e7,LSTM5,loso_subject_S016,27,0.010937284771904084,,0.07717553490012355,,0.001
LSTM5_9a9012e7,LSTM5,loso_subject_S016,28,0.011270960457292359,,0.07811770795365057,,0.001
LSTM5_9a9012e7,LSTM5,loso_subject_S016,29,0.011983462564162248,,0.07986029927899851,,0.001
LSTM5_9a9012e7,LSTM5,loso_subject_S016,30,0.011857146141532611,,0.0798219259497682,,0.001
LSTM5_9a9012e7,LSTM5,loso_subject_S016,31,0.01221308033450468,,0.08071458427863713,,0.001
LSTM5_9a9012e7,LSTM5,loso_subject_S016,32,0.011688016012266895,,0.07989210280970004,,0.001
LSTM5_9a9012e7,LSTM5,loso_subject_S016,33,0.010657487022718029,,0.07544686283761932,,0.001
LSTM5_9a9012e7,LSTM5,loso_subject_S016,34,0.011224556327439272,,0.07766073637989146,,0.001
LSTM5_9a9012e7,LSTM5,loso_subject_S016,35,0.011187235060969048,,0.07605208742195332,,0.001
LSTM5_9a9012e7,LSTM5,loso_subject_S016,36,0.011373272302323545,,0.07686580133861338,,0.001
LSTM5_9a9012e7,LSTM5,loso_subject_S016,37,0.011301276804162905,,0.07598600327615908,,0.001
LSTM5_9a9012e7,LSTM5,loso_subject_S016,38,0.011160484264940904,,0.0768466004076794,,0.001
LSTM5_9a9012e7,LSTM5,loso_subject_S016,39,0.01074495558467137,,0.07629702316057047,,0.001
LSTM5_9a9012e7,LSTM5,loso_subject_S016,40,0.010175434851567067,,0.07306638918155749,,0.001
LSTM5_9a9012e7,LSTM5,loso_subject_S016,41,0.01127268885146584,,0.07761615425700973,,0.001
LSTM5_9a9012e7,LSTM5,loso_subject_S016,42,0.01133092562144501,,0.07790892934481773,,0.001
LSTM5_9a9012e7,LSTM5,loso_subject_S016,43,0.010769462016736262,,0.07534211013444077,,0.001
LSTM5_9a9012e7,LSTM5,loso_subject_S016,44,0.010854611804808033,,0.0764611866788046,,0.001
LSTM5_9a9012e7,LSTM5,loso_subject_S016,45,0.01030797439203019,,0.0739558488218742,,0.001
LSTM5_9a9012e7,LSTM5,loso_subject_S016,46,0.010820138696911773,,0.07450986125412777,,0.001
LSTM5_9a9012e7,LSTM5,loso_subject_S016,47,0.01125102991888509,,0.07589165580695903,,0.001
LSTM5_9a9012e7,LSTM5,loso_subject_S016,48,0.009612019229459869,,0.07193138640395988,,0.001
LSTM5_9a9012e7,LSTM5,loso_subject_S016,49,0.010191583037155972,,0.07284983612552902,,0.001
LSTM5_9a9012e7,LSTM5,loso_subject_S016,50,0.010997488809275556,,0.07612328760369995,,0.001
LSTM5_9a9012e7,LSTM5,loso_subject_S016,51,0.010164365850212659,,0.07400782538588936,,0.001
LSTM5_9a9012e7,LSTM5,loso_subject_S016,52,0.009840705103555022,,0.07180635923817313,,0.001
LSTM5_9a9012e7,LSTM5,loso_subject_S016,53,0.009680189622136263,,0.07105989521424445,,0.001
LSTM5_9a9012e7,LSTM5,loso_subject_S016,54,0.009858570847461915,,0.07087469557685964,,0.001
LSTM5_9a9012e7,LSTM5,loso_subject_S016,55,0.009402657896500721,,0.069260566544956,,0.001
LSTM5_9a9012e7,LSTM5,loso_subject_S016,56,0.010309775815119404,,0.07265191377090985,,0.001
LSTM5_9a9012e7,LSTM5,loso_subject_S016,57,0.01067095932126398,,0.07404016782722529,,0.001
LSTM5_9a9012e7,LSTM5,loso_subject_S016,58,0.010635135930097668,,0.07399565152515321,,0.001
LSTM5_9a9012e7,LSTM5,loso_subject_S016,59,0.010937351484358664,,0.07541629689684987,,0.001
LSTM5_9a9012e7,LSTM5,loso_subject_S016,60,0.011107821620383559,,0.07678596503018628,,0.001
LSTM5_9a9012e7,LSTM5,loso_subject_S016,61,0.009671943536105418,,0.07065628244591182,,0.001
LSTM5_9a9012e7,LSTM5,loso_subject_S016,62,0.010462981954040612,,0.07201484661306855,,0.001
LSTM5_9a9012e7,LSTM5,loso_subject_S016,63,0.010297589692887823,,0.07238500118255616,,0.001
LSTM5_9a9012e7,LSTM5,loso_subject_S016,64,0.009274853954433337,,0.06889158652202618,,0.001
LSTM5_9a9012e7,LSTM5,loso_subject_S016,65,0.010337706440343307,,0.07262597897437197,,0.001
LSTM5_9a9012e7,LSTM5,loso_subject_S016,66,0.010893224420014924,,0.07517616657992086,,0.001
LSTM5_9a9012e7,LSTM5,loso_subject_S016,67,0.00957318579987485,,0.0704146973744652,,0.001
LSTM5_9a9012e7,LSTM5,loso_subject_S016,68,0.010164817101349668,,0.0725324713134554,,0.001
LSTM5_9a9012e7,LSTM5,loso_subject_S016,69,0.010415139299481225,,0.07278843414501325,,0.001
LSTM5_9a9012e7,LSTM5,loso_subject_S016,70,0.01025590239059643,,0.07308712056755315,,0.001
LSTM5_9a9012e7,LSTM5,loso_subject_S016,71,0.01058870738416293,,0.07393547446417385,,0.001
LSTM5_9a9012e7,LSTM5,loso_subject_S016,72,0.009974569046440033,,0.0712735724078833,,0.001
LSTM5_9a9012e7,LSTM5,loso_subject_S016,73,0.010305811342447114,,0.07233407674632834,,0.001
LSTM5_9a9012e7,LSTM5,loso_subject_S016,74,0.010430164419158675,,0.07418504195982183,,0.001
LSTM5_9a9012e7,LSTM5,loso_subject_S016,75,0.010017564748386307,,0.07179435060398114,,0.001
LSTM5_9a9012e7,LSTM5,loso_subject_S016,76,0.009739663177472952,,0.071897143883818,,0.001
LSTM5_9a9012e7,LSTM5,loso_subject_S016,77,0.009574338534747708,,0.07066884871417954,,0.001
LSTM5_9a9012e7,LSTM5,loso_subject_S016,78,0.009942650670990259,,0.07186744298631623,,0.001
LSTM5_9a9012e7,LSTM5,loso_subject_S016,79,0.009668489104720969,,0.06986909493715805,,0.001
LSTM5_9a9012e7,LSTM5,loso_subject_S016,80,0.010070969884079942,,0.07157434638611664,,0.001
LSTM5_9a9012e7,LSTM5,loso_subject_S017,1,0.31854780447511555,,0.4141728772016864,,0.001
LSTM5_9a9012e7,LSTM5,loso_subject_S017,2,0.04731250265493548,,0.1675838564122154,,0.001
LSTM5_9a9012e7,LSTM5,loso_subject_S017,3,0.028356260145631234,,0.12941208407438654,,0.001
LSTM5_9a9012e7,LSTM5,loso_subject_S017,4,0.022675018716956347,,0.11429370714678207,,0.001
LSTM5_9a9012e7,LSTM5,loso_subject_S017,5,0.020782243726429457,,0.11086419064686268,,0.001
LSTM5_9a9012e7,LSTM5,loso_subject_S017,6,0.017874798278065807,,0.10114619520962825,,0.001
LSTM5_9a9012e7,LSTM5,loso_subject_S017,7,0.017541371561666994,,0.10016820740933058,,0.001
LSTM5_9a9012e7,LSTM5,loso_subject_S017,8,0.017887540258999222,,0.10070336157745984,,0.001
LSTM5_9a9012e7,LSTM5,loso_subject_S017,9,0.015620696696046264,,0.09429839479592013,,0.001
LSTM5_9a9012e7,LSTM5,loso_subject_S017,10,0.015197419915387247,,0.09130435562958317,,0.001
LSTM5_9a9012e7,LSTM5,loso_subject_S017,11,0.01386166823299422,,0.08908472051674264,,0.001
LSTM5_9a9012e7,LSTM5,loso_subject_S017,12,0.014125837597880242,,0.08863193824028022,,0.001
LSTM5_9a9012e7,LSTM5,loso_subject_S017,13,0.01403198848345768,,0.08624591058649374,,0.001
LSTM5_9a9012e7,LSTM5,loso_subject_S017,14,0.013730515838604313,,0.08834813752030486,,0.001
LSTM5_9a9012e7,LSTM5,loso_subject_S017,15,0.01273593334784419,,0.08524513436068981,,0.001
LSTM5_9a9012e7,LSTM5,loso_subject_S017,16,0.013371623697191753,,0.08615557479660725,,0.001
LSTM5_9a9012e7,LSTM5,loso_subject_S017,17,0.01325172485941189,,0.08544961240644558,,0.001
LSTM5_9a9012e7,LSTM5,loso_subject_S017,18,0.013204359831491585,,0.08497983264876793,,0.001
LSTM5_9a9012e7,LSTM5,loso_subject_S017,19,0.013512503184335852,,0.08600218752791428,,0.001
LSTM5_9a9012e7,LSTM5,loso_subject_S017,20,0.012408212873937792,,0.08176175900046277,,0.001
LSTM5_9a9012e7,LSTM5,loso_subject_S017,21,0.012062860739759351,,0.08063819835172292,,0.001
LSTM5_9a9012e7,LSTM5,loso_subject_S017,22,0.012136148976694659,,0.08084345036855484,,0.001
LSTM5_9a9012e7,LSTM5,loso_subject_S017,23,0.011776668071904875,,0.07969133902262103,,0.001
LSTM5_9a9012e7,LSTM5,loso_subject_S017,24,0.011465372529391712,,0.0782720555484847,,0.001
LSTM5_9a9012e7,LSTM5,loso_subject_S017,25,0.01148618716904618,,0.07801259604672514,,0.001
LSTM5_9a9012e7,LSTM5,loso_subject_S017,26,0.01143086740336945,,0.07840078364148366,,0.001
LSTM5_9a9012e7,LSTM5,loso_subject_S017,27,0.01035493523344923,,0.07470945468100641,,0.001
LSTM5_9a9012e7,LSTM5,loso_subject_S017,28,0.010875068763273757,,0.07700278818349109,,0.001
LSTM5_9a9012e7,LSTM5,loso_subject_S017,29,0.011394127761521622,,0.07905684980280833,,0.001
LSTM5_9a9012e7,LSTM5,loso_subject_S017,30,0.012738557141201867,,0.08193985523485162,,0.001
LSTM5_9a9012e7,LSTM5,loso_subject_S017,31,0.01223043852975725,,0.08019608764068596,,0.001
LSTM5_9a9012e7,LSTM5,loso_subject_S017,32,0.011762925210259442,,0.07904343201058424,,0.001
LSTM5_9a9012e7,LSTM5,loso_subject_S017,33,0.01147600477224665,,0.07571892176087237,,0.001
LSTM5_9a9012e7,LSTM5,loso_subject_S017,34,0.010475511355745747,,0.07426792679035667,,0.001
LSTM5_9a9012e7,LSTM5,loso_subject_S017,35,0.01234131223266966,,0.07865032942563269,,0.001
LSTM5_9a9012e7,LSTM5,loso_subject_S017,36,0.010710926125984175,,0.07517453761003891,,0.001
LSTM5_9a9012e7,LSTM5,loso_subject_S017,37,0.010757914004991544,,0.0758985000597672,,0.001
LSTM5_9a9012e7,LSTM5,loso_subject_S017,38,0.010771818304880184,,0.07516791374782394,,0.001
LSTM5_9a9012e7,LSTM5,loso_subject_S017,39,0.011930632309541262,,0.07981163365496498,,0.001
LSTM5_9a9012e7,LSTM5,loso_subject_S017,40,0.010475422498334032,,0.07441219040349878,,0.001
LSTM5_9a9012e7,LSTM5,loso_subject_S017,41,0.010089573829092835,,0.0716062547365765,,0.001
LSTM5_9a9012e7,LSTM5,loso_subject_S017,42,0.0108038016283578,,0.07342924570321395,,0.001
LSTM5_9a9012e7,LSTM5,loso_subject_S017,43,0.01030745860166939,,0.07390110804842663,,0.001
LSTM5_9a9012e7,LSTM5,loso_subject_S017,44,0.010529252994624151,,0.0744772634828201,,0.001
LSTM5_9a9012e7,LSTM5,loso_subject_S017,45,0.010898015123224629,,0.07499090815867315,,0.001
LSTM5_9a9012e7,LSTM5,loso_subject_S017,46,0.010243094704245516,,0.07194020789676472,,0.001
LSTM5_9a9012e7,LSTM5,loso_subject_S017,47,0.010566058492970834,,0.0744022970252832,,0.001
LSTM5_9a9012e7,LSTM5,loso_subject_S017,48,0.009757892985797335,,0.0715354776723922,,0.001
LSTM5_9a9012e7,LSTM5,loso_subject_S017,49,0.010729340613244504,,0.07545190294723138,,0.001
LSTM5_9a9012e7,LSTM5,loso_subject_S017,50,0.010723874149863529,,0.07503192861569188,,0.001
LSTM5_9a9012e7,LSTM5,loso_subject_S017,51,0.010403002538833203,,0.07354542177392007,,0.001
LSTM5_9a9012e7,LSTM5,loso_subject_S017,52,0.010827026783770007,,0.07463352966743118,,0.001
LSTM5_9a9012e7,LSTM5,loso_subject_S017,53,0.010528475682390005,,0.07254480559981008,,0.001
LSTM5_9a9012e7,LSTM5,loso_subject_S017,54,0.010529514112764947,,0.07324833890814407,,0.001
LSTM5_9a9012e7,LSTM5,loso_subject_S017,55,0.00975463403447848,,0.0724347687262651,,0.001
LSTM5_9a9012e7,LSTM5,loso_subject_S017,56,0.009821284998932863,,0.07181993275123957,,0.001
LSTM5_9a9012e7,LSTM5,loso_subject_S017,57,0.010490750527070028,,0.0736547396597593,,0.001
LSTM5_9a9012e7,LSTM5,loso_subject_S017,58,0.00954221102707077,,0.07093743107097698,,0.001
LSTM5_9a9012e7,LSTM5,loso_subject_S017,59,0.010666690015242123,,0.07536347118694105,,0.001
LSTM5_9a9012e7,LSTM5,loso_subject_S017,60,0.009952617789420274,,0.0719771475904302,,0.001
LSTM5_9a9012e7,LSTM5,loso_subject_S017,61,0.010006102121359698,,0.07076427497109941,,0.001
LSTM5_9a9012e7,LSTM5,loso_subject_S017,62,0.010761584328336701,,0.07489517900768877,,0.001
LSTM5_9a9012e7,LSTM5,loso_subject_S017,63,0.00991023173636426,,0.07114258617794902,,0.001
LSTM5_9a9012e7,LSTM5,loso_subject_S017,64,0.010901634954528236,,0.07482302577652467,,0.001
LSTM5_9a9012e7,LSTM5,loso_subject_S017,65,0.010321220929125307,,0.07215783303402629,,0.001
LSTM5_9a9012e7,LSTM5,loso_subject_S017,66,0.00924659161214904,,0.06945821770428187,,0.001
LSTM5_9a9012e7,LSTM5,loso_subject_S017,67,0.010195265918656235,,0.07196806669279751,,0.001
LSTM5_9a9012e7,LSTM5,loso_subject_S017,68,0.009431485015306815,,0.06895089182531901,,0.001
LSTM5_9a9012e7,LSTM5,loso_subject_S017,69,0.010189923680127824,,0.07092266627299383,,0.001
LSTM5_9a9012e7,LSTM5,loso_subject_S017,70,0.009724291718768333,,0.0693203957758628,,0.001
LSTM5_9a9012e7,LSTM5,loso_subject_S017,71,0.009931671884064491,,0.07107462667870386,,0.001
LSTM5_9a9012e7,LSTM5,loso_subject_S017,72,0.010373049164939396,,0.07344403836463222,,0.001
LSTM5_9a9012e7,LSTM5,loso_subject_S017,73,0.009692790717429676,,0.07035179974242471,,0.001
LSTM5_9a9012e7,LSTM5,loso_subject_S017,74,0.009762648216882525,,0.06996923853696942,,0.001
LSTM5_9a9012e7,LSTM5,loso_subject_S017,75,0.010173582945776976,,0.07257915754566842,,0.001
LSTM5_9a9012e7,LSTM5,loso_subject_S017,76,0.00928328570885868,,0.0689980978291445,,0.001
LSTM5_9a9012e7,LSTM5,loso_subject_S017,77,0.010422246280221715,,0.07376579619990843,,0.001
LSTM5_9a9012e7,LSTM5,loso_subject_S017,78,0.009837812363566045,,0.07047851326476648,,0.001
LSTM5_9a9012e7,LSTM5,loso_subject_S017,79,0.009141794319339999,,0.06877633305068938,,0.001
LSTM5_9a9012e7,LSTM5,loso_subject_S017,80,0.009452484211402221,,0.06915054653949583,,0.001
LSTM5_9a9012e7,LSTM5,loso_subject_S018,1,0.296830495646814,,0.39491681782381777,,0.001
LSTM5_9a9012e7,LSTM5,loso_subject_S018,2,0.041408051382563205,,0.1543824728327126,,0.001
LSTM5_9a9012e7,LSTM5,loso_subject_S018,3,0.028357586029708556,,0.12804458785903677,,0.001
LSTM5_9a9012e7,LSTM5,loso_subject_S018,4,0.024380183151496877,,0.11788453964284024,,0.001
LSTM5_9a9012e7,LSTM5,loso_subject_S018,5,0.020066226915145022,,0.10561593541370402,,0.001
LSTM5_9a9012e7,LSTM5,loso_subject_S018,6,0.019260799231133295,,0.10358202752244353,,0.001
LSTM5_9a9012e7,LSTM5,loso_subject_S018,7,0.0180193374999712,,0.10068190886266262,,0.001
LSTM5_9a9012e7,LSTM5,loso_subject_S018,8,0.015948565894072418,,0.09525079335723409,,0.001
LSTM5_9a9012e7,LSTM5,loso_subject_S018,9,0.015686443822199168,,0.0946210767929489,,0.001
LSTM5_9a9012e7,LSTM5,loso_subject_S018,10,0.01518420747199351,,0.0924983023528218,,0.001
LSTM5_9a9012e7,LSTM5,loso_subject_S018,11,0.014726500943238971,,0.09016111494179607,,0.001
LSTM5_9a9012e7,LSTM5,loso_subject_S018,12,0.013653599171948697,,0.08606001710361524,,0.001
LSTM5_9a9012e7,LSTM5,loso_subject_S018,13,0.013721138877069933,,0.08763836540784178,,0.001
LSTM5_9a9012e7,LSTM5,loso_subject_S018,14,0.013665782883923656,,0.08614588714655023,,0.001
LSTM5_9a9012e7,LSTM5,loso_subject_S018,15,0.013230876013679347,,0.08548241484071124,,0.001
LSTM5_9a9012e7,LSTM5,loso_subject_S018,16,0.012597070509297948,,0.08258089089881057,,0.001
LSTM5_9a9012e7,LSTM5,loso_subject_S018,17,0.012384294363345358,,0.08297407993114149,,0.001
LSTM5_9a9012e7,LSTM5,loso_subject_S018,18,0.0132706008172745,,0.08620424845938703,,0.001
LSTM5_9a9012e7,LSTM5,loso_subject_S018,19,0.013038756980572745,,0.08446143833089251,,0.001
LSTM5_9a9012e7,LSTM5,loso_subject_S018,20,0.014398558404954041,,0.08697956527237229,,0.001
LSTM5_9a9012e7,LSTM5,loso_subject_S018,21,0.013058349886746113,,0.08411348952752788,,0.001
LSTM5_9a9012e7,LSTM5,loso_subject_S018,22,0.012584672741046765,,0.0825887497926032,,0.001
LSTM5_9a9012e7,LSTM5,loso_subject_S018,23,0.012145961212045066,,0.08203456355432527,,0.001
LSTM5_9a9012e7,LSTM5,loso_subject_S018,24,0.01168793569916226,,0.07923828258447702,,0.001
LSTM5_9a9012e7,LSTM5,loso_subject_S018,25,0.011673546817362138,,0.07888138591174244,,0.001
LSTM5_9a9012e7,LSTM5,loso_subject_S018,26,0.011519024420898392,,0.0783034449413825,,0.001
LSTM5_9a9012e7,LSTM5,loso_subject_S018,27,0.011863856722294772,,0.07812798283620065,,0.001
LSTM5_9a9012e7,LSTM5,loso_subject_S018,28,0.01204973016484738,,0.07897830012239719,,0.001
LSTM5_9a9012e7,LSTM5,loso_subject_S018,29,0.01078078916411275,,0.07659697208975788,,0.001
LSTM5_9a9012e7,LSTM5,loso_subject_S018,30,0.011860095907184409,,0.07914351576583799,,0.001
LSTM5_9a9012e7,LSTM5,loso_subject_S018,31,0.010641202575378815,,0.07594395667057982,,0.001
LSTM5_9a9012e7,LSTM5,loso_subject_S018,32,0.010192519366217396,,0.07407788882403497,,0.001
LSTM5_9a9012e7,LSTM5,loso_subject_S018,33,0.010920719854223677,,0.07544530651704481,,0.001
LSTM5_9a9012e7,LSTM5,loso_subject_S018,34,0.011477485094406513,,0.07633517604946577,,0.001
LSTM5_9a9012e7,LSTM5,loso_subject_S018,35,0.011216350287797633,,0.07633341840940021,,0.001
LSTM5_9a9012e7,LSTM5,loso_subject_S018,36,0.010795054588750155,,0.0750590690495807,,0.001
LSTM5_9a9012e7,LSTM5,loso_subject_S018,37,0.012322172978986455,,0.078983531479685,,0.001
LSTM5_9a9012e7,LSTM5,loso_subject_S018,38,0.011208249145912987,,0.07687423230500269,,0.001
LSTM5_9a9012e7,LSTM5,loso_subject_S018,39,0.010941600997049035,,0.07521187208453928,,0.001
LSTM5_9a9012e7,LSTM5,loso_subject_S018,40,0.010874208336671977,,0.07454111237543898,,0.001
LSTM5_9a9012e7,LSTM5,loso_subject_S018,41,0.011981437104878416,,0.07799892061452783,,0.001
LSTM5_9a9012e7,LSTM5,loso_subject_S018,42,0.011132186862881933,,0.07577424329656098,,0.001
LSTM5_9a9012e7,LSTM5,loso_subject_S018,43,0.010327647759217014,,0.07434700704801031,,0.001
LSTM5_9a9012e7,LSTM5,loso_subject_S018,44,0.010395789067053811,,0.07441072922141172,,0.001
LSTM5_9a9012e7,LSTM5,loso_subject_S018,45,0.009428634061351141,,0.07118518109429345,,0.001
LSTM5_9a9012e7,LSTM5,loso_subject_S018,46,0.00999473248991896,,0.0720233902014482,,0.001
LSTM5_9a9012e7,LSTM5,loso_subject_S018,47,0.010819355623697704,,0.07488492135081434,,0.001
LSTM5_9a9012e7,LSTM5,loso_subject_S018,48,0.010039260656101204,,0.07290007759799574,,0.001
LSTM5_9a9012e7,LSTM5,loso_subject_S018,49,0.010299797993222816,,0.07245996766743736,,0.001
LSTM5_9a9012e7,LSTM5,loso_subject_S018,50,0.010383296191660283,,0.07257112874148394,,0.001
LSTM5_9a9012e7,LSTM5,loso_subject_S018,51,0.010344551964910164,,0.07308602764497016,,0.001
LSTM5_9a9012e7,LSTM5,loso_subject_S018,52,0.010234241767076928,,0.07260730652675738,,0.001
LSTM5_9a9012e7,LSTM5,loso_subject_S018,53,0.010176116681872857,,0.07206888003555398,,0.001
LSTM5_9a9012e7,LSTM5,loso_subject_S018,54,0.01185721942655197,,0.07840427041823415,,0.001
LSTM5_9a9012e7,LSTM5,loso_subject_S018,55,0.011345529675061469,,0.07686778658004197,,0.001
LSTM5_9a9012e7,LSTM5,loso_subject_S018,56,0.009897607126923938,,0.07140859066584873,,0.001
LSTM5_9a9012e7,LSTM5,loso_subject_S018,57,0.009975124580499688,,0.07193632314417249,,0.001
LSTM5_9a9012e7,LSTM5,loso_subject_S018,58,0.01033242360596549,,0.07247656441188098,,0.001
LSTM5_9a9012e7,LSTM5,loso_subject_S018,59,0.010647777977053456,,0.07485408924487948,,0.001
LSTM5_9a9012e7,LSTM5,loso_subject_S018,60,0.011002185001135556,,0.07469391206244656,,0.001
LSTM5_9a9012e7,LSTM5,loso_subject_S018,61,0.010822855109159155,,0.07499119296263759,,0.001
LSTM5_9a9012e7,LSTM5,loso_subject_S018,62,0.009432594334891058,,0.07157537520701437,,0.001
LSTM5_9a9012e7,LSTM5,loso_subject_S018,63,0.009424891197249572,,0.06922073413857087,,0.001
LSTM5_9a9012e7,LSTM5,loso_subject_S018,64,0.010264849962621201,,0.07232391114000611,,0.001
LSTM5_9a9012e7,LSTM5,loso_subject_S018,65,0.00977491885249956,,0.07171371085529177,,0.001
LSTM5_9a9012e7,LSTM5,loso_subject_S018,66,0.009935614030535628,,0.07157414188044656,,0.001
LSTM5_9a9012e7,LSTM5,loso_subject_S018,67,0.010010847018515876,,0.07132858902942843,,0.001
LSTM5_9a9012e7,LSTM5,loso_subject_S018,68,0.009896451902376698,,0.07142581501214029,,0.001
LSTM5_9a9012e7,LSTM5,loso_subject_S018,69,0.009649459050014252,,0.07128978078300334,,0.001
LSTM5_9a9012e7,LSTM5,loso_subject_S018,70,0.010026933617323338,,0.07213945896117553,,0.001
LSTM5_9a9012e7,LSTM5,loso_subject_S018,71,0.009866941412924182,,0.071862745949921,,0.001
LSTM5_9a9012e7,LSTM5,loso_subject_S018,72,0.010357897237231862,,0.07164058711385111,,0.001
LSTM5_9a9012e7,LSTM5,loso_subject_S018,73,0.009867823257817857,,0.07089543557449256,,0.001
LSTM5_9a9012e7,LSTM5,loso_subject_S018,74,0.009655471963853371,,0.06962411861166551,,0.001
LSTM5_9a9012e7,LSTM5,loso_subject_S018,75,0.010386543409896205,,0.07328707813746276,,0.001
LSTM5_9a9012e7,LSTM5,loso_subject_S018,76,0.0104772454731626,,0.07358193456528006,,0.001
LSTM5_9a9012e7,LSTM5,loso_subject_S018,77,0.01103413488229515,,0.07497811226583109,,0.001
LSTM5_9a9012e7,LSTM5,loso_subject_S018,78,0.009809006695799968,,0.07072616433524333,,0.001
LSTM5_9a9012e7,LSTM5,loso_subject_S018,79,0.009769373766575516,,0.069388089676413,,0.001
LSTM5_9a9012e7,LSTM5,loso_subject_S018,80,0.010023764886197179,,0.07074718624994779,,0.001
LSTM5_9a9012e7,LSTM5,loso_subject_S019,1,0.3320618383460281,,0.418088407058208,,0.001
LSTM5_9a9012e7,LSTM5,loso_subject_S019,2,0.04797384174751039,,0.16574910495896897,,0.001
LSTM5_9a9012e7,LSTM5,loso_subject_S019,3,0.031716281899574095,,0.13440386026813347,,0.001
LSTM5_9a9012e7,LSTM5,loso_subject_S019,4,0.027445203125609843,,0.12463017689765289,,0.001
LSTM5_9a9012e7,LSTM5,loso_subject_S019,5,0.023522645657008963,,0.1154572001422468,,0.001
LSTM5_9a9012e7,LSTM5,loso_subject_S019,6,0.019809121561829183,,0.10620750431355494,,0.001
LSTM5_9a9012e7,LSTM5,loso_subject_S019,7,0.02027784421049327,,0.10819238283269843,,0.001
LSTM5_9a9012e7,LSTM5,loso_subject_S019,8,0.019004149744834633,,0.10344580546704833,,0.001
LSTM5_9a9012e7,LSTM5,loso_subject_S019,9,0.01587973094768031,,0.09488820910187785,,0.001
LSTM5_9a9012e7,LSTM5,loso_subject_S019,10,0.015238998689688456,,0.0932968546332268,,0.001
LSTM5_9a9012e7,LSTM5,loso_subject_S019,11,0.016035523969610128,,0.09526489696371698,,0.001
LSTM5_9a9012e7,LSTM5,loso_subject_S019,12,0.014929948636912849,,0.09079064640467921,,0.001
LSTM5_9a9012e7,LSTM5,loso_subject_S019,13,0.0146882718451328,,0.09128410016006233,,0.001
LSTM5_9a9012e7,LSTM5,loso_subject_S019,14,0.013859495733858586,,0.0867177527403604,,0.001
LSTM5_9a9012e7,LSTM5,loso_subject_S019,15,0.013662560908287241,,0.08700022511654319,,0.001
LSTM5_9a9012e7,LSTM5,loso_subject_S019,16,0.013960304243358816,,0.08825757083901262,,0.001
LSTM5_9a9012e7,LSTM5,loso_subject_S019,17,0.01352662690070986,,0.08627909281118791,,0.001
LSTM5_9a9012e7,LSTM5,loso_subject_S019,18,0.01418027122928963,,0.08806235090278779,,0.001
LSTM5_9a9012e7,LSTM5,loso_subject_S019,19,0.01441636624599547,,0.08821572467946169,,0.001
LSTM5_9a9012e7,LSTM5,loso_subject_S019,20,0.012614522694569068,,0.08311467642058003,,0.001
LSTM5_9a9012e7,LSTM5,loso_subject_S019,21,0.013797726497631984,,0.08632592593396249,,0.001
LSTM5_9a9012e7,LSTM5,loso_subject_S019,22,0.012430934513503128,,0.08230163701390002,,0.001
LSTM5_9a9012e7,LSTM5,loso_subject_S019,23,0.01266279217645769,,0.082668228690057,,0.001
LSTM5_9a9012e7,LSTM5,loso_subject_S019,24,0.012549281390610293,,0.08291762720514863,,0.001
LSTM5_9a9012e7,LSTM5,loso_subject_S019,25,0.012204363914341348,,0.08101450574374192,,0.001
LSTM5_9a9012e7,LSTM5,loso_subject_S019,26,0.012524425232408596,,0.07969476127347494,,0.001
LSTM5_9a9012e7,LSTM5,loso_subject_S019,27,0.01173020246968696,,0.07995824977668406,,0.001
LSTM5_9a9012e7,LSTM5,loso_subject_S019,28,0.01238625136422777,,0.08151804350337163,,0.001
LSTM5_9a9012e7,LSTM5,loso_subject_S019,29,0.012017501631070005,,0.07880008323636925,,0.001
LSTM5_9a9012e7,LSTM5,loso_subject_S019,30,0.01113364280830116,,0.07722334987055378,,0.001
LSTM5_9a9012e7,LSTM5,loso_subject_S019,31,0.01183697104651255,,0.07943999684977876,,0.001
LSTM5_9a9012e7,LSTM5,loso_subject_S019,32,0.010844890033111329,,0.07601493396376345,,0.001
LSTM5_9a9012e7,LSTM5,loso_subject_S019,33,0.011763466202770611,,0.0792757960517394,,0.001
LSTM5_9a9012e7,LSTM5,loso_subject_S019,34,0.011735310439776003,,0.07741813656778547,,0.001
LSTM5_9a9012e7,LSTM5,loso_subject_S019,35,0.011513803349151433,,0.07702444031463106,,0.001
LSTM5_9a9012e7,LSTM5,loso_subject_S019,36,0.011316854466600175,,0.07685396103454979,,0.001
LSTM5_9a9012e7,LSTM5,loso_subject_S019,37,0.010717268795848223,,0.07536614984594957,,0.001
LSTM5_9a9012e7,LSTM5,loso_subject_S019,38,0.011476246244080592,,0.07820062052198247,,0.001
LSTM5_9a9012e7,LSTM5,loso_subject_S019,39,0.01255798724010729,,0.07979924433568544,,0.001
LSTM5_9a9012e7,LSTM5,loso_subject_S019,40,0.01030188109370269,,0.07406483343396784,,0.001
LSTM5_9a9012e7,LSTM5,loso_subject_S019,41,0.010863832930184926,,0.07497900666163936,,0.001
LSTM5_9a9012e7,LSTM5,loso_subject_S019,42,0.010358259698135848,,0.07298371727813681,,0.001
LSTM5_9a9012e7,LSTM5,loso_subject_S019,43,0.010702099798435833,,0.07537708968547867,,0.001
LSTM5_9a9012e7,LSTM5,loso_subject_S019,44,0.010803346758924491,,0.07405386211808625,,0.001
LSTM5_9a9012e7,LSTM5,loso_subject_S019,45,0.01116776016502701,,0.07651859398950757,,0.001
LSTM5_9a9012e7,LSTM5,loso_subject_S019,46,0.011104144721107644,,0.07561898402922444,,0.001
LSTM5_9a9012e7,LSTM5,loso_subject_S019,47,0.010738612197066644,,0.07392940793396253,,0.001
LSTM5_9a9012e7,LSTM5,loso_subject_S019,48,0.010637350975790641,,0.07494805611741107,,0.001
LSTM5_9a9012e7,LSTM5,loso_subject_S019,49,0.009892469079102708,,0.07185633854683122,,0.001
LSTM5_9a9012e7,LSTM5,loso_subject_S019,50,0.01054788864667451,,0.07293029629421,,0.001
LSTM5_9a9012e7,LSTM5,loso_subject_S019,51,0.011380989328382217,,0.07644434344790539,,0.001
LSTM5_9a9012e7,LSTM5,loso_subject_S019,52,0.010789268650114536,,0.07453774820661208,,0.001
LSTM5_9a9012e7,LSTM5,loso_subject_S019,53,0.009728615117170748,,0.07127691618467559,,0.001
LSTM5_9a9012e7,LSTM5,loso_subject_S019,54,0.01034110795537961,,0.07341488802311934,,0.001
LSTM5_9a9012e7,LSTM5,loso_subject_S019,55,0.011182657087828864,,0.07580750313592934,,0.001
LSTM5_9a9012e7,LSTM5,loso_subject_S019,56,0.010221005008788421,,0.07255184249341873,,0.001
LSTM5_9a9012e7,LSTM5,loso_subject_S019,57,0.010413636272574212,,0.073758520133204,,0.001
LSTM5_9a9012e7,LSTM5,loso_subject_S019,58,0.009433717378316274,,0.06977044860696235,,0.001
LSTM5_9a9012e7,LSTM5,loso_subject_S019,59,0.010156583861915395,,0.07253581641380073,,0.001
LSTM5_9a9012e7,LSTM5,loso_subject_S019,60,0.009698988059429562,,0.07096345393143642,,0.001
LSTM5_9a9012e7,LSTM5,loso_subject_S019,61,0.01087513685951089,,0.07494317781250086,,0.001
LSTM5_9a9012e7,LSTM5,loso_subject_S019,62,0.010130612977094451,,0.07340341626969474,,0.001
LSTM5_9a9012e7,LSTM5,loso_subject_S019,63,0.010600498925336106,,0.07338841517463615,,0.001
LSTM5_9a9012e7,LSTM5,loso_subject_S019,64,0.00984072880650317,,0.0714354634917894,,0.001
LSTM5_9a9012e7,LSTM5,loso_subject_S019,65,0.009737563451076148,,0.07102885039476807,,0.001
LSTM5_9a9012e7,LSTM5,loso_subject_S019,66,0.010341669426512611,,0.07249037767096864,,0.001
LSTM5_9a9012e7,LSTM5,loso_subject_S019,67,0.010186327862269228,,0.07269977858916692,,0.001
LSTM5_9a9012e7,LSTM5,loso_subject_S019,68,0.010634780107263823,,0.07412364305661766,,0.001
LSTM5_9a9012e7,LSTM5,loso_subject_S019,69,0.010937849901015756,,0.07604340589314323,,0.001
LSTM5_9a9012e7,LSTM5,loso_subject_S019,70,0.01019409971232,,0.071417997691238,,0.001
LSTM5_9a9012e7,LSTM5,loso_subject_S019,71,0.010586564183446142,,0.07323735457965139,,0.001
LSTM5_9a9012e7,LSTM5,loso_subject_S019,72,0.00939241005064763,,0.06988822196163959,,0.001
LSTM5_9a9012e7,LSTM5,loso_subject_S019,73,0.010815338784139105,,0.07360968877876417,,0.001
LSTM5_9a9012e7,LSTM5,loso_subject_S019,74,0.010527148812856765,,0.07420270152736275,,0.001
LSTM5_9a9012e7,LSTM5,loso_subject_S019,75,0.009361998745629827,,0.07021893092157952,,0.001
LSTM5_9a9012e7,LSTM5,loso_subject_S019,76,0.010866875424304626,,0.075126660616811,,0.001
LSTM5_9a9012e7,LSTM5,loso_subject_S019,77,0.01004316797952958,,0.07215383183813051,,0.001
LSTM5_9a9012e7,LSTM5,loso_subject_S019,78,0.00956517219126096,,0.07010430691975306,,0.001
LSTM5_9a9012e7,LSTM5,loso_subject_S019,79,0.009485967289604803,,0.06990528161496741,,0.001
LSTM5_9a9012e7,LSTM5,loso_subject_S019,80,0.009458451339485975,,0.06992181322186791,,0.001
