task,config,raw_mae,kalman_mae,delta_raw,delta_v009,sigma_p,sigma_obs
LT2,v0008★ SampEn30 + GBM,2.4316657321958335,2.2288599363857653,-0.2028057958100682,0.28585993638576523,5.0,400.0
LT1,v0008★ SampEn60+timing_cv+Huber,1.9955939288769238,1.8642656882678148,-0.13132824060910897,-0.03673431173218522,5.0,250.0
