task,config,raw_mae,kalman_mae,delta_raw,delta_v009,sigma_p,sigma_obs
LT2,v0008★ SampEn30 + GBM,2.27801558309253,2.1532443863841846,-0.12477119670834558,0.21024438638418452,5.0,400.0
LT1,v0008★ SampEn60+timing_cv+Huber,2.081872740897383,1.9170542460244357,-0.16481849487294742,0.016054246024435725,5.0,300.0
