task,config,raw_mae,kalman_mae,delta_raw,delta_v009,sigma_p,sigma_obs
LT2,v0008★ SampEn30 + GBM,2.0432693725529316,1.707599275079816,-0.3356700974731157,-0.23540072492018416,5.0,400.0
LT1,v0008★ SampEn60+timing_cv+Huber,1.958597873260259,1.8932151465254392,-0.06538272673481971,-0.0077848534745608156,15.0,250.0
