comparison_kind,group_key,metric,condition_a,condition_b,n_subjects,mean_a,mean_b,delta_mean,median_a,median_b,delta_median,wilcoxon_stat,wilcoxon_pvalue,ttest_stat,ttest_pvalue,cohens_d,cliffs_delta,bootstrap_ci_low,bootstrap_ci_high,pvalue_adj,correction_method,reject_at_alpha
abs_within_arch,architecture_id=LSTM1|target=lt1|feature_set=EMG,abs_lt_err_median_sec,abs,no_abs,18,216.7426638835005,216.7426638835005,0.0,168.85905456542883,168.85905456542883,0.0,,,,,,0.0,0.0,0.0,,fdr_bh,False
abs_within_arch,architecture_id=LSTM1|target=lt1|feature_set=EMG+NIRS,abs_lt_err_median_sec,abs,no_abs,18,191.4021649327542,182.3187660475572,9.083398885197,123.8610460460186,136.73487854003906,-12.873832494020462,81.0,0.8650436401367188,0.3403505678505249,0.7377620032080886,0.08022139816926611,-0.04938271604938271,-42.38091268771238,66.53073474996614,0.9509555085064614,fdr_bh,False
abs_within_arch,architecture_id=LSTM1|target=lt1|feature_set=EMG+NIRS+HRV,abs_lt_err_median_sec,abs,no_abs,18,166.7035507857799,148.0170065793726,18.68654420640729,139.63593196868888,131.98635864257793,7.6495733261109535,46.0,0.0897674560546875,1.8861541410485656,0.07647791148375109,0.44457079449950965,0.1111111111111111,0.3801118055979589,37.9031543625725,0.3742253687474635,fdr_bh,False
abs_within_arch,architecture_id=LSTM1|target=lt2|feature_set=EMG,abs_lt_err_median_sec,abs,no_abs,17,172.57281118280747,172.57281118280747,0.0,159.61161804199207,159.61161804199207,0.0,,,,,,0.0,0.0,0.0,,fdr_bh,False
abs_within_arch,architecture_id=LSTM1|target=lt2|feature_set=EMG+NIRS,abs_lt_err_median_sec,abs,no_abs,17,228.2360829185036,183.7708007027121,44.46528221579149,120.72184753417923,122.86225891113327,-2.1404113769540345,40.0,0.088653564453125,1.8964312893945727,0.0761079151753218,0.45995214811177154,0.15570934256055363,4.681867173138581,93.00429812038634,0.3742253687474635,fdr_bh,False
abs_within_arch,architecture_id=LSTM1|target=lt2|feature_set=EMG+NIRS+HRV,abs_lt_err_median_sec,abs,no_abs,17,132.58463180766375,142.2979791585136,-9.713347350849858,124.60420036315907,144.2680616378783,-19.66386127471924,65.0,0.6112213134765625,-0.6408859133577028,0.5306699602576197,-0.15543766557319158,-0.11418685121107267,-40.83427899795412,17.131873929500564,0.7943402494978808,fdr_bh,False
abs_within_arch,architecture_id=LSTM10|target=lt1|feature_set=EMG,abs_lt_err_median_sec,abs,no_abs,18,202.09625117977453,229.40985368026628,-27.313602500491754,159.95138835906968,118.85980892181419,41.09157943725549,51.0,0.14151763916015625,-1.1742465126253758,0.25648410787918974,-0.2767725572873528,-0.08024691358024691,-69.91019744078324,17.39117222362078,0.4731996059417725,fdr_bh,False
abs_within_arch,architecture_id=LSTM10|target=lt1|feature_set=EMG+NIRS,abs_lt_err_median_sec,abs,no_abs,18,208.65861432751015,197.7823981278472,10.876216199662963,178.1661803722381,126.38811111450178,51.77806925773632,76.0,0.7018814086914062,0.5841502415885421,0.5667907623819372,0.13768553235300604,0.05555555555555555,-23.356723293993134,46.11335169143152,0.8406863141415725,fdr_bh,False
abs_within_arch,architecture_id=LSTM10|target=lt1|feature_set=EMG+NIRS+HRV,abs_lt_err_median_sec,abs,no_abs,18,186.29788717627517,178.64218675759088,7.65570041868429,146.53743362426752,127.9329338073727,18.604499816894815,69.0,0.49507904052734375,0.3075974054664222,0.7621252006739933,0.07250140376023172,0.09876543209876543,-39.80950521230673,50.650372136963796,0.7094659464699882,fdr_bh,False
abs_within_arch,architecture_id=LSTM10|target=lt2|feature_set=EMG,abs_lt_err_median_sec,abs,no_abs,18,190.68789537747696,170.37460878160255,20.313286595874416,115.78680038452131,135.00720787048294,-19.22040748596163,68.0,0.468292236328125,0.8590887942260171,0.4022433192383329,0.20248917067953046,-0.030864197530864196,-19.383139038085957,67.04780656761594,0.6895495773455419,fdr_bh,False
abs_within_arch,architecture_id=LSTM10|target=lt2|feature_set=EMG+NIRS,abs_lt_err_median_sec,abs,no_abs,18,178.5449373457167,200.0490625169541,-21.504125171237405,140.36687469482422,184.20112895965576,-43.83425426483154,72.0,0.5798416137695312,-0.9807946024587106,0.34044701929137333,-0.23117550478323945,-0.09876543209876543,-60.88402294317861,18.06083093484269,0.7659636132511092,fdr_bh,False
abs_within_arch,architecture_id=LSTM10|target=lt2|feature_set=EMG+NIRS+HRV,abs_lt_err_median_sec,abs,no_abs,18,144.20627790027189,158.45997439490418,-14.253696494632294,153.82214736938477,98.60054016113293,55.22160720825184,74.0,0.6396942138671875,-0.5896119855609531,0.5632057704952521,-0.13897287775300488,0.043209876543209874,-59.19876071612045,31.46036887036426,0.8180949906428971,fdr_bh,False
abs_within_arch,architecture_id=LSTM11|target=lt1|feature_set=EMG,abs_lt_err_median_sec,abs,no_abs,18,191.38200447294446,191.25818840662637,0.12381606631808495,150.473792552948,133.47945356369019,16.994338989257812,82.0,0.8985748291015625,0.006194512482568741,0.9951296380523881,0.0014600605941896907,-0.006172839506172839,-39.61725333796607,37.915154601467975,0.9679279199382603,fdr_bh,False
abs_within_arch,architecture_id=LSTM11|target=lt1|feature_set=EMG+NIRS,abs_lt_err_median_sec,abs,no_abs,18,197.14268520143293,153.63573244545194,43.50695275598099,166.08432483673093,127.03218221664426,39.05214262008667,56.0,0.2121429443359375,1.7533396478117569,0.09755485689181287,0.4132661182303088,0.2345679012345679,-1.402004473739219,91.62609380566411,0.5526771278648109,fdr_bh,False
abs_within_arch,architecture_id=LSTM11|target=lt1|feature_set=EMG+NIRS+HRV,abs_lt_err_median_sec,abs,no_abs,18,172.88538405630314,149.00241927305845,23.882964783244688,124.52858352661099,137.71209716796812,-13.183513641357138,62.0,0.32472991943359375,1.3833193270703887,0.1844654771705611,0.32605149223929447,0.06790123456790123,-9.45471801095539,56.35556132992114,0.592263091694225,fdr_bh,False
abs_within_arch,architecture_id=LSTM11|target=lt2|feature_set=EMG,abs_lt_err_median_sec,abs,no_abs,18,154.54350826806493,146.75463612874353,7.788872139321398,110.66086769104015,93.80315399169922,16.857713699340934,71.0,0.550872802734375,0.3441129827324406,0.7349810931639468,0.08110820786147936,0.07407407407407407,-35.93715539243478,48.07649327235082,0.7556844858022836,fdr_bh,False
abs_within_arch,architecture_id=LSTM11|target=lt2|feature_set=EMG+NIRS,abs_lt_err_median_sec,abs,no_abs,18,149.54124371210733,190.94857377476168,-41.40733006265435,119.92516899108864,151.34067249298096,-31.415503501892317,59.0,0.2645263671875,-1.6346173621182605,0.12050950386274764,-0.3852830071330295,-0.14814814814814814,-92.90660950806408,8.559364073144037,0.5549866919424019,fdr_bh,False
abs_within_arch,architecture_id=LSTM11|target=lt2|feature_set=EMG+NIRS+HRV,abs_lt_err_median_sec,abs,no_abs,18,127.60603141784674,167.29645792643228,-39.690426508585546,118.87798309326183,151.87153816223145,-32.99355506896961,56.0,0.2121429443359375,-1.563697348517215,0.13631181001301282,-0.3685669996199823,-0.16049382716049382,-91.1184879144033,6.377480851279358,0.5526771278648109,fdr_bh,False
abs_within_arch,architecture_id=LSTM12|target=lt1|feature_set=EMG,abs_lt_err_median_sec,abs,no_abs,18,199.21447419457954,222.23459940486478,-23.020125210285244,150.37692975997928,160.37009143829312,-9.99316167831384,65.0,0.39273834228515625,-0.7187441041255195,0.48206175594717643,-0.16940960998833496,0.0,-94.38991550902527,28.781782096624248,0.6566094160079956,fdr_bh,False
abs_within_arch,architecture_id=LSTM12|target=lt1|feature_set=EMG+NIRS,abs_lt_err_median_sec,abs,no_abs,18,203.90196732679993,155.01274499628275,48.889222330517185,155.9549264907837,130.54817271232582,25.40675377845787,51.0,0.14151763916015625,1.8313075400297916,0.08463787952103195,0.4316433266643735,0.11728395061728394,0.7199959768188771,103.6939776132503,0.4731996059417725,fdr_bh,False
abs_within_arch,architecture_id=LSTM12|target=lt1|feature_set=EMG+NIRS+HRV,abs_lt_err_median_sec,abs,no_abs,18,172.44784959157303,174.06352482901684,-1.61567523744381,107.40011978149417,78.32522678375244,29.074892997741728,81.0,0.8650436401367188,-0.06641104232009837,0.9478253603732627,-0.01565323279006945,0.16666666666666666,-46.74663601054087,46.45864204168303,0.9509555085064614,fdr_bh,False
abs_within_arch,architecture_id=LSTM12|target=lt2|feature_set=EMG,abs_lt_err_median_sec,abs,no_abs,18,155.04463280571827,193.6383046309153,-38.59367182519702,150.96601104736345,171.7306995391845,-20.76468849182106,58.0,0.24620819091796875,-1.3045988887742583,0.20941537380673497,-0.30749690699357085,-0.14814814814814814,-102.89489180843034,12.049227707915877,0.5526771278648109,fdr_bh,False
abs_within_arch,architecture_id=LSTM12|target=lt2|feature_set=EMG+NIRS,abs_lt_err_median_sec,abs,no_abs,18,157.3843590418497,166.24819352891706,-8.86383448706735,127.8610668182373,174.13148117065413,-46.27041435241682,79.0,0.7987060546875,-0.4362457166229391,0.6681480638560451,-0.1028241014958884,-0.08024691358024691,-50.26587705877098,25.931780828369952,0.9124008667426602,fdr_bh,False
abs_within_arch,architecture_id=LSTM12|target=lt2|feature_set=EMG+NIRS+HRV,abs_lt_err_median_sec,abs,no_abs,18,136.18520302242698,147.50686632262324,-11.321663300196263,119.2173576354981,115.988998413086,3.2283592224121094,71.0,0.550872802734375,-0.43206585489314797,0.6711239696550927,-0.10183889863803593,0.043209876543209874,-69.3390653656588,31.708294681708058,0.7556844858022836,fdr_bh,False
abs_within_arch,architecture_id=LSTM13|target=lt1|feature_set=EMG,abs_lt_err_median_sec,abs,no_abs,18,238.38996845318212,238.38996845318212,0.0,201.8760528564453,201.8760528564453,0.0,,,,,,0.0,0.0,0.0,,fdr_bh,False
abs_within_arch,architecture_id=LSTM13|target=lt1|feature_set=EMG+NIRS,abs_lt_err_median_sec,abs,no_abs,18,183.07323231299722,173.41420438554542,9.659027927451802,152.35968494415286,150.18700408935533,2.172680854797534,59.0,0.2645263671875,0.8549993600407493,0.4044405949758362,0.2015252817983241,0.043209876543209874,-11.238964024848391,30.921193408469392,0.5549866919424019,fdr_bh,False
abs_within_arch,architecture_id=LSTM13|target=lt1|feature_set=EMG+NIRS+HRV,abs_lt_err_median_sec,abs,no_abs,18,167.11957867940265,152.90676297081833,14.212815708584316,134.38351631164554,108.69401741027818,25.689498901367358,56.0,0.2121429443359375,1.395968475851332,0.18068908789068586,0.32903292519904204,0.08641975308641975,-6.963133462270129,31.321889193852712,0.5526771278648109,fdr_bh,False
abs_within_arch,architecture_id=LSTM13|target=lt2|feature_set=EMG,abs_lt_err_median_sec,abs,no_abs,17,185.0207291771384,185.0207291771384,0.0,108.84608459472645,108.84608459472645,0.0,,,,,,0.0,0.0,0.0,,fdr_bh,False
abs_within_arch,architecture_id=LSTM13|target=lt2|feature_set=EMG+NIRS,abs_lt_err_median_sec,abs,no_abs,17,221.72548027599555,206.34376080597144,15.381719470024109,166.79426574707009,156.78061437606812,10.01365137100197,53.0,0.2841644287109375,0.7205268406562768,0.48159586237754476,0.17475342765402438,0.03806228373702422,-23.688099036497213,53.20422381811284,0.5701048851013184,fdr_bh,False
abs_within_arch,architecture_id=LSTM13|target=lt2|feature_set=EMG+NIRS+HRV,abs_lt_err_median_sec,abs,no_abs,17,166.83837368909045,171.0745332381304,-4.236159549039968,143.3594970703125,146.48155975341797,-3.1220626831054688,75.0,0.963226318359375,-0.20656580126844912,0.8389547260885794,-0.05009956572177426,-0.07958477508650519,-45.75074073567109,33.61320358164164,0.9939866432776818,fdr_bh,False
abs_within_arch,architecture_id=LSTM14|target=lt1|feature_set=EMG,abs_lt_err_median_sec,abs,no_abs,18,218.60519790649408,218.60519790649408,0.0,188.3999252319336,188.3999252319336,0.0,,,,,,0.0,0.0,0.0,,fdr_bh,False
abs_within_arch,architecture_id=LSTM14|target=lt1|feature_set=EMG+NIRS,abs_lt_err_median_sec,abs,no_abs,18,190.33744992150193,204.08732557959027,-13.749875658088342,129.1720161437988,178.62950325012204,-49.45748710632324,61.0,0.30379486083984375,-0.7165504827929848,0.48338020621113215,-0.1688925684818047,-0.030864197530864196,-48.36202210303814,22.81417381001834,0.5874587369252401,fdr_bh,False
abs_within_arch,architecture_id=LSTM14|target=lt1|feature_set=EMG+NIRS+HRV,abs_lt_err_median_sec,abs,no_abs,18,161.8197124269273,185.05457870165503,-23.23486627472772,113.01309585571275,127.93698501586911,-14.923889160156364,46.0,0.0897674560546875,-1.965171754678112,0.0659510793936556,-0.4631954246430531,-0.08641975308641975,-46.497377128733554,-1.3153083291318721,0.3742253687474635,fdr_bh,False
abs_within_arch,architecture_id=LSTM14|target=lt2|feature_set=EMG,abs_lt_err_median_sec,abs,no_abs,17,179.81862079395964,179.81862079395964,0.0,116.94172668457031,116.94172668457031,0.0,,,,,,0.0,0.0,0.0,,fdr_bh,False
abs_within_arch,architecture_id=LSTM14|target=lt2|feature_set=EMG+NIRS,abs_lt_err_median_sec,abs,no_abs,17,205.84785640940947,173.6926074308507,32.155248978558774,166.4259796142578,134.99173736572266,31.434242248535156,29.0,0.023223876953125,2.565682562688638,0.02073478278001456,0.6222694239865094,0.17647058823529413,6.682657454995769,55.80927968025202,0.16942873868075287,fdr_bh,False
abs_within_arch,architecture_id=LSTM14|target=lt2|feature_set=EMG+NIRS+HRV,abs_lt_err_median_sec,abs,no_abs,17,146.47158684450037,169.3861677225898,-22.914580878089424,130.36421966552734,162.6813507080078,-32.31713104248047,50.0,0.2246856689453125,-1.4602575517313798,0.16357657745692808,-0.35416447802319556,-0.09342560553633218,-55.597457913090096,6.345551567919266,0.5526771278648109,fdr_bh,False
abs_within_arch,architecture_id=LSTM15|target=lt1|feature_set=EMG,abs_lt_err_median_sec,abs,no_abs,18,213.36271835698017,213.36271835698017,0.0,199.35472774505632,199.35472774505632,0.0,,,,,,0.0,0.0,0.0,,fdr_bh,False
abs_within_arch,architecture_id=LSTM15|target=lt1|feature_set=EMG+NIRS,abs_lt_err_median_sec,abs,no_abs,18,172.18130536874128,167.35639594660861,4.824909422132663,145.21232986450192,141.52831852436051,3.68401134014141,79.0,0.7987060546875,0.3462704325015507,0.7333881638317116,0.0816167236487484,0.012345679012345678,-22.047415309482243,32.07087030940582,0.9124008667426602,fdr_bh,False
abs_within_arch,architecture_id=LSTM15|target=lt1|feature_set=EMG+NIRS+HRV,abs_lt_err_median_sec,abs,no_abs,18,164.93443765905167,152.92648698223954,12.00795067681213,137.74892425537115,136.06540679931643,1.683517456054716,65.0,0.39273834228515625,0.9190910419382541,0.37090553210789196,0.21663183609411632,0.012345679012345678,-9.470495086245927,37.97546165254386,0.6566094160079956,fdr_bh,False
abs_within_arch,architecture_id=LSTM15|target=lt2|feature_set=EMG,abs_lt_err_median_sec,abs,no_abs,17,146.98764542972344,146.98764542972344,0.0,124.03121948242199,124.03121948242199,0.0,,,,,,0.0,0.0,0.0,,fdr_bh,False
abs_within_arch,architecture_id=LSTM15|target=lt2|feature_set=EMG+NIRS,abs_lt_err_median_sec,abs,no_abs,17,213.96454070596124,167.15622408249789,46.808316623463355,167.30856323242188,119.8343048095702,47.474258422851676,25.0,0.0128631591796875,2.5996893205654072,0.019353017184622335,0.6305172742636109,0.14186851211072665,16.85407123004697,85.71976187649894,0.11469650268554688,fdr_bh,False
abs_within_arch,architecture_id=LSTM15|target=lt2|feature_set=EMG+NIRS+HRV,abs_lt_err_median_sec,abs,no_abs,17,125.67654946271105,146.5193460127886,-20.842796550077537,117.32791900634766,149.7323760986328,-32.404457092285156,46.0,0.1593780517578125,-1.7606336379889937,0.09739841664350228,-0.4270163798496534,-0.14878892733564014,-45.79645461475145,-0.6458394274991879,0.5116035461425782,fdr_bh,False
abs_within_arch,architecture_id=LSTM16|target=lt1|feature_set=EMG,abs_lt_err_median_sec,abs,no_abs,18,211.02622499730845,211.02622499730845,0.0,167.49987030029308,167.49987030029308,0.0,,,,,,0.0,0.0,0.0,,fdr_bh,False
abs_within_arch,architecture_id=LSTM16|target=lt1|feature_set=EMG+NIRS,abs_lt_err_median_sec,abs,no_abs,18,190.53150432639643,179.02329255474936,11.508211771647069,170.36970138549802,133.9505214691162,36.41917991638181,80.0,0.83172607421875,0.5704807877021443,0.5758151260984059,0.1344636111736098,0.06790123456790123,-24.802980709075992,53.32501164012483,0.9335107336511145,fdr_bh,False
abs_within_arch,architecture_id=LSTM16|target=lt1|feature_set=EMG+NIRS+HRV,abs_lt_err_median_sec,abs,no_abs,18,184.84947735733448,173.4266537692812,11.42282358805329,132.53759002685547,132.84661102294933,-0.3090209960938637,72.0,0.5798416137695312,0.9060173468441323,0.3775894247145173,0.21355033660871006,0.006172839506172839,-11.762195025550112,36.504488955603684,0.7659636132511092,fdr_bh,False
abs_within_arch,architecture_id=LSTM16|target=lt2|feature_set=EMG,abs_lt_err_median_sec,abs,no_abs,17,162.15338953803567,162.15338953803567,0.0,122.22746276855469,122.22746276855469,0.0,,,,,,0.0,0.0,0.0,,fdr_bh,False
abs_within_arch,architecture_id=LSTM16|target=lt2|feature_set=EMG+NIRS,abs_lt_err_median_sec,abs,no_abs,17,191.27227390513696,170.28183667800002,20.990437227136937,146.29855346679688,133.17233276367176,13.126220703125114,50.0,0.2246856689453125,1.1899706313392053,0.2514161411095497,0.28861027084673385,0.10726643598615918,-12.430059332006032,55.35107889736395,0.5526771278648109,fdr_bh,False
abs_within_arch,architecture_id=LSTM16|target=lt2|feature_set=EMG+NIRS+HRV,abs_lt_err_median_sec,abs,no_abs,17,149.58695299485152,161.91653027253992,-12.3295772776884,142.5658874511721,174.26161193847656,-31.69572448730446,61.0,0.4873809814453125,-0.9154752022034014,0.3735340830821304,-0.22203535037166525,-0.04498269896193772,-38.81229874106002,12.784698015100814,0.7094659464699882,fdr_bh,False
abs_within_arch,architecture_id=LSTM2|target=lt1|feature_set=EMG,abs_lt_err_median_sec,abs,no_abs,18,222.49900673164254,222.49900673164254,0.0,172.1386947631832,172.1386947631832,0.0,,,,,,0.0,0.0,0.0,,fdr_bh,False
abs_within_arch,architecture_id=LSTM2|target=lt1|feature_set=EMG+NIRS,abs_lt_err_median_sec,abs,no_abs,18,190.26180208722747,202.16046854853622,-11.89866646130875,129.97602844238284,140.46882459521294,-10.492796152830095,63.0,0.34654998779296875,-0.5658937455398232,0.5788599256300818,-0.1333824349674212,-0.043209876543209874,-50.340415343973376,31.042338825596634,0.6112227806678185,fdr_bh,False
abs_within_arch,architecture_id=LSTM2|target=lt1|feature_set=EMG+NIRS+HRV,abs_lt_err_median_sec,abs,no_abs,18,189.6613504853513,173.7577477792898,15.90360270606152,113.73522186279251,81.59979629516562,32.135425567626896,72.0,0.5798416137695312,1.1998769378629,0.24664256907669205,0.28281370645073545,0.05555555555555555,-6.870774581697144,41.9063056415982,0.7659636132511092,fdr_bh,False
abs_within_arch,architecture_id=LSTM2|target=lt2|feature_set=EMG,abs_lt_err_median_sec,abs,no_abs,17,177.02463150024408,177.02463150024408,0.0,131.87841796875,131.87841796875,0.0,,,,,,0.0,0.0,0.0,,fdr_bh,False
abs_within_arch,architecture_id=LSTM2|target=lt2|feature_set=EMG+NIRS,abs_lt_err_median_sec,abs,no_abs,17,211.49530060151045,168.73544045055615,42.759860150954296,201.7221541404724,151.2943458557129,50.42780828475952,24.0,0.010986328125,2.6179088441901297,0.018649384578459646,0.6349361578137972,0.21107266435986158,14.856529364165034,76.23137217339341,0.10686700994318182,fdr_bh,False
abs_within_arch,architecture_id=LSTM2|target=lt2|feature_set=EMG+NIRS+HRV,abs_lt_err_median_sec,abs,no_abs,17,138.79789571201104,154.00293165445328,-15.205035942442237,153.534912109375,113.26037597656284,40.27453613281216,59.0,0.4306793212890625,-0.9352397930686617,0.3635665002082533,-0.22682896777075856,-0.0726643598615917,-46.90337946975923,15.552592681435943,0.6728812484379628,fdr_bh,False
abs_within_arch,architecture_id=LSTM3|target=lt1|feature_set=EMG,abs_lt_err_median_sec,abs,no_abs,18,200.47303220960825,200.47303220960825,0.0,161.32910060882563,161.32910060882563,0.0,,,,,,0.0,0.0,0.0,,fdr_bh,False
abs_within_arch,architecture_id=LSTM3|target=lt1|feature_set=EMG+NIRS,abs_lt_err_median_sec,abs,no_abs,18,180.99082854059003,159.31057384279035,21.680254697799683,107.09763526916501,113.7179346084591,-6.6202993392940925,75.0,0.6705245971679688,0.9871634103230762,0.33740535561491786,0.23267664719289513,0.024691358024691357,-19.79594123098604,68.48744259277986,0.8278399834266076,fdr_bh,False
abs_within_arch,architecture_id=LSTM3|target=lt1|feature_set=EMG+NIRS+HRV,abs_lt_err_median_sec,abs,no_abs,18,167.31439214282565,131.12992657555466,36.18446556727099,119.40262031555164,88.48233032226517,30.920289993286474,29.0,0.01203155517578125,3.0327825737114753,0.007510491053530062,0.714833707911925,0.21604938271604937,14.385762812031722,58.27727722459378,0.11034654889787947,fdr_bh,False
abs_within_arch,architecture_id=LSTM3|target=lt2|feature_set=EMG,abs_lt_err_median_sec,abs,no_abs,18,202.8721827467283,202.8721827467283,0.0,155.60329025983816,155.60329025983816,0.0,,,,,,0.0,0.0,0.0,,fdr_bh,False
abs_within_arch,architecture_id=LSTM3|target=lt2|feature_set=EMG+NIRS,abs_lt_err_median_sec,abs,no_abs,18,227.8623021443685,192.39155115021586,35.47075099415264,176.9776611328125,140.93865203857428,36.039009094238224,42.0,0.0599365234375,2.0491050886371074,0.05621135762305627,0.4829787011797201,0.12345679012345678,2.3110998504693008,70.0005967756115,0.30061912536621094,fdr_bh,False
abs_within_arch,architecture_id=LSTM3|target=lt2|feature_set=EMG+NIRS+HRV,abs_lt_err_median_sec,abs,no_abs,18,126.19048876232566,149.76025438308704,-23.569765620761387,116.17191886901861,125.13022947311373,-8.958310604095118,68.0,0.468292236328125,-1.027018013593083,0.318804293330355,-0.24207046727080228,-0.043209876543209874,-74.11848893298037,11.916138148307823,0.6895495773455419,fdr_bh,False
abs_within_arch,architecture_id=LSTM4|target=lt1|feature_set=EMG,abs_lt_err_median_sec,abs,no_abs,18,209.28036122851893,209.28036122851893,0.0,108.7800726890562,108.7800726890562,0.0,,,,,,0.0,0.0,0.0,,fdr_bh,False
abs_within_arch,architecture_id=LSTM4|target=lt1|feature_set=EMG+NIRS,abs_lt_err_median_sec,abs,no_abs,18,190.25012991163462,201.88553227318647,-11.635402361551854,146.1859292984009,156.3492712974548,-10.163341999053898,58.0,0.24620819091796875,-0.7945040916484924,0.4378535764885703,-0.18726641029503577,0.018518518518518517,-38.69688530233172,17.75066318114605,0.5526771278648109,fdr_bh,False
abs_within_arch,architecture_id=LSTM4|target=lt1|feature_set=EMG+NIRS+HRV,abs_lt_err_median_sec,abs,no_abs,18,183.98815433184302,169.34255695343015,14.645597378412873,109.43238472938546,99.15151214599578,10.28087258338968,61.0,0.30379486083984375,1.158783144709095,0.2625638934199843,0.2731278065161578,0.10493827160493827,-10.003559419843882,37.97299064397817,0.5874587369252401,fdr_bh,False
abs_within_arch,architecture_id=LSTM4|target=lt2|feature_set=EMG,abs_lt_err_median_sec,abs,no_abs,18,195.72001266479492,195.72001266479492,0.0,141.088623046875,141.088623046875,0.0,,,,,,0.0,0.0,0.0,,fdr_bh,False
abs_within_arch,architecture_id=LSTM4|target=lt2|feature_set=EMG+NIRS,abs_lt_err_median_sec,abs,no_abs,18,195.63488238387632,195.24066405826144,0.39421832561487236,175.97177362442017,151.27852153778076,24.693252086639404,70.0,0.522613525390625,0.024798032513800666,0.9805048247165931,0.005844952316864313,0.09259259259259259,-30.902598903245405,30.45961289869399,0.7357848317999589,fdr_bh,False
abs_within_arch,architecture_id=LSTM4|target=lt2|feature_set=EMG+NIRS+HRV,abs_lt_err_median_sec,abs,no_abs,18,145.7109511693319,150.28027205997046,-4.569320890638551,148.86147117614752,97.07926940917974,51.78220176696777,84.0,0.9661178588867188,-0.2596555730996354,0.7982478727154971,-0.06120140550387717,0.09259259259259259,-40.80123141606645,26.621328788333546,0.9939866432776818,fdr_bh,False
abs_within_arch,architecture_id=LSTM5|target=lt1|feature_set=EMG,abs_lt_err_median_sec,abs,no_abs,18,212.93201446202067,212.93201446202067,0.0,151.16917228698722,151.16917228698722,0.0,,,,,,0.0,0.0,0.0,,fdr_bh,False
abs_within_arch,architecture_id=LSTM5|target=lt1|feature_set=EMG+NIRS,abs_lt_err_median_sec,abs,no_abs,18,167.71687867575218,158.65143001741816,9.06544865833402,100.39684435725212,95.20047378540039,5.19637057185173,85.0,1.0,0.3587993557611218,0.7241625035752987,0.08456981918135126,0.012345679012345678,-36.324701359536775,63.64589028176361,1.0,fdr_bh,False
abs_within_arch,architecture_id=LSTM5|target=lt1|feature_set=EMG+NIRS+HRV,abs_lt_err_median_sec,abs,no_abs,18,169.3404604560799,136.33621835377483,33.004242102305085,111.30257317423818,71.5178980529308,39.78467512130737,28.0,0.010406494140625,2.903584093739876,0.009887178540426485,0.6843813341429541,0.24074074074074073,10.555807826254041,54.40908794932898,0.10439014434814453,fdr_bh,False
abs_within_arch,architecture_id=LSTM5|target=lt2|feature_set=EMG,abs_lt_err_median_sec,abs,no_abs,18,154.78702066342032,154.78702066342032,0.0,129.68997368216515,129.68997368216515,0.0,,,,,,0.0,0.0,0.0,,fdr_bh,False
abs_within_arch,architecture_id=LSTM5|target=lt2|feature_set=EMG+NIRS,abs_lt_err_median_sec,abs,no_abs,18,189.84411375390152,139.35416724284482,50.4899465110567,170.5529575347901,125.32333564758324,45.22962188720686,32.0,0.0182342529296875,1.9220355261566422,0.07152497573411601,0.4530281180756051,0.22839506172839505,3.141239342093484,102.70058383014458,0.13612081838208576,fdr_bh,False
abs_within_arch,architecture_id=LSTM5|target=lt2|feature_set=EMG+NIRS+HRV,abs_lt_err_median_sec,abs,no_abs,18,108.58884238534499,136.46862780385538,-27.879785418510394,100.35858917236322,140.0419769287103,-39.68338775634709,39.0,0.0431671142578125,-2.6200029421622792,0.01792229096021979,-0.6175406157105512,-0.2654320987654321,-49.68959968619872,-7.481382287542026,0.23890764959927263,fdr_bh,False
abs_within_arch,architecture_id=LSTM6|target=lt1|feature_set=EMG,abs_lt_err_median_sec,abs,no_abs,18,183.8408161765999,183.8408161765999,0.0,113.26212310791016,113.26212310791016,0.0,,,,,,0.0,0.0,0.0,,fdr_bh,False
abs_within_arch,architecture_id=LSTM6|target=lt1|feature_set=EMG+NIRS,abs_lt_err_median_sec,abs,no_abs,18,191.20754597915547,179.03797128134298,12.169574697812493,150.93885228037837,118.88328692317012,32.05556535720825,79.0,0.7987060546875,0.6465671366819237,0.5265459135824517,0.15239733561338584,0.06172839506172839,-21.859449014067756,52.49703963597627,0.9124008667426602,fdr_bh,False
abs_within_arch,architecture_id=LSTM6|target=lt1|feature_set=EMG+NIRS+HRV,abs_lt_err_median_sec,abs,no_abs,18,176.75649139285088,176.12444246808678,0.6320489247640921,119.6388397216794,99.99461364746094,19.644226074218466,85.0,1.0,0.045591340040518735,0.9641672507457169,0.010745981902010855,0.09259259259259259,-26.634000486797692,28.116807593239766,1.0,fdr_bh,False
abs_within_arch,architecture_id=LSTM6|target=lt2|feature_set=EMG,abs_lt_err_median_sec,abs,no_abs,18,135.45031815767288,135.45031815767288,0.0,127.6859903037548,127.6859903037548,0.0,,,,,,0.0,0.0,0.0,,fdr_bh,False
abs_within_arch,architecture_id=LSTM6|target=lt2|feature_set=EMG+NIRS,abs_lt_err_median_sec,abs,no_abs,18,175.26381321085825,162.0176628496912,13.246150361167054,177.73143288493162,141.49909588694567,36.23233699798595,60.0,0.28372955322265625,0.7425143464636624,0.46791235163017286,0.17501230983758442,0.09259259259259259,-18.066550499200822,48.94646811551505,0.5701048851013184,fdr_bh,False
abs_within_arch,architecture_id=LSTM6|target=lt2|feature_set=EMG+NIRS+HRV,abs_lt_err_median_sec,abs,no_abs,18,125.90816591183349,132.40672777096438,-6.498561859130888,129.71206283569308,119.0592174530031,10.652845382689975,83.0,0.932281494140625,-0.40315329828477386,0.6918605695486849,-0.09502414369162882,-0.024691358024691357,-39.13041718800863,23.577554771635313,0.9876645531984839,fdr_bh,False
abs_within_arch,architecture_id=LSTM7|target=lt1|feature_set=EMG,abs_lt_err_median_sec,abs,no_abs,18,211.11355598602026,211.43044196069235,-0.3168859746720898,159.42319583892788,170.43217086791992,-11.00897502899204,76.0,0.7018814086914062,-0.017970414745436557,0.9858716840866081,-0.004235667375744306,-0.07407407407407407,-31.92748202151717,34.93826337787832,0.8406863141415725,fdr_bh,False
abs_within_arch,architecture_id=LSTM7|target=lt1|feature_set=EMG+NIRS,abs_lt_err_median_sec,abs,no_abs,18,189.44508221248773,198.07104832761812,-8.625966115130382,133.3764953613281,124.41522732377018,8.961268037557915,71.0,0.550872802734375,-0.2776342498044826,0.7846412339422305,-0.06543902024212986,0.018518518518518517,-71.17067559030332,43.913862663755815,0.7556844858022836,fdr_bh,False
abs_within_arch,architecture_id=LSTM7|target=lt1|feature_set=EMG+NIRS+HRV,abs_lt_err_median_sec,abs,no_abs,18,166.84184972279598,165.97705846197064,0.8647912608253421,147.96682904660682,153.8160185664889,-5.8491895198820885,85.0,1.0,0.07228453298601355,0.9432191145285211,0.017037627816437622,-0.018518518518518517,-21.36754065619584,24.095419453250194,1.0,fdr_bh,False
abs_within_arch,architecture_id=LSTM7|target=lt2|feature_set=EMG,abs_lt_err_median_sec,abs,no_abs,18,193.01039314270008,179.85333486398056,13.157058278719518,170.92762756347656,168.7279090881343,2.1997184753422516,69.0,0.49507904052734375,0.7988063579635847,0.43542142391255,0.18828046419032649,0.030864197530864196,-17.5205621010728,42.13976953857473,0.7094659464699882,fdr_bh,False
abs_within_arch,architecture_id=LSTM7|target=lt2|feature_set=EMG+NIRS,abs_lt_err_median_sec,abs,no_abs,18,177.37897046407068,199.15751245286725,-21.778541988796576,149.78673362731928,139.6732997894286,10.113433837890682,83.0,0.932281494140625,-0.7117831588001006,0.4862528969236703,-0.16776889944064413,-0.043209876543209874,-92.17430045339778,29.43009839587739,0.9876645531984839,fdr_bh,False
abs_within_arch,architecture_id=LSTM7|target=lt2|feature_set=EMG+NIRS+HRV,abs_lt_err_median_sec,abs,no_abs,18,124.81923018561469,171.66319274902347,-46.84396256340878,117.66743469238298,127.8926868438719,-10.225252151488917,42.0,0.0599365234375,-2.1643068201582785,0.04496550496176722,-0.5101320097007375,-0.22839506172839505,-88.15560010274248,-3.221773407194409,0.30061912536621094,fdr_bh,False
abs_within_arch,architecture_id=LSTM8|target=lt1|feature_set=EMG,abs_lt_err_median_sec,abs,no_abs,18,220.94626969595745,230.4726135449276,-9.526343848970157,167.74153804779027,207.90188193321137,-40.1603438854211,75.0,0.6705245971679688,-0.5490514270797812,0.5901097834428429,-0.12941266243608818,0.0,-42.795336590210475,26.06419997877536,0.8278399834266076,fdr_bh,False
abs_within_arch,architecture_id=LSTM8|target=lt1|feature_set=EMG+NIRS,abs_lt_err_median_sec,abs,no_abs,18,208.1114017681942,196.52703594995864,11.584365818235568,176.03597259521484,163.8858137130737,12.150158882141142,82.0,0.8985748291015625,0.5200430562121696,0.6097396842874021,0.12257532385220067,-0.012345679012345678,-29.401046080721798,55.29197126759421,0.9679279199382603,fdr_bh,False
abs_within_arch,architecture_id=LSTM8|target=lt1|feature_set=EMG+NIRS+HRV,abs_lt_err_median_sec,abs,no_abs,18,184.55757434997284,175.6964902463886,8.861084103584233,126.17931054532517,108.1374282836911,18.041882261634072,73.0,0.6094589233398438,0.523412048146607,0.6074437031214184,0.12336940286640184,0.06172839506172839,-24.1350364085701,42.17281162440776,0.7943402494978808,fdr_bh,False
abs_within_arch,architecture_id=LSTM8|target=lt2|feature_set=EMG,abs_lt_err_median_sec,abs,no_abs,18,183.46334081888202,186.61677328745523,-3.1534324685732145,167.20926666259766,171.2380828857422,-4.028816223144531,75.0,0.6705245971679688,-0.2723645871255947,0.7886222164302215,-0.06419694883719408,-0.04938271604938271,-24.249888275729244,17.4163074612618,0.8278399834266076,fdr_bh,False
abs_within_arch,architecture_id=LSTM8|target=lt2|feature_set=EMG+NIRS,abs_lt_err_median_sec,abs,no_abs,18,170.22282563315494,162.63255204094776,7.590273592207183,154.261806488037,131.08887672424316,23.17292976379383,72.0,0.5798416137695312,0.6260403466173766,0.5396038428507413,0.1475591247965079,0.09259259259259259,-16.257706810368358,30.70256490839857,0.7659636132511092,fdr_bh,False
abs_within_arch,architecture_id=LSTM8|target=lt2|feature_set=EMG+NIRS+HRV,abs_lt_err_median_sec,abs,no_abs,18,142.30933147006567,149.09707176685322,-6.787740296787547,124.04018974304205,123.17276382446244,0.8674259185796132,76.0,0.7018814086914062,-0.3574916724147687,0.7251234049387103,-0.08426159526073425,0.024691358024691357,-41.89356992277833,30.287310285369525,0.8406863141415725,fdr_bh,False
abs_within_arch,architecture_id=LSTM9|target=lt1|feature_set=EMG,abs_lt_err_median_sec,abs,no_abs,18,199.86495469344982,192.95083926452526,6.9141154289245605,171.1599168777463,163.79643830657,7.363478571176302,68.0,0.468292236328125,0.49450208123091727,0.6272811049240089,0.1165552583164142,0.06790123456790123,-19.313899966080974,33.20561931928003,0.6895495773455419,fdr_bh,False
abs_within_arch,architecture_id=LSTM9|target=lt1|feature_set=EMG+NIRS,abs_lt_err_median_sec,abs,no_abs,18,204.00689398911248,186.02163035008647,17.985263639026016,181.65656471252424,125.03251561522521,56.624049097299036,63.0,0.34654998779296875,0.6772816312769522,0.5073402360212799,0.15963681141633992,0.11728395061728394,-30.49989465806233,66.16993812852435,0.6112227806678185,fdr_bh,False
abs_within_arch,architecture_id=LSTM9|target=lt1|feature_set=EMG+NIRS+HRV,abs_lt_err_median_sec,abs,no_abs,18,173.66880545020103,142.92791586783198,30.74088958236905,164.0301470756531,120.33695220947249,43.69319486618062,54.0,0.18146514892578125,1.4897480682682798,0.15460949840089633,0.3511369871106868,0.05555555555555555,-9.323074540330355,69.97043195847006,0.5295482982288707,fdr_bh,False
abs_within_arch,architecture_id=LSTM9|target=lt2|feature_set=EMG,abs_lt_err_median_sec,abs,no_abs,18,171.06908702850328,187.17862627241337,-16.109539243910092,143.96513366699207,124.09852886199951,19.866604804992562,46.0,0.0897674560546875,-1.2231979437389278,0.2379407720955314,-0.28831052025041226,-0.13580246913580246,-40.83442259232209,9.762921135955331,0.3742253687474635,fdr_bh,False
abs_within_arch,architecture_id=LSTM9|target=lt2|feature_set=EMG+NIRS,abs_lt_err_median_sec,abs,no_abs,18,182.48130024804007,173.09269648293647,9.388603765103596,131.68967628479004,129.2205581665039,2.469118118286133,75.0,0.6705245971679688,0.36727910980139966,0.717943038268444,0.08656851637624277,0.024691358024691357,-37.735845138918975,59.23970289126876,0.8278399834266076,fdr_bh,False
abs_within_arch,architecture_id=LSTM9|target=lt2|feature_set=EMG+NIRS+HRV,abs_lt_err_median_sec,abs,no_abs,18,129.86071597205262,164.1092799504599,-34.248563978407276,93.73540878295927,126.59077453613293,-32.85536575317366,31.0,0.01593017578125,-2.1376833983476047,0.04736416918482991,-0.5038568090004983,-0.22839506172839505,-65.41713405185278,-4.442233106825263,0.12472162014100611,fdr_bh,False
abs_within_arch,architecture_id=Lin1|target=lt1|feature_set=EMG,abs_lt_err_median_sec,abs,no_abs,18,239.33837476582715,239.33837476582715,0.0,207.13517826833137,207.13517826833137,0.0,,,,,,0.0,0.0,0.0,,fdr_bh,False
abs_within_arch,architecture_id=Lin1|target=lt1|feature_set=EMG+NIRS,abs_lt_err_median_sec,abs,no_abs,18,315.9250279241978,254.63081894782968,61.29420897636814,282.59510118156675,220.70961421370677,61.885486967859975,35.0,0.02684783935546875,2.260163637539505,0.03722496563597065,0.5327256782318127,0.13580246913580246,12.750002232609038,117.47728961635792,0.18735122680664065,fdr_bh,False
abs_within_arch,architecture_id=Lin1|target=lt1|feature_set=EMG+NIRS+HRV,abs_lt_err_median_sec,abs,no_abs,18,207.81980668183735,153.09505729030812,54.72474939152923,117.89922846986964,82.11222605163607,35.78700241823357,19.0,0.0023345947265625,3.4345252978053975,0.0031623448696823262,0.8095253760783144,0.1728395061728395,25.51287090075779,86.91587660473671,0.037470245361328126,fdr_bh,True
abs_within_arch,architecture_id=Lin1|target=lt1|feature_set=HRV,abs_lt_err_median_sec,abs,no_abs,18,181.99393929993366,162.98581968966084,19.008119610272814,154.6992418452408,140.0193478064461,14.679894038794714,64.0,0.3692169189453125,1.432281101187639,0.17019489099949842,0.33759189307170506,0.09259259259259259,-4.864516038271813,44.48809398003791,0.6337894704890125,fdr_bh,False
abs_within_arch,architecture_id=Lin1|target=lt1|feature_set=NIRS,abs_lt_err_median_sec,abs,no_abs,18,276.04122638853073,192.60276855219112,83.43845783633961,182.1317007624176,131.47782328711372,50.65387747530389,58.0,0.24620819091796875,1.8415415917115725,0.08305932904542854,0.43405551577877377,0.24074074074074073,1.9947295937017189,173.04336779975773,0.5526771278648109,fdr_bh,False
abs_within_arch,architecture_id=Lin1|target=lt2|feature_set=EMG,abs_lt_err_median_sec,abs,no_abs,18,258.70812269386107,258.70812269386107,0.0,256.0181929488737,256.0181929488737,0.0,,,,,,0.0,0.0,0.0,,fdr_bh,False
abs_within_arch,architecture_id=Lin1|target=lt2|feature_set=EMG+NIRS,abs_lt_err_median_sec,abs,no_abs,18,263.53681092578796,162.04989918688125,101.48691173890671,241.756649919876,161.72789830772552,80.02875161215047,25.0,0.0065765380859375,2.911772641889508,0.009716996551361969,0.6863113934511799,0.3765432098765432,33.511723202892654,165.3608093492521,0.07818773057725695,fdr_bh,False
abs_within_arch,architecture_id=Lin1|target=lt2|feature_set=EMG+NIRS+HRV,abs_lt_err_median_sec,abs,no_abs,18,149.5734782333053,115.92747765517576,33.646000578129545,89.83425146079364,92.7308984828608,-2.8966470220671567,53.0,0.16735076904296875,1.5422798563183768,0.14141439711610332,0.36351884829671277,0.10493827160493827,-6.963149507769849,73.77678225371342,0.5215494841047862,fdr_bh,False
abs_within_arch,architecture_id=Lin1|target=lt2|feature_set=HRV,abs_lt_err_median_sec,abs,no_abs,18,123.073576212819,149.68391054439624,-26.610334331577235,107.18802408426853,115.57866271165034,-8.390638627381804,59.0,0.2645263671875,-1.0759690837240228,0.2969747615274798,-0.2536083451494442,-0.030864197530864196,-73.56443622925133,18.791636065456032,0.5549866919424019,fdr_bh,False
abs_within_arch,architecture_id=Lin1|target=lt2|feature_set=NIRS,abs_lt_err_median_sec,abs,no_abs,18,317.2504421100023,178.8170280195419,138.43341409046042,275.1815034115608,157.6095416156391,117.57196179592171,15.0,0.00104522705078125,2.5311432685437114,0.021528399696075493,0.5965961897806469,0.35185185185185186,54.51447144149588,260.75668550089495,0.03168439865112305,fdr_bh,True
abs_within_arch,architecture_id=Lin10|target=lt1|feature_set=EMG,abs_lt_err_median_sec,abs,no_abs,18,265.56965847308925,265.56965847308925,0.0,243.05797139848457,243.05797139848457,0.0,,,,,,0.0,0.0,0.0,,fdr_bh,False
abs_within_arch,architecture_id=Lin10|target=lt1|feature_set=EMG+NIRS,abs_lt_err_median_sec,abs,no_abs,18,296.4134590211217,218.16811600209178,78.24534301902992,263.361574164534,182.36946074915755,80.99211341537642,29.0,0.01203155517578125,2.163756489184161,0.045013937924101806,0.5100022954461723,0.2037037037037037,19.02448905465334,157.81845893278464,0.11034654889787947,fdr_bh,False
abs_within_arch,architecture_id=Lin10|target=lt1|feature_set=EMG+NIRS+HRV,abs_lt_err_median_sec,abs,no_abs,18,196.6217838895981,136.2002282223504,60.4215556672477,100.46307335805398,80.30621334916086,20.15686000889312,11.0,0.00041961669921875,3.898621174194643,0.0011551452126882331,0.9189138231834973,0.22839506172839505,32.10203143684597,89.68489460169806,0.03168439865112305,fdr_bh,True
abs_within_arch,architecture_id=Lin10|target=lt1|feature_set=HRV,abs_lt_err_median_sec,abs,no_abs,18,182.59244422842164,162.53396874959384,20.058475478827802,163.75784267696883,139.8901955873907,23.867647089578128,68.0,0.468292236328125,1.4160517544980615,0.17482204376330554,0.33376659937222913,0.1111111111111111,-5.826222895614468,47.7096174826697,0.6895495773455419,fdr_bh,False
abs_within_arch,architecture_id=Lin10|target=lt1|feature_set=NIRS,abs_lt_err_median_sec,abs,no_abs,18,250.53210725550025,176.8256420200313,73.70646523546895,159.25426622803087,112.19577259211025,47.05849363592063,65.0,0.39273834228515625,1.5902470976148995,0.13020234762722008,0.37482483549524037,0.25308641975308643,-7.804558970643742,167.35685477226892,0.6566094160079956,fdr_bh,False
abs_within_arch,architecture_id=Lin10|target=lt2|feature_set=EMG,abs_lt_err_median_sec,abs,no_abs,18,238.55530027050398,238.55530027050398,0.0,180.06833099607448,180.06833099607448,0.0,,,,,,0.0,0.0,0.0,,fdr_bh,False
abs_within_arch,architecture_id=Lin10|target=lt2|feature_set=EMG+NIRS,abs_lt_err_median_sec,abs,no_abs,18,253.69645460315073,175.75263804267635,77.94381656047437,195.26654132474812,177.75983104610805,17.50671027864007,36.0,0.030364990234375,2.294149904939689,0.03479079969960294,0.5407363182804424,0.2839506172839506,14.305530618881319,142.37726865850144,0.2073864226645612,fdr_bh,False
abs_within_arch,architecture_id=Lin10|target=lt2|feature_set=EMG+NIRS+HRV,abs_lt_err_median_sec,abs,no_abs,18,134.0526062243256,117.53060062768347,16.522005596642117,86.95409014903066,104.69296446359706,-17.738874314566402,66.0,0.4171142578125,0.7402002368745446,0.4692787390494287,0.17446686897662642,0.012345679012345678,-24.321168063011655,58.2560766648541,0.6661376953125,fdr_bh,False
abs_within_arch,architecture_id=Lin10|target=lt2|feature_set=HRV,abs_lt_err_median_sec,abs,no_abs,18,121.6296208095132,149.16370633491437,-27.534085525401167,106.43031789982518,119.4191716957015,-12.98885379587631,55.0,0.19638824462890625,-1.1286287781259658,0.27473059436822594,-0.2660203541517193,-0.037037037037037035,-74.50367620019688,17.230456525610187,0.5481793610945992,fdr_bh,False
abs_within_arch,architecture_id=Lin10|target=lt2|feature_set=NIRS,abs_lt_err_median_sec,abs,no_abs,18,282.0735020886215,165.1128956575578,116.96060643106372,245.6736116738653,153.54352642127418,92.13008525259113,18.0,0.00193023681640625,2.4132563135252783,0.027381733253080437,0.5688099680116578,0.37037037037037035,41.6577012881008,226.4250039964811,0.032610843056126645,fdr_bh,True
abs_within_arch,architecture_id=Lin11|target=lt1|feature_set=EMG,abs_lt_err_median_sec,abs,no_abs,18,250.604048778943,250.604048778943,0.0,219.34437143000076,219.34437143000076,0.0,,,,,,0.0,0.0,0.0,,fdr_bh,False
abs_within_arch,architecture_id=Lin11|target=lt1|feature_set=EMG+NIRS,abs_lt_err_median_sec,abs,no_abs,18,314.23978696690233,246.83275247926193,67.4070344876404,279.7981925842207,228.33224374027523,51.46594884394548,37.0,0.03423309326171875,2.11006362522839,0.04997595913239138,0.4973467660446882,0.12962962962962962,13.589027529076725,135.9557261989127,0.2242616925920759,fdr_bh,False
abs_within_arch,architecture_id=Lin11|target=lt1|feature_set=EMG+NIRS+HRV,abs_lt_err_median_sec,abs,no_abs,18,204.44458825192268,146.53620421456415,57.90838403735853,108.40112535616505,78.55348088782794,29.84764446833711,15.0,0.00104522705078125,3.581716890283006,0.0022983139665637793,0.8442187671365022,0.19753086419753085,28.94109724497616,89.2647947120507,0.03168439865112305,fdr_bh,True
abs_within_arch,architecture_id=Lin11|target=lt1|feature_set=HRV,abs_lt_err_median_sec,abs,no_abs,18,182.9163354065795,162.30454656356326,20.611788843016228,162.26884354002777,142.1107096393191,20.158133900708663,66.0,0.4171142578125,1.459321187336997,0.16270807620959796,0.3439653024983982,0.1111111111111111,-5.007662966358975,48.23367202636981,0.6661376953125,fdr_bh,False
abs_within_arch,architecture_id=Lin11|target=lt1|feature_set=NIRS,abs_lt_err_median_sec,abs,no_abs,18,269.1824064479669,188.93771589973377,80.24469054823314,177.98802605221812,130.52810728342007,47.45991876879805,59.0,0.2645263671875,1.792637724185542,0.09084351513025835,0.4225287636608055,0.2345679012345679,0.526059303651716,167.8979503688309,0.5549866919424019,fdr_bh,False
abs_within_arch,architecture_id=Lin11|target=lt2|feature_set=EMG,abs_lt_err_median_sec,abs,no_abs,18,251.63922554021045,251.63922554021045,0.0,240.30041751143222,240.30041751143222,0.0,,,,,,0.0,0.0,0.0,,fdr_bh,False
abs_within_arch,architecture_id=Lin11|target=lt2|feature_set=EMG+NIRS,abs_lt_err_median_sec,abs,no_abs,18,259.9796116637142,167.9565240303214,92.0230876333928,232.27569956937464,181.8635110455271,50.41218852384753,30.0,0.0138702392578125,2.6372943998256204,0.017290947144698553,0.621616251367334,0.3148148148148148,23.28319872398868,156.8863358578284,0.11716702109888981,fdr_bh,False
abs_within_arch,architecture_id=Lin11|target=lt2|feature_set=EMG+NIRS+HRV,abs_lt_err_median_sec,abs,no_abs,18,144.15813429899728,117.07840339713123,27.079730901866057,88.86727446267523,101.59204847703495,-12.724774014359724,61.0,0.30379486083984375,1.1655648784541086,0.25988425791087344,0.2747262764892581,0.07407407407407407,-15.893910164828258,70.37371113231373,0.5874587369252401,fdr_bh,False
abs_within_arch,architecture_id=Lin11|target=lt2|feature_set=HRV,abs_lt_err_median_sec,abs,no_abs,18,122.88782846361975,149.17911414666125,-26.291285683041494,107.12894164284211,119.91710980696507,-12.788168164122965,56.0,0.2121429443359375,-1.0670018486701225,0.3008901952035564,-0.251494747577742,-0.043209876543209874,-73.27296317496418,18.408405487241566,0.5526771278648109,fdr_bh,False
abs_within_arch,architecture_id=Lin11|target=lt2|feature_set=NIRS,abs_lt_err_median_sec,abs,no_abs,18,308.53335930092453,175.67216486570018,132.86119443522435,273.19613314996235,156.79298076091408,116.40315238904827,16.0,0.00128936767578125,2.5480007978890122,0.020795205427039425,0.600569547552018,0.36419753086419754,51.9886065004818,250.52585193590684,0.03168439865112305,fdr_bh,True
abs_within_arch,architecture_id=Lin12|target=lt1|feature_set=EMG,abs_lt_err_median_sec,abs,no_abs,18,218.99532190193838,218.99532190193838,0.0,202.73559385106228,202.73559385106228,0.0,,,,,,0.0,0.0,0.0,,fdr_bh,False
abs_within_arch,architecture_id=Lin12|target=lt1|feature_set=EMG+NIRS,abs_lt_err_median_sec,abs,no_abs,18,226.6334254330828,193.03774808280684,33.59567735027596,186.160399001134,160.40628691117413,25.754112089959875,53.0,0.16735076904296875,1.9026945169996041,0.07415802947949858,0.448469398498961,0.13580246913580246,1.607844567869663,69.26375734874793,0.5215494841047862,fdr_bh,False
abs_within_arch,architecture_id=Lin12|target=lt1|feature_set=EMG+NIRS+HRV,abs_lt_err_median_sec,abs,no_abs,18,176.1592626492645,142.64598834286514,33.51327430639935,104.02151460247674,100.47993314452697,3.541581457949775,31.0,0.01593017578125,2.6760527462974246,0.015952072930586893,0.6307516812399308,0.09876543209876543,9.35817588083127,56.829683281161714,0.12472162014100611,fdr_bh,False
abs_within_arch,architecture_id=Lin12|target=lt1|feature_set=HRV,abs_lt_err_median_sec,abs,no_abs,18,176.84010762538418,158.63829348185442,18.20181414352976,149.80878199165983,129.29389216563524,20.514889826024586,63.0,0.34654998779296875,1.5426737920020053,0.14131911902412478,0.3636116998277945,0.11728395061728394,-2.9662775537000994,40.79874777570488,0.6112227806678185,fdr_bh,False
abs_within_arch,architecture_id=Lin12|target=lt1|feature_set=NIRS,abs_lt_err_median_sec,abs,no_abs,18,204.75184300711896,176.00912118224358,28.74272182487539,149.0189184999047,146.94298108861608,2.0759374112886064,69.0,0.49507904052734375,0.9942829217854557,0.3340277625906397,0.23435473213748978,0.09876543209876543,-29.29047830052409,85.90233360302344,0.7094659464699882,fdr_bh,False
abs_within_arch,architecture_id=Lin12|target=lt2|feature_set=EMG,abs_lt_err_median_sec,abs,no_abs,18,212.27307101551162,212.27307101551162,0.0,136.9481185971719,136.9481185971719,0.0,,,,,,0.0,0.0,0.0,,fdr_bh,False
abs_within_arch,architecture_id=Lin12|target=lt2|feature_set=EMG+NIRS,abs_lt_err_median_sec,abs,no_abs,18,205.5278627891558,164.52151216604727,41.00635062310852,177.51663347534077,150.36026340721259,27.156370068128183,46.0,0.0897674560546875,1.9100793350803316,0.07314264728676244,0.45021001681319806,0.17901234567901234,1.465865870540192,80.40684367903845,0.3742253687474635,fdr_bh,False
abs_within_arch,architecture_id=Lin12|target=lt2|feature_set=EMG+NIRS+HRV,abs_lt_err_median_sec,abs,no_abs,18,123.10463217568869,133.98886516847466,-10.884232992785968,71.85151127623494,103.53735414398463,-31.685842867749685,81.0,0.8650436401367188,-0.5943176465258903,0.5601266458710763,-0.14008201267909554,-0.14814814814814814,-49.56455795212676,22.333854152169945,0.9509555085064614,fdr_bh,False
abs_within_arch,architecture_id=Lin12|target=lt2|feature_set=HRV,abs_lt_err_median_sec,abs,no_abs,18,111.73776947825634,143.74007133348104,-32.0023018552247,91.37414474004987,112.353408922438,-20.979264182388135,58.0,0.24620819091796875,-1.3979158256033837,0.18011330346584184,-0.3294919199373813,-0.08641975308641975,-80.8906787776484,8.512552341215994,0.5526771278648109,fdr_bh,False
abs_within_arch,architecture_id=Lin12|target=lt2|feature_set=NIRS,abs_lt_err_median_sec,abs,no_abs,18,201.46107507992656,155.55761509532184,45.90345998460472,167.9087936621646,122.70883329159528,45.19996037056933,47.0,0.0987396240234375,1.7794589781031147,0.09304774390416233,0.4194225034199989,0.16666666666666666,-1.8788587583783236,98.24352769703691,0.38652950379906637,fdr_bh,False
abs_within_arch,architecture_id=Lin13|target=lt1|feature_set=EMG,abs_lt_err_median_sec,abs,no_abs,18,229.1551237668775,229.1551237668775,0.0,212.13835224444637,212.13835224444637,0.0,,,,,,0.0,0.0,0.0,,fdr_bh,False
abs_within_arch,architecture_id=Lin13|target=lt1|feature_set=EMG+NIRS,abs_lt_err_median_sec,abs,no_abs,18,235.90782012702414,198.53879563817281,37.36902448885132,190.1637821166322,157.6472552089624,32.5165269076698,47.0,0.0987396240234375,2.070796032361212,0.053915833663212655,0.48809130564560343,0.12962962962962962,5.579375820389272,73.21363358429898,0.38652950379906637,fdr_bh,False
abs_within_arch,architecture_id=Lin13|target=lt1|feature_set=EMG+NIRS+HRV,abs_lt_err_median_sec,abs,no_abs,18,180.72257793207868,139.2356150327214,41.48696289935728,110.9965935185654,88.42276534628417,22.57382817228124,23.0,0.0047454833984375,3.3249158772414873,0.004008503114900146,0.7836901878907582,0.14814814814814814,17.35704211435083,65.45553778865371,0.060932006835937504,fdr_bh,False
abs_within_arch,architecture_id=Lin13|target=lt1|feature_set=HRV,abs_lt_err_median_sec,abs,no_abs,18,178.5844439923228,160.7649718583013,17.81947213402151,153.27579298543998,133.87585475092064,19.39993823451934,66.0,0.4171142578125,1.4163704540863775,0.1747302034202213,0.3338417175855824,0.1111111111111111,-4.559029243288685,42.14619478964231,0.6661376953125,fdr_bh,False
abs_within_arch,architecture_id=Lin13|target=lt1|feature_set=NIRS,abs_lt_err_median_sec,abs,no_abs,18,212.07229479825946,178.95319197668735,33.11910282157211,149.58667494681387,142.60348517261707,6.983189774196802,72.0,0.5798416137695312,1.0208291028318943,0.321643905902529,0.240611727015004,0.08024691358024691,-30.148469761945293,95.02602050863568,0.7659636132511092,fdr_bh,False
abs_within_arch,architecture_id=Lin13|target=lt2|feature_set=EMG,abs_lt_err_median_sec,abs,no_abs,18,212.82633851746073,212.82633851746073,0.0,122.90783796300761,122.90783796300761,0.0,,,,,,0.0,0.0,0.0,,fdr_bh,False
abs_within_arch,architecture_id=Lin13|target=lt2|feature_set=EMG+NIRS,abs_lt_err_median_sec,abs,no_abs,18,205.7302023665895,169.47163026147948,36.258572105110034,182.87481324273477,146.98094510612492,35.89386813660985,58.0,0.24620819091796875,1.5990787466329823,0.12822205136540096,0.3769064751318223,0.08024691358024691,-4.365971941475702,78.36991676340526,0.5526771278648109,fdr_bh,False
abs_within_arch,architecture_id=Lin13|target=lt2|feature_set=EMG+NIRS+HRV,abs_lt_err_median_sec,abs,no_abs,18,122.17645475291667,127.61859806369733,-5.442143310780665,76.0439394598241,98.1864843589988,-22.142544899174695,83.0,0.932281494140625,-0.27821364290587014,0.7842039020781254,-0.06557558450578445,-0.12345679012345678,-46.51771943843398,30.79499369189578,0.9876645531984839,fdr_bh,False
abs_within_arch,architecture_id=Lin13|target=lt2|feature_set=HRV,abs_lt_err_median_sec,abs,no_abs,18,114.28145091679329,144.2997391552567,-30.018288238463413,97.97590621426122,113.3323562748443,-15.356450060583086,57.0,0.22875213623046875,-1.3172869626371968,0.20522221717386188,-0.3104875146831307,-0.06172839506172839,-75.00810102632681,10.899135015611186,0.5526771278648109,fdr_bh,False
abs_within_arch,architecture_id=Lin13|target=lt2|feature_set=NIRS,abs_lt_err_median_sec,abs,no_abs,18,208.40895684404006,154.82742082738574,53.581536016654326,172.18998663372366,128.26524022115774,43.92474641256592,42.0,0.0599365234375,1.69480276548351,0.10835080634667647,0.39946884274903466,0.16666666666666666,-5.595921609118107,117.17940577532461,0.30061912536621094,fdr_bh,False
abs_within_arch,architecture_id=Lin14|target=lt1|feature_set=EMG,abs_lt_err_median_sec,abs,no_abs,18,263.3544349369533,263.3544349369533,0.0,248.47452217583358,248.47452217583358,0.0,,,,,,0.0,0.0,0.0,,fdr_bh,False
abs_within_arch,architecture_id=Lin14|target=lt1|feature_set=EMG+NIRS,abs_lt_err_median_sec,abs,no_abs,18,277.9929811473274,211.5191225725477,66.47385857477968,235.71190549726398,168.4020785069386,67.30982699032538,25.0,0.0065765380859375,2.4065876637426906,0.027754039488246007,0.5672381521841159,0.19135802469135801,21.780718586333087,126.71851112025145,0.07818773057725695,fdr_bh,False
abs_within_arch,architecture_id=Lin14|target=lt1|feature_set=EMG+NIRS+HRV,abs_lt_err_median_sec,abs,no_abs,18,193.5673039876336,134.032985609392,59.53431837824161,97.50061291686735,61.8574926701992,35.643120246668154,11.0,0.00041961669921875,4.053335327428971,0.0008260573588515626,0.955380298816007,0.24691358024691357,32.87754831132355,87.16334772275106,0.03168439865112305,fdr_bh,True
abs_within_arch,architecture_id=Lin14|target=lt1|feature_set=HRV,abs_lt_err_median_sec,abs,no_abs,18,181.98779869242108,162.70587560708518,19.281923085335904,162.5769161708905,139.57736721701505,22.99954895387546,68.0,0.468292236328125,1.376173462501503,0.1866268597160591,0.32436719580792794,0.1111111111111111,-5.961876168620196,46.644277010693685,0.6895495773455419,fdr_bh,False
abs_within_arch,architecture_id=Lin14|target=lt1|feature_set=NIRS,abs_lt_err_median_sec,abs,no_abs,18,239.7931965501787,180.0953942291491,59.6978023210296,157.0481432109616,116.6142971494495,40.4338460615121,67.0,0.44229888916015625,1.4604378156735047,0.16240481541900917,0.34422849432133484,0.1728395061728395,-15.980340677091219,140.3866635261891,0.6728812484379628,fdr_bh,False
abs_within_arch,architecture_id=Lin14|target=lt2|feature_set=EMG,abs_lt_err_median_sec,abs,no_abs,18,227.75806572143745,227.75806572143745,0.0,173.18485371083835,173.18485371083835,0.0,,,,,,0.0,0.0,0.0,,fdr_bh,False
abs_within_arch,architecture_id=Lin14|target=lt2|feature_set=EMG+NIRS,abs_lt_err_median_sec,abs,no_abs,18,238.09943532121966,175.8533056899768,62.246129631242866,189.63932209438275,168.98275470829185,20.6565673860909,43.0,0.06653594970703125,2.0516052507039473,0.05594231959181705,0.4835679950302292,0.24074074074074073,7.472809191851877,119.88060688197123,0.3285852285531851,fdr_bh,False
abs_within_arch,architecture_id=Lin14|target=lt2|feature_set=EMG+NIRS+HRV,abs_lt_err_median_sec,abs,no_abs,18,129.4670880344364,117.20605499693369,12.261033037502699,90.0991650849633,96.55105551721276,-6.451890432249456,69.0,0.49507904052734375,0.5776036292959095,0.5711035064338649,0.13614248103769946,-0.024691358024691357,-28.219008220691627,51.9258593154364,0.7094659464699882,fdr_bh,False
abs_within_arch,architecture_id=Lin14|target=lt2|feature_set=HRV,abs_lt_err_median_sec,abs,no_abs,18,120.31174811427728,148.578714838567,-28.26696672428973,106.25900026458959,120.03471293171697,-13.77571266712738,54.0,0.18146514892578125,-1.1748849398416579,0.2562354036058565,-0.2769230360253284,-0.04938271604938271,-75.7210311912361,15.195906215679639,0.5295482982288707,fdr_bh,False
abs_within_arch,architecture_id=Lin14|target=lt2|feature_set=NIRS,abs_lt_err_median_sec,abs,no_abs,18,264.4449035733218,158.64390231551363,105.8010012578082,236.73540692517696,136.37202679261765,100.36338013255931,23.0,0.0047454833984375,2.2551206050218235,0.03759933459140102,0.5315370240681471,0.35802469135802467,31.547575764132166,210.56873802995293,0.060932006835937504,fdr_bh,False
abs_within_arch,architecture_id=Lin15|target=lt1|feature_set=EMG,abs_lt_err_median_sec,abs,no_abs,18,189.15041835490376,189.15041835490376,0.0,155.3600096740178,155.3600096740178,0.0,,,,,,0.0,0.0,0.0,,fdr_bh,False
abs_within_arch,architecture_id=Lin15|target=lt1|feature_set=EMG+NIRS,abs_lt_err_median_sec,abs,no_abs,18,196.73321799586893,181.45250138197127,15.280716613897653,147.501534430231,143.33026103680274,4.171273393428265,74.0,0.6396942138671875,1.1715038464427503,0.25755461337689634,0.27612610466859755,0.05555555555555555,-8.057875802502197,42.28454529691111,0.8180949906428971,fdr_bh,False
abs_within_arch,architecture_id=Lin15|target=lt1|feature_set=EMG+NIRS+HRV,abs_lt_err_median_sec,abs,no_abs,18,161.7799507664661,150.665248341966,11.11470242450011,131.43486641008255,116.517553067139,14.917313342943544,63.0,0.34654998779296875,1.1001237055646889,0.2866131033762411,0.25930164411628814,0.05555555555555555,-7.662606339217375,32.22870351768507,0.6112227806678185,fdr_bh,False
abs_within_arch,architecture_id=Lin15|target=lt1|feature_set=HRV,abs_lt_err_median_sec,abs,no_abs,18,148.80065113526794,140.6565206172847,8.144130517983228,116.84021600273786,109.21695122328308,7.623264779454786,62.0,0.32472991943359375,1.3532646914376654,0.19369366881137107,0.3189675466852979,0.06790123456790123,-3.618694131444957,19.908859055677393,0.592263091694225,fdr_bh,False
abs_within_arch,architecture_id=Lin15|target=lt1|feature_set=NIRS,abs_lt_err_median_sec,abs,no_abs,18,162.74948041197524,148.26614404594577,14.483336366029476,131.04964378820875,109.45900661195256,21.590637176256195,71.0,0.550872802734375,0.7934421245630584,0.4384552354415708,0.18701610225253334,0.09876543209876543,-18.987716162778487,48.56905915585333,0.7556844858022836,fdr_bh,False
abs_within_arch,architecture_id=Lin15|target=lt2|feature_set=EMG,abs_lt_err_median_sec,abs,no_abs,18,201.85272888186378,201.85272888186378,0.0,152.40010166521228,152.40010166521228,0.0,,,,,,0.0,0.0,0.0,,fdr_bh,False
abs_within_arch,architecture_id=Lin15|target=lt2|feature_set=EMG+NIRS,abs_lt_err_median_sec,abs,no_abs,18,203.5536356636695,184.70908945846315,18.844546205206342,174.55845762828318,150.74819499368573,23.81026263459745,38.0,0.03849029541015625,2.3057173759115543,0.03399664338613881,0.5434627973355707,0.09876543209876543,3.3479715911191588,33.70896671118184,0.22464336048473013,fdr_bh,False
abs_within_arch,architecture_id=Lin15|target=lt2|feature_set=EMG+NIRS+HRV,abs_lt_err_median_sec,abs,no_abs,18,146.56447017079626,162.35908571661884,-15.79461554582258,108.5144200125373,148.56961309638632,-40.05519308384902,64.0,0.3692169189453125,-1.5576078344759354,0.13774661209043124,-0.36713168739574253,-0.11728395061728394,-36.73895940101439,3.091389134953439,0.6337894704890125,fdr_bh,False
abs_within_arch,architecture_id=Lin15|target=lt2|feature_set=HRV,abs_lt_err_median_sec,abs,no_abs,18,107.98216292040254,127.52097113722373,-19.53880821682118,72.48810938854155,97.66606840126076,-25.177959012719214,40.0,0.04827880859375,-2.2907384091171235,0.03502828771738763,-0.539932221003734,-0.09876543209876543,-37.71794760936267,-3.231189949352639,0.2582916259765625,fdr_bh,False
abs_within_arch,architecture_id=Lin15|target=lt2|feature_set=NIRS,abs_lt_err_median_sec,abs,no_abs,18,162.7603222155518,141.46296942512708,21.297352790424725,136.66178454072593,106.87074659291835,29.79103794780758,46.0,0.0897674560546875,1.832868138645918,0.0843954687819915,0.43201116328576467,0.07407407407407407,0.9113556558692175,44.83780350052153,0.3742253687474635,fdr_bh,False
abs_within_arch,architecture_id=Lin16|target=lt1|feature_set=EMG,abs_lt_err_median_sec,abs,no_abs,18,193.50346482452917,193.50346482452917,0.0,172.83915100236274,172.83915100236274,0.0,,,,,,0.0,0.0,0.0,,fdr_bh,False
abs_within_arch,architecture_id=Lin16|target=lt1|feature_set=EMG+NIRS,abs_lt_err_median_sec,abs,no_abs,18,199.19701220649605,182.24246628494515,16.954545921550903,141.34125093777567,136.1974216934371,5.143829244338576,74.0,0.6396942138671875,1.1624836178047113,0.2610991745563753,0.27400001638932736,0.07407407407407407,-10.227575506821221,47.13579237351978,0.8180949906428971,fdr_bh,False
abs_within_arch,architecture_id=Lin16|target=lt1|feature_set=EMG+NIRS+HRV,abs_lt_err_median_sec,abs,no_abs,18,164.95234007646096,150.72677766420992,14.225562412251037,123.30098041922679,117.77464155252824,5.526338866698552,61.0,0.30379486083984375,1.3852734691574453,0.18387794363687254,0.32651208794634773,0.06172839506172839,-5.348778767091789,34.648925616458826,0.5874587369252401,fdr_bh,False
abs_within_arch,architecture_id=Lin16|target=lt1|feature_set=HRV,abs_lt_err_median_sec,abs,no_abs,18,158.3382701413132,147.2254495750156,11.112820566297586,128.4150920812432,118.39815889230766,10.016933188935525,59.0,0.2645263671875,1.4913845743735992,0.15418353627199385,0.3515227152988616,0.07407407407407407,-3.267216362784135,25.872029302674086,0.5549866919424019,fdr_bh,False
abs_within_arch,architecture_id=Lin16|target=lt1|feature_set=NIRS,abs_lt_err_median_sec,abs,no_abs,18,165.7378434431054,154.44341613819412,11.294427304911267,143.2237710312248,115.03366701990169,28.190104011323115,72.0,0.5798416137695312,0.5162020503560215,0.6123624631626253,0.12166999008971416,0.08024691358024691,-30.146404250634973,51.63928555670525,0.7659636132511092,fdr_bh,False
abs_within_arch,architecture_id=Lin16|target=lt2|feature_set=EMG,abs_lt_err_median_sec,abs,no_abs,18,204.95575380382022,204.95575380382022,0.0,134.7527649297278,134.7527649297278,0.0,,,,,,0.0,0.0,0.0,,fdr_bh,False
abs_within_arch,architecture_id=Lin16|target=lt2|feature_set=EMG+NIRS,abs_lt_err_median_sec,abs,no_abs,18,203.86470179143106,183.3500386336729,20.51466315775815,185.9063953247906,162.3102796044655,23.596115720325088,52.0,0.15404510498046875,1.9517113625809013,0.0676470899554374,0.4600227797999307,0.09876543209876543,0.8599776659015389,40.46529489702836,0.4994795828154593,fdr_bh,False
abs_within_arch,architecture_id=Lin16|target=lt2|feature_set=EMG+NIRS+HRV,abs_lt_err_median_sec,abs,no_abs,18,140.70385619951583,159.58305440179095,-18.87919820227512,108.15815274060047,150.11665500307527,-41.958502262474795,67.0,0.44229888916015625,-1.5716056648396008,0.13446724766498158,-0.37043100765309134,-0.12962962962962962,-44.082865249997155,3.5312661477719707,0.6728812484379628,fdr_bh,False
abs_within_arch,architecture_id=Lin16|target=lt2|feature_set=HRV,abs_lt_err_median_sec,abs,no_abs,18,112.43003378738211,131.21846107722834,-18.788427289846226,71.34281883229374,92.59172563031717,-21.248906798023427,52.0,0.15404510498046875,-1.5669544942492442,0.13554953959723223,-0.3693347162314592,-0.024691358024691357,-44.74781803041761,2.659614045870116,0.4994795828154593,fdr_bh,False
abs_within_arch,architecture_id=Lin16|target=lt2|feature_set=NIRS,abs_lt_err_median_sec,abs,no_abs,18,164.74231814403103,141.89534785135822,22.846970292672808,128.82525089630713,105.89245774471118,22.932793151595945,47.0,0.0987396240234375,1.7660214566109083,0.09534326567977923,0.41625524923017254,0.09876543209876543,-0.04124694383428138,49.14521758018738,0.38652950379906637,fdr_bh,False
abs_within_arch,architecture_id=Lin17|target=lt1|feature_set=EMG,abs_lt_err_median_sec,abs,no_abs,18,209.51685369846948,209.51685369846948,0.0,196.2085112944653,196.2085112944653,0.0,,,,,,0.0,0.0,0.0,,fdr_bh,False
abs_within_arch,architecture_id=Lin17|target=lt1|feature_set=EMG+NIRS,abs_lt_err_median_sec,abs,no_abs,18,217.44122311708594,182.78045652688584,34.6607665902001,179.21039965895477,149.7017792817813,29.508620377173457,55.0,0.19638824462890625,1.793837496853437,0.09064513549907588,0.4228115527905891,0.1419753086419753,0.2645061979636364,74.35877449665753,0.5481793610945992,fdr_bh,False
abs_within_arch,architecture_id=Lin17|target=lt1|feature_set=EMG+NIRS+HRV,abs_lt_err_median_sec,abs,no_abs,18,172.12097250080535,143.13262698728875,28.988345513516606,103.98974729876045,108.19201694438956,-4.202269645629116,38.0,0.03849029541015625,2.2873626744453586,0.035264768979574763,0.5391365527111035,0.08641975308641975,5.015633676987288,53.15202715439455,0.22464336048473013,fdr_bh,False
abs_within_arch,architecture_id=Lin17|target=lt1|feature_set=HRV,abs_lt_err_median_sec,abs,no_abs,18,175.17165218152797,157.3235677361962,17.84808444533178,149.42127636526925,129.3725614811937,20.048714884075537,62.0,0.32472991943359375,1.5969888411022524,0.12868834681873245,0.3764138796742161,0.12345679012345678,-2.014370389941259,39.35979602144756,0.592263091694225,fdr_bh,False
abs_within_arch,architecture_id=Lin17|target=lt1|feature_set=NIRS,abs_lt_err_median_sec,abs,no_abs,18,199.07394079897804,172.9731455187538,26.100795280224247,147.98558576986645,144.9329657842073,3.0526199856591347,67.0,0.44229888916015625,1.003195665736864,0.32983303667224245,0.2364554860331632,0.11728395061728394,-27.190739536525303,77.58564253632306,0.6728812484379628,fdr_bh,False
abs_within_arch,architecture_id=Lin17|target=lt2|feature_set=EMG,abs_lt_err_median_sec,abs,no_abs,18,209.12339088601752,209.12339088601752,0.0,144.81658405407336,144.81658405407336,0.0,,,,,,0.0,0.0,0.0,,fdr_bh,False
abs_within_arch,architecture_id=Lin17|target=lt2|feature_set=EMG+NIRS,abs_lt_err_median_sec,abs,no_abs,18,203.90849289347128,168.7127680610893,35.195724832381984,170.64830045338698,160.207560118699,10.440740334687973,48.0,0.1083831787109375,1.7936644866539697,0.09067371888943558,0.4227707738955032,0.16049382716049382,0.136027726489275,71.31029882855908,0.40454651588617374,fdr_bh,False
abs_within_arch,architecture_id=Lin17|target=lt2|feature_set=EMG+NIRS+HRV,abs_lt_err_median_sec,abs,no_abs,18,124.5316354292124,139.23774601535993,-14.706110586147531,80.70306609000633,109.4280016965239,-28.724935606517576,78.0,0.7660293579101562,-0.8407902447906374,0.4121359243851501,-0.1981761612156523,-0.12962962962962962,-51.059785448510446,17.50638630325014,0.8941651777787643,fdr_bh,False
abs_within_arch,architecture_id=Lin17|target=lt2|feature_set=HRV,abs_lt_err_median_sec,abs,no_abs,18,110.93335103222242,142.51519849057354,-31.58184745835112,88.76759034952477,110.97522490889759,-22.20763455937282,59.0,0.2645263671875,-1.40076416598847,0.17927379461660448,-0.3301632802045219,-0.09876543209876543,-80.01648582857335,7.92759017218807,0.5549866919424019,fdr_bh,False
abs_within_arch,architecture_id=Lin17|target=lt2|feature_set=NIRS,abs_lt_err_median_sec,abs,no_abs,18,197.19861651378983,154.51001299676986,42.68860351701997,160.3279001296441,111.51391837430691,48.81398175533718,46.0,0.0897674560546875,1.9528379364928743,0.06750365669775174,0.4602883158174853,0.19135802469135801,3.2013905579106128,86.23176275452256,0.3742253687474635,fdr_bh,False
abs_within_arch,architecture_id=Lin18|target=lt1|feature_set=EMG,abs_lt_err_median_sec,abs,no_abs,18,158.9786995038772,158.9786995038772,0.0,112.52618456981608,112.52618456981608,0.0,,,,,,0.0,0.0,0.0,,fdr_bh,False
abs_within_arch,architecture_id=Lin18|target=lt1|feature_set=EMG+NIRS,abs_lt_err_median_sec,abs,no_abs,18,193.5322417423648,181.6775818501348,11.85465989222999,100.82316820358312,129.43362404611102,-28.610455842527898,79.0,0.7987060546875,0.7618375568854628,0.45659695639561865,0.17956683421210098,-0.018518518518518517,-15.63120990501968,42.041122217214046,0.9124008667426602,fdr_bh,False
abs_within_arch,architecture_id=Lin18|target=lt1|feature_set=EMG+NIRS+HRV,abs_lt_err_median_sec,abs,no_abs,18,190.95575583265523,162.29021111261892,28.66554472003631,125.94578357267935,101.23896469604446,24.706818876634884,56.0,0.2121429443359375,1.8917663059213397,0.07568364182127855,0.44589359444573473,0.1111111111111111,1.519530325646661,55.67276458215979,0.5526771278648109,fdr_bh,False
abs_within_arch,architecture_id=Lin18|target=lt1|feature_set=HRV,abs_lt_err_median_sec,abs,no_abs,18,162.98313658104067,162.01156182464968,0.9715747563909929,128.6695909692989,127.4809391158154,1.188651853483492,77.0,0.7337265014648438,0.09365399138898228,0.9264789602363537,0.0220744574654453,-0.06172839506172839,-19.19820757210604,20.64055247304308,0.86910039472404,fdr_bh,False
abs_within_arch,architecture_id=Lin18|target=lt1|feature_set=NIRS,abs_lt_err_median_sec,abs,no_abs,18,182.1171311407043,171.79657999629393,10.32055114441036,136.79282479178488,106.59187335213142,30.200951439653466,66.0,0.4171142578125,0.5704728926324372,0.5758203596196169,0.13446175028783386,0.11728395061728394,-25.853393034967098,46.18086279405017,0.6661376953125,fdr_bh,False
abs_within_arch,architecture_id=Lin18|target=lt2|feature_set=EMG,abs_lt_err_median_sec,abs,no_abs,18,194.29527570883835,194.29527570883835,0.0,163.04472821785055,163.04472821785055,0.0,,,,,,0.0,0.0,0.0,,fdr_bh,False
abs_within_arch,architecture_id=Lin18|target=lt2|feature_set=EMG+NIRS,abs_lt_err_median_sec,abs,no_abs,18,167.72817799977335,159.82838776955404,7.89979023021931,132.11053559692817,130.79232076800355,1.3182148289246243,77.0,0.7337265014648438,0.4466661519420976,0.6607539095997471,0.10528022165491932,0.04938271604938271,-26.38681938009183,41.17377840303253,0.86910039472404,fdr_bh,False
abs_within_arch,architecture_id=Lin18|target=lt2|feature_set=EMG+NIRS+HRV,abs_lt_err_median_sec,abs,no_abs,18,118.59899153451516,152.2949580662195,-33.69596653170433,109.10641619241872,108.49523092047235,0.6111852719463684,66.0,0.4171142578125,-1.3665159270099425,0.18958028484876924,-0.32209089286271725,-0.10493827160493827,-83.6841579574949,12.167073252185908,0.6661376953125,fdr_bh,False
abs_within_arch,architecture_id=Lin18|target=lt2|feature_set=HRV,abs_lt_err_median_sec,abs,no_abs,18,118.86277372171682,133.7662754962479,-14.903501774531094,111.7103384111557,81.25955047746686,30.450787933688844,75.0,0.6705245971679688,-0.6716483812266454,0.5108324360919827,-0.15830904164610948,0.04938271604938271,-57.98729608896754,24.24853382425304,0.8278399834266076,fdr_bh,False
abs_within_arch,architecture_id=Lin18|target=lt2|feature_set=NIRS,abs_lt_err_median_sec,abs,no_abs,18,207.76030053485349,159.17876465498037,48.581535879873115,159.0927761175418,115.49932366466942,43.593452452872384,48.0,0.1083831787109375,1.8749879869053359,0.0780802669982483,0.4419389067280255,0.15432098765432098,5.996493085081555,100.55543669830713,0.40454651588617374,fdr_bh,False
abs_within_arch,architecture_id=Lin19|target=lt1|feature_set=EMG,abs_lt_err_median_sec,abs,no_abs,18,166.57350808597477,166.57350808597477,0.0,120.53242791051363,120.53242791051363,0.0,,,,,,0.0,0.0,0.0,,fdr_bh,False
abs_within_arch,architecture_id=Lin19|target=lt1|feature_set=EMG+NIRS,abs_lt_err_median_sec,abs,no_abs,18,197.97245265355906,185.14342056226718,12.829032091291879,115.65494042189118,169.63013959981984,-53.97519917792866,76.0,0.7018814086914062,0.7120708376335296,0.4860792626831561,0.1678367059919513,0.012345679012345678,-19.760361423813183,49.14401249175399,0.8406863141415725,fdr_bh,False
abs_within_arch,architecture_id=Lin19|target=lt1|feature_set=EMG+NIRS+HRV,abs_lt_err_median_sec,abs,no_abs,18,187.922052731899,157.66376454158365,30.25828819031534,117.96580042797726,106.47250265135538,11.493297776621873,51.0,0.14151763916015625,2.0843692715254334,0.052523081303621356,0.49129054879749934,0.12345679012345678,3.8593817908097097,57.10206903206961,0.4731996059417725,fdr_bh,False
abs_within_arch,architecture_id=Lin19|target=lt1|feature_set=HRV,abs_lt_err_median_sec,abs,no_abs,18,169.36719983133474,169.14213289940452,0.22506693193022898,148.85485040778386,146.2634221538169,2.591428253966967,79.0,0.7987060546875,0.025943056309187765,0.9796048640182123,0.006114837013643705,-0.006172839506172839,-16.211411374881656,15.963437234530236,0.9124008667426602,fdr_bh,False
abs_within_arch,architecture_id=Lin19|target=lt1|feature_set=NIRS,abs_lt_err_median_sec,abs,no_abs,18,188.39119628391697,175.47051064031683,12.920685643600137,142.1045118856315,112.81777056427606,29.286741321355436,64.0,0.3692169189453125,0.7274322445743152,0.4768608444426956,0.17145742433074979,0.1728395061728395,-23.804111952636983,47.06464917438981,0.6337894704890125,fdr_bh,False
abs_within_arch,architecture_id=Lin19|target=lt2|feature_set=EMG,abs_lt_err_median_sec,abs,no_abs,18,182.55658211789944,182.55658211789944,0.0,161.16402422547242,161.16402422547242,0.0,,,,,,0.0,0.0,0.0,,fdr_bh,False
abs_within_arch,architecture_id=Lin19|target=lt2|feature_set=EMG+NIRS,abs_lt_err_median_sec,abs,no_abs,18,183.38906622326115,147.49202720098617,35.89703902227498,148.91667493681848,108.95464168408142,39.96203325273706,20.0,0.0028076171875,3.3198387938798977,0.004052707337745976,0.7824935078662149,0.16666666666666666,15.648259908895787,57.95286931016173,0.04096568714488637,fdr_bh,True
abs_within_arch,architecture_id=Lin19|target=lt2|feature_set=EMG+NIRS+HRV,abs_lt_err_median_sec,abs,no_abs,18,115.5343714026414,153.86152275078615,-38.32715134814475,108.20672828895202,124.2777496573431,-16.071021368391072,63.0,0.34654998779296875,-1.690099855594839,0.10926132175020477,-0.3983603562578385,-0.19753086419753085,-83.44773535531361,3.4314698088829263,0.6112227806678185,fdr_bh,False
abs_within_arch,architecture_id=Lin19|target=lt2|feature_set=HRV,abs_lt_err_median_sec,abs,no_abs,18,122.94141711356181,135.222786806389,-12.281369692827184,115.668021279693,81.66757971055466,34.00044156913833,73.0,0.6094589233398438,-0.4765410500568006,0.6397565706239642,-0.11232180266964056,0.05555555555555555,-62.666036572181376,30.694874366023246,0.7943402494978808,fdr_bh,False
abs_within_arch,architecture_id=Lin19|target=lt2|feature_set=NIRS,abs_lt_err_median_sec,abs,no_abs,18,219.7606699235165,156.04534416123983,63.71532576227668,224.34615517612383,109.17054261711127,115.17561255901256,26.0,0.0076904296875,2.5700045803791607,0.019873787064236714,0.6057558888221974,0.24074074074074073,19.08062217541101,115.22951071209567,0.088165283203125,fdr_bh,False
abs_within_arch,architecture_id=Lin2|target=lt1|feature_set=EMG,abs_lt_err_median_sec,abs,no_abs,18,262.2749296780837,262.2749296780837,0.0,236.41220778168932,236.41220778168932,0.0,,,,,,0.0,0.0,0.0,,fdr_bh,False
abs_within_arch,architecture_id=Lin2|target=lt1|feature_set=EMG+NIRS,abs_lt_err_median_sec,abs,no_abs,18,302.87728429135274,228.58694270206584,74.2903415892869,273.03100417752046,191.82379269728727,81.20721148023318,30.0,0.0138702392578125,2.120065126433912,0.04901535976890712,0.49970414248617806,0.18518518518518517,14.930024431248492,149.7946732227444,0.11716702109888981,fdr_bh,False
abs_within_arch,architecture_id=Lin2|target=lt1|feature_set=EMG+NIRS+HRV,abs_lt_err_median_sec,abs,no_abs,18,200.15015949668003,142.4081350420698,57.74202445461023,104.6511985228872,86.39774946410091,18.253449058786288,15.0,0.00104522705078125,3.7092358387350184,0.0017425352223667864,0.8742752715299009,0.19135802469135801,29.76871528283352,87.42093405537769,0.03168439865112305,fdr_bh,True
abs_within_arch,architecture_id=Lin2|target=lt1|feature_set=HRV,abs_lt_err_median_sec,abs,no_abs,18,182.78103443165804,162.51016201837766,20.270872413280387,163.78764454754293,141.08543513622837,22.702209411314556,67.0,0.44229888916015625,1.42441192346685,0.17242584048214635,0.33573711009546103,0.1111111111111111,-5.760985305612289,47.99189453830485,0.6728812484379628,fdr_bh,False
abs_within_arch,architecture_id=Lin2|target=lt1|feature_set=NIRS,abs_lt_err_median_sec,abs,no_abs,18,258.67935699064,183.29548813120002,75.38386885943996,169.40077841515966,116.40301006124167,52.99776835391799,60.0,0.28372955322265625,1.7018292818246925,0.10700261779824853,0.40112500853335736,0.2345679012345679,-2.857332860443496,161.91020657821358,0.5701048851013184,fdr_bh,False
abs_within_arch,architecture_id=Lin2|target=lt2|feature_set=EMG,abs_lt_err_median_sec,abs,no_abs,18,243.4008393686845,243.4008393686845,0.0,197.13069145280173,197.13069145280173,0.0,,,,,,0.0,0.0,0.0,,fdr_bh,False
abs_within_arch,architecture_id=Lin2|target=lt2|feature_set=EMG+NIRS,abs_lt_err_median_sec,abs,no_abs,18,257.96982634062124,176.52246511885951,81.44736122176172,219.42112298028422,184.6423754174648,34.77874756281943,37.0,0.03423309326171875,2.3331158955037252,0.0321824698795283,0.5499206903349363,0.2777777777777778,14.337390087030101,148.2070713914239,0.2242616925920759,fdr_bh,False
abs_within_arch,architecture_id=Lin2|target=lt2|feature_set=EMG+NIRS+HRV,abs_lt_err_median_sec,abs,no_abs,18,137.93292666737435,117.634980073019,20.297946594355352,85.94313533008076,104.99021321619605,-19.04707788611529,66.0,0.4171142578125,0.8783508867292484,0.39199894525546175,0.20702928942248955,0.04938271604938271,-22.691067478457303,63.72594119345888,0.6661376953125,fdr_bh,False
abs_within_arch,architecture_id=Lin2|target=lt2|feature_set=HRV,abs_lt_err_median_sec,abs,no_abs,18,122.30050781296192,149.41660409542408,-27.116096282462152,106.86800188835736,120.30590484635042,-13.43790295799306,56.0,0.2121429443359375,-1.106365439270763,0.2839793251485271,-0.2607728348595966,-0.043209876543209874,-74.17041850632992,17.83987349742342,0.5526771278648109,fdr_bh,False
abs_within_arch,architecture_id=Lin2|target=lt2|feature_set=NIRS,abs_lt_err_median_sec,abs,no_abs,18,293.50365781625374,169.54175731491844,123.9619005013353,257.69936099877714,155.14989912092892,102.54946187784822,16.0,0.00128936767578125,2.4950742842666482,0.023180257915476676,0.5880946486563728,0.38271604938271603,47.148385774476274,235.32617193566003,0.03168439865112305,fdr_bh,True
abs_within_arch,architecture_id=Lin20|target=lt1|feature_set=EMG,abs_lt_err_median_sec,abs,no_abs,18,164.8670969082188,164.8670969082188,0.0,123.42981728558183,123.42981728558183,0.0,,,,,,0.0,0.0,0.0,,fdr_bh,False
abs_within_arch,architecture_id=Lin20|target=lt1|feature_set=EMG+NIRS,abs_lt_err_median_sec,abs,no_abs,18,200.62751068272317,177.55499877641324,23.072511906309927,144.37760522182253,149.61370487741664,-5.236099655594103,66.0,0.4171142578125,1.255295410599131,0.22635320535122805,0.2958759657423323,0.04938271604938271,-9.078454599537382,59.55217674335671,0.6661376953125,fdr_bh,False
abs_within_arch,architecture_id=Lin20|target=lt1|feature_set=EMG+NIRS+HRV,abs_lt_err_median_sec,abs,no_abs,18,196.4184024441994,165.23030324198265,31.188099202216733,120.62671582310469,101.64910147304167,18.97761435006302,58.0,0.24620819091796875,1.8132256360707524,0.08749161662056873,0.4273813810289734,0.08641975308641975,0.9990257372674324,63.049098138799465,0.5526771278648109,fdr_bh,False
abs_within_arch,architecture_id=Lin20|target=lt1|feature_set=HRV,abs_lt_err_median_sec,abs,no_abs,18,171.28785218691948,162.53072916290432,8.757123024015158,143.30043004701966,121.71461196042674,21.585818086592923,74.0,0.6396942138671875,0.9360208089357969,0.36236988889593946,0.2206222204434066,0.024691358024691357,-8.455378475192349,25.899320639058082,0.8180949906428971,fdr_bh,False
abs_within_arch,architecture_id=Lin20|target=lt1|feature_set=NIRS,abs_lt_err_median_sec,abs,no_abs,18,205.71827617819966,183.10797922708863,22.610296951111025,163.58021542787233,116.95372101334127,46.62649441453107,58.0,0.24620819091796875,1.1737281251574203,0.2566861841147857,0.2766503721893949,0.18518518518518517,-17.68547128166697,61.589427988402946,0.5526771278648109,fdr_bh,False
abs_within_arch,architecture_id=Lin20|target=lt2|feature_set=EMG,abs_lt_err_median_sec,abs,no_abs,18,194.480815959023,194.480815959023,0.0,160.27101808102998,160.27101808102998,0.0,,,,,,0.0,0.0,0.0,,fdr_bh,False
abs_within_arch,architecture_id=Lin20|target=lt2|feature_set=EMG+NIRS,abs_lt_err_median_sec,abs,no_abs,18,180.07909085302842,161.46282249146145,18.616268361566966,142.75753786482977,139.96364745536602,2.7938904094637564,62.0,0.32472991943359375,0.9773002815105086,0.34212397749017515,0.2303518854372008,0.04938271604938271,-15.959247386805274,53.75595151856615,0.592263091694225,fdr_bh,False
abs_within_arch,architecture_id=Lin20|target=lt2|feature_set=EMG+NIRS+HRV,abs_lt_err_median_sec,abs,no_abs,18,122.99454519161706,153.7614906356758,-30.76694544405875,111.04801706222929,108.3092633979789,2.738753664250396,63.0,0.34654998779296875,-1.1617646537546982,0.2613832714436122,-0.2738305549375962,-0.10493827160493827,-82.92850137709628,16.782232357882176,0.6112227806678185,fdr_bh,False
abs_within_arch,architecture_id=Lin20|target=lt2|feature_set=HRV,abs_lt_err_median_sec,abs,no_abs,18,126.93607270964756,132.77708217042175,-5.841009460774188,126.03611915509879,85.43516414816048,40.60095500693831,80.0,0.83172607421875,-0.23672134846676116,0.815701867852063,-0.055795756917490176,0.09259259259259259,-53.685594778322404,35.19145097682703,0.9335107336511145,fdr_bh,False
abs_within_arch,architecture_id=Lin20|target=lt2|feature_set=NIRS,abs_lt_err_median_sec,abs,no_abs,18,218.9062492086315,168.38093174482344,50.52531746380805,222.09659356949032,161.26200138177745,60.83459218771287,49.0,0.11870574951171875,1.6527284656500896,0.11673355422886494,0.38955183517373876,0.14814814814814814,-5.338522768706665,109.88571885995353,0.41873127025562334,fdr_bh,False
abs_within_arch,architecture_id=Lin21|target=lt1|feature_set=EMG,abs_lt_err_median_sec,abs,no_abs,18,173.70229914474896,173.70229914474896,0.0,128.79896670194432,128.79896670194432,0.0,,,,,,0.0,0.0,0.0,,fdr_bh,False
abs_within_arch,architecture_id=Lin21|target=lt1|feature_set=EMG+NIRS,abs_lt_err_median_sec,abs,no_abs,18,203.12589637920584,190.01436885950807,13.111527519697773,130.85020488876006,164.97125796184184,-34.12105307308178,80.0,0.83172607421875,0.7230928549100224,0.4794543029050136,0.17043462037813906,0.012345679012345678,-19.045442077484466,48.948831380487896,0.9335107336511145,fdr_bh,False
abs_within_arch,architecture_id=Lin21|target=lt1|feature_set=EMG+NIRS+HRV,abs_lt_err_median_sec,abs,no_abs,18,195.96596302258132,158.21427534471016,37.75168767787116,118.90044073325703,103.20001577605589,15.700424957201136,55.0,0.19638824462890625,2.0506573230410976,0.056044186641416034,0.48334456633740425,0.08641975308641975,4.745371053180475,71.67453082130815,0.5481793610945992,fdr_bh,False
abs_within_arch,architecture_id=Lin21|target=lt1|feature_set=HRV,abs_lt_err_median_sec,abs,no_abs,18,173.30322381586706,169.71019533882793,3.5930284770391268,162.6605322544862,145.3620436856446,17.298488568841606,85.0,1.0,0.3551659573905627,0.7268335339121412,0.08371341897249311,0.0,-15.51603295048342,22.20143846839958,1.0,fdr_bh,False
abs_within_arch,architecture_id=Lin21|target=lt1|feature_set=NIRS,abs_lt_err_median_sec,abs,no_abs,18,197.01788468373192,189.16462899579673,7.853255687935189,156.3785209514992,134.8106842200393,21.56783673145992,72.0,0.5798416137695312,0.4249156806976011,0.6762276659199012,0.10015358641792385,0.10493827160493827,-29.804114412215682,42.07309646174788,0.7659636132511092,fdr_bh,False
abs_within_arch,architecture_id=Lin21|target=lt2|feature_set=EMG,abs_lt_err_median_sec,abs,no_abs,18,183.0903258467928,183.0903258467928,0.0,154.90586150810682,154.90586150810682,0.0,,,,,,0.0,0.0,0.0,,fdr_bh,False
abs_within_arch,architecture_id=Lin21|target=lt2|feature_set=EMG+NIRS,abs_lt_err_median_sec,abs,no_abs,18,194.66349130178534,149.63506170454153,45.028429597243814,163.42109532502042,125.4685723630484,37.95252296197202,20.0,0.0028076171875,2.9381578078856996,0.009187747291124043,0.6925304367173931,0.25308641975308643,20.419010147159305,77.52582302635808,0.04096568714488637,fdr_bh,True
abs_within_arch,architecture_id=Lin21|target=lt2|feature_set=EMG+NIRS+HRV,abs_lt_err_median_sec,abs,no_abs,18,119.78883905903552,156.1138532834981,-36.325014224462564,113.67510849471549,122.72649407607257,-9.051385581357081,62.0,0.32472991943359375,-1.6512126850041582,0.11704564919514655,-0.389194562249229,-0.16666666666666666,-79.42990298597802,5.040887646381182,0.592263091694225,fdr_bh,False
abs_within_arch,architecture_id=Lin21|target=lt2|feature_set=HRV,abs_lt_err_median_sec,abs,no_abs,18,131.04509486518398,136.5540189150015,-5.508924049817523,120.4409552073277,87.90419214138467,32.536763065943035,75.0,0.6705245971679688,-0.2039764095900374,0.8407938138251256,-0.04807770080773339,0.06790123456790123,-57.52534967463364,41.226607404266865,0.8278399834266076,fdr_bh,False
abs_within_arch,architecture_id=Lin21|target=lt2|feature_set=NIRS,abs_lt_err_median_sec,abs,no_abs,18,224.9820441303269,168.3472392888414,56.634804841485504,219.4279063493501,131.9424015206895,87.48550482866062,38.0,0.03849029541015625,2.1623687063773653,0.045136285286754216,0.5096751919016724,0.18518518518518517,9.049220000699654,108.1486218949541,0.22464336048473013,fdr_bh,False
abs_within_arch,architecture_id=Lin22|target=lt1|feature_set=EMG,abs_lt_err_median_sec,abs,no_abs,18,177.80564169430568,177.80564169430568,0.0,129.9629853690644,129.9629853690644,0.0,,,,,,0.0,0.0,0.0,,fdr_bh,False
abs_within_arch,architecture_id=Lin22|target=lt1|feature_set=EMG+NIRS,abs_lt_err_median_sec,abs,no_abs,18,201.7137478752032,180.834876940074,20.878870935129214,143.4988295317643,137.29485492957522,6.203974602189078,80.0,0.83172607421875,1.0795590911962636,0.2954176809528363,0.2544545180254882,0.012345679012345678,-11.714646359031294,60.15099555008669,0.9335107336511145,fdr_bh,False
abs_within_arch,architecture_id=Lin22|target=lt1|feature_set=EMG+NIRS+HRV,abs_lt_err_median_sec,abs,no_abs,18,200.56173549853463,167.1611179216851,33.40061757684953,119.66745110549783,106.07496563645026,13.592485469047574,60.0,0.28372955322265625,1.686208079206437,0.11001977339613732,0.3974430557661382,0.09876543209876543,-0.03868710578558302,69.92699605358897,0.5701048851013184,fdr_bh,False
abs_within_arch,architecture_id=Lin22|target=lt1|feature_set=HRV,abs_lt_err_median_sec,abs,no_abs,18,176.66795181651426,167.5664115087833,9.101540307730971,150.22886355645898,133.95691763078122,16.271945925677755,75.0,0.6705245971679688,0.8247102974337562,0.42095784489251387,0.1943860812765945,0.037037037037037035,-12.34674845763857,29.76788534071541,0.8278399834266076,fdr_bh,False
abs_within_arch,architecture_id=Lin22|target=lt1|feature_set=NIRS,abs_lt_err_median_sec,abs,no_abs,18,212.94961538848338,192.65112797993172,20.298487408551665,182.24798785107436,143.18251164751814,39.065476203556216,61.0,0.30379486083984375,1.0770833949412184,0.2964908163886676,0.2538709908221213,0.14814814814814814,-19.51065216641868,55.23268490611233,0.5874587369252401,fdr_bh,False
abs_within_arch,architecture_id=Lin22|target=lt2|feature_set=EMG,abs_lt_err_median_sec,abs,no_abs,18,193.46379000830444,193.46379000830444,0.0,154.87402896461242,154.87402896461242,0.0,,,,,,0.0,0.0,0.0,,fdr_bh,False
abs_within_arch,architecture_id=Lin22|target=lt2|feature_set=EMG+NIRS,abs_lt_err_median_sec,abs,no_abs,18,194.1859758210406,160.28376296488315,33.90221285615746,165.7031755967269,150.63482089093827,15.068354705788636,49.0,0.11870574951171875,1.8212792316509756,0.08621028410759349,0.4292796317115432,0.1419753086419753,2.058291564467472,68.63128801443551,0.41873127025562334,fdr_bh,False
abs_within_arch,architecture_id=Lin22|target=lt2|feature_set=EMG+NIRS+HRV,abs_lt_err_median_sec,abs,no_abs,18,123.12620072969182,152.08296162513992,-28.9567608954481,114.7720513759202,110.06242929704669,4.709622078873508,64.0,0.3692169189453125,-1.1395083451825654,0.2702933071938447,-0.2685846926990844,-0.1111111111111111,-79.94131927067689,16.925086415877402,0.6337894704890125,fdr_bh,False
abs_within_arch,architecture_id=Lin22|target=lt2|feature_set=HRV,abs_lt_err_median_sec,abs,no_abs,18,132.77461959711593,131.76226665269158,1.0123529444243502,125.78394691788407,87.54473800213736,38.2392089157467,79.0,0.7987060546875,0.03814489431086765,0.97001652518757,0.008990837811619558,0.12962962962962962,-49.230180869760595,48.34600899645836,0.9124008667426602,fdr_bh,False
abs_within_arch,architecture_id=Lin22|target=lt2|feature_set=NIRS,abs_lt_err_median_sec,abs,no_abs,18,234.36061697085884,183.89364895171548,50.466968019143366,256.1220224113469,161.80278583140938,94.31923657993752,53.0,0.16735076904296875,1.5948509024283732,0.12916684428071867,0.3759099626961958,0.1728395061728395,-9.046885229922658,112.04957054932348,0.5215494841047862,fdr_bh,False
abs_within_arch,architecture_id=Lin23|target=lt1|feature_set=EMG,abs_lt_err_median_sec,abs,no_abs,18,183.7471473823174,183.7471473823174,0.0,139.58963164014654,139.58963164014654,0.0,,,,,,0.0,0.0,0.0,,fdr_bh,False
abs_within_arch,architecture_id=Lin23|target=lt1|feature_set=EMG+NIRS,abs_lt_err_median_sec,abs,no_abs,18,203.22107790749658,193.6965366602281,9.524541247268473,135.26339143900458,157.32940211087026,-22.066010671865683,85.0,1.0,0.4854822261647275,0.6335319611023733,0.1144292580888733,-0.012345679012345678,-26.355312725035343,48.189929865161936,1.0,fdr_bh,False
abs_within_arch,architecture_id=Lin23|target=lt1|feature_set=EMG+NIRS+HRV,abs_lt_err_median_sec,abs,no_abs,18,197.9011306842052,158.3763692767781,39.52476140742712,118.78182741206906,102.24027046691685,16.54155694515221,55.0,0.19638824462890625,2.003801227557543,0.0612938393287034,0.4723004787186223,0.11728395061728394,4.134294940691316,75.00189631534982,0.5481793610945992,fdr_bh,False
abs_within_arch,architecture_id=Lin23|target=lt1|feature_set=HRV,abs_lt_err_median_sec,abs,no_abs,18,178.01708179818942,170.71633182920766,7.300749968981762,166.99749606258183,143.02161291648144,23.975883146100387,85.0,1.0,0.5696531143511784,0.5763639113779365,0.134268526693918,0.024691358024691357,-16.449305429013172,31.734356359004607,1.0,fdr_bh,False
abs_within_arch,architecture_id=Lin23|target=lt1|feature_set=NIRS,abs_lt_err_median_sec,abs,no_abs,18,199.52663769993177,193.2173175735409,6.3093201263908725,150.89687033710837,146.76110219207902,4.1357681450293455,84.0,0.9661178588867188,0.3063077461612356,0.7630899816519306,0.07219742814685912,0.05555555555555555,-34.59501243257447,45.33572685012995,0.9939866432776818,fdr_bh,False
abs_within_arch,architecture_id=Lin23|target=lt2|feature_set=EMG,abs_lt_err_median_sec,abs,no_abs,18,182.34992014563576,182.34992014563576,0.0,149.227135084071,149.227135084071,0.0,,,,,,0.0,0.0,0.0,,fdr_bh,False
abs_within_arch,architecture_id=Lin23|target=lt2|feature_set=EMG+NIRS,abs_lt_err_median_sec,abs,no_abs,18,201.08417742884572,149.11672095545353,51.96745647339219,182.55253604157252,124.2967806623829,58.25575537918962,14.0,0.0008392333984375,2.846036666360248,0.011167320423981324,0.6708172754296292,0.25925925925925924,23.3508269169355,90.66333722315525,0.03168439865112305,fdr_bh,True
abs_within_arch,architecture_id=Lin23|target=lt2|feature_set=EMG+NIRS+HRV,abs_lt_err_median_sec,abs,no_abs,18,122.32508531446769,156.03900078155993,-33.71391546709225,111.47941055675044,122.34157586672706,-10.862165309976618,62.0,0.32472991943359375,-1.576081169434686,0.1334327138858166,-0.37148589420256345,-0.14814814814814814,-74.52341236217961,6.064089938752038,0.592263091694225,fdr_bh,False
abs_within_arch,architecture_id=Lin23|target=lt2|feature_set=HRV,abs_lt_err_median_sec,abs,no_abs,18,138.3365253271653,137.74690589640394,0.5896194307613598,128.63229855189252,85.56958106470984,43.06271748718268,75.0,0.6705245971679688,0.020519542612622215,0.9838678424897235,0.0048365025760771655,0.06790123456790123,-53.68233863151904,53.157155076651655,0.8278399834266076,fdr_bh,False
abs_within_arch,architecture_id=Lin23|target=lt2|feature_set=NIRS,abs_lt_err_median_sec,abs,no_abs,18,220.6160513079924,177.59314607455684,43.02290523343555,234.65863559157077,126.2955791867596,108.36305640481118,55.0,0.19638824462890625,1.5510934487258676,0.1392955457196539,0.3655962319493632,0.16666666666666666,-5.829261601441744,99.14444134016256,0.5481793610945992,fdr_bh,False
abs_within_arch,architecture_id=Lin24|target=lt1|feature_set=EMG,abs_lt_err_median_sec,abs,no_abs,18,148.38472376523217,148.38472376523217,0.0,81.31775276718503,81.31775276718503,0.0,,,,,,0.0,0.0,0.0,,fdr_bh,False
abs_within_arch,architecture_id=Lin24|target=lt1|feature_set=EMG+NIRS,abs_lt_err_median_sec,abs,no_abs,18,148.25216088593163,148.53203688100479,-0.2798759950731551,90.60334957482036,90.32434529990661,0.2790042749137456,84.0,0.9661178588867188,-0.1002071010412915,0.921352187827941,-0.023619040223114257,-0.012345679012345678,-5.694731016776754,4.894543402212548,0.9939866432776818,fdr_bh,False
abs_within_arch,architecture_id=Lin24|target=lt1|feature_set=EMG+NIRS+HRV,abs_lt_err_median_sec,abs,no_abs,18,133.82623106760005,133.28614775718995,0.5400833104100968,84.65145704137032,80.01453348883311,4.636923552537212,82.0,0.8985748291015625,0.1792760655310089,0.8598403131827539,0.04225577388047342,0.006172839506172839,-5.36909743413052,6.332306609547161,0.9679279199382603,fdr_bh,False
abs_within_arch,architecture_id=Lin24|target=lt1|feature_set=HRV,abs_lt_err_median_sec,abs,no_abs,18,157.24492717686522,152.69932276952983,4.545604407335389,155.93808512953723,137.97957675716708,17.958508372370147,81.0,0.8650436401367188,0.742604300366206,0.4678592860727804,0.17503351217574534,0.018518518518518517,-7.2224555363219185,16.92194701047469,0.9509555085064614,fdr_bh,False
abs_within_arch,architecture_id=Lin24|target=lt1|feature_set=NIRS,abs_lt_err_median_sec,abs,no_abs,18,131.22672288227648,132.30617097314754,-1.0794480908710682,89.81368769985428,91.08520672932391,-1.27151902946963,78.0,0.7660293579101562,-0.15298699498834464,0.8802097440792749,-0.03605938052987029,-0.024691358024691357,-14.540753773785926,13.227725718900434,0.8941651777787643,fdr_bh,False
abs_within_arch,architecture_id=Lin24|target=lt2|feature_set=EMG,abs_lt_err_median_sec,abs,no_abs,18,172.75528153992641,172.75528153992641,0.0,168.7627130446004,168.7627130446004,0.0,,,,,,0.0,0.0,0.0,,fdr_bh,False
abs_within_arch,architecture_id=Lin24|target=lt2|feature_set=EMG+NIRS,abs_lt_err_median_sec,abs,no_abs,18,166.48780709576315,165.48960266587156,0.9982044298915866,175.15710562162752,174.1743652664183,0.9827403552092164,64.0,0.3692169189453125,0.5544945381562575,0.5864620491395645,0.1306956160203975,0.024691358024691357,-2.348982832660749,4.6649939591587035,0.6337894704890125,fdr_bh,False
abs_within_arch,architecture_id=Lin24|target=lt2|feature_set=EMG+NIRS+HRV,abs_lt_err_median_sec,abs,no_abs,18,143.62656075464056,146.553747594929,-2.9271868402884422,144.70164661376964,155.37136046389847,-10.66971385012883,57.0,0.22875213623046875,-1.1853594855259892,0.2521810034905728,-0.27939191011974135,-0.024691358024691357,-7.913946454474202,1.728220393679462,0.5526771278648109,fdr_bh,False
abs_within_arch,architecture_id=Lin24|target=lt2|feature_set=HRV,abs_lt_err_median_sec,abs,no_abs,18,111.11468554299785,120.40276992633984,-9.288084383341996,76.7514405480066,76.44336091166434,0.30807963634225644,58.0,0.24620819091796875,-1.4122764429680463,0.17591297348697718,-0.3328767499109073,-0.05555555555555555,-22.016707205319186,2.168509158684759,0.5526771278648109,fdr_bh,False
abs_within_arch,architecture_id=Lin24|target=lt2|feature_set=NIRS,abs_lt_err_median_sec,abs,no_abs,18,150.25834693635514,148.24741914013995,2.010927796215185,127.11067784212844,133.08781801761643,-5.977140175487989,72.0,0.5798416137695312,0.5116727453622549,0.6154622082762244,0.12060242266466269,-0.030864197530864196,-5.632134932563594,9.04251948267864,0.7659636132511092,fdr_bh,False
abs_within_arch,architecture_id=Lin25|target=lt1|feature_set=EMG,abs_lt_err_median_sec,abs,no_abs,18,148.38398495684507,148.38398495684507,0.0,81.3111382500489,81.3111382500489,0.0,,,,,,0.0,0.0,0.0,,fdr_bh,False
abs_within_arch,architecture_id=Lin25|target=lt1|feature_set=EMG+NIRS,abs_lt_err_median_sec,abs,no_abs,18,148.19438101632306,148.48375034917694,-0.2893693328538802,90.29961124179306,90.59533018764967,-0.2957189458566063,85.0,1.0,-0.10348904520822824,0.9187859093325655,-0.024392601881753125,-0.006172839506172839,-5.721370363064576,4.889059873444609,1.0,fdr_bh,False
abs_within_arch,architecture_id=Lin25|target=lt1|feature_set=EMG+NIRS+HRV,abs_lt_err_median_sec,abs,no_abs,18,133.8836603799639,133.30405482422535,0.5796055557385671,84.89010155747167,79.82995943144098,5.060142126030684,82.0,0.8985748291015625,0.19265582924097704,0.8495112992909728,0.0454094144304708,0.006172839506172839,-5.348317846912995,6.359046586442086,0.9679279199382603,fdr_bh,False
abs_within_arch,architecture_id=Lin25|target=lt1|feature_set=HRV,abs_lt_err_median_sec,abs,no_abs,18,157.13626509153846,152.61370249954265,4.522562591995808,156.0115593324779,137.78177844782817,18.229780884649728,82.0,0.8985748291015625,0.7363463871968301,0.47155961188772966,0.1735585078963646,0.012345679012345678,-7.319005024768196,16.965432153422597,0.9679279199382603,fdr_bh,False
abs_within_arch,architecture_id=Lin25|target=lt1|feature_set=NIRS,abs_lt_err_median_sec,abs,no_abs,18,131.14093001726332,132.27370886589512,-1.1327788486318013,89.7079029362371,91.13042955844222,-1.4225266222051118,80.0,0.83172607421875,-0.1597252601377913,0.8749799160005345,-0.03764760485673919,-0.024691358024691357,-14.584118751252621,13.33354484282371,0.9335107336511145,fdr_bh,False
abs_within_arch,architecture_id=Lin25|target=lt2|feature_set=EMG,abs_lt_err_median_sec,abs,no_abs,18,172.74538336019492,172.74538336019492,0.0,168.612568330635,168.612568330635,0.0,,,,,,0.0,0.0,0.0,,fdr_bh,False
abs_within_arch,architecture_id=Lin25|target=lt2|feature_set=EMG+NIRS,abs_lt_err_median_sec,abs,no_abs,18,166.4591739148151,165.50210345208515,0.9570704627299449,175.19221872326455,173.8927863654087,1.299432357855835,62.0,0.32472991943359375,0.5432996643272351,0.5939767046793262,0.1280569589540543,0.030864197530864196,-2.24522425034574,4.495993814665301,0.592263091694225,fdr_bh,False
abs_within_arch,architecture_id=Lin25|target=lt2|feature_set=EMG+NIRS+HRV,abs_lt_err_median_sec,abs,no_abs,18,143.69697137778283,146.6280567548479,-2.9310853770650738,144.78555243163746,155.39711401305703,-10.61156158141958,58.0,0.24620819091796875,-1.1788716472234342,0.25468647965863156,-0.27786271196674855,-0.018518518518518517,-7.9233906756761945,1.7904019454953306,0.5526771278648109,fdr_bh,False
abs_within_arch,architecture_id=Lin25|target=lt2|feature_set=HRV,abs_lt_err_median_sec,abs,no_abs,18,111.09195365851991,120.28309084934673,-9.191137190826822,76.74712326438254,76.40955868767958,0.3375645767029596,59.0,0.2645263671875,-1.3955691689083436,0.18080733720348466,-0.32893880764998806,-0.05555555555555555,-21.96227137666985,2.2259633216947945,0.5549866919424019,fdr_bh,False
abs_within_arch,architecture_id=Lin25|target=lt2|feature_set=NIRS,abs_lt_err_median_sec,abs,no_abs,18,150.32340047902392,148.29891022344833,2.0244902555755857,127.08697011850302,133.07020471069916,-5.9832345921961405,73.0,0.6094589233398438,0.5095120608775181,0.616943572831269,0.12009314444760869,-0.037037037037037035,-5.73915272686392,9.100754191856392,0.7943402494978808,fdr_bh,False
abs_within_arch,architecture_id=Lin26|target=lt1|feature_set=EMG,abs_lt_err_median_sec,abs,no_abs,18,167.05554355027851,167.05554355027851,0.0,128.8745069422435,128.8745069422435,0.0,,,,,,0.0,0.0,0.0,,fdr_bh,False
abs_within_arch,architecture_id=Lin26|target=lt1|feature_set=EMG+NIRS,abs_lt_err_median_sec,abs,no_abs,18,161.78621149130296,163.0503985516317,-1.2641870603287373,113.54234675907878,112.67033718920791,0.872009569870869,85.0,1.0,-0.20842425121792718,0.8373744736431827,-0.04912606713330828,-0.018518518518518517,-12.87885490090564,10.104999243712978,1.0,fdr_bh,False
abs_within_arch,architecture_id=Lin26|target=lt1|feature_set=EMG+NIRS+HRV,abs_lt_err_median_sec,abs,no_abs,18,141.58196301061741,140.58298202952705,0.9989809810903694,109.88834087822417,94.69580759810356,15.192533280120614,84.0,0.9661178588867188,0.18457610825416618,0.8557455047165017,0.043505005930514394,0.0,-9.233116229833412,11.645136785820858,0.9939866432776818,fdr_bh,False
abs_within_arch,architecture_id=Lin26|target=lt1|feature_set=HRV,abs_lt_err_median_sec,abs,no_abs,18,164.40927972605252,167.8702131804688,-3.4609334544162778,178.07965004270937,153.91175431358334,24.16789572912603,76.0,0.7018814086914062,-0.29317092037731907,0.772940113095322,-0.0691010486151679,-0.08024691358024691,-27.715731097863593,17.867782876534076,0.8406863141415725,fdr_bh,False
abs_within_arch,architecture_id=Lin26|target=lt1|feature_set=NIRS,abs_lt_err_median_sec,abs,no_abs,18,171.53868287454108,163.89845588273172,7.640226991809357,149.63687733367124,124.26055926841866,25.376318065252576,83.0,0.932281494140625,0.4292527205456001,0.6731299910208863,0.10117583651352262,0.030864197530864196,-25.46712419271752,43.957679619959364,0.9876645531984839,fdr_bh,False
abs_within_arch,architecture_id=Lin26|target=lt2|feature_set=EMG,abs_lt_err_median_sec,abs,no_abs,18,179.64611725858464,179.64611725858464,0.0,124.41441820853669,124.41441820853669,0.0,,,,,,0.0,0.0,0.0,,fdr_bh,False
abs_within_arch,architecture_id=Lin26|target=lt2|feature_set=EMG+NIRS,abs_lt_err_median_sec,abs,no_abs,18,188.67728981341463,180.81078975847433,7.866500054940303,154.30677194404115,148.3765441059257,5.9302278381154565,48.0,0.1083831787109375,1.4548764596893458,0.16391981965745392,0.3429176701450044,0.006172839506172839,-2.376533652283916,18.80406765703669,0.40454651588617374,fdr_bh,False
abs_within_arch,architecture_id=Lin26|target=lt2|feature_set=EMG+NIRS+HRV,abs_lt_err_median_sec,abs,no_abs,18,139.2488044236868,152.85986164575505,-13.61105722206824,115.76691861497994,133.67206235490409,-17.905143739924142,57.0,0.22875213623046875,-1.5089326670074021,0.14967681190048182,-0.3556588403982789,-0.030864197530864196,-31.921536111278943,2.684293296862228,0.5526771278648109,fdr_bh,False
abs_within_arch,architecture_id=Lin26|target=lt2|feature_set=HRV,abs_lt_err_median_sec,abs,no_abs,18,124.25907962688328,117.10397085281592,7.155108774067358,109.2766667077525,79.09885201631784,30.177814691434662,62.0,0.32472991943359375,0.4006156405886126,0.6936930128380411,0.09442601203653354,0.09259259259259259,-30.852070492844696,36.02927273053435,0.592263091694225,fdr_bh,False
abs_within_arch,architecture_id=Lin26|target=lt2|feature_set=NIRS,abs_lt_err_median_sec,abs,no_abs,18,189.03231013918708,155.29646524192196,33.73584489726511,175.27584382326432,149.63007743568056,25.645766387583762,38.0,0.03849029541015625,2.189266283202604,0.04281858522957325,0.5160150115585433,0.15432098765432098,7.498890743451997,63.77163158293491,0.22464336048473013,fdr_bh,False
abs_within_arch,architecture_id=Lin27|target=lt1|feature_set=EMG,abs_lt_err_median_sec,abs,no_abs,18,167.22118755471882,167.22118755471882,0.0,129.19414512657653,129.19414512657653,0.0,,,,,,0.0,0.0,0.0,,fdr_bh,False
abs_within_arch,architecture_id=Lin27|target=lt1|feature_set=EMG+NIRS,abs_lt_err_median_sec,abs,no_abs,18,161.90086459713305,163.02918935307724,-1.1283247559441918,113.65146026749304,112.950122204693,0.7013380628000334,84.0,0.9661178588867188,-0.18556858666404008,0.8549791835344804,-0.04373893533511542,-0.018518518518518517,-12.62604271863647,10.179056342805648,0.9939866432776818,fdr_bh,False
abs_within_arch,architecture_id=Lin27|target=lt1|feature_set=EMG+NIRS+HRV,abs_lt_err_median_sec,abs,no_abs,18,141.62154740818622,140.51492094502544,1.1066264631607794,110.03435243087893,94.69769239149035,15.336660039388576,83.0,0.932281494140625,0.20503305681311995,0.8399812021307868,0.04832675494665459,0.0,-9.177425431714118,11.779634440359581,0.9876645531984839,fdr_bh,False
abs_within_arch,architecture_id=Lin27|target=lt1|feature_set=HRV,abs_lt_err_median_sec,abs,no_abs,18,164.35146660727577,167.7697570082736,-3.418290400997819,177.84535266051796,154.0747775362392,23.770575124278764,76.0,0.7018814086914062,-0.2904472959749036,0.7749873810021742,-0.06845908418705018,-0.08024691358024691,-27.32941608811285,17.71903328851938,0.8406863141415725,fdr_bh,False
abs_within_arch,architecture_id=Lin27|target=lt1|feature_set=NIRS,abs_lt_err_median_sec,abs,no_abs,18,171.70622656389594,163.75530066852713,7.950925895368812,150.032541397663,123.94223860069451,26.0903027969685,82.0,0.8985748291015625,0.4457828534868513,0.6613792976774797,0.10507202621241392,0.037037037037037035,-25.187816925442476,44.365270225349285,0.9679279199382603,fdr_bh,False
abs_within_arch,architecture_id=Lin27|target=lt2|feature_set=EMG,abs_lt_err_median_sec,abs,no_abs,18,179.75102008447732,179.75102008447732,0.0,124.57775917075259,124.57775917075259,0.0,,,,,,0.0,0.0,0.0,,fdr_bh,False
abs_within_arch,architecture_id=Lin27|target=lt2|feature_set=EMG+NIRS,abs_lt_err_median_sec,abs,no_abs,18,188.6712983007634,180.79336746298793,7.877930837775466,154.11160543223718,148.4964793311674,5.615126101069791,49.0,0.11870574951171875,1.4548036751002917,0.16393972406026053,0.34290051465284244,0.006172839506172839,-2.396728614368772,18.872962736166805,0.41873127025562334,fdr_bh,False
abs_within_arch,architecture_id=Lin27|target=lt2|feature_set=EMG+NIRS+HRV,abs_lt_err_median_sec,abs,no_abs,18,139.29727902499656,152.8754222908776,-13.578143265881039,116.07071012333465,133.6336997899465,-17.56298966661184,57.0,0.22875213623046875,-1.5071585727252785,0.15012740707213248,-0.3552406823658277,-0.030864197530864196,-31.837667794908555,2.6265521594004246,0.5526771278648109,fdr_bh,False
abs_within_arch,architecture_id=Lin27|target=lt2|feature_set=HRV,abs_lt_err_median_sec,abs,no_abs,18,124.25367463794737,116.98918969160634,7.264484946341028,109.16605168682486,79.35688810472601,29.809163582098847,62.0,0.32472991943359375,0.4062436502664159,0.6896316802921252,0.09575254663911963,0.09876543209876543,-30.73170363581681,36.1664580866993,0.592263091694225,fdr_bh,False
abs_within_arch,architecture_id=Lin27|target=lt2|feature_set=NIRS,abs_lt_err_median_sec,abs,no_abs,18,188.97721422973032,155.2640031655204,33.71321106420993,174.93106822368821,149.04805971553094,25.883008508157275,39.0,0.0431671142578125,2.1789226593116187,0.04369659909925548,0.5135769960267569,0.15432098765432098,7.3092429795955995,63.86077119778979,0.23890764959927263,fdr_bh,False
abs_within_arch,architecture_id=Lin28|target=lt1|feature_set=EMG,abs_lt_err_median_sec,abs,no_abs,18,160.58546728869308,160.58546728869308,0.0,132.8951516070003,132.8951516070003,0.0,,,,,,0.0,0.0,0.0,,fdr_bh,False
abs_within_arch,architecture_id=Lin28|target=lt1|feature_set=EMG+NIRS,abs_lt_err_median_sec,abs,no_abs,18,151.4804159569649,149.70066185338405,1.7797541035808422,120.52920229796064,105.63387975608865,14.895322541871991,70.0,0.522613525390625,0.18542954969151854,0.8550865290233709,0.04370616400641355,0.024691358024691357,-16.78151777275081,19.318617952368864,0.7357848317999589,fdr_bh,False
abs_within_arch,architecture_id=Lin28|target=lt1|feature_set=EMG+NIRS+HRV,abs_lt_err_median_sec,abs,no_abs,18,145.92935384582418,133.8456162858587,12.08373755996547,107.94373887603024,104.5483526079045,3.3953862681257334,45.0,0.08142852783203125,1.8298401488431895,0.08486637174243938,0.4312974592448069,0.07407407407407407,-0.7257042360431787,24.588904381016345,0.3742253687474635,fdr_bh,False
abs_within_arch,architecture_id=Lin28|target=lt1|feature_set=HRV,abs_lt_err_median_sec,abs,no_abs,18,166.93436510781785,169.01960625089484,-2.085241143076985,168.55348863882094,148.47631639864952,20.07717224017142,81.0,0.8650436401367188,-0.14181004135517147,0.8888970682112468,-0.0334249472941955,-0.06790123456790123,-32.28173870111574,24.859687975870447,0.9509555085064614,fdr_bh,False
abs_within_arch,architecture_id=Lin28|target=lt1|feature_set=NIRS,abs_lt_err_median_sec,abs,no_abs,18,185.37321892715582,184.31428277983989,1.0589361473159329,168.8820750676372,154.23978584105183,14.642289226585376,84.0,0.9661178588867188,0.047407755961221675,0.9627407395706945,0.01117411524033894,0.030864197530864196,-43.11957128348184,40.04002823260441,0.9939866432776818,fdr_bh,False
abs_within_arch,architecture_id=Lin28|target=lt2|feature_set=EMG,abs_lt_err_median_sec,abs,no_abs,18,153.43128292876497,153.43128292876497,0.0,105.66328444189051,105.66328444189051,0.0,,,,,,0.0,0.0,0.0,,fdr_bh,False
abs_within_arch,architecture_id=Lin28|target=lt2|feature_set=EMG+NIRS,abs_lt_err_median_sec,abs,no_abs,18,173.0399111988111,148.19896150728624,24.840949691524855,148.39606445106102,111.17574140606547,37.22032304499555,49.0,0.11870574951171875,2.0290003884750654,0.05841778894771444,0.4782399779069528,0.16666666666666666,3.4208401211237307,48.99692867260183,0.41873127025562334,fdr_bh,False
abs_within_arch,architecture_id=Lin28|target=lt2|feature_set=EMG+NIRS+HRV,abs_lt_err_median_sec,abs,no_abs,18,122.94630914911207,143.54244878108685,-20.59613963197478,115.52682647238083,131.2064689744597,-15.679642502078877,54.0,0.18146514892578125,-1.472956337493741,0.15903667862424528,-0.34717913821117513,-0.1419753086419753,-49.70519544067298,5.284297096527936,0.5295482982288707,fdr_bh,False
abs_within_arch,architecture_id=Lin28|target=lt2|feature_set=HRV,abs_lt_err_median_sec,abs,no_abs,18,138.41782600368865,116.55234855348174,21.86547745020691,123.3515904360184,62.65283866491734,60.69875177110106,76.0,0.7018814086914062,0.6961870880793871,0.4957207630410649,0.16409287031848363,0.24074074074074073,-34.802611844396914,81.9709734618447,0.8406863141415725,fdr_bh,False
abs_within_arch,architecture_id=Lin28|target=lt2|feature_set=NIRS,abs_lt_err_median_sec,abs,no_abs,18,201.09520394973592,170.25550938819703,30.83969456153889,169.57967495738194,155.71648510463802,13.863189852743915,59.0,0.2645263671875,1.284530932861645,0.21618512260563374,0.30276684442345037,0.1419753086419753,-19.201406317563922,79.2466555572162,0.5549866919424019,fdr_bh,False
abs_within_arch,architecture_id=Lin29|target=lt1|feature_set=EMG,abs_lt_err_median_sec,abs,no_abs,18,160.39246997127063,160.39246997127063,0.0,132.60082225482628,132.60082225482628,0.0,,,,,,0.0,0.0,0.0,,fdr_bh,False
abs_within_arch,architecture_id=Lin29|target=lt1|feature_set=EMG+NIRS,abs_lt_err_median_sec,abs,no_abs,18,151.42996620260635,149.79803972521364,1.6319264773927102,120.32839607558549,105.84861952487435,14.479776550711136,72.0,0.5798416137695312,0.1701207969500476,0.8669232898206711,0.04009785638141279,0.018518518518518517,-16.619870838446463,19.271840778931203,0.7659636132511092,fdr_bh,False
abs_within_arch,architecture_id=Lin29|target=lt1|feature_set=EMG+NIRS+HRV,abs_lt_err_median_sec,abs,no_abs,18,146.0010399355171,133.71357961792404,12.287460317593059,107.74104220468986,104.16984628254771,3.5711959221421523,42.0,0.0599365234375,1.8490529437283698,0.0819173324833747,0.43582595842775934,0.08024691358024691,-0.6091709579825872,24.8000376485196,0.30061912536621094,fdr_bh,False
abs_within_arch,architecture_id=Lin29|target=lt1|feature_set=HRV,abs_lt_err_median_sec,abs,no_abs,18,167.31818814952658,168.74781575627836,-1.4296276067517795,169.4091418387292,147.01172980472487,22.397412034004333,81.0,0.8650436401367188,-0.09660473103167527,0.9241700468716767,-0.022769953469066694,-0.06172839506172839,-31.81932861041768,25.13913302695605,0.9509555085064614,fdr_bh,False
abs_within_arch,architecture_id=Lin29|target=lt1|feature_set=NIRS,abs_lt_err_median_sec,abs,no_abs,18,185.12316470110162,184.45756737420484,0.6655973268967728,168.44694905547559,154.50227239128478,13.944676664190808,84.0,0.9661178588867188,0.029794749417797934,0.9765777424049983,0.007022689785692952,0.030864197530864196,-43.70562097405533,39.744426835300196,0.9939866432776818,fdr_bh,False
abs_within_arch,architecture_id=Lin29|target=lt2|feature_set=EMG,abs_lt_err_median_sec,abs,no_abs,18,153.34210951626108,153.34210951626108,0.0,104.99581496772842,104.99581496772842,0.0,,,,,,0.0,0.0,0.0,,fdr_bh,False
abs_within_arch,architecture_id=Lin29|target=lt2|feature_set=EMG+NIRS,abs_lt_err_median_sec,abs,no_abs,18,173.38976679909982,148.4274836362026,24.962283162897222,148.20185285073654,110.76625097751025,37.43560187322629,49.0,0.11870574951171875,2.0307380532218766,0.05822403527682865,0.47864954941558563,0.1728395061728395,3.5896831858676235,49.0771560730164,0.41873127025562334,fdr_bh,False
abs_within_arch,architecture_id=Lin29|target=lt2|feature_set=EMG+NIRS+HRV,abs_lt_err_median_sec,abs,no_abs,18,123.07076300543011,143.61006782707778,-20.539304821647676,115.5487300707427,131.16144956164155,-15.61271949089884,54.0,0.18146514892578125,-1.4675346032243421,0.1604882748456204,-0.3459012231886139,-0.1419753086419753,-49.52970268974595,5.46382148896553,0.5295482982288707,fdr_bh,False
abs_within_arch,architecture_id=Lin29|target=lt2|feature_set=HRV,abs_lt_err_median_sec,abs,no_abs,18,138.2501866965255,116.50947657552625,21.740710120999253,123.08143107146367,62.38053792747945,60.70089314398422,77.0,0.7337265014648438,0.6912007175548154,0.4987703287244072,0.16291757151467248,0.2345679012345679,-34.80813474713387,82.05280604055751,0.86910039472404,fdr_bh,False
abs_within_arch,architecture_id=Lin29|target=lt2|feature_set=NIRS,abs_lt_err_median_sec,abs,no_abs,18,201.13268386082206,170.28282866712703,30.84985519369502,169.8631565569325,156.1826782644428,13.680478292489681,59.0,0.2645263671875,1.282365268433603,0.21692584883615493,0.3022563924225027,0.13580246913580246,-19.59182414331754,79.29521956303263,0.5549866919424019,fdr_bh,False
abs_within_arch,architecture_id=Lin3|target=lt1|feature_set=EMG,abs_lt_err_median_sec,abs,no_abs,18,244.6191122959372,244.6191122959372,0.0,229.8082999116399,229.8082999116399,0.0,,,,,,0.0,0.0,0.0,,fdr_bh,False
abs_within_arch,architecture_id=Lin3|target=lt1|feature_set=EMG+NIRS,abs_lt_err_median_sec,abs,no_abs,18,252.6846294468604,205.72570271439534,46.95892673246507,211.06255910241694,151.93325680110453,59.12930230131241,35.0,0.02684783935546875,2.603004983109447,0.018564305252905648,0.6135341583396883,0.12345679012345678,15.091795107380538,82.42461128211814,0.18735122680664065,fdr_bh,False
abs_within_arch,architecture_id=Lin3|target=lt1|feature_set=EMG+NIRS+HRV,abs_lt_err_median_sec,abs,no_abs,18,187.2366231971441,135.41712204145355,51.819501155690546,103.34347612964308,71.43389865943675,31.90957747020633,13.0,0.00067138671875,3.9047277673630854,0.0011399433066122825,0.9203531609966151,0.2222222222222222,26.54884834270778,76.62228407349157,0.03168439865112305,fdr_bh,True
abs_within_arch,architecture_id=Lin3|target=lt1|feature_set=HRV,abs_lt_err_median_sec,abs,no_abs,18,180.5160283290535,162.27226830165853,18.243760027394984,158.97810802111303,138.11327428610704,20.864833735005988,67.0,0.44229888916015625,1.365140735367965,0.19000387748518377,0.32176675708422614,0.10493827160493827,-5.636005768991086,44.31856717704058,0.6728812484379628,fdr_bh,False
abs_within_arch,architecture_id=Lin3|target=lt1|feature_set=NIRS,abs_lt_err_median_sec,abs,no_abs,18,224.15243255320854,181.11263548901425,43.03979706419429,150.55421327766237,127.70736281853505,22.846850459127324,70.0,0.522613525390625,1.1781623761262383,0.2549615269339336,0.27769553516590634,0.12345679012345678,-26.27364384115973,114.39612537655537,0.7357848317999589,fdr_bh,False
abs_within_arch,architecture_id=Lin3|target=lt2|feature_set=EMG,abs_lt_err_median_sec,abs,no_abs,18,213.84216285293866,213.84216285293866,0.0,111.13961779040673,111.13961779040673,0.0,,,,,,0.0,0.0,0.0,,fdr_bh,False
abs_within_arch,architecture_id=Lin3|target=lt2|feature_set=EMG+NIRS,abs_lt_err_median_sec,abs,no_abs,18,217.66138605993405,169.78892457991182,47.872461480022224,194.37197026462576,145.66533271491312,48.70663754971264,50.0,0.12973785400390625,1.886939456289581,0.07636632481147598,0.4447558950769399,0.15432098765432098,2.9241752912082895,96.08819136006998,0.4478048509167087,fdr_bh,False
abs_within_arch,architecture_id=Lin3|target=lt2|feature_set=EMG+NIRS+HRV,abs_lt_err_median_sec,abs,no_abs,18,124.72295182219689,122.43954615072259,2.2834056714742985,84.00340450817819,95.78087422989643,-11.777469721718234,78.0,0.7660293579101562,0.11252138028265747,0.9117280270166075,0.026521543675445795,-0.07407407407407407,-38.940326995327446,39.662424155661355,0.8941651777787643,fdr_bh,False
abs_within_arch,architecture_id=Lin3|target=lt2|feature_set=HRV,abs_lt_err_median_sec,abs,no_abs,18,116.87285502923845,146.4490476072689,-29.576192578030458,100.78702547506197,118.39726375562708,-17.610238280565113,57.0,0.22875213623046875,-1.274115969884543,0.2197656086217779,-0.30031201410781183,-0.04938271604938271,-77.51388351595448,12.739231480459766,0.5526771278648109,fdr_bh,False
abs_within_arch,architecture_id=Lin3|target=lt2|feature_set=NIRS,abs_lt_err_median_sec,abs,no_abs,18,228.93652448197852,153.348801023231,75.58772345874752,194.88837297259545,130.52937697601044,64.35899599658501,38.0,0.03849029541015625,1.8465671094166038,0.08229372398088045,0.43524004166150737,0.24691358024691357,4.7036132508517525,161.79214353765536,0.22464336048473013,fdr_bh,False
abs_within_arch,architecture_id=Lin4|target=lt1|feature_set=EMG,abs_lt_err_median_sec,abs,no_abs,18,200.08731274011117,200.08731274011117,0.0,190.34565928374732,190.34565928374732,0.0,,,,,,0.0,0.0,0.0,,fdr_bh,False
abs_within_arch,architecture_id=Lin4|target=lt1|feature_set=EMG+NIRS,abs_lt_err_median_sec,abs,no_abs,18,207.3215878734048,183.33880550666072,23.98278236674409,168.02625291197006,144.28410487410767,23.742148037862393,67.0,0.44229888916015625,1.482150130377863,0.15659992388965407,0.3493461359755709,0.08024691358024691,-5.430039291069993,57.269738665632765,0.6728812484379628,fdr_bh,False
abs_within_arch,architecture_id=Lin4|target=lt1|feature_set=EMG+NIRS+HRV,abs_lt_err_median_sec,abs,no_abs,18,169.337741466151,149.06503361553794,20.272707850613045,116.82563066325227,112.63846710059991,4.1871635626523585,50.0,0.12973785400390625,1.7496371671069586,0.09820890536014493,0.41239343515911697,0.06172839506172839,-2.172587175432838,42.698570021352154,0.4478048509167087,fdr_bh,False
abs_within_arch,architecture_id=Lin4|target=lt1|feature_set=HRV,abs_lt_err_median_sec,abs,no_abs,18,167.32182055895373,153.64707449000693,13.674746068946803,142.99302465661629,117.8263176904521,25.166706966164185,59.0,0.2645263671875,1.4799965219831934,0.15716794000483864,0.3488385256089404,0.06172839506172839,-3.339673441848044,31.427068856570937,0.5549866919424019,fdr_bh,False
abs_within_arch,architecture_id=Lin4|target=lt1|feature_set=NIRS,abs_lt_err_median_sec,abs,no_abs,18,179.920133976069,161.39636556671016,18.523768409358837,143.5436876521238,128.33231983029722,15.21136782182657,75.0,0.6705245971679688,0.8260772428380183,0.420203228357011,0.19470827339821634,0.12962962962962962,-22.88021510037541,62.1654186036973,0.8278399834266076,fdr_bh,False
abs_within_arch,architecture_id=Lin4|target=lt2|feature_set=EMG,abs_lt_err_median_sec,abs,no_abs,18,208.18092314204748,208.18092314204748,0.0,140.23739255311034,140.23739255311034,0.0,,,,,,0.0,0.0,0.0,,fdr_bh,False
abs_within_arch,architecture_id=Lin4|target=lt2|feature_set=EMG+NIRS,abs_lt_err_median_sec,abs,no_abs,18,204.03837823625742,176.5182624377127,27.52011579854471,175.1787244271594,148.29343547951936,26.88528894764005,46.0,0.0897674560546875,2.057855273912567,0.05527486864932999,0.4850411396280254,0.11728395061728394,3.93681695408732,52.04416374527918,0.3742253687474635,fdr_bh,False
abs_within_arch,architecture_id=Lin4|target=lt2|feature_set=EMG+NIRS+HRV,abs_lt_err_median_sec,abs,no_abs,18,135.270322424372,153.87274414773856,-18.602421723366547,113.09874435354794,146.13146882803673,-33.03272447448879,70.0,0.522613525390625,-1.2948948065397134,0.21266779706366007,-0.30520963287582464,-0.1419753086419753,-48.72172645114742,7.5896205240218855,0.7357848317999589,fdr_bh,False
abs_within_arch,architecture_id=Lin4|target=lt2|feature_set=HRV,abs_lt_err_median_sec,abs,no_abs,18,113.11132980273375,137.19800044002105,-24.0866706372873,72.47572313110982,101.12910795196393,-28.653384820854114,60.0,0.28372955322265625,-1.4267810453331142,0.17175168794578505,-0.33629551747449205,-0.030864197530864196,-61.52085300442547,5.4457774365796014,0.5701048851013184,fdr_bh,False
abs_within_arch,architecture_id=Lin4|target=lt2|feature_set=NIRS,abs_lt_err_median_sec,abs,no_abs,18,174.2730178257614,143.9514299176094,30.321587908151997,131.25123317990784,95.945227801101,35.306005378806844,38.0,0.03849029541015625,2.1177205878092824,0.049239015771471245,0.49915152943276836,0.1419753086419753,5.280312397455874,58.891737867383476,0.22464336048473013,fdr_bh,False
abs_within_arch,architecture_id=Lin5|target=lt1|feature_set=EMG,abs_lt_err_median_sec,abs,no_abs,18,211.05518875389532,211.05518875389532,0.0,165.8503199961716,165.8503199961716,0.0,,,,,,0.0,0.0,0.0,,fdr_bh,False
abs_within_arch,architecture_id=Lin5|target=lt1|feature_set=EMG+NIRS,abs_lt_err_median_sec,abs,no_abs,18,292.66852103912015,265.39865593573865,27.269865103381505,222.0476489782542,203.84311556599548,18.204533412258712,65.0,0.39273834228515625,1.36965777756033,0.18861536384796465,0.3228314341392684,0.024691358024691357,-8.776387226739542,67.07392213948141,0.6566094160079956,fdr_bh,False
abs_within_arch,architecture_id=Lin5|target=lt1|feature_set=EMG+NIRS+HRV,abs_lt_err_median_sec,abs,no_abs,18,220.42255525013218,171.33208206119568,49.0904731889365,137.34582590996496,94.91725064875581,42.42857526120915,18.0,0.00193023681640625,3.365009371494647,0.0036757560050470492,0.7931403151133826,0.19135802469135801,23.30664533012584,78.05637236432571,0.032610843056126645,fdr_bh,True
abs_within_arch,architecture_id=Lin5|target=lt1|feature_set=HRV,abs_lt_err_median_sec,abs,no_abs,18,177.46478520203195,160.674951639242,16.789833562789937,137.91162014549477,119.32742007200525,18.584200073489512,68.0,0.468292236328125,1.490412741655275,0.15443637486080092,0.35129365213042635,0.09876543209876543,-4.367982497652662,39.38698572180433,0.6895495773455419,fdr_bh,False
abs_within_arch,architecture_id=Lin5|target=lt1|feature_set=NIRS,abs_lt_err_median_sec,abs,no_abs,18,264.8010299138592,209.8726417564296,54.92838815742962,211.30400520717168,144.77989627050894,66.52410893666274,48.0,0.1083831787109375,2.023395937679449,0.0590466792279599,0.4769189961861504,0.20987654320987653,3.5805431671010455,99.83118459548868,0.40454651588617374,fdr_bh,False
abs_within_arch,architecture_id=Lin5|target=lt2|feature_set=EMG,abs_lt_err_median_sec,abs,no_abs,18,227.90502524590187,227.90502524590187,0.0,218.1234642468836,218.1234642468836,0.0,,,,,,0.0,0.0,0.0,,fdr_bh,False
abs_within_arch,architecture_id=Lin5|target=lt2|feature_set=EMG+NIRS,abs_lt_err_median_sec,abs,no_abs,18,273.5309923362828,170.45071655588734,103.08027578039545,204.72593904945768,142.64250245341873,62.08343659603895,27.0,0.00896453857421875,2.3177530241727475,0.03318828195749978,0.5462996268360593,0.35802469135802467,29.845542390956734,199.3208276193382,0.09592056274414062,fdr_bh,False
abs_within_arch,architecture_id=Lin5|target=lt2|feature_set=EMG+NIRS+HRV,abs_lt_err_median_sec,abs,no_abs,18,160.66389788051674,129.92283668627644,30.741061194240302,93.66705166499318,89.23769518221877,4.429356482774409,69.0,0.49507904052734375,1.141320522894233,0.2695594324880505,0.26901182708196275,0.12345679012345678,-17.334272033726926,85.71500715198594,0.7094659464699882,fdr_bh,False
abs_within_arch,architecture_id=Lin5|target=lt2|feature_set=HRV,abs_lt_err_median_sec,abs,no_abs,18,121.56755503873309,152.24798885826283,-30.68043381952974,99.72185077789243,110.7116727896983,-10.98982201180587,66.0,0.4171142578125,-1.0782266163044316,0.2959949135334664,-0.2541404506815631,0.0,-88.274368308385,20.37980367187734,0.6661376953125,fdr_bh,False
abs_within_arch,architecture_id=Lin5|target=lt2|feature_set=NIRS,abs_lt_err_median_sec,abs,no_abs,18,324.09643137597425,195.80053795985629,128.29589341611796,228.49656308113202,172.22522171963624,56.271341361495786,18.0,0.00193023681640625,2.2699081537280947,0.03651135466682595,0.535022482723924,0.2777777777777778,41.57611017719101,255.4967131319803,0.032610843056126645,fdr_bh,True
abs_within_arch,architecture_id=Lin6|target=lt1|feature_set=EMG,abs_lt_err_median_sec,abs,no_abs,18,214.61699526825026,214.61699526825026,0.0,170.04076883551124,170.04076883551124,0.0,,,,,,0.0,0.0,0.0,,fdr_bh,False
abs_within_arch,architecture_id=Lin6|target=lt1|feature_set=EMG+NIRS,abs_lt_err_median_sec,abs,no_abs,18,294.90838871653773,264.2872365311763,30.62115218536144,231.7939958393544,205.72069802210663,26.073297817247777,60.0,0.28372955322265625,1.5575414345419232,0.13776232681347858,0.3671160367812057,0.043209876543209874,-4.748982926096016,71.56370472148592,0.5701048851013184,fdr_bh,False
abs_within_arch,architecture_id=Lin6|target=lt1|feature_set=EMG+NIRS+HRV,abs_lt_err_median_sec,abs,no_abs,18,217.97504802324784,168.06308965091287,49.911958372334965,121.29280909184561,91.29252518687878,30.000283904966835,17.0,0.00157928466796875,3.4902016908832394,0.0028029576403502264,0.822648427777431,0.22839506172839505,24.619763593617034,78.09372193758156,0.03168439865112305,fdr_bh,True
abs_within_arch,architecture_id=Lin6|target=lt1|feature_set=HRV,abs_lt_err_median_sec,abs,no_abs,18,180.32518504605068,163.14587060641617,17.17931443963451,130.32029390450683,120.91282983236746,9.407464072139362,67.0,0.44229888916015625,1.4258515829496314,0.17201591721263912,0.33607644108975254,0.08024691358024691,-5.9470430607982605,41.40286358831207,0.6728812484379628,fdr_bh,False
abs_within_arch,architecture_id=Lin6|target=lt1|feature_set=NIRS,abs_lt_err_median_sec,abs,no_abs,18,268.55517022668823,200.0106772948533,68.54449293183492,220.93906237075956,138.01593772144196,82.9231246493176,45.0,0.08142852783203125,2.11214748358896,0.04977440707401401,0.4978379361706186,0.22839506172839505,7.463360642584621,125.49042769950573,0.3742253687474635,fdr_bh,False
abs_within_arch,architecture_id=Lin6|target=lt2|feature_set=EMG,abs_lt_err_median_sec,abs,no_abs,18,232.04676540655146,232.04676540655146,0.0,226.57366216441102,226.57366216441102,0.0,,,,,,0.0,0.0,0.0,,fdr_bh,False
abs_within_arch,architecture_id=Lin6|target=lt2|feature_set=EMG+NIRS,abs_lt_err_median_sec,abs,no_abs,18,266.2100454717657,175.63830035310176,90.57174511866393,208.7284360766737,146.8762674998934,61.85216857678029,31.0,0.01593017578125,2.4885783840016,0.02349021244008777,0.586563550280597,0.345679012345679,23.809116109947475,164.41345756929027,0.12472162014100611,fdr_bh,False
abs_within_arch,architecture_id=Lin6|target=lt2|feature_set=EMG+NIRS+HRV,abs_lt_err_median_sec,abs,no_abs,18,157.79551119609064,130.0086973322121,27.786813863878535,93.68682730771951,84.09192747813815,9.594899829581365,66.0,0.4171142578125,1.166773853399322,0.25940873549577304,0.27501123461660637,0.1111111111111111,-17.46820467934468,72.90320394297193,0.6661376953125,fdr_bh,False
abs_within_arch,architecture_id=Lin6|target=lt2|feature_set=HRV,abs_lt_err_median_sec,abs,no_abs,18,120.86211324330169,151.3658716024073,-30.503758359105618,101.68041321844356,107.46106836387708,-5.7806551454335136,60.0,0.28372955322265625,-1.1382465291813246,0.2708051840040748,-0.2682872798153887,-0.006172839506172839,-82.65353467951586,17.87265644863021,0.5701048851013184,fdr_bh,False
abs_within_arch,architecture_id=Lin6|target=lt2|feature_set=NIRS,abs_lt_err_median_sec,abs,no_abs,18,324.7689568700911,186.74000891578933,138.02894795430174,242.196618147771,169.8966876885877,72.29993045918332,17.0,0.00157928466796875,2.4214401478481644,0.02693124664318818,0.5707389162602644,0.3765432098765432,49.41767622565953,264.8229579419079,0.03168439865112305,fdr_bh,True
abs_within_arch,architecture_id=Lin7|target=lt1|feature_set=EMG,abs_lt_err_median_sec,abs,no_abs,18,217.98113404232416,217.98113404232416,0.0,170.49086634017613,170.49086634017613,0.0,,,,,,0.0,0.0,0.0,,fdr_bh,False
abs_within_arch,architecture_id=Lin7|target=lt1|feature_set=EMG+NIRS,abs_lt_err_median_sec,abs,no_abs,18,296.5869730706913,262.4999496371265,34.08702343356475,229.9304482924862,212.45825020177548,17.47219809071072,52.0,0.15404510498046875,1.7163559632516547,0.10426122875878567,0.404548980181738,0.05555555555555555,-0.9126414038636831,74.62766373218795,0.4994795828154593,fdr_bh,False
abs_within_arch,architecture_id=Lin7|target=lt1|feature_set=EMG+NIRS+HRV,abs_lt_err_median_sec,abs,no_abs,18,217.0303066169422,165.65560890010326,51.37469771683894,115.0528220755015,90.28611227674381,24.766709798757688,16.0,0.00128936767578125,3.6077563080557646,0.002172028821339798,0.8503563167649247,0.2222222222222222,25.60376385155227,79.23694663497041,0.03168439865112305,fdr_bh,True
abs_within_arch,architecture_id=Lin7|target=lt1|feature_set=HRV,abs_lt_err_median_sec,abs,no_abs,18,180.93632889939536,163.56300881481675,17.37332008457861,132.71564610420396,122.46550097353318,10.250145130670774,67.0,0.44229888916015625,1.416979131515008,0.1745549086093618,0.3339851842313623,0.07407407407407407,-5.761908699930221,41.89284146141928,0.6728812484379628,fdr_bh,False
abs_within_arch,architecture_id=Lin7|target=lt1|feature_set=NIRS,abs_lt_err_median_sec,abs,no_abs,18,274.442164571971,200.24832652972978,74.1938380422412,231.70976407976067,138.46082559697354,93.24893848278714,47.0,0.0987396240234375,2.0802963301649546,0.05293752841394051,0.4903305473123761,0.2222222222222222,7.864427828291081,139.41808780098486,0.38652950379906637,fdr_bh,False
abs_within_arch,architecture_id=Lin7|target=lt2|feature_set=EMG,abs_lt_err_median_sec,abs,no_abs,18,236.40603772603794,236.40603772603794,0.0,233.77032022150692,233.77032022150692,0.0,,,,,,0.0,0.0,0.0,,fdr_bh,False
abs_within_arch,architecture_id=Lin7|target=lt2|feature_set=EMG+NIRS,abs_lt_err_median_sec,abs,no_abs,18,260.88976749836803,175.1684286340519,85.72133886431612,217.22509415679758,148.3947816752812,68.83031248151639,32.0,0.0182342529296875,2.479900383908625,0.023910400256586282,0.5845181260429704,0.345679012345679,20.016166305242063,156.38762343365454,0.13612081838208576,fdr_bh,False
abs_within_arch,architecture_id=Lin7|target=lt2|feature_set=EMG+NIRS+HRV,abs_lt_err_median_sec,abs,no_abs,18,157.6031514698384,128.73228140109654,28.87087006874185,91.39158798673643,80.26608727923983,11.125500707496599,65.0,0.39273834228515625,1.2279918565680188,0.2361816251060922,0.28944045634036814,0.1111111111111111,-15.755403316461434,72.08522350506108,0.6566094160079956,fdr_bh,False
abs_within_arch,architecture_id=Lin7|target=lt2|feature_set=HRV,abs_lt_err_median_sec,abs,no_abs,18,121.52930717433739,151.09861673599278,-29.569309561655388,98.3196379387328,104.81449300752791,-6.494855068795118,58.0,0.24620819091796875,-1.1233544626705387,0.2769011712579316,-0.2647771860768361,0.012345679012345678,-80.81655271696141,18.29751072930061,0.5526771278648109,fdr_bh,False
abs_within_arch,architecture_id=Lin7|target=lt2|feature_set=NIRS,abs_lt_err_median_sec,abs,no_abs,18,324.9291328819506,183.824829486613,141.10430339533758,249.11035524330356,164.6201006691972,84.49025457410636,17.0,0.00157928466796875,2.431666791376153,0.026378102393904635,0.5731493592560706,0.36419753086419754,50.25502901522753,272.34786374204344,0.03168439865112305,fdr_bh,True
abs_within_arch,architecture_id=Lin8|target=lt1|feature_set=EMG,abs_lt_err_median_sec,abs,no_abs,18,225.9004341950723,225.9004341950723,0.0,177.22931653332174,177.22931653332174,0.0,,,,,,0.0,0.0,0.0,,fdr_bh,False
abs_within_arch,architecture_id=Lin8|target=lt1|feature_set=EMG+NIRS,abs_lt_err_median_sec,abs,no_abs,18,307.6891711338128,260.95495774633775,46.73421338747505,248.8404125590005,228.28211948427335,20.558293074727146,40.0,0.04827880859375,2.144425741868014,0.04674586485840527,0.5054459946086219,0.07407407407407407,8.778425976291736,92.40102989867447,0.2582916259765625,fdr_bh,False
abs_within_arch,architecture_id=Lin8|target=lt1|feature_set=EMG+NIRS+HRV,abs_lt_err_median_sec,abs,no_abs,18,215.81096684608252,161.8607428761439,53.950223969938634,110.25578687604568,87.8058575542162,22.449929321829472,15.0,0.00104522705078125,3.7391427200337914,0.0016329715424601536,0.8813243910534021,0.2037037037037037,27.490679246977408,83.12532546812584,0.03168439865112305,fdr_bh,True
abs_within_arch,architecture_id=Lin8|target=lt1|feature_set=HRV,abs_lt_err_median_sec,abs,no_abs,18,181.17987026902387,163.1829051681991,17.996965100824752,136.9880290323353,124.37665269125898,12.611376341076323,62.0,0.32472991943359375,1.6289262046761903,0.12171735836207447,0.38394158845966675,0.04938271604938271,-2.881086807535606,39.53902838441553,0.592263091694225,fdr_bh,False
abs_within_arch,architecture_id=Lin8|target=lt1|feature_set=NIRS,abs_lt_err_median_sec,abs,no_abs,18,279.8673997678331,196.68850129383972,83.17889847399337,193.8181014024431,135.02645843455846,58.79164296788463,54.0,0.18146514892578125,1.8879668296203804,0.07622056212904663,0.44499804929327935,0.22839506172839505,2.4286395348848346,169.77296002598908,0.5295482982288707,fdr_bh,False
abs_within_arch,architecture_id=Lin8|target=lt2|feature_set=EMG,abs_lt_err_median_sec,abs,no_abs,18,252.29463952945747,252.29463952945747,0.0,263.4603415149691,263.4603415149691,0.0,,,,,,0.0,0.0,0.0,,fdr_bh,False
abs_within_arch,architecture_id=Lin8|target=lt2|feature_set=EMG+NIRS,abs_lt_err_median_sec,abs,no_abs,18,261.1086778098782,171.72548679750514,89.38319101237306,233.19645954487868,160.7047802158321,72.49167932904658,27.0,0.00896453857421875,2.70763725927716,0.014934952088475884,0.638196222342746,0.37037037037037035,24.662347792307468,153.9227346985736,0.09592056274414062,fdr_bh,False
abs_within_arch,architecture_id=Lin8|target=lt2|feature_set=EMG+NIRS+HRV,abs_lt_err_median_sec,abs,no_abs,18,157.06812772972623,123.78401512109728,33.284112608628945,87.89922284495283,83.02899675594949,4.870226089003339,58.0,0.24620819091796875,1.4986797936361511,0.15229649008275098,0.35324221496912606,0.16666666666666666,-9.308906102883435,74.66713095640333,0.5526771278648109,fdr_bh,False
abs_within_arch,architecture_id=Lin8|target=lt2|feature_set=HRV,abs_lt_err_median_sec,abs,no_abs,18,123.53038131230781,152.57589775559973,-29.045516443291916,106.46991212438161,107.58957035120926,-1.119658226827653,57.0,0.22875213623046875,-1.0961734460795811,0.2882892313456157,-0.25837055902649936,-0.030864197530864196,-79.71163447786445,18.349261255899997,0.5526771278648109,fdr_bh,False
abs_within_arch,architecture_id=Lin8|target=lt2|feature_set=NIRS,abs_lt_err_median_sec,abs,no_abs,18,321.4006842996542,181.404322469576,139.9963618300782,268.7348768939978,161.99672994525645,106.73814694874136,14.0,0.0008392333984375,2.431813389819579,0.026370251344422998,0.5731839128405564,0.35802469135802467,51.74997102755663,270.36336494713146,0.03168439865112305,fdr_bh,True
abs_within_arch,architecture_id=Lin9|target=lt1|feature_set=EMG,abs_lt_err_median_sec,abs,no_abs,18,265.1268655531639,265.1268655531639,0.0,247.6772020472687,247.6772020472687,0.0,,,,,,0.0,0.0,0.0,,fdr_bh,False
abs_within_arch,architecture_id=Lin9|target=lt1|feature_set=EMG+NIRS,abs_lt_err_median_sec,abs,no_abs,18,285.53894220746747,214.52477311113697,71.0141690963305,251.28496065082408,177.7612450368531,73.52371561397098,28.0,0.010406494140625,2.281492043565885,0.035679562818130554,0.5377528317428638,0.18518518518518517,20.423439353320475,139.89878101480926,0.10439014434814453,fdr_bh,False
abs_within_arch,architecture_id=Lin9|target=lt1|feature_set=EMG+NIRS+HRV,abs_lt_err_median_sec,abs,no_abs,18,195.59052934257426,134.81073696405963,60.77979237851463,97.83278069878352,65.72745808452589,32.10532261425763,11.0,0.00041961669921875,3.9526223340379296,0.0010274785635871143,0.9316420186225397,0.24691358024691357,33.61417693697645,89.68833384231047,0.03168439865112305,fdr_bh,True
abs_within_arch,architecture_id=Lin9|target=lt1|feature_set=HRV,abs_lt_err_median_sec,abs,no_abs,18,182.3162754570773,162.59881858482743,19.71745687224987,163.1999248649099,139.72716600093244,23.472758863977447,68.0,0.468292236328125,1.3981780528359762,0.1800358828058158,0.3295537274888406,0.1111111111111111,-5.909532383951714,47.32582548953895,0.6895495773455419,fdr_bh,False
abs_within_arch,architecture_id=Lin9|target=lt1|feature_set=NIRS,abs_lt_err_median_sec,abs,no_abs,18,245.65810465116095,178.7809133394077,66.87719131175325,158.1575006217317,115.04394466188512,43.11355595984659,67.0,0.44229888916015625,1.5152887918246274,0.14807166722985138,0.35715699338505497,0.2037037037037037,-12.01016436455689,155.48225572711038,0.6728812484379628,fdr_bh,False
abs_within_arch,architecture_id=Lin9|target=lt2|feature_set=EMG,abs_lt_err_median_sec,abs,no_abs,18,232.46126612124434,232.46126612124434,0.0,178.78047245120402,178.78047245120402,0.0,,,,,,0.0,0.0,0.0,,fdr_bh,False
abs_within_arch,architecture_id=Lin9|target=lt2|feature_set=EMG+NIRS,abs_lt_err_median_sec,abs,no_abs,18,244.81008113268248,176.23246634952466,68.57761478315783,192.2813925937378,166.74465389929156,25.53673869444623,39.0,0.0431671142578125,2.171740381237739,0.04431597284170505,0.5118841168499544,0.25925925925925924,12.000257971628791,128.26574015038017,0.23890764959927263,fdr_bh,False
abs_within_arch,architecture_id=Lin9|target=lt2|feature_set=EMG+NIRS+HRV,abs_lt_err_median_sec,abs,no_abs,18,131.83216530400247,117.22623716521838,14.605928138784094,93.32416170340554,102.03205167797117,-8.707889974565632,71.0,0.550872802734375,0.6772620550094998,0.5073523481574552,0.15963219724585131,-0.012345679012345678,-25.056921177860517,55.14507528395414,0.7556844858022836,fdr_bh,False
abs_within_arch,architecture_id=Lin9|target=lt2|feature_set=HRV,abs_lt_err_median_sec,abs,no_abs,18,120.82504848339714,148.76726681466573,-27.94221833126859,106.46013616922318,119.44295971019943,-12.982823540976256,54.0,0.18146514892578125,-1.1571327483407763,0.26321914329981894,-0.2727388043615966,-0.04938271604938271,-75.52044816627198,15.737454480917597,0.5295482982288707,fdr_bh,False
abs_within_arch,architecture_id=Lin9|target=lt2|feature_set=NIRS,abs_lt_err_median_sec,abs,no_abs,18,270.2052073281609,160.3797774729174,109.8254298552435,240.4251914627925,147.4686425508035,92.95654891198899,22.0,0.00400543212890625,2.3537847374860474,0.030874111717039188,0.5547923831099272,0.35185185185185186,36.11812973948707,214.63374578591868,0.05590190058169158,fdr_bh,False
abs_within_arch,architecture_id=TCN1|target=lt1|feature_set=EMG,abs_lt_err_median_sec,abs,no_abs,18,224.89032896359754,224.89032896359754,0.0,187.74821686744687,187.74821686744687,0.0,,,,,,0.0,0.0,0.0,,fdr_bh,False
abs_within_arch,architecture_id=TCN1|target=lt1|feature_set=EMG+NIRS,abs_lt_err_median_sec,abs,no_abs,18,168.97994467947217,185.31388666894696,-16.333941989474795,109.35937333106997,160.70632767677304,-51.34695434570307,57.0,0.22875213623046875,-0.942477440813909,0.35915017526841175,-0.22214406317161936,-0.09876543209876543,-46.6977359453837,17.811687289343926,0.5526771278648109,fdr_bh,False
abs_within_arch,architecture_id=TCN1|target=lt1|feature_set=EMG+NIRS+HRV,abs_lt_err_median_sec,abs,no_abs,18,170.20173435741,160.96961193614533,9.232122421264677,140.41719436645505,138.55620956420896,1.8609848022460938,78.0,0.7660293579101562,0.4972890328701912,0.6253555714038495,0.11721214911740405,0.024691358024691357,-26.367964781655225,41.84834863344825,0.8941651777787643,fdr_bh,False
abs_within_arch,architecture_id=TCN1|target=lt2|feature_set=EMG,abs_lt_err_median_sec,abs,no_abs,17,179.11396924187156,179.11396924187156,0.0,121.80382537841797,121.80382537841797,0.0,,,,,,0.0,0.0,0.0,,fdr_bh,False
abs_within_arch,architecture_id=TCN1|target=lt2|feature_set=EMG+NIRS,abs_lt_err_median_sec,abs,no_abs,17,180.36525524363788,170.2720256132238,10.093229630414072,134.770170211792,135.3725280761721,-0.6023578643801102,67.0,0.677703857421875,0.548100375677342,0.5911886901295638,0.1329338671975531,-0.031141868512110725,-25.27483590069948,44.242985388811874,0.8334978476338003,fdr_bh,False
abs_within_arch,architecture_id=TCN1|target=lt2|feature_set=EMG+NIRS+HRV,abs_lt_err_median_sec,abs,no_abs,17,104.44019654217888,125.52391792746145,-21.083721385282573,66.2669067382817,119.84563446044933,-53.57872772216763,38.0,0.0714111328125,-1.913009300580383,0.0738155546343859,-0.4639729064165813,-0.10034602076124567,-41.957771761277094,0.672038594414451,0.34731778231534094,fdr_bh,False
abs_within_arch,architecture_id=TCN2|target=lt1|feature_set=EMG,abs_lt_err_median_sec,abs,no_abs,18,230.40738693873092,230.40738693873092,0.0,193.3828258514404,193.3828258514404,0.0,,,,,,0.0,0.0,0.0,,fdr_bh,False
abs_within_arch,architecture_id=TCN2|target=lt1|feature_set=EMG+NIRS,abs_lt_err_median_sec,abs,no_abs,18,222.55037429597644,197.08271593517725,25.46765836079919,172.5128116607666,167.9710788726806,4.541732788085994,61.0,0.30379486083984375,1.3206286086924033,0.20412900426914585,0.31127514821178465,0.08641975308641975,-9.036495235231099,63.67092749277756,0.5874587369252401,fdr_bh,False
abs_within_arch,architecture_id=TCN2|target=lt1|feature_set=EMG+NIRS+HRV,abs_lt_err_median_sec,abs,no_abs,18,162.01450279023913,162.39070653915405,-0.3762037489149179,148.21175003051755,145.938241481781,2.273508548736544,84.0,0.9661178588867188,-0.0309003667130712,0.9757088818103233,-0.007283286281321239,-0.037037037037037035,-22.18295645183979,22.282297717200358,0.9939866432776818,fdr_bh,False
abs_within_arch,architecture_id=TCN2|target=lt2|feature_set=EMG,abs_lt_err_median_sec,abs,no_abs,17,221.9313130098231,221.9313130098231,0.0,165.2103729248047,165.2103729248047,0.0,,,,,,0.0,0.0,0.0,,fdr_bh,False
abs_within_arch,architecture_id=TCN2|target=lt2|feature_set=EMG+NIRS,abs_lt_err_median_sec,abs,no_abs,17,221.8699740241555,184.40270233154297,37.46727169261254,188.7261199951172,184.65553283691406,4.070587158203125,47.0,0.17425537109375,1.7663594813327883,0.09640457173438322,0.42840510084390077,0.14186851211072665,-1.2696742338294327,78.36920311871692,0.5295482982288707,fdr_bh,False
abs_within_arch,architecture_id=TCN2|target=lt2|feature_set=EMG+NIRS+HRV,abs_lt_err_median_sec,abs,no_abs,17,136.69409179687494,164.0106416590073,-27.316549862132348,104.27835845947277,138.85946655273426,-34.58110809326149,40.0,0.088653564453125,-1.4701367042252367,0.16091524438298171,-0.35656052444812236,-0.1903114186851211,-61.75993360631603,8.9655231700224,0.3742253687474635,fdr_bh,False
abs_within_arch,architecture_id=TCN3|target=lt1|feature_set=EMG,abs_lt_err_median_sec,abs,no_abs,18,213.3332873715294,213.3332873715294,0.0,205.68627762794492,205.68627762794492,0.0,,,,,,0.0,0.0,0.0,,fdr_bh,False
abs_within_arch,architecture_id=TCN3|target=lt1|feature_set=EMG+NIRS,abs_lt_err_median_sec,abs,no_abs,18,190.20617021454706,181.1217022207048,9.084467993842253,148.31245255470304,147.4638540744781,0.8485984802249504,71.0,0.550872802734375,0.4568029523484109,0.6535954878745772,0.10766948842386558,0.08641975308641975,-29.521503469679146,45.30618130366011,0.7556844858022836,fdr_bh,False
abs_within_arch,architecture_id=TCN3|target=lt1|feature_set=EMG+NIRS+HRV,abs_lt_err_median_sec,abs,no_abs,18,173.9424127207861,149.57838188277353,24.36403083801258,137.6014289855957,130.5599937438962,7.041435241699503,56.0,0.2121429443359375,1.3057817454629865,0.20902162524149032,0.307775708988828,0.06790123456790123,-12.645722659429111,56.750980541441145,0.5526771278648109,fdr_bh,False
abs_within_arch,architecture_id=TCN3|target=lt2|feature_set=EMG,abs_lt_err_median_sec,abs,no_abs,17,170.27724007999197,170.27724007999197,0.0,120.48258972167991,120.48258972167991,0.0,,,,,,0.0,0.0,0.0,,fdr_bh,False
abs_within_arch,architecture_id=TCN3|target=lt2|feature_set=EMG+NIRS,abs_lt_err_median_sec,abs,no_abs,17,191.19050037159624,152.4153303258559,38.77517004574034,161.0296325683588,105.20626831054688,55.82336425781193,41.0,0.0983734130859375,2.1254866397990257,0.049467941361660564,0.5155062306900319,0.28027681660899656,5.277242121976878,74.26631967320148,0.38652950379906637,fdr_bh,False
abs_within_arch,architecture_id=TCN3|target=lt2|feature_set=EMG+NIRS+HRV,abs_lt_err_median_sec,abs,no_abs,17,118.45897607242368,119.09719893511608,-0.6382228626924018,96.01824951171875,76.84944152832031,19.168807983398438,76.0,1.0,-0.03746115742858025,0.9705807303351609,-0.009085665231525179,-0.010380622837370242,-30.369595275205675,31.720119201435782,1.0,fdr_bh,False
abs_within_arch,architecture_id=TCN4|target=lt1|feature_set=EMG,abs_lt_err_median_sec,abs,no_abs,18,245.53618454933167,245.53618454933167,0.0,187.32352447509783,187.32352447509783,0.0,,,,,,0.0,0.0,0.0,,fdr_bh,False
abs_within_arch,architecture_id=TCN4|target=lt1|feature_set=EMG+NIRS,abs_lt_err_median_sec,abs,no_abs,18,186.15548814667594,168.51106879446237,17.64441935221356,154.99104309082068,147.97453689575192,7.016506195068757,57.0,0.22875213623046875,0.5501855082839994,0.5893488327273404,0.12967996793939446,0.08024691358024691,-44.88639962938106,78.02360312143963,0.5526771278648109,fdr_bh,False
abs_within_arch,architecture_id=LSTM1|target=lt1|feature_set=EMG,mae,abs,no_abs,18,211.08965890460965,211.08965890460965,0.0,169.9767439651734,169.9767439651734,0.0,,,,,,0.0,0.0,0.0,,fdr_bh,False
abs_within_arch,architecture_id=LSTM1|target=lt1|feature_set=EMG+NIRS,mae,abs,no_abs,18,206.55619741617082,200.9560160697542,5.600181346416605,149.79347061357407,162.10835028231713,-12.31487966874306,59.0,0.2645263671875,0.21695363685719599,0.8308268083578257,0.051136462608269,-0.04938271604938271,-40.996704056552545,60.524101535024805,0.5908900669642857,fdr_bh,False
abs_within_arch,architecture_id=LSTM1|target=lt1|feature_set=EMG+NIRS+HRV,mae,abs,no_abs,18,183.77484038539697,169.24774820753282,14.527092177864148,155.75461595487036,143.82239060070387,11.93222535416649,53.0,0.16735076904296875,1.6616616015177759,0.11490867990778184,0.39165739549017276,0.08024691358024691,-2.2024956298529,30.726531753909146,0.4532965712659941,fdr_bh,False
abs_within_arch,architecture_id=LSTM1|target=lt2|feature_set=EMG,mae,abs,no_abs,17,197.8469250698331,197.8469250698331,0.0,211.248918013454,211.248918013454,0.0,,,,,,0.0,0.0,0.0,,fdr_bh,False
abs_within_arch,architecture_id=LSTM1|target=lt2|feature_set=EMG+NIRS,mae,abs,no_abs,17,221.31555447580794,200.712123975167,20.60343050064094,152.79487621039152,146.96596833318472,5.828907877206802,45.0,0.1454315185546875,1.356570806834108,0.1937514456708302,0.3290167485415529,0.10726643598615918,-10.352554874047097,48.731013391250514,0.4100691998591188,fdr_bh,False
abs_within_arch,architecture_id=LSTM1|target=lt2|feature_set=EMG+NIRS+HRV,mae,abs,no_abs,17,149.2868204571305,168.63195262671132,-19.345132169580836,119.64735501966415,164.16450702555386,-44.51715200588971,48.0,0.190093994140625,-1.4591400682321323,0.1638798908216076,-0.35389344846423776,-0.21107266435986158,-43.87699908325725,5.971518804467028,0.4880024924207089,fdr_bh,False
abs_within_arch,architecture_id=LSTM10|target=lt1|feature_set=EMG,mae,abs,no_abs,18,219.67524191238613,244.3292012209993,-24.653959308613167,171.43878293427625,156.50487980246544,14.933903131810808,51.0,0.14151763916015625,-1.431233206510803,0.17049060700738122,-0.3373449019277184,-0.09259259259259259,-56.555675748405704,6.880522404349979,0.40233113943052684,fdr_bh,False
abs_within_arch,architecture_id=LSTM10|target=lt1|feature_set=EMG+NIRS,mae,abs,no_abs,18,223.91309508091376,216.26131972486994,7.651775356043828,207.34229949909428,161.80888315952802,45.53341633956626,82.0,0.8985748291015625,0.6040635779532442,0.553777859720447,0.14237915074618251,0.037037037037037035,-15.853389644101657,33.15680385896997,0.9629586953611761,fdr_bh,False
abs_within_arch,architecture_id=LSTM10|target=lt1|feature_set=EMG+NIRS+HRV,mae,abs,no_abs,18,200.51293153377088,194.72667313963368,5.7862583941372066,179.7390130098616,153.9014857288587,25.837527281002906,73.0,0.6094589233398438,0.30448050370225727,0.7644576100138376,0.07176674296898726,0.06790123456790123,-29.604542229669224,37.529825802810954,0.8488010916150049,fdr_bh,False
abs_within_arch,architecture_id=LSTM10|target=lt2|feature_set=EMG,mae,abs,no_abs,18,224.8712770224882,192.59806063190464,32.27321639058354,191.26712619837497,154.25038384759722,37.01674235077775,37.0,0.03423309326171875,1.880256494549656,0.0773205550972789,0.4431807058887029,0.14814814814814814,5.7244122774837285,68.52111218722612,0.18117206280048076,fdr_bh,False
abs_within_arch,architecture_id=LSTM10|target=lt2|feature_set=EMG+NIRS,mae,abs,no_abs,18,197.40688408502263,212.30475467972167,-14.897870594699043,183.62622845984703,188.3893298831643,-4.763101423317266,66.0,0.4171142578125,-0.8720513624724991,0.3953301638276576,-0.2055444773157574,-0.09259259259259259,-45.37118465041282,19.13628944551875,0.7103331915222771,fdr_bh,False
abs_within_arch,architecture_id=LSTM10|target=lt2|feature_set=EMG+NIRS+HRV,mae,abs,no_abs,18,163.17163595625246,190.60276777142417,-27.43113181517171,151.7125746814662,153.4316715511469,-1.7190968696806976,61.0,0.30379486083984375,-1.2974429849577502,0.2118099217783242,-0.305810244288847,-0.06172839506172839,-69.8414794921766,12.869713735180742,0.6098034341052652,fdr_bh,False
abs_within_arch,architecture_id=LSTM11|target=lt1|feature_set=EMG,mae,abs,no_abs,18,214.23002317159512,212.97908396935438,1.250939202240744,158.83823228533186,147.99144875252614,10.846783532805716,81.0,0.8650436401367188,0.06666351647366198,0.9476273188785634,0.015712741518755832,-0.043209876543209874,-34.59203467828037,38.488505481174,0.9537660647661259,fdr_bh,False
abs_within_arch,architecture_id=LSTM11|target=lt1|feature_set=EMG+NIRS,mae,abs,no_abs,18,219.20255424372573,186.3601970811885,32.84235716253724,205.90812286370948,154.66003812021788,51.2480847434916,45.0,0.08142852783203125,1.9548872389377123,0.06724344214763095,0.46077134103596756,0.16049382716049382,-0.4451013028709456,65.16346758595319,0.2917855580647786,fdr_bh,False
abs_within_arch,architecture_id=LSTM11|target=lt1|feature_set=EMG+NIRS+HRV,mae,abs,no_abs,18,204.62317674491015,191.30919273614256,13.31398400876759,159.5559949200757,164.93882099830668,-5.382826078230977,82.0,0.8985748291015625,0.8160654721009519,0.42575024105441783,0.19234847640492816,0.018518518518518517,-17.75972535167011,43.41262439702155,0.9629586953611761,fdr_bh,False
abs_within_arch,architecture_id=LSTM11|target=lt2|feature_set=EMG,mae,abs,no_abs,18,215.78875936997898,183.43233861784586,32.35642075213312,193.7305682575045,161.58198000667213,32.148588250832375,40.0,0.04827880859375,2.1714829222434515,0.04433832427730133,0.5118234331830417,0.1728395061728395,3.71509334717798,59.76549812000612,0.19771321614583334,fdr_bh,False
abs_within_arch,architecture_id=LSTM11|target=lt2|feature_set=EMG+NIRS,mae,abs,no_abs,18,188.55600135224412,224.96204264467843,-36.40604129243431,164.92026710155392,183.34172515806108,-18.421458056507163,47.0,0.0987396240234375,-1.9495035174820656,0.06792898094820553,-0.4595023857195319,-0.16666666666666666,-79.49591115221178,-1.1584374259543397,0.3234898158482143,fdr_bh,False
abs_within_arch,architecture_id=LSTM11|target=lt2|feature_set=EMG+NIRS+HRV,mae,abs,no_abs,18,159.73511084424126,210.40531846341048,-50.67020761916922,147.76083546018495,186.39599919724708,-38.63516373706213,36.0,0.030364990234375,-2.381677264081262,0.02918720867932897,-0.5613667146765614,-0.2962962962962963,-92.62381080391789,-9.230384251551207,0.17496744791666666,fdr_bh,False
abs_within_arch,architecture_id=LSTM12|target=lt1|feature_set=EMG,mae,abs,no_abs,18,221.00360692643443,240.5901076096908,-19.58650068325636,171.1048322955734,184.21182296477537,-13.106990669201963,81.0,0.8650436401367188,-0.8268608846081896,0.41977101310082804,-0.1948929795347861,-0.024691358024691357,-69.98255939387653,21.044378141454498,0.9537660647661259,fdr_bh,False
abs_within_arch,architecture_id=LSTM12|target=lt1|feature_set=EMG+NIRS,mae,abs,no_abs,18,225.27385570728262,202.0976375851398,23.176218122142814,158.64191172601065,172.3983407091763,-13.756428983165648,74.0,0.6396942138671875,0.9610865677431043,0.3499803634524308,0.22653027645281776,-0.043209876543209874,-19.77869065932514,71.9759641619437,0.8629600375306373,fdr_bh,False
abs_within_arch,architecture_id=LSTM12|target=lt1|feature_set=EMG+NIRS+HRV,mae,abs,no_abs,18,204.01641066612433,217.5321469375242,-13.515736271399874,151.08962289660982,153.1161801519472,-2.026557255337366,72.0,0.5798416137695312,-0.703516984593728,0.4912577028396058,-0.165820543495379,0.012345679012345678,-53.07753199549179,23.459492528262093,0.8416266461464926,fdr_bh,False
abs_within_arch,architecture_id=LSTM12|target=lt2|feature_set=EMG,mae,abs,no_abs,18,194.2919665283656,227.3839008361683,-33.09193430780269,180.51356009371887,197.54774743288215,-17.03418733916328,56.0,0.2121429443359375,-1.6664786424717604,0.11393483348240661,-0.3927927829314446,-0.12345679012345678,-78.55149489771571,1.0316052173144965,0.5032908472521551,fdr_bh,False
abs_within_arch,architecture_id=LSTM12|target=lt2|feature_set=EMG+NIRS,mae,abs,no_abs,18,200.12287883950978,216.56559878975293,-16.442719950243145,170.13725667270148,193.74749586209347,-23.61023918939199,80.0,0.83172607421875,-0.9496515525761516,0.35559572988585925,-0.22383501753030996,-0.09259259259259259,-54.234058840286515,14.696355707250282,0.9505440848214286,fdr_bh,False
abs_within_arch,architecture_id=LSTM12|target=lt2|feature_set=EMG+NIRS+HRV,mae,abs,no_abs,18,164.83718746429267,186.01613353464032,-21.17894607034765,145.08439303634262,149.45502144406757,-4.370628407724951,72.0,0.5798416137695312,-0.8682690354049653,0.39733921351338675,-0.2046529742763845,-0.04938271604938271,-69.9101077569431,17.0993703438934,0.8416266461464926,fdr_bh,False
abs_within_arch,architecture_id=LSTM13|target=lt1|feature_set=EMG,mae,abs,no_abs,18,229.67962629228956,229.67962629228956,0.0,188.16994558354105,188.16994558354105,0.0,,,,,,0.0,0.0,0.0,,fdr_bh,False
abs_within_arch,architecture_id=LSTM13|target=lt1|feature_set=EMG+NIRS,mae,abs,no_abs,18,191.56600466837784,181.21788507090582,10.34811959747202,155.24814177788159,164.14329425941793,-8.895152481536343,46.0,0.0897674560546875,1.1560765930981312,0.2636391091824363,0.27248986618357646,0.030864197530864196,-6.052157048947765,27.30153489278044,0.308800048828125,fdr_bh,False
abs_within_arch,architecture_id=LSTM13|target=lt1|feature_set=EMG+NIRS+HRV,mae,abs,no_abs,18,173.32165993689392,167.70385781168702,5.617802125206907,141.56640440180212,130.44610877194845,11.120295629853672,67.0,0.44229888916015625,0.7104160604446006,0.4870785357139719,0.16744667126806975,0.030864197530864196,-10.89998711547732,20.16594741393997,0.7350281056574578,fdr_bh,False
abs_within_arch,architecture_id=LSTM13|target=lt2|feature_set=EMG,mae,abs,no_abs,17,189.2607567261314,189.2607567261314,0.0,111.61739603678386,111.61739603678386,0.0,,,,,,0.0,0.0,0.0,,fdr_bh,False
abs_within_arch,architecture_id=LSTM13|target=lt2|feature_set=EMG+NIRS,mae,abs,no_abs,17,215.66665216044123,208.03155296546046,7.635099194980768,163.3981300876899,194.93631119860544,-31.53818111091553,61.0,0.4873809814453125,0.409689965941244,0.6874660573194967,0.0993644119606736,0.02422145328719723,-27.25591378645345,40.36420863773009,0.7958279903804031,fdr_bh,False
abs_within_arch,architecture_id=LSTM13|target=lt2|feature_set=EMG+NIRS+HRV,mae,abs,no_abs,17,171.73654294613507,176.42305877270275,-4.686515826567671,145.2598383779111,161.05538040233324,-15.795542024422133,67.0,0.677703857421875,-0.2784921732936677,0.7842016540727007,-0.06754427331750645,-0.0657439446366782,-40.25780502469082,27.85662978347844,0.8797363281249999,fdr_bh,False
abs_within_arch,architecture_id=LSTM14|target=lt1|feature_set=EMG,mae,abs,no_abs,18,214.2825611549749,214.2825611549749,0.0,178.42271084119483,178.42271084119483,0.0,,,,,,0.0,0.0,0.0,,fdr_bh,False
abs_within_arch,architecture_id=LSTM14|target=lt1|feature_set=EMG+NIRS,mae,abs,no_abs,18,202.0142154712118,217.0737016338298,-15.059486162618015,130.29687546518437,160.15289646826807,-29.856021003083697,49.0,0.11870574951171875,-0.9556544745481221,0.3526402025420744,-0.22524991980808132,-0.08641975308641975,-42.82101416337771,17.05536612159953,0.3581998055441338,fdr_bh,False
abs_within_arch,architecture_id=LSTM14|target=lt1|feature_set=EMG+NIRS+HRV,mae,abs,no_abs,18,174.6418780550487,189.7253762375941,-15.083498182545412,133.367451062593,152.89408610931406,-19.526635046721054,58.0,0.24620819091796875,-1.5297813872578923,0.1444653317392197,-0.36057293088767317,-0.043209876543209874,-35.484607011437596,2.9903766042789606,0.5608981303031871,fdr_bh,False
abs_within_arch,architecture_id=LSTM14|target=lt2|feature_set=EMG,mae,abs,no_abs,17,184.17816775787858,184.17816775787858,0.0,121.44661895607909,121.44661895607909,0.0,,,,,,0.0,0.0,0.0,,fdr_bh,False
abs_within_arch,architecture_id=LSTM14|target=lt2|feature_set=EMG+NIRS,mae,abs,no_abs,17,211.6602192462164,182.81747494443977,28.842744301776634,178.9957921265829,154.71190046798893,24.283891658593973,28.0,0.0201568603515625,2.8204574553260615,0.012310384076964132,0.6840614118158914,0.17647058823529413,10.28564253221525,50.273341380046425,0.1333453838641827,fdr_bh,False
abs_within_arch,architecture_id=LSTM14|target=lt2|feature_set=EMG+NIRS+HRV,mae,abs,no_abs,17,153.8069830996623,173.29488406406006,-19.487900964397767,153.66604715983073,166.13250595466658,-12.466458794835859,47.0,0.17425537109375,-1.5769882722062727,0.1343623405431443,-0.38247583627451515,-0.08650519031141868,-44.94722254182718,2.8605770992709227,0.4683113098144531,fdr_bh,False
abs_within_arch,architecture_id=LSTM15|target=lt1|feature_set=EMG,mae,abs,no_abs,18,211.59406261517304,211.59406261517304,0.0,192.3018679283043,192.3018679283043,0.0,,,,,,0.0,0.0,0.0,,fdr_bh,False
abs_within_arch,architecture_id=LSTM15|target=lt1|feature_set=EMG+NIRS,mae,abs,no_abs,18,182.37913399619794,185.23498994258352,-2.8558559463855886,141.2031638900932,154.14362288611505,-12.940458996021846,66.0,0.4171142578125,-0.20378183843524217,0.8409434684444077,-0.048031839946740394,-0.06790123456790123,-30.357102775352793,25.824813964468426,0.7103331915222771,fdr_bh,False
abs_within_arch,architecture_id=LSTM15|target=lt1|feature_set=EMG+NIRS+HRV,mae,abs,no_abs,18,176.9931598672498,167.06852626607835,9.92463360117145,153.1127125568205,141.18237962417385,11.93033293264665,73.0,0.6094589233398438,0.790192754344578,0.4402993861611183,0.18625021834717562,0.018518518518518517,-12.646575328015254,34.98242102608617,0.8488010916150049,fdr_bh,False
abs_within_arch,architecture_id=LSTM15|target=lt2|feature_set=EMG,mae,abs,no_abs,17,181.5241962897626,181.5241962897626,0.0,172.53578889692153,172.53578889692153,0.0,,,,,,0.0,0.0,0.0,,fdr_bh,False
abs_within_arch,architecture_id=LSTM15|target=lt2|feature_set=EMG+NIRS,mae,abs,no_abs,17,212.36178314953088,188.94216794652954,23.419615203001342,175.91426201201668,170.4556942803519,5.458567731664772,38.0,0.0714111328125,2.046781748485429,0.05747207921112685,0.4964174906818719,0.09342560553633218,1.8334316124479906,46.66486537568443,0.2668161492598684,fdr_bh,False
abs_within_arch,architecture_id=LSTM15|target=lt2|feature_set=EMG+NIRS+HRV,mae,abs,no_abs,17,140.5777330443375,165.8627711951142,-25.2850381507767,119.45443001964637,166.61721180625582,-47.16278178660946,28.0,0.0201568603515625,-2.5254746448977294,0.02248997758502737,-0.6125175715136819,-0.22491349480968859,-44.52163114144832,-6.830340873464083,0.1333453838641827,fdr_bh,False
abs_within_arch,architecture_id=LSTM16|target=lt1|feature_set=EMG,mae,abs,no_abs,18,216.69994112387053,216.69994112387053,0.0,171.4505348789622,171.4505348789622,0.0,,,,,,0.0,0.0,0.0,,fdr_bh,False
abs_within_arch,architecture_id=LSTM16|target=lt1|feature_set=EMG+NIRS,mae,abs,no_abs,18,201.50521486219372,198.78427101955762,2.7209438426361032,161.31585445847492,156.83431901598854,4.481535442486376,76.0,0.7018814086914062,0.136410489707307,0.8930991778935276,0.0321522607656715,0.037037037037037035,-31.80374595633591,45.44846878693603,0.8844219948345925,fdr_bh,False
abs_within_arch,architecture_id=LSTM16|target=lt1|feature_set=EMG+NIRS+HRV,mae,abs,no_abs,18,191.6480664474625,186.81286881925337,4.83519762820913,157.05152476011375,129.31383114545903,27.737693614654717,84.0,0.9661178588867188,0.536232783918643,0.5987450191574533,0.12639127926780439,0.012345679012345678,-10.487321379014059,22.787692124114415,0.9861855888932678,fdr_bh,False
abs_within_arch,architecture_id=LSTM16|target=lt2|feature_set=EMG,mae,abs,no_abs,17,183.5618127476479,183.5618127476479,0.0,144.31266957911012,144.31266957911012,0.0,,,,,,0.0,0.0,0.0,,fdr_bh,False
abs_within_arch,architecture_id=LSTM16|target=lt2|feature_set=EMG+NIRS,mae,abs,no_abs,17,188.2376846899729,183.5914447934718,4.6462398965011005,175.43482710018492,154.5230981623754,20.911728937809528,75.0,0.963226318359375,0.29467073205008687,0.772034368983599,0.07146815017768161,0.04498269896193772,-23.71556112237394,37.78789041512123,0.9861855888932678,fdr_bh,False
abs_within_arch,architecture_id=LSTM16|target=lt2|feature_set=EMG+NIRS+HRV,mae,abs,no_abs,17,158.79339792803523,178.3381170168006,-19.544719088765362,148.11839506713054,194.07783257370153,-45.95943750657099,44.0,0.1323699951171875,-1.7944995375274115,0.09164841341299851,-0.4352300669616212,-0.17647058823529413,-40.51683946776068,-0.2298293096330336,0.3858921891551907,fdr_bh,False
abs_within_arch,architecture_id=LSTM2|target=lt1|feature_set=EMG,mae,abs,no_abs,18,222.81506247189355,222.81506247189355,0.0,150.46736211069265,150.46736211069265,0.0,,,,,,0.0,0.0,0.0,,fdr_bh,False
abs_within_arch,architecture_id=LSTM2|target=lt1|feature_set=EMG+NIRS,mae,abs,no_abs,18,213.60106423278927,215.50786701350796,-1.9068027807186922,164.1456896279358,138.98132702450482,25.164362603430988,54.0,0.18146514892578125,-0.1164362227671781,0.9086712834274605,-0.027444280898139703,-0.037037037037037035,-29.512758150544386,32.82578742227073,0.46935346789826127,fdr_bh,False
abs_within_arch,architecture_id=LSTM2|target=lt1|feature_set=EMG+NIRS+HRV,mae,abs,no_abs,18,201.3151429607488,194.35850715264667,6.956635808102135,165.0330026216572,121.54073286501728,43.49226975663993,80.0,0.83172607421875,0.5496411108812548,0.5897140532707138,0.1295516522410141,0.024691358024691357,-14.469565527795435,32.40340033028165,0.9505440848214286,fdr_bh,False
abs_within_arch,architecture_id=LSTM2|target=lt2|feature_set=EMG,mae,abs,no_abs,17,184.5518232055347,184.5518232055347,0.0,134.3349025681459,134.3349025681459,0.0,,,,,,0.0,0.0,0.0,,fdr_bh,False
abs_within_arch,architecture_id=LSTM2|target=lt2|feature_set=EMG+NIRS,mae,abs,no_abs,17,211.16699202709952,183.54599420903176,27.620997818067764,170.6853378873605,161.76387638414363,8.921461503216875,30.0,0.02667236328125,2.304274342494837,0.03495048492595193,0.5588686179121704,0.13494809688581316,7.884223225127667,53.76267131258015,0.16202906558388158,fdr_bh,False
abs_within_arch,architecture_id=LSTM2|target=lt2|feature_set=EMG+NIRS+HRV,mae,abs,no_abs,17,150.51846003868997,164.05583993795307,-13.537379899263101,147.16504651779752,144.1712995858593,2.993746931938233,50.0,0.2246856689453125,-1.1654414700046452,0.2609212891374675,-0.28266107537083934,-0.0657439446366782,-35.055048952884576,9.390980413088636,0.528125737337458,fdr_bh,False
abs_within_arch,architecture_id=LSTM3|target=lt1|feature_set=EMG,mae,abs,no_abs,18,214.04600011148972,214.04600011148972,0.0,181.49713721762055,181.49713721762055,0.0,,,,,,0.0,0.0,0.0,,fdr_bh,False
abs_within_arch,architecture_id=LSTM3|target=lt1|feature_set=EMG+NIRS,mae,abs,no_abs,18,205.87240980312,196.7826428517038,9.089766951416209,160.3045928123389,168.85504704246227,-8.550454230123364,75.0,0.6705245971679688,0.4355676867832702,0.6686304112284689,0.10266428833006284,0.006172839506172839,-28.63685221564995,53.02235380889428,0.8737138690370502,fdr_bh,False
abs_within_arch,architecture_id=LSTM3|target=lt1|feature_set=EMG+NIRS+HRV,mae,abs,no_abs,18,185.95528774149858,165.10715020077447,20.84813754072411,126.79088252264651,113.61394570481968,13.176936817826828,47.0,0.0987396240234375,1.9004301770789962,0.07447187144281998,0.4479356884613698,0.06172839506172839,0.6518128261327361,40.918817515977445,0.3234898158482143,fdr_bh,False
abs_within_arch,architecture_id=LSTM3|target=lt2|feature_set=EMG,mae,abs,no_abs,18,235.3918034572257,235.3918034572257,0.0,181.95681257899759,181.95681257899759,0.0,,,,,,0.0,0.0,0.0,,fdr_bh,False
abs_within_arch,architecture_id=LSTM3|target=lt2|feature_set=EMG+NIRS,mae,abs,no_abs,18,241.07354988248167,216.06296852240033,25.010581360081346,209.72074845174194,174.14402446457416,35.57672398716778,49.0,0.11870574951171875,1.8963606310133176,0.07503889106918596,0.44697648725490574,0.08024691358024691,2.1867966580395235,52.806502044298824,0.3581998055441338,fdr_bh,False
abs_within_arch,architecture_id=LSTM3|target=lt2|feature_set=EMG+NIRS+HRV,mae,abs,no_abs,18,156.00208687193992,184.26512987579932,-28.263043003859394,142.18825441465108,154.50543803180204,-12.31718361715096,63.0,0.34654998779296875,-1.2884930442536415,0.21483509311579813,-0.3037007230344827,-0.11728395061728394,-75.67209876332699,4.259942252289577,0.6409311602192541,fdr_bh,False
abs_within_arch,architecture_id=LSTM4|target=lt1|feature_set=EMG,mae,abs,no_abs,18,232.23142265880895,232.23142265880895,0.0,140.61113741616555,140.61113741616555,0.0,,,,,,0.0,0.0,0.0,,fdr_bh,False
abs_within_arch,architecture_id=LSTM4|target=lt1|feature_set=EMG+NIRS,mae,abs,no_abs,18,222.29960311849658,221.98014752704333,0.31945559145324864,193.5168570218217,156.72935700197027,36.78750001985142,76.0,0.7018814086914062,0.027864331454176505,0.9780948529703717,0.006567685908159274,0.043209876543209874,-20.60513626588384,22.623263633163887,0.8844219948345925,fdr_bh,False
abs_within_arch,architecture_id=LSTM4|target=lt1|feature_set=EMG+NIRS+HRV,mae,abs,no_abs,18,199.31569559112177,194.0473700326977,5.268325558424067,152.12998972432922,129.50993352470402,22.620056199625196,74.0,0.6396942138671875,0.5914734884509116,0.561986642216674,0.1394116381919009,0.08641975308641975,-11.615856220815198,21.25089214951553,0.8629600375306373,fdr_bh,False
abs_within_arch,architecture_id=LSTM4|target=lt2|feature_set=EMG,mae,abs,no_abs,18,213.05765916575035,213.05765916575035,0.0,172.56570136151998,172.56570136151998,0.0,,,,,,0.0,0.0,0.0,,fdr_bh,False
abs_within_arch,architecture_id=LSTM4|target=lt2|feature_set=EMG+NIRS,mae,abs,no_abs,18,207.53543011886026,210.841762582795,-3.3063324639347513,184.6076428203296,173.26424739345327,11.343395426876327,72.0,0.5798416137695312,-0.26325215449908784,0.7955203945246895,-0.06204912786942456,0.030864197530864196,-29.46936642720844,19.39546269919723,0.8416266461464926,fdr_bh,False
abs_within_arch,architecture_id=LSTM4|target=lt2|feature_set=EMG+NIRS+HRV,mae,abs,no_abs,18,168.03311040298445,184.8319256006535,-16.798815197669057,154.1097618624102,154.7537635968746,-0.644001734464382,67.0,0.44229888916015625,-1.134510639098695,0.27232495568613074,-0.2674067220783237,0.024691358024691357,-48.68416076183777,9.662005381026237,0.7350281056574578,fdr_bh,False
abs_within_arch,architecture_id=LSTM5|target=lt1|feature_set=EMG,mae,abs,no_abs,18,230.07509214969306,230.07509214969306,0.0,180.8831557508194,180.8831557508194,0.0,,,,,,0.0,0.0,0.0,,fdr_bh,False
abs_within_arch,architecture_id=LSTM5|target=lt1|feature_set=EMG+NIRS,mae,abs,no_abs,18,206.70566352810516,203.08308069895585,3.6225828291493087,159.0484595308498,160.02256291443865,-0.9741033835888402,69.0,0.49507904052734375,0.15867905224626383,0.8757915345123917,0.03740101129186255,0.0,-36.009291790337585,52.33623714688783,0.7958279903804031,fdr_bh,False
abs_within_arch,architecture_id=LSTM5|target=lt1|feature_set=EMG+NIRS+HRV,mae,abs,no_abs,18,187.65546525244233,176.7947902935556,10.860674958886733,123.98858549806528,114.45714982031859,9.531435677746686,70.0,0.522613525390625,0.9659425294405813,0.34761440308165703,0.22767483760130716,0.04938271604938271,-8.995405336711093,33.44943284440836,0.8171775124289773,fdr_bh,False
abs_within_arch,architecture_id=LSTM5|target=lt2|feature_set=EMG,mae,abs,no_abs,18,208.49136605885664,208.49136605885664,0.0,179.09624023702548,179.09624023702548,0.0,,,,,,0.0,0.0,0.0,,fdr_bh,False
abs_within_arch,architecture_id=LSTM5|target=lt2|feature_set=EMG+NIRS,mae,abs,no_abs,18,217.21387733739718,191.07613084859577,26.13774648880141,192.55145847834245,166.47797018101687,26.073488297325582,50.0,0.12973785400390625,1.898519533650954,0.07473760941710532,0.4474853454865705,0.11728395061728394,1.316651482052388,55.05045858154758,0.3814514681824252,fdr_bh,False
abs_within_arch,architecture_id=LSTM5|target=lt2|feature_set=EMG+NIRS+HRV,mae,abs,no_abs,18,140.92006721397826,165.27926614620583,-24.35919893222757,130.33020396487643,164.00284490102564,-33.67264093614921,40.0,0.04827880859375,-2.4095749601109806,0.027586676763306988,-0.567942264690593,-0.30246913580246915,-43.757300743208546,-4.365606139928577,0.19771321614583334,fdr_bh,False
abs_within_arch,architecture_id=LSTM6|target=lt1|feature_set=EMG,mae,abs,no_abs,18,229.85956567023712,229.85956567023712,0.0,156.84360802931485,156.84360802931485,0.0,,,,,,0.0,0.0,0.0,,fdr_bh,False
abs_within_arch,architecture_id=LSTM6|target=lt1|feature_set=EMG+NIRS,mae,abs,no_abs,18,224.7050149973131,214.40005615794354,10.304958839369561,178.4085238218297,169.38663345120386,9.02189037062584,77.0,0.7337265014648438,0.8213336789841055,0.42282560662130986,0.19359020467551866,0.09259259259259259,-11.637904248124448,36.524319130310246,0.9111982545267374,fdr_bh,False
abs_within_arch,architecture_id=LSTM6|target=lt1|feature_set=EMG+NIRS+HRV,mae,abs,no_abs,18,199.12726188556113,201.7977597056548,-2.6704978200936864,147.85699095534267,136.78951288077647,11.067478074566196,80.0,0.83172607421875,-0.21492620012617356,0.8323820495483432,-0.05065859118795811,0.024691358024691357,-26.927704120223197,20.904422927395046,0.9505440848214286,fdr_bh,False
abs_within_arch,architecture_id=LSTM6|target=lt2|feature_set=EMG,mae,abs,no_abs,18,177.85059497714357,177.85059497714357,0.0,166.05767485425977,166.05767485425977,0.0,,,,,,0.0,0.0,0.0,,fdr_bh,False
abs_within_arch,architecture_id=LSTM6|target=lt2|feature_set=EMG+NIRS,mae,abs,no_abs,18,196.36588792789155,191.38298474492703,4.98290318296452,184.0639670477408,174.40178915026075,9.662177897480035,65.0,0.39273834228515625,0.436706670396397,0.6678202286999356,0.10293274934223026,0.06172839506172839,-15.280995128765142,26.281805038014113,0.7036561965942383,fdr_bh,False
abs_within_arch,architecture_id=LSTM6|target=lt2|feature_set=EMG+NIRS+HRV,mae,abs,no_abs,18,151.85711126660698,161.94292647305727,-10.085815206450292,144.3645036240668,152.24160091847472,-7.877097294407918,80.0,0.83172607421875,-0.6856542361754195,0.5021751849347103,-0.16161025331630727,-0.024691358024691357,-39.15137376322583,16.36888408364201,0.9505440848214286,fdr_bh,False
abs_within_arch,architecture_id=LSTM7|target=lt1|feature_set=EMG,mae,abs,no_abs,18,212.6761083734781,216.39979145245195,-3.7236830789738633,166.812675682242,175.1059922756856,-8.293316593443592,63.0,0.34654998779296875,-0.37638037259088214,0.7112903414581531,-0.08871370458817737,-0.08641975308641975,-20.9226753235915,16.528581644421237,0.6409311602192541,fdr_bh,False
abs_within_arch,architecture_id=LSTM7|target=lt1|feature_set=EMG+NIRS,mae,abs,no_abs,18,197.58826390649935,197.42490528679753,0.16335861970182464,155.1082379691714,150.78517322213565,4.323064747035744,75.0,0.6705245971679688,0.006817392158630377,0.994639913963247,0.001606874741791845,0.04938271604938271,-47.797670266035404,42.066608028806684,0.8737138690370502,fdr_bh,False
abs_within_arch,architecture_id=LSTM7|target=lt1|feature_set=EMG+NIRS+HRV,mae,abs,no_abs,18,180.68626521086253,180.43922574754114,0.2470394633213857,154.37527182741408,148.3240909265445,6.051180900869582,73.0,0.6094589233398438,0.024291987688524915,0.9809025722676387,0.0057256764076853645,-0.037037037037037035,-18.18712437872038,20.7791904498976,0.8488010916150049,fdr_bh,False
abs_within_arch,architecture_id=LSTM7|target=lt2|feature_set=EMG,mae,abs,no_abs,18,213.4264341618191,205.198810710656,8.227623451163083,200.73006382157521,184.31288211465343,16.41718170692178,74.0,0.6396942138671875,0.7572505216839216,0.45926779196129375,0.17848565964658392,0.037037037037037035,-12.288557796852688,27.972148583874443,0.8629600375306373,fdr_bh,False
abs_within_arch,architecture_id=LSTM7|target=lt2|feature_set=EMG+NIRS,mae,abs,no_abs,18,195.07468455597402,211.93596631226907,-16.861281756295057,177.06701302302605,170.614577343019,6.452435680007056,84.0,0.9661178588867188,-0.6888726420748316,0.5001978491718843,-0.16236883886166892,-0.018518518518518517,-75.05264277889167,21.847948754193407,0.9861855888932678,fdr_bh,False
abs_within_arch,architecture_id=LSTM7|target=lt2|feature_set=EMG+NIRS+HRV,mae,abs,no_abs,18,143.07507837052884,192.4581499656207,-49.38307159509185,138.6041198895474,177.1293679230099,-38.5252480334625,37.0,0.03423309326171875,-2.8382614852465484,0.01135212190332601,-0.6689846476661455,-0.30864197530864196,-80.8941826320899,-16.119209266940604,0.18117206280048076,fdr_bh,False
abs_within_arch,architecture_id=LSTM8|target=lt1|feature_set=EMG,mae,abs,no_abs,18,220.334134183901,235.44804249996827,-15.113908316067267,179.38356271971415,195.07076578060088,-15.68720306088673,56.0,0.2121429443359375,-1.0796392061424382,0.29538300109623816,-0.254473401299393,-0.030864197530864196,-41.78217381049666,14.435824875480913,0.5032908472521551,fdr_bh,False
abs_within_arch,architecture_id=LSTM8|target=lt1|feature_set=EMG+NIRS,mae,abs,no_abs,18,220.91634835594485,210.6064539431952,10.309894412749657,177.5442150946971,166.26925991979755,11.27495517489956,83.0,0.932281494140625,0.5055746846852299,0.6196474091312075,0.11916509597905886,0.018518518518518517,-24.4741724098408,52.02276215849336,0.9807487277809632,fdr_bh,False
abs_within_arch,architecture_id=LSTM8|target=lt1|feature_set=EMG+NIRS+HRV,mae,abs,no_abs,18,204.3408606123803,201.40878618706574,2.9320744253145676,171.91342170170196,146.37280661078904,25.540615090912922,72.0,0.5798416137695312,0.22615243783897854,0.8237795988600406,0.053304640792603636,0.037037037037037035,-23.57348775681642,26.609309390314472,0.8416266461464926,fdr_bh,False
abs_within_arch,architecture_id=LSTM8|target=lt2|feature_set=EMG,mae,abs,no_abs,18,199.3258020484009,202.16406262535892,-2.838260576958021,169.7025950753789,180.95023600830223,-11.247640932923332,78.0,0.7660293579101562,-0.26554367769516946,0.7937840285016469,-0.06258924506648976,-0.043209876543209874,-22.519921186294578,17.91511982984812,0.9181675927564241,fdr_bh,False
abs_within_arch,architecture_id=LSTM8|target=lt2|feature_set=EMG+NIRS,mae,abs,no_abs,18,180.81559553330032,188.98938207883504,-8.17378654553471,169.29015436334168,176.63609614012375,-7.34594177678207,73.0,0.6094589233398438,-0.8593833981839408,0.4020853287680196,-0.2025586094983345,-0.043209876543209874,-26.78584315115544,10.447212726021778,0.8488010916150049,fdr_bh,False
abs_within_arch,architecture_id=LSTM8|target=lt2|feature_set=EMG+NIRS+HRV,mae,abs,no_abs,18,154.14324350267265,167.83541581377324,-13.692172311100592,150.20339717861629,154.26365810711042,-4.060260928494131,76.0,0.7018814086914062,-0.846272997471092,0.4091554339519289,-0.19946845841562502,0.012345679012345678,-45.084401513783554,16.303317887300068,0.8844219948345925,fdr_bh,False
abs_within_arch,architecture_id=LSTM9|target=lt1|feature_set=EMG,mae,abs,no_abs,18,206.61054150377743,205.50149452104745,1.1090469827299785,187.1265624432728,148.0547033689493,39.0718590743235,76.0,0.7018814086914062,0.10398065166904467,0.9184015820200463,0.024508474635792594,0.05555555555555555,-18.53501833307975,21.385658445117567,0.8844219948345925,fdr_bh,False
abs_within_arch,architecture_id=LSTM9|target=lt1|feature_set=EMG+NIRS,mae,abs,no_abs,18,219.7278047761141,201.20839121569463,18.51941356041948,207.81535876303485,151.84141399502755,55.9739447680073,61.0,0.30379486083984375,0.7434329398251801,0.46737062653688977,0.17522882436927847,0.10493827160493827,-26.80170762647643,64.50010419484761,0.6098034341052652,fdr_bh,False
abs_within_arch,architecture_id=LSTM9|target=lt1|feature_set=EMG+NIRS+HRV,mae,abs,no_abs,18,206.27221206420953,168.74134406714936,37.53086799706017,188.77216855362494,151.71945065172065,37.05271790190429,41.0,0.05385589599609375,2.228529802121261,0.03963161828501532,0.5252695117187527,0.1728395061728395,8.575600378964348,70.11590205902193,0.2129474508351293,fdr_bh,False
abs_within_arch,architecture_id=LSTM9|target=lt2|feature_set=EMG,mae,abs,no_abs,18,216.55985035309658,225.73726450355778,-9.177414150461203,201.6715422184741,162.22762328745972,39.443918931014366,53.0,0.16735076904296875,-0.8158363312687992,0.42587773964326137,-0.1922944673928408,-0.08024691358024691,-30.369260877224082,11.556791577297872,0.4532965712659941,fdr_bh,False
abs_within_arch,architecture_id=LSTM9|target=lt2|feature_set=EMG+NIRS,mae,abs,no_abs,18,207.95245689864896,193.45828648912416,14.494170409524799,149.7571454768414,164.92590514424649,-15.168759667405084,69.0,0.49507904052734375,0.6621093143848441,0.5167770644946055,0.15606066202943297,-0.043209876543209874,-28.589768620748778,55.367938229876586,0.7958279903804031,fdr_bh,False
abs_within_arch,architecture_id=LSTM9|target=lt2|feature_set=EMG+NIRS+HRV,mae,abs,no_abs,18,153.6924298309328,189.61376754704696,-35.92133771611415,125.16202090115908,159.54755144829358,-34.38553054713449,32.0,0.0182342529296875,-2.4409116925612953,0.02588727378160158,-0.5753284033625417,-0.25925925925925924,-64.3850940825591,-9.0009740132272,0.12545166015625,fdr_bh,False
abs_within_arch,architecture_id=Lin1|target=lt1|feature_set=EMG,mae,abs,no_abs,18,293.6562143661144,293.6562143661144,0.0,251.34700415463627,251.34700415463627,0.0,0.0,0.31731050786291415,-1.0,0.3313327620386791,-0.23570226039551584,-0.0030864197530864196,-4.736951571734001e-15,0.0,0.6098034341052652,fdr_bh,False
abs_within_arch,architecture_id=Lin1|target=lt1|feature_set=EMG+NIRS,mae,abs,no_abs,18,392.1490435366493,353.1140889192789,39.034954617370374,307.3545040441154,260.1628522812782,47.19165176283718,30.0,0.0138702392578125,2.832850312841507,0.011482475484199456,0.6677092220988875,0.11728395061728394,12.920288935626349,65.54934351168193,0.1163746903582317,fdr_bh,False
abs_within_arch,architecture_id=Lin1|target=lt1|feature_set=EMG+NIRS+HRV,mae,abs,no_abs,18,256.09350964270914,216.86360566774516,39.229903974963975,173.24091051418606,150.84838880137733,22.39252171280873,31.0,0.01593017578125,2.92918758774884,0.009364458520993274,0.69041613555489,0.09876543209876543,15.35245016601766,65.5385819439698,0.1191300101902174,fdr_bh,False
abs_within_arch,architecture_id=Lin1|target=lt1|feature_set=HRV,mae,abs,no_abs,18,232.68614395906343,229.4475076263588,3.2386363327046297,196.6109637522926,199.44037889221207,-2.829415139919462,83.0,0.932281494140625,0.37965029401423184,0.7089059538021041,0.08948443245897664,-0.006172839506172839,-12.206044058746574,20.635353660081964,0.9807487277809632,fdr_bh,False
abs_within_arch,architecture_id=Lin1|target=lt1|feature_set=NIRS,mae,abs,no_abs,18,307.8192218852216,297.3225529307058,10.496668954515826,236.76023546385005,224.08678998873006,12.67344547511999,78.0,0.7660293579101562,0.36622792841926866,0.7187129309665186,0.0863207505483888,0.12345679012345678,-44.89678703249484,60.828880685899385,0.9181675927564241,fdr_bh,False
abs_within_arch,architecture_id=Lin1|target=lt2|feature_set=EMG,mae,abs,no_abs,18,340.9553151717943,340.9553151717943,0.0,296.9422752939622,296.9422752939622,0.0,0.0,0.31731050786291415,-0.9999999999999999,0.3313327620386791,-0.23570226039551584,-0.0030864197530864196,-9.473903143468002e-15,0.0,0.6098034341052652,fdr_bh,False
abs_within_arch,architecture_id=Lin1|target=lt2|feature_set=EMG+NIRS,mae,abs,no_abs,18,329.4677290097143,247.05815021931488,82.4095787903994,269.78169248198526,197.26216193086668,72.51953055111858,25.0,0.0065765380859375,2.9573775739826402,0.008819959951786733,0.697060579030715,0.2716049382716049,31.146064914362096,137.51328400759235,0.10283314098011363,fdr_bh,False
abs_within_arch,architecture_id=Lin1|target=lt2|feature_set=EMG+NIRS+HRV,mae,abs,no_abs,18,184.63045588794168,167.01755044031017,17.612905447631505,144.23290716564358,147.01937988998162,-2.78647272433804,68.0,0.468292236328125,1.0241988237127575,0.32009557606757344,0.24140597784352547,0.04938271604938271,-15.798375467099248,49.20549340028558,0.770777652138158,fdr_bh,False
abs_within_arch,architecture_id=Lin1|target=lt2|feature_set=HRV,mae,abs,no_abs,18,137.63362985322436,183.9405253134368,-46.306895460212445,119.69277659367384,150.52284204257592,-30.830065448902076,34.0,0.02367401123046875,-2.8214434669201855,0.0117620156172199,-0.6650206027312485,-0.25308641975308643,-78.37619775307934,-16.647709560766586,0.15081221969039352,fdr_bh,False
abs_within_arch,architecture_id=Lin1|target=lt2|feature_set=NIRS,mae,abs,no_abs,18,357.82098361151634,289.5220433067164,68.29894030479994,266.3143746692806,238.24272076403707,28.071653905243522,27.0,0.00896453857421875,2.124324748659608,0.04861139033772576,0.5007081450732057,0.18518518518518517,16.96620314295886,138.98189609283708,0.10633797481142242,fdr_bh,False
abs_within_arch,architecture_id=Lin10|target=lt1|feature_set=EMG,mae,abs,no_abs,18,300.21028048021185,300.21028048021185,0.0,254.6371185839557,254.6371185839557,0.0,,,,,,0.0,0.0,0.0,,fdr_bh,False
abs_within_arch,architecture_id=Lin10|target=lt1|feature_set=EMG+NIRS,mae,abs,no_abs,18,336.95314622088324,290.91390005397807,46.03924616690517,276.60847242874667,254.89926145791802,21.70921097082865,27.0,0.00896453857421875,2.7017353152842736,0.01512016599262661,0.6368051208028951,0.15432098765432098,15.333763494891857,79.05421110581865,0.10633797481142242,fdr_bh,False
abs_within_arch,architecture_id=Lin10|target=lt1|feature_set=EMG+NIRS+HRV,mae,abs,no_abs,18,228.85564089982933,180.9542123016684,47.90142859816092,183.79122379823076,135.4315763449607,48.35964745327007,18.0,0.00193023681640625,3.1844504110691165,0.005426044634190703,0.7505821600064204,0.18518518518518517,21.350356897156686,77.46355328685438,0.066400146484375,fdr_bh,False
abs_within_arch,architecture_id=Lin10|target=lt1|feature_set=HRV,mae,abs,no_abs,18,233.14583090055189,231.51634620604116,1.6294846945107224,199.14072808650744,198.72646654027236,0.4142615462350818,78.0,0.7660293579101562,0.1880901192438322,0.8530329080391024,0.04433326626383336,-0.024691358024691357,-14.224484185079138,18.768749481527706,0.9181675927564241,fdr_bh,False
abs_within_arch,architecture_id=Lin10|target=lt1|feature_set=NIRS,mae,abs,no_abs,18,294.91520819833545,261.24348149552645,33.671726702808996,230.7420803177971,224.93320243029683,5.808877887500273,65.0,0.39273834228515625,1.4589031630773996,0.1628217254977499,0.34386677323551096,0.09876543209876543,-10.788693953052988,76.6116966490785,0.7036561965942383,fdr_bh,False
abs_within_arch,architecture_id=Lin10|target=lt2|feature_set=EMG,mae,abs,no_abs,18,323.55624318042715,323.55624318042715,0.0,246.0969113096208,246.0969113096208,0.0,,,,,,0.0,0.0,0.0,,fdr_bh,False
abs_within_arch,architecture_id=Lin10|target=lt2|feature_set=EMG+NIRS,mae,abs,no_abs,18,301.9567110891216,258.8601936087978,43.096517480323826,244.16482913830038,200.03258722717328,44.132241911127096,39.0,0.0431671142578125,1.974613408639825,0.06478430874349043,0.4654208438237012,0.13580246913580246,1.6403222286110695,85.77528827443055,0.19285048447646103,fdr_bh,False
abs_within_arch,architecture_id=Lin10|target=lt2|feature_set=EMG+NIRS+HRV,mae,abs,no_abs,18,170.43042723641122,163.9377430018895,6.492684234521732,122.87295404872037,150.30713588684978,-27.434181838129405,79.0,0.7987060546875,0.369188357692009,0.7165454905321311,0.08701853041971473,-0.08641975308641975,-25.711971216722578,40.798834778682576,0.9409413794948631,fdr_bh,False
abs_within_arch,architecture_id=Lin10|target=lt2|feature_set=HRV,mae,abs,no_abs,18,136.70209998846877,185.90296841248215,-49.20086842401338,120.1664436670413,152.17965687460895,-32.013213207567645,29.0,0.01203155517578125,-3.0786309747862317,0.0068091454446057775,-0.725640279680765,-0.2716049382716049,-80.1672258935276,-19.96175396407685,0.11496819390190971,fdr_bh,False
abs_within_arch,architecture_id=Lin10|target=lt2|feature_set=NIRS,mae,abs,no_abs,18,309.1867167540206,263.6799497571106,45.50676699691002,255.34691513385832,239.77778877500944,15.569126358848877,35.0,0.02684783935546875,2.0622115251174318,0.05481394099182253,0.4860679178838627,0.12962962962962962,7.661928896232777,91.82581615000663,0.16202906558388158,fdr_bh,False
abs_within_arch,architecture_id=Lin11|target=lt1|feature_set=EMG,mae,abs,no_abs,18,296.5782365843807,296.5782365843807,0.0,253.02357849036986,253.02357849036986,0.0,0.0,0.31731050786291415,-0.9999999999999999,0.3313327620386791,-0.23570226039551584,-0.0030864197530864196,-4.736951571734001e-15,0.0,0.6098034341052652,fdr_bh,False
abs_within_arch,architecture_id=Lin11|target=lt1|feature_set=EMG+NIRS,mae,abs,no_abs,18,376.84904232182174,338.3770776811021,38.47196464071965,291.56570407917764,267.41301938095853,24.152684698219105,30.0,0.0138702392578125,2.8192978828805266,0.011815325139174025,0.6645148837232324,0.10493827160493827,11.384545174473647,64.1823555286852,0.1163746903582317,fdr_bh,False
abs_within_arch,architecture_id=Lin11|target=lt1|feature_set=EMG+NIRS+HRV,mae,abs,no_abs,18,243.0493465034097,202.7457582718984,40.3035882315113,182.02425998749416,144.78534399816886,37.23891598932531,28.0,0.010406494140625,2.9342725887355443,0.009263884052216469,0.6916146817815698,0.11728395061728394,16.13191045178288,67.46834472380115,0.10847981770833333,fdr_bh,False
abs_within_arch,architecture_id=Lin11|target=lt1|feature_set=HRV,mae,abs,no_abs,18,233.24781510880828,231.03710410273294,2.2107110060753428,198.84394954628152,198.8046466781734,0.039302868108109124,80.0,0.83172607421875,0.2539402480778756,0.8025876214291028,0.059854290477353314,-0.018518518518518517,-13.691621086986737,19.595834850407307,0.9505440848214286,fdr_bh,False
abs_within_arch,architecture_id=Lin11|target=lt1|feature_set=NIRS,mae,abs,no_abs,18,304.98669017005767,288.3083313329205,16.678358837137182,235.5158800229475,224.2673968826337,11.248483140313795,77.0,0.7337265014648438,0.6923649965537121,0.4980573070101973,0.16319199470644347,0.11728395061728394,-28.292418503134442,60.055199676173864,0.9111982545267374,fdr_bh,False
abs_within_arch,architecture_id=Lin11|target=lt2|feature_set=EMG,mae,abs,no_abs,18,334.10069891970204,334.10069891970204,0.0,284.60738995005846,284.60738995005846,0.0,0.0,0.31731050786291415,-0.9999999999999999,0.3313327620386791,-0.23570226039551584,-0.0030864197530864196,-4.736951571734001e-15,0.0,0.6098034341052652,fdr_bh,False
abs_within_arch,architecture_id=Lin11|target=lt2|feature_set=EMG+NIRS,mae,abs,no_abs,18,322.24701796446647,256.58421405384564,65.66280391062082,246.7723038915721,208.6732886649572,38.09901522661491,33.0,0.02081298828125,2.57877726693972,0.019517354990966927,0.6078236308742626,0.20987654320987653,16.49144758678197,111.81955113654986,0.13508807488207547,fdr_bh,False
abs_within_arch,architecture_id=Lin11|target=lt2|feature_set=EMG+NIRS+HRV,mae,abs,no_abs,18,180.32911616314914,165.60248645147968,14.72662971166946,135.85570994937984,144.82918373427253,-8.97347378489269,72.0,0.5798416137695312,0.8075227498806075,0.43051999724718687,0.19033493746766197,-0.006172839506172839,-19.591971233865817,50.27339466811534,0.8416266461464926,fdr_bh,False
abs_within_arch,architecture_id=Lin11|target=lt2|feature_set=HRV,mae,abs,no_abs,18,137.34154684666427,185.48214730156892,-48.14060045490464,119.74445003076946,151.5807508502122,-31.836300819442755,32.0,0.0182342529296875,-2.9586014326865775,0.008797031281040228,-0.697349045293638,-0.2716049382716049,-79.70282994882415,-18.89832231709067,0.12545166015625,fdr_bh,False
abs_within_arch,architecture_id=Lin11|target=lt2|feature_set=NIRS,mae,abs,no_abs,18,345.6793341914421,283.57101453916493,62.108319652277146,259.76680078825495,238.8169152778455,20.949885510409445,27.0,0.00896453857421875,2.1782937422287083,0.043750514932157515,0.5134287588487136,0.1728395061728395,15.052212301046131,124.43862456387872,0.10633797481142242,fdr_bh,False
abs_within_arch,architecture_id=Lin12|target=lt1|feature_set=EMG,mae,abs,no_abs,18,255.07766639135514,255.07766639135514,0.0,229.91628175143205,229.91628175143205,0.0,0.0,0.31731050786291415,1.0,0.3313327620386791,0.23570226039551584,0.0030864197530864196,0.0,4.736951571734001e-15,0.6098034341052652,fdr_bh,False
abs_within_arch,architecture_id=Lin12|target=lt1|feature_set=EMG+NIRS,mae,abs,no_abs,18,254.1026954435413,238.09184729402946,16.010848149511844,200.15728437025507,184.81535464339953,15.34192972685554,62.0,0.32472991943359375,1.2782285016488408,0.21834628444758925,0.30128134714060517,0.09876543209876543,-7.170055998113209,41.472670118505384,0.6104212693177937,fdr_bh,False
abs_within_arch,architecture_id=Lin12|target=lt1|feature_set=EMG+NIRS+HRV,mae,abs,no_abs,18,211.2769369396227,187.12883052446347,24.14810641515922,179.29327325028493,146.88408322741975,32.409190022865175,48.0,0.1083831787109375,2.0430126263580752,0.05687187663903881,0.4815426940491778,0.09876543209876543,2.1850598481792884,46.80308695042523,0.3389437588778409,fdr_bh,False
abs_within_arch,architecture_id=Lin12|target=lt1|feature_set=HRV,mae,abs,no_abs,18,228.90813819247256,229.07941644908811,-0.17127825661555107,190.45655323671906,192.77563211991605,-2.319078883196994,71.0,0.550872802734375,-0.022837558915587218,0.9820457711484423,-0.005382864258319673,-0.05555555555555555,-13.306670871409079,14.906761645146263,0.8416266461464926,fdr_bh,False
abs_within_arch,architecture_id=Lin12|target=lt1|feature_set=NIRS,mae,abs,no_abs,18,255.0888701242739,250.840714567335,4.248155556938912,227.7927863662386,215.82375645412975,11.969029912108851,84.0,0.9661178588867188,0.28534662007915856,0.7788259888057325,0.06725684334887816,0.06790123456790123,-25.128917468267097,33.35596413192003,0.9861855888932678,fdr_bh,False
abs_within_arch,architecture_id=Lin12|target=lt2|feature_set=EMG,mae,abs,no_abs,18,297.169178405125,297.169178405125,0.0,219.75612729126536,219.75612729126536,0.0,1.5,1.0,0.0,1.0,0.0,0.0,-4.736951571734001e-15,4.736951571734001e-15,1.0,fdr_bh,False
abs_within_arch,architecture_id=Lin12|target=lt2|feature_set=EMG+NIRS,mae,abs,no_abs,18,259.2724444783887,238.28810649590727,20.984337982481435,242.80656533567577,210.78173951818397,32.0248258174918,56.0,0.2121429443359375,1.5538973031712764,0.1386270871890218,0.366257106779966,0.10493827160493827,-3.575499291731782,46.58423608656516,0.5032908472521551,fdr_bh,False
abs_within_arch,architecture_id=Lin12|target=lt2|feature_set=EMG+NIRS+HRV,mae,abs,no_abs,18,148.41029237530853,165.97612585065986,-17.565833475351326,120.15804894642537,150.70222574448758,-30.54417679806221,66.0,0.4171142578125,-1.254480681310497,0.22664181120872026,-0.29568393220739086,-0.2345679012345679,-45.39336123381561,7.822065056714357,0.7103331915222771,fdr_bh,False
abs_within_arch,architecture_id=Lin12|target=lt2|feature_set=HRV,mae,abs,no_abs,18,132.51612521656617,183.42065057456608,-50.904525357999916,114.15012374534967,156.57466294282514,-42.42453919747547,17.0,0.00157928466796875,-3.8092950101496377,0.0014022623740278853,-0.8978594444056291,-0.35185185185185186,-78.47622001503393,-25.077211487465355,0.066400146484375,fdr_bh,False
abs_within_arch,architecture_id=Lin12|target=lt2|feature_set=NIRS,mae,abs,no_abs,18,249.880320573972,225.63765652754213,24.242664046429866,228.2488989279064,211.65795351062576,16.590945417280636,51.0,0.14151763916015625,1.2691759419988202,0.22148004844978947,0.29914763836873004,0.08024691358024691,-7.519633301983668,65.66494941786934,0.40233113943052684,fdr_bh,False
abs_within_arch,architecture_id=Lin13|target=lt1|feature_set=EMG,mae,abs,no_abs,18,263.95184084070956,263.95184084070956,0.0,237.1540125311484,237.1540125311484,0.0,,,,,,0.0,0.0,0.0,,fdr_bh,False
abs_within_arch,architecture_id=Lin13|target=lt1|feature_set=EMG+NIRS,mae,abs,no_abs,18,265.9570529271997,242.8019174776514,23.15513544954831,217.3608276218054,192.33512220398282,25.025705417822593,46.0,0.0897674560546875,2.0097636018377854,0.0606020248502676,0.47370582381379944,0.12962962962962962,2.8895820967715102,46.168308253155075,0.308800048828125,fdr_bh,False
abs_within_arch,architecture_id=Lin13|target=lt1|feature_set=EMG+NIRS+HRV,mae,abs,no_abs,18,215.30271456829345,186.3014312347049,29.00128333358856,172.80016709820777,139.71570581719212,33.08446128101565,37.0,0.03423309326171875,2.3980986188033855,0.028234854570712918,0.5652372651033224,0.12345679012345678,6.206629855005509,52.04368083192154,0.18117206280048076,fdr_bh,False
abs_within_arch,architecture_id=Lin13|target=lt1|feature_set=HRV,mae,abs,no_abs,18,230.2043518816913,229.93167842910407,0.2726734525872416,193.72438575510975,195.0949040740245,-1.3705183189147476,74.0,0.6396942138671875,0.03463104018428457,0.9727773326218915,0.008162614451283814,-0.043209876543209874,-13.724524698789823,16.053786824887467,0.8629600375306373,fdr_bh,False
abs_within_arch,architecture_id=Lin13|target=lt1|feature_set=NIRS,mae,abs,no_abs,18,261.4722590034228,248.8259245904402,12.646334412982583,224.27296554197807,218.21569768686322,6.057267855114844,75.0,0.6705245971679688,0.7180314759260435,0.48248983879886675,0.1692416419108969,0.1111111111111111,-22.86453674111846,47.00060854103861,0.8737138690370502,fdr_bh,False
abs_within_arch,architecture_id=Lin13|target=lt2|feature_set=EMG,mae,abs,no_abs,18,302.4222493552641,302.4222493552641,0.0,213.17358976782577,213.17358976782577,0.0,,,,,,0.0,0.0,0.0,,fdr_bh,False
abs_within_arch,architecture_id=Lin13|target=lt2|feature_set=EMG+NIRS,mae,abs,no_abs,18,265.26934548251114,238.51561065052067,26.75373483199047,248.33285928869287,205.78399692410886,42.54886236458401,54.0,0.18146514892578125,1.6367260781720694,0.12006456630065988,0.38578003627344454,0.11728395061728394,-1.9473669355108492,58.222209559120785,0.46935346789826127,fdr_bh,False
abs_within_arch,architecture_id=Lin13|target=lt2|feature_set=EMG+NIRS+HRV,mae,abs,no_abs,18,150.04183245019732,161.88118180120165,-11.83934935100433,122.15712296671717,147.94022987605192,-25.783106909334748,73.0,0.6094589233398438,-0.8112535473232334,0.42843279143615454,-0.1912142948579667,-0.2222222222222222,-40.8590419370831,14.694158136555744,0.8488010916150049,fdr_bh,False
abs_within_arch,architecture_id=Lin13|target=lt2|feature_set=HRV,mae,abs,no_abs,18,133.21499770703045,184.18178973075612,-50.966792023725674,112.73827076218225,154.71735553594058,-41.97908477375833,21.0,0.00336456298828125,-3.646621920962175,0.0019962929728361677,-0.8595170295786227,-0.345679012345679,-79.66333679527227,-23.963640476269713,0.08105109719669118,fdr_bh,False
abs_within_arch,architecture_id=Lin13|target=lt2|feature_set=NIRS,mae,abs,no_abs,18,255.6781027678738,226.38247719550765,29.295625572366163,233.2283930914965,212.70373218199413,20.524660909502387,46.0,0.0897674560546875,1.1383638903026774,0.27075754397292856,0.26831494209697404,0.07407407407407407,-12.299685443735411,85.31797947709636,0.308800048828125,fdr_bh,False
abs_within_arch,architecture_id=Lin14|target=lt1|feature_set=EMG,mae,abs,no_abs,18,294.4272790018771,294.4272790018771,0.0,254.58650704249754,254.58650704249754,0.0,,,,,,0.0,0.0,0.0,,fdr_bh,False
abs_within_arch,architecture_id=Lin14|target=lt1|feature_set=EMG+NIRS,mae,abs,no_abs,18,315.84402093418316,264.349923804888,51.49409712929514,262.6842417044501,203.72638639130912,58.95785531314095,28.0,0.010406494140625,2.416331561559459,0.027211629341230618,0.5695348109245909,0.2222222222222222,16.193400060768603,96.53839442725547,0.10847981770833333,fdr_bh,False
abs_within_arch,architecture_id=Lin14|target=lt1|feature_set=EMG+NIRS+HRV,mae,abs,no_abs,18,223.7785489002704,181.0055748481779,42.77297405209251,174.39560070713924,150.17135712534838,24.22424358179086,16.0,0.00128936767578125,3.273624952009645,0.004477840570933364,0.7716008008758356,0.18518518518518517,19.933354393873874,69.08137679300364,0.066400146484375,fdr_bh,False
abs_within_arch,architecture_id=Lin14|target=lt1|feature_set=HRV,mae,abs,no_abs,18,232.71723036373734,231.3590998156785,1.3581305480588526,198.53881001081146,198.81398627467797,-0.2751762638665127,78.0,0.7660293579101562,0.15882824465695117,0.8756757865263671,0.037436176280295407,-0.030864197530864196,-14.3153394993835,18.327887144875262,0.9181675927564241,fdr_bh,False
abs_within_arch,architecture_id=Lin14|target=lt1|feature_set=NIRS,mae,abs,no_abs,18,285.974802930819,245.76771707657028,40.20708585424873,227.0939708098549,217.32397743702433,9.769993372830584,70.0,0.522613525390625,1.334420146250008,0.19966593246325962,0.31452584478844176,0.12962962962962962,-14.25493508006722,102.07716954529306,0.8171775124289773,fdr_bh,False
abs_within_arch,architecture_id=Lin14|target=lt2|feature_set=EMG,mae,abs,no_abs,18,316.50021142229724,316.50021142229724,0.0,228.40305751519398,228.40305751519398,0.0,,,,,,0.0,0.0,0.0,,fdr_bh,False
abs_within_arch,architecture_id=Lin14|target=lt2|feature_set=EMG+NIRS,mae,abs,no_abs,18,287.71164112096204,251.0486608704059,36.66298025055613,254.11450688290364,190.27065282980587,63.84385405309777,47.0,0.0987396240234375,1.7688172577651402,0.09486162900496663,0.41691422588184135,0.11728395061728394,-3.1353392688162702,74.93601521002512,0.3234898158482143,fdr_bh,False
abs_within_arch,architecture_id=Lin14|target=lt2|feature_set=EMG+NIRS+HRV,mae,abs,no_abs,18,162.92731631187598,160.83143676508723,2.095879546788751,132.16462704947986,150.69647646616335,-18.531849416683485,83.0,0.932281494140625,0.1264019008700721,0.9008967582058557,0.029793213753365917,-0.14814814814814814,-28.647381227525493,33.42054339070968,0.9807487277809632,fdr_bh,False
abs_within_arch,architecture_id=Lin14|target=lt2|feature_set=HRV,mae,abs,no_abs,18,136.00096721425564,185.69250917834995,-49.69154196409431,120.26604998904867,152.4774638798521,-32.21141389080344,29.0,0.01203155517578125,-3.175014190343313,0.00553725265658069,-0.7483580214517576,-0.2839506172839506,-80.1411340964586,-20.95321785818068,0.11496819390190971,fdr_bh,False
abs_within_arch,architecture_id=Lin14|target=lt2|feature_set=NIRS,mae,abs,no_abs,18,290.6878146545985,250.5613999500942,40.12641470450433,248.3973252182372,238.45335855890093,9.943966659336269,38.0,0.03849029541015625,1.6538092708028875,0.11651145465799399,0.38980658339130037,0.11728395061728394,0.24840841585043333,92.275363332874,0.19285048447646103,fdr_bh,False
abs_within_arch,architecture_id=Lin15|target=lt1|feature_set=EMG,mae,abs,no_abs,18,233.60961461624973,233.60961461624973,0.0,215.58338136210236,215.58338136210236,0.0,,,,,,0.0,0.0,0.0,,fdr_bh,False
abs_within_arch,architecture_id=Lin15|target=lt1|feature_set=EMG+NIRS,mae,abs,no_abs,18,221.2862662754463,218.2737771580027,3.0124891174436073,190.31497206011215,184.9870771525043,5.327894907607856,80.0,0.83172607421875,0.3026551591780597,0.7658246181062004,0.07133650513863332,-0.006172839506172839,-15.319654554360362,22.84913216010399,0.9505440848214286,fdr_bh,False
abs_within_arch,architecture_id=Lin15|target=lt1|feature_set=EMG+NIRS+HRV,mae,abs,no_abs,18,191.73650606873565,189.0364402390436,2.7000658296920506,154.41114721333037,164.88869548341174,-10.477548270081371,85.0,1.0,0.3220818596814881,0.7513175528066721,0.0759154223593181,0.018518518518518517,-13.547014122950653,18.716914905452416,1.0,fdr_bh,False
abs_within_arch,architecture_id=Lin15|target=lt1|feature_set=HRV,mae,abs,no_abs,18,224.25876215555408,227.22725401133192,-2.9684918557778417,198.9468902698772,218.4698066470066,-19.522916377129405,53.0,0.16735076904296875,-0.5805834480231218,0.5691383654959888,-0.13684483104727233,-0.05555555555555555,-11.543246597432788,7.790881861857593,0.4532965712659941,fdr_bh,False
abs_within_arch,architecture_id=Lin15|target=lt1|feature_set=NIRS,mae,abs,no_abs,18,242.04045959805657,246.0226615084917,-3.9822019104351227,225.10906117796753,233.8701262358137,-8.761065057846167,83.0,0.932281494140625,-0.38849442196136413,0.7024725445007697,-0.09156901340734286,-0.012345679012345678,-24.921153408260903,14.379317833688617,0.9807487277809632,fdr_bh,False
abs_within_arch,architecture_id=Lin15|target=lt2|feature_set=EMG,mae,abs,no_abs,18,264.37110130789944,264.37110130789944,0.0,245.2023510216673,245.2023510216673,0.0,,,,,,0.0,0.0,0.0,,fdr_bh,False
abs_within_arch,architecture_id=Lin15|target=lt2|feature_set=EMG+NIRS,mae,abs,no_abs,18,240.0046136973826,231.27299231654706,8.731621380835549,209.64059714943232,199.75896126351893,9.881635885913397,50.0,0.12973785400390625,1.6805902410305673,0.1111226012067068,0.3961189186095495,0.04938271604938271,-0.7098983831773853,19.073850589634844,0.3814514681824252,fdr_bh,False
abs_within_arch,architecture_id=Lin15|target=lt2|feature_set=EMG+NIRS+HRV,mae,abs,no_abs,18,164.3841683196289,186.52558781963614,-22.14141950000723,139.95911170317848,163.52025616400402,-23.561144460825545,31.0,0.01593017578125,-2.7788920950022105,0.01286387166247714,-0.6549911481872516,-0.24691358024691357,-39.299565930188386,-6.886643795577517,0.1191300101902174,fdr_bh,False
abs_within_arch,architecture_id=Lin15|target=lt2|feature_set=HRV,mae,abs,no_abs,18,154.6307676797174,185.64925591176302,-31.018488232045627,133.24851685967633,165.89162213479213,-32.6431052751158,3.0,3.814697265625e-05,-6.167748824871813,1.0322766988845313e-05,-1.4537523395740732,-0.25308641975308643,-41.46297668285819,-21.570275379702956,0.01312255859375,fdr_bh,True
abs_within_arch,architecture_id=Lin15|target=lt2|feature_set=NIRS,mae,abs,no_abs,18,242.1496657439801,239.68357179905448,2.466093944925632,213.96753299899427,216.8187787904086,-2.8512457914143283,79.0,0.7987060546875,0.342259382280938,0.7363506724695024,0.08067131004519004,-0.043209876543209874,-11.435053249412972,17.432357865040895,0.9409413794948631,fdr_bh,False
abs_within_arch,architecture_id=Lin16|target=lt1|feature_set=EMG,mae,abs,no_abs,18,235.57322639277552,235.57322639277552,0.0,222.6203565940163,222.6203565940163,0.0,0.0,0.31731050786291415,0.9999999999999999,0.3313327620386791,0.23570226039551584,0.0030864197530864196,0.0,2.3684757858670005e-15,0.6098034341052652,fdr_bh,False
abs_within_arch,architecture_id=Lin16|target=lt1|feature_set=EMG+NIRS,mae,abs,no_abs,18,226.10656697483944,221.84453813693153,4.262028837907906,197.8890110962163,193.1745691018587,4.7144419943576,85.0,1.0,0.3750426778369941,0.7122666624988622,0.08839840691096673,0.018518518518518517,-16.495806674596793,26.76534300472224,1.0,fdr_bh,False
abs_within_arch,architecture_id=Lin16|target=lt1|feature_set=EMG+NIRS+HRV,mae,abs,no_abs,18,195.3419112778556,189.42590703960317,5.9160042382524125,167.92747083510736,162.4209905861971,5.506480248910265,77.0,0.7337265014648438,0.6258994187236409,0.5396941006833356,0.14752590777340158,0.04938271604938271,-12.21637403142525,23.760902357755352,0.9111982545267374,fdr_bh,False
abs_within_arch,architecture_id=Lin16|target=lt1|feature_set=HRV,mae,abs,no_abs,18,223.67825322656213,225.78163904236365,-2.1033858158015164,187.29030214003012,206.9053710994193,-19.61506895938919,59.0,0.2645263671875,-0.38221836982760854,0.7070355198701518,-0.09008973373305657,-0.043209876543209874,-11.44176269497577,9.011732501447424,0.5908900669642857,fdr_bh,False
abs_within_arch,architecture_id=Lin16|target=lt1|feature_set=NIRS,mae,abs,no_abs,18,243.50032819606864,246.79632636005732,-3.295998163988685,236.40248736596467,233.80405633250152,2.5984310334631573,81.0,0.8650436401367188,-0.2717186017349962,0.7891106449513328,-0.06404468862044754,0.043209876543209874,-27.128952962088494,19.006471056708836,0.9537660647661259,fdr_bh,False
abs_within_arch,architecture_id=Lin16|target=lt2|feature_set=EMG,mae,abs,no_abs,18,271.1163982881984,271.1163982881984,0.0,241.5608739327299,241.5608739327299,0.0,0.0,0.31731050786291415,0.9999999999999999,0.3313327620386791,0.23570226039551584,0.0030864197530864196,0.0,9.473903143468002e-15,0.6098034341052652,fdr_bh,False
abs_within_arch,architecture_id=Lin16|target=lt2|feature_set=EMG+NIRS,mae,abs,no_abs,18,242.68967266367346,233.75950393208768,8.93016873158578,213.18308256213194,208.43039646874846,4.752686093383488,60.0,0.28372955322265625,1.3427449404948018,0.1970097626867492,0.3164880176092672,0.05555555555555555,-3.339961816914019,22.579796081040097,0.6098034341052652,fdr_bh,False
abs_within_arch,architecture_id=Lin16|target=lt2|feature_set=EMG+NIRS+HRV,mae,abs,no_abs,18,159.9096633929863,184.38641337580893,-24.47674998282264,139.82855358509164,167.7380493413974,-27.909495756305773,32.0,0.0182342529296875,-2.649490892131814,0.016858460081487493,-0.6244909921728004,-0.24691358024691357,-43.77935800347972,-6.945337103182613,0.12545166015625,fdr_bh,False
abs_within_arch,architecture_id=Lin16|target=lt2|feature_set=HRV,mae,abs,no_abs,18,147.58833335593368,183.17786366821312,-35.589530312279436,121.79977099333985,165.1245471885972,-43.32477619525736,6.0,0.0001068115234375,-5.446822656537233,4.350577373730235e-05,-1.283828412119334,-0.29012345679012347,-49.23485757055019,-23.24146685797279,0.01837158203125,fdr_bh,True
abs_within_arch,architecture_id=Lin16|target=lt2|feature_set=NIRS,mae,abs,no_abs,18,240.49668952036993,237.31194804801694,3.1847414723529823,207.8969433930143,219.7957482383223,-11.898804845307978,77.0,0.7337265014648438,0.39087113665013873,0.7007476006500452,0.09212921043180226,-0.04938271604938271,-12.581369522863001,19.447472751389945,0.9111982545267374,fdr_bh,False
abs_within_arch,architecture_id=Lin17|target=lt1|feature_set=EMG,mae,abs,no_abs,18,247.65118348942465,247.65118348942465,0.0,226.97829345258293,226.97829345258293,0.0,2.5,0.7854947471183542,-0.32494624495722557,0.7491864798671856,-0.07659056444345307,-0.0030864197530864196,-1.105288700071267e-14,9.473903143468002e-15,0.938229836835812,fdr_bh,False
abs_within_arch,architecture_id=Lin17|target=lt1|feature_set=EMG+NIRS,mae,abs,no_abs,18,242.09752244627094,229.8216208581589,12.275901588112049,184.5485761712814,185.38950131888004,-0.8409251475986252,73.0,0.6094589233398438,0.9819714308728551,0.3398835423476753,0.231452885900551,0.06172839506172839,-10.528322618852503,37.81258610927973,0.8488010916150049,fdr_bh,False
abs_within_arch,architecture_id=Lin17|target=lt1|feature_set=EMG+NIRS+HRV,mae,abs,no_abs,18,206.82805715329934,186.065521546879,20.76253560642033,179.9798524758313,144.962554514035,35.01729796179632,48.0,0.1083831787109375,1.8001752322887243,0.0896034938647764,0.4243053713584751,0.11728395061728394,-0.6814832544835071,42.95372291618336,0.3389437588778409,fdr_bh,False
abs_within_arch,architecture_id=Lin17|target=lt1|feature_set=HRV,mae,abs,no_abs,18,227.93860739662944,228.50895870451035,-0.5703513078809124,187.7161892986399,192.68553443010256,-4.96934513146266,69.0,0.49507904052734375,-0.07860571384488745,0.9382640875804169,-0.018527544433243063,-0.06172839506172839,-13.316997377495348,13.65894661946641,0.7958279903804031,fdr_bh,False
abs_within_arch,architecture_id=Lin17|target=lt1|feature_set=NIRS,mae,abs,no_abs,18,252.8607844138652,251.0750527615387,1.78573165232649,229.73219651641313,216.58602693780358,13.146169578609545,78.0,0.7660293579101562,0.12452894067249833,0.9023571449803018,0.029351752801166944,0.05555555555555555,-24.951862921577593,30.31460026438294,0.9181675927564241,fdr_bh,False
abs_within_arch,architecture_id=Lin17|target=lt2|feature_set=EMG,mae,abs,no_abs,18,290.58184277530637,290.58184277530637,0.0,219.34711218415117,219.34711218415117,0.0,,,,,,0.0,0.0,0.0,,fdr_bh,False
abs_within_arch,architecture_id=Lin17|target=lt2|feature_set=EMG+NIRS,mae,abs,no_abs,18,253.0047159925349,237.3900778745114,15.614638118023493,233.78051866788016,221.0641207918578,12.71639787602237,52.0,0.15404510498046875,1.3146379213057835,0.20609213756011943,0.30986312965343543,0.04938271604938271,-6.036703044626811,38.57532818969311,0.4273509363974295,fdr_bh,False
abs_within_arch,architecture_id=Lin17|target=lt2|feature_set=EMG+NIRS+HRV,mae,abs,no_abs,18,147.31247296415702,168.54571618636152,-21.233243222204493,124.65603541385255,157.17702681389818,-32.52099140004563,62.0,0.32472991943359375,-1.5518580989689068,0.1391129800949592,-0.36577646174005946,-0.22839506172839505,-49.09976425607623,4.304307357917072,0.6104212693177937,fdr_bh,False
abs_within_arch,architecture_id=Lin17|target=lt2|feature_set=HRV,mae,abs,no_abs,18,132.55255091646458,182.80687866438524,-50.254327747920655,115.23458022238277,157.80025251543287,-42.5656722930501,15.0,0.00104522705078125,-3.8951939722812896,0.0011637660310454187,-0.9181060239456882,-0.35802469135802467,-76.3818302595237,-25.839968280799955,0.066400146484375,fdr_bh,False
abs_within_arch,architecture_id=Lin17|target=lt2|feature_set=NIRS,mae,abs,no_abs,18,247.0777509624712,228.4099876822815,18.667763280189718,225.75201119101916,212.81394290009328,12.938068290925884,56.0,0.2121429443359375,1.4971852453263275,0.1526815155551446,0.3528899465542302,0.04938271604938271,-3.2729722887863244,45.325832221756166,0.5032908472521551,fdr_bh,False
abs_within_arch,architecture_id=Lin18|target=lt1|feature_set=EMG,mae,abs,no_abs,18,198.65082719143408,198.65082719143408,0.0,143.37563879137798,143.37563879137798,0.0,0.0,0.10247043485974941,-1.7194539072421902,0.10368452799990815,-0.4052791725828858,-0.009259259259259259,-7.105427357601002e-15,0.0,0.3294376597360168,fdr_bh,False
abs_within_arch,architecture_id=Lin18|target=lt1|feature_set=EMG+NIRS,mae,abs,no_abs,18,221.35042740841016,208.90885830027182,12.441569108138339,167.35797238554508,186.6058072379239,-19.247834852378816,80.0,0.83172607421875,1.1332819432376708,0.2728261809875358,0.2671171156865417,0.006172839506172839,-5.731143707203721,35.19684662349454,0.9505440848214286,fdr_bh,False
abs_within_arch,architecture_id=Lin18|target=lt1|feature_set=EMG+NIRS+HRV,mae,abs,no_abs,18,208.98129278111026,187.36741448195517,21.61387829915509,148.06640527595457,115.1316307080738,32.934774567880766,70.0,0.522613525390625,1.6788444275996632,0.11146724971718008,0.39570742643765655,-0.018518518518518517,-1.4885819165607883,45.01861409759094,0.8171775124289773,fdr_bh,False
abs_within_arch,architecture_id=Lin18|target=lt1|feature_set=HRV,mae,abs,no_abs,18,223.26179917605225,220.72889311240618,2.5329060636460667,194.61111529564067,199.89132320960155,-5.280207913960879,71.0,0.550872802734375,0.33954611005895274,0.7383570888306341,0.08003178564939976,-0.05555555555555555,-10.781661773752177,17.65557228907145,0.8416266461464926,fdr_bh,False
abs_within_arch,architecture_id=Lin18|target=lt1|feature_set=NIRS,mae,abs,no_abs,18,230.82615891525438,217.08421672391614,13.74194219133824,200.45175349773587,161.74472980373125,38.70702369400462,75.0,0.6705245971679688,0.8009179712916261,0.4342308034411978,0.18877817622482715,0.09876543209876543,-20.297908133292484,47.62707766210843,0.8737138690370502,fdr_bh,False
abs_within_arch,architecture_id=Lin18|target=lt2|feature_set=EMG,mae,abs,no_abs,18,226.0012546640826,226.0012546640826,0.0,241.96401561302622,241.96401561302622,0.0,,,,,,0.0,0.0,0.0,,fdr_bh,False
abs_within_arch,architecture_id=Lin18|target=lt2|feature_set=EMG+NIRS,mae,abs,no_abs,18,204.71046598505728,204.1606881797936,0.5497778052636875,186.72793198436096,165.2546110396384,21.47332094472256,80.0,0.83172607421875,0.04281555234545352,0.9663474386137788,0.010091722467905923,-0.024691358024691357,-24.35742956729381,23.618387872054882,0.9505440848214286,fdr_bh,False
abs_within_arch,architecture_id=Lin18|target=lt2|feature_set=EMG+NIRS+HRV,mae,abs,no_abs,18,130.21147724811905,167.35790006289758,-37.14642281477853,119.13017406129686,152.44037254890964,-33.31019848761278,46.0,0.0897674560546875,-2.008019880019111,0.060803616243328786,-0.47329482463963685,-0.20987654320987653,-75.15780110442805,-3.480701066429043,0.308800048828125,fdr_bh,False
abs_within_arch,architecture_id=Lin18|target=lt2|feature_set=HRV,mae,abs,no_abs,18,148.78635228769426,175.3946987484427,-26.608346460748436,130.19121909318355,130.75158676606122,-0.5603676728776747,37.0,0.03423309326171875,-2.18875540445555,0.04286156686169072,-0.5158945962830747,-0.08024691358024691,-51.05761486824063,-5.119031425287388,0.18117206280048076,fdr_bh,False
abs_within_arch,architecture_id=Lin18|target=lt2|feature_set=NIRS,mae,abs,no_abs,18,247.50569120408616,212.80974126818455,34.69594993590161,191.32697385259422,162.1522227320654,29.17475112052881,48.0,0.1083831787109375,1.7593417116343992,0.09650264144176127,0.41468081824034375,0.10493827160493827,1.09336349532885,75.37116777358649,0.3389437588778409,fdr_bh,False
abs_within_arch,architecture_id=Lin19|target=lt1|feature_set=EMG,mae,abs,no_abs,18,202.53307129468132,202.53307129468132,0.0,145.43459234487463,145.43459234487463,0.0,0.0,0.31731050786291415,-0.9999999999999999,0.3313327620386791,-0.23570226039551584,-0.0030864197530864196,-2.3684757858670005e-15,0.0,0.6098034341052652,fdr_bh,False
abs_within_arch,architecture_id=Lin19|target=lt1|feature_set=EMG+NIRS,mae,abs,no_abs,18,216.21995200248324,208.8219926993108,7.397959303172428,155.64775429051076,178.84878160290825,-23.201027312397486,81.0,0.8650436401367188,0.6225321110402898,0.541853154682449,0.14673222574098857,0.012345679012345678,-12.368062694826028,31.756199583936528,0.9537660647661259,fdr_bh,False
abs_within_arch,architecture_id=Lin19|target=lt1|feature_set=EMG+NIRS+HRV,mae,abs,no_abs,18,209.74888152528885,182.7442141819666,27.00466734332224,151.0101210049408,117.67399025318925,33.336130751751554,62.0,0.32472991943359375,2.0322362298310273,0.058057452130823965,0.47900267302883415,0.043209876543209874,3.3093226256733654,50.82716013114391,0.6104212693177937,fdr_bh,False
abs_within_arch,architecture_id=Lin19|target=lt1|feature_set=HRV,mae,abs,no_abs,18,223.96016969049703,226.53172400267056,-2.5715543121735323,208.64670707798834,200.69185275149164,7.954854326496701,72.0,0.5798416137695312,-0.26359594846234036,0.795259819335991,-0.06213016088367353,-0.024691358024691357,-22.31251125385928,15.063058803754608,0.8416266461464926,fdr_bh,False
abs_within_arch,architecture_id=Lin19|target=lt1|feature_set=NIRS,mae,abs,no_abs,18,228.86614539566074,220.3603694153301,8.50577598033064,199.805977251616,151.60557453906586,48.20040271255016,61.0,0.30379486083984375,0.5426612477976166,0.5944066916361628,0.12790648273494937,0.14814814814814814,-24.159608776619795,39.415386689481274,0.6098034341052652,fdr_bh,False
abs_within_arch,architecture_id=Lin19|target=lt2|feature_set=EMG,mae,abs,no_abs,18,224.54803865729713,224.54803865729713,0.0,226.635489724739,226.635489724739,0.0,0.0,0.31731050786291415,0.9999999999999999,0.3313327620386791,0.23570226039551584,0.0030864197530864196,0.0,4.736951571734001e-15,0.6098034341052652,fdr_bh,False
abs_within_arch,architecture_id=Lin19|target=lt2|feature_set=EMG+NIRS,mae,abs,no_abs,18,214.64424983167453,199.44155013871077,15.202699692963762,186.2916436168856,159.37862181981296,26.913021797072645,51.0,0.14151763916015625,1.6112463904905,0.1255355748284734,0.3797744162927268,0.08641975308641975,-1.8020345905815816,34.92091370991553,0.40233113943052684,fdr_bh,False
abs_within_arch,architecture_id=Lin19|target=lt2|feature_set=EMG+NIRS+HRV,mae,abs,no_abs,18,129.51427034573166,169.05217403848744,-39.537903692755776,118.02054017858083,145.49628370662145,-27.475743528040624,42.0,0.0599365234375,-2.4352868731487813,0.02618487156953467,-0.5740026207126956,-0.2839506172839506,-73.02699805818035,-8.837307677882727,0.231664764747191,fdr_bh,False
abs_within_arch,architecture_id=Lin19|target=lt2|feature_set=HRV,mae,abs,no_abs,18,154.69799813447756,175.93578496175914,-21.23778682728158,145.05020855868946,128.07562512017455,16.974583438514912,59.0,0.2645263671875,-1.3229279884406444,0.20337945238560506,-0.31181711721595273,-0.043209876543209874,-53.315213803268996,6.300073345880121,0.5908900669642857,fdr_bh,False
abs_within_arch,architecture_id=Lin19|target=lt2|feature_set=NIRS,mae,abs,no_abs,18,246.47119732521483,205.7735384965664,40.69765882864843,228.8776012308365,176.97976007500577,51.89784115583072,39.0,0.0431671142578125,2.137317004336324,0.047397982865778406,0.5037704491038442,0.1728395061728395,5.875310638829344,78.47851252850786,0.19285048447646103,fdr_bh,False
abs_within_arch,architecture_id=Lin2|target=lt1|feature_set=EMG,mae,abs,no_abs,18,300.2497322787723,300.2497322787723,0.0,253.22852762381507,253.22852762381507,0.0,,,,,,0.0,0.0,0.0,,fdr_bh,False
abs_within_arch,architecture_id=Lin2|target=lt1|feature_set=EMG+NIRS,mae,abs,no_abs,18,355.68569780217405,314.45427717860207,41.23142062357198,284.9923257599581,263.81353429528076,21.178791464677317,27.0,0.00896453857421875,2.814870880220971,0.01192605709467629,0.6634714291895982,0.12962962962962962,13.243238665563945,69.16289934834138,0.10633797481142242,fdr_bh,False
abs_within_arch,architecture_id=Lin2|target=lt1|feature_set=EMG+NIRS+HRV,mae,abs,no_abs,18,233.39469233042706,189.5989168992445,43.79577543118256,186.11883280592474,144.6817740445672,41.43705876135755,25.0,0.0065765380859375,3.0962471426433207,0.006557052201860885,0.7297924502641878,0.16049382716049382,19.0230943227939,71.60131064092182,0.10283314098011363,fdr_bh,False
abs_within_arch,architecture_id=Lin2|target=lt1|feature_set=HRV,mae,abs,no_abs,18,233.29162015559405,231.4535125869396,1.8381075686544364,199.24364489490705,198.71937765086574,0.5242672440413116,78.0,0.7660293579101562,0.21111625710789228,0.8353065777687325,0.0497605790065711,-0.024691358024691357,-14.08196877789248,19.08399542188575,0.9181675927564241,fdr_bh,False
abs_within_arch,architecture_id=Lin2|target=lt1|feature_set=NIRS,mae,abs,no_abs,18,300.576721281452,275.19873761252336,25.377983668928664,233.423851759282,224.63782739903743,8.786024360244568,71.0,0.550872802734375,1.2230610781073505,0.23799114322800685,0.28827826071167906,0.1111111111111111,-13.43911964048736,64.25663834720062,0.8416266461464926,fdr_bh,False
abs_within_arch,architecture_id=Lin2|target=lt2|feature_set=EMG,mae,abs,no_abs,18,327.37193310684074,327.37193310684074,0.0,247.9873545861912,247.9873545861912,0.0,,,,,,0.0,0.0,0.0,,fdr_bh,False
abs_within_arch,architecture_id=Lin2|target=lt2|feature_set=EMG+NIRS,mae,abs,no_abs,18,311.8501410088864,261.63247572095634,50.21766528793006,245.4668888549248,211.63912072725114,33.827768127673664,39.0,0.0431671142578125,2.1775425973956857,0.043814989282621994,0.5132517123136858,0.1728395061728395,5.7260380324946345,94.543518750613,0.19285048447646103,fdr_bh,False
abs_within_arch,architecture_id=Lin2|target=lt2|feature_set=EMG+NIRS+HRV,mae,abs,no_abs,18,174.78199420327257,165.117978775023,9.66401542824957,125.2396426530866,148.70674773152922,-23.467105078442614,76.0,0.7018814086914062,0.5322425470512725,0.6014457336431214,0.12545077141865163,-0.05555555555555555,-23.57233400511443,45.04177556932493,0.8844219948345925,fdr_bh,False
abs_within_arch,architecture_id=Lin2|target=lt2|feature_set=HRV,mae,abs,no_abs,18,137.0227833565665,185.89822911098972,-48.875445754423225,119.9263961464744,151.99812702907644,-32.07173088260204,31.0,0.01593017578125,-3.032160982374402,0.007520468160557368,-0.7146871974287345,-0.2716049382716049,-79.914918274955,-19.459369834005958,0.1191300101902174,fdr_bh,False
abs_within_arch,architecture_id=Lin2|target=lt2|feature_set=NIRS,mae,abs,no_abs,18,324.25418250759986,272.48047044146193,51.77371206613793,258.8490170440659,240.26155402845546,18.58746301561041,28.0,0.010406494140625,2.2098788292414415,0.04111715718224473,0.520873435252404,0.1419753086419753,11.721812200273991,100.6731148431095,0.10847981770833333,fdr_bh,False
abs_within_arch,architecture_id=Lin20|target=lt1|feature_set=EMG,mae,abs,no_abs,18,200.995541837289,200.995541837289,0.0,145.40783973595205,145.40783973595205,0.0,,,,,,0.0,0.0,0.0,,fdr_bh,False
abs_within_arch,architecture_id=Lin20|target=lt1|feature_set=EMG+NIRS,mae,abs,no_abs,18,223.46379888753438,206.45931458940018,17.0044842981342,160.56597817582877,185.02122121941414,-24.45524304358537,57.0,0.22875213623046875,1.2954593685022195,0.21247749492684012,0.3053427014065207,-0.012345679012345678,-4.424026192078453,42.29237763907755,0.528125737337458,fdr_bh,False
abs_within_arch,architecture_id=Lin20|target=lt1|feature_set=EMG+NIRS+HRV,mae,abs,no_abs,18,215.10062532126173,191.77380032931345,23.326824991948286,146.3224379970967,121.1486008038459,25.173837193250804,74.0,0.6396942138671875,1.5019257203239849,0.15146304834934451,0.35400728722652663,-0.04938271604938271,-3.1081884554864905,52.93440511263201,0.8629600375306373,fdr_bh,False
abs_within_arch,architecture_id=Lin20|target=lt1|feature_set=HRV,mae,abs,no_abs,18,226.58645178455657,223.46755673819047,3.118895046366106,199.7090778661272,200.82702564603414,-1.117947779906956,80.0,0.83172607421875,0.3442409956948556,0.7348865414170604,0.08113838080608049,-0.018518518518518517,-14.783061127975774,20.161459881805488,0.9505440848214286,fdr_bh,False
abs_within_arch,architecture_id=Lin20|target=lt1|feature_set=NIRS,mae,abs,no_abs,18,237.5900647072059,224.24507098459753,13.344993722608365,208.24088630359387,174.47186293327707,33.7690233703168,66.0,0.4171142578125,0.6915995733427449,0.49852599693195265,0.1630115827254593,0.10493827160493827,-25.765125101434922,50.84721837345695,0.7103331915222771,fdr_bh,False
abs_within_arch,architecture_id=Lin20|target=lt2|feature_set=EMG,mae,abs,no_abs,18,230.9303653888434,230.9303653888434,0.0,251.83610265601516,251.83610265601516,0.0,0.0,0.31731050786291415,-0.9999999999999999,0.3313327620386791,-0.23570226039551584,-0.0030864197530864196,-4.736951571734001e-15,0.0,0.6098034341052652,fdr_bh,False
abs_within_arch,architecture_id=Lin20|target=lt2|feature_set=EMG+NIRS,mae,abs,no_abs,18,215.521123104153,205.88939964217664,9.63172346197635,194.41377609671605,168.40942441971882,26.00435167699723,73.0,0.6094589233398438,0.6643840127157808,0.5153559598724579,0.15659681356775268,0.04938271604938271,-16.895818594461428,37.51876812471907,0.8488010916150049,fdr_bh,False
abs_within_arch,architecture_id=Lin20|target=lt2|feature_set=EMG+NIRS+HRV,mae,abs,no_abs,18,133.87244998449967,168.82037046571315,-34.94792048121349,118.85071646580793,144.45270336386415,-25.60198689805621,52.0,0.15404510498046875,-1.8312967758441154,0.0846395536712393,-0.43164078952147833,-0.15432098765432098,-73.36276220746217,0.30351085468009614,0.4273509363974295,fdr_bh,False
abs_within_arch,architecture_id=Lin20|target=lt2|feature_set=HRV,mae,abs,no_abs,18,156.94495988702405,176.4924672908412,-19.54750740381715,140.51798515156634,129.16873991942487,11.34924523214147,55.0,0.19638824462890625,-1.3249379427308783,0.20272603784191845,-0.3122908679854525,-0.018518518518518517,-49.09662719117782,5.468472097673373,0.4931208478273267,fdr_bh,False
abs_within_arch,architecture_id=Lin20|target=lt2|feature_set=NIRS,mae,abs,no_abs,18,262.6344141118789,219.35485633920587,43.27955777267306,220.9181636336753,180.84007575500553,40.07808787866978,44.0,0.0736846923828125,1.9490969387166672,0.06798100629514782,0.4594065541854986,0.13580246913580246,3.2581443071387404,89.28821108102875,0.2668161492598684,fdr_bh,False
abs_within_arch,architecture_id=Lin21|target=lt1|feature_set=EMG,mae,abs,no_abs,18,208.50553135918665,208.50553135918665,0.0,147.43405094443352,147.43405094443352,0.0,0.0,0.31731050786291415,1.0,0.3313327620386791,0.23570226039551584,0.0030864197530864196,0.0,9.473903143468002e-15,0.6098034341052652,fdr_bh,False
abs_within_arch,architecture_id=Lin21|target=lt1|feature_set=EMG+NIRS,mae,abs,no_abs,18,218.51521454779768,208.00414517735595,10.511069370441732,151.42127303543452,169.7979935854986,-18.37672055006408,84.0,0.9661178588867188,0.8008996031651586,0.43424115135050256,0.1887738468158995,0.006172839506172839,-11.291061832740587,36.954166397002076,0.9861855888932678,fdr_bh,False
abs_within_arch,architecture_id=Lin21|target=lt1|feature_set=EMG+NIRS+HRV,mae,abs,no_abs,18,217.35499391705213,184.52342517202862,32.8315687450235,151.3722068629438,123.35901192627875,28.01319493666506,64.0,0.3692169189453125,1.9131251818626953,0.07272747728063562,0.45092792978461965,0.07407407407407407,3.054743835943793,65.23201269637597,0.6755884048786569,fdr_bh,False
abs_within_arch,architecture_id=Lin21|target=lt1|feature_set=HRV,mae,abs,no_abs,18,230.56049964014994,230.81186502604547,-0.25136538589552515,217.7123131615276,202.75858440762886,14.95372875389873,81.0,0.8650436401367188,-0.022016455503612364,0.9826911864363052,-0.00518932832809873,-0.030864197530864196,-23.33275336024653,20.140480034593857,0.9537660647661259,fdr_bh,False
abs_within_arch,architecture_id=Lin21|target=lt1|feature_set=NIRS,mae,abs,no_abs,18,235.96823767707804,230.10738242713362,5.8608552499444215,207.37120190285077,173.61488045643847,33.7563214464123,67.0,0.44229888916015625,0.3763666705889913,0.7113003392973772,0.08871047499535976,0.12345679012345678,-25.136252905795978,36.64927287778558,0.7350281056574578,fdr_bh,False
abs_within_arch,architecture_id=Lin21|target=lt2|feature_set=EMG,mae,abs,no_abs,18,228.79302490059803,228.79302490059803,0.0,229.15344029748093,229.15344029748093,0.0,,,,,,0.0,0.0,0.0,,fdr_bh,False
abs_within_arch,architecture_id=Lin21|target=lt2|feature_set=EMG+NIRS,mae,abs,no_abs,18,223.11114162060787,198.06061467331153,25.050526947296333,213.37601747784623,161.08772657373606,52.28829090411017,44.0,0.0736846923828125,2.056326537388692,0.05543745397377498,0.48468081297379895,0.1419753086419753,3.6837006134748895,50.51488396628974,0.2668161492598684,fdr_bh,False
abs_within_arch,architecture_id=Lin21|target=lt2|feature_set=EMG+NIRS+HRV,mae,abs,no_abs,18,131.92942919501695,170.56320887429425,-38.633779679277296,116.95074917604661,141.2175501817894,-24.266801005742778,40.0,0.04827880859375,-2.4595039565875143,0.024926100096188546,-0.5797106420193919,-0.30246913580246915,-70.78512251138923,-9.347287901429398,0.19771321614583334,fdr_bh,False
abs_within_arch,architecture_id=Lin21|target=lt2|feature_set=HRV,mae,abs,no_abs,18,162.862511393368,181.10003076277027,-18.237519369402264,151.26659625622045,127.75980821550813,23.506788040712323,61.0,0.30379486083984375,-1.0167894987370343,0.3235070512048901,-0.23965958319874242,-0.006172839506172839,-52.87102998864713,13.371315417122865,0.6098034341052652,fdr_bh,False
abs_within_arch,architecture_id=Lin21|target=lt2|feature_set=NIRS,mae,abs,no_abs,18,253.96774187576116,216.7955308294459,37.172211046315255,226.55236989942392,201.78104626193516,24.771323637488763,40.0,0.04827880859375,1.989710289554044,0.06295719972354485,0.4689792127801044,0.16666666666666666,0.20132253568939876,73.10525707710384,0.19771321614583334,fdr_bh,False
abs_within_arch,architecture_id=Lin22|target=lt1|feature_set=EMG,mae,abs,no_abs,18,208.63513827676215,208.63513827676215,0.0,151.48070884090743,151.48070884090743,0.0,0.0,0.17971249487899976,1.3743685418725535,0.18717600132108253,0.32394177193585005,0.006172839506172839,0.0,6.315935428978668e-15,0.46935346789826127,fdr_bh,False
abs_within_arch,architecture_id=Lin22|target=lt1|feature_set=EMG+NIRS,mae,abs,no_abs,18,223.89886705307447,207.3069459068585,16.59192114621598,160.891465449993,174.94735869853318,-14.055893248540173,76.0,0.7018814086914062,1.1181764944079928,0.2790444644374491,0.2635567272530978,-0.018518518518518517,-7.541938791900232,47.1650490223086,0.8844219948345925,fdr_bh,False
abs_within_arch,architecture_id=Lin22|target=lt1|feature_set=EMG+NIRS+HRV,mae,abs,no_abs,18,221.16219802001262,193.6658588653178,27.496339154694823,145.98359199169468,134.3174389043092,11.666153087385482,75.0,0.6705245971679688,1.440128532717039,0.16799363981012533,0.3394415504214837,0.006172839506172839,-3.1974719744755746,64.91154433016199,0.8737138690370502,fdr_bh,False
abs_within_arch,architecture_id=Lin22|target=lt1|feature_set=HRV,mae,abs,no_abs,18,233.69320096853284,227.88775790250767,5.805443066025163,207.84553467052655,198.48225768165094,9.363276988875612,84.0,0.9661178588867188,0.5732219979271039,0.5739995015193279,0.13510972061985208,-0.012345679012345678,-13.493477496268579,24.696057181028415,0.9861855888932678,fdr_bh,False
abs_within_arch,architecture_id=Lin22|target=lt1|feature_set=NIRS,mae,abs,no_abs,18,241.76906242072351,230.86929218094468,10.899770239778832,215.67266586615096,179.47007289587856,36.202592970272406,66.0,0.4171142578125,0.5872716599421419,0.5647404583170885,0.13842125771458955,0.12962962962962962,-27.313063334215503,47.16750140926548,0.7103331915222771,fdr_bh,False
abs_within_arch,architecture_id=Lin22|target=lt2|feature_set=EMG,mae,abs,no_abs,18,234.64468556076125,234.64468556076125,0.0,236.95096376916015,236.95096376916015,0.0,,,,,,0.0,0.0,0.0,,fdr_bh,False
abs_within_arch,architecture_id=Lin22|target=lt2|feature_set=EMG+NIRS,mae,abs,no_abs,18,223.43770847182293,204.60004126717527,18.83766720464766,212.8469121237939,184.53570652644186,28.311205597352057,60.0,0.28372955322265625,1.357009965640109,0.19252389839339126,0.31985031628061494,0.08024691358024691,-6.610471916403575,46.171699420609606,0.6098034341052652,fdr_bh,False
abs_within_arch,architecture_id=Lin22|target=lt2|feature_set=EMG+NIRS+HRV,mae,abs,no_abs,18,134.0957168799395,167.75633289528975,-33.66061601535026,120.27395643009129,144.68549218873954,-24.411535758648256,55.0,0.19638824462890625,-1.8379809418644228,0.0836055697136011,-0.43321626256132373,-0.19753086419753085,-70.65804069657544,0.2062027055482713,0.4931208478273267,fdr_bh,False
abs_within_arch,architecture_id=Lin22|target=lt2|feature_set=HRV,mae,abs,no_abs,18,164.7543940689931,181.30400242773288,-16.54960835873979,142.66601655124327,133.46529928710987,9.200717264133402,57.0,0.22875213623046875,-0.9735273813705926,0.3439410855245076,-0.22946260434597612,-0.018518518518518517,-48.812419276326054,13.095286281784585,0.528125737337458,fdr_bh,False
abs_within_arch,architecture_id=Lin22|target=lt2|feature_set=NIRS,mae,abs,no_abs,18,276.96839393524283,235.43398256922197,41.53441136602086,250.9429658399027,201.1823557061681,49.760610133734616,47.0,0.0987396240234375,1.7318860388434063,0.10139791744155395,0.40820945410282694,0.16049382716049382,-0.12027361793924819,92.36379967847837,0.3234898158482143,fdr_bh,False
abs_within_arch,architecture_id=Lin23|target=lt1|feature_set=EMG,mae,abs,no_abs,18,215.46849260020812,215.46849260020812,0.0,158.43445869359664,158.43445869359664,0.0,,,,,,0.0,0.0,0.0,,fdr_bh,False
abs_within_arch,architecture_id=Lin23|target=lt1|feature_set=EMG+NIRS,mae,abs,no_abs,18,219.9085517622305,209.2285546417608,10.679997120469693,150.59348210541793,163.92221109905006,-13.328728993632126,81.0,0.8650436401367188,0.7158273243831563,0.48381531939286204,0.1687221184099841,0.018518518518518517,-14.684167593968084,40.95625058740862,0.9537660647661259,fdr_bh,False
abs_within_arch,architecture_id=Lin23|target=lt1|feature_set=EMG+NIRS+HRV,mae,abs,no_abs,18,217.20829408908284,185.54532555136387,31.662968537718967,154.74288974527963,129.50781390666708,25.235075838612545,71.0,0.550872802734375,1.7517711210162863,0.09783147496942829,0.41289641291912543,0.06790123456790123,-0.32833470316251445,65.85755656016535,0.8416266461464926,fdr_bh,False
abs_within_arch,architecture_id=Lin23|target=lt1|feature_set=HRV,mae,abs,no_abs,18,240.19637642127702,236.88515954570843,3.31121687556859,228.53602215867664,207.4991201354474,21.03690202322923,84.0,0.9661178588867188,0.23185891241713855,0.8194155958096276,0.054649669749565484,0.0,-24.400484612444405,29.569285979914888,0.9861855888932678,fdr_bh,False
abs_within_arch,architecture_id=Lin23|target=lt1|feature_set=NIRS,mae,abs,no_abs,18,240.0583735683288,236.4748459631676,3.58352760516118,224.35061993943074,179.47585856245138,44.874761376979365,82.0,0.8985748291015625,0.2246238529299336,0.8249495940156661,0.05294434987433526,0.07407407407407407,-29.265289367175015,34.529460861566264,0.9629586953611761,fdr_bh,False
abs_within_arch,architecture_id=Lin23|target=lt2|feature_set=EMG,mae,abs,no_abs,18,230.19332124021807,230.19332124021807,0.0,227.80712011429222,227.80712011429222,0.0,,,,,,0.0,0.0,0.0,,fdr_bh,False
abs_within_arch,architecture_id=Lin23|target=lt2|feature_set=EMG+NIRS,mae,abs,no_abs,18,228.25787682445267,194.75653938963717,33.5013374348155,214.45631758409513,169.4437194771055,45.01259810698963,38.0,0.03849029541015625,2.291372696555374,0.03498401865439875,0.5400817239866701,0.16049382716049382,8.179884915032906,64.34138819399455,0.19285048447646103,fdr_bh,False
abs_within_arch,architecture_id=Lin23|target=lt2|feature_set=EMG+NIRS+HRV,mae,abs,no_abs,18,133.36627565544558,170.18062612910126,-36.81435047365568,115.03112102465796,140.22169826375972,-25.190577239101756,41.0,0.05385589599609375,-2.414284076861902,0.027324772839172725,-0.5690522141532517,-0.2962962962962963,-67.56754755781402,-8.549839228289116,0.2129474508351293,fdr_bh,False
abs_within_arch,architecture_id=Lin23|target=lt2|feature_set=HRV,mae,abs,no_abs,18,170.4614499347956,185.21277870615395,-14.751328771358345,154.8729969107808,132.8554379162463,22.01755899453451,63.0,0.34654998779296875,-0.7480871360504519,0.4646317241986968,-0.1763258289398993,0.006172839506172839,-51.327637945967304,20.437567070505153,0.6409311602192541,fdr_bh,False
abs_within_arch,architecture_id=Lin23|target=lt2|feature_set=NIRS,mae,abs,no_abs,18,253.11785473136732,223.992700394862,29.125154336505318,234.64722311320656,205.05663916967944,29.590583943527122,44.0,0.0736846923828125,1.665010936143306,0.11423080254011972,0.39244684123223106,0.1419753086419753,-3.7018476545178047,64.30491034006582,0.2668161492598684,fdr_bh,False
abs_within_arch,architecture_id=Lin24|target=lt1|feature_set=EMG,mae,abs,no_abs,18,214.83216031143476,214.83216031143476,0.0,163.73918948999787,163.73918948999787,0.0,,,,,,0.0,0.0,0.0,,fdr_bh,False
abs_within_arch,architecture_id=Lin24|target=lt1|feature_set=EMG+NIRS,mae,abs,no_abs,18,227.41510619956338,228.10035469754322,-0.6852484979798419,187.37538773239223,182.51367095287227,4.861716779519952,73.0,0.6094589233398438,-0.42585716558232145,0.6755547120569145,-0.10037549653338065,0.006172839506172839,-3.8228471338362526,2.479618761162173,0.8488010916150049,fdr_bh,False
abs_within_arch,architecture_id=Lin24|target=lt1|feature_set=EMG+NIRS+HRV,mae,abs,no_abs,18,216.01109106692937,217.0954246920657,-1.0843336251363382,178.40906966502945,172.9689452772555,5.440124387773949,65.0,0.39273834228515625,-0.5806569137171139,0.5690899605908395,-0.13686214707740776,-0.018518518518518517,-4.545043012422401,2.6089592257477108,0.7036561965942383,fdr_bh,False
abs_within_arch,architecture_id=Lin24|target=lt1|feature_set=HRV,mae,abs,no_abs,18,227.62606254346014,229.54888287573644,-1.9228203322763022,222.16689542790806,226.64841684881029,-4.481521420902226,71.0,0.550872802734375,-0.5922396090919864,0.5614853015763893,-0.13959221455873788,-0.037037037037037035,-7.930193811881621,4.326829350841898,0.8416266461464926,fdr_bh,False
abs_within_arch,architecture_id=Lin24|target=lt1|feature_set=NIRS,mae,abs,no_abs,18,264.5831280937152,258.6867277597421,5.896400333973077,258.3361028687522,241.35101738822442,16.9850854805278,41.0,0.05385589599609375,2.076195679428353,0.05335779989372982,0.48936401466466656,0.1111111111111111,0.9445928876577111,11.764769930944386,0.2129474508351293,fdr_bh,False
abs_within_arch,architecture_id=Lin24|target=lt2|feature_set=EMG,mae,abs,no_abs,18,226.54484391008725,226.54484391008725,0.0,204.77199700030178,204.77199700030178,0.0,,,,,,0.0,0.0,0.0,,fdr_bh,False
abs_within_arch,architecture_id=Lin24|target=lt2|feature_set=EMG+NIRS,mae,abs,no_abs,18,241.92216992003907,239.6192372522835,2.302932667755556,228.97815726920152,225.4198975477168,3.558259721484717,22.0,0.00400543212890625,3.5602657456472233,0.0024078213057588042,0.8391626838577773,0.07407407407407407,1.0807758527165343,3.5240865932722776,0.08105109719669118,fdr_bh,False
abs_within_arch,architecture_id=Lin24|target=lt2|feature_set=EMG+NIRS+HRV,mae,abs,no_abs,18,220.10310396677298,223.40021248318521,-3.297108516412237,198.75833667138804,203.27669889219345,-4.518362220805415,39.0,0.0431671142578125,-1.9329527323021298,0.0700758529717668,-0.4556013282413004,-0.043209876543209874,-6.5325063280547555,-0.08070960192454849,0.19285048447646103,fdr_bh,False
abs_within_arch,architecture_id=Lin24|target=lt2|feature_set=HRV,mae,abs,no_abs,18,180.66628193266035,192.29046857193853,-11.624186639278179,166.22957943137368,180.45070940159962,-14.221129970225945,22.0,0.00400543212890625,-3.532084463657883,0.002559614968009765,-0.8325202919920464,-0.07407407407407407,-18.129170488987377,-5.65940282966579,0.08105109719669118,fdr_bh,False
abs_within_arch,architecture_id=Lin24|target=lt2|feature_set=NIRS,mae,abs,no_abs,18,265.9909242698337,261.3968541163613,4.594070153472444,263.71240770054715,261.30929461229647,2.4031130882506773,27.0,0.00896453857421875,2.75601542670506,0.013496689404790685,0.6495990657592947,0.043209876543209874,1.4783682906990554,8.129063536189083,0.10633797481142242,fdr_bh,False
abs_within_arch,architecture_id=Lin25|target=lt1|feature_set=EMG,mae,abs,no_abs,18,214.81766186580663,214.81766186580663,0.0,163.74227724299698,163.74227724299698,0.0,,,,,,0.0,0.0,0.0,,fdr_bh,False
abs_within_arch,architecture_id=Lin25|target=lt1|feature_set=EMG+NIRS,mae,abs,no_abs,18,227.3869497482716,228.05240707004745,-0.6654573217758468,187.32660281634455,182.4099577274959,4.9166450888486395,73.0,0.6094589233398438,-0.41475978343597153,0.6835047230880645,-0.09775981847701312,0.0,-3.8191975773046845,2.5251872352708777,0.8488010916150049,fdr_bh,False
abs_within_arch,architecture_id=Lin25|target=lt1|feature_set=EMG+NIRS+HRV,mae,abs,no_abs,18,216.042399020762,217.10398610445404,-1.0615870836920465,178.33502371233038,172.99532590975906,5.339697802571322,65.0,0.39273834228515625,-0.5684508601560677,0.5771615398018476,-0.13398515266256042,-0.018518518518518517,-4.526530931898839,2.670491591214357,0.7036561965942383,fdr_bh,False
abs_within_arch,architecture_id=Lin25|target=lt1|feature_set=HRV,mae,abs,no_abs,18,227.62863980284726,229.48110302240022,-1.8524632195529591,222.2409613052548,226.37925005940218,-4.138288754147368,72.0,0.5798416137695312,-0.5707381934540579,0.5756445091703843,-0.13452428229117463,-0.037037037037037035,-7.8597234636784785,4.4347763121186805,0.8416266461464926,fdr_bh,False
abs_within_arch,architecture_id=Lin25|target=lt1|feature_set=NIRS,mae,abs,no_abs,18,264.53540074096236,258.68121376978314,5.854186971179217,258.2882700552097,241.37315662313034,16.91511343207935,40.0,0.04827880859375,2.0600928087742165,0.05503768106708621,0.48556853165263,0.1111111111111111,0.8508366216363638,11.726480959977062,0.19771321614583334,fdr_bh,False
abs_within_arch,architecture_id=Lin25|target=lt2|feature_set=EMG,mae,abs,no_abs,18,226.54919553435195,226.54919553435195,0.0,204.7475240094138,204.7475240094138,0.0,,,,,,0.0,0.0,0.0,,fdr_bh,False
abs_within_arch,architecture_id=Lin25|target=lt2|feature_set=EMG+NIRS,mae,abs,no_abs,18,241.90229447043262,239.64935108490494,2.2529433855276864,228.80600130804953,225.31257099780572,3.4934303102438093,23.0,0.0047454833984375,3.3962237237010706,0.0034357426738064905,0.8004976084852182,0.07407407407407407,0.991340831063192,3.4998438644331658,0.09069146050347222,fdr_bh,False
abs_within_arch,architecture_id=Lin25|target=lt2|feature_set=EMG+NIRS+HRV,mae,abs,no_abs,18,220.1309217653203,223.46031941259275,-3.329397647272458,198.74528542394,203.31576114890714,-4.570475724967139,38.0,0.03849029541015625,-1.948136187957198,0.06810408470281128,-0.45918010305981505,-0.043209876543209874,-6.596667174471833,-0.12363045555916481,0.19285048447646103,fdr_bh,False
abs_within_arch,architecture_id=Lin25|target=lt2|feature_set=HRV,mae,abs,no_abs,18,180.64968681014045,192.24701274698123,-11.597325936840775,166.1362493820135,180.5745816416017,-14.438332259588208,22.0,0.00400543212890625,-3.5288781593583565,0.0025774772935634985,-0.831764558821132,-0.07407407407407407,-17.997584284796798,-5.634488140885647,0.08105109719669118,fdr_bh,False
abs_within_arch,architecture_id=Lin25|target=lt2|feature_set=NIRS,mae,abs,no_abs,18,266.02964269237225,261.41504901648767,4.614593675884578,263.75096580073364,261.32138853994536,2.429577260788278,27.0,0.00896453857421875,2.799113865032471,0.012328366288235188,0.6597574650925823,0.043209876543209874,1.54170150647132,8.096547594554721,0.10633797481142242,fdr_bh,False
abs_within_arch,architecture_id=Lin26|target=lt1|feature_set=EMG,mae,abs,no_abs,18,198.06039245856007,198.0603924585601,-2.842170943040401e-14,164.61113872831933,164.61113872831933,0.0,0.0,0.31731050786291415,-0.9999999999999999,0.3313327620386791,-0.23570226039551584,-0.0030864197530864196,-9.473903143468002e-15,0.0,0.6098034341052652,fdr_bh,False
abs_within_arch,architecture_id=Lin26|target=lt1|feature_set=EMG+NIRS,mae,abs,no_abs,18,188.34259700219448,191.93021629046086,-3.5876192882663815,140.17231587290405,143.70570795010084,-3.533392077196794,72.0,0.5798416137695312,-0.8689583392656502,0.39697257820162574,-0.20481544475444727,-0.018518518518518517,-11.196193958220501,3.9774082451015405,0.8416266461464926,fdr_bh,False
abs_within_arch,architecture_id=Lin26|target=lt1|feature_set=EMG+NIRS+HRV,mae,abs,no_abs,18,169.6326444100974,170.5934693616838,-0.9608249515863747,147.63789974161887,144.57438874895587,3.063510992662998,74.0,0.6396942138671875,-0.2286531638379617,0.8218664382627561,-0.05389406756319379,0.012345679012345678,-9.473920315083635,7.346193070509352,0.8629600375306373,fdr_bh,False
abs_within_arch,architecture_id=Lin26|target=lt1|feature_set=HRV,mae,abs,no_abs,18,216.50151441889034,221.44947038845643,-4.947955969566095,210.62113321385806,205.62241195192985,4.99872126192821,72.0,0.5798416137695312,-0.7244697971917893,0.47863045845895164,-0.17075916878638567,-0.006172839506172839,-18.960434760798417,7.456065130172766,0.8416266461464926,fdr_bh,False
abs_within_arch,architecture_id=Lin26|target=lt1|feature_set=NIRS,mae,abs,no_abs,18,230.9024131947406,221.13439010905847,9.768023085682131,210.3148171467511,197.80730616838554,12.50751097836556,70.0,0.522613525390625,0.9738519934708205,0.3437844818669769,0.22953911615175152,0.08641975308641975,-7.347912072915121,31.130411454057704,0.8171775124289773,fdr_bh,False
abs_within_arch,architecture_id=Lin26|target=lt2|feature_set=EMG,mae,abs,no_abs,18,206.8468183202102,206.8468183202102,0.0,164.13757209365622,164.13757209365622,0.0,0.0,0.31731050786291415,-0.9999999999999999,0.3313327620386791,-0.23570226039551584,-0.0030864197530864196,-2.3684757858670005e-15,0.0,0.6098034341052652,fdr_bh,False
abs_within_arch,architecture_id=Lin26|target=lt2|feature_set=EMG+NIRS,mae,abs,no_abs,18,212.8346242576375,208.5767039411329,4.257920316504595,172.92239607502233,169.57945284285427,3.342943232168068,56.0,0.2121429443359375,1.6787015461072483,0.11149549721118569,0.39567374894692564,0.037037037037037035,-0.4274272542819311,9.382957288205326,0.5032908472521551,fdr_bh,False
abs_within_arch,architecture_id=Lin26|target=lt2|feature_set=EMG+NIRS+HRV,mae,abs,no_abs,18,166.75214201450956,184.19512922045888,-17.442987205949322,145.45896533730084,165.28378168523858,-19.82481634793774,30.0,0.0138702392578125,-2.6654988292968866,0.01630648586723628,-0.6282640991468774,-0.09876543209876543,-32.04375172759818,-5.922335719127898,0.1163746903582317,fdr_bh,False
abs_within_arch,architecture_id=Lin26|target=lt2|feature_set=HRV,mae,abs,no_abs,18,162.91484316569654,164.37930296921633,-1.4644598035197873,142.3954295759557,126.38906774654141,16.006361829414274,81.0,0.8650436401367188,-0.13946762741569976,0.8907196019062592,-0.03287283503388005,0.07407407407407407,-22.13492553753076,16.402673054586963,0.9537660647661259,fdr_bh,False
abs_within_arch,architecture_id=Lin26|target=lt2|feature_set=NIRS,mae,abs,no_abs,18,226.98794518684957,212.86174767012403,14.12619751672554,212.3464344067474,208.58829476399762,3.758139642749768,57.0,0.22875213623046875,1.7511463502658617,0.09794184664051546,0.41274915304102133,0.018518518518518517,-0.6768880195562557,31.085653642145974,0.528125737337458,fdr_bh,False
abs_within_arch,architecture_id=Lin27|target=lt1|feature_set=EMG,mae,abs,no_abs,18,198.07876674935812,198.07876674935812,0.0,164.76695599838013,164.76695599838013,0.0,,,,,,0.0,0.0,0.0,,fdr_bh,False
abs_within_arch,architecture_id=Lin27|target=lt1|feature_set=EMG+NIRS,mae,abs,no_abs,18,188.36816103834457,191.9391434240626,-3.5709823857180254,140.20843442987405,144.0317074604033,-3.823273030529265,72.0,0.5798416137695312,-0.8636842919336405,0.39978346389800534,-0.20357233987685966,-0.018518518518518517,-11.210785983149206,3.9974393271784168,0.8416266461464926,fdr_bh,False
abs_within_arch,architecture_id=Lin27|target=lt1|feature_set=EMG+NIRS+HRV,mae,abs,no_abs,18,169.64240553913885,170.55914700384255,-0.9167414647037049,147.53654862427436,144.50772653223507,3.0288220920392916,74.0,0.6396942138671875,-0.21847420767223477,0.8296608561962232,-0.05149486458646508,0.018518518518518517,-9.415831569167734,7.425352925554543,0.8629600375306373,fdr_bh,False
abs_within_arch,architecture_id=Lin27|target=lt1|feature_set=HRV,mae,abs,no_abs,18,216.52133878017423,221.4255044954491,-4.904165715274871,210.5043881847995,205.84753162259878,4.656856562200716,72.0,0.5798416137695312,-0.7252057056430635,0.47819049971301586,-0.17093262407179516,0.0,-18.762119838133312,7.401243993294246,0.8416266461464926,fdr_bh,False
abs_within_arch,architecture_id=Lin27|target=lt1|feature_set=NIRS,mae,abs,no_abs,18,230.97073918111522,221.0824218363911,9.888317344724129,210.22630173162142,197.8012617553419,12.425039976279521,69.0,0.49507904052734375,0.9849081656905806,0.3384802488724667,0.23214508093527111,0.08641975308641975,-7.368824585747946,31.2454303005353,0.7958279903804031,fdr_bh,False
abs_within_arch,architecture_id=Lin27|target=lt2|feature_set=EMG,mae,abs,no_abs,18,206.8966784192432,206.8966784192432,0.0,164.16787376396377,164.16787376396377,0.0,,,,,,0.0,0.0,0.0,,fdr_bh,False
abs_within_arch,architecture_id=Lin27|target=lt2|feature_set=EMG+NIRS,mae,abs,no_abs,18,212.8502742290961,208.53603508265422,4.314239146441878,172.8270404318373,169.68491872879292,3.1421217030443813,54.0,0.18146514892578125,1.6933821429062696,0.10862515655463276,0.3991339987964102,0.037037037037037035,-0.3714124386532709,9.499621230482925,0.46935346789826127,fdr_bh,False
abs_within_arch,architecture_id=Lin27|target=lt2|feature_set=EMG+NIRS+HRV,mae,abs,no_abs,18,166.72554590903917,184.19255732795756,-17.46701141891839,145.54990915079495,165.2933671524529,-19.743458001657956,30.0,0.0138702392578125,-2.674466824706823,0.016004855412701805,-0.6303778759362161,-0.09876543209876543,-32.05399000287061,-5.928155759658648,0.1163746903582317,fdr_bh,False
abs_within_arch,architecture_id=Lin27|target=lt2|feature_set=HRV,mae,abs,no_abs,18,162.82660289336664,164.3767186310091,-1.5501157376424715,142.59369071279775,126.47641394279287,16.117276770004878,82.0,0.8985748291015625,-0.1476190881963534,0.884380077573636,-0.034794152765405505,0.07407407407407407,-22.239255329227753,16.36859472219529,0.9629586953611761,fdr_bh,False
abs_within_arch,architecture_id=Lin27|target=lt2|feature_set=NIRS,mae,abs,no_abs,18,227.02964448388838,212.80727650522337,14.222367978665005,212.57292407569093,208.34444462916076,4.228479446530173,58.0,0.24620819091796875,1.7581792833692815,0.09670564988229673,0.4144068312707079,0.018518518518518517,-0.5959664494709116,31.16194207589334,0.5608981303031871,fdr_bh,False
abs_within_arch,architecture_id=Lin28|target=lt1|feature_set=EMG,mae,abs,no_abs,18,192.5887599767369,192.5887599767369,0.0,170.84895981148424,170.84895981148424,0.0,,,,,,0.0,0.0,0.0,,fdr_bh,False
abs_within_arch,architecture_id=Lin28|target=lt1|feature_set=EMG+NIRS,mae,abs,no_abs,18,186.56662738225785,191.146625106772,-4.579997724514158,126.86843536627755,141.81985093383577,-14.951415567558215,62.0,0.32472991943359375,-0.5760986350154261,0.5720973620006287,-0.1357877504839072,-0.06172839506172839,-19.622040907674467,10.515126884742267,0.6104212693177937,fdr_bh,False
abs_within_arch,architecture_id=Lin28|target=lt1|feature_set=EMG+NIRS+HRV,mae,abs,no_abs,18,170.32986021848285,168.12827949075984,2.2015807277230124,126.20325020819047,136.27043277215859,-10.067182563968117,79.0,0.7987060546875,0.37310641375797243,0.7136807623269499,0.0879420250908187,-0.043209876543209874,-9.619302100391605,13.360601910628782,0.9409413794948631,fdr_bh,False
abs_within_arch,architecture_id=Lin28|target=lt1|feature_set=HRV,mae,abs,no_abs,18,235.8477387078004,232.8603559749507,2.98738273284971,226.503045391881,214.08722773854424,12.415817653336745,83.0,0.932281494140625,0.2592867131908985,0.7985277512564266,0.0611144643896186,-0.012345679012345678,-19.294079983871693,24.184112977610983,0.9807487277809632,fdr_bh,False
abs_within_arch,architecture_id=Lin28|target=lt1|feature_set=NIRS,mae,abs,no_abs,18,232.45139329037116,240.2723637148181,-7.820970424446955,216.82348355510038,189.19416591660945,27.62931763849093,67.0,0.44229888916015625,-0.5475139928893678,0.5911421649374287,-0.12905028572219837,-0.006172839506172839,-34.57057692990801,19.609873032514038,0.7350281056574578,fdr_bh,False
abs_within_arch,architecture_id=Lin28|target=lt2|feature_set=EMG,mae,abs,no_abs,18,199.35236907863862,199.35236907863862,0.0,146.1273556900989,146.1273556900989,0.0,,,,,,0.0,0.0,0.0,,fdr_bh,False
abs_within_arch,architecture_id=Lin28|target=lt2|feature_set=EMG+NIRS,mae,abs,no_abs,18,195.24395944351107,184.9317983609406,10.31216108257047,173.78887508936134,155.43417734352317,18.354697745838166,49.0,0.11870574951171875,1.8218254020830567,0.08612398888270607,0.429408365316946,0.030864197530864196,0.4386677404401228,21.814040864805584,0.3581998055441338,fdr_bh,False
abs_within_arch,architecture_id=Lin28|target=lt2|feature_set=EMG+NIRS+HRV,mae,abs,no_abs,18,150.69907314055547,167.95002964265717,-17.2509565021017,131.95570636091787,155.4958148991318,-23.54010853821393,56.0,0.2121429443359375,-1.6171357857293152,0.12425252007732455,-0.38116256006287813,-0.12962962962962962,-39.3887720457182,2.3374058209801922,0.5032908472521551,fdr_bh,False
abs_within_arch,architecture_id=Lin28|target=lt2|feature_set=HRV,mae,abs,no_abs,18,172.77388052219754,169.41685289713166,3.357027625065882,143.22539753420565,139.04711358416915,4.178283950036501,75.0,0.6705245971679688,0.1648079989879779,0.8710389278259586,0.03884561789272828,0.07407407407407407,-30.048784571468275,43.32308434369283,0.8737138690370502,fdr_bh,False
abs_within_arch,architecture_id=Lin28|target=lt2|feature_set=NIRS,mae,abs,no_abs,18,235.3878620527717,214.39925509488347,20.988606957888237,206.86000589882835,212.72844362865658,-5.86843772982823,61.0,0.30379486083984375,1.0901596992814324,0.2908547271851677,0.25695310531272947,0.043209876543209874,-17.446829171998566,60.33995681399989,0.6098034341052652,fdr_bh,False
abs_within_arch,architecture_id=Lin29|target=lt1|feature_set=EMG,mae,abs,no_abs,18,192.4709525941879,192.4709525941879,0.0,170.94510788331928,170.94510788331928,0.0,,,,,,0.0,0.0,0.0,,fdr_bh,False
abs_within_arch,architecture_id=Lin29|target=lt1|feature_set=EMG+NIRS,mae,abs,no_abs,18,186.53417937163172,191.19529625898315,-4.661116887351426,126.71870740897992,141.39329942018904,-14.674592011209114,61.0,0.30379486083984375,-0.5872454053301736,0.5647576874300217,-0.1384150694432028,-0.05555555555555555,-19.738430978863807,10.473650116501737,0.6098034341052652,fdr_bh,False
abs_within_arch,architecture_id=Lin29|target=lt1|feature_set=EMG+NIRS+HRV,mae,abs,no_abs,18,170.29128647715436,168.01068642647797,2.2806000506763837,125.91940039228538,136.28732230336664,-10.367921911081254,78.0,0.7660293579101562,0.38421706600958966,0.7055811207814882,0.0905608309409934,-0.043209876543209874,-9.613562243847868,13.58664715566063,0.9181675927564241,fdr_bh,False
abs_within_arch,architecture_id=Lin29|target=lt1|feature_set=HRV,mae,abs,no_abs,18,235.91830924401398,232.7532869988302,3.165022245183792,226.88262447940195,213.88653634788594,12.996088131516018,82.0,0.8985748291015625,0.2749777673543677,0.7866473214828428,0.06481288132393673,-0.012345679012345678,-19.064159033611762,24.423509155632466,0.9629586953611761,fdr_bh,False
abs_within_arch,architecture_id=Lin29|target=lt1|feature_set=NIRS,mae,abs,no_abs,18,232.46164913721293,240.3326186270756,-7.870969489862659,216.96677503893454,189.2314558721572,27.735319166777344,67.0,0.44229888916015625,-0.550271937693952,0.5892908601887683,-0.12970033954668495,-0.012345679012345678,-34.6142667647187,19.71596642129351,0.7350281056574578,fdr_bh,False
abs_within_arch,architecture_id=Lin29|target=lt2|feature_set=EMG,mae,abs,no_abs,18,199.29267354582984,199.29267354582984,0.0,146.23305336145916,146.23305336145918,-2.842170943040401e-14,0.0,0.31731050786291415,-0.9999999999999999,0.3313327620386791,-0.23570226039551584,-0.0030864197530864196,-4.736951571734001e-15,0.0,0.6098034341052652,fdr_bh,False
abs_within_arch,architecture_id=Lin29|target=lt2|feature_set=EMG+NIRS,mae,abs,no_abs,18,195.36564299880263,185.0979902725842,10.267652726218415,173.8200630445199,155.51480319199638,18.305259852523534,49.0,0.11870574951171875,1.819202647022589,0.08653908061670056,0.42879017602072994,0.030864197530864196,0.38859247428634336,21.689548652558955,0.3581998055441338,fdr_bh,False
abs_within_arch,architecture_id=Lin29|target=lt2|feature_set=EMG+NIRS+HRV,mae,abs,no_abs,18,150.7527359859784,168.01128907335456,-17.258553087376157,131.89517251514138,155.5624966294685,-23.66732411432713,56.0,0.2121429443359375,-1.6146608625514491,0.12479033912902357,-0.38057921507554987,-0.12345679012345678,-39.399296214432376,2.368036009765906,0.5032908472521551,fdr_bh,False
abs_within_arch,architecture_id=Lin29|target=lt2|feature_set=HRV,mae,abs,no_abs,18,172.70889544838434,169.3495443508981,3.3593510974862397,143.167621492289,139.06437579252207,4.103245699766916,75.0,0.6705245971679688,0.16477824574147304,0.8710619874640211,0.03883860498527298,0.07407407407407407,-30.162031645337763,43.391448829957504,0.8737138690370502,fdr_bh,False
abs_within_arch,architecture_id=Lin29|target=lt2|feature_set=NIRS,mae,abs,no_abs,18,235.52676400198618,214.3875424244591,21.13922157752708,206.7034909189021,212.945322400242,-6.2418314813398865,61.0,0.30379486083984375,1.0943146533262351,0.28908042069827905,0.25793243737292887,0.043209876543209874,-17.528087172679847,60.561802466454175,0.6098034341052652,fdr_bh,False
abs_within_arch,architecture_id=Lin3|target=lt1|feature_set=EMG,mae,abs,no_abs,18,278.03148795629767,278.03148795629767,0.0,246.21168133050412,246.21168133050412,0.0,,,,,,0.0,0.0,0.0,,fdr_bh,False
abs_within_arch,architecture_id=Lin3|target=lt1|feature_set=EMG+NIRS,mae,abs,no_abs,18,288.27301366876577,250.7768205205843,37.496193148181476,250.30486185396308,192.970906627867,57.333955226096066,32.0,0.0182342529296875,2.6636316947668126,0.016369965544729956,0.6278240113176764,0.18518518518518517,12.286615679359935,64.44412704985321,0.12545166015625,fdr_bh,False
abs_within_arch,architecture_id=Lin3|target=lt1|feature_set=EMG+NIRS+HRV,mae,abs,no_abs,18,220.418207442207,185.17981035837414,35.238397083832865,171.13165378388567,140.75501641179105,30.37663737209462,21.0,0.00336456298828125,2.8461864774520365,0.011163788404056301,0.6708525862425959,0.11728395061728394,12.352485927931907,59.265286287449484,0.08105109719669118,fdr_bh,False
abs_within_arch,architecture_id=Lin3|target=lt1|feature_set=HRV,mae,abs,no_abs,18,231.64663275329525,230.79596419761108,0.850668555684166,196.69640464732532,198.30008011605165,-1.6036754687263226,76.0,0.7018814086914062,0.10300957310038737,0.9191607702017234,0.024279589222138426,-0.030864197530864196,-14.086233395739468,17.28128113801983,0.8844219948345925,fdr_bh,False
abs_within_arch,architecture_id=Lin3|target=lt1|feature_set=NIRS,mae,abs,no_abs,18,272.8167274552917,243.25338529191802,29.563342163373676,222.37234363464444,211.4401147111988,10.93222892344565,78.0,0.7660293579101562,1.1167234316198693,0.2796481288079119,0.2632142370694404,0.12345679012345678,-17.149909713303565,83.96982667808541,0.9181675927564241,fdr_bh,False
abs_within_arch,architecture_id=Lin3|target=lt2|feature_set=EMG,mae,abs,no_abs,18,308.1501676843853,308.1501676843853,0.0,209.02234989312245,209.02234989312245,0.0,,,,,,0.0,0.0,0.0,,fdr_bh,False
abs_within_arch,architecture_id=Lin3|target=lt2|feature_set=EMG+NIRS,mae,abs,no_abs,18,273.7676281169755,240.56535499430473,33.20227312267079,256.2188654942001,196.99567414663187,59.22319134756822,54.0,0.18146514892578125,1.6959872799921893,0.10812251021448785,0.39974803549620164,0.11728395061728394,-0.5448291051428718,72.80274680935064,0.46935346789826127,fdr_bh,False
abs_within_arch,architecture_id=Lin3|target=lt2|feature_set=EMG+NIRS+HRV,mae,abs,no_abs,18,154.39681008860447,159.93526214391125,-5.538452055306777,125.23785892667041,151.44962911642892,-26.21177018975851,84.0,0.9661178588867188,-0.36409260927142656,0.7202778118997815,-0.08581745099857659,-0.16049382716049382,-34.83153911417738,21.735755608984835,0.9861855888932678,fdr_bh,False
abs_within_arch,architecture_id=Lin3|target=lt2|feature_set=HRV,mae,abs,no_abs,18,134.38175719245288,184.95692313513388,-50.575165942681,111.69619712364602,153.55155560522667,-41.85535848158065,24.0,0.0055999755859375,-3.4429644464719575,0.0031050675745378947,-0.8115145024948364,-0.30864197530864196,-80.15030062659646,-22.743310590379778,0.096319580078125,fdr_bh,False
abs_within_arch,architecture_id=Lin3|target=lt2|feature_set=NIRS,mae,abs,no_abs,18,266.3543361406533,233.18577927259898,33.16855686805431,237.01058718949943,219.98739421386762,17.023192975631815,47.0,0.0987396240234375,1.211354521046885,0.24232997665377798,0.2855189987510782,0.06790123456790123,-11.23113588104474,91.79534800898685,0.3234898158482143,fdr_bh,False
abs_within_arch,architecture_id=Lin4|target=lt1|feature_set=EMG,mae,abs,no_abs,18,239.9057024402901,239.9057024402901,0.0,228.62091263963572,228.62091263963572,0.0,,,,,,0.0,0.0,0.0,,fdr_bh,False
abs_within_arch,architecture_id=Lin4|target=lt1|feature_set=EMG+NIRS,mae,abs,no_abs,18,234.81729210961066,228.0209012821897,6.796390827420964,188.70699279132086,194.73189017301763,-6.024897381696775,84.0,0.9661178588867188,0.534115880192439,0.600177057844123,0.1258923202744984,0.024691358024691357,-17.20226912384653,31.740307890666898,0.9861855888932678,fdr_bh,False
abs_within_arch,architecture_id=Lin4|target=lt1|feature_set=EMG+NIRS+HRV,mae,abs,no_abs,18,200.82495129014325,189.28674610248703,11.538205187656217,173.67296137414462,157.38119475000272,16.2917666241419,68.0,0.468292236328125,1.0798742879962426,0.29528125690327933,0.25452881062371263,0.06172839506172839,-8.808566760626217,32.0088655862107,0.770777652138158,fdr_bh,False
abs_within_arch,architecture_id=Lin4|target=lt1|feature_set=HRV,mae,abs,no_abs,18,225.22465892014873,226.45773154178855,-1.2330726216398205,183.1248069073828,195.54996466961475,-12.425157762231947,66.0,0.4171142578125,-0.19882763756461697,0.844756093411798,-0.0468641236030806,-0.05555555555555555,-11.872334414410588,11.31011515161477,0.7103331915222771,fdr_bh,False
abs_within_arch,architecture_id=Lin4|target=lt1|feature_set=NIRS,mae,abs,no_abs,18,247.1268960170127,249.3279749865747,-2.2010789695619906,238.1800912252599,225.76145994912403,12.41863127613587,85.0,1.0,-0.1627402212925521,0.8726417994917394,-0.038358238015920997,0.09259259259259259,-28.97332585292808,23.29089118352685,1.0,fdr_bh,False
abs_within_arch,architecture_id=Lin4|target=lt2|feature_set=EMG,mae,abs,no_abs,18,279.7060312974892,279.7060312974892,0.0,235.14832164498358,235.14832164498358,0.0,,,,,,0.0,0.0,0.0,,fdr_bh,False
abs_within_arch,architecture_id=Lin4|target=lt2|feature_set=EMG+NIRS,mae,abs,no_abs,18,247.10055098581603,236.52332882850644,10.577222157309592,212.7934952227368,220.35290332579507,-7.559408103058274,66.0,0.4171142578125,1.2277144688794415,0.23628313973692797,0.28937507543516455,0.018518518518518517,-5.323597341134939,27.76870524898323,0.7103331915222771,fdr_bh,False
abs_within_arch,architecture_id=Lin4|target=lt2|feature_set=EMG+NIRS+HRV,mae,abs,no_abs,18,155.03907262579665,181.01285350986808,-25.97378088407143,132.61650028824064,172.27308321177946,-39.65658292353882,43.0,0.06653594970703125,-2.359440783309348,0.03052483864845844,-0.5561255258953798,-0.25308641975308643,-49.021373957523416,-5.068417245112608,0.251520513178228,fdr_bh,False
abs_within_arch,architecture_id=Lin4|target=lt2|feature_set=HRV,mae,abs,no_abs,18,140.85807410256078,182.11308070474817,-41.25500660218739,111.50112661152494,156.81583536943165,-45.314708757906715,10.0,0.00032806396484375,-4.563006512168555,0.0002759907218512781,-1.075510949117587,-0.3148148148148148,-59.949477830731546,-24.11999747292622,0.037618001302083336,fdr_bh,True
abs_within_arch,architecture_id=Lin4|target=lt2|feature_set=NIRS,mae,abs,no_abs,18,239.27064716812396,234.11898734240538,5.151659825718582,198.8423081228887,214.49113852182498,-15.64883039893627,82.0,0.8985748291015625,0.6679363213907004,0.5131411069368735,0.15743410075205383,-0.030864197530864196,-9.06556759376607,21.793630490698096,0.9629586953611761,fdr_bh,False
abs_within_arch,architecture_id=Lin5|target=lt1|feature_set=EMG,mae,abs,no_abs,18,265.88610675603485,265.88610675603485,0.0,235.2163835160493,235.2163835160493,0.0,,,,,,0.0,0.0,0.0,,fdr_bh,False
abs_within_arch,architecture_id=Lin5|target=lt1|feature_set=EMG+NIRS,mae,abs,no_abs,18,380.80487932488205,362.66224611779916,18.142633207082895,246.08359710667395,236.52916922844162,9.554427878232332,55.0,0.19638824462890625,1.491569478398817,0.154135469222038,0.35156629759556174,0.08641975308641975,-4.826108971640669,42.123719699780104,0.4931208478273267,fdr_bh,False
abs_within_arch,architecture_id=Lin5|target=lt1|feature_set=EMG+NIRS+HRV,mae,abs,no_abs,18,271.58292055321897,243.4502529300656,28.132667623153367,222.60139017020626,161.0248368780125,61.57655329219375,43.0,0.06653594970703125,2.283761593548672,0.03551867152060363,0.5382877698038873,0.16049382716049382,6.349551339227132,53.25874320127409,0.251520513178228,fdr_bh,False
abs_within_arch,architecture_id=Lin5|target=lt1|feature_set=HRV,mae,abs,no_abs,18,232.6225286366262,228.13575812631052,4.486770510315694,179.55366057552217,191.49631595365847,-11.942655378136294,85.0,1.0,0.6491588570596003,0.5249098000501184,0.15300820996471734,-0.024691358024691357,-7.836182089764357,18.46187619025845,1.0,fdr_bh,False
abs_within_arch,architecture_id=Lin5|target=lt1|feature_set=NIRS,mae,abs,no_abs,18,294.8939577203887,334.0810000084402,-39.18704228805149,244.32274450906627,236.8118590873214,7.5108854217448595,64.0,0.3692169189453125,-0.5155632989383124,0.6127991529494988,-0.1215194349367293,0.11728395061728394,-205.42322385356678,60.04347184122642,0.6755884048786569,fdr_bh,False
abs_within_arch,architecture_id=Lin5|target=lt2|feature_set=EMG,mae,abs,no_abs,18,308.6608622246078,308.6608622246078,0.0,213.2158685026061,213.21586850260616,-5.684341886080802e-14,0.0,0.31731050786291415,-0.9999999999999999,0.3313327620386791,-0.23570226039551584,-0.0030864197530864196,-9.473903143468002e-15,0.0,0.6098034341052652,fdr_bh,False
abs_within_arch,architecture_id=Lin5|target=lt2|feature_set=EMG+NIRS,mae,abs,no_abs,18,341.3970925650739,243.16922355429395,98.22786901077993,265.17358606782403,222.04482221089177,43.12876385693227,17.0,0.00157928466796875,2.26801301841395,0.03664913745790489,0.5345757950466248,0.25308641975308643,33.123580529596595,190.54566723139075,0.066400146484375,fdr_bh,False
abs_within_arch,architecture_id=Lin5|target=lt2|feature_set=EMG+NIRS+HRV,mae,abs,no_abs,18,194.04291961408072,176.39938622784157,17.64353338623914,147.98535357484752,146.6816574886111,1.303696086236414,81.0,0.8650436401367188,0.73787441796794,0.47065446150785034,0.17391866820306906,0.043209876543209874,-24.31960740570744,66.72443855464498,0.9537660647661259,fdr_bh,False
abs_within_arch,architecture_id=Lin5|target=lt2|feature_set=HRV,mae,abs,no_abs,18,138.5727715737823,183.97823215852526,-45.40546058474297,120.62321819340968,144.0865333956249,-23.463315202215227,40.0,0.04827880859375,-2.327390218161256,0.0325539612719478,-0.5485711352430208,-0.2345679012345679,-85.27106056668312,-9.527305071281036,0.19771321614583334,fdr_bh,False
abs_within_arch,architecture_id=Lin5|target=lt2|feature_set=NIRS,mae,abs,no_abs,18,390.7315420626546,317.1702301502591,73.56131191239552,247.4853096531641,246.4093876558593,1.0759219973048175,37.0,0.03423309326171875,1.7569707457603454,0.09691710542928271,0.4141219762245086,0.12345679012345678,8.239197412699081,166.6455522815274,0.18117206280048076,fdr_bh,False
abs_within_arch,architecture_id=Lin6|target=lt1|feature_set=EMG,mae,abs,no_abs,18,269.94705466456827,269.94705466456827,0.0,237.0625748234321,237.0625748234321,0.0,,,,,,0.0,0.0,0.0,,fdr_bh,False
abs_within_arch,architecture_id=Lin6|target=lt1|feature_set=EMG+NIRS,mae,abs,no_abs,18,382.955530622148,364.9789568679118,17.9765737542362,254.06267282669214,243.15995124108895,10.902721585603189,56.0,0.2121429443359375,1.601149211000661,0.12776150572590167,0.3773944882633526,0.07407407407407407,-2.9338860770424042,40.92856369987253,0.5032908472521551,fdr_bh,False
abs_within_arch,architecture_id=Lin6|target=lt1|feature_set=EMG+NIRS+HRV,mae,abs,no_abs,18,267.3058458853934,238.98797340472498,28.317872480668427,195.66781283759852,154.0066090889843,41.66120374861421,39.0,0.0431671142578125,2.3598700189584423,0.030498483829039316,0.5562266977081136,0.12345679012345678,6.714242759157321,52.99042517160683,0.19285048447646103,fdr_bh,False
abs_within_arch,architecture_id=Lin6|target=lt1|feature_set=HRV,mae,abs,no_abs,18,234.60293732651203,229.2460933975036,5.35684392900842,182.643624999371,198.46088378123562,-15.81725878186461,81.0,0.8650436401367188,0.6961956178364705,0.49571555572102927,0.1640948808015088,-0.012345679012345678,-8.452117055514258,21.488867883684833,0.9537660647661259,fdr_bh,False
abs_within_arch,architecture_id=Lin6|target=lt1|feature_set=NIRS,mae,abs,no_abs,18,298.04633176660474,310.62405026864485,-12.577718502040113,241.90551484012175,241.91479793501478,-0.00928309489302137,73.0,0.6094589233398438,-0.27114915978304227,0.7895412740669845,-0.06391046986520796,0.09259259259259259,-114.294386052079,56.614734023544095,0.8488010916150049,fdr_bh,False
abs_within_arch,architecture_id=Lin6|target=lt2|feature_set=EMG,mae,abs,no_abs,18,310.1247338328019,310.1247338328019,0.0,227.55235020880355,227.55235020880355,0.0,0.0,0.31731050786291415,-0.9999999999999999,0.3313327620386791,-0.23570226039551584,-0.0030864197530864196,-4.736951571734001e-15,0.0,0.6098034341052652,fdr_bh,False
abs_within_arch,architecture_id=Lin6|target=lt2|feature_set=EMG+NIRS,mae,abs,no_abs,18,338.3891737955113,243.49234196294861,94.89683183256267,281.3259930965269,222.4179170160015,58.908076080525376,21.0,0.00336456298828125,2.428519368752936,0.026547193275944778,0.5724075046293581,0.2654320987654321,33.7662182742188,177.93039243758628,0.08105109719669118,fdr_bh,False
abs_within_arch,architecture_id=Lin6|target=lt2|feature_set=EMG+NIRS+HRV,mae,abs,no_abs,18,188.63565932729782,175.69489805160913,12.940761275688686,142.28512803039024,147.64540762094103,-5.360279590550789,79.0,0.7987060546875,0.649668579540507,0.5245883542319678,0.1531283527056415,0.024691358024691357,-24.520811060192592,51.47422661617536,0.9409413794948631,fdr_bh,False
abs_within_arch,architecture_id=Lin6|target=lt2|feature_set=HRV,mae,abs,no_abs,18,137.1649816685741,181.60934406753455,-44.444362398960465,121.98409136995681,142.28344665661558,-20.299355286658766,39.0,0.0431671142578125,-2.4267756350110794,0.02664131126974014,-0.5719965026448747,-0.21604938271604937,-81.19311834298081,-10.39009134006461,0.19285048447646103,fdr_bh,False
abs_within_arch,architecture_id=Lin6|target=lt2|feature_set=NIRS,mae,abs,no_abs,18,379.41866970638694,303.054848381124,76.36382132526296,246.3039225042694,245.21336796935577,1.0905545349136219,31.0,0.01593017578125,1.8502970288522753,0.08172953165959536,0.43611919210358824,0.13580246913580246,12.126002593093103,168.31598829472097,0.1191300101902174,fdr_bh,False
abs_within_arch,architecture_id=Lin7|target=lt1|feature_set=EMG,mae,abs,no_abs,18,273.2503699474597,273.2503699474597,0.0,241.39681495774607,241.39681495774607,0.0,,,,,,0.0,0.0,0.0,,fdr_bh,False
abs_within_arch,architecture_id=Lin7|target=lt1|feature_set=EMG+NIRS,mae,abs,no_abs,18,384.4407232418485,364.9366544269102,19.504068814938307,263.0901486559268,247.32958745696044,15.760561198966343,50.0,0.12973785400390625,1.7840063484431785,0.09228193652152515,0.4204943288880075,0.08641975308641975,-0.5035218589990199,42.20536354448027,0.3814514681824252,fdr_bh,False
abs_within_arch,architecture_id=Lin7|target=lt1|feature_set=EMG+NIRS+HRV,mae,abs,no_abs,18,266.6889314146397,236.98404224323784,29.704889171401845,183.86202404987725,152.7053998376556,31.156624212221658,35.0,0.02684783935546875,2.497270994580959,0.023076318604803206,0.58861241824289,0.12962962962962962,7.9834494284717845,53.72035271423673,0.16202906558388158,fdr_bh,False
abs_within_arch,architecture_id=Lin7|target=lt1|feature_set=HRV,mae,abs,no_abs,18,234.36541757100272,229.39691457544893,4.968502995553791,184.51622582890286,200.0297064838241,-15.513480654921239,83.0,0.932281494140625,0.6224356348246307,0.5419150825918996,0.14670948607888334,0.0,-9.514912198409686,21.55572545073817,0.9807487277809632,fdr_bh,False
abs_within_arch,architecture_id=Lin7|target=lt1|feature_set=NIRS,mae,abs,no_abs,18,302.8172878112946,307.04970637534194,-4.23241856404735,247.90952628110063,242.33806838252565,5.571457898574977,75.0,0.6705245971679688,-0.10799042704302858,0.9152676111440148,-0.025453587755118877,0.09259259259259259,-87.08269038503968,57.997555156329014,0.8737138690370502,fdr_bh,False
abs_within_arch,architecture_id=Lin7|target=lt2|feature_set=EMG,mae,abs,no_abs,18,314.2703821279393,314.2703821279393,0.0,238.07229640734766,238.07229640734766,0.0,3.0,1.0,-0.4609772228646443,0.6506577158106941,-0.10865337342004415,0.0030864197530864196,-1.736882242969134e-14,6.315935428978668e-15,1.0,fdr_bh,False
abs_within_arch,architecture_id=Lin7|target=lt2|feature_set=EMG+NIRS,mae,abs,no_abs,18,335.09850317073824,240.98093722397698,94.11756594676126,289.4952256826399,219.7104845154829,69.784741167157,18.0,0.00193023681640625,2.5624921762952666,0.020183923218856665,0.603985198198619,0.2777777777777778,34.666010756682226,172.23639146511204,0.066400146484375,fdr_bh,False
abs_within_arch,architecture_id=Lin7|target=lt2|feature_set=EMG+NIRS+HRV,mae,abs,no_abs,18,186.84065118513638,175.31498908244942,11.525662102686965,143.44949728376073,147.30250993488903,-3.853012651128296,81.0,0.8650436401367188,0.6180452491761482,0.5447373320907322,0.14567466225752798,0.024691358024691357,-24.477198787390833,46.477813248466425,0.9537660647661259,fdr_bh,False
abs_within_arch,architecture_id=Lin7|target=lt2|feature_set=HRV,mae,abs,no_abs,18,137.21206335772297,181.08967011218195,-43.87760675445898,126.1578345530535,142.99829267065064,-16.840458117597137,39.0,0.0431671142578125,-2.4492751580612664,0.02545066166396482,-0.5772996910856248,-0.2037037037037037,-79.26862714102263,-10.38976344065101,0.19285048447646103,fdr_bh,False
abs_within_arch,architecture_id=Lin7|target=lt2|feature_set=NIRS,mae,abs,no_abs,18,375.1730923020972,298.7864942602164,76.3865980418808,247.94681888365872,244.25609302028175,3.6907258633769686,30.0,0.0138702392578125,1.884722098158701,0.07668176561694087,0.44423325875338515,0.15432098765432098,12.79921971324832,167.0710211726919,0.1163746903582317,fdr_bh,False
abs_within_arch,architecture_id=Lin8|target=lt1|feature_set=EMG,mae,abs,no_abs,18,282.70862669808014,282.70862669808014,0.0,249.78439111206092,249.78439111206092,0.0,,,,,,0.0,0.0,0.0,,fdr_bh,False
abs_within_arch,architecture_id=Lin8|target=lt1|feature_set=EMG+NIRS,mae,abs,no_abs,18,392.14046233315025,365.70759149847555,26.432870834674702,290.2676248150675,255.8461170002694,34.421507814798105,36.0,0.030364990234375,2.338104160041676,0.03186205125077772,0.551096435561982,0.11728395061728394,5.204151641576168,49.497568540694715,0.17496744791666666,fdr_bh,False
abs_within_arch,architecture_id=Lin8|target=lt1|feature_set=EMG+NIRS+HRV,mae,abs,no_abs,18,267.2160001324098,232.63397587746346,34.58202425494636,169.75198131733572,157.15614031228938,12.595841005046339,28.0,0.010406494140625,2.8603525432724544,0.010834637493330022,0.67419155997738,0.1111111111111111,12.837557797555052,58.003135966448845,0.10847981770833333,fdr_bh,False
abs_within_arch,architecture_id=Lin8|target=lt1|feature_set=HRV,mae,abs,no_abs,18,232.83381374493905,227.80566898256808,5.028144762370971,185.1302851088859,197.82575179240266,-12.69546668351677,81.0,0.8650436401367188,0.6403406288455927,0.5304881916293346,0.15092973364199225,0.012345679012345678,-8.510434599140224,20.803729747764137,0.9537660647661259,fdr_bh,False
abs_within_arch,architecture_id=Lin8|target=lt1|feature_set=NIRS,mae,abs,no_abs,18,309.5821382029241,302.70721631934526,6.87492188357885,244.4403609999899,232.43204415975725,12.008316840232652,78.0,0.7660293579101562,0.21805029845113003,0.8299858627899516,0.0513949482248482,0.1111111111111111,-56.7343487029974,60.94536104385539,0.9181675927564241,fdr_bh,False
abs_within_arch,architecture_id=Lin8|target=lt2|feature_set=EMG,mae,abs,no_abs,18,331.37537072797824,331.37537072797824,0.0,273.2167817672148,273.2167817672148,0.0,,,,,,0.0,0.0,0.0,,fdr_bh,False
abs_within_arch,architecture_id=Lin8|target=lt2|feature_set=EMG+NIRS,mae,abs,no_abs,18,329.6132809805825,240.23791175424367,89.37536922633882,284.9730594677286,215.94186358405125,69.03119588367736,20.0,0.0028076171875,2.8002613389998054,0.012298632433153859,0.660027927300428,0.2839506172839506,34.13828164469878,157.17804148335964,0.08105109719669118,fdr_bh,False
abs_within_arch,architecture_id=Lin8|target=lt2|feature_set=EMG+NIRS+HRV,mae,abs,no_abs,18,188.4058234734595,171.76902600300681,16.636797470452677,149.82326515565438,146.4793467286446,3.3439184270097826,70.0,0.522613525390625,0.9322404113696393,0.36426417331300237,0.2197311721918695,0.06790123456790123,-18.168937892207964,49.76566974594404,0.8171775124289773,fdr_bh,False
abs_within_arch,architecture_id=Lin8|target=lt2|feature_set=HRV,mae,abs,no_abs,18,138.30121891066258,181.38126389811592,-43.080044987453334,122.62399763012188,147.10178313298013,-24.477785502858254,40.0,0.04827880859375,-2.402976828116164,0.027957608402340035,-0.5663870700650268,-0.17901234567901234,-78.68524437868118,-9.708025990271121,0.19771321614583334,fdr_bh,False
abs_within_arch,architecture_id=Lin8|target=lt2|feature_set=NIRS,mae,abs,no_abs,18,366.36253450922663,293.61798026398105,72.74455424524558,255.81522468936834,241.40470054751341,14.410524141854921,31.0,0.01593017578125,1.9616953758182822,0.0663854093905623,0.46237603428780005,0.16049382716049382,13.628937032937907,154.7904762753062,0.1191300101902174,fdr_bh,False
abs_within_arch,architecture_id=Lin9|target=lt1|feature_set=EMG,mae,abs,no_abs,18,296.95511970266097,296.95511970266097,0.0,254.9338388098943,254.9338388098943,0.0,0.0,0.10247043485974941,1.7194539072421902,0.10368452799990815,0.4052791725828858,0.009259259259259259,0.0,1.4210854715202004e-14,0.3294376597360168,fdr_bh,False
abs_within_arch,architecture_id=Lin9|target=lt1|feature_set=EMG+NIRS,mae,abs,no_abs,18,324.6559253415059,274.43094867045363,50.224976671052275,270.17542095766674,211.99907985233756,58.176341105329186,26.0,0.0076904296875,2.498076719852826,0.023038305563837794,0.5888023295107268,0.20987654320987653,15.662445204587366,90.79604433710405,0.10633797481142242,fdr_bh,False
abs_within_arch,architecture_id=Lin9|target=lt1|feature_set=EMG+NIRS+HRV,mae,abs,no_abs,18,226.11761317194149,180.31542486441984,45.80218830752165,179.78566642937062,142.66414941288673,37.12151701648389,16.0,0.00128936767578125,3.280494375586064,0.004411970633435166,0.7732199395404116,0.19753086419753085,21.216237543888077,72.69979412142557,0.066400146484375,fdr_bh,False
abs_within_arch,architecture_id=Lin9|target=lt1|feature_set=HRV,mae,abs,no_abs,18,232.92313015131737,231.4486666897942,1.4744634615231575,198.82687590707036,198.75672520808968,0.07015069898068305,78.0,0.7660293579101562,0.17139882698943093,0.8659338267596525,0.04039909095054882,-0.024691358024691357,-14.271437557564642,18.49925854954928,0.9181675927564241,fdr_bh,False
abs_within_arch,architecture_id=Lin9|target=lt1|feature_set=NIRS,mae,abs,no_abs,18,289.7393283437772,251.13580476431036,38.60352357946681,228.52371247173198,225.06254622980396,3.4611662419280265,66.0,0.4171142578125,1.4024639419751612,0.17877432165530885,0.3305639212467511,0.11728395061728394,-12.627805816631122,94.08046369309727,0.7103331915222771,fdr_bh,False
abs_within_arch,architecture_id=Lin9|target=lt2|feature_set=EMG,mae,abs,no_abs,18,319.91022850371036,319.91022850371036,0.0,238.0980157321528,238.0980157321528,0.0,1.0,0.6547208460185769,-0.7177405625652733,0.48266465807532827,-0.16917307297418407,0.0,-1.8947806286936004e-14,4.736951571734001e-15,0.8737138690370502,fdr_bh,False
abs_within_arch,architecture_id=Lin9|target=lt2|feature_set=EMG+NIRS,mae,abs,no_abs,18,293.9046202898269,254.93811271980135,38.96650757002553,252.23670457705413,192.37850279793312,59.858201779121,42.0,0.0599365234375,1.8565020284643412,0.08079852756828125,0.43758172453790556,0.10493827160493827,-0.7235191047654081,79.45343213392154,0.231664764747191,fdr_bh,False
abs_within_arch,architecture_id=Lin9|target=lt2|feature_set=EMG+NIRS+HRV,mae,abs,no_abs,18,166.40240589048943,162.56115493370663,3.841250956782801,122.33077923803188,152.8348324974621,-30.504053259430208,84.0,0.9661178588867188,0.22616894644974045,0.8237669653188869,0.0533085319094762,-0.1111111111111111,-28.082512063209943,36.69834341871934,0.9861855888932678,fdr_bh,False
abs_within_arch,architecture_id=Lin9|target=lt2|feature_set=HRV,mae,abs,no_abs,18,136.29877810221333,185.80825142174214,-49.50947331952881,120.49833213646173,152.37057328012395,-31.872241143662222,29.0,0.01203155517578125,-3.1342919045661106,0.006043382865347974,-0.7387596866455988,-0.2777777777777778,-80.33705113602284,-20.724047286886833,0.11496819390190971,fdr_bh,False
abs_within_arch,architecture_id=Lin9|target=lt2|feature_set=NIRS,mae,abs,no_abs,18,297.1698895753257,255.36637572399675,41.80351385132897,251.2056366284487,239.04691913763872,12.158717490809977,39.0,0.0431671142578125,1.8165909712038204,0.08695416678570404,0.4281745981268259,0.10493827160493827,3.410479004206314,91.11213433805067,0.19285048447646103,fdr_bh,False
abs_within_arch,architecture_id=TCN1|target=lt1|feature_set=EMG,mae,abs,no_abs,18,233.64263871907679,233.64263871907679,0.0,194.2257785497061,194.2257785497061,0.0,,,,,,0.0,0.0,0.0,,fdr_bh,False
abs_within_arch,architecture_id=TCN1|target=lt1|feature_set=EMG+NIRS,mae,abs,no_abs,18,199.91361744734704,204.55889150250806,-4.645274055161025,157.30767523932184,190.88857982943864,-33.5809045901168,66.0,0.4171142578125,-0.2848037801532683,0.7792348615728716,-0.0671288947513129,-0.043209876543209874,-36.063091792910974,26.919469179434667,0.7103331915222771,fdr_bh,False
abs_within_arch,architecture_id=TCN1|target=lt1|feature_set=EMG+NIRS+HRV,mae,abs,no_abs,18,196.3340420561948,184.05720308029709,12.276838975897704,174.8147752041199,151.77137895053218,23.04339625358773,70.0,0.522613525390625,0.8067149471161875,0.43097277097402825,0.1901445365301344,0.12345679012345678,-16.99774119477317,41.53518419344192,0.8171775124289773,fdr_bh,False
abs_within_arch,architecture_id=TCN1|target=lt2|feature_set=EMG,mae,abs,no_abs,17,208.55659254734894,208.55659254734894,0.0,144.30588371943438,144.30588371943438,0.0,,,,,,0.0,0.0,0.0,,fdr_bh,False
abs_within_arch,architecture_id=TCN1|target=lt2|feature_set=EMG+NIRS,mae,abs,no_abs,17,198.37408975732282,193.57378979671645,4.800299960606367,137.42454146526077,173.66398935219286,-36.23944788693208,73.0,0.8899688720703125,0.3463935180186091,0.7335603876265703,0.08401276840117763,-0.01730103806228374,-20.708866974623987,32.56866326771502,0.9629586953611761,fdr_bh,False
abs_within_arch,architecture_id=TCN1|target=lt2|feature_set=EMG+NIRS+HRV,mae,abs,no_abs,17,142.2641626388972,170.18666947200927,-27.922506833112067,138.36540402155933,176.39029063815477,-38.02488661659544,20.0,0.0055694580078125,-3.597869960840711,0.0024100337397125024,-0.8726116397519487,-0.27335640138408307,-42.91614304241623,-14.829293715172852,0.096319580078125,fdr_bh,False
abs_within_arch,architecture_id=TCN2|target=lt1|feature_set=EMG,mae,abs,no_abs,18,225.24981343492192,225.24981343492192,0.0,192.60778554591437,192.60778554591437,0.0,,,,,,0.0,0.0,0.0,,fdr_bh,False
abs_within_arch,architecture_id=TCN2|target=lt1|feature_set=EMG+NIRS,mae,abs,no_abs,18,220.7724840888922,212.39709312906078,8.375390959831435,189.70674539813945,213.87910699540902,-24.17236159726957,82.0,0.8985748291015625,0.4687093864083178,0.6452315978209567,0.1104758618450358,0.006172839506172839,-23.935192934551203,44.77513335777182,0.9629586953611761,fdr_bh,False
abs_within_arch,architecture_id=TCN2|target=lt1|feature_set=EMG+NIRS+HRV,mae,abs,no_abs,18,181.62340271637402,179.02894403943745,2.5944586769365685,162.89607609787157,171.1470403243249,-8.250964226453334,85.0,1.0,0.23746734867648617,0.8151325004320198,0.05597159085317789,0.006172839506172839,-16.970525833752436,23.239273235290838,1.0,fdr_bh,False
abs_within_arch,architecture_id=TCN2|target=lt2|feature_set=EMG,mae,abs,no_abs,17,241.03908097183532,241.03908097183532,0.0,169.1634625521573,169.1634625521573,0.0,,,,,,0.0,0.0,0.0,,fdr_bh,False
abs_within_arch,architecture_id=TCN2|target=lt2|feature_set=EMG+NIRS,mae,abs,no_abs,17,221.1636328574441,199.44180427125693,21.721828586187172,182.90969351608797,176.9875413033906,5.92215221269737,58.0,0.4037628173828125,1.0522411486510908,0.30832184500655796,0.2552059646770412,0.09342560553633218,-15.815793889568937,62.41659899300008,0.7103331915222771,fdr_bh,False
abs_within_arch,architecture_id=TCN2|target=lt2|feature_set=EMG+NIRS+HRV,mae,abs,no_abs,17,152.82245489771637,187.69593327463235,-34.87347837691598,132.10398304211466,194.20268652180457,-62.0987034796899,31.0,0.030517578125,-2.044945448823394,0.05767219241073015,-0.49597212259558626,-0.28719723183391005,-65.35812899675194,0.9051792529630905,0.17496744791666666,fdr_bh,False
abs_within_arch,architecture_id=TCN3|target=lt1|feature_set=EMG,mae,abs,no_abs,18,214.5987059692298,214.5987059692298,0.0,208.80353520044127,208.80353520044127,0.0,,,,,,0.0,0.0,0.0,,fdr_bh,False
abs_within_arch,architecture_id=TCN3|target=lt1|feature_set=EMG+NIRS,mae,abs,no_abs,18,201.88470094465052,197.58915674603548,4.295544198615033,167.22420764905917,167.89423424051915,-0.6700265914599868,72.0,0.5798416137695312,0.23340345406579957,0.8182354553095311,0.0550137217074299,0.08641975308641975,-31.180283706496095,39.8147161779101,0.8416266461464926,fdr_bh,False
abs_within_arch,architecture_id=TCN3|target=lt1|feature_set=EMG+NIRS+HRV,mae,abs,no_abs,18,194.59354585389073,183.13203790440113,11.4615079494896,173.8898893106961,151.30702188287836,22.582867427817746,74.0,0.6396942138671875,0.6569055158658907,0.5200364159660605,0.15483411495587282,0.012345679012345678,-21.48679949649432,43.081538675730876,0.8629600375306373,fdr_bh,False
abs_within_arch,architecture_id=TCN3|target=lt2|feature_set=EMG,mae,abs,no_abs,17,201.0731870018412,201.0731870018412,0.0,142.36878034235284,142.36878034235284,0.0,,,,,,0.0,0.0,0.0,,fdr_bh,False
abs_within_arch,architecture_id=TCN3|target=lt2|feature_set=EMG+NIRS,mae,abs,no_abs,17,197.53573251991796,188.0530389757058,9.482693544212168,151.0294457256794,153.53328767542013,-2.5038419497407176,73.0,0.8899688720703125,0.6937594332886265,0.49778240417828207,0.16826137777750919,0.03806228373702422,-14.087287636276805,37.05869237018808,0.9629586953611761,fdr_bh,False
abs_within_arch,architecture_id=TCN3|target=lt2|feature_set=EMG+NIRS+HRV,mae,abs,no_abs,17,133.7083490418175,169.71737469782758,-36.00902565601007,108.48605438321829,162.6449356862477,-54.1588813030294,33.0,0.0395355224609375,-2.373851475625788,0.030461687248418644,-0.5757435513843219,-0.34256055363321797,-65.11292314071383,-7.990978737705348,0.19285048447646103,fdr_bh,False
abs_within_arch,architecture_id=TCN4|target=lt1|feature_set=EMG,mae,abs,no_abs,18,250.29052423910676,250.29052423910676,0.0,180.1207588477505,180.1207588477505,0.0,,,,,,0.0,0.0,0.0,,fdr_bh,False
abs_within_arch,architecture_id=TCN4|target=lt1|feature_set=EMG+NIRS,mae,abs,no_abs,18,211.3355419383246,202.35202702026567,8.983514918058944,168.0140827376069,184.7518507392415,-16.737768001634578,76.0,0.7018814086914062,0.33020028512324656,0.7452829630471055,0.07782895358679304,0.05555555555555555,-41.62799596243442,58.38849512134156,0.8844219948345925,fdr_bh,False
