comparison_kind,group_key,metric,condition_a,condition_b,n_subjects,mean_a,mean_b,delta_mean,median_a,median_b,delta_median,wilcoxon_stat,wilcoxon_pvalue,ttest_stat,ttest_pvalue,cohens_d,cliffs_delta,bootstrap_ci_low,bootstrap_ci_high,pvalue_adj,correction_method,reject_at_alpha
lt1_vs_lt2_per_model_class,"model_name=AttentionLSTMRegressor(batch_size=64,checkpoint_every_epochs=4,dropout=0.3,hidden_size=64,internal_stride_sec=15,lr=0.001,max_epochs=20,num_layers=2,outer_stride_sec=5,seq_len=12,weight_decay=1e-05)|feature_set=EMG|with_abs=False",abs_lt_err_median_sec,lt1,lt2,17,204.80300757464235,154.57051748387954,50.23249009076281,189.18224716186523,115.49772644043037,73.68452072143486,60.0,0.4585723876953125,1.3051575790200847,0.21029778410062216,0.31654720919854334,0.1695501730103806,-20.40266734396713,131.93044113025923,0.9966733090512387,fdr_bh,False
lt1_vs_lt2_per_model_class,"model_name=AttentionLSTMRegressor(batch_size=64,checkpoint_every_epochs=4,dropout=0.3,hidden_size=64,internal_stride_sec=15,lr=0.001,max_epochs=20,num_layers=2,outer_stride_sec=5,seq_len=12,weight_decay=1e-05)|feature_set=EMG|with_abs=True",abs_lt_err_median_sec,lt1,lt2,17,204.80300757464235,154.57051748387954,50.23249009076281,189.18224716186523,115.49772644043037,73.68452072143486,60.0,0.4585723876953125,1.3051575790200847,0.21029778410062216,0.31654720919854334,0.1695501730103806,-20.40266734396713,131.93044113025923,0.9966733090512387,fdr_bh,False
lt1_vs_lt2_per_model_class,"model_name=AttentionLSTMRegressor(batch_size=64,checkpoint_every_epochs=4,dropout=0.3,hidden_size=64,internal_stride_sec=15,lr=0.001,max_epochs=20,num_layers=2,outer_stride_sec=5,seq_len=12,weight_decay=1e-05)|feature_set=EMG+NIRS|with_abs=False",abs_lt_err_median_sec,lt1,lt2,17,172.37239940026222,168.71903038024897,3.6533690200132583,122.29418945312506,118.03099441528326,4.263195037841797,73.0,0.8899688720703125,0.09500048233525325,0.9254940610618864,0.023041001361933752,-0.04498269896193772,-71.26834545976955,87.42001858809418,0.9966733090512387,fdr_bh,False
lt1_vs_lt2_per_model_class,"model_name=AttentionLSTMRegressor(batch_size=64,checkpoint_every_epochs=4,dropout=0.3,hidden_size=64,internal_stride_sec=15,lr=0.001,max_epochs=20,num_layers=2,outer_stride_sec=5,seq_len=12,weight_decay=1e-05)|feature_set=EMG+NIRS|with_abs=True",abs_lt_err_median_sec,lt1,lt2,17,182.37005347364078,202.61840730554906,-20.248353831908275,157.38153076171875,165.5400009155273,-8.158470153808537,68.0,0.7118988037109375,-0.46695840989017107,0.646825264485689,-0.11325404980868481,-0.10034602076124567,-108.31534447389498,60.01023326270734,0.9966733090512387,fdr_bh,False
lt1_vs_lt2_per_model_class,"model_name=AttentionLSTMRegressor(batch_size=64,checkpoint_every_epochs=4,dropout=0.3,hidden_size=64,internal_stride_sec=15,lr=0.001,max_epochs=20,num_layers=2,outer_stride_sec=5,seq_len=12,weight_decay=1e-05)|feature_set=EMG+NIRS+HRV|with_abs=False",abs_lt_err_median_sec,lt1,lt2,17,163.97199194571544,154.21793814266425,9.754053803051193,124.54814910888678,142.16285705566406,-17.614707946777287,71.0,0.8175811767578125,0.26340427674958183,0.7956011148768348,0.06388492089870307,-0.12110726643598616,-60.61446525559713,86.37685576607201,0.9966733090512387,fdr_bh,False
lt1_vs_lt2_per_model_class,"model_name=AttentionLSTMRegressor(batch_size=64,checkpoint_every_epochs=4,dropout=0.3,hidden_size=64,internal_stride_sec=15,lr=0.001,max_epochs=20,num_layers=2,outer_stride_sec=5,seq_len=12,weight_decay=1e-05)|feature_set=EMG+NIRS+HRV|with_abs=True",abs_lt_err_median_sec,lt1,lt2,17,171.64841586000773,137.6317512287813,34.01666463122643,115.84024429321289,141.60327911376947,-25.763034820556584,74.0,0.926513671875,0.9299763437764231,0.3662029753923635,0.22555239380681846,-0.058823529411764705,-33.73144209209607,116.96070855575444,0.9966733090512387,fdr_bh,False
lt1_vs_lt2_per_model_class,"model_name=AttentionLSTMRegressor(batch_size=64,checkpoint_every_epochs=4,dropout=0.3,hidden_size=64,internal_stride_sec=30,lr=0.001,max_epochs=20,num_layers=2,outer_stride_sec=5,seq_len=12,weight_decay=1e-05)|feature_set=EMG|with_abs=False",abs_lt_err_median_sec,lt1,lt2,17,222.16122857525062,182.41967498554902,39.741553589701596,182.8351593017578,123.92018938064575,58.91496992111206,59.0,0.4306793212890625,0.9255764935012211,0.36841687851523863,0.22448527337025606,0.12802768166089964,-42.62479488768553,127.5081676494767,0.9966733090512387,fdr_bh,False
lt1_vs_lt2_per_model_class,"model_name=AttentionLSTMRegressor(batch_size=64,checkpoint_every_epochs=4,dropout=0.3,hidden_size=64,internal_stride_sec=30,lr=0.001,max_epochs=20,num_layers=2,outer_stride_sec=5,seq_len=12,weight_decay=1e-05)|feature_set=EMG|with_abs=True",abs_lt_err_median_sec,lt1,lt2,17,222.16122857525062,182.41967498554902,39.741553589701596,182.8351593017578,123.92018938064575,58.91496992111206,59.0,0.4306793212890625,0.9255764935012211,0.36841687851523863,0.22448527337025606,0.12802768166089964,-42.62479488768553,127.5081676494767,0.9966733090512387,fdr_bh,False
lt1_vs_lt2_per_model_class,"model_name=AttentionLSTMRegressor(batch_size=64,checkpoint_every_epochs=4,dropout=0.3,hidden_size=64,internal_stride_sec=30,lr=0.001,max_epochs=20,num_layers=2,outer_stride_sec=5,seq_len=12,weight_decay=1e-05)|feature_set=EMG+NIRS|with_abs=False",abs_lt_err_median_sec,lt1,lt2,17,190.12298301037615,190.01818411841106,0.10479889196508907,164.7291984558105,152.3692979812622,12.359900474548283,67.0,0.677703857421875,0.0024557175104973888,0.998070980797805,0.0005955989813211518,0.010380622837370242,-85.47857514777606,91.5088926133865,0.9966733090512387,fdr_bh,False
lt1_vs_lt2_per_model_class,"model_name=AttentionLSTMRegressor(batch_size=64,checkpoint_every_epochs=4,dropout=0.3,hidden_size=64,internal_stride_sec=30,lr=0.001,max_epochs=20,num_layers=2,outer_stride_sec=5,seq_len=12,weight_decay=1e-05)|feature_set=EMG+NIRS|with_abs=True",abs_lt_err_median_sec,lt1,lt2,17,187.99376654975552,213.7866683427025,-25.792901792946992,148.74625205993647,158.39557266235352,-9.649320602417049,66.0,0.644134521484375,-0.5548214878002973,0.5866899188044801,-0.1345639763272333,-0.12110726643598616,-120.03937604514987,62.839972890212174,0.9966733090512387,fdr_bh,False
lt1_vs_lt2_per_model_class,"model_name=AttentionLSTMRegressor(batch_size=64,checkpoint_every_epochs=4,dropout=0.3,hidden_size=64,internal_stride_sec=30,lr=0.001,max_epochs=20,num_layers=2,outer_stride_sec=5,seq_len=12,weight_decay=1e-05)|feature_set=EMG+NIRS+HRV|with_abs=False",abs_lt_err_median_sec,lt1,lt2,17,169.72781990556152,170.2303504803601,-0.502530574798584,124.02780914306643,176.16153717041038,-52.13372802734395,69.0,0.7466583251953125,-0.011130578734122928,0.9912568722149577,-0.0026995618702966204,-0.11418685121107267,-86.92320393709566,95.29194971007458,0.9966733090512387,fdr_bh,False
lt1_vs_lt2_per_model_class,"model_name=AttentionLSTMRegressor(batch_size=64,checkpoint_every_epochs=4,dropout=0.3,hidden_size=64,internal_stride_sec=30,lr=0.001,max_epochs=20,num_layers=2,outer_stride_sec=5,seq_len=12,weight_decay=1e-05)|feature_set=EMG+NIRS+HRV|with_abs=True",abs_lt_err_median_sec,lt1,lt2,17,164.66867216895602,156.6549802667954,8.013691902160616,116.658794403076,124.4407958984375,-7.782001495361499,72.0,0.8536376953125,0.2052352185200367,0.8399766817769927,0.04977685200322548,-0.14878892733564014,-67.8662326777683,90.42708334992918,0.9966733090512387,fdr_bh,False
lt1_vs_lt2_per_model_class,"model_name=DwtTCN(batch_size=64,checkpoint_every_epochs=4,dilations=[1, 2, 4],dropout=0.3,internal_stride_sec=5,kernel_size=3,lr=0.001,max_epochs=80,n_channels=32,outer_stride_sec=5,seq_len=30,weight_decay=0.001)|feature_set=EMG|with_abs=False",abs_lt_err_median_sec,lt1,lt2,17,213.3524024346295,170.27724007999197,43.07516235463754,204.55287170410156,120.48258972167991,84.07028198242165,59.0,0.4306793212890625,1.078854853076196,0.2966487078016452,0.2616607361143164,0.14186851211072665,-31.73629325207546,123.51247173126984,0.9966733090512387,fdr_bh,False
lt1_vs_lt2_per_model_class,"model_name=DwtTCN(batch_size=64,checkpoint_every_epochs=4,dilations=[1, 2, 4],dropout=0.3,internal_stride_sec=5,kernel_size=3,lr=0.001,max_epochs=80,n_channels=32,outer_stride_sec=5,seq_len=30,weight_decay=0.001)|feature_set=EMG|with_abs=True",abs_lt_err_median_sec,lt1,lt2,17,213.3524024346295,170.27724007999197,43.07516235463754,204.55287170410156,120.48258972167991,84.07028198242165,59.0,0.4306793212890625,1.078854853076196,0.2966487078016452,0.2616607361143164,0.14186851211072665,-31.73629325207546,123.51247173126984,0.9966733090512387,fdr_bh,False
lt1_vs_lt2_per_model_class,"model_name=DwtTCN(batch_size=64,checkpoint_every_epochs=4,dilations=[1, 2, 4],dropout=0.3,internal_stride_sec=5,kernel_size=3,lr=0.001,max_epochs=80,n_channels=32,outer_stride_sec=5,seq_len=30,weight_decay=0.001)|feature_set=EMG+NIRS|with_abs=False",abs_lt_err_median_sec,lt1,lt2,17,190.3140364534714,152.4153303258559,37.8987061276155,149.61833953857416,105.20626831054688,44.41207122802729,71.0,0.8175811767578125,0.7038058904270278,0.4916702231103069,0.17069800153897205,0.10726643598615918,-52.36586534836704,150.05463845379197,0.9966733090512387,fdr_bh,False
lt1_vs_lt2_per_model_class,"model_name=DwtTCN(batch_size=64,checkpoint_every_epochs=4,dilations=[1, 2, 4],dropout=0.3,internal_stride_sec=5,kernel_size=3,lr=0.001,max_epochs=80,n_channels=32,outer_stride_sec=5,seq_len=30,weight_decay=0.001)|feature_set=EMG+NIRS|with_abs=True",abs_lt_err_median_sec,lt1,lt2,17,197.5213230637943,191.19050037159624,6.330822692198069,190.37973022460994,161.0296325683588,29.350097656251137,75.0,0.963226318359375,0.15133107211600694,0.881606165968545,0.03670317616307413,-0.0034602076124567475,-74.32453988860594,84.668896459832,0.9969216167062953,fdr_bh,False
lt1_vs_lt2_per_model_class,"model_name=DwtTCN(batch_size=64,checkpoint_every_epochs=4,dilations=[1, 2, 4],dropout=0.3,internal_stride_sec=5,kernel_size=3,lr=0.001,max_epochs=80,n_channels=32,outer_stride_sec=5,seq_len=30,weight_decay=0.001)|feature_set=EMG+NIRS+HRV|with_abs=False",abs_lt_err_median_sec,lt1,lt2,17,151.47895591399254,119.09719893511608,32.38175697887645,143.85136413574173,76.84944152832031,67.00192260742142,67.0,0.677703857421875,0.9466517073264973,0.35789503775293463,0.2295967635281438,0.11418685121107267,-29.430228452121504,101.22140590513446,0.9966733090512387,fdr_bh,False
lt1_vs_lt2_per_model_class,"model_name=DwtTCN(batch_size=64,checkpoint_every_epochs=4,dilations=[1, 2, 4],dropout=0.3,internal_stride_sec=5,kernel_size=3,lr=0.001,max_epochs=80,n_channels=32,outer_stride_sec=5,seq_len=30,weight_decay=0.001)|feature_set=EMG+NIRS+HRV|with_abs=True",abs_lt_err_median_sec,lt1,lt2,17,176.3746515442342,118.45897607242368,57.91567547181053,142.60850524902344,96.01824951171875,46.59025573730469,52.0,0.2633209228515625,1.466413463508972,0.16191400775187886,0.3556575059338424,0.14186851211072665,-15.038683414459346,139.59570166363403,0.9966733090512387,fdr_bh,False
lt1_vs_lt2_per_model_class,"model_name=ElasticNet(alpha=0.01,l1_ratio=0.2,max_iter=5000,random_state=42)|feature_set=EMG|with_abs=False",abs_lt_err_median_sec,lt1,lt2,18,265.1268655531639,232.46126612124434,32.66559943191956,247.6772020472687,178.78047245120402,68.89672959606469,77.0,0.7337265014648438,0.7398227400665952,0.46950186356950974,0.17437789212570065,0.16666666666666666,-44.45997138684985,118.20980111191521,0.9966733090512387,fdr_bh,False
lt1_vs_lt2_per_model_class,"model_name=ElasticNet(alpha=0.01,l1_ratio=0.2,max_iter=5000,random_state=42)|feature_set=EMG|with_abs=True",abs_lt_err_median_sec,lt1,lt2,18,265.1268655531639,232.46126612124434,32.66559943191956,247.6772020472687,178.78047245120402,68.89672959606469,77.0,0.7337265014648438,0.7398227400665952,0.46950186356950974,0.17437789212570065,0.16666666666666666,-44.45997138684985,118.20980111191521,0.9966733090512387,fdr_bh,False
lt1_vs_lt2_per_model_class,"model_name=ElasticNet(alpha=0.01,l1_ratio=0.2,max_iter=5000,random_state=42)|feature_set=EMG+NIRS|with_abs=False",abs_lt_err_median_sec,lt1,lt2,18,214.52477311113697,176.23246634952466,38.29230676161231,177.7612450368531,166.74465389929156,11.016591137561534,76.0,0.7018814086914062,1.0201638644499826,0.3219502007469178,0.24045492882468553,0.030864197530864196,-22.298364747287355,115.49654296461787,0.9966733090512387,fdr_bh,False
lt1_vs_lt2_per_model_class,"model_name=ElasticNet(alpha=0.01,l1_ratio=0.2,max_iter=5000,random_state=42)|feature_set=EMG+NIRS|with_abs=True",abs_lt_err_median_sec,lt1,lt2,18,285.53894220746747,244.81008113268248,40.72886107478499,251.28496065082408,192.2813925937378,59.003568057086284,83.0,0.932281494140625,0.812870990679674,0.4275299054260197,0.19159552991314144,0.08641975308641975,-51.99088796500994,142.74957708796734,0.9966733090512387,fdr_bh,False
lt1_vs_lt2_per_model_class,"model_name=ElasticNet(alpha=0.01,l1_ratio=0.2,max_iter=5000,random_state=42)|feature_set=EMG+NIRS+HRV|with_abs=False",abs_lt_err_median_sec,lt1,lt2,18,134.81073696405963,117.22623716521838,17.58449979884125,65.72745808452589,102.03205167797117,-36.304593593445276,77.0,0.7337265014648438,0.5579677852151566,0.5841404015396012,0.13151426820309212,-0.1111111111111111,-41.33063440128666,82.62960215328796,0.9966733090512387,fdr_bh,False
lt1_vs_lt2_per_model_class,"model_name=ElasticNet(alpha=0.01,l1_ratio=0.2,max_iter=5000,random_state=42)|feature_set=EMG+NIRS+HRV|with_abs=True",abs_lt_err_median_sec,lt1,lt2,18,195.59052934257426,131.83216530400247,63.758364038571784,97.83278069878352,93.32416170340554,4.5086189953779865,43.0,0.06653594970703125,1.620954497324215,0.12342655217078778,0.38206263901759463,0.16049382716049382,-3.559488607434444,145.5551783503794,0.9966733090512387,fdr_bh,False
lt1_vs_lt2_per_model_class,"model_name=ElasticNet(alpha=0.01,l1_ratio=0.2,max_iter=5000,random_state=42)|feature_set=HRV|with_abs=False",abs_lt_err_median_sec,lt1,lt2,18,162.59881858482743,148.76726681466573,13.831551770161695,139.72716600093244,119.44295971019943,20.28420629073301,75.0,0.6705245971679688,0.2795119981906329,0.7832241601776914,0.0658816097811995,0.04938271604938271,-78.76384369650926,107.21712476905148,0.9966733090512387,fdr_bh,False
lt1_vs_lt2_per_model_class,"model_name=ElasticNet(alpha=0.01,l1_ratio=0.2,max_iter=5000,random_state=42)|feature_set=HRV|with_abs=True",abs_lt_err_median_sec,lt1,lt2,18,182.3162754570773,120.82504848339714,61.491226973680156,163.1999248649099,106.46013616922318,56.73978869568671,48.0,0.1083831787109375,1.4349154515174412,0.16945332710250932,0.3382128153991131,0.25925925925925924,-13.04347753328463,147.8797401526689,0.9966733090512387,fdr_bh,False
lt1_vs_lt2_per_model_class,"model_name=ElasticNet(alpha=0.01,l1_ratio=0.2,max_iter=5000,random_state=42)|feature_set=NIRS|with_abs=False",abs_lt_err_median_sec,lt1,lt2,18,178.7809133394077,160.3797774729174,18.401135866490307,115.04394466188512,147.4686425508035,-32.42469788891839,82.0,0.8985748291015625,0.6767161890249571,0.5076901504591362,0.15950353539942158,-0.018518518518518517,-31.27449587219858,74.64787996898204,0.9966733090512387,fdr_bh,False
lt1_vs_lt2_per_model_class,"model_name=ElasticNet(alpha=0.01,l1_ratio=0.2,max_iter=5000,random_state=42)|feature_set=NIRS|with_abs=True",abs_lt_err_median_sec,lt1,lt2,18,245.65810465116095,270.2052073281609,-24.54710267699994,158.1575006217317,240.4251914627925,-82.26769084106078,71.0,0.550872802734375,-0.7530602450307784,0.46171593227501223,-0.17749800196775553,-0.07407407407407407,-93.67706773031608,37.144984849515616,0.9966733090512387,fdr_bh,False
lt1_vs_lt2_per_model_class,"model_name=ElasticNet(alpha=0.01,l1_ratio=0.5,max_iter=5000,random_state=42)|feature_set=EMG|with_abs=False",abs_lt_err_median_sec,lt1,lt2,18,265.56965847308925,238.55530027050398,27.01435820258527,243.05797139848457,180.06833099607448,62.98964040241009,80.0,0.83172607421875,0.6158160151174016,0.5461733812504866,0.14514922675093073,0.12345679012345678,-48.49325977677077,111.99765371100985,0.9966733090512387,fdr_bh,False
lt1_vs_lt2_per_model_class,"model_name=ElasticNet(alpha=0.01,l1_ratio=0.5,max_iter=5000,random_state=42)|feature_set=EMG|with_abs=True",abs_lt_err_median_sec,lt1,lt2,18,265.56965847308925,238.55530027050398,27.01435820258527,243.05797139848457,180.06833099607448,62.98964040241009,80.0,0.83172607421875,0.6158160151174016,0.5461733812504866,0.14514922675093073,0.12345679012345678,-48.49325977677077,111.99765371100985,0.9966733090512387,fdr_bh,False
lt1_vs_lt2_per_model_class,"model_name=ElasticNet(alpha=0.01,l1_ratio=0.5,max_iter=5000,random_state=42)|feature_set=EMG+NIRS|with_abs=False",abs_lt_err_median_sec,lt1,lt2,18,218.16811600209178,175.75263804267635,42.415477959415426,182.36946074915755,177.75983104610805,4.609629703049507,69.0,0.49507904052734375,1.138893680240724,0.2705425659334909,0.2684398147829064,0.043209876543209874,-16.724113977786857,118.91262080316544,0.9966733090512387,fdr_bh,False
lt1_vs_lt2_per_model_class,"model_name=ElasticNet(alpha=0.01,l1_ratio=0.5,max_iter=5000,random_state=42)|feature_set=EMG+NIRS|with_abs=True",abs_lt_err_median_sec,lt1,lt2,18,296.4134590211217,253.69645460315073,42.71700441797097,263.361574164534,195.26654132474812,68.09503283978586,84.0,0.9661178588867188,0.8324616957004239,0.4166902031312676,0.196213103369274,0.12345679012345678,-54.42959073592275,145.7297418091207,0.9969216167062953,fdr_bh,False
lt1_vs_lt2_per_model_class,"model_name=ElasticNet(alpha=0.01,l1_ratio=0.5,max_iter=5000,random_state=42)|feature_set=EMG+NIRS+HRV|with_abs=False",abs_lt_err_median_sec,lt1,lt2,18,136.2002282223504,117.53060062768347,18.669627594666935,80.30621334916086,104.69296446359706,-24.38675111443621,73.0,0.6094589233398438,0.6068196118882696,0.5519894883297196,0.14302875417439478,-0.06172839506172839,-39.22001008753436,81.63712455382299,0.9966733090512387,fdr_bh,False
lt1_vs_lt2_per_model_class,"model_name=ElasticNet(alpha=0.01,l1_ratio=0.5,max_iter=5000,random_state=42)|feature_set=EMG+NIRS+HRV|with_abs=True",abs_lt_err_median_sec,lt1,lt2,18,196.6217838895981,134.0526062243256,62.56917766527252,100.46307335805398,86.95409014903066,13.508983209023313,45.0,0.08142852783203125,1.6015445683705503,0.1276737236213685,0.37748767488909946,0.1728395061728395,-4.822412684881367,144.36369203560366,0.9966733090512387,fdr_bh,False
lt1_vs_lt2_per_model_class,"model_name=ElasticNet(alpha=0.01,l1_ratio=0.5,max_iter=5000,random_state=42)|feature_set=HRV|with_abs=False",abs_lt_err_median_sec,lt1,lt2,18,162.53396874959384,149.16370633491437,13.370262414679473,139.8901955873907,119.4191716957015,20.471023891689214,74.0,0.6396942138671875,0.2697593487328797,0.7905925850246308,0.06358288825916197,0.04938271604938271,-79.28960620059051,106.47649263976597,0.9966733090512387,fdr_bh,False
lt1_vs_lt2_per_model_class,"model_name=ElasticNet(alpha=0.01,l1_ratio=0.5,max_iter=5000,random_state=42)|feature_set=HRV|with_abs=True",abs_lt_err_median_sec,lt1,lt2,18,182.59244422842164,121.6296208095132,60.96282341890844,163.75784267696883,106.43031789982518,57.32752477714365,48.0,0.1083831787109375,1.4269072549158464,0.17171583439475643,0.33632526535842555,0.25925925925925924,-13.079273551109408,147.0967708009391,0.9966733090512387,fdr_bh,False
lt1_vs_lt2_per_model_class,"model_name=ElasticNet(alpha=0.01,l1_ratio=0.5,max_iter=5000,random_state=42)|feature_set=NIRS|with_abs=False",abs_lt_err_median_sec,lt1,lt2,18,176.8256420200313,165.1128956575578,11.712746362473496,112.19577259211025,153.54352642127418,-41.347753829163935,85.0,1.0,0.40891455119582626,0.6877076781710145,0.09638208402547413,-0.04938271604938271,-40.703394456821385,69.82280753414823,1.0,fdr_bh,False
lt1_vs_lt2_per_model_class,"model_name=ElasticNet(alpha=0.01,l1_ratio=0.5,max_iter=5000,random_state=42)|feature_set=NIRS|with_abs=True",abs_lt_err_median_sec,lt1,lt2,18,250.53210725550025,282.0735020886215,-31.541394833121274,159.25426622803087,245.6736116738653,-86.41934544583444,73.0,0.6094589233398438,-0.9060003447086602,0.37759816940884694,-0.2135463291669477,-0.09259259259259259,-104.9792029651731,33.16509831579791,0.9966733090512387,fdr_bh,False
lt1_vs_lt2_per_model_class,"model_name=ElasticNet(alpha=0.01,l1_ratio=0.9,max_iter=5000,random_state=42)|feature_set=EMG|with_abs=False",abs_lt_err_median_sec,lt1,lt2,18,250.604048778943,251.63922554021045,-1.0351767612674507,219.34437143000076,240.30041751143222,-20.956046081431452,76.0,0.7018814086914062,-0.02255251510142247,0.9822698238799459,-0.005315678787009282,-0.06172839506172839,-81.17826697090274,87.72999694071771,0.9966733090512387,fdr_bh,False
lt1_vs_lt2_per_model_class,"model_name=ElasticNet(alpha=0.01,l1_ratio=0.9,max_iter=5000,random_state=42)|feature_set=EMG|with_abs=True",abs_lt_err_median_sec,lt1,lt2,18,250.604048778943,251.63922554021045,-1.0351767612674507,219.34437143000076,240.30041751143222,-20.956046081431452,76.0,0.7018814086914062,-0.02255251510142247,0.9822698238799459,-0.005315678787009282,-0.06172839506172839,-81.17826697090274,87.72999694071771,0.9966733090512387,fdr_bh,False
lt1_vs_lt2_per_model_class,"model_name=ElasticNet(alpha=0.01,l1_ratio=0.9,max_iter=5000,random_state=42)|feature_set=EMG+NIRS|with_abs=False",abs_lt_err_median_sec,lt1,lt2,18,246.83275247926193,167.9565240303214,78.87622844894054,228.33224374027523,181.8635110455271,46.46873269474813,36.0,0.030364990234375,2.151889487977094,0.04607003787754409,0.5072052164375505,0.25308641975308643,17.697719825914113,150.78293322178854,0.9966733090512387,fdr_bh,False
lt1_vs_lt2_per_model_class,"model_name=ElasticNet(alpha=0.01,l1_ratio=0.9,max_iter=5000,random_state=42)|feature_set=EMG+NIRS|with_abs=True",abs_lt_err_median_sec,lt1,lt2,18,314.23978696690233,259.9796116637142,54.260175303188134,279.7981925842207,232.27569956937464,47.52249301484608,75.0,0.6705245971679688,0.9582682808555951,0.3513586089441603,0.22586599986298878,0.07407407407407407,-52.37191164660068,164.32896737976893,0.9966733090512387,fdr_bh,False
lt1_vs_lt2_per_model_class,"model_name=ElasticNet(alpha=0.01,l1_ratio=0.9,max_iter=5000,random_state=42)|feature_set=EMG+NIRS+HRV|with_abs=False",abs_lt_err_median_sec,lt1,lt2,18,146.53620421456415,117.07840339713123,29.457800817432926,78.55348088782794,101.59204847703495,-23.038567589207005,63.0,0.34654998779296875,0.9622356352784834,0.34941950179054354,0.22680111426825367,0.043209876543209874,-29.736005632314598,93.15164645747552,0.9966733090512387,fdr_bh,False
lt1_vs_lt2_per_model_class,"model_name=ElasticNet(alpha=0.01,l1_ratio=0.9,max_iter=5000,random_state=42)|feature_set=EMG+NIRS+HRV|with_abs=True",abs_lt_err_median_sec,lt1,lt2,18,204.44458825192268,144.15813429899728,60.2864539529254,108.40112535616505,88.86727446267523,19.533850893489827,46.0,0.0897674560546875,1.5678329266595623,0.13534457519692045,0.3695417647361759,0.16666666666666666,-5.296740676244524,139.44629230023372,0.9966733090512387,fdr_bh,False
lt1_vs_lt2_per_model_class,"model_name=ElasticNet(alpha=0.01,l1_ratio=0.9,max_iter=5000,random_state=42)|feature_set=HRV|with_abs=False",abs_lt_err_median_sec,lt1,lt2,18,162.30454656356326,149.17911414666125,13.125432416902015,142.1107096393191,119.91710980696507,22.19359983235404,76.0,0.7018814086914062,0.26478090106847907,0.7943618873855175,0.06240945689140196,0.037037037037037035,-79.61383144409793,106.56121035633862,0.9966733090512387,fdr_bh,False
lt1_vs_lt2_per_model_class,"model_name=ElasticNet(alpha=0.01,l1_ratio=0.9,max_iter=5000,random_state=42)|feature_set=HRV|with_abs=True",abs_lt_err_median_sec,lt1,lt2,18,182.9163354065795,122.88782846361975,60.02850694295974,162.26884354002777,107.12894164284211,55.139901897185666,48.0,0.1083831787109375,1.4102929558033654,0.17648834345743847,0.3324092375027266,0.25308641975308643,-13.123960444421234,145.85380799063003,0.9966733090512387,fdr_bh,False
lt1_vs_lt2_per_model_class,"model_name=ElasticNet(alpha=0.01,l1_ratio=0.9,max_iter=5000,random_state=42)|feature_set=NIRS|with_abs=False",abs_lt_err_median_sec,lt1,lt2,18,188.93771589973377,175.67216486570018,13.265551034033592,130.52810728342007,156.79298076091408,-26.264873477494007,84.0,0.9661178588867188,0.48575383276946543,0.6333433144903308,0.1144932763795484,-0.018518518518518517,-36.251871528937905,69.65001251974411,0.9969216167062953,fdr_bh,False
lt1_vs_lt2_per_model_class,"model_name=ElasticNet(alpha=0.01,l1_ratio=0.9,max_iter=5000,random_state=42)|feature_set=NIRS|with_abs=True",abs_lt_err_median_sec,lt1,lt2,18,269.1824064479669,308.53335930092453,-39.35095285295762,177.98802605221812,273.19613314996235,-95.20810709774423,70.0,0.522613525390625,-1.0681764957341053,0.30037517556488047,-0.25177161454588975,-0.11728395061728394,-120.9661395182918,27.081148657640576,0.9966733090512387,fdr_bh,False
lt1_vs_lt2_per_model_class,"model_name=ElasticNet(alpha=0.1,l1_ratio=0.2,max_iter=5000,random_state=42)|feature_set=EMG|with_abs=False",abs_lt_err_median_sec,lt1,lt2,18,218.99532190193838,212.27307101551162,6.722250886426764,202.73559385106228,136.9481185971719,65.78747525389036,83.0,0.932281494140625,0.15911014119090708,0.8754570905844967,0.03750261993054647,0.16049382716049382,-67.8831038014946,85.71550392062257,0.9966733090512387,fdr_bh,False
lt1_vs_lt2_per_model_class,"model_name=ElasticNet(alpha=0.1,l1_ratio=0.2,max_iter=5000,random_state=42)|feature_set=EMG|with_abs=True",abs_lt_err_median_sec,lt1,lt2,18,218.99532190193838,212.27307101551162,6.722250886426764,202.73559385106228,136.9481185971719,65.78747525389036,83.0,0.932281494140625,0.15911014119090708,0.8754570905844967,0.03750261993054647,0.16049382716049382,-67.8831038014946,85.71550392062257,0.9966733090512387,fdr_bh,False
lt1_vs_lt2_per_model_class,"model_name=ElasticNet(alpha=0.1,l1_ratio=0.2,max_iter=5000,random_state=42)|feature_set=EMG+NIRS|with_abs=False",abs_lt_err_median_sec,lt1,lt2,18,193.03774808280684,164.52151216604727,28.51623591675957,160.40628691117413,150.36026340721259,10.04602350396155,78.0,0.7660293579101562,0.7163424763034316,0.483505336754337,0.16884354088204007,0.13580246913580246,-45.180574794205036,110.97617530219907,0.9966733090512387,fdr_bh,False
lt1_vs_lt2_per_model_class,"model_name=ElasticNet(alpha=0.1,l1_ratio=0.2,max_iter=5000,random_state=42)|feature_set=EMG+NIRS|with_abs=True",abs_lt_err_median_sec,lt1,lt2,18,226.6334254330828,205.5278627891558,21.105562643927016,186.160399001134,177.51663347534077,8.643765525793242,80.0,0.83172607421875,0.514902171048136,0.6132512985904488,0.12136360559860417,0.07407407407407407,-53.84644663200526,101.66211756730037,0.9966733090512387,fdr_bh,False
lt1_vs_lt2_per_model_class,"model_name=ElasticNet(alpha=0.1,l1_ratio=0.2,max_iter=5000,random_state=42)|feature_set=EMG+NIRS+HRV|with_abs=False",abs_lt_err_median_sec,lt1,lt2,18,142.64598834286514,133.98886516847466,8.657123174390478,100.47993314452697,103.53735414398463,-3.057420999457662,83.0,0.932281494140625,0.2678140139029402,0.7920648149139621,0.06312436844251912,-0.08024691358024691,-50.984664949119775,72.18276060387869,0.9966733090512387,fdr_bh,False
lt1_vs_lt2_per_model_class,"model_name=ElasticNet(alpha=0.1,l1_ratio=0.2,max_iter=5000,random_state=42)|feature_set=EMG+NIRS+HRV|with_abs=True",abs_lt_err_median_sec,lt1,lt2,18,176.1592626492645,123.10463217568869,53.0546304735758,104.02151460247674,71.85151127623494,32.1700033262418,58.0,0.24620819091796875,1.358181699936269,0.19215909212943252,0.3201264967028028,0.16049382716049382,-16.530687877695545,131.1801302354368,0.9966733090512387,fdr_bh,False
lt1_vs_lt2_per_model_class,"model_name=ElasticNet(alpha=0.1,l1_ratio=0.2,max_iter=5000,random_state=42)|feature_set=HRV|with_abs=False",abs_lt_err_median_sec,lt1,lt2,18,158.63829348185442,143.74007133348104,14.898222148373378,129.29389216563524,112.353408922438,16.940483243197235,75.0,0.6705245971679688,0.3038519057334131,0.7649282795634016,0.07161858100685066,0.04938271604938271,-77.31315265508334,108.63373478368464,0.9966733090512387,fdr_bh,False
lt1_vs_lt2_per_model_class,"model_name=ElasticNet(alpha=0.1,l1_ratio=0.2,max_iter=5000,random_state=42)|feature_set=HRV|with_abs=True",abs_lt_err_median_sec,lt1,lt2,18,176.84010762538418,111.73776947825634,65.10233814712784,149.80878199165983,91.37414474004987,58.434637251609956,40.0,0.04827880859375,1.4964290721793057,0.15287662814734707,0.35271171483422686,0.3333333333333333,-14.99706484835094,151.4383680504134,0.9966733090512387,fdr_bh,False
lt1_vs_lt2_per_model_class,"model_name=ElasticNet(alpha=0.1,l1_ratio=0.2,max_iter=5000,random_state=42)|feature_set=NIRS|with_abs=False",abs_lt_err_median_sec,lt1,lt2,18,176.00912118224358,155.55761509532184,20.45150608692174,146.94298108861608,122.70883329159528,24.234147797020796,73.0,0.6094589233398438,0.8281843519628428,0.4190417057578456,0.19520492378183754,0.037037037037037035,-26.84459512770688,68.32717045832008,0.9966733090512387,fdr_bh,False
lt1_vs_lt2_per_model_class,"model_name=ElasticNet(alpha=0.1,l1_ratio=0.2,max_iter=5000,random_state=42)|feature_set=NIRS|with_abs=True",abs_lt_err_median_sec,lt1,lt2,18,204.75184300711896,201.46107507992656,3.2907679271924053,149.0189184999047,167.9087936621646,-18.889875162259926,84.0,0.9661178588867188,0.10724805302764696,0.9158477310753331,0.02527860852163453,0.012345679012345678,-56.74791266146996,61.22732164216654,0.9969216167062953,fdr_bh,False
lt1_vs_lt2_per_model_class,"model_name=ElasticNet(alpha=0.1,l1_ratio=0.5,max_iter=5000,random_state=42)|feature_set=EMG|with_abs=False",abs_lt_err_median_sec,lt1,lt2,18,229.1551237668775,212.82633851746073,16.328785249416768,212.13835224444637,122.90783796300761,89.23051428143876,83.0,0.932281494140625,0.37205270347814084,0.7144507633442544,0.08769366319606041,0.2222222222222222,-62.37757320061506,98.36972823138187,0.9966733090512387,fdr_bh,False
lt1_vs_lt2_per_model_class,"model_name=ElasticNet(alpha=0.1,l1_ratio=0.5,max_iter=5000,random_state=42)|feature_set=EMG|with_abs=True",abs_lt_err_median_sec,lt1,lt2,18,229.1551237668775,212.82633851746073,16.328785249416768,212.13835224444637,122.90783796300761,89.23051428143876,83.0,0.932281494140625,0.37205270347814084,0.7144507633442544,0.08769366319606041,0.2222222222222222,-62.37757320061506,98.36972823138187,0.9966733090512387,fdr_bh,False
lt1_vs_lt2_per_model_class,"model_name=ElasticNet(alpha=0.1,l1_ratio=0.5,max_iter=5000,random_state=42)|feature_set=EMG+NIRS|with_abs=False",abs_lt_err_median_sec,lt1,lt2,18,198.53879563817281,169.47163026147948,29.06716537669334,157.6472552089624,146.98094510612492,10.666310102837485,79.0,0.7987060546875,0.7152384241717807,0.48416982258063473,0.1685833132990155,0.10493827160493827,-44.85100648044392,112.39768125531782,0.9966733090512387,fdr_bh,False
lt1_vs_lt2_per_model_class,"model_name=ElasticNet(alpha=0.1,l1_ratio=0.5,max_iter=5000,random_state=42)|feature_set=EMG+NIRS|with_abs=True",abs_lt_err_median_sec,lt1,lt2,18,235.90782012702414,205.7302023665895,30.17761776043463,190.1637821166322,182.87481324273477,7.288968873897431,78.0,0.7660293579101562,0.6635350561739368,0.5158860817192182,0.15639671259186247,0.10493827160493827,-54.07910383161422,119.75383434583337,0.9966733090512387,fdr_bh,False
lt1_vs_lt2_per_model_class,"model_name=ElasticNet(alpha=0.1,l1_ratio=0.5,max_iter=5000,random_state=42)|feature_set=EMG+NIRS+HRV|with_abs=False",abs_lt_err_median_sec,lt1,lt2,18,139.2356150327214,127.61859806369733,11.617016969024064,88.42276534628417,98.1864843589988,-9.763719012714631,85.0,1.0,0.36208279222461626,0.7217518862247939,0.08534373257766197,-0.10493827160493827,-49.66654947497645,76.09737017750659,1.0,fdr_bh,False
lt1_vs_lt2_per_model_class,"model_name=ElasticNet(alpha=0.1,l1_ratio=0.5,max_iter=5000,random_state=42)|feature_set=EMG+NIRS+HRV|with_abs=True",abs_lt_err_median_sec,lt1,lt2,18,180.72257793207868,122.17645475291667,58.54612317916201,110.9965935185654,76.0439394598241,34.9526540587413,50.0,0.12973785400390625,1.4813722538611298,0.15680489350411583,0.3491627887222682,0.19135802469135801,-9.459353925488635,138.41146596407106,0.9966733090512387,fdr_bh,False
lt1_vs_lt2_per_model_class,"model_name=ElasticNet(alpha=0.1,l1_ratio=0.5,max_iter=5000,random_state=42)|feature_set=HRV|with_abs=False",abs_lt_err_median_sec,lt1,lt2,18,160.7649718583013,144.2997391552567,16.46523270304459,133.87585475092064,113.3323562748443,20.543498476076337,72.0,0.5798416137695312,0.33686426672894476,0.740342175438382,0.07939966911449024,0.06172839506172839,-74.53315687011614,109.86663672734616,0.9966733090512387,fdr_bh,False
lt1_vs_lt2_per_model_class,"model_name=ElasticNet(alpha=0.1,l1_ratio=0.5,max_iter=5000,random_state=42)|feature_set=HRV|with_abs=True",abs_lt_err_median_sec,lt1,lt2,18,178.5844439923228,114.28145091679329,64.30299307552951,153.27579298543998,97.97590621426122,55.29988677117876,42.0,0.0599365234375,1.4843350343517798,0.15602538821962011,0.3498611227809702,0.2962962962962963,-14.297254893549649,150.92251703586294,0.9966733090512387,fdr_bh,False
lt1_vs_lt2_per_model_class,"model_name=ElasticNet(alpha=0.1,l1_ratio=0.5,max_iter=5000,random_state=42)|feature_set=NIRS|with_abs=False",abs_lt_err_median_sec,lt1,lt2,18,178.95319197668735,154.82742082738574,24.125771149301613,142.60348517261707,128.26524022115774,14.33824495145933,72.0,0.5798416137695312,0.9511179615494044,0.35487217801617693,0.22418065343996993,0.06172839506172839,-24.229933580167643,72.88704194646034,0.9966733090512387,fdr_bh,False
lt1_vs_lt2_per_model_class,"model_name=ElasticNet(alpha=0.1,l1_ratio=0.5,max_iter=5000,random_state=42)|feature_set=NIRS|with_abs=True",abs_lt_err_median_sec,lt1,lt2,18,212.07229479825946,208.40895684404006,3.6633379542194007,149.58667494681387,172.18998663372366,-22.60331168690979,80.0,0.83172607421875,0.11821283811350579,0.907284569719212,0.0278630331511225,0.0,-58.76362640313263,61.30800522832674,0.9966733090512387,fdr_bh,False
lt1_vs_lt2_per_model_class,"model_name=ElasticNet(alpha=0.1,l1_ratio=0.9,max_iter=5000,random_state=42)|feature_set=EMG|with_abs=False",abs_lt_err_median_sec,lt1,lt2,18,263.3544349369533,227.75806572143745,35.596369215515836,248.47452217583358,173.18485371083835,75.28966846499523,75.0,0.6705245971679688,0.7948514050058271,0.4376569180213058,0.18734827283842506,0.18518518518518517,-43.46400077743398,123.56956571661304,0.9966733090512387,fdr_bh,False
lt1_vs_lt2_per_model_class,"model_name=ElasticNet(alpha=0.1,l1_ratio=0.9,max_iter=5000,random_state=42)|feature_set=EMG|with_abs=True",abs_lt_err_median_sec,lt1,lt2,18,263.3544349369533,227.75806572143745,35.596369215515836,248.47452217583358,173.18485371083835,75.28966846499523,75.0,0.6705245971679688,0.7948514050058271,0.4376569180213058,0.18734827283842506,0.18518518518518517,-43.46400077743398,123.56956571661304,0.9966733090512387,fdr_bh,False
lt1_vs_lt2_per_model_class,"model_name=ElasticNet(alpha=0.1,l1_ratio=0.9,max_iter=5000,random_state=42)|feature_set=EMG+NIRS|with_abs=False",abs_lt_err_median_sec,lt1,lt2,18,211.5191225725477,175.8533056899768,35.66581688257091,168.4020785069386,168.98275470829185,-0.580676201353242,82.0,0.8985748291015625,0.9287560890723581,0.3660160661408106,0.2189099095504539,0.018518518518518517,-30.73846605663594,114.71107639711322,0.9966733090512387,fdr_bh,False
lt1_vs_lt2_per_model_class,"model_name=ElasticNet(alpha=0.1,l1_ratio=0.9,max_iter=5000,random_state=42)|feature_set=EMG+NIRS|with_abs=True",abs_lt_err_median_sec,lt1,lt2,18,277.9929811473274,238.09943532121966,39.893545826107726,235.71190549726398,189.63932209438275,46.072583402881236,82.0,0.8985748291015625,0.8104382213751298,0.4288883792236844,0.1910221206890395,0.1111111111111111,-51.26226936892602,139.88226448054505,0.9966733090512387,fdr_bh,False
lt1_vs_lt2_per_model_class,"model_name=ElasticNet(alpha=0.1,l1_ratio=0.9,max_iter=5000,random_state=42)|feature_set=EMG+NIRS+HRV|with_abs=False",abs_lt_err_median_sec,lt1,lt2,18,134.032985609392,117.20605499693369,16.826930612458312,61.8574926701992,96.55105551721276,-34.69356284701356,76.0,0.7018814086914062,0.5317115479951807,0.6018055815737849,0.1253256137408629,-0.12962962962962962,-42.49958543005881,80.97599856946005,0.9966733090512387,fdr_bh,False
lt1_vs_lt2_per_model_class,"model_name=ElasticNet(alpha=0.1,l1_ratio=0.9,max_iter=5000,random_state=42)|feature_set=EMG+NIRS+HRV|with_abs=True",abs_lt_err_median_sec,lt1,lt2,18,193.5673039876336,129.4670880344364,64.10021595319722,97.50061291686735,90.0991650849633,7.401447831904051,48.0,0.1083831787109375,1.619406808436952,0.12376074490130222,0.3816978452484777,0.1728395061728395,-2.0927734648626144,146.30571769165434,0.9966733090512387,fdr_bh,False
lt1_vs_lt2_per_model_class,"model_name=ElasticNet(alpha=0.1,l1_ratio=0.9,max_iter=5000,random_state=42)|feature_set=HRV|with_abs=False",abs_lt_err_median_sec,lt1,lt2,18,162.70587560708518,148.578714838567,14.127160768518166,139.57736721701505,120.03471293171697,19.542654285298084,76.0,0.7018814086914062,0.285348436360091,0.7788246208756968,0.06725727145039946,0.04938271604938271,-78.33813580580367,107.42366605349027,0.9966733090512387,fdr_bh,False
lt1_vs_lt2_per_model_class,"model_name=ElasticNet(alpha=0.1,l1_ratio=0.9,max_iter=5000,random_state=42)|feature_set=HRV|with_abs=True",abs_lt_err_median_sec,lt1,lt2,18,181.98779869242108,120.31174811427728,61.6760505781438,162.5769161708905,106.25900026458959,56.317915906300925,49.0,0.11870574951171875,1.4398092667309592,0.16808273911414312,0.33936629870689733,0.2654320987654321,-13.597419416099022,148.22042281969186,0.9966733090512387,fdr_bh,False
lt1_vs_lt2_per_model_class,"model_name=ElasticNet(alpha=0.1,l1_ratio=0.9,max_iter=5000,random_state=42)|feature_set=NIRS|with_abs=False",abs_lt_err_median_sec,lt1,lt2,18,180.0953942291491,158.64390231551363,21.451491913635465,116.6142971494495,136.37202679261765,-19.757729643168148,80.0,0.83172607421875,0.8121445286218555,0.4279352800942308,0.19142430116402206,-0.012345679012345678,-28.70033748545249,75.8770549935337,0.9966733090512387,fdr_bh,False
lt1_vs_lt2_per_model_class,"model_name=ElasticNet(alpha=0.1,l1_ratio=0.9,max_iter=5000,random_state=42)|feature_set=NIRS|with_abs=True",abs_lt_err_median_sec,lt1,lt2,18,239.7931965501787,264.4449035733218,-24.651707023143132,157.0481432109616,236.73540692517696,-79.68726371421536,72.0,0.5798416137695312,-0.745960353498053,0.46588208426159056,-0.1758245414849291,-0.06790123456790123,-95.6602929996845,37.88172220424654,0.9966733090512387,fdr_bh,False
lt1_vs_lt2_per_model_class,"model_name=ElasticNet(alpha=1.0,l1_ratio=0.2,max_iter=5000,random_state=42)|feature_set=EMG|with_abs=False",abs_lt_err_median_sec,lt1,lt2,18,189.15041835490376,201.85272888186378,-12.70231052696002,155.3600096740178,152.40010166521228,2.959908008805513,76.0,0.7018814086914062,-0.35508477876649347,0.7268932525018348,-0.08369428498730419,-0.012345679012345678,-77.2081333005134,57.10393894712183,0.9966733090512387,fdr_bh,False
lt1_vs_lt2_per_model_class,"model_name=ElasticNet(alpha=1.0,l1_ratio=0.2,max_iter=5000,random_state=42)|feature_set=EMG|with_abs=True",abs_lt_err_median_sec,lt1,lt2,18,189.15041835490376,201.85272888186378,-12.70231052696002,155.3600096740178,152.40010166521228,2.959908008805513,76.0,0.7018814086914062,-0.35508477876649347,0.7268932525018348,-0.08369428498730419,-0.012345679012345678,-77.2081333005134,57.10393894712183,0.9966733090512387,fdr_bh,False
lt1_vs_lt2_per_model_class,"model_name=ElasticNet(alpha=1.0,l1_ratio=0.2,max_iter=5000,random_state=42)|feature_set=EMG+NIRS|with_abs=False",abs_lt_err_median_sec,lt1,lt2,18,181.45250138197127,184.70908945846315,-3.25658807649188,143.33026103680274,150.74819499368573,-7.41793395688299,84.0,0.9661178588867188,-0.11279975805689689,0.9115106195545225,-0.026587157946077897,0.018518518518518517,-60.867789737942836,52.757516527566494,0.9969216167062953,fdr_bh,False
lt1_vs_lt2_per_model_class,"model_name=ElasticNet(alpha=1.0,l1_ratio=0.2,max_iter=5000,random_state=42)|feature_set=EMG+NIRS|with_abs=True",abs_lt_err_median_sec,lt1,lt2,18,196.73321799586893,203.5536356636695,-6.8204176678005695,147.501534430231,174.55845762828318,-27.056923198052175,83.0,0.932281494140625,-0.23689521107693678,0.8155691617370844,-0.05583673672770685,0.018518518518518517,-64.67085062647985,48.26488867125164,0.9966733090512387,fdr_bh,False
lt1_vs_lt2_per_model_class,"model_name=ElasticNet(alpha=1.0,l1_ratio=0.2,max_iter=5000,random_state=42)|feature_set=EMG+NIRS+HRV|with_abs=False",abs_lt_err_median_sec,lt1,lt2,18,150.665248341966,162.35908571661884,-11.693837374652844,116.517553067139,148.56961309638632,-32.052060029247315,68.0,0.468292236328125,-0.36789467303904316,0.7174923402717702,-0.08671360602277173,-0.20987654320987653,-72.71688117730643,51.97872966280127,0.9966733090512387,fdr_bh,False
lt1_vs_lt2_per_model_class,"model_name=ElasticNet(alpha=1.0,l1_ratio=0.2,max_iter=5000,random_state=42)|feature_set=EMG+NIRS+HRV|with_abs=True",abs_lt_err_median_sec,lt1,lt2,18,161.7799507664661,146.56447017079626,15.215480595669845,131.43486641008255,108.5144200125373,22.92044639754525,77.0,0.7337265014648438,0.42910348560061645,0.6732364801806761,0.10114066149965999,-0.030864197530864196,-48.72826279619795,86.16227231967278,0.9966733090512387,fdr_bh,False
lt1_vs_lt2_per_model_class,"model_name=ElasticNet(alpha=1.0,l1_ratio=0.2,max_iter=5000,random_state=42)|feature_set=HRV|with_abs=False",abs_lt_err_median_sec,lt1,lt2,18,140.6565206172847,127.52097113722373,13.135549480060988,109.21695122328308,97.66606840126076,11.550882822022317,76.0,0.7018814086914062,0.30869030254854385,0.7613079308417279,0.07275900207286745,0.012345679012345678,-63.24174215070723,100.90819064517397,0.9966733090512387,fdr_bh,False
lt1_vs_lt2_per_model_class,"model_name=ElasticNet(alpha=1.0,l1_ratio=0.2,max_iter=5000,random_state=42)|feature_set=HRV|with_abs=True",abs_lt_err_median_sec,lt1,lt2,18,148.80065113526794,107.98216292040254,40.8184882148654,116.84021600273786,72.48810938854155,44.352106614196316,51.0,0.14151763916015625,0.9160930276052459,0.37243114610390293,0.21592519733912813,0.1728395061728395,-36.60473421023686,135.20698108188788,0.9966733090512387,fdr_bh,False
lt1_vs_lt2_per_model_class,"model_name=ElasticNet(alpha=1.0,l1_ratio=0.2,max_iter=5000,random_state=42)|feature_set=NIRS|with_abs=False",abs_lt_err_median_sec,lt1,lt2,18,148.26614404594577,141.46296942512708,6.80317462081868,109.45900661195256,106.87074659291835,2.588260019034209,78.0,0.7660293579101562,0.34168378135357586,0.7367761558694887,0.08053563960552504,0.06790123456790123,-31.894541875639497,46.57506595870607,0.9966733090512387,fdr_bh,False
lt1_vs_lt2_per_model_class,"model_name=ElasticNet(alpha=1.0,l1_ratio=0.2,max_iter=5000,random_state=42)|feature_set=NIRS|with_abs=True",abs_lt_err_median_sec,lt1,lt2,18,162.74948041197524,162.7603222155518,-0.010841803576568054,131.04964378820875,136.66178454072593,-5.612140752517178,82.0,0.8985748291015625,-0.00045091824166214046,0.9996454684942129,-0.00010628244881333799,0.08024691358024691,-48.20951368605604,44.90410975319401,0.9966733090512387,fdr_bh,False
lt1_vs_lt2_per_model_class,"model_name=ElasticNet(alpha=1.0,l1_ratio=0.5,max_iter=5000,random_state=42)|feature_set=EMG|with_abs=False",abs_lt_err_median_sec,lt1,lt2,18,193.50346482452917,204.95575380382022,-11.45228897929104,172.83915100236274,134.7527649297278,38.08638607263495,77.0,0.7337265014648438,-0.31264838724029703,0.758350505905492,-0.07369193158155056,0.018518518518518517,-76.16259551347554,58.93197625128838,0.9966733090512387,fdr_bh,False
lt1_vs_lt2_per_model_class,"model_name=ElasticNet(alpha=1.0,l1_ratio=0.5,max_iter=5000,random_state=42)|feature_set=EMG|with_abs=True",abs_lt_err_median_sec,lt1,lt2,18,193.50346482452917,204.95575380382022,-11.45228897929104,172.83915100236274,134.7527649297278,38.08638607263495,77.0,0.7337265014648438,-0.31264838724029703,0.758350505905492,-0.07369193158155056,0.018518518518518517,-76.16259551347554,58.93197625128838,0.9966733090512387,fdr_bh,False
lt1_vs_lt2_per_model_class,"model_name=ElasticNet(alpha=1.0,l1_ratio=0.5,max_iter=5000,random_state=42)|feature_set=EMG+NIRS|with_abs=False",abs_lt_err_median_sec,lt1,lt2,18,182.24246628494515,183.3500386336729,-1.1075723487277571,136.1974216934371,162.3102796044655,-26.112857911028414,84.0,0.9661178588867188,-0.036682593753975076,0.9711653976598111,-0.008646170264982355,0.030864197530864196,-61.89584446385721,57.22138808616737,0.9969216167062953,fdr_bh,False
lt1_vs_lt2_per_model_class,"model_name=ElasticNet(alpha=1.0,l1_ratio=0.5,max_iter=5000,random_state=42)|feature_set=EMG+NIRS|with_abs=True",abs_lt_err_median_sec,lt1,lt2,18,199.19701220649605,203.86470179143106,-4.667689584935005,141.34125093777567,185.9063953247906,-44.565144387014925,81.0,0.8650436401367188,-0.15593513313565335,0.8779208638711835,-0.0367542633551492,0.012345679012345678,-65.01600414024914,52.94938325953206,0.9966733090512387,fdr_bh,False
lt1_vs_lt2_per_model_class,"model_name=ElasticNet(alpha=1.0,l1_ratio=0.5,max_iter=5000,random_state=42)|feature_set=EMG+NIRS+HRV|with_abs=False",abs_lt_err_median_sec,lt1,lt2,18,150.72677766420992,159.58305440179095,-8.856276737581027,117.77464155252824,150.11665500307527,-32.34201345054703,71.0,0.550872802734375,-0.27277811150487774,0.7883095988509101,-0.06429441746811974,-0.20987654320987653,-70.56224674728227,56.552476406477304,0.9966733090512387,fdr_bh,False
lt1_vs_lt2_per_model_class,"model_name=ElasticNet(alpha=1.0,l1_ratio=0.5,max_iter=5000,random_state=42)|feature_set=EMG+NIRS+HRV|with_abs=True",abs_lt_err_median_sec,lt1,lt2,18,164.95234007646096,140.70385619951583,24.24848387694513,123.30098041922679,108.15815274060047,15.142827678626318,69.0,0.49507904052734375,0.6721660798817136,0.5105109304281495,0.15843106438931276,0.012345679012345678,-40.17147114206801,94.79169336662291,0.9966733090512387,fdr_bh,False
lt1_vs_lt2_per_model_class,"model_name=ElasticNet(alpha=1.0,l1_ratio=0.5,max_iter=5000,random_state=42)|feature_set=HRV|with_abs=False",abs_lt_err_median_sec,lt1,lt2,18,147.2254495750156,131.21846107722834,16.006988497787262,118.39815889230766,92.59172563031717,25.80643326199049,71.0,0.550872802734375,0.35471684388271385,0.727163944369755,0.08360756190351898,0.037037037037037035,-66.59911746416898,108.15018351612312,0.9966733090512387,fdr_bh,False
lt1_vs_lt2_per_model_class,"model_name=ElasticNet(alpha=1.0,l1_ratio=0.5,max_iter=5000,random_state=42)|feature_set=HRV|with_abs=True",abs_lt_err_median_sec,lt1,lt2,18,158.3382701413132,112.43003378738211,45.90823635393107,128.4150920812432,71.34281883229374,57.07227324894944,41.0,0.05385589599609375,1.0186517423217456,0.3226471969722574,0.24009851822106598,0.19135802469135801,-35.17288566046424,142.00691186458485,0.9966733090512387,fdr_bh,False
lt1_vs_lt2_per_model_class,"model_name=ElasticNet(alpha=1.0,l1_ratio=0.5,max_iter=5000,random_state=42)|feature_set=NIRS|with_abs=False",abs_lt_err_median_sec,lt1,lt2,18,154.44341613819412,141.89534785135822,12.5480682868359,115.03366701990169,105.89245774471118,9.141209275190505,71.0,0.550872802734375,0.5917839218110207,0.5617834697347578,0.1394848080365808,0.08024691358024691,-29.61461304730039,54.72212138849023,0.9966733090512387,fdr_bh,False
lt1_vs_lt2_per_model_class,"model_name=ElasticNet(alpha=1.0,l1_ratio=0.5,max_iter=5000,random_state=42)|feature_set=NIRS|with_abs=True",abs_lt_err_median_sec,lt1,lt2,18,165.7378434431054,164.74231814403103,0.9955252990743588,143.2237710312248,128.82525089630713,14.398520134917675,83.0,0.932281494140625,0.03834888364961945,0.9698562640591537,0.009038918559859943,0.05555555555555555,-49.264236370043214,50.89188006270064,0.9966733090512387,fdr_bh,False
lt1_vs_lt2_per_model_class,"model_name=ElasticNet(alpha=1.0,l1_ratio=0.9,max_iter=5000,random_state=42)|feature_set=EMG|with_abs=False",abs_lt_err_median_sec,lt1,lt2,18,209.51685369846948,209.12339088601752,0.3934628124519577,196.2085112944653,144.81658405407336,51.39192724039194,83.0,0.932281494140625,0.009619240764769154,0.9924370583520582,0.00226727679154478,0.11728395061728394,-71.57680543114391,76.86152619484403,0.9966733090512387,fdr_bh,False
lt1_vs_lt2_per_model_class,"model_name=ElasticNet(alpha=1.0,l1_ratio=0.9,max_iter=5000,random_state=42)|feature_set=EMG|with_abs=True",abs_lt_err_median_sec,lt1,lt2,18,209.51685369846948,209.12339088601752,0.3934628124519577,196.2085112944653,144.81658405407336,51.39192724039194,83.0,0.932281494140625,0.009619240764769154,0.9924370583520582,0.00226727679154478,0.11728395061728394,-71.57680543114391,76.86152619484403,0.9966733090512387,fdr_bh,False
lt1_vs_lt2_per_model_class,"model_name=ElasticNet(alpha=1.0,l1_ratio=0.9,max_iter=5000,random_state=42)|feature_set=EMG+NIRS|with_abs=False",abs_lt_err_median_sec,lt1,lt2,18,182.78045652688584,168.7127680610893,14.06768846579655,149.7017792817813,160.207560118699,-10.505780836917694,80.0,0.83172607421875,0.3762532871413167,0.7113830730435315,0.0886837502604514,0.08641975308641975,-61.67114696977839,89.41413220540676,0.9966733090512387,fdr_bh,False
lt1_vs_lt2_per_model_class,"model_name=ElasticNet(alpha=1.0,l1_ratio=0.9,max_iter=5000,random_state=42)|feature_set=EMG+NIRS|with_abs=True",abs_lt_err_median_sec,lt1,lt2,18,217.44122311708594,203.90849289347128,13.532730223614664,179.21039965895477,170.64830045338698,8.56209920556779,83.0,0.932281494140625,0.3630425780523732,0.7210478027344848,0.08556995626675985,0.06790123456790123,-55.415643851047946,85.86845928570818,0.9966733090512387,fdr_bh,False
lt1_vs_lt2_per_model_class,"model_name=ElasticNet(alpha=1.0,l1_ratio=0.9,max_iter=5000,random_state=42)|feature_set=EMG+NIRS+HRV|with_abs=False",abs_lt_err_median_sec,lt1,lt2,18,143.13262698728875,139.23774601535993,3.8948809719288136,108.19201694438956,109.4280016965239,-1.2359847521343426,85.0,1.0,0.12221491270799327,0.904161938724643,0.028806331179314665,-0.1111111111111111,-55.03328650700549,67.28697461159193,1.0,fdr_bh,False
lt1_vs_lt2_per_model_class,"model_name=ElasticNet(alpha=1.0,l1_ratio=0.9,max_iter=5000,random_state=42)|feature_set=EMG+NIRS+HRV|with_abs=True",abs_lt_err_median_sec,lt1,lt2,18,172.12097250080535,124.5316354292124,47.58933707159295,103.98974729876045,80.70306609000633,23.286681208754118,63.0,0.34654998779296875,1.2202474417130265,0.23902847484779643,0.28761508025360577,0.13580246913580246,-22.234863614342366,125.00039740822292,0.9966733090512387,fdr_bh,False
lt1_vs_lt2_per_model_class,"model_name=ElasticNet(alpha=1.0,l1_ratio=0.9,max_iter=5000,random_state=42)|feature_set=HRV|with_abs=False",abs_lt_err_median_sec,lt1,lt2,18,157.3235677361962,142.51519849057354,14.808369245622657,129.3725614811937,110.97522490889759,18.397336572296126,77.0,0.7337265014648438,0.30321314937387334,0.7654066523064563,0.07146802468906513,0.04938271604938271,-77.20583801266281,108.28608256680522,0.9966733090512387,fdr_bh,False
lt1_vs_lt2_per_model_class,"model_name=ElasticNet(alpha=1.0,l1_ratio=0.9,max_iter=5000,random_state=42)|feature_set=HRV|with_abs=True",abs_lt_err_median_sec,lt1,lt2,18,175.17165218152797,110.93335103222242,64.23830114930556,149.42127636526925,88.76759034952477,60.65368601574448,40.0,0.04827880859375,1.475903426432608,0.158252187954184,0.34787377373565265,0.3333333333333333,-15.519348112530768,152.0437139310116,0.9966733090512387,fdr_bh,False
lt1_vs_lt2_per_model_class,"model_name=ElasticNet(alpha=1.0,l1_ratio=0.9,max_iter=5000,random_state=42)|feature_set=NIRS|with_abs=False",abs_lt_err_median_sec,lt1,lt2,18,172.9731455187538,154.51001299676986,18.463132521983937,144.9329657842073,111.51391837430691,33.4190474099004,75.0,0.6705245971679688,0.7530972942660605,0.4616942517508991,0.17750673455625743,0.037037037037037035,-29.53162950184454,67.23039206987687,0.9966733090512387,fdr_bh,False
lt1_vs_lt2_per_model_class,"model_name=ElasticNet(alpha=1.0,l1_ratio=0.9,max_iter=5000,random_state=42)|feature_set=NIRS|with_abs=True",abs_lt_err_median_sec,lt1,lt2,18,199.07394079897804,197.19861651378983,1.8753242851882135,147.98558576986645,160.3279001296441,-12.342314359777646,85.0,1.0,0.0628040333026218,0.9506550866290311,0.01480305261138321,-0.024691358024691357,-56.476162610410576,58.55420934254512,1.0,fdr_bh,False
lt1_vs_lt2_per_model_class,"model_name=GradientBoostingRegressor(max_depth=2,n_estimators=100,random_state=42)|feature_set=EMG|with_abs=False",abs_lt_err_median_sec,lt1,lt2,18,164.8670969082188,194.480815959023,-29.613719050804207,123.42981728558183,160.27101808102998,-36.841200795448145,60.0,0.28372955322265625,-0.7469669535183888,0.4652900386296622,-0.1760617993850365,-0.24074074074074073,-100.26142150412024,49.94074653681521,0.9966733090512387,fdr_bh,False
lt1_vs_lt2_per_model_class,"model_name=GradientBoostingRegressor(max_depth=2,n_estimators=100,random_state=42)|feature_set=EMG|with_abs=True",abs_lt_err_median_sec,lt1,lt2,18,164.8670969082188,194.480815959023,-29.613719050804207,123.42981728558183,160.27101808102998,-36.841200795448145,60.0,0.28372955322265625,-0.7469669535183888,0.4652900386296622,-0.1760617993850365,-0.24074074074074073,-100.26142150412024,49.94074653681521,0.9966733090512387,fdr_bh,False
lt1_vs_lt2_per_model_class,"model_name=GradientBoostingRegressor(max_depth=2,n_estimators=100,random_state=42)|feature_set=EMG+NIRS|with_abs=False",abs_lt_err_median_sec,lt1,lt2,18,177.55499877641324,161.46282249146145,16.09217628495179,149.61370487741664,139.96364745536602,9.650057422050622,83.0,0.932281494140625,0.38910494654052286,0.7020292852418167,0.0917129154306776,0.06790123456790123,-62.14962973226529,98.92007762938339,0.9966733090512387,fdr_bh,False
lt1_vs_lt2_per_model_class,"model_name=GradientBoostingRegressor(max_depth=2,n_estimators=100,random_state=42)|feature_set=EMG+NIRS|with_abs=True",abs_lt_err_median_sec,lt1,lt2,18,200.62751068272317,180.07909085302842,20.54841982969475,144.37760522182253,142.75753786482977,1.620067356992763,84.0,0.9661178588867188,0.47553065565550656,0.6404617341327026,0.11208365042536458,0.037037037037037035,-58.55235984793846,106.40633897853989,0.9969216167062953,fdr_bh,False
lt1_vs_lt2_per_model_class,"model_name=GradientBoostingRegressor(max_depth=2,n_estimators=100,random_state=42)|feature_set=EMG+NIRS+HRV|with_abs=False",abs_lt_err_median_sec,lt1,lt2,18,165.23030324198265,153.7614906356758,11.468812606306841,101.64910147304167,108.3092633979789,-6.660161924937228,82.0,0.8985748291015625,0.36470832388850777,0.719826450416772,0.08596257632558117,-0.08024691358024691,-47.65707834857105,69.74418600702819,0.9966733090512387,fdr_bh,False
lt1_vs_lt2_per_model_class,"model_name=GradientBoostingRegressor(max_depth=2,n_estimators=100,random_state=42)|feature_set=EMG+NIRS+HRV|with_abs=True",abs_lt_err_median_sec,lt1,lt2,18,196.4184024441994,122.99454519161706,73.42385725258232,120.62671582310469,111.04801706222929,9.578698760875398,59.0,0.2645263671875,1.6162314599810197,0.12444880786990503,0.380949408439871,0.11728395061728394,-5.23772230559602,163.30014224425665,0.9966733090512387,fdr_bh,False
lt1_vs_lt2_per_model_class,"model_name=GradientBoostingRegressor(max_depth=2,n_estimators=100,random_state=42)|feature_set=HRV|with_abs=False",abs_lt_err_median_sec,lt1,lt2,18,162.53072916290432,132.77708217042175,29.753646992482572,121.71461196042674,85.43516414816048,36.279447812266255,61.0,0.30379486083984375,0.6232563912049968,0.5413883635223493,0.14690294021296965,0.19135802469135801,-61.38517794118414,124.03935474144474,0.9966733090512387,fdr_bh,False
lt1_vs_lt2_per_model_class,"model_name=GradientBoostingRegressor(max_depth=2,n_estimators=100,random_state=42)|feature_set=HRV|with_abs=True",abs_lt_err_median_sec,lt1,lt2,18,171.28785218691948,126.93607270964756,44.35177947727192,143.30043004701966,126.03611915509879,17.26431089192087,56.0,0.2121429443359375,0.9926692265922706,0.3347912315526105,0.2339743805328667,0.18518518518518517,-36.54586832610059,133.3987209462412,0.9966733090512387,fdr_bh,False
lt1_vs_lt2_per_model_class,"model_name=GradientBoostingRegressor(max_depth=2,n_estimators=100,random_state=42)|feature_set=NIRS|with_abs=False",abs_lt_err_median_sec,lt1,lt2,18,183.10797922708863,168.38093174482344,14.727047482265192,116.95372101334127,161.26200138177745,-44.308280368436186,82.0,0.8985748291015625,0.3209014499888972,0.7521963686149672,0.07563719712658165,-0.024691358024691357,-69.1381555250355,109.74763103845551,0.9966733090512387,fdr_bh,False
lt1_vs_lt2_per_model_class,"model_name=GradientBoostingRegressor(max_depth=2,n_estimators=100,random_state=42)|feature_set=NIRS|with_abs=True",abs_lt_err_median_sec,lt1,lt2,18,205.71827617819966,218.9062492086315,-13.187973030431834,163.58021542787233,222.09659356949032,-58.51637814161799,85.0,1.0,-0.35121410872358255,0.7297427821612401,-0.08278195930894486,-0.012345679012345678,-85.7431004333585,56.38674024044062,1.0,fdr_bh,False
lt1_vs_lt2_per_model_class,"model_name=GradientBoostingRegressor(max_depth=2,n_estimators=200,random_state=42)|feature_set=EMG|with_abs=False",abs_lt_err_median_sec,lt1,lt2,18,177.80564169430568,193.46379000830444,-15.658148313998765,129.9629853690644,154.87402896461242,-24.911043595548023,68.0,0.468292236328125,-0.35355846361984106,0.72801641391435,-0.0833345290571623,-0.12962962962962962,-94.0065442796595,72.69836945114545,0.9966733090512387,fdr_bh,False
lt1_vs_lt2_per_model_class,"model_name=GradientBoostingRegressor(max_depth=2,n_estimators=200,random_state=42)|feature_set=EMG|with_abs=True",abs_lt_err_median_sec,lt1,lt2,18,177.80564169430568,193.46379000830444,-15.658148313998765,129.9629853690644,154.87402896461242,-24.911043595548023,68.0,0.468292236328125,-0.35355846361984106,0.72801641391435,-0.0833345290571623,-0.12962962962962962,-94.0065442796595,72.69836945114545,0.9966733090512387,fdr_bh,False
lt1_vs_lt2_per_model_class,"model_name=GradientBoostingRegressor(max_depth=2,n_estimators=200,random_state=42)|feature_set=EMG+NIRS|with_abs=False",abs_lt_err_median_sec,lt1,lt2,18,180.834876940074,160.28376296488315,20.551113975190844,137.29485492957522,150.63482089093827,-13.339965961363049,83.0,0.932281494140625,0.442958383267363,0.6633807915169926,0.10440629219726069,0.08024691358024691,-62.01167698579627,117.45603032190282,0.9966733090512387,fdr_bh,False
lt1_vs_lt2_per_model_class,"model_name=GradientBoostingRegressor(max_depth=2,n_estimators=200,random_state=42)|feature_set=EMG+NIRS|with_abs=True",abs_lt_err_median_sec,lt1,lt2,18,201.7137478752032,194.1859758210406,7.527772054162597,143.4988295317643,165.7031755967269,-22.204346064962607,84.0,0.9661178588867188,0.1704429108272067,0.8666738846797295,0.04017377935036396,-0.043209876543209874,-70.30214964529472,98.11537617030557,0.9969216167062953,fdr_bh,False
lt1_vs_lt2_per_model_class,"model_name=GradientBoostingRegressor(max_depth=2,n_estimators=200,random_state=42)|feature_set=EMG+NIRS+HRV|with_abs=False",abs_lt_err_median_sec,lt1,lt2,18,167.1611179216851,152.08296162513992,15.078156296545188,106.07496563645026,110.06242929704669,-3.9874636605964326,83.0,0.932281494140625,0.4737666632471007,0.641693689062368,0.1116678734273828,-0.06172839506172839,-42.4357970219538,72.45723975709096,0.9966733090512387,fdr_bh,False
lt1_vs_lt2_per_model_class,"model_name=GradientBoostingRegressor(max_depth=2,n_estimators=200,random_state=42)|feature_set=EMG+NIRS+HRV|with_abs=True",abs_lt_err_median_sec,lt1,lt2,18,200.56173549853463,123.12620072969182,77.43553476884281,119.66745110549783,114.7720513759202,4.895399729577633,61.0,0.30379486083984375,1.655552413308948,0.11615401048700404,0.3902174460201704,0.13580246913580246,-4.343518026513139,169.51641216967886,0.9966733090512387,fdr_bh,False
lt1_vs_lt2_per_model_class,"model_name=GradientBoostingRegressor(max_depth=2,n_estimators=200,random_state=42)|feature_set=HRV|with_abs=False",abs_lt_err_median_sec,lt1,lt2,18,167.5664115087833,131.76226665269158,35.80414485609171,133.95691763078122,87.54473800213736,46.412179628643855,58.0,0.24620819091796875,0.7654707186987206,0.4544882896660484,0.1804231786638685,0.2222222222222222,-53.99655529023225,127.1148229135227,0.9966733090512387,fdr_bh,False
lt1_vs_lt2_per_model_class,"model_name=GradientBoostingRegressor(max_depth=2,n_estimators=200,random_state=42)|feature_set=HRV|with_abs=True",abs_lt_err_median_sec,lt1,lt2,18,176.66795181651426,132.77461959711593,43.89333221939833,150.22886355645898,125.78394691788407,24.44491663857491,64.0,0.3692169189453125,0.962262981482497,0.34940616164742166,0.22680755983035294,0.16049382716049382,-39.225239603021144,134.03286714568938,0.9966733090512387,fdr_bh,False
lt1_vs_lt2_per_model_class,"model_name=GradientBoostingRegressor(max_depth=2,n_estimators=200,random_state=42)|feature_set=NIRS|with_abs=False",abs_lt_err_median_sec,lt1,lt2,18,192.65112797993172,183.89364895171548,8.757479028216238,143.18251164751814,161.80278583140938,-18.62027418389124,81.0,0.8650436401367188,0.1921011891281711,0.8499389294437266,0.04527868450217641,-0.04938271604938271,-73.50875833531192,102.5357162360705,0.9966733090512387,fdr_bh,False
lt1_vs_lt2_per_model_class,"model_name=GradientBoostingRegressor(max_depth=2,n_estimators=200,random_state=42)|feature_set=NIRS|with_abs=True",abs_lt_err_median_sec,lt1,lt2,18,212.94961538848338,234.36061697085884,-21.411001582375462,182.24798785107436,256.1220224113469,-73.87403456027255,75.0,0.6705245971679688,-0.5283910672718272,0.6040582052589294,-0.12454296892876872,-0.08641975308641975,-99.64307137072686,52.97220473410622,0.9966733090512387,fdr_bh,False
lt1_vs_lt2_per_model_class,"model_name=GradientBoostingRegressor(max_depth=2,n_estimators=50,random_state=42)|feature_set=EMG|with_abs=False",abs_lt_err_median_sec,lt1,lt2,18,158.9786995038772,194.29527570883835,-35.31657620496114,112.52618456981608,163.04472821785055,-50.518543648034466,60.0,0.28372955322265625,-0.9238372945317501,0.36849894220163176,-0.2177505385588114,-0.24691358024691357,-103.14624396196531,42.54334867602601,0.9966733090512387,fdr_bh,False
lt1_vs_lt2_per_model_class,"model_name=GradientBoostingRegressor(max_depth=2,n_estimators=50,random_state=42)|feature_set=EMG|with_abs=True",abs_lt_err_median_sec,lt1,lt2,18,158.9786995038772,194.29527570883835,-35.31657620496114,112.52618456981608,163.04472821785055,-50.518543648034466,60.0,0.28372955322265625,-0.9238372945317501,0.36849894220163176,-0.2177505385588114,-0.24691358024691357,-103.14624396196531,42.54334867602601,0.9966733090512387,fdr_bh,False
lt1_vs_lt2_per_model_class,"model_name=GradientBoostingRegressor(max_depth=2,n_estimators=50,random_state=42)|feature_set=EMG+NIRS|with_abs=False",abs_lt_err_median_sec,lt1,lt2,18,181.6775818501348,159.82838776955404,21.84919408058076,129.43362404611102,130.79232076800355,-1.358696721892528,78.0,0.7660293579101562,0.5860154680414844,0.5655651202936007,0.13812517044411404,0.06790123456790123,-49.832155892075676,94.06009110614909,0.9966733090512387,fdr_bh,False
lt1_vs_lt2_per_model_class,"model_name=GradientBoostingRegressor(max_depth=2,n_estimators=50,random_state=42)|feature_set=EMG+NIRS|with_abs=True",abs_lt_err_median_sec,lt1,lt2,18,193.5322417423648,167.72817799977335,25.80406374259144,100.82316820358312,132.11053559692817,-31.28736739334505,72.0,0.5798416137695312,0.6981342062666619,0.49453289558375446,0.16455181047648149,0.04938271604938271,-44.70086949797571,99.6630729403293,0.9966733090512387,fdr_bh,False
lt1_vs_lt2_per_model_class,"model_name=GradientBoostingRegressor(max_depth=2,n_estimators=50,random_state=42)|feature_set=EMG+NIRS+HRV|with_abs=False",abs_lt_err_median_sec,lt1,lt2,18,162.29021111261892,152.2949580662195,9.995253046399426,101.23896469604446,108.49523092047235,-7.25626622442789,81.0,0.8650436401367188,0.32197238621141505,0.7513990411059495,0.07588961921496853,-0.05555555555555555,-51.19871089139858,65.947586401748,0.9966733090512387,fdr_bh,False
lt1_vs_lt2_per_model_class,"model_name=GradientBoostingRegressor(max_depth=2,n_estimators=50,random_state=42)|feature_set=EMG+NIRS+HRV|with_abs=True",abs_lt_err_median_sec,lt1,lt2,18,190.95575583265523,118.59899153451516,72.35676429814006,125.94578357267935,109.10641619241872,16.839367380260626,54.0,0.18146514892578125,1.724600498812379,0.10273256488311228,0.4064922358493119,0.09259259259259259,-0.5871384669340008,155.22082611351325,0.9966733090512387,fdr_bh,False
lt1_vs_lt2_per_model_class,"model_name=GradientBoostingRegressor(max_depth=2,n_estimators=50,random_state=42)|feature_set=HRV|with_abs=False",abs_lt_err_median_sec,lt1,lt2,18,162.01156182464968,133.7662754962479,28.24528632840176,127.4809391158154,81.25955047746686,46.22138863834854,59.0,0.2645263671875,0.5962383367790429,0.5588724131230561,0.14053472371328324,0.17901234567901234,-61.93525812953655,122.07743725087026,0.9966733090512387,fdr_bh,False
lt1_vs_lt2_per_model_class,"model_name=GradientBoostingRegressor(max_depth=2,n_estimators=50,random_state=42)|feature_set=HRV|with_abs=True",abs_lt_err_median_sec,lt1,lt2,18,162.98313658104067,118.86277372171682,44.12036285932385,128.6695909692989,111.7103384111557,16.95925255814319,58.0,0.24620819091796875,0.9687360030990946,0.34625837999837683,0.22833326565697404,0.12345679012345678,-39.41401578986027,137.92672790296152,0.9966733090512387,fdr_bh,False
lt1_vs_lt2_per_model_class,"model_name=GradientBoostingRegressor(max_depth=2,n_estimators=50,random_state=42)|feature_set=NIRS|with_abs=False",abs_lt_err_median_sec,lt1,lt2,18,171.79657999629393,159.17876465498037,12.617815341313559,106.59187335213142,115.49932366466942,-8.907450312538003,78.0,0.7660293579101562,0.3203060459442346,0.7526397803514269,0.07549685904740605,-0.018518518518518517,-60.77797314862793,92.93331186860514,0.9966733090512387,fdr_bh,False
lt1_vs_lt2_per_model_class,"model_name=GradientBoostingRegressor(max_depth=2,n_estimators=50,random_state=42)|feature_set=NIRS|with_abs=True",abs_lt_err_median_sec,lt1,lt2,18,182.1171311407043,207.76030053485349,-25.643169394149197,136.79282479178488,159.0927761175418,-22.299951325756922,69.0,0.49507904052734375,-0.7702006505866396,0.4517520463082098,-0.1815380343013678,-0.037037037037037035,-88.50981529387536,44.547351769500004,0.9966733090512387,fdr_bh,False
lt1_vs_lt2_per_model_class,"model_name=GradientBoostingRegressor(max_depth=3,n_estimators=100,random_state=42)|feature_set=EMG|with_abs=False",abs_lt_err_median_sec,lt1,lt2,18,173.70229914474896,183.0903258467928,-9.388026702043845,128.79896670194432,154.90586150810682,-26.1068948061625,69.0,0.49507904052734375,-0.212946020040645,0.8339017312910194,-0.050191858265808846,-0.1419753086419753,-86.30709736379748,80.5972169871785,0.9966733090512387,fdr_bh,False
lt1_vs_lt2_per_model_class,"model_name=GradientBoostingRegressor(max_depth=3,n_estimators=100,random_state=42)|feature_set=EMG|with_abs=True",abs_lt_err_median_sec,lt1,lt2,18,173.70229914474896,183.0903258467928,-9.388026702043845,128.79896670194432,154.90586150810682,-26.1068948061625,69.0,0.49507904052734375,-0.212946020040645,0.8339017312910194,-0.050191858265808846,-0.1419753086419753,-86.30709736379748,80.5972169871785,0.9966733090512387,fdr_bh,False
lt1_vs_lt2_per_model_class,"model_name=GradientBoostingRegressor(max_depth=3,n_estimators=100,random_state=42)|feature_set=EMG+NIRS|with_abs=False",abs_lt_err_median_sec,lt1,lt2,18,190.01436885950807,149.63506170454153,40.37930715496654,164.97125796184184,125.4685723630484,39.50268559879345,77.0,0.7337265014648438,0.9223874552903659,0.36923295799862643,0.21740880817240707,0.15432098765432098,-39.87314574558869,129.26236547654253,0.9966733090512387,fdr_bh,False
lt1_vs_lt2_per_model_class,"model_name=GradientBoostingRegressor(max_depth=3,n_estimators=100,random_state=42)|feature_set=EMG+NIRS|with_abs=True",abs_lt_err_median_sec,lt1,lt2,18,203.12589637920584,194.66349130178534,8.462405077420499,130.85020488876006,163.42109532502042,-32.570890436260356,81.0,0.8650436401367188,0.22557305915680229,0.8242230113779535,0.05316807992758972,0.0,-62.73037963629878,84.07502909112226,0.9966733090512387,fdr_bh,False
lt1_vs_lt2_per_model_class,"model_name=GradientBoostingRegressor(max_depth=3,n_estimators=100,random_state=42)|feature_set=EMG+NIRS+HRV|with_abs=False",abs_lt_err_median_sec,lt1,lt2,18,158.21427534471016,156.1138532834981,2.100422061212072,103.20001577605589,122.72649407607257,-19.526478300016677,82.0,0.8985748291015625,0.06168302424810306,0.9515346668856877,0.014538828243309302,-0.13580246913580246,-62.3414592283535,64.29267327925697,0.9966733090512387,fdr_bh,False
lt1_vs_lt2_per_model_class,"model_name=GradientBoostingRegressor(max_depth=3,n_estimators=100,random_state=42)|feature_set=EMG+NIRS+HRV|with_abs=True",abs_lt_err_median_sec,lt1,lt2,18,195.96596302258132,119.78883905903552,76.1771239635458,118.90044073325703,113.67510849471549,5.22533223854154,62.0,0.32472991943359375,1.647106332149004,0.11789472407449782,0.3882266855992876,0.11728395061728394,-4.533685322349768,168.42578211243386,0.9966733090512387,fdr_bh,False
lt1_vs_lt2_per_model_class,"model_name=GradientBoostingRegressor(max_depth=3,n_estimators=100,random_state=42)|feature_set=HRV|with_abs=False",abs_lt_err_median_sec,lt1,lt2,18,169.71019533882793,136.5540189150015,33.15617642382642,145.3620436856446,87.90419214138467,57.45785154425994,62.0,0.32472991943359375,0.7283697973594659,0.47630161308731406,0.17167840764144998,0.2037037037037037,-54.81021717624632,122.7582250620622,0.9966733090512387,fdr_bh,False
lt1_vs_lt2_per_model_class,"model_name=GradientBoostingRegressor(max_depth=3,n_estimators=100,random_state=42)|feature_set=HRV|with_abs=True",abs_lt_err_median_sec,lt1,lt2,18,173.30322381586706,131.04509486518398,42.25812895068307,162.6605322544862,120.4409552073277,42.21957704715851,66.0,0.4171142578125,0.9302047772763173,0.3652869808466306,0.21925136863473538,0.1419753086419753,-38.54465184037696,131.4324938204089,0.9966733090512387,fdr_bh,False
lt1_vs_lt2_per_model_class,"model_name=GradientBoostingRegressor(max_depth=3,n_estimators=100,random_state=42)|feature_set=NIRS|with_abs=False",abs_lt_err_median_sec,lt1,lt2,18,189.16462899579673,168.3472392888414,20.81738970695534,134.8106842200393,131.9424015206895,2.8682826993498054,81.0,0.8650436401367188,0.43270021488980515,0.6706719652768572,0.10198841872315251,0.018518518518518517,-63.77387026505613,119.33596780740162,0.9966733090512387,fdr_bh,False
lt1_vs_lt2_per_model_class,"model_name=GradientBoostingRegressor(max_depth=3,n_estimators=100,random_state=42)|feature_set=NIRS|with_abs=True",abs_lt_err_median_sec,lt1,lt2,18,197.01788468373192,224.9820441303269,-27.964159446594977,156.3785209514992,219.4279063493501,-63.0493853978509,69.0,0.49507904052734375,-0.8283862891097492,0.41893049815853733,-0.1952525208238212,-0.12345679012345678,-91.40828632147696,37.903215609940254,0.9966733090512387,fdr_bh,False
lt1_vs_lt2_per_model_class,"model_name=GradientBoostingRegressor(max_depth=3,n_estimators=200,random_state=42)|feature_set=EMG|with_abs=False",abs_lt_err_median_sec,lt1,lt2,18,183.7471473823174,182.34992014563576,1.3972272366816298,139.58963164014654,149.227135084071,-9.637503443924459,76.0,0.7018814086914062,0.030343822255956325,0.9761462440736282,0.007152107494768666,-0.08024691358024691,-81.08142179343022,94.40717835703063,0.9966733090512387,fdr_bh,False
lt1_vs_lt2_per_model_class,"model_name=GradientBoostingRegressor(max_depth=3,n_estimators=200,random_state=42)|feature_set=EMG|with_abs=True",abs_lt_err_median_sec,lt1,lt2,18,183.7471473823174,182.34992014563576,1.3972272366816298,139.58963164014654,149.227135084071,-9.637503443924459,76.0,0.7018814086914062,0.030343822255956325,0.9761462440736282,0.007152107494768666,-0.08024691358024691,-81.08142179343022,94.40717835703063,0.9966733090512387,fdr_bh,False
lt1_vs_lt2_per_model_class,"model_name=GradientBoostingRegressor(max_depth=3,n_estimators=200,random_state=42)|feature_set=EMG+NIRS|with_abs=False",abs_lt_err_median_sec,lt1,lt2,18,193.6965366602281,149.11672095545353,44.579815704774575,157.32940211087026,124.2967806623829,33.03262144848736,74.0,0.6396942138671875,1.0274748718431526,0.31859538755464584,0.242178149793024,0.14814814814814814,-35.02923361501792,133.7386267736898,0.9966733090512387,fdr_bh,False
lt1_vs_lt2_per_model_class,"model_name=GradientBoostingRegressor(max_depth=3,n_estimators=200,random_state=42)|feature_set=EMG+NIRS|with_abs=True",abs_lt_err_median_sec,lt1,lt2,18,203.22107790749658,201.08417742884572,2.1369004786508583,135.26339143900458,182.55253604157252,-47.289144602567944,77.0,0.7337265014648438,0.05735922124136872,0.9549278564210202,0.013519698101117092,-0.024691358024691357,-67.52509292117705,80.17918068249901,0.9966733090512387,fdr_bh,False
lt1_vs_lt2_per_model_class,"model_name=GradientBoostingRegressor(max_depth=3,n_estimators=200,random_state=42)|feature_set=EMG+NIRS+HRV|with_abs=False",abs_lt_err_median_sec,lt1,lt2,18,158.3763692767781,156.03900078155993,2.3373684952181577,102.24027046691685,122.34157586672706,-20.1013053998102,79.0,0.7987060546875,0.07019060262467232,0.9448610367163802,0.01654408369715869,-0.12345679012345678,-60.6642938434712,62.77954734808299,0.9966733090512387,fdr_bh,False
lt1_vs_lt2_per_model_class,"model_name=GradientBoostingRegressor(max_depth=3,n_estimators=200,random_state=42)|feature_set=EMG+NIRS+HRV|with_abs=True",abs_lt_err_median_sec,lt1,lt2,18,197.9011306842052,122.32508531446769,75.57604536973753,118.78182741206906,111.47941055675044,7.302416855318626,62.0,0.32472991943359375,1.6384687029479403,0.11969793222009437,0.3861907768721385,0.11728395061728394,-6.660565870282163,166.63049201436903,0.9966733090512387,fdr_bh,False
lt1_vs_lt2_per_model_class,"model_name=GradientBoostingRegressor(max_depth=3,n_estimators=200,random_state=42)|feature_set=HRV|with_abs=False",abs_lt_err_median_sec,lt1,lt2,18,170.71633182920766,137.74690589640394,32.969425932803716,143.02161291648144,85.56958106470984,57.45203185177161,60.0,0.28372955322265625,0.7218980769941652,0.4801698389193567,0.17015300852270088,0.19135802469135801,-55.523246478937764,121.57807115496449,0.9966733090512387,fdr_bh,False
lt1_vs_lt2_per_model_class,"model_name=GradientBoostingRegressor(max_depth=3,n_estimators=200,random_state=42)|feature_set=HRV|with_abs=True",abs_lt_err_median_sec,lt1,lt2,18,178.01708179818942,138.3365253271653,39.68055647102412,166.99749606258183,128.63229855189252,38.36519751068931,66.0,0.4171142578125,0.8516664543728246,0.40623716273109417,0.2007397083987092,0.19135802469135801,-43.41386494599174,133.21583691212018,0.9966733090512387,fdr_bh,False
lt1_vs_lt2_per_model_class,"model_name=GradientBoostingRegressor(max_depth=3,n_estimators=200,random_state=42)|feature_set=NIRS|with_abs=False",abs_lt_err_median_sec,lt1,lt2,18,193.2173175735409,177.59314607455684,15.624171498984055,146.76110219207902,126.2955791867596,20.465523005319426,84.0,0.9661178588867188,0.3232993191588999,0.7504115216992349,0.07620238031008401,0.030864197530864196,-71.43170955870292,111.58343555758994,0.9969216167062953,fdr_bh,False
lt1_vs_lt2_per_model_class,"model_name=GradientBoostingRegressor(max_depth=3,n_estimators=200,random_state=42)|feature_set=NIRS|with_abs=True",abs_lt_err_median_sec,lt1,lt2,18,199.52663769993177,220.6160513079924,-21.089413608060624,150.89687033710837,234.65863559157077,-83.7617652544624,73.0,0.6094589233398438,-0.636818270208674,0.5327255700702166,-0.15009950574934683,-0.08641975308641975,-83.59232704927894,41.71753546371382,0.9966733090512387,fdr_bh,False
lt1_vs_lt2_per_model_class,"model_name=GradientBoostingRegressor(max_depth=3,n_estimators=50,random_state=42)|feature_set=EMG|with_abs=False",abs_lt_err_median_sec,lt1,lt2,18,166.57350808597477,182.55658211789944,-15.983074031924673,120.53242791051363,161.16402422547242,-40.631596314958784,66.0,0.4171142578125,-0.39122502547907717,0.7004909029663582,-0.09221262282871175,-0.16666666666666666,-87.32514586585232,68.11531777395037,0.9966733090512387,fdr_bh,False
lt1_vs_lt2_per_model_class,"model_name=GradientBoostingRegressor(max_depth=3,n_estimators=50,random_state=42)|feature_set=EMG|with_abs=True",abs_lt_err_median_sec,lt1,lt2,18,166.57350808597477,182.55658211789944,-15.983074031924673,120.53242791051363,161.16402422547242,-40.631596314958784,66.0,0.4171142578125,-0.39122502547907717,0.7004909029663582,-0.09221262282871175,-0.16666666666666666,-87.32514586585232,68.11531777395037,0.9966733090512387,fdr_bh,False
lt1_vs_lt2_per_model_class,"model_name=GradientBoostingRegressor(max_depth=3,n_estimators=50,random_state=42)|feature_set=EMG+NIRS|with_abs=False",abs_lt_err_median_sec,lt1,lt2,18,185.14342056226718,147.49202720098617,37.65139336128101,169.63013959981984,108.95464168408142,60.67549791573842,75.0,0.6705245971679688,0.9038606633543242,0.3786997558717869,0.21304200143520463,0.15432098765432098,-41.48105076096817,119.1626111384272,0.9966733090512387,fdr_bh,False
lt1_vs_lt2_per_model_class,"model_name=GradientBoostingRegressor(max_depth=3,n_estimators=50,random_state=42)|feature_set=EMG+NIRS|with_abs=True",abs_lt_err_median_sec,lt1,lt2,18,197.97245265355906,183.38906622326115,14.583386430297907,115.65494042189118,148.91667493681848,-33.2617345149273,83.0,0.932281494140625,0.40672984883407887,0.6892812803461815,0.09586714474051886,0.018518518518518517,-55.82245114975867,87.57661951160031,0.9966733090512387,fdr_bh,False
lt1_vs_lt2_per_model_class,"model_name=GradientBoostingRegressor(max_depth=3,n_estimators=50,random_state=42)|feature_set=EMG+NIRS+HRV|with_abs=False",abs_lt_err_median_sec,lt1,lt2,18,157.66376454158365,153.86152275078615,3.8022417907974955,106.47250265135538,124.2777496573431,-17.80524700598771,83.0,0.932281494140625,0.11167481942636566,0.9123892182771679,0.026322007368055452,-0.11728395061728394,-61.015042917961125,65.57823766600718,0.9966733090512387,fdr_bh,False
lt1_vs_lt2_per_model_class,"model_name=GradientBoostingRegressor(max_depth=3,n_estimators=50,random_state=42)|feature_set=EMG+NIRS+HRV|with_abs=True",abs_lt_err_median_sec,lt1,lt2,18,187.922052731899,115.5343714026414,72.38768132925759,117.96580042797726,108.20672828895202,9.759072139025236,60.0,0.28372955322265625,1.6435375101745373,0.11863692456399548,0.38738550619295653,0.15432098765432098,-6.067823929867886,158.86339243802905,0.9966733090512387,fdr_bh,False
lt1_vs_lt2_per_model_class,"model_name=GradientBoostingRegressor(max_depth=3,n_estimators=50,random_state=42)|feature_set=HRV|with_abs=False",abs_lt_err_median_sec,lt1,lt2,18,169.14213289940452,135.222786806389,33.91934609301552,146.2634221538169,81.66757971055466,64.59584244326223,61.0,0.30379486083984375,0.7236512278246999,0.4791201186762414,0.1705662301362722,0.21604938271604937,-57.66596328335891,123.69398095620525,0.9966733090512387,fdr_bh,False
lt1_vs_lt2_per_model_class,"model_name=GradientBoostingRegressor(max_depth=3,n_estimators=50,random_state=42)|feature_set=HRV|with_abs=True",abs_lt_err_median_sec,lt1,lt2,18,169.36719983133474,122.94141711356181,46.42578271777293,148.85485040778386,115.668021279693,33.186829128090864,57.0,0.22875213623046875,1.0617172715469123,0.3032151293353233,0.25024916080456694,0.16666666666666666,-33.323494380128736,133.39178510430762,0.9966733090512387,fdr_bh,False
lt1_vs_lt2_per_model_class,"model_name=GradientBoostingRegressor(max_depth=3,n_estimators=50,random_state=42)|feature_set=NIRS|with_abs=False",abs_lt_err_median_sec,lt1,lt2,18,175.47051064031683,156.04534416123983,19.425166479077006,112.81777056427606,109.17054261711127,3.6472279471647937,76.0,0.7018814086914062,0.4313727650315248,0.6716179695216629,0.10167553579099413,0.037037037037037035,-58.61742882566148,112.20565664889658,0.9966733090512387,fdr_bh,False
lt1_vs_lt2_per_model_class,"model_name=GradientBoostingRegressor(max_depth=3,n_estimators=50,random_state=42)|feature_set=NIRS|with_abs=True",abs_lt_err_median_sec,lt1,lt2,18,188.39119628391697,219.7606699235165,-31.369473639599533,142.1045118856315,224.34615517612383,-82.24164329049233,62.0,0.32472991943359375,-0.9537622327181383,0.3535700106651295,-0.22480391413153922,-0.08641975308641975,-94.69551443269272,34.59591173712224,0.9966733090512387,fdr_bh,False
lt1_vs_lt2_per_model_class,"model_name=HuberRegressor(epsilon=1.1,max_iter=2000)|feature_set=EMG|with_abs=False",abs_lt_err_median_sec,lt1,lt2,18,211.05518875389532,227.90502524590187,-16.849836492006546,165.8503199961716,218.1234642468836,-52.273144250711994,64.0,0.3692169189453125,-0.33321461363474053,0.7430466589043218,-0.07853943763052681,-0.10493827160493827,-106.48645889845939,86.80611933990164,0.9966733090512387,fdr_bh,False
lt1_vs_lt2_per_model_class,"model_name=HuberRegressor(epsilon=1.1,max_iter=2000)|feature_set=EMG|with_abs=True",abs_lt_err_median_sec,lt1,lt2,18,211.05518875389532,227.90502524590187,-16.849836492006546,165.8503199961716,218.1234642468836,-52.273144250711994,64.0,0.3692169189453125,-0.33321461363474053,0.7430466589043218,-0.07853943763052681,-0.10493827160493827,-106.48645889845939,86.80611933990164,0.9966733090512387,fdr_bh,False
lt1_vs_lt2_per_model_class,"model_name=HuberRegressor(epsilon=1.1,max_iter=2000)|feature_set=EMG+NIRS|with_abs=False",abs_lt_err_median_sec,lt1,lt2,18,265.39865593573865,170.45071655588734,94.9479393798513,203.84311556599548,142.64250245341873,61.20061311257675,48.0,0.1083831787109375,1.9333796392989684,0.07001972330249044,0.45570195118543394,0.30864197530864196,8.624306056236932,194.20522049321673,0.9966733090512387,fdr_bh,False
lt1_vs_lt2_per_model_class,"model_name=HuberRegressor(epsilon=1.1,max_iter=2000)|feature_set=EMG+NIRS|with_abs=True",abs_lt_err_median_sec,lt1,lt2,18,292.66852103912015,273.5309923362828,19.137528702837358,222.0476489782542,204.72593904945768,17.32170992879651,82.0,0.8985748291015625,0.36628774884506626,0.7186691096982935,0.08633485035796713,0.018518518518518517,-77.58946891948155,119.97820781050959,0.9966733090512387,fdr_bh,False
lt1_vs_lt2_per_model_class,"model_name=HuberRegressor(epsilon=1.1,max_iter=2000)|feature_set=EMG+NIRS+HRV|with_abs=False",abs_lt_err_median_sec,lt1,lt2,18,171.33208206119568,129.92283668627644,41.40924537491924,94.91725064875581,89.23769518221877,5.679555466537039,63.0,0.34654998779296875,1.1019400648777107,0.2858448187528207,0.25972976411205784,0.07407407407407407,-27.478524529942757,113.44518153003493,0.9966733090512387,fdr_bh,False
lt1_vs_lt2_per_model_class,"model_name=HuberRegressor(epsilon=1.1,max_iter=2000)|feature_set=EMG+NIRS+HRV|with_abs=True",abs_lt_err_median_sec,lt1,lt2,18,220.42255525013218,160.66389788051674,59.758657369615435,137.34582590996496,93.66705166499318,43.67877424497178,43.0,0.06653594970703125,1.6368832534548095,0.12003145862943407,0.38581708284286464,0.1728395061728395,-2.9807602763152468,136.47486578958902,0.9966733090512387,fdr_bh,False
lt1_vs_lt2_per_model_class,"model_name=HuberRegressor(epsilon=1.1,max_iter=2000)|feature_set=HRV|with_abs=False",abs_lt_err_median_sec,lt1,lt2,18,160.674951639242,152.24798885826283,8.426962780979181,119.32742007200525,110.7116727896983,8.615747282306955,76.0,0.7018814086914062,0.15626170485279284,0.8776673876553993,0.03683123704706023,0.06172839506172839,-95.58172573836416,113.36898548763968,0.9966733090512387,fdr_bh,False
lt1_vs_lt2_per_model_class,"model_name=HuberRegressor(epsilon=1.1,max_iter=2000)|feature_set=HRV|with_abs=True",abs_lt_err_median_sec,lt1,lt2,18,177.46478520203195,121.56755503873309,55.89723016329886,137.91162014549477,99.72185077789243,38.18976936760234,55.0,0.19638824462890625,1.3127689237226292,0.20670765338315403,0.3094226026984122,0.2222222222222222,-17.331876628818048,138.03556000806364,0.9966733090512387,fdr_bh,False
lt1_vs_lt2_per_model_class,"model_name=HuberRegressor(epsilon=1.1,max_iter=2000)|feature_set=NIRS|with_abs=False",abs_lt_err_median_sec,lt1,lt2,18,209.8726417564296,195.80053795985629,14.072103796573316,144.77989627050894,172.22522171963624,-27.445325449127296,78.0,0.7660293579101562,0.5679760101010228,0.5774767323929152,0.13387322943123742,0.024691358024691357,-31.631960132172978,63.701461576225505,0.9966733090512387,fdr_bh,False
lt1_vs_lt2_per_model_class,"model_name=HuberRegressor(epsilon=1.1,max_iter=2000)|feature_set=NIRS|with_abs=True",abs_lt_err_median_sec,lt1,lt2,18,264.8010299138592,324.09643137597425,-59.295401462115024,211.30400520717168,228.49656308113202,-17.19255787396034,84.0,0.9661178588867188,-0.9665728049299768,0.3473081300872244,-0.22782339495882953,-0.04938271604938271,-199.4488326992188,33.888309428771784,0.9969216167062953,fdr_bh,False
lt1_vs_lt2_per_model_class,"model_name=HuberRegressor(epsilon=1.35,max_iter=2000)|feature_set=EMG|with_abs=False",abs_lt_err_median_sec,lt1,lt2,18,214.61699526825026,232.04676540655146,-17.429770138301194,170.04076883551124,226.57366216441102,-56.532893328899775,65.0,0.39273834228515625,-0.3482230134297102,0.7319475751656146,-0.08207695138712076,-0.13580246913580246,-107.21924995607706,84.37100579315472,0.9966733090512387,fdr_bh,False
lt1_vs_lt2_per_model_class,"model_name=HuberRegressor(epsilon=1.35,max_iter=2000)|feature_set=EMG|with_abs=True",abs_lt_err_median_sec,lt1,lt2,18,214.61699526825026,232.04676540655146,-17.429770138301194,170.04076883551124,226.57366216441102,-56.532893328899775,65.0,0.39273834228515625,-0.3482230134297102,0.7319475751656146,-0.08207695138712076,-0.13580246913580246,-107.21924995607706,84.37100579315472,0.9966733090512387,fdr_bh,False
lt1_vs_lt2_per_model_class,"model_name=HuberRegressor(epsilon=1.35,max_iter=2000)|feature_set=EMG+NIRS|with_abs=False",abs_lt_err_median_sec,lt1,lt2,18,264.2872365311763,175.63830035310176,88.64893617807454,205.72069802210663,146.8762674998934,58.84443052221323,50.0,0.12973785400390625,1.7778140937326026,0.0933261189100002,0.41903480045577984,0.30246913580246915,-0.8141636967511224,190.99973244690372,0.9966733090512387,fdr_bh,False
lt1_vs_lt2_per_model_class,"model_name=HuberRegressor(epsilon=1.35,max_iter=2000)|feature_set=EMG+NIRS|with_abs=True",abs_lt_err_median_sec,lt1,lt2,18,294.90838871653773,266.2100454717657,28.698343244772047,231.7939958393544,208.7284360766737,23.06555976268072,85.0,1.0,0.5129565846090794,0.6145828165661434,0.12090502647712369,-0.006172839506172839,-76.50096495871509,134.9467034894262,1.0,fdr_bh,False
lt1_vs_lt2_per_model_class,"model_name=HuberRegressor(epsilon=1.35,max_iter=2000)|feature_set=EMG+NIRS+HRV|with_abs=False",abs_lt_err_median_sec,lt1,lt2,18,168.06308965091287,130.0086973322121,38.054392318700764,91.29252518687878,84.09192747813815,7.200597708740631,63.0,0.34654998779296875,1.0200131764046374,0.32201961066745743,0.24041941131178313,0.06172839506172839,-29.801649387315287,108.50987415805135,0.9966733090512387,fdr_bh,False
lt1_vs_lt2_per_model_class,"model_name=HuberRegressor(epsilon=1.35,max_iter=2000)|feature_set=EMG+NIRS+HRV|with_abs=True",abs_lt_err_median_sec,lt1,lt2,18,217.97504802324784,157.79551119609064,60.17953682715719,121.29280909184561,93.68682730771951,27.6059817841261,45.0,0.08142852783203125,1.6224577046363258,0.12310269957099336,0.38241694837890217,0.17901234567901234,-3.059336300175818,135.8008030000155,0.9966733090512387,fdr_bh,False
lt1_vs_lt2_per_model_class,"model_name=HuberRegressor(epsilon=1.35,max_iter=2000)|feature_set=HRV|with_abs=False",abs_lt_err_median_sec,lt1,lt2,18,163.14587060641617,151.3658716024073,11.779999004008857,120.91282983236746,107.46106836387708,13.451761468490389,74.0,0.6396942138671875,0.2272607298595491,0.8229315671603216,0.05356586772703041,0.11728395061728394,-87.25103293906803,111.47786126146927,0.9966733090512387,fdr_bh,False
lt1_vs_lt2_per_model_class,"model_name=HuberRegressor(epsilon=1.35,max_iter=2000)|feature_set=HRV|with_abs=True",abs_lt_err_median_sec,lt1,lt2,18,180.32518504605068,120.86211324330169,59.463071802748985,130.32029390450683,101.68041321844356,28.639880686063265,50.0,0.12973785400390625,1.422827359178202,0.17287794357475209,0.3353636247108847,0.24691358024691357,-11.919499751656971,139.9550434512352,0.9966733090512387,fdr_bh,False
lt1_vs_lt2_per_model_class,"model_name=HuberRegressor(epsilon=1.35,max_iter=2000)|feature_set=NIRS|with_abs=False",abs_lt_err_median_sec,lt1,lt2,18,200.0106772948533,186.74000891578933,13.270668379063977,138.01593772144196,169.8966876885877,-31.880749967145732,80.0,0.83172607421875,0.49263273842271404,0.6285742069461409,0.11611464999106659,-0.024691358024691357,-34.98380201991426,68.01230917006887,0.9966733090512387,fdr_bh,False
lt1_vs_lt2_per_model_class,"model_name=HuberRegressor(epsilon=1.35,max_iter=2000)|feature_set=NIRS|with_abs=True",abs_lt_err_median_sec,lt1,lt2,18,268.55517022668823,324.7689568700911,-56.21378664340284,220.93906237075956,242.196618147771,-21.257555777011447,73.0,0.6094589233398438,-1.1238939850062093,0.27667855443060935,-0.26490435271088747,-0.1111111111111111,-168.9161501403788,22.443584531890988,0.9966733090512387,fdr_bh,False
lt1_vs_lt2_per_model_class,"model_name=HuberRegressor(epsilon=1.5,max_iter=2000)|feature_set=EMG|with_abs=False",abs_lt_err_median_sec,lt1,lt2,18,217.98113404232416,236.40603772603794,-18.42490368371378,170.49086634017613,233.77032022150692,-63.279453881330795,67.0,0.44229888916015625,-0.3684501111332921,0.7170857562091393,-0.08684452403709597,-0.12962962962962962,-108.13237446130198,83.04233447276371,0.9966733090512387,fdr_bh,False
lt1_vs_lt2_per_model_class,"model_name=HuberRegressor(epsilon=1.5,max_iter=2000)|feature_set=EMG|with_abs=True",abs_lt_err_median_sec,lt1,lt2,18,217.98113404232416,236.40603772603794,-18.42490368371378,170.49086634017613,233.77032022150692,-63.279453881330795,67.0,0.44229888916015625,-0.3684501111332921,0.7170857562091393,-0.08684452403709597,-0.12962962962962962,-108.13237446130198,83.04233447276371,0.9966733090512387,fdr_bh,False
lt1_vs_lt2_per_model_class,"model_name=HuberRegressor(epsilon=1.5,max_iter=2000)|feature_set=EMG+NIRS|with_abs=False",abs_lt_err_median_sec,lt1,lt2,18,262.4999496371265,175.1684286340519,87.33152100307461,212.45825020177548,148.3947816752812,64.06346852649429,50.0,0.12973785400390625,1.736865823603273,0.10049434304614993,0.4093832006270108,0.2777777777777778,-4.002977437104617,188.3253938313217,0.9966733090512387,fdr_bh,False
lt1_vs_lt2_per_model_class,"model_name=HuberRegressor(epsilon=1.5,max_iter=2000)|feature_set=EMG+NIRS|with_abs=True",abs_lt_err_median_sec,lt1,lt2,18,296.5869730706913,260.88976749836803,35.69720557232324,229.9304482924862,217.22509415679758,12.705354135688623,82.0,0.8985748291015625,0.6022564746274714,0.5549521537689118,0.14195321240752964,0.024691358024691357,-72.74017944899911,150.0730329926728,0.9966733090512387,fdr_bh,False
lt1_vs_lt2_per_model_class,"model_name=HuberRegressor(epsilon=1.5,max_iter=2000)|feature_set=EMG+NIRS+HRV|with_abs=False",abs_lt_err_median_sec,lt1,lt2,18,165.65560890010326,128.73228140109654,36.92332749900672,90.28611227674381,80.26608727923983,10.020024997503981,65.0,0.39273834228515625,0.9725495463356929,0.34441312561679543,0.22923212641795632,0.037037037037037035,-32.793315858535124,108.9684438258967,0.9966733090512387,fdr_bh,False
lt1_vs_lt2_per_model_class,"model_name=HuberRegressor(epsilon=1.5,max_iter=2000)|feature_set=EMG+NIRS+HRV|with_abs=True",abs_lt_err_median_sec,lt1,lt2,18,217.0303066169422,157.6031514698384,59.427155147103804,115.0528220755015,91.39158798673643,23.66123408876507,48.0,0.1083831787109375,1.577968710005785,0.13299841639206816,0.37193079178175986,0.16049382716049382,-6.169600244978086,134.87003657973577,0.9966733090512387,fdr_bh,False
lt1_vs_lt2_per_model_class,"model_name=HuberRegressor(epsilon=1.5,max_iter=2000)|feature_set=HRV|with_abs=False",abs_lt_err_median_sec,lt1,lt2,18,163.56300881481675,151.09861673599278,12.464392078823977,122.46550097353318,104.81449300752791,17.651007966005267,73.0,0.6094589233398438,0.24292095149759788,0.8109734171435781,0.0572570173654133,0.1111111111111111,-84.68597711548819,111.0576957970169,0.9966733090512387,fdr_bh,False
lt1_vs_lt2_per_model_class,"model_name=HuberRegressor(epsilon=1.5,max_iter=2000)|feature_set=HRV|with_abs=True",abs_lt_err_median_sec,lt1,lt2,18,180.93632889939536,121.52930717433739,59.40702172505797,132.71564610420396,98.3196379387328,34.39600816547116,50.0,0.12973785400390625,1.412634372678844,0.17580930776450887,0.332961114752805,0.25925925925925924,-12.623865766725796,143.44976051704492,0.9966733090512387,fdr_bh,False
lt1_vs_lt2_per_model_class,"model_name=HuberRegressor(epsilon=1.5,max_iter=2000)|feature_set=NIRS|with_abs=False",abs_lt_err_median_sec,lt1,lt2,18,200.24832652972978,183.824829486613,16.423497043116782,138.46082559697354,164.6201006691972,-26.159275072223664,78.0,0.7660293579101562,0.601647420598684,0.5553482287968267,0.14180965699624146,0.0,-33.230966237704756,72.07095049910224,0.9966733090512387,fdr_bh,False
lt1_vs_lt2_per_model_class,"model_name=HuberRegressor(epsilon=1.5,max_iter=2000)|feature_set=NIRS|with_abs=True",abs_lt_err_median_sec,lt1,lt2,18,274.442164571971,324.9291328819506,-50.4869683099796,231.70976407976067,249.11035524330356,-17.400591163542884,73.0,0.6094589233398438,-1.0954642439277975,0.28859091308360946,-0.2582033984762466,-0.09259259259259259,-153.61837157886353,25.150673361739944,0.9966733090512387,fdr_bh,False
lt1_vs_lt2_per_model_class,"model_name=HuberRegressor(epsilon=2.0,max_iter=2000)|feature_set=EMG|with_abs=False",abs_lt_err_median_sec,lt1,lt2,18,225.9004341950723,252.29463952945747,-26.394205334385163,177.22931653332174,263.4603415149691,-86.23102498164738,64.0,0.3692169189453125,-0.5195028788682581,0.6101082081024058,-0.1224480028312263,-0.16666666666666666,-117.83541709257372,75.31190365337476,0.9966733090512387,fdr_bh,False
lt1_vs_lt2_per_model_class,"model_name=HuberRegressor(epsilon=2.0,max_iter=2000)|feature_set=EMG|with_abs=True",abs_lt_err_median_sec,lt1,lt2,18,225.9004341950723,252.29463952945747,-26.394205334385163,177.22931653332174,263.4603415149691,-86.23102498164738,64.0,0.3692169189453125,-0.5195028788682581,0.6101082081024058,-0.1224480028312263,-0.16666666666666666,-117.83541709257372,75.31190365337476,0.9966733090512387,fdr_bh,False
lt1_vs_lt2_per_model_class,"model_name=HuberRegressor(epsilon=2.0,max_iter=2000)|feature_set=EMG+NIRS|with_abs=False",abs_lt_err_median_sec,lt1,lt2,18,260.95495774633775,171.72548679750514,89.22947094883261,228.28211948427335,160.7047802158321,67.57733926844125,47.0,0.0987396240234375,1.7714856210101562,0.09440392846783673,0.4175431651302479,0.30246913580246915,-2.010651899146184,191.11878567723326,0.9966733090512387,fdr_bh,False
lt1_vs_lt2_per_model_class,"model_name=HuberRegressor(epsilon=2.0,max_iter=2000)|feature_set=EMG+NIRS|with_abs=True",abs_lt_err_median_sec,lt1,lt2,18,307.6891711338128,261.1086778098782,46.580493323934604,248.8404125590005,233.19645954487868,15.64395301412182,81.0,0.8650436401367188,0.7256936141061777,0.4778989392716138,0.1710476251994173,0.04938271604938271,-69.35829270766857,175.3686747716153,0.9966733090512387,fdr_bh,False
lt1_vs_lt2_per_model_class,"model_name=HuberRegressor(epsilon=2.0,max_iter=2000)|feature_set=EMG+NIRS+HRV|with_abs=False",abs_lt_err_median_sec,lt1,lt2,18,161.8607428761439,123.78401512109728,38.076727755046605,87.8058575542162,83.02899675594949,4.776860798266711,65.0,0.39273834228515625,1.002323044453391,0.33024208135686467,0.2362498072241794,0.024691358024691357,-32.091979637024856,112.35373026691194,0.9966733090512387,fdr_bh,False
lt1_vs_lt2_per_model_class,"model_name=HuberRegressor(epsilon=2.0,max_iter=2000)|feature_set=EMG+NIRS+HRV|with_abs=True",abs_lt_err_median_sec,lt1,lt2,18,215.81096684608252,157.06812772972623,58.74283911635629,110.25578687604568,87.89922284495283,22.356564031092844,50.0,0.12973785400390625,1.4744178344531256,0.15864724024723834,0.34752361634806317,0.11728395061728394,-10.61458746577212,138.402480242542,0.9966733090512387,fdr_bh,False
lt1_vs_lt2_per_model_class,"model_name=HuberRegressor(epsilon=2.0,max_iter=2000)|feature_set=HRV|with_abs=False",abs_lt_err_median_sec,lt1,lt2,18,163.1829051681991,152.57589775559973,10.607007412599387,124.37665269125898,107.58957035120926,16.78708234004972,70.0,0.522613525390625,0.21000339459312498,0.8361612865688431,0.04949827479633099,0.09876543209876543,-86.06121921491004,106.11975879625898,0.9966733090512387,fdr_bh,False
lt1_vs_lt2_per_model_class,"model_name=HuberRegressor(epsilon=2.0,max_iter=2000)|feature_set=HRV|with_abs=True",abs_lt_err_median_sec,lt1,lt2,18,181.17987026902387,123.53038131230781,57.649488956716056,136.9880290323353,106.46991212438161,30.518116907953697,52.0,0.15404510498046875,1.3732483201189203,0.1875174788966182,0.3236777331363745,0.2345679012345679,-13.754844466417495,142.396779292965,0.9966733090512387,fdr_bh,False
lt1_vs_lt2_per_model_class,"model_name=HuberRegressor(epsilon=2.0,max_iter=2000)|feature_set=NIRS|with_abs=False",abs_lt_err_median_sec,lt1,lt2,18,196.68850129383972,181.404322469576,15.284178824263734,135.02645843455846,161.99672994525645,-26.970271510697984,79.0,0.7987060546875,0.5553544355069481,0.585886827463059,0.1308982957696634,0.0,-33.59389594575197,71.15984001074878,0.9966733090512387,fdr_bh,False
lt1_vs_lt2_per_model_class,"model_name=HuberRegressor(epsilon=2.0,max_iter=2000)|feature_set=NIRS|with_abs=True",abs_lt_err_median_sec,lt1,lt2,18,279.8673997678331,321.4006842996542,-41.533284531821096,193.8181014024431,268.7348768939978,-74.91677549155472,73.0,0.6094589233398438,-1.0372333846510773,0.31415647869916685,-0.24447825331995046,-0.1111111111111111,-131.70472760426225,31.7234950643389,0.9966733090512387,fdr_bh,False
lt1_vs_lt2_per_model_class,"model_name=LSTMRegressor(batch_size=64,checkpoint_every_epochs=4,dropout=0.3,hidden_size=64,internal_stride_sec=15,lr=0.001,max_epochs=80,num_layers=2,outer_stride_sec=5,seq_len=6,weight_decay=1e-05)|feature_set=EMG|with_abs=False",abs_lt_err_median_sec,lt1,lt2,18,204.8766967190636,199.29609770576158,5.58059901330202,153.485952377319,176.4838784635067,-22.997926086187704,79.0,0.7987060546875,0.14666714210393927,0.8851200141889787,0.03456977691964882,-0.06790123456790123,-61.184723148412175,82.77372747792126,0.9966733090512387,fdr_bh,False
lt1_vs_lt2_per_model_class,"model_name=LSTMRegressor(batch_size=64,checkpoint_every_epochs=4,dropout=0.3,hidden_size=64,internal_stride_sec=15,lr=0.001,max_epochs=80,num_layers=2,outer_stride_sec=5,seq_len=6,weight_decay=1e-05)|feature_set=EMG|with_abs=True",abs_lt_err_median_sec,lt1,lt2,18,204.8766967190636,199.29609770576158,5.58059901330202,153.485952377319,176.4838784635067,-22.997926086187704,79.0,0.7987060546875,0.14666714210393927,0.8851200141889787,0.03456977691964882,-0.06790123456790123,-61.184723148412175,82.77372747792126,0.9966733090512387,fdr_bh,False
lt1_vs_lt2_per_model_class,"model_name=LSTMRegressor(batch_size=64,checkpoint_every_epochs=4,dropout=0.3,hidden_size=64,internal_stride_sec=15,lr=0.001,max_epochs=80,num_layers=2,outer_stride_sec=5,seq_len=6,weight_decay=1e-05)|feature_set=EMG+NIRS|with_abs=False",abs_lt_err_median_sec,lt1,lt2,18,180.59805305798844,193.81610760423868,-13.218054546250244,155.10996747016884,140.2884931564331,14.821474313735735,79.0,0.7987060546875,-0.29751573353379435,0.7696778148414133,-0.0701251308971453,-0.12345679012345678,-100.26694792773966,70.2634681539404,0.9966733090512387,fdr_bh,False
lt1_vs_lt2_per_model_class,"model_name=LSTMRegressor(batch_size=64,checkpoint_every_epochs=4,dropout=0.3,hidden_size=64,internal_stride_sec=15,lr=0.001,max_epochs=80,num_layers=2,outer_stride_sec=5,seq_len=6,weight_decay=1e-05)|feature_set=EMG+NIRS|with_abs=True",abs_lt_err_median_sec,lt1,lt2,18,185.62047922611228,211.7485922641224,-26.128113038010127,124.11912155151367,163.25243377685533,-39.133312225341655,75.0,0.6705245971679688,-0.6026965511369204,0.5546660605260832,-0.14205693943555375,-0.1728395061728395,-117.1265761617157,51.961934560040575,0.9966733090512387,fdr_bh,False
lt1_vs_lt2_per_model_class,"model_name=LSTMRegressor(batch_size=64,checkpoint_every_epochs=4,dropout=0.3,hidden_size=64,internal_stride_sec=15,lr=0.001,max_epochs=80,num_layers=2,outer_stride_sec=5,seq_len=6,weight_decay=1e-05)|feature_set=EMG+NIRS+HRV|with_abs=False",abs_lt_err_median_sec,lt1,lt2,18,150.2362417644924,150.02026322152875,0.21597854296365426,95.20288085937482,115.95678138732913,-20.753900527954315,76.0,0.7018814086914062,0.004738595657542595,0.9962743249176716,0.0011168977075831652,-0.18518518518518517,-90.45715658201128,86.3879730648464,0.9966733090512387,fdr_bh,False
lt1_vs_lt2_per_model_class,"model_name=LSTMRegressor(batch_size=64,checkpoint_every_epochs=4,dropout=0.3,hidden_size=64,internal_stride_sec=15,lr=0.001,max_epochs=80,num_layers=2,outer_stride_sec=5,seq_len=6,weight_decay=1e-05)|feature_set=EMG+NIRS+HRV|with_abs=True",abs_lt_err_median_sec,lt1,lt2,18,175.65127323733435,135.9507199658288,39.700553271505555,106.0786788463593,128.37793588638294,-22.299257040023647,75.0,0.6705245971679688,1.0940538741895411,0.2891915479686078,0.25787097114094615,0.012345679012345678,-21.537601919969042,113.7102798375819,0.9966733090512387,fdr_bh,False
lt1_vs_lt2_per_model_class,"model_name=LSTMRegressor(batch_size=64,checkpoint_every_epochs=4,dropout=0.3,hidden_size=64,internal_stride_sec=30,lr=0.001,max_epochs=80,num_layers=2,outer_stride_sec=5,seq_len=6,weight_decay=1e-05)|feature_set=EMG|with_abs=False",abs_lt_err_median_sec,lt1,lt2,17,209.73951059579838,174.79872134152575,34.94078925427263,173.68957519531153,181.20779037475586,-7.518215179444326,66.0,0.644134521484375,0.8172894480730919,0.4257662959042813,0.19822180712400694,0.058823529411764705,-45.45318474068347,125.16498775675001,0.9966733090512387,fdr_bh,False
lt1_vs_lt2_per_model_class,"model_name=LSTMRegressor(batch_size=64,checkpoint_every_epochs=4,dropout=0.3,hidden_size=64,internal_stride_sec=30,lr=0.001,max_epochs=80,num_layers=2,outer_stride_sec=5,seq_len=6,weight_decay=1e-05)|feature_set=EMG|with_abs=True",abs_lt_err_median_sec,lt1,lt2,17,209.73951059579838,174.79872134152575,34.94078925427263,173.68957519531153,181.20779037475586,-7.518215179444326,66.0,0.644134521484375,0.8172894480730919,0.4257662959042813,0.19822180712400694,0.058823529411764705,-45.45318474068347,125.16498775675001,0.9966733090512387,fdr_bh,False
lt1_vs_lt2_per_model_class,"model_name=LSTMRegressor(batch_size=64,checkpoint_every_epochs=4,dropout=0.3,hidden_size=64,internal_stride_sec=30,lr=0.001,max_epochs=80,num_layers=2,outer_stride_sec=5,seq_len=6,weight_decay=1e-05)|feature_set=EMG+NIRS|with_abs=False",abs_lt_err_median_sec,lt1,lt2,17,192.65657767478154,176.25312057663416,16.403457098147385,161.90877765417093,136.59114742279047,25.317630231380463,76.0,1.0,0.3780627661481342,0.7103527364952104,0.09169368929070272,-0.04498269896193772,-65.91921240906498,110.38676108314685,1.0,fdr_bh,False
lt1_vs_lt2_per_model_class,"model_name=LSTMRegressor(batch_size=64,checkpoint_every_epochs=4,dropout=0.3,hidden_size=64,internal_stride_sec=30,lr=0.001,max_epochs=80,num_layers=2,outer_stride_sec=5,seq_len=6,weight_decay=1e-05)|feature_set=EMG+NIRS|with_abs=True",abs_lt_err_median_sec,lt1,lt2,17,194.6158659843837,219.86569176000702,-25.24982577562332,126.52187728881842,163.41553497314464,-36.89365768432623,63.0,0.54766845703125,-0.49658994299196324,0.6262315832543885,-0.12044075221031277,-0.17647058823529413,-130.14127717719356,65.63724891429429,0.9966733090512387,fdr_bh,False
lt1_vs_lt2_per_model_class,"model_name=LSTMRegressor(batch_size=64,checkpoint_every_epochs=4,dropout=0.3,hidden_size=64,internal_stride_sec=30,lr=0.001,max_epochs=80,num_layers=2,outer_stride_sec=5,seq_len=6,weight_decay=1e-05)|feature_set=EMG+NIRS+HRV|with_abs=False",abs_lt_err_median_sec,lt1,lt2,17,166.35642530988238,148.15045540648342,18.205969903398966,106.2582244873044,129.24621582031244,-22.98799133300804,70.0,0.7819061279296875,0.4765502107273876,0.6401254264110666,0.11558040321996314,-0.1903114186851211,-48.770637547663206,102.44400390982628,0.9966733090512387,fdr_bh,False
lt1_vs_lt2_per_model_class,"model_name=LSTMRegressor(batch_size=64,checkpoint_every_epochs=4,dropout=0.3,hidden_size=64,internal_stride_sec=30,lr=0.001,max_epochs=80,num_layers=2,outer_stride_sec=5,seq_len=6,weight_decay=1e-05)|feature_set=EMG+NIRS+HRV|with_abs=True",abs_lt_err_median_sec,lt1,lt2,17,179.03029006719584,135.6912637598374,43.33902630735844,119.31409645080566,117.0273799896238,2.286716461181868,64.0,0.5790557861328125,1.1313650793463297,0.2745744616595437,0.2743963366635425,-0.04498269896193772,-23.878617217961462,129.25983441217855,0.9966733090512387,fdr_bh,False
lt1_vs_lt2_per_model_class,"model_name=LSTMRegressor(batch_size=64,checkpoint_every_epochs=4,dropout=0.3,hidden_size=64,internal_stride_sec=5,lr=0.001,max_epochs=80,num_layers=2,outer_stride_sec=5,seq_len=6,weight_decay=1e-05)|feature_set=EMG|with_abs=False",abs_lt_err_median_sec,lt1,lt2,18,198.38641531931026,145.11866941054657,53.267745908763686,135.6562602519987,124.40584754943853,11.250412702560169,70.0,0.522613525390625,1.2782441419434483,0.2183409003748242,0.3012850335933973,0.09876543209876543,-18.252797385056812,136.28321110937313,0.9966733090512387,fdr_bh,False
lt1_vs_lt2_per_model_class,"model_name=LSTMRegressor(batch_size=64,checkpoint_every_epochs=4,dropout=0.3,hidden_size=64,internal_stride_sec=5,lr=0.001,max_epochs=80,num_layers=2,outer_stride_sec=5,seq_len=6,weight_decay=1e-05)|feature_set=EMG|with_abs=True",abs_lt_err_median_sec,lt1,lt2,18,198.38641531931026,145.11866941054657,53.267745908763686,135.6562602519987,124.40584754943853,11.250412702560169,70.0,0.522613525390625,1.2782441419434483,0.2183409003748242,0.3012850335933973,0.09876543209876543,-18.252797385056812,136.28321110937313,0.9966733090512387,fdr_bh,False
lt1_vs_lt2_per_model_class,"model_name=LSTMRegressor(batch_size=64,checkpoint_every_epochs=4,dropout=0.3,hidden_size=64,internal_stride_sec=5,lr=0.001,max_epochs=80,num_layers=2,outer_stride_sec=5,seq_len=6,weight_decay=1e-05)|feature_set=EMG+NIRS|with_abs=False",abs_lt_err_median_sec,lt1,lt2,18,168.84470064938057,150.68591504626798,18.15878560311259,133.21015739440924,128.76101586222643,4.449141532182807,80.0,0.83172607421875,0.5332264995432845,0.6007792077999475,0.12568269124514064,-0.037037037037037035,-43.94389655325172,87.65397520756544,0.9966733090512387,fdr_bh,False
lt1_vs_lt2_per_model_class,"model_name=LSTMRegressor(batch_size=64,checkpoint_every_epochs=4,dropout=0.3,hidden_size=64,internal_stride_sec=5,lr=0.001,max_epochs=80,num_layers=2,outer_stride_sec=5,seq_len=6,weight_decay=1e-05)|feature_set=EMG+NIRS|with_abs=True",abs_lt_err_median_sec,lt1,lt2,18,179.4622123274538,182.55396348237986,-3.091751154926044,112.13135692477228,162.87953945994383,-50.74818253517155,82.0,0.8985748291015625,-0.09266990180936,0.9272491480717732,-0.021842505327096653,-0.16666666666666666,-68.88590480296142,62.340483176873846,0.9966733090512387,fdr_bh,False
lt1_vs_lt2_per_model_class,"model_name=LSTMRegressor(batch_size=64,checkpoint_every_epochs=4,dropout=0.3,hidden_size=64,internal_stride_sec=5,lr=0.001,max_epochs=80,num_layers=2,outer_stride_sec=5,seq_len=6,weight_decay=1e-05)|feature_set=EMG+NIRS+HRV|with_abs=False",abs_lt_err_median_sec,lt1,lt2,18,156.2303304109308,134.43767778740988,21.792652623520922,94.75830981135371,128.08987423777575,-33.331564426422034,83.0,0.932281494140625,0.6685936675066778,0.5127318471207583,0.15758903871745192,-0.19135802469135801,-33.865718244181835,89.75983955636625,0.9966733090512387,fdr_bh,False
lt1_vs_lt2_per_model_class,"model_name=LSTMRegressor(batch_size=64,checkpoint_every_epochs=4,dropout=0.3,hidden_size=64,internal_stride_sec=5,lr=0.001,max_epochs=80,num_layers=2,outer_stride_sec=5,seq_len=6,weight_decay=1e-05)|feature_set=EMG+NIRS+HRV|with_abs=True",abs_lt_err_median_sec,lt1,lt2,18,173.04847592446538,117.24850414858923,55.799971775876145,110.24794387817371,106.29914283752413,3.9488010406495846,55.0,0.19638824462890625,1.6465153725411739,0.11801734983428724,0.3880873950839195,0.11728395061728394,-0.04131404277344494,122.79482354670763,0.9966733090512387,fdr_bh,False
lt1_vs_lt2_per_model_class,"model_name=LSTMStatefulRegressor(batch_size=64,checkpoint_every_epochs=4,chunk_size=10,dropout=0.3,hidden_size=64,internal_stride_sec=15,lr=0.001,max_epochs=20,num_layers=2,weight_decay=1e-05)|feature_set=EMG|with_abs=False",abs_lt_err_median_sec,lt1,lt2,18,211.18034647239577,178.77661752700794,32.403728945387826,172.13787373900388,129.5610179901123,42.576855748891575,83.0,0.932281494140625,0.7290441983998244,0.47589958882624583,0.1718373654910755,0.037037037037037035,-47.74734256813913,118.90911164192705,0.9966733090512387,fdr_bh,False
lt1_vs_lt2_per_model_class,"model_name=LSTMStatefulRegressor(batch_size=64,checkpoint_every_epochs=4,chunk_size=10,dropout=0.3,hidden_size=64,internal_stride_sec=15,lr=0.001,max_epochs=20,num_layers=2,weight_decay=1e-05)|feature_set=EMG|with_abs=True",abs_lt_err_median_sec,lt1,lt2,18,200.98060293661217,180.87849120299012,20.102111733622053,129.03691339492758,150.02841091156012,-20.991497516632535,81.0,0.8650436401367188,0.4288077255158924,0.6734475459770053,0.10107095017915574,0.006172839506172839,-59.07957756709712,114.64412376640581,0.9966733090512387,fdr_bh,False
lt1_vs_lt2_per_model_class,"model_name=LSTMStatefulRegressor(batch_size=64,checkpoint_every_epochs=4,chunk_size=10,dropout=0.3,hidden_size=64,internal_stride_sec=15,lr=0.001,max_epochs=20,num_layers=2,weight_decay=1e-05)|feature_set=EMG+NIRS|with_abs=False",abs_lt_err_median_sec,lt1,lt2,18,191.90201423896684,186.57087949994528,5.331134739021564,164.8805360794065,160.39507293701172,4.485463142394792,76.0,0.7018814086914062,0.11719022369969687,0.9080827205932746,0.027622000622274708,-0.012345679012345678,-79.77459195345226,94.47796802804302,0.9966733090512387,fdr_bh,False
lt1_vs_lt2_per_model_class,"model_name=LSTMStatefulRegressor(batch_size=64,checkpoint_every_epochs=4,chunk_size=10,dropout=0.3,hidden_size=64,internal_stride_sec=15,lr=0.001,max_epochs=20,num_layers=2,weight_decay=1e-05)|feature_set=EMG+NIRS|with_abs=True",abs_lt_err_median_sec,lt1,lt2,18,206.33275415831133,180.5131187968784,25.819635361432944,189.4648571014404,170.17417526245106,19.290681838989343,78.0,0.7660293579101562,0.7460543555307123,0.46582677636903264,0.17584669797650876,0.10493827160493827,-38.45001613216256,93.04885960295785,0.9966733090512387,fdr_bh,False
lt1_vs_lt2_per_model_class,"model_name=LSTMStatefulRegressor(batch_size=64,checkpoint_every_epochs=4,chunk_size=10,dropout=0.3,hidden_size=64,internal_stride_sec=15,lr=0.001,max_epochs=20,num_layers=2,weight_decay=1e-05)|feature_set=EMG+NIRS+HRV|with_abs=False",abs_lt_err_median_sec,lt1,lt2,18,160.78505131271143,161.284627172682,-0.49957585997057663,115.67544674873352,121.04861354827875,-5.373166799545231,73.0,0.6094589233398438,-0.01124574396228668,0.9911583046826309,-0.0026506472717401953,-0.09259259259259259,-82.53334811603024,86.63162147824951,0.9966733090512387,fdr_bh,False
lt1_vs_lt2_per_model_class,"model_name=LSTMStatefulRegressor(batch_size=64,checkpoint_every_epochs=4,chunk_size=10,dropout=0.3,hidden_size=64,internal_stride_sec=15,lr=0.001,max_epochs=20,num_layers=2,weight_decay=1e-05)|feature_set=EMG+NIRS+HRV|with_abs=True",abs_lt_err_median_sec,lt1,lt2,18,179.98334631323812,137.03349693616227,42.94984937707585,134.3640751838684,124.02373695373535,10.340338230133057,73.0,0.6094589233398438,1.1998852227011438,0.24663943511549094,0.28281565920583657,0.04938271604938271,-21.85255531726618,116.80673365460515,0.9966733090512387,fdr_bh,False
lt1_vs_lt2_per_model_class,"model_name=LSTMStatefulRegressor(batch_size=64,checkpoint_every_epochs=4,chunk_size=10,dropout=0.3,hidden_size=64,internal_stride_sec=30,lr=0.001,max_epochs=20,num_layers=2,weight_decay=1e-05)|feature_set=EMG|with_abs=False",abs_lt_err_median_sec,lt1,lt2,18,220.95152775280997,183.2350540757179,37.71647367709207,199.9665412902832,166.56134796142575,33.40519332885745,76.0,0.7018814086914062,0.8851901237659492,0.3884034023587026,0.20864131305142067,0.08024691358024691,-37.29356461974489,125.98093488742087,0.9966733090512387,fdr_bh,False
lt1_vs_lt2_per_model_class,"model_name=LSTMStatefulRegressor(batch_size=64,checkpoint_every_epochs=4,chunk_size=10,dropout=0.3,hidden_size=64,internal_stride_sec=30,lr=0.001,max_epochs=20,num_layers=2,weight_decay=1e-05)|feature_set=EMG|with_abs=True",abs_lt_err_median_sec,lt1,lt2,18,216.02991284098886,188.23686698079106,27.793045860197793,160.47930479049646,155.0621948242189,5.417109966277565,83.0,0.932281494140625,0.6209815055578481,0.5428489516885271,0.14636674452379536,0.012345679012345678,-47.13617892281874,118.52635587201343,0.9966733090512387,fdr_bh,False
lt1_vs_lt2_per_model_class,"model_name=LSTMStatefulRegressor(batch_size=64,checkpoint_every_epochs=4,chunk_size=10,dropout=0.3,hidden_size=64,internal_stride_sec=30,lr=0.001,max_epochs=20,num_layers=2,weight_decay=1e-05)|feature_set=EMG+NIRS|with_abs=False",abs_lt_err_median_sec,lt1,lt2,18,197.2990421387884,180.8950322469075,16.40400989188089,147.82579135894775,131.96319198608398,15.86259937286377,70.0,0.522613525390625,0.3599186448891925,0.7233404127035651,0.08483363815887365,0.08641975308641975,-77.48829631159697,103.59101995879593,0.9966733090512387,fdr_bh,False
lt1_vs_lt2_per_model_class,"model_name=LSTMStatefulRegressor(batch_size=64,checkpoint_every_epochs=4,chunk_size=10,dropout=0.3,hidden_size=64,internal_stride_sec=30,lr=0.001,max_epochs=20,num_layers=2,weight_decay=1e-05)|feature_set=EMG+NIRS|with_abs=True",abs_lt_err_median_sec,lt1,lt2,18,198.77824199034094,173.8008980486128,24.97734394172815,192.63056278228737,152.60515785217268,40.02540493011469,80.0,0.83172607421875,0.7258832957838177,0.47778561942401,0.17109233359959267,0.06172839506172839,-36.151152254227306,95.19498276962997,0.9966733090512387,fdr_bh,False
lt1_vs_lt2_per_model_class,"model_name=LSTMStatefulRegressor(batch_size=64,checkpoint_every_epochs=4,chunk_size=10,dropout=0.3,hidden_size=64,internal_stride_sec=30,lr=0.001,max_epochs=20,num_layers=2,weight_decay=1e-05)|feature_set=EMG+NIRS+HRV|with_abs=False",abs_lt_err_median_sec,lt1,lt2,18,170.83677435417962,160.38013225793836,10.456642096241268,127.83561503887145,126.64628791809082,1.1893271207806322,74.0,0.6396942138671875,0.2749961504557062,0.7866334338481618,0.06481721426247532,-0.09876543209876543,-58.24412611905083,87.94548658881749,0.9966733090512387,fdr_bh,False
lt1_vs_lt2_per_model_class,"model_name=LSTMStatefulRegressor(batch_size=64,checkpoint_every_epochs=4,chunk_size=10,dropout=0.3,hidden_size=64,internal_stride_sec=30,lr=0.001,max_epochs=20,num_layers=2,weight_decay=1e-05)|feature_set=EMG+NIRS+HRV|with_abs=True",abs_lt_err_median_sec,lt1,lt2,18,175.6997120363844,133.56428082784018,42.13543120854422,129.15952990949137,130.12400817871105,-0.9644782692196827,78.0,0.7660293579101562,1.119666827060153,0.2784263206697908,0.2639080020279532,0.08024691358024691,-17.34536145404001,120.53152470096111,0.9966733090512387,fdr_bh,False
lt1_vs_lt2_per_model_class,"model_name=LSTMStatefulRegressor(batch_size=64,checkpoint_every_epochs=4,chunk_size=10,dropout=0.3,hidden_size=64,internal_stride_sec=5,lr=0.001,max_epochs=20,num_layers=2,weight_decay=1e-05)|feature_set=EMG|with_abs=False",abs_lt_err_median_sec,lt1,lt2,18,206.7463939057456,170.19647037982944,36.54992352591617,178.14063453674314,120.5342979431152,57.60633659362793,75.0,0.6705245971679688,0.9448688117412571,0.3579626637415306,0.22270771470463946,0.09876543209876543,-29.201345472534502,114.86127241750552,0.9966733090512387,fdr_bh,False
lt1_vs_lt2_per_model_class,"model_name=LSTMStatefulRegressor(batch_size=64,checkpoint_every_epochs=4,chunk_size=10,dropout=0.3,hidden_size=64,internal_stride_sec=5,lr=0.001,max_epochs=20,num_layers=2,weight_decay=1e-05)|feature_set=EMG|with_abs=True",abs_lt_err_median_sec,lt1,lt2,18,195.29823933376198,154.7940705368916,40.504168796870374,150.22805023193342,112.07336235046384,38.154687881469584,73.0,0.6094589233398438,1.0492614676686798,0.30874643930799206,0.2473132996754243,0.11728395061728394,-29.457952143872777,115.39187207159894,0.9966733090512387,fdr_bh,False
lt1_vs_lt2_per_model_class,"model_name=LSTMStatefulRegressor(batch_size=64,checkpoint_every_epochs=4,chunk_size=10,dropout=0.3,hidden_size=64,internal_stride_sec=5,lr=0.001,max_epochs=20,num_layers=2,weight_decay=1e-05)|feature_set=EMG+NIRS|with_abs=False",abs_lt_err_median_sec,lt1,lt2,18,154.32423872086736,178.59838365183936,-24.274144930972,106.1242942810056,154.1291937828064,-48.00489950180079,76.0,0.7018814086914062,-0.6854166216738424,0.5023213499201246,-0.1615542470411828,-0.13580246913580246,-97.62859599880036,42.638062722152966,0.9966733090512387,fdr_bh,False
lt1_vs_lt2_per_model_class,"model_name=LSTMStatefulRegressor(batch_size=64,checkpoint_every_epochs=4,chunk_size=10,dropout=0.3,hidden_size=64,internal_stride_sec=5,lr=0.001,max_epochs=20,num_layers=2,weight_decay=1e-05)|feature_set=EMG+NIRS|with_abs=True",abs_lt_err_median_sec,lt1,lt2,18,200.52232626411643,153.46280137697852,47.05952488713791,149.489266872406,120.47286796569807,29.016398906707934,51.0,0.14151763916015625,1.6368413270583266,0.12004028931562591,0.3858072006964435,0.19135802469135801,-5.838253293103747,102.7354822436969,0.9966733090512387,fdr_bh,False
lt1_vs_lt2_per_model_class,"model_name=LSTMStatefulRegressor(batch_size=64,checkpoint_every_epochs=4,chunk_size=10,dropout=0.3,hidden_size=64,internal_stride_sec=5,lr=0.001,max_epochs=20,num_layers=2,weight_decay=1e-05)|feature_set=EMG+NIRS+HRV|with_abs=False",abs_lt_err_median_sec,lt1,lt2,18,161.53297205103766,157.40166212452777,4.131309926509886,117.34583139419556,131.33608627319325,-13.990254878997689,83.0,0.932281494140625,0.09902631574036497,0.922275709324662,0.02334072645864407,-0.09876543209876543,-74.64915190819237,90.34183246940394,0.9966733090512387,fdr_bh,False
lt1_vs_lt2_per_model_class,"model_name=LSTMStatefulRegressor(batch_size=64,checkpoint_every_epochs=4,chunk_size=10,dropout=0.3,hidden_size=64,internal_stride_sec=5,lr=0.001,max_epochs=20,num_layers=2,weight_decay=1e-05)|feature_set=EMG+NIRS+HRV|with_abs=True",abs_lt_err_median_sec,lt1,lt2,18,172.66661682393809,131.89561722013684,40.77099960380124,121.08388519287094,138.64101409912112,-17.557128906250185,77.0,0.7337265014648438,1.1192334522422565,0.278605966284826,0.2638058546037765,0.04938271604938271,-17.282158136699046,118.75191572838351,0.9966733090512387,fdr_bh,False
lt1_vs_lt2_per_model_class,"model_name=PureTCN(batch_size=64,checkpoint_every_epochs=4,dilations=[1, 2, 4, 8, 16],dropout=0.3,internal_stride_sec=5,kernel_size=3,lr=0.001,max_epochs=80,n_channels=32,outer_stride_sec=5,seq_len=60,weight_decay=0.001)|feature_set=EMG|with_abs=False",abs_lt_err_median_sec,lt1,lt2,17,234.97026662265557,221.9313130098231,13.038953612832472,208.05424118041987,165.2103729248047,42.84386825561518,71.0,0.8175811767578125,0.3445364910065239,0.7349298293645937,0.08356237319409218,0.04498269896193772,-56.352972414914255,89.26973650034725,0.9966733090512387,fdr_bh,False
lt1_vs_lt2_per_model_class,"model_name=PureTCN(batch_size=64,checkpoint_every_epochs=4,dilations=[1, 2, 4, 8, 16],dropout=0.3,internal_stride_sec=5,kernel_size=3,lr=0.001,max_epochs=80,n_channels=32,outer_stride_sec=5,seq_len=60,weight_decay=0.001)|feature_set=EMG|with_abs=True",abs_lt_err_median_sec,lt1,lt2,17,234.97026662265557,221.9313130098231,13.038953612832472,208.05424118041987,165.2103729248047,42.84386825561518,71.0,0.8175811767578125,0.3445364910065239,0.7349298293645937,0.08356237319409218,0.04498269896193772,-56.352972414914255,89.26973650034725,0.9966733090512387,fdr_bh,False
lt1_vs_lt2_per_model_class,"model_name=PureTCN(batch_size=64,checkpoint_every_epochs=4,dilations=[1, 2, 4, 8, 16],dropout=0.3,internal_stride_sec=5,kernel_size=3,lr=0.001,max_epochs=80,n_channels=32,outer_stride_sec=5,seq_len=60,weight_decay=0.001)|feature_set=EMG+NIRS|with_abs=False",abs_lt_err_median_sec,lt1,lt2,17,204.24573443917663,184.40270233154297,19.84303210763366,177.01573944091797,184.65553283691406,-7.639793395996094,70.0,0.7819061279296875,0.5675521729805272,0.5782165944938238,0.13765162101456116,0.058823529411764705,-46.04157434912284,87.98075575267553,0.9966733090512387,fdr_bh,False
lt1_vs_lt2_per_model_class,"model_name=PureTCN(batch_size=64,checkpoint_every_epochs=4,dilations=[1, 2, 4, 8, 16],dropout=0.3,internal_stride_sec=5,kernel_size=3,lr=0.001,max_epochs=80,n_channels=32,outer_stride_sec=5,seq_len=60,weight_decay=0.001)|feature_set=EMG+NIRS|with_abs=True",abs_lt_err_median_sec,lt1,lt2,17,229.2983379924999,221.8699740241555,7.428363968344399,179.20314025878906,188.7261199951172,-9.522979736328125,70.0,0.7819061279296875,0.16119016909887252,0.8739613915260293,0.03909435841210725,0.031141868512110725,-76.83757137270518,97.62061380498558,0.9966733090512387,fdr_bh,False
lt1_vs_lt2_per_model_class,"model_name=PureTCN(batch_size=64,checkpoint_every_epochs=4,dilations=[1, 2, 4, 8, 16],dropout=0.3,internal_stride_sec=5,kernel_size=3,lr=0.001,max_epochs=80,n_channels=32,outer_stride_sec=5,seq_len=60,weight_decay=0.001)|feature_set=EMG+NIRS+HRV|with_abs=False",abs_lt_err_median_sec,lt1,lt2,17,164.75586582632627,164.0106416590073,0.7452241673189803,153.50174713134766,138.85946655273426,14.642280578613395,67.0,0.677703857421875,0.017477588452383307,0.9862717043114737,0.004238937839426581,-0.12110726643598616,-72.4721805474337,92.12482363756972,0.9966733090512387,fdr_bh,False
lt1_vs_lt2_per_model_class,"model_name=PureTCN(batch_size=64,checkpoint_every_epochs=4,dilations=[1, 2, 4, 8, 16],dropout=0.3,internal_stride_sec=5,kernel_size=3,lr=0.001,max_epochs=80,n_channels=32,outer_stride_sec=5,seq_len=60,weight_decay=0.001)|feature_set=EMG+NIRS+HRV|with_abs=True",abs_lt_err_median_sec,lt1,lt2,17,165.3753475301406,136.69409179687494,28.681255733265658,158.24765777587885,104.27835845947277,53.96929931640608,69.0,0.7466583251953125,0.848317738879759,0.40877345496506273,0.20574727302861104,0.0657439446366782,-39.091885988852475,96.89744038441614,0.9966733090512387,fdr_bh,False
lt1_vs_lt2_per_model_class,"model_name=PureTCN(batch_size=64,checkpoint_every_epochs=4,dilations=[1, 2, 4, 8],dropout=0.3,internal_stride_sec=5,kernel_size=3,lr=0.001,max_epochs=80,n_channels=32,outer_stride_sec=5,seq_len=30,weight_decay=0.001)|feature_set=EMG|with_abs=False",abs_lt_err_median_sec,lt1,lt2,17,230.19066824632523,179.11396924187156,51.07669900445367,191.56647920608515,121.80382537841797,69.76265382766718,64.0,0.5790557861328125,1.0910853670969998,0.2913941353962646,0.26462707147686765,0.10726643598615918,-28.774078333377773,153.2697929999406,0.9966733090512387,fdr_bh,False
lt1_vs_lt2_per_model_class,"model_name=PureTCN(batch_size=64,checkpoint_every_epochs=4,dilations=[1, 2, 4, 8],dropout=0.3,internal_stride_sec=5,kernel_size=3,lr=0.001,max_epochs=80,n_channels=32,outer_stride_sec=5,seq_len=30,weight_decay=0.001)|feature_set=EMG|with_abs=True",abs_lt_err_median_sec,lt1,lt2,17,230.19066824632523,179.11396924187156,51.07669900445367,191.56647920608515,121.80382537841797,69.76265382766718,64.0,0.5790557861328125,1.0910853670969998,0.2913941353962646,0.26462707147686765,0.10726643598615918,-28.774078333377773,153.2697929999406,0.9966733090512387,fdr_bh,False
lt1_vs_lt2_per_model_class,"model_name=PureTCN(batch_size=64,checkpoint_every_epochs=4,dilations=[1, 2, 4, 8],dropout=0.3,internal_stride_sec=5,kernel_size=3,lr=0.001,max_epochs=80,n_channels=32,outer_stride_sec=5,seq_len=30,weight_decay=0.001)|feature_set=EMG+NIRS|with_abs=False",abs_lt_err_median_sec,lt1,lt2,17,192.6056027412414,170.2720256132238,22.333577128017595,171.99831819534296,135.3725280761721,36.62579011917086,74.0,0.926513671875,0.4255542457942198,0.6761014713944106,0.10321206499056636,0.0657439446366782,-71.16069864104774,125.90529093181371,0.9966733090512387,fdr_bh,False
lt1_vs_lt2_per_model_class,"model_name=PureTCN(batch_size=64,checkpoint_every_epochs=4,dilations=[1, 2, 4, 8],dropout=0.3,internal_stride_sec=5,kernel_size=3,lr=0.001,max_epochs=80,n_channels=32,outer_stride_sec=5,seq_len=30,weight_decay=0.001)|feature_set=EMG+NIRS|with_abs=True",abs_lt_err_median_sec,lt1,lt2,17,174.9736344113069,180.36525524363788,-5.391620832330972,134.92005920410162,134.770170211792,0.14988899230962716,71.0,0.8175811767578125,-0.10352912002076926,0.9188296127834057,-0.02510949983369881,-0.05190311418685121,-106.7036248382399,89.75602956238913,0.9966733090512387,fdr_bh,False
lt1_vs_lt2_per_model_class,"model_name=PureTCN(batch_size=64,checkpoint_every_epochs=4,dilations=[1, 2, 4, 8],dropout=0.3,internal_stride_sec=5,kernel_size=3,lr=0.001,max_epochs=80,n_channels=32,outer_stride_sec=5,seq_len=30,weight_decay=0.001)|feature_set=EMG+NIRS+HRV|with_abs=False",abs_lt_err_median_sec,lt1,lt2,17,167.00867846432848,125.52391792746145,41.48476053686703,139.31693267822266,119.84563446044933,19.471298217773324,55.0,0.328948974609375,1.10485742080642,0.28555971897306853,0.26796728513131585,0.13494809688581316,-27.344838726520337,119.92781985857916,0.9966733090512387,fdr_bh,False
lt1_vs_lt2_per_model_class,"model_name=PureTCN(batch_size=64,checkpoint_every_epochs=4,dilations=[1, 2, 4, 8],dropout=0.3,internal_stride_sec=5,kernel_size=3,lr=0.001,max_epochs=80,n_channels=32,outer_stride_sec=5,seq_len=30,weight_decay=0.001)|feature_set=EMG+NIRS+HRV|with_abs=True",abs_lt_err_median_sec,lt1,lt2,17,172.4147406465867,104.44019654217888,67.97454410440781,148.25376129150385,66.2669067382817,81.98685455322214,47.0,0.17425537109375,1.7857918136753637,0.09309764183631049,0.433118133714521,0.21107266435986158,2.0881511576035403,146.42648918488447,0.9966733090512387,fdr_bh,False
lt1_vs_lt2_per_model_class,model_name=Ridge(alpha=1)|feature_set=EMG|with_abs=False,abs_lt_err_median_sec,lt1,lt2,18,239.33837476582715,258.70812269386107,-19.369747928033917,207.13517826833137,256.0181929488737,-48.883014680542345,69.0,0.49507904052734375,-0.3919908295437342,0.699935545120413,-0.0923931245777715,-0.12345679012345678,-107.61076054923558,78.64489968576989,0.9966733090512387,fdr_bh,False
lt1_vs_lt2_per_model_class,model_name=Ridge(alpha=1)|feature_set=EMG|with_abs=True,abs_lt_err_median_sec,lt1,lt2,18,239.33837476582715,258.70812269386107,-19.369747928033917,207.13517826833137,256.0181929488737,-48.883014680542345,69.0,0.49507904052734375,-0.3919908295437342,0.699935545120413,-0.0923931245777715,-0.12345679012345678,-107.61076054923558,78.64489968576989,0.9966733090512387,fdr_bh,False
lt1_vs_lt2_per_model_class,model_name=Ridge(alpha=1)|feature_set=EMG+NIRS|with_abs=False,abs_lt_err_median_sec,lt1,lt2,18,254.63081894782968,162.04989918688125,92.58091976094843,220.70961421370677,161.72789830772552,58.98171590598125,37.0,0.03423309326171875,2.1617531465149598,0.04519065092843427,0.5095301030506949,0.3271604938271605,18.38431742892076,177.78788709286366,0.9966733090512387,fdr_bh,False
lt1_vs_lt2_per_model_class,model_name=Ridge(alpha=1)|feature_set=EMG+NIRS|with_abs=True,abs_lt_err_median_sec,lt1,lt2,18,315.9250279241978,263.53681092578796,52.38821699840986,282.59510118156675,241.756649919876,40.83845126169075,80.0,0.83172607421875,0.848554491690749,0.4079193153597055,0.20000621176027752,0.07407407407407407,-58.94052053805768,172.88179516991067,0.9966733090512387,fdr_bh,False
lt1_vs_lt2_per_model_class,model_name=Ridge(alpha=1)|feature_set=EMG+NIRS+HRV|with_abs=False,abs_lt_err_median_sec,lt1,lt2,18,153.09505729030812,115.92747765517576,37.167579635132356,82.11222605163607,92.7308984828608,-10.618672431224724,63.0,0.34654998779296875,1.1177731985898427,0.2792119138244227,0.2634616695171517,0.05555555555555555,-24.15304885391755,103.2045058756077,0.9966733090512387,fdr_bh,False
lt1_vs_lt2_per_model_class,model_name=Ridge(alpha=1)|feature_set=EMG+NIRS+HRV|with_abs=True,abs_lt_err_median_sec,lt1,lt2,18,207.81980668183735,149.5734782333053,58.24632844853204,117.89922846986964,89.83425146079364,28.064977009076003,51.0,0.14151763916015625,1.4971458288478283,0.15269168094151958,0.3528806560011512,0.15432098765432098,-8.937874036359197,136.75963162774863,0.9966733090512387,fdr_bh,False
lt1_vs_lt2_per_model_class,model_name=Ridge(alpha=1)|feature_set=HRV|with_abs=False,abs_lt_err_median_sec,lt1,lt2,18,162.98581968966084,149.68391054439624,13.301909145264602,140.0193478064461,115.57866271165034,24.440685094795754,70.0,0.522613525390625,0.26935811317188946,0.7908961737173394,0.0634883161304855,0.05555555555555555,-78.0840456172253,106.64885939148212,0.9966733090512387,fdr_bh,False
lt1_vs_lt2_per_model_class,model_name=Ridge(alpha=1)|feature_set=HRV|with_abs=True,abs_lt_err_median_sec,lt1,lt2,18,181.99393929993366,123.073576212819,58.92036308711465,154.6992418452408,107.18802408426853,47.51121776097227,51.0,0.14151763916015625,1.3948916055499951,0.18100813164538962,0.32877910443486413,0.2345679012345679,-13.199561117727585,144.53857065790453,0.9966733090512387,fdr_bh,False
lt1_vs_lt2_per_model_class,model_name=Ridge(alpha=1)|feature_set=NIRS|with_abs=False,abs_lt_err_median_sec,lt1,lt2,18,192.60276855219112,178.8170280195419,13.785740532649214,131.47782328711372,157.6095416156391,-26.13171832852538,83.0,0.932281494140625,0.5108492810761753,0.6160265740989309,0.12040833027107875,0.006172839506172839,-34.9773499178389,69.83557575655497,0.9966733090512387,fdr_bh,False
lt1_vs_lt2_per_model_class,model_name=Ridge(alpha=1)|feature_set=NIRS|with_abs=True,abs_lt_err_median_sec,lt1,lt2,18,276.04122638853073,317.2504421100023,-41.209215721471594,182.1317007624176,275.1815034115608,-93.0498026491432,70.0,0.522613525390625,-1.089597764882732,0.29109530399840616,-0.2568206561047618,-0.13580246913580246,-124.64550247345421,25.94054627056977,0.9966733090512387,fdr_bh,False
lt1_vs_lt2_per_model_class,model_name=Ridge(alpha=10)|feature_set=EMG|with_abs=False,abs_lt_err_median_sec,lt1,lt2,18,262.2749296780837,243.4008393686845,18.874090309399207,236.41220778168932,197.13069145280173,39.28151632888759,85.0,1.0,0.4262619244267268,0.675265485669515,0.10047089910792205,0.05555555555555555,-56.237880615396335,103.37436596542966,1.0,fdr_bh,False
lt1_vs_lt2_per_model_class,model_name=Ridge(alpha=10)|feature_set=EMG|with_abs=True,abs_lt_err_median_sec,lt1,lt2,18,262.2749296780837,243.4008393686845,18.874090309399207,236.41220778168932,197.13069145280173,39.28151632888759,85.0,1.0,0.4262619244267268,0.675265485669515,0.10047089910792205,0.05555555555555555,-56.237880615396335,103.37436596542966,1.0,fdr_bh,False
lt1_vs_lt2_per_model_class,model_name=Ridge(alpha=10)|feature_set=EMG+NIRS|with_abs=False,abs_lt_err_median_sec,lt1,lt2,18,228.58694270206584,176.52246511885951,52.064477583206326,191.82379269728727,184.6423754174648,7.181417279822483,59.0,0.2645263671875,1.4293590311186013,0.1710205455935306,0.3369031545513988,0.08641975308641975,-7.0458562736539285,127.01535893631996,0.9966733090512387,fdr_bh,False
lt1_vs_lt2_per_model_class,model_name=Ridge(alpha=10)|feature_set=EMG+NIRS|with_abs=True,abs_lt_err_median_sec,lt1,lt2,18,302.87728429135274,257.96982634062124,44.9074579507315,273.03100417752046,219.42112298028422,53.609881197236234,80.0,0.83172607421875,0.8613712390404545,0.4010203486281168,0.20302714808152136,0.11728395061728394,-53.93946266608816,147.92607173387464,0.9966733090512387,fdr_bh,False
lt1_vs_lt2_per_model_class,model_name=Ridge(alpha=10)|feature_set=EMG+NIRS+HRV|with_abs=False,abs_lt_err_median_sec,lt1,lt2,18,142.4081350420698,117.634980073019,24.773154969050807,86.39774946410091,104.99021321619605,-18.592463752095142,65.0,0.39273834228515625,0.8219475162765586,0.4224856721724562,0.1937348875128649,-0.012345679012345678,-32.21851658704282,85.5801897028005,0.9966733090512387,fdr_bh,False
lt1_vs_lt2_per_model_class,model_name=Ridge(alpha=10)|feature_set=EMG+NIRS+HRV|with_abs=True,abs_lt_err_median_sec,lt1,lt2,18,200.15015949668003,137.93292666737435,62.217232829305686,104.6511985228872,85.94313533008076,18.708063192806435,45.0,0.08142852783203125,1.595115758180557,0.12910748463516322,0.3759723897956644,0.18518518518518517,-5.048139353836973,144.57537069635708,0.9966733090512387,fdr_bh,False
lt1_vs_lt2_per_model_class,model_name=Ridge(alpha=10)|feature_set=HRV|with_abs=False,abs_lt_err_median_sec,lt1,lt2,18,162.51016201837766,149.41660409542408,13.093557922953579,141.08543513622837,120.30590484635042,20.779530289877954,75.0,0.6705245971679688,0.26374050732200127,0.7951502598317016,0.062164233733655795,0.030864197530864196,-79.78216220524835,106.2229911931409,0.9966733090512387,fdr_bh,False
lt1_vs_lt2_per_model_class,model_name=Ridge(alpha=10)|feature_set=HRV|with_abs=True,abs_lt_err_median_sec,lt1,lt2,18,182.78103443165804,122.30050781296192,60.48052661869612,163.78764454754293,106.86800188835736,56.91964265918557,48.0,0.1083831787109375,1.4184809322746894,0.17412301259742782,0.33433916206508296,0.25308641975308643,-13.285575081762975,146.46540935085358,0.9966733090512387,fdr_bh,False
lt1_vs_lt2_per_model_class,model_name=Ridge(alpha=10)|feature_set=NIRS|with_abs=False,abs_lt_err_median_sec,lt1,lt2,18,183.29548813120002,169.54175731491844,13.753730816281575,116.40301006124167,155.14989912092892,-38.74688905968725,84.0,0.9661178588867188,0.4980948772413258,0.6247993234637447,0.11740208845720747,-0.037037037037037035,-36.50927418550599,70.31639272988575,0.9969216167062953,fdr_bh,False
lt1_vs_lt2_per_model_class,model_name=Ridge(alpha=10)|feature_set=NIRS|with_abs=True,abs_lt_err_median_sec,lt1,lt2,18,258.67935699064,293.50365781625374,-34.82430082561376,169.40077841515966,257.69936099877714,-88.29858258361747,72.0,0.5798416137695312,-0.9775984984113326,0.3419806358930828,-0.2304221758348132,-0.1111111111111111,-112.49161424180721,30.68130913465295,0.9966733090512387,fdr_bh,False
lt1_vs_lt2_per_model_class,model_name=Ridge(alpha=100)|feature_set=EMG|with_abs=False,abs_lt_err_median_sec,lt1,lt2,18,244.6191122959372,213.84216285293866,30.776949442998557,229.8082999116399,111.13961779040673,118.66868212123316,73.0,0.6094589233398438,0.6649946498033179,0.514974844800354,0.15674074210956648,0.25925925925925924,-50.88942782611406,121.34063253619648,0.9966733090512387,fdr_bh,False
lt1_vs_lt2_per_model_class,model_name=Ridge(alpha=100)|feature_set=EMG|with_abs=True,abs_lt_err_median_sec,lt1,lt2,18,244.6191122959372,213.84216285293866,30.776949442998557,229.8082999116399,111.13961779040673,118.66868212123316,73.0,0.6094589233398438,0.6649946498033179,0.514974844800354,0.15674074210956648,0.25925925925925924,-50.88942782611406,121.34063253619648,0.9966733090512387,fdr_bh,False
lt1_vs_lt2_per_model_class,model_name=Ridge(alpha=100)|feature_set=EMG+NIRS|with_abs=False,abs_lt_err_median_sec,lt1,lt2,18,205.72570271439534,169.78892457991182,35.93677813448352,151.93325680110453,145.66533271491312,6.267924086191414,79.0,0.7987060546875,0.8749114080188682,0.39381545176129934,0.20621859651587068,0.06172839506172839,-36.79102535598528,120.63438867069327,0.9966733090512387,fdr_bh,False
lt1_vs_lt2_per_model_class,model_name=Ridge(alpha=100)|feature_set=EMG+NIRS|with_abs=True,abs_lt_err_median_sec,lt1,lt2,18,252.6846294468604,217.66138605993405,35.02324338692637,211.06255910241694,194.37197026462576,16.690588837791182,80.0,0.83172607421875,0.7371245824751608,0.47109850633063605,0.17374193028249624,0.09876543209876543,-53.02894785055183,129.87711786664096,0.9966733090512387,fdr_bh,False
lt1_vs_lt2_per_model_class,model_name=Ridge(alpha=100)|feature_set=EMG+NIRS+HRV|with_abs=False,abs_lt_err_median_sec,lt1,lt2,18,135.41712204145355,122.43954615072259,12.97757589073096,71.43389865943675,95.78087422989643,-24.346975570459676,83.0,0.932281494140625,0.40284861379420656,0.6920804786895134,0.09495232886849468,-0.15432098765432098,-47.72552075295114,78.38274421465391,0.9966733090512387,fdr_bh,False
lt1_vs_lt2_per_model_class,model_name=Ridge(alpha=100)|feature_set=EMG+NIRS+HRV|with_abs=True,abs_lt_err_median_sec,lt1,lt2,18,187.2366231971441,124.72295182219689,62.51367137494721,103.34347612964308,84.00340450817819,19.340071621464887,48.0,0.1083831787109375,1.5756580485911742,0.1335302321715154,0.37138616366332733,0.17901234567901234,-4.019881444913159,142.2158654353859,0.9966733090512387,fdr_bh,False
lt1_vs_lt2_per_model_class,model_name=Ridge(alpha=100)|feature_set=HRV|with_abs=False,abs_lt_err_median_sec,lt1,lt2,18,162.27226830165853,146.4490476072689,15.823220694389619,138.11327428610704,118.39726375562708,19.716010530479963,72.0,0.5798416137695312,0.3211200829945548,0.7520335697203622,0.07568872942021222,0.06172839506172839,-75.17673949874799,110.42431678044835,0.9966733090512387,fdr_bh,False
lt1_vs_lt2_per_model_class,model_name=Ridge(alpha=100)|feature_set=HRV|with_abs=True,abs_lt_err_median_sec,lt1,lt2,18,180.5160283290535,116.87285502923845,63.64317329981506,158.97810802111303,100.78702547506197,58.191082546051064,45.0,0.08142852783203125,1.4813427039599063,0.15681268423915226,0.34915582374375537,0.2839506172839506,-13.14564879736143,148.96515349581523,0.9966733090512387,fdr_bh,False
lt1_vs_lt2_per_model_class,model_name=Ridge(alpha=100)|feature_set=NIRS|with_abs=False,abs_lt_err_median_sec,lt1,lt2,18,181.11263548901425,153.348801023231,27.763834465783248,127.70736281853505,130.52937697601044,-2.822014157475394,70.0,0.522613525390625,1.0423568253529667,0.31184377739412533,0.2456858598743882,0.06172839506172839,-23.185593762630255,81.1563425844772,0.9966733090512387,fdr_bh,False
lt1_vs_lt2_per_model_class,model_name=Ridge(alpha=100)|feature_set=NIRS|with_abs=True,abs_lt_err_median_sec,lt1,lt2,18,224.15243255320854,228.93652448197852,-4.784091928769982,150.55421327766237,194.88837297259545,-44.33415969493308,83.0,0.932281494140625,-0.15205674408424408,0.8809322013431796,-0.03584011828903882,-0.018518518518518517,-65.99666206708578,54.90901093954473,0.9966733090512387,fdr_bh,False
lt1_vs_lt2_per_model_class,model_name=Ridge(alpha=1000)|feature_set=EMG|with_abs=False,abs_lt_err_median_sec,lt1,lt2,18,200.08731274011117,208.18092314204748,-8.093610401936303,190.34565928374732,140.23739255311034,50.108266730636984,79.0,0.7987060546875,-0.21113240935837962,0.8352941739578394,-0.04976438612852144,0.037037037037037035,-76.44523224753999,64.8519846343617,0.9966733090512387,fdr_bh,False
lt1_vs_lt2_per_model_class,model_name=Ridge(alpha=1000)|feature_set=EMG|with_abs=True,abs_lt_err_median_sec,lt1,lt2,18,200.08731274011117,208.18092314204748,-8.093610401936303,190.34565928374732,140.23739255311034,50.108266730636984,79.0,0.7987060546875,-0.21113240935837962,0.8352941739578394,-0.04976438612852144,0.037037037037037035,-76.44523224753999,64.8519846343617,0.9966733090512387,fdr_bh,False
lt1_vs_lt2_per_model_class,model_name=Ridge(alpha=1000)|feature_set=EMG+NIRS|with_abs=False,abs_lt_err_median_sec,lt1,lt2,18,183.33880550666072,176.5182624377127,6.820543068948012,144.28410487410767,148.29343547951936,-4.009330605411691,80.0,0.83172607421875,0.20641499819263967,0.8389187045773218,0.04865248165354149,0.05555555555555555,-59.269333680023756,70.32057635348278,0.9966733090512387,fdr_bh,False
lt1_vs_lt2_per_model_class,model_name=Ridge(alpha=1000)|feature_set=EMG+NIRS|with_abs=True,abs_lt_err_median_sec,lt1,lt2,18,207.3215878734048,204.03837823625742,3.2832096371473938,168.02625291197006,175.1787244271594,-7.152471515189347,81.0,0.8650436401367188,0.10352409205227872,0.9187585097807948,0.02440086250211555,0.024691358024691357,-59.16699588623789,63.930547319363434,0.9966733090512387,fdr_bh,False
lt1_vs_lt2_per_model_class,model_name=Ridge(alpha=1000)|feature_set=EMG+NIRS+HRV|with_abs=False,abs_lt_err_median_sec,lt1,lt2,18,149.06503361553794,153.87274414773856,-4.807710532200616,112.63846710059991,146.13146882803673,-33.49300172743682,77.0,0.7337265014648438,-0.14689881890948608,0.8849399244194432,-0.03462438366639741,-0.16049382716049382,-66.47970427351567,60.5931032819454,0.9966733090512387,fdr_bh,False
lt1_vs_lt2_per_model_class,model_name=Ridge(alpha=1000)|feature_set=EMG+NIRS+HRV|with_abs=True,abs_lt_err_median_sec,lt1,lt2,18,169.337741466151,135.270322424372,34.067419041778976,116.82563066325227,113.09874435354794,3.7268863097043265,72.0,0.5798416137695312,0.9038884777429264,0.37868542218213347,0.21304855734946962,0.037037037037037035,-34.50355491305326,109.77893059929377,0.9966733090512387,fdr_bh,False
lt1_vs_lt2_per_model_class,model_name=Ridge(alpha=1000)|feature_set=HRV|with_abs=False,abs_lt_err_median_sec,lt1,lt2,18,153.64707449000693,137.19800044002105,16.44907404998588,117.8263176904521,101.12910795196393,16.69720973848817,77.0,0.7337265014648438,0.3458507446678452,0.7336979379568016,0.08151780227768352,0.030864197530864196,-72.17091665208692,109.88631168909741,0.9966733090512387,fdr_bh,False
lt1_vs_lt2_per_model_class,model_name=Ridge(alpha=1000)|feature_set=HRV|with_abs=True,abs_lt_err_median_sec,lt1,lt2,18,167.32182055895373,113.11132980273375,54.21049075621998,142.99302465661629,72.47572313110982,70.51730152550647,43.0,0.06653594970703125,1.201906591818025,0.24587570687998694,0.28329210047577913,0.25925925925925924,-29.29144453649449,148.0190801063888,0.9966733090512387,fdr_bh,False
lt1_vs_lt2_per_model_class,model_name=Ridge(alpha=1000)|feature_set=NIRS|with_abs=False,abs_lt_err_median_sec,lt1,lt2,18,161.39636556671016,143.9514299176094,17.444935649100756,128.33231983029722,95.945227801101,32.387092029196225,72.0,0.5798416137695312,0.7640021164674929,0.45533993695146935,0.18007702579834622,0.07407407407407407,-26.231040498307394,62.70434654009055,0.9966733090512387,fdr_bh,False
lt1_vs_lt2_per_model_class,model_name=Ridge(alpha=1000)|feature_set=NIRS|with_abs=True,abs_lt_err_median_sec,lt1,lt2,18,179.920133976069,174.2730178257614,5.647116150307596,143.5436876521238,131.25123317990784,12.292454472215951,82.0,0.8985748291015625,0.19696540579357216,0.8461902503619831,0.04642519136526499,0.05555555555555555,-50.58483650964709,60.462167802318035,0.9966733090512387,fdr_bh,False
lt1_vs_lt2_per_model_class,"model_name=SVR(C=1,epsilon=0.1,kernel=rbf)|feature_set=EMG|with_abs=False",abs_lt_err_median_sec,lt1,lt2,18,148.38472376523217,172.75528153992641,-24.370557774694248,81.31775276718503,168.7627130446004,-87.44496027741536,65.0,0.39273834228515625,-1.2112089285794272,0.24238431745632996,-0.28548468227740187,-0.07407407407407407,-64.44779349863359,14.226745288692577,0.9966733090512387,fdr_bh,False
lt1_vs_lt2_per_model_class,"model_name=SVR(C=1,epsilon=0.1,kernel=rbf)|feature_set=EMG|with_abs=True",abs_lt_err_median_sec,lt1,lt2,18,148.38472376523217,172.75528153992641,-24.370557774694248,81.31775276718503,168.7627130446004,-87.44496027741536,65.0,0.39273834228515625,-1.2112089285794272,0.24238431745632996,-0.28548468227740187,-0.07407407407407407,-64.44779349863359,14.226745288692577,0.9966733090512387,fdr_bh,False
lt1_vs_lt2_per_model_class,"model_name=SVR(C=1,epsilon=0.1,kernel=rbf)|feature_set=EMG+NIRS|with_abs=False",abs_lt_err_median_sec,lt1,lt2,18,148.53203688100479,165.48960266587156,-16.957565784866773,90.32434529990661,174.1743652664183,-83.8500199665117,75.0,0.6705245971679688,-0.7623282608618848,0.4563118048018597,-0.17968249424852867,-0.06172839506172839,-64.14962388477201,25.60031959831683,0.9966733090512387,fdr_bh,False
lt1_vs_lt2_per_model_class,"model_name=SVR(C=1,epsilon=0.1,kernel=rbf)|feature_set=EMG+NIRS|with_abs=True",abs_lt_err_median_sec,lt1,lt2,18,148.25216088593163,166.48780709576315,-18.235646209831515,90.60334957482036,175.15710562162752,-84.55375604680717,75.0,0.6705245971679688,-0.7999578945902948,0.43477188251642385,-0.1885518839761703,-0.043209876543209874,-66.06469605541841,24.960733363975915,0.9966733090512387,fdr_bh,False
lt1_vs_lt2_per_model_class,"model_name=SVR(C=1,epsilon=0.1,kernel=rbf)|feature_set=EMG+NIRS+HRV|with_abs=False",abs_lt_err_median_sec,lt1,lt2,18,133.28614775718995,146.553747594929,-13.267599837739056,80.01453348883311,155.37136046389847,-75.35682697506536,79.0,0.7987060546875,-0.6456051849926516,0.5271539009091732,-0.1521706014258332,-0.09876543209876543,-56.11780743260088,27.083233338549185,0.9966733090512387,fdr_bh,False
lt1_vs_lt2_per_model_class,"model_name=SVR(C=1,epsilon=0.1,kernel=rbf)|feature_set=EMG+NIRS+HRV|with_abs=True",abs_lt_err_median_sec,lt1,lt2,18,133.82623106760005,143.62656075464056,-9.800329687040517,84.65145704137032,144.70164661376964,-60.05018957239932,78.0,0.7660293579101562,-0.47781381402727596,0.6388688018401495,-0.11262179601443158,-0.10493827160493827,-51.99443614824588,30.566862351013825,0.9966733090512387,fdr_bh,False
lt1_vs_lt2_per_model_class,"model_name=SVR(C=1,epsilon=0.1,kernel=rbf)|feature_set=HRV|with_abs=False",abs_lt_err_median_sec,lt1,lt2,18,152.69932276952983,120.40276992633984,32.296552843189986,137.97957675716708,76.44336091166434,61.53621584550274,74.0,0.6396942138671875,0.96865572143741,0.34629729943350157,0.22831434308784668,0.08024691358024691,-26.072049796203856,99.16097302749061,0.9966733090512387,fdr_bh,False
lt1_vs_lt2_per_model_class,"model_name=SVR(C=1,epsilon=0.1,kernel=rbf)|feature_set=HRV|with_abs=True",abs_lt_err_median_sec,lt1,lt2,18,157.24492717686522,111.11468554299785,46.13024163386737,155.93808512953723,76.7514405480066,79.18664458153063,69.0,0.49507904052734375,1.179566812031054,0.2544171209862854,0.278026563883252,0.13580246913580246,-19.95449806462905,123.89743828125421,0.9966733090512387,fdr_bh,False
lt1_vs_lt2_per_model_class,"model_name=SVR(C=1,epsilon=0.1,kernel=rbf)|feature_set=NIRS|with_abs=False",abs_lt_err_median_sec,lt1,lt2,18,132.30617097314754,148.24741914013995,-15.941248166992409,91.08520672932391,133.08781801761643,-42.00261128829251,68.0,0.468292236328125,-0.6944209336022866,0.49679966578530793,-0.1636765837160234,-0.12345679012345678,-61.84470513252697,30.632827315652687,0.9966733090512387,fdr_bh,False
lt1_vs_lt2_per_model_class,"model_name=SVR(C=1,epsilon=0.1,kernel=rbf)|feature_set=NIRS|with_abs=True",abs_lt_err_median_sec,lt1,lt2,18,131.22672288227648,150.25834693635514,-19.031624054078662,89.81368769985428,127.11067784212844,-37.296990142274154,67.0,0.44229888916015625,-0.7161434699081354,0.4836250710462626,-0.16879663462483557,-0.11728395061728394,-71.34410214275766,33.67778350464998,0.9966733090512387,fdr_bh,False
lt1_vs_lt2_per_model_class,"model_name=SVR(C=1,epsilon=1.0,kernel=rbf)|feature_set=EMG|with_abs=False",abs_lt_err_median_sec,lt1,lt2,18,148.38398495684507,172.74538336019492,-24.361398403349853,81.3111382500489,168.612568330635,-87.30143008058612,65.0,0.39273834228515625,-1.2105269968110206,0.2426389654114159,-0.2853239494181529,-0.07407407407407407,-64.43427878643685,14.179866532804157,0.9966733090512387,fdr_bh,False
lt1_vs_lt2_per_model_class,"model_name=SVR(C=1,epsilon=1.0,kernel=rbf)|feature_set=EMG|with_abs=True",abs_lt_err_median_sec,lt1,lt2,18,148.38398495684507,172.74538336019492,-24.361398403349853,81.3111382500489,168.612568330635,-87.30143008058612,65.0,0.39273834228515625,-1.2105269968110206,0.2426389654114159,-0.2853239494181529,-0.07407407407407407,-64.43427878643685,14.179866532804157,0.9966733090512387,fdr_bh,False
lt1_vs_lt2_per_model_class,"model_name=SVR(C=1,epsilon=1.0,kernel=rbf)|feature_set=EMG+NIRS|with_abs=False",abs_lt_err_median_sec,lt1,lt2,18,148.48375034917694,165.50210345208515,-17.018353102908208,90.59533018764967,173.8927863654087,-83.29745617775905,75.0,0.6705245971679688,-0.76637473678048,0.4539645335400125,-0.18063625776917763,-0.06172839506172839,-64.18586343171805,25.434958824826687,0.9966733090512387,fdr_bh,False
lt1_vs_lt2_per_model_class,"model_name=SVR(C=1,epsilon=1.0,kernel=rbf)|feature_set=EMG+NIRS|with_abs=True",abs_lt_err_median_sec,lt1,lt2,18,148.19438101632306,166.4591739148151,-18.264792898492033,90.29961124179306,175.19221872326455,-84.89260748147149,74.0,0.6396942138671875,-0.8010277323127061,0.4341689714611913,-0.18880404714559904,-0.043209876543209874,-65.95407018406254,24.931852048417156,0.9966733090512387,fdr_bh,False
lt1_vs_lt2_per_model_class,"model_name=SVR(C=1,epsilon=1.0,kernel=rbf)|feature_set=EMG+NIRS+HRV|with_abs=False",abs_lt_err_median_sec,lt1,lt2,18,133.30405482422535,146.6280567548479,-13.324001930622558,79.82995943144098,155.39711401305703,-75.56715458161605,79.0,0.7987060546875,-0.6477817195763824,0.5257788125012135,-0.15268361554704749,-0.09259259259259259,-56.30415214159792,27.09300313257802,0.9966733090512387,fdr_bh,False
lt1_vs_lt2_per_model_class,"model_name=SVR(C=1,epsilon=1.0,kernel=rbf)|feature_set=EMG+NIRS+HRV|with_abs=True",abs_lt_err_median_sec,lt1,lt2,18,133.8836603799639,143.69697137778283,-9.813310997818917,84.89010155747167,144.78555243163746,-59.89545087416579,78.0,0.7660293579101562,-0.47843321271734185,0.6384369674271246,-0.11276778968576613,-0.10493827160493827,-52.18935270504875,30.507114603113067,0.9966733090512387,fdr_bh,False
lt1_vs_lt2_per_model_class,"model_name=SVR(C=1,epsilon=1.0,kernel=rbf)|feature_set=HRV|with_abs=False",abs_lt_err_median_sec,lt1,lt2,18,152.61370249954265,120.28309084934673,32.33061165019592,137.78177844782817,76.40955868767958,61.372219760148596,74.0,0.6396942138671875,0.9691014600357699,0.34608124992921446,0.22841940468302568,0.08024691358024691,-26.14723644372387,99.41347427376279,0.9966733090512387,fdr_bh,False
lt1_vs_lt2_per_model_class,"model_name=SVR(C=1,epsilon=1.0,kernel=rbf)|feature_set=HRV|with_abs=True",abs_lt_err_median_sec,lt1,lt2,18,157.13626509153846,111.09195365851991,46.04431143301855,156.0115593324779,76.74712326438254,79.26443606809536,69.0,0.49507904052734375,1.1765760070382305,0.2555775176404888,0.2773216243860413,0.13580246913580246,-20.1786915100951,123.74560543002292,0.9966733090512387,fdr_bh,False
lt1_vs_lt2_per_model_class,"model_name=SVR(C=1,epsilon=1.0,kernel=rbf)|feature_set=NIRS|with_abs=False",abs_lt_err_median_sec,lt1,lt2,18,132.27370886589512,148.29891022344833,-16.025201357553215,91.13042955844222,133.07020471069916,-41.93977515225694,68.0,0.468292236328125,-0.6980170702345505,0.4946043091722734,-0.16452420124893913,-0.12345679012345678,-61.74112941488968,30.56413983936357,0.9966733090512387,fdr_bh,False
lt1_vs_lt2_per_model_class,"model_name=SVR(C=1,epsilon=1.0,kernel=rbf)|feature_set=NIRS|with_abs=True",abs_lt_err_median_sec,lt1,lt2,18,131.14093001726332,150.32340047902392,-19.1824704617606,89.7079029362371,127.08697011850302,-37.37906718226591,66.0,0.4171142578125,-0.7224896272215814,0.47981548834051074,-0.17029243824844034,-0.11728395061728394,-71.39269879273101,33.43937796828554,0.9966733090512387,fdr_bh,False
lt1_vs_lt2_per_model_class,"model_name=SVR(C=10,epsilon=0.1,kernel=rbf)|feature_set=EMG|with_abs=False",abs_lt_err_median_sec,lt1,lt2,18,167.05554355027851,179.64611725858464,-12.590573708306124,128.8745069422435,124.41441820853669,4.460088733706812,74.0,0.6396942138671875,-0.4595251596151394,0.651678982455049,-0.10831111882989855,-0.08641975308641975,-61.7431470887148,41.44925554876655,0.9966733090512387,fdr_bh,False
lt1_vs_lt2_per_model_class,"model_name=SVR(C=10,epsilon=0.1,kernel=rbf)|feature_set=EMG|with_abs=True",abs_lt_err_median_sec,lt1,lt2,18,167.05554355027851,179.64611725858464,-12.590573708306124,128.8745069422435,124.41441820853669,4.460088733706812,74.0,0.6396942138671875,-0.4595251596151394,0.651678982455049,-0.10831111882989855,-0.08641975308641975,-61.7431470887148,41.44925554876655,0.9966733090512387,fdr_bh,False
lt1_vs_lt2_per_model_class,"model_name=SVR(C=10,epsilon=0.1,kernel=rbf)|feature_set=EMG+NIRS|with_abs=False",abs_lt_err_median_sec,lt1,lt2,18,163.0503985516317,180.81078975847433,-17.760391206842627,112.67033718920791,148.3765441059257,-35.706206916717775,79.0,0.7987060546875,-0.7543253313024887,0.4609759781178855,-0.17779618566159297,-0.06172839506172839,-66.92024554904975,25.99172433600721,0.9966733090512387,fdr_bh,False
lt1_vs_lt2_per_model_class,"model_name=SVR(C=10,epsilon=0.1,kernel=rbf)|feature_set=EMG+NIRS|with_abs=True",abs_lt_err_median_sec,lt1,lt2,18,161.78621149130296,188.67728981341463,-26.891078322111667,113.54234675907878,154.30677194404115,-40.76442518496236,67.0,0.44229888916015625,-1.0269697859326523,0.31882635190664144,-0.24205909990222518,-0.07407407407407407,-81.25028017769522,22.13614451818257,0.9966733090512387,fdr_bh,False
lt1_vs_lt2_per_model_class,"model_name=SVR(C=10,epsilon=0.1,kernel=rbf)|feature_set=EMG+NIRS+HRV|with_abs=False",abs_lt_err_median_sec,lt1,lt2,18,140.58298202952705,152.85986164575505,-12.276879616228001,94.69580759810356,133.67206235490409,-38.97625475680053,83.0,0.932281494140625,-0.47427184343998297,0.6413407660690754,-0.11178694554075219,-0.06790123456790123,-62.37324398472091,37.4902201860551,0.9966733090512387,fdr_bh,False
lt1_vs_lt2_per_model_class,"model_name=SVR(C=10,epsilon=0.1,kernel=rbf)|feature_set=EMG+NIRS+HRV|with_abs=True",abs_lt_err_median_sec,lt1,lt2,18,141.58196301061741,139.2488044236868,2.333158586930608,109.88834087822417,115.76691861497994,-5.878577736755773,79.0,0.7987060546875,0.09072359389252507,0.9287726245781652,0.021383756151672973,-0.06790123456790123,-44.41662029220068,50.091433548692144,0.9966733090512387,fdr_bh,False
lt1_vs_lt2_per_model_class,"model_name=SVR(C=10,epsilon=0.1,kernel=rbf)|feature_set=HRV|with_abs=False",abs_lt_err_median_sec,lt1,lt2,18,167.8702131804688,117.10397085281592,50.766242327652876,153.91175431358334,79.09885201631784,74.81290229726551,58.0,0.24620819091796875,1.2601013231317717,0.2246565940209171,0.2970087301895389,0.2654320987654321,-22.505654847984008,131.082225667157,0.9966733090512387,fdr_bh,False
lt1_vs_lt2_per_model_class,"model_name=SVR(C=10,epsilon=0.1,kernel=rbf)|feature_set=HRV|with_abs=True",abs_lt_err_median_sec,lt1,lt2,18,164.40927972605252,124.25907962688328,40.15020009916924,178.07965004270937,109.2766667077525,68.80298333495688,73.0,0.6094589233398438,0.941709824263331,0.35953193139608086,0.22196313421553113,0.1111111111111111,-32.856523827696535,124.33754841619114,0.9966733090512387,fdr_bh,False
lt1_vs_lt2_per_model_class,"model_name=SVR(C=10,epsilon=0.1,kernel=rbf)|feature_set=NIRS|with_abs=False",abs_lt_err_median_sec,lt1,lt2,18,163.89845588273172,155.29646524192196,8.60199064080976,124.26055926841866,149.63007743568056,-25.3695181672619,85.0,1.0,0.31291899772911613,0.7581484497063928,0.07375571508545196,0.04938271604938271,-43.82487304633408,66.24744325744528,1.0,fdr_bh,False
lt1_vs_lt2_per_model_class,"model_name=SVR(C=10,epsilon=0.1,kernel=rbf)|feature_set=NIRS|with_abs=True",abs_lt_err_median_sec,lt1,lt2,18,171.53868287454108,189.03231013918708,-17.493627264645994,149.63687733367124,175.27584382326432,-25.638966489593088,80.0,0.83172607421875,-0.5555859461373274,0.5857320090042055,-0.13095286334854936,-0.08641975308641975,-85.14652164149393,42.69435592443194,0.9966733090512387,fdr_bh,False
lt1_vs_lt2_per_model_class,"model_name=SVR(C=10,epsilon=1.0,kernel=rbf)|feature_set=EMG|with_abs=False",abs_lt_err_median_sec,lt1,lt2,18,167.22118755471882,179.75102008447732,-12.529832529758494,129.19414512657653,124.57775917075259,4.616385955823944,73.0,0.6094589233398438,-0.4569575004899417,0.6534866150295937,-0.1077059157701643,-0.08641975308641975,-61.79603768543082,41.46964913523189,0.9966733090512387,fdr_bh,False
lt1_vs_lt2_per_model_class,"model_name=SVR(C=10,epsilon=1.0,kernel=rbf)|feature_set=EMG|with_abs=True",abs_lt_err_median_sec,lt1,lt2,18,167.22118755471882,179.75102008447732,-12.529832529758494,129.19414512657653,124.57775917075259,4.616385955823944,73.0,0.6094589233398438,-0.4569575004899417,0.6534866150295937,-0.1077059157701643,-0.08641975308641975,-61.79603768543082,41.46964913523189,0.9966733090512387,fdr_bh,False
lt1_vs_lt2_per_model_class,"model_name=SVR(C=10,epsilon=1.0,kernel=rbf)|feature_set=EMG+NIRS|with_abs=False",abs_lt_err_median_sec,lt1,lt2,18,163.02918935307724,180.79336746298793,-17.764178109910688,112.950122204693,148.4964793311674,-35.54635712647439,79.0,0.7987060546875,-0.7543224586639532,0.46097765751702097,-0.17779550857419685,-0.06172839506172839,-67.05489893018172,25.88365193343454,0.9966733090512387,fdr_bh,False
lt1_vs_lt2_per_model_class,"model_name=SVR(C=10,epsilon=1.0,kernel=rbf)|feature_set=EMG+NIRS|with_abs=True",abs_lt_err_median_sec,lt1,lt2,18,161.90086459713305,188.6712983007634,-26.770433703630346,113.65146026749304,154.11160543223718,-40.46014516474415,67.0,0.44229888916015625,-1.0224329149546438,0.3209063176746554,-0.24098974915758575,-0.07407407407407407,-81.04885585673783,22.183750008639127,0.9966733090512387,fdr_bh,False
lt1_vs_lt2_per_model_class,"model_name=SVR(C=10,epsilon=1.0,kernel=rbf)|feature_set=EMG+NIRS+HRV|with_abs=False",abs_lt_err_median_sec,lt1,lt2,18,140.51492094502544,152.8754222908776,-12.360501345852157,94.69769239149035,133.6336997899465,-38.93600739845614,83.0,0.932281494140625,-0.4782632279146106,0.6385554646866327,-0.1127277238835295,-0.06790123456790123,-62.3223699341714,37.276379669760544,0.9966733090512387,fdr_bh,False
lt1_vs_lt2_per_model_class,"model_name=SVR(C=10,epsilon=1.0,kernel=rbf)|feature_set=EMG+NIRS+HRV|with_abs=True",abs_lt_err_median_sec,lt1,lt2,18,141.62154740818622,139.29727902499656,2.3242683831896613,110.03435243087893,116.07071012333465,-6.036357692455724,79.0,0.7987060546875,0.09051985621924136,0.9289321172255766,0.021335734721552282,-0.06790123456790123,-44.3520636743489,50.07196050898645,0.9966733090512387,fdr_bh,False
lt1_vs_lt2_per_model_class,"model_name=SVR(C=10,epsilon=1.0,kernel=rbf)|feature_set=HRV|with_abs=False",abs_lt_err_median_sec,lt1,lt2,18,167.7697570082736,116.98918969160634,50.780567316667245,154.0747775362392,79.35688810472601,74.71788943151319,58.0,0.24620819091796875,1.2593420040686925,0.2249239927058304,0.29682975697000974,0.2654320987654321,-22.530848598075057,131.31290551497003,0.9966733090512387,fdr_bh,False
lt1_vs_lt2_per_model_class,"model_name=SVR(C=10,epsilon=1.0,kernel=rbf)|feature_set=HRV|with_abs=True",abs_lt_err_median_sec,lt1,lt2,18,164.35146660727577,124.25367463794737,40.0977919693284,177.84535266051796,109.16605168682486,68.6793009736931,74.0,0.6396942138671875,0.9431786264747333,0.35880169977599224,0.22230933421683252,0.1111111111111111,-32.671182464773956,124.2127940313252,0.9966733090512387,fdr_bh,False
lt1_vs_lt2_per_model_class,"model_name=SVR(C=10,epsilon=1.0,kernel=rbf)|feature_set=NIRS|with_abs=False",abs_lt_err_median_sec,lt1,lt2,18,163.75530066852713,155.2640031655204,8.491297503006734,123.94223860069451,149.04805971553094,-25.10582111483643,85.0,1.0,0.30862628177119944,0.7613557976660434,0.0727439122309351,0.037037037037037035,-44.04375774013717,66.32167012660845,1.0,fdr_bh,False
lt1_vs_lt2_per_model_class,"model_name=SVR(C=10,epsilon=1.0,kernel=rbf)|feature_set=NIRS|with_abs=True",abs_lt_err_median_sec,lt1,lt2,18,171.70622656389594,188.97721422973032,-17.270987665834383,150.032541397663,174.93106822368821,-24.898526826025204,80.0,0.83172607421875,-0.5492894487486609,0.5899500337245164,-0.12946876468146623,-0.08641975308641975,-84.72502399475916,42.66060335523104,0.9966733090512387,fdr_bh,False
lt1_vs_lt2_per_model_class,"model_name=SVR(C=100,epsilon=0.1,kernel=rbf)|feature_set=EMG|with_abs=False",abs_lt_err_median_sec,lt1,lt2,18,160.58546728869308,153.43128292876497,7.154184359928109,132.8951516070003,105.66328444189051,27.231867165109776,82.0,0.8985748291015625,0.21170084241049353,0.8348576851724511,0.049898367083788205,0.030864197530864196,-49.3425914417763,73.87856105774532,0.9966733090512387,fdr_bh,False
lt1_vs_lt2_per_model_class,"model_name=SVR(C=100,epsilon=0.1,kernel=rbf)|feature_set=EMG|with_abs=True",abs_lt_err_median_sec,lt1,lt2,18,160.58546728869308,153.43128292876497,7.154184359928109,132.8951516070003,105.66328444189051,27.231867165109776,82.0,0.8985748291015625,0.21170084241049353,0.8348576851724511,0.049898367083788205,0.030864197530864196,-49.3425914417763,73.87856105774532,0.9966733090512387,fdr_bh,False
lt1_vs_lt2_per_model_class,"model_name=SVR(C=100,epsilon=0.1,kernel=rbf)|feature_set=EMG+NIRS|with_abs=False",abs_lt_err_median_sec,lt1,lt2,18,149.70066185338405,148.19896150728624,1.501700346097806,105.63387975608865,111.17574140606547,-5.541861649976823,84.0,0.9661178588867188,0.048573544969801694,0.961825262478503,0.011448894344805496,-0.08024691358024691,-55.91992453200997,62.00066333263285,0.9969216167062953,fdr_bh,False
lt1_vs_lt2_per_model_class,"model_name=SVR(C=100,epsilon=0.1,kernel=rbf)|feature_set=EMG+NIRS|with_abs=True",abs_lt_err_median_sec,lt1,lt2,18,151.4804159569649,173.0399111988111,-21.559495241846207,120.52920229796064,148.39606445106102,-27.866862153100385,64.0,0.3692169189453125,-0.7444028166488053,0.4667990694775245,-0.1754574265289121,-0.14814814814814814,-76.49567451610092,36.301426260013116,0.9966733090512387,fdr_bh,False
lt1_vs_lt2_per_model_class,"model_name=SVR(C=100,epsilon=0.1,kernel=rbf)|feature_set=EMG+NIRS+HRV|with_abs=False",abs_lt_err_median_sec,lt1,lt2,18,133.8456162858587,143.54244878108685,-9.696832495228136,104.5483526079045,131.2064689744597,-26.658116366555205,65.0,0.39273834228515625,-0.33074380252957103,0.7448795585144504,-0.07795706186802802,-0.2222222222222222,-63.994409061907135,48.865902610757246,0.9966733090512387,fdr_bh,False
lt1_vs_lt2_per_model_class,"model_name=SVR(C=100,epsilon=0.1,kernel=rbf)|feature_set=EMG+NIRS+HRV|with_abs=True",abs_lt_err_median_sec,lt1,lt2,18,145.92935384582418,122.94630914911207,22.983044696712113,107.94373887603024,115.52682647238083,-7.583087596350595,74.0,0.6396942138671875,0.7739947754004671,0.4495645197946125,0.18243231809620972,-0.030864197530864196,-30.311390078549135,77.51210163198483,0.9966733090512387,fdr_bh,False
lt1_vs_lt2_per_model_class,"model_name=SVR(C=100,epsilon=0.1,kernel=rbf)|feature_set=HRV|with_abs=False",abs_lt_err_median_sec,lt1,lt2,18,169.01960625089484,116.55234855348174,52.4672576974131,148.47631639864952,62.65283866491734,85.82347773373218,54.0,0.18146514892578125,1.2430769468264447,0.2307114923250209,0.29299604621254943,0.3148148148148148,-28.139331891891285,132.83762731073867,0.9966733090512387,fdr_bh,False
lt1_vs_lt2_per_model_class,"model_name=SVR(C=100,epsilon=0.1,kernel=rbf)|feature_set=HRV|with_abs=True",abs_lt_err_median_sec,lt1,lt2,18,166.93436510781785,138.41782600368865,28.51653910412921,168.55348863882094,123.3515904360184,45.20189820280254,80.0,0.83172607421875,0.6399408087183996,0.5307418927642411,0.15083549513426123,0.1111111111111111,-46.45974651557136,118.06390647756669,0.9966733090512387,fdr_bh,False
lt1_vs_lt2_per_model_class,"model_name=SVR(C=100,epsilon=0.1,kernel=rbf)|feature_set=NIRS|with_abs=False",abs_lt_err_median_sec,lt1,lt2,18,184.31428277983989,170.25550938819703,14.058773391642859,154.23978584105183,155.71648510463802,-1.4766992635861982,82.0,0.8985748291015625,0.4361509590246337,0.6682154650097684,0.10280176691577818,-0.006172839506172839,-42.340018016909966,81.91034632001787,0.9966733090512387,fdr_bh,False
lt1_vs_lt2_per_model_class,"model_name=SVR(C=100,epsilon=0.1,kernel=rbf)|feature_set=NIRS|with_abs=True",abs_lt_err_median_sec,lt1,lt2,18,185.37321892715582,201.09520394973592,-15.7219850225801,168.8820750676372,169.57967495738194,-0.6975998897447369,79.0,0.7987060546875,-0.5233586641790511,0.6074800516875221,-0.12335682014458002,-0.09876543209876543,-77.43930373632881,42.208784901518264,0.9966733090512387,fdr_bh,False
lt1_vs_lt2_per_model_class,"model_name=SVR(C=100,epsilon=1.0,kernel=rbf)|feature_set=EMG|with_abs=False",abs_lt_err_median_sec,lt1,lt2,18,160.39246997127063,153.34210951626108,7.050360455009553,132.60082225482628,104.99581496772842,27.605007287097862,82.0,0.8985748291015625,0.20886792881364713,0.8370335727357117,0.04923064294550631,0.030864197530864196,-49.446419210179805,73.91332711361882,0.9966733090512387,fdr_bh,False
lt1_vs_lt2_per_model_class,"model_name=SVR(C=100,epsilon=1.0,kernel=rbf)|feature_set=EMG|with_abs=True",abs_lt_err_median_sec,lt1,lt2,18,160.39246997127063,153.34210951626108,7.050360455009553,132.60082225482628,104.99581496772842,27.605007287097862,82.0,0.8985748291015625,0.20886792881364713,0.8370335727357117,0.04923064294550631,0.030864197530864196,-49.446419210179805,73.91332711361882,0.9966733090512387,fdr_bh,False
lt1_vs_lt2_per_model_class,"model_name=SVR(C=100,epsilon=1.0,kernel=rbf)|feature_set=EMG+NIRS|with_abs=False",abs_lt_err_median_sec,lt1,lt2,18,149.79803972521364,148.4274836362026,1.3705560890110462,105.84861952487435,110.76625097751025,-4.917631452635902,83.0,0.932281494140625,0.044195476212186495,0.9652635691463983,0.010416973642468606,-0.08641975308641975,-56.059134778708184,61.98391220452358,0.9966733090512387,fdr_bh,False
lt1_vs_lt2_per_model_class,"model_name=SVR(C=100,epsilon=1.0,kernel=rbf)|feature_set=EMG+NIRS|with_abs=True",abs_lt_err_median_sec,lt1,lt2,18,151.42996620260635,173.38976679909982,-21.959800596493466,120.32839607558549,148.20185285073654,-27.873456775151055,64.0,0.3692169189453125,-0.7584557690387919,0.4585651048473881,-0.17876973917246256,-0.14814814814814814,-76.95076829754066,35.780529550231364,0.9966733090512387,fdr_bh,False
lt1_vs_lt2_per_model_class,"model_name=SVR(C=100,epsilon=1.0,kernel=rbf)|feature_set=EMG+NIRS+HRV|with_abs=False",abs_lt_err_median_sec,lt1,lt2,18,133.71357961792404,143.61006782707778,-9.896488209153745,104.16984628254771,131.16144956164155,-26.991603279093837,65.0,0.39273834228515625,-0.3381669197553883,0.7393777218752674,-0.07970670737733405,-0.2222222222222222,-64.17247632650033,48.53933391161519,0.9966733090512387,fdr_bh,False
lt1_vs_lt2_per_model_class,"model_name=SVR(C=100,epsilon=1.0,kernel=rbf)|feature_set=EMG+NIRS+HRV|with_abs=True",abs_lt_err_median_sec,lt1,lt2,18,146.0010399355171,123.07076300543011,22.93027693008699,107.74104220468986,115.5487300707427,-7.807687866052845,74.0,0.6396942138671875,0.7724000354878445,0.45048317848176467,0.1820564342940616,-0.030864197530864196,-30.417057008249614,77.5492633487979,0.9966733090512387,fdr_bh,False
lt1_vs_lt2_per_model_class,"model_name=SVR(C=100,epsilon=1.0,kernel=rbf)|feature_set=HRV|with_abs=False",abs_lt_err_median_sec,lt1,lt2,18,168.74781575627836,116.50947657552625,52.23833918075211,147.01172980472487,62.38053792747945,84.63119187724541,54.0,0.18146514892578125,1.2360267351922827,0.23325570150850405,0.2913342953941107,0.3148148148148148,-28.691181050437045,132.7850769440067,0.9966733090512387,fdr_bh,False
lt1_vs_lt2_per_model_class,"model_name=SVR(C=100,epsilon=1.0,kernel=rbf)|feature_set=HRV|with_abs=True",abs_lt_err_median_sec,lt1,lt2,18,167.31818814952658,138.2501866965255,29.068001453001074,169.4091418387292,123.08143107146367,46.32771076726553,80.0,0.83172607421875,0.6508335836917065,0.5238540816725261,0.15340294681744934,0.11728395061728394,-46.04368054177899,119.04300448581094,0.9966733090512387,fdr_bh,False
lt1_vs_lt2_per_model_class,"model_name=SVR(C=100,epsilon=1.0,kernel=rbf)|feature_set=NIRS|with_abs=False",abs_lt_err_median_sec,lt1,lt2,18,184.45756737420484,170.28282866712703,14.174738707077807,154.50227239128478,156.1826782644428,-1.680405873158037,82.0,0.8985748291015625,0.4394265256974658,0.6658872475926502,0.10357382538464092,0.0,-42.05525066987983,81.99906822733081,0.9966733090512387,fdr_bh,False
lt1_vs_lt2_per_model_class,"model_name=SVR(C=100,epsilon=1.0,kernel=rbf)|feature_set=NIRS|with_abs=True",abs_lt_err_median_sec,lt1,lt2,18,185.12316470110162,201.13268386082206,-16.00951915972044,168.44694905547559,169.8631565569325,-1.4162075014569098,79.0,0.7987060546875,-0.532262750273508,0.6014320443956835,-0.1254555333637998,-0.10493827160493827,-77.42263671372253,42.246857963668354,0.9966733090512387,fdr_bh,False
lt1_vs_lt2_per_model_class,"model_name=AttentionLSTMRegressor(batch_size=64,checkpoint_every_epochs=4,dropout=0.3,hidden_size=64,internal_stride_sec=15,lr=0.001,max_epochs=20,num_layers=2,outer_stride_sec=5,seq_len=12,weight_decay=1e-05)|feature_set=EMG|with_abs=False",mae,lt1,lt2,17,208.12842803722444,182.54300451870526,25.58542351851918,188.6007905331525,178.98959478811057,9.611195745041925,66.0,0.644134521484375,0.9652555422455813,0.3487807937476857,0.23410885625831657,0.0726643598615917,-21.40602522589093,82.73692446775733,0.9359668965242347,fdr_bh,False
lt1_vs_lt2_per_model_class,"model_name=AttentionLSTMRegressor(batch_size=64,checkpoint_every_epochs=4,dropout=0.3,hidden_size=64,internal_stride_sec=15,lr=0.001,max_epochs=20,num_layers=2,outer_stride_sec=5,seq_len=12,weight_decay=1e-05)|feature_set=EMG|with_abs=True",mae,lt1,lt2,17,208.12842803722444,182.54300451870526,25.58542351851918,188.6007905331525,178.98959478811057,9.611195745041925,66.0,0.644134521484375,0.9652555422455813,0.3487807937476857,0.23410885625831657,0.0726643598615917,-21.40602522589093,82.73692446775733,0.9359668965242347,fdr_bh,False
lt1_vs_lt2_per_model_class,"model_name=AttentionLSTMRegressor(batch_size=64,checkpoint_every_epochs=4,dropout=0.3,hidden_size=64,internal_stride_sec=15,lr=0.001,max_epochs=20,num_layers=2,outer_stride_sec=5,seq_len=12,weight_decay=1e-05)|feature_set=EMG+NIRS|with_abs=False",mae,lt1,lt2,17,190.84501893307055,186.26680637000064,4.578212563069911,147.8377527791135,160.68126786937398,-12.843515090260496,76.0,1.0,0.147165795814917,0.8848396177308909,0.03569294827194025,-0.031141868512110725,-51.613293287160054,67.1762891284301,1.0,fdr_bh,False
lt1_vs_lt2_per_model_class,"model_name=AttentionLSTMRegressor(batch_size=64,checkpoint_every_epochs=4,dropout=0.3,hidden_size=64,internal_stride_sec=15,lr=0.001,max_epochs=20,num_layers=2,outer_stride_sec=5,seq_len=12,weight_decay=1e-05)|feature_set=EMG+NIRS|with_abs=True",mae,lt1,lt2,17,193.61455346011854,200.29973391975187,-6.6851804596333295,159.93372827922144,199.88645148026313,-39.95272320104169,75.0,0.963226318359375,-0.1859299196662825,0.854836491877945,-0.045094629279216994,-0.03806228373702422,-77.90188931552755,59.54113400607114,0.9940403403574332,fdr_bh,False
lt1_vs_lt2_per_model_class,"model_name=AttentionLSTMRegressor(batch_size=64,checkpoint_every_epochs=4,dropout=0.3,hidden_size=64,internal_stride_sec=15,lr=0.001,max_epochs=20,num_layers=2,outer_stride_sec=5,seq_len=12,weight_decay=1e-05)|feature_set=EMG+NIRS+HRV|with_abs=False",mae,lt1,lt2,17,179.4489776420188,172.1004441059574,7.34853353606141,149.1493464995931,171.335370272398,-22.1860237728049,75.0,0.963226318359375,0.2417857085637587,0.812017808346186,0.058641647951363854,-0.1695501730103806,-47.75975004813731,67.37895346177754,0.9940403403574332,fdr_bh,False
lt1_vs_lt2_per_model_class,"model_name=AttentionLSTMRegressor(batch_size=64,checkpoint_every_epochs=4,dropout=0.3,hidden_size=64,internal_stride_sec=15,lr=0.001,max_epochs=20,num_layers=2,outer_stride_sec=5,seq_len=12,weight_decay=1e-05)|feature_set=EMG+NIRS+HRV|with_abs=True",mae,lt1,lt2,17,183.6094890930201,149.68556548618636,33.92392360683374,147.50568813777738,144.51890118877873,2.986786948998656,62.0,0.51708984375,1.1051161524455968,0.2854509430483698,0.2680300367711403,0.0034602076124567475,-19.899115734499997,97.92601530437057,0.9232654328041888,fdr_bh,False
lt1_vs_lt2_per_model_class,"model_name=AttentionLSTMRegressor(batch_size=64,checkpoint_every_epochs=4,dropout=0.3,hidden_size=64,internal_stride_sec=30,lr=0.001,max_epochs=20,num_layers=2,outer_stride_sec=5,seq_len=12,weight_decay=1e-05)|feature_set=EMG|with_abs=False",mae,lt1,lt2,17,216.03482011008418,186.71946224200497,29.315357868079218,179.63523690305163,158.89054867930528,20.74468822374635,63.0,0.54766845703125,0.8288849168365079,0.4193636538900854,0.20103412138813131,0.058823529411764705,-40.057671952210086,99.36425849027067,0.9232654328041888,fdr_bh,False
lt1_vs_lt2_per_model_class,"model_name=AttentionLSTMRegressor(batch_size=64,checkpoint_every_epochs=4,dropout=0.3,hidden_size=64,internal_stride_sec=30,lr=0.001,max_epochs=20,num_layers=2,outer_stride_sec=5,seq_len=12,weight_decay=1e-05)|feature_set=EMG|with_abs=True",mae,lt1,lt2,17,216.03482011008418,186.71946224200497,29.315357868079218,179.63523690305163,158.89054867930528,20.74468822374635,63.0,0.54766845703125,0.8288849168365079,0.4193636538900854,0.20103412138813131,0.058823529411764705,-40.057671952210086,99.36425849027067,0.9232654328041888,fdr_bh,False
lt1_vs_lt2_per_model_class,"model_name=AttentionLSTMRegressor(batch_size=64,checkpoint_every_epochs=4,dropout=0.3,hidden_size=64,internal_stride_sec=30,lr=0.001,max_epochs=20,num_layers=2,outer_stride_sec=5,seq_len=12,weight_decay=1e-05)|feature_set=EMG+NIRS|with_abs=False",mae,lt1,lt2,17,200.98797987417458,195.4245139549501,5.563465919224484,158.73284498708588,183.82689326291992,-25.09404827583404,73.0,0.8899688720703125,0.15059300032627754,0.8821789659126713,0.03652416746023042,0.010380622837370242,-69.00960550195767,78.70331917500984,0.993689257227732,fdr_bh,False
lt1_vs_lt2_per_model_class,"model_name=AttentionLSTMRegressor(batch_size=64,checkpoint_every_epochs=4,dropout=0.3,hidden_size=64,internal_stride_sec=30,lr=0.001,max_epochs=20,num_layers=2,outer_stride_sec=5,seq_len=12,weight_decay=1e-05)|feature_set=EMG+NIRS|with_abs=True",mae,lt1,lt2,17,198.2494386733795,213.6634357033288,-15.413997029949286,139.10726168067728,182.72066450733988,-43.61340282666259,69.0,0.7466583251953125,-0.36836529869444395,0.7174292277014519,-0.08934170796055245,-0.08650519031141868,-101.90329234612537,60.30852921418134,0.993689257227732,fdr_bh,False
lt1_vs_lt2_per_model_class,"model_name=AttentionLSTMRegressor(batch_size=64,checkpoint_every_epochs=4,dropout=0.3,hidden_size=64,internal_stride_sec=30,lr=0.001,max_epochs=20,num_layers=2,outer_stride_sec=5,seq_len=12,weight_decay=1e-05)|feature_set=EMG+NIRS+HRV|with_abs=False",mae,lt1,lt2,17,179.51959854868954,174.8589714183814,4.660627130308143,124.95841005151388,178.89185792600944,-53.933447874495556,75.0,0.963226318359375,0.11787469189179625,0.9076340425455447,0.028588812073941972,-0.12802768166089964,-73.14031692931623,82.75180315582719,0.9940403403574332,fdr_bh,False
lt1_vs_lt2_per_model_class,"model_name=AttentionLSTMRegressor(batch_size=64,checkpoint_every_epochs=4,dropout=0.3,hidden_size=64,internal_stride_sec=30,lr=0.001,max_epochs=20,num_layers=2,outer_stride_sec=5,seq_len=12,weight_decay=1e-05)|feature_set=EMG+NIRS+HRV|with_abs=True",mae,lt1,lt2,17,174.25150424633523,162.77176302289868,11.479741223436548,134.61197954354827,147.05814751963948,-12.446167976091203,73.0,0.8899688720703125,0.34496929441795704,0.7346105810366588,0.08366734344000198,-0.09342560553633218,-54.63595819841726,77.2903170517927,0.993689257227732,fdr_bh,False
lt1_vs_lt2_per_model_class,"model_name=DwtTCN(batch_size=64,checkpoint_every_epochs=4,dilations=[1, 2, 4],dropout=0.3,internal_stride_sec=5,kernel_size=3,lr=0.001,max_epochs=80,n_channels=32,outer_stride_sec=5,seq_len=30,weight_decay=0.001)|feature_set=EMG|with_abs=False",mae,lt1,lt2,17,214.97170688776515,201.0731870018412,13.898519885923946,209.34938004675445,142.36878034235284,66.98059970440161,74.0,0.926513671875,0.4186616892115907,0.6810293166230282,0.10154037447170014,0.031141868512110725,-46.48965461743897,79.00416983323048,0.993689257227732,fdr_bh,False
lt1_vs_lt2_per_model_class,"model_name=DwtTCN(batch_size=64,checkpoint_every_epochs=4,dilations=[1, 2, 4],dropout=0.3,internal_stride_sec=5,kernel_size=3,lr=0.001,max_epochs=80,n_channels=32,outer_stride_sec=5,seq_len=30,weight_decay=0.001)|feature_set=EMG|with_abs=True",mae,lt1,lt2,17,214.97170688776515,201.0731870018412,13.898519885923946,209.34938004675445,142.36878034235284,66.98059970440161,74.0,0.926513671875,0.4186616892115907,0.6810293166230282,0.10154037447170014,0.031141868512110725,-46.48965461743897,79.00416983323048,0.993689257227732,fdr_bh,False
lt1_vs_lt2_per_model_class,"model_name=DwtTCN(batch_size=64,checkpoint_every_epochs=4,dilations=[1, 2, 4],dropout=0.3,internal_stride_sec=5,kernel_size=3,lr=0.001,max_epochs=80,n_channels=32,outer_stride_sec=5,seq_len=30,weight_decay=0.001)|feature_set=EMG+NIRS|with_abs=False",mae,lt1,lt2,17,204.19811477822347,188.0530389757058,16.14507580251768,178.89469813369215,153.53328767542013,25.36141045827202,75.0,0.963226318359375,0.41516335864746146,0.6835361927443944,0.10069190468174535,0.05190311418685121,-49.334658026477534,96.2989536992893,0.9940403403574332,fdr_bh,False
lt1_vs_lt2_per_model_class,"model_name=DwtTCN(batch_size=64,checkpoint_every_epochs=4,dilations=[1, 2, 4],dropout=0.3,internal_stride_sec=5,kernel_size=3,lr=0.001,max_epochs=80,n_channels=32,outer_stride_sec=5,seq_len=30,weight_decay=0.001)|feature_set=EMG+NIRS|with_abs=True",mae,lt1,lt2,17,208.43906181172972,197.53573251991796,10.903329291811758,191.49366975390296,151.0294457256794,40.464224028223555,72.0,0.8536376953125,0.30161403461309844,0.7668311478678523,0.07315214840461799,0.01730103806228374,-58.55737439191831,77.04116774085998,0.993689257227732,fdr_bh,False
lt1_vs_lt2_per_model_class,"model_name=DwtTCN(batch_size=64,checkpoint_every_epochs=4,dilations=[1, 2, 4],dropout=0.3,internal_stride_sec=5,kernel_size=3,lr=0.001,max_epochs=80,n_channels=32,outer_stride_sec=5,seq_len=30,weight_decay=0.001)|feature_set=EMG+NIRS+HRV|with_abs=False",mae,lt1,lt2,17,186.91276358402573,169.71737469782758,17.195388886198145,155.99874832955274,162.6449356862477,-6.646187356694952,70.0,0.7819061279296875,0.7257598345957551,0.47846843633005703,0.1760226151099471,-0.010380622837370242,-25.22155764040659,63.44727784266178,0.993689257227732,fdr_bh,False
lt1_vs_lt2_per_model_class,"model_name=DwtTCN(batch_size=64,checkpoint_every_epochs=4,dilations=[1, 2, 4],dropout=0.3,internal_stride_sec=5,kernel_size=3,lr=0.001,max_epochs=80,n_channels=32,outer_stride_sec=5,seq_len=30,weight_decay=0.001)|feature_set=EMG+NIRS+HRV|with_abs=True",mae,lt1,lt2,17,197.8565694681426,133.7083490418175,64.14822042632508,181.106494800611,108.48605438321829,72.6204404173927,41.0,0.0983734130859375,1.8898595945923697,0.07703409578817388,0.4583582780053712,0.2041522491349481,6.127181522328785,134.24884472861922,0.4235097126788404,fdr_bh,False
lt1_vs_lt2_per_model_class,"model_name=ElasticNet(alpha=0.01,l1_ratio=0.2,max_iter=5000,random_state=42)|feature_set=EMG|with_abs=False",mae,lt1,lt2,18,296.95511970266097,319.91022850371036,-22.95510880104939,254.9338388098943,238.0980157321528,16.83582307774151,69.0,0.49507904052734375,-0.7472068111368764,0.46514903037006716,-0.17611833436788704,0.006172839506172839,-81.16821201260095,36.16940533993382,0.9232654328041888,fdr_bh,False
lt1_vs_lt2_per_model_class,"model_name=ElasticNet(alpha=0.01,l1_ratio=0.2,max_iter=5000,random_state=42)|feature_set=EMG|with_abs=True",mae,lt1,lt2,18,296.95511970266097,319.91022850371036,-22.95510880104939,254.9338388098943,238.0980157321528,16.83582307774151,69.0,0.49507904052734375,-0.7472068111368761,0.4651490303700674,-0.176118334367887,0.006172839506172839,-81.16821201260093,36.16940533993384,0.9232654328041888,fdr_bh,False
lt1_vs_lt2_per_model_class,"model_name=ElasticNet(alpha=0.01,l1_ratio=0.2,max_iter=5000,random_state=42)|feature_set=EMG+NIRS|with_abs=False",mae,lt1,lt2,18,274.43094867045363,254.93811271980135,19.492835950652278,211.99907985233756,192.37850279793312,19.620577054404436,73.0,0.6094589233398438,0.8299084823335097,0.41809282950001597,0.19561130520742026,0.0,-19.646593832382113,68.57370490287441,0.9232654328041888,fdr_bh,False
lt1_vs_lt2_per_model_class,"model_name=ElasticNet(alpha=0.01,l1_ratio=0.2,max_iter=5000,random_state=42)|feature_set=EMG+NIRS|with_abs=True",mae,lt1,lt2,18,324.6559253415059,293.9046202898269,30.751305051679026,270.17542095766674,252.23670457705413,17.938716380612618,74.0,0.6396942138671875,0.8709625328337274,0.3959078278201781,0.2052878377087132,0.1111111111111111,-34.82694318386523,97.94844291617363,0.9359668965242347,fdr_bh,False
lt1_vs_lt2_per_model_class,"model_name=ElasticNet(alpha=0.01,l1_ratio=0.2,max_iter=5000,random_state=42)|feature_set=EMG+NIRS+HRV|with_abs=False",mae,lt1,lt2,18,180.31542486441984,162.56115493370663,17.754269930713207,142.66414941288673,152.8348324974621,-10.170683084575359,73.0,0.6094589233398438,0.7215312428259989,0.4803896581355184,0.17006654488007378,-0.05555555555555555,-25.883001511607198,68.27393633665972,0.9232654328041888,fdr_bh,False
lt1_vs_lt2_per_model_class,"model_name=ElasticNet(alpha=0.01,l1_ratio=0.2,max_iter=5000,random_state=42)|feature_set=EMG+NIRS+HRV|with_abs=True",mae,lt1,lt2,18,226.11761317194149,166.40240589048943,59.71520728145205,179.78566642937062,122.33077923803188,57.45488719133874,44.0,0.0736846923828125,1.8307267399744298,0.08472825286663231,0.4315064307784869,0.19753086419753085,3.5016802813236603,126.70854796140388,0.34067208426339285,fdr_bh,False
lt1_vs_lt2_per_model_class,"model_name=ElasticNet(alpha=0.01,l1_ratio=0.2,max_iter=5000,random_state=42)|feature_set=HRV|with_abs=False",mae,lt1,lt2,18,231.4486666897942,185.80825142174214,45.64041526805207,198.75672520808968,152.37057328012395,46.38615192796573,42.0,0.0599365234375,1.3176765880341126,0.20509451357488503,0.31057935026989125,0.2962962962962963,-16.7617459285069,116.71673263630169,0.30482003348214287,fdr_bh,False
lt1_vs_lt2_per_model_class,"model_name=ElasticNet(alpha=0.01,l1_ratio=0.2,max_iter=5000,random_state=42)|feature_set=HRV|with_abs=True",mae,lt1,lt2,18,232.92313015131737,136.29877810221333,96.62435204910403,198.82687590707036,120.49833213646173,78.32854377060863,18.0,0.00193023681640625,2.681535171295252,0.015770887952777698,0.6320439012043676,0.5679012345679012,38.539003966614594,171.60942429457646,0.04888916015625,fdr_bh,True
lt1_vs_lt2_per_model_class,"model_name=ElasticNet(alpha=0.01,l1_ratio=0.2,max_iter=5000,random_state=42)|feature_set=NIRS|with_abs=False",mae,lt1,lt2,18,251.13580476431036,255.36637572399675,-4.230570959686389,225.06254622980396,239.04691913763872,-13.984372907834768,66.0,0.4171142578125,-0.1481518080702567,0.8839660485528449,-0.03491971604384213,-0.08641975308641975,-52.962630442496966,54.34545196683306,0.8838849748883929,fdr_bh,False
lt1_vs_lt2_per_model_class,"model_name=ElasticNet(alpha=0.01,l1_ratio=0.2,max_iter=5000,random_state=42)|feature_set=NIRS|with_abs=True",mae,lt1,lt2,18,289.7393283437772,297.1698895753257,-7.430561231548552,228.52371247173198,251.2056366284487,-22.68192415671672,77.0,0.7337265014648438,-0.2633163486873539,0.7954717372938285,-0.06206425858470313,-0.04938271604938271,-62.99238438163056,48.146869662256144,0.993689257227732,fdr_bh,False
lt1_vs_lt2_per_model_class,"model_name=ElasticNet(alpha=0.01,l1_ratio=0.5,max_iter=5000,random_state=42)|feature_set=EMG|with_abs=False",mae,lt1,lt2,18,300.21028048021185,323.55624318042715,-23.345962700215296,254.6371185839557,246.0969113096208,8.540207274334904,68.0,0.468292236328125,-0.7497624013557942,0.46364825086760497,-0.17672069275913066,0.0,-81.36035810018046,38.25499856292119,0.9210609731094613,fdr_bh,False
lt1_vs_lt2_per_model_class,"model_name=ElasticNet(alpha=0.01,l1_ratio=0.5,max_iter=5000,random_state=42)|feature_set=EMG|with_abs=True",mae,lt1,lt2,18,300.21028048021185,323.55624318042715,-23.345962700215296,254.6371185839557,246.0969113096208,8.540207274334904,68.0,0.468292236328125,-0.7497624013557942,0.46364825086760497,-0.17672069275913066,0.0,-81.36035810018046,38.25499856292119,0.9210609731094613,fdr_bh,False
lt1_vs_lt2_per_model_class,"model_name=ElasticNet(alpha=0.01,l1_ratio=0.5,max_iter=5000,random_state=42)|feature_set=EMG+NIRS|with_abs=False",mae,lt1,lt2,18,290.91390005397807,258.8601936087978,32.053706445180296,254.89926145791802,200.03258722717328,54.866674230744735,64.0,0.3692169189453125,1.3773995386176756,0.18625457020022487,0.3246561847199268,0.05555555555555555,-7.391524449993992,79.97897725613585,0.8838849748883929,fdr_bh,False
lt1_vs_lt2_per_model_class,"model_name=ElasticNet(alpha=0.01,l1_ratio=0.5,max_iter=5000,random_state=42)|feature_set=EMG+NIRS|with_abs=True",mae,lt1,lt2,18,336.95314622088324,301.9567110891216,34.99643513176164,276.60847242874667,244.16482913830038,32.44364329044629,69.0,0.49507904052734375,0.9641906745881363,0.34846667425569944,0.227261921452701,0.1111111111111111,-34.89528782696256,106.39904497450785,0.9232654328041888,fdr_bh,False
lt1_vs_lt2_per_model_class,"model_name=ElasticNet(alpha=0.01,l1_ratio=0.5,max_iter=5000,random_state=42)|feature_set=EMG+NIRS+HRV|with_abs=False",mae,lt1,lt2,18,180.9542123016684,163.9377430018895,17.01646929977892,135.4315763449607,150.30713588684978,-14.87555954188909,77.0,0.7337265014648438,0.6969751657088684,0.4952397850027194,0.1642786219971195,-0.08024691358024691,-27.429906539187446,65.94635904073074,0.993689257227732,fdr_bh,False
lt1_vs_lt2_per_model_class,"model_name=ElasticNet(alpha=0.01,l1_ratio=0.5,max_iter=5000,random_state=42)|feature_set=EMG+NIRS+HRV|with_abs=True",mae,lt1,lt2,18,228.85564089982933,170.43042723641122,58.425213663418106,183.79122379823076,122.87295404872037,60.91826974951039,42.0,0.0599365234375,1.8115560783173408,0.08775932989302271,0.4269878624926334,0.20987654320987653,2.14535632551801,124.94505316002572,0.30482003348214287,fdr_bh,False
lt1_vs_lt2_per_model_class,"model_name=ElasticNet(alpha=0.01,l1_ratio=0.5,max_iter=5000,random_state=42)|feature_set=HRV|with_abs=False",mae,lt1,lt2,18,231.51634620604116,185.90296841248215,45.61337779355901,198.72646654027236,152.17965687460895,46.5468096656634,42.0,0.0599365234375,1.314962167160241,0.20598550170634497,0.3099395551342549,0.2962962962962963,-16.838410088515165,116.78181352981983,0.30482003348214287,fdr_bh,False
lt1_vs_lt2_per_model_class,"model_name=ElasticNet(alpha=0.01,l1_ratio=0.5,max_iter=5000,random_state=42)|feature_set=HRV|with_abs=True",mae,lt1,lt2,18,233.14583090055189,136.70209998846877,96.44373091208311,199.14072808650744,120.1664436670413,78.97428441946613,18.0,0.00193023681640625,2.6795911499404834,0.015834908016587268,0.6315856909767914,0.5679012345679012,38.72500733626003,171.14962542763928,0.04888916015625,fdr_bh,True
lt1_vs_lt2_per_model_class,"model_name=ElasticNet(alpha=0.01,l1_ratio=0.5,max_iter=5000,random_state=42)|feature_set=NIRS|with_abs=False",mae,lt1,lt2,18,261.24348149552645,263.6799497571106,-2.436468261584139,224.93320243029683,239.77778877500944,-14.84458634471261,67.0,0.44229888916015625,-0.08830402184649279,0.9306669458558807,-0.020813457551233365,-0.08024691358024691,-48.449682397502485,54.801640526098744,0.9049333594311243,fdr_bh,False
lt1_vs_lt2_per_model_class,"model_name=ElasticNet(alpha=0.01,l1_ratio=0.5,max_iter=5000,random_state=42)|feature_set=NIRS|with_abs=True",mae,lt1,lt2,18,294.91520819833545,309.1867167540206,-14.271508555685159,230.7420803177971,255.34691513385832,-24.604834816061214,72.0,0.5798416137695312,-0.4650669989373857,0.6477851366289644,-0.10961734288490076,-0.06172839506172839,-76.68234604704334,44.62695847615464,0.9232654328041888,fdr_bh,False
lt1_vs_lt2_per_model_class,"model_name=ElasticNet(alpha=0.01,l1_ratio=0.9,max_iter=5000,random_state=42)|feature_set=EMG|with_abs=False",mae,lt1,lt2,18,296.5782365843807,334.10069891970204,-37.522462335321336,253.02357849036986,284.60738995005846,-31.583811459688604,59.0,0.2645263671875,-1.0909968038421405,0.29049661418624634,-0.25715041274987566,-0.09876543209876543,-101.63254765860916,31.986792952652888,0.7080555392387218,fdr_bh,False
lt1_vs_lt2_per_model_class,"model_name=ElasticNet(alpha=0.01,l1_ratio=0.9,max_iter=5000,random_state=42)|feature_set=EMG|with_abs=True",mae,lt1,lt2,18,296.5782365843807,334.10069891970204,-37.522462335321336,253.02357849036986,284.60738995005846,-31.583811459688604,59.0,0.2645263671875,-1.0909968038421405,0.29049661418624634,-0.25715041274987566,-0.09876543209876543,-101.63254765860916,31.98679295265288,0.7080555392387218,fdr_bh,False
lt1_vs_lt2_per_model_class,"model_name=ElasticNet(alpha=0.01,l1_ratio=0.9,max_iter=5000,random_state=42)|feature_set=EMG+NIRS|with_abs=False",mae,lt1,lt2,18,338.3770776811021,256.58421405384564,81.79286362725645,267.41301938095853,208.6732886649572,58.73973071600133,34.0,0.02367401123046875,2.422333931589355,0.026882471650113038,0.5709495831083679,0.16049382716049382,23.64090987689393,146.75217196734496,0.19912147521972656,fdr_bh,False
lt1_vs_lt2_per_model_class,"model_name=ElasticNet(alpha=0.01,l1_ratio=0.9,max_iter=5000,random_state=42)|feature_set=EMG+NIRS|with_abs=True",mae,lt1,lt2,18,376.84904232182174,322.24701796446647,54.602024357355276,291.56570407917764,246.7723038915721,44.79340018760553,64.0,0.3692169189453125,1.2857380082451932,0.21577312653565728,0.30305135481982043,0.10493827160493827,-22.92053755552456,134.8275199712729,0.8838849748883929,fdr_bh,False
lt1_vs_lt2_per_model_class,"model_name=ElasticNet(alpha=0.01,l1_ratio=0.9,max_iter=5000,random_state=42)|feature_set=EMG+NIRS+HRV|with_abs=False",mae,lt1,lt2,18,202.7457582718984,165.60248645147968,37.14327182041873,144.78534399816886,144.82918373427253,-0.04383973610367775,59.0,0.2645263671875,1.3575178141853308,0.1923657174079232,0.3199700173306623,0.05555555555555555,-13.694183710759981,90.7648514881353,0.7080555392387218,fdr_bh,False
lt1_vs_lt2_per_model_class,"model_name=ElasticNet(alpha=0.01,l1_ratio=0.9,max_iter=5000,random_state=42)|feature_set=EMG+NIRS+HRV|with_abs=True",mae,lt1,lt2,18,243.0493465034097,180.32911616314914,62.72023034026057,182.02425998749416,135.85570994937984,46.16855003811432,38.0,0.03849029541015625,1.894681145257661,0.07527401525548788,0.44658062866599535,0.19135802469135801,5.387912422331961,127.86102719541897,0.23224652823755298,fdr_bh,False
lt1_vs_lt2_per_model_class,"model_name=ElasticNet(alpha=0.01,l1_ratio=0.9,max_iter=5000,random_state=42)|feature_set=HRV|with_abs=False",mae,lt1,lt2,18,231.03710410273294,185.48214730156892,45.554956801164025,198.8046466781734,151.5807508502122,47.2238958279612,41.0,0.05385589599609375,1.3085897811629956,0.20808922936318375,0.3084375693505915,0.2962962962962963,-17.280098090164252,116.84360052600383,0.30482003348214287,fdr_bh,False
lt1_vs_lt2_per_model_class,"model_name=ElasticNet(alpha=0.01,l1_ratio=0.9,max_iter=5000,random_state=42)|feature_set=HRV|with_abs=True",mae,lt1,lt2,18,233.24781510880828,137.34154684666427,95.90626826214401,198.84394954628152,119.74445003076946,79.09949951551206,17.0,0.00157928466796875,2.6691154210036516,0.016184196440894028,0.6291165379870897,0.5740740740740741,38.7043269183004,170.2504076355294,0.04888916015625,fdr_bh,True
lt1_vs_lt2_per_model_class,"model_name=ElasticNet(alpha=0.01,l1_ratio=0.9,max_iter=5000,random_state=42)|feature_set=NIRS|with_abs=False",mae,lt1,lt2,18,288.3083313329205,283.57101453916493,4.737316793755554,224.2673968826337,238.8169152778455,-14.549518395211805,71.0,0.550872802734375,0.18755356072945759,0.8534469759891021,0.0442067982091608,-0.08024691358024691,-33.68259468668197,58.34024244612816,0.9232654328041888,fdr_bh,False
lt1_vs_lt2_per_model_class,"model_name=ElasticNet(alpha=0.01,l1_ratio=0.9,max_iter=5000,random_state=42)|feature_set=NIRS|with_abs=True",mae,lt1,lt2,18,304.98669017005767,345.6793341914421,-40.69264402138441,235.5158800229475,259.76680078825495,-24.250920765307455,66.0,0.4171142578125,-0.8617272187894609,0.4008298286078227,-0.2031110533130172,-0.06790123456790123,-142.51741877553656,35.67238272081333,0.8838849748883929,fdr_bh,False
lt1_vs_lt2_per_model_class,"model_name=ElasticNet(alpha=0.1,l1_ratio=0.2,max_iter=5000,random_state=42)|feature_set=EMG|with_abs=False",mae,lt1,lt2,18,255.07766639135514,297.169178405125,-42.091512013769886,229.91628175143205,219.75612729126536,10.160154460166694,57.0,0.22875213623046875,-1.492760466999434,0.1538261610192839,-0.3518470163008325,-0.07407407407407407,-94.93327192704498,10.01214419588817,0.656740004016507,fdr_bh,False
lt1_vs_lt2_per_model_class,"model_name=ElasticNet(alpha=0.1,l1_ratio=0.2,max_iter=5000,random_state=42)|feature_set=EMG|with_abs=True",mae,lt1,lt2,18,255.07766639135514,297.169178405125,-42.091512013769886,229.91628175143205,219.75612729126536,10.160154460166694,57.0,0.22875213623046875,-1.492760466999434,0.1538261610192839,-0.3518470163008325,-0.07407407407407407,-94.93327192704498,10.012144195888174,0.656740004016507,fdr_bh,False
lt1_vs_lt2_per_model_class,"model_name=ElasticNet(alpha=0.1,l1_ratio=0.2,max_iter=5000,random_state=42)|feature_set=EMG+NIRS|with_abs=False",mae,lt1,lt2,18,238.09184729402946,238.28810649590727,-0.1962592018778082,184.81535464339953,210.78173951818397,-25.96638487478444,85.0,1.0,-0.008262783127186774,0.9935035190761502,-0.0019475566602358517,-0.024691358024691357,-46.70079354223216,44.64508591100597,1.0,fdr_bh,False
lt1_vs_lt2_per_model_class,"model_name=ElasticNet(alpha=0.1,l1_ratio=0.2,max_iter=5000,random_state=42)|feature_set=EMG+NIRS|with_abs=True",mae,lt1,lt2,18,254.1026954435413,259.2724444783887,-5.169749034847399,200.15728437025507,242.80656533567577,-42.6492809654207,82.0,0.8985748291015625,-0.19283542409348853,0.8493728411494448,-0.04545174534316315,-0.006172839506172839,-57.091296714331634,44.78036807416576,0.993689257227732,fdr_bh,False
lt1_vs_lt2_per_model_class,"model_name=ElasticNet(alpha=0.1,l1_ratio=0.2,max_iter=5000,random_state=42)|feature_set=EMG+NIRS+HRV|with_abs=False",mae,lt1,lt2,18,187.12883052446347,165.97612585065986,21.152704673803612,146.88408322741975,150.70222574448758,-3.8181425170678267,75.0,0.6705245971679688,0.7652788740026069,0.4545994854404096,0.18037796043534962,-0.05555555555555555,-30.849911868468627,75.18655823598652,0.9510229346286728,fdr_bh,False
lt1_vs_lt2_per_model_class,"model_name=ElasticNet(alpha=0.1,l1_ratio=0.2,max_iter=5000,random_state=42)|feature_set=EMG+NIRS+HRV|with_abs=True",mae,lt1,lt2,18,211.2769369396227,148.41029237530853,62.86664456431416,179.29327325028493,120.15804894642537,59.13522430385956,44.0,0.0736846923828125,1.8794276147213211,0.07743964194955777,0.442985337039568,0.25925925925925924,2.6922162726234005,129.87491900776703,0.34067208426339285,fdr_bh,False
lt1_vs_lt2_per_model_class,"model_name=ElasticNet(alpha=0.1,l1_ratio=0.2,max_iter=5000,random_state=42)|feature_set=HRV|with_abs=False",mae,lt1,lt2,18,229.07941644908811,183.42065057456608,45.65876587452203,192.77563211991605,156.57466294282514,36.20096917709091,38.0,0.03849029541015625,1.3512100666508187,0.19433780676847476,0.31848326697877355,0.2962962962962963,-15.477895052188607,115.75518956659043,0.23224652823755298,fdr_bh,False
lt1_vs_lt2_per_model_class,"model_name=ElasticNet(alpha=0.1,l1_ratio=0.2,max_iter=5000,random_state=42)|feature_set=HRV|with_abs=True",mae,lt1,lt2,18,228.90813819247256,132.51612521656617,96.3920129759064,190.45655323671906,114.15012374534967,76.30642949136939,19.0,0.0023345947265625,2.608377445971466,0.018359054870604047,0.6148004599801571,0.5925925925925926,33.048474193524626,174.91632898243924,0.04888916015625,fdr_bh,True
lt1_vs_lt2_per_model_class,"model_name=ElasticNet(alpha=0.1,l1_ratio=0.2,max_iter=5000,random_state=42)|feature_set=NIRS|with_abs=False",mae,lt1,lt2,18,250.840714567335,225.63765652754213,25.203058039792865,215.82375645412975,211.65795351062576,4.165802943503991,83.0,0.932281494140625,1.046091588239183,0.31016564588973033,0.24656615192871068,0.07407407407407407,-17.687911547169385,75.36548227642423,0.993689257227732,fdr_bh,False
lt1_vs_lt2_per_model_class,"model_name=ElasticNet(alpha=0.1,l1_ratio=0.2,max_iter=5000,random_state=42)|feature_set=NIRS|with_abs=True",mae,lt1,lt2,18,255.0888701242739,249.880320573972,5.20854955030191,227.7927863662386,228.2488989279064,-0.4561125616677941,83.0,0.932281494140625,0.24499778172300937,0.8093910842063784,0.0577465309440005,0.0,-37.68183568248187,46.28255350566791,0.993689257227732,fdr_bh,False
lt1_vs_lt2_per_model_class,"model_name=ElasticNet(alpha=0.1,l1_ratio=0.5,max_iter=5000,random_state=42)|feature_set=EMG|with_abs=False",mae,lt1,lt2,18,263.95184084070956,302.4222493552641,-38.47040851455455,237.1540125311484,213.17358976782577,23.980422763322622,59.0,0.2645263671875,-1.325470815092187,0.2025530865568561,-0.3124164672055153,-0.030864197530864196,-94.35833012472263,15.480292300747282,0.7080555392387218,fdr_bh,False
lt1_vs_lt2_per_model_class,"model_name=ElasticNet(alpha=0.1,l1_ratio=0.5,max_iter=5000,random_state=42)|feature_set=EMG|with_abs=True",mae,lt1,lt2,18,263.95184084070956,302.4222493552641,-38.47040851455455,237.1540125311484,213.17358976782577,23.980422763322622,59.0,0.2645263671875,-1.325470815092187,0.2025530865568561,-0.3124164672055153,-0.030864197530864196,-94.35833012472263,15.480292300747282,0.7080555392387218,fdr_bh,False
lt1_vs_lt2_per_model_class,"model_name=ElasticNet(alpha=0.1,l1_ratio=0.5,max_iter=5000,random_state=42)|feature_set=EMG+NIRS|with_abs=False",mae,lt1,lt2,18,242.8019174776514,238.51561065052067,4.286306827130716,192.33512220398282,205.78399692410886,-13.448874720126042,83.0,0.932281494140625,0.18205168711660577,0.8576953498300526,0.04290999416220119,0.0,-40.62249626715893,49.97245492193391,0.993689257227732,fdr_bh,False
lt1_vs_lt2_per_model_class,"model_name=ElasticNet(alpha=0.1,l1_ratio=0.5,max_iter=5000,random_state=42)|feature_set=EMG+NIRS|with_abs=True",mae,lt1,lt2,18,265.9570529271997,265.26934548251114,0.6877074446885558,217.3608276218054,248.33285928869287,-30.97203166688746,83.0,0.932281494140625,0.023836109542551265,0.9812608936093119,0.005618224898214458,0.012345679012345678,-55.491609522267396,55.16603787969579,0.993689257227732,fdr_bh,False
lt1_vs_lt2_per_model_class,"model_name=ElasticNet(alpha=0.1,l1_ratio=0.5,max_iter=5000,random_state=42)|feature_set=EMG+NIRS+HRV|with_abs=False",mae,lt1,lt2,18,186.3014312347049,161.88118180120165,24.420249433503244,139.71570581719212,147.94022987605192,-8.2245240588598,72.0,0.5798416137695312,0.8930289986396607,0.3843093434726967,0.21048895357811204,-0.024691358024691357,-25.851434472191947,78.30923580478172,0.9232654328041888,fdr_bh,False
lt1_vs_lt2_per_model_class,"model_name=ElasticNet(alpha=0.1,l1_ratio=0.5,max_iter=5000,random_state=42)|feature_set=EMG+NIRS+HRV|with_abs=True",mae,lt1,lt2,18,215.30271456829345,150.04183245019732,65.26088211809613,172.80016709820777,122.15712296671717,50.6430441314906,42.0,0.0599365234375,1.9388797863945504,0.06930015168251585,0.45699834828837044,0.2716049382716049,5.414830382078331,132.20396291434514,0.30482003348214287,fdr_bh,False
lt1_vs_lt2_per_model_class,"model_name=ElasticNet(alpha=0.1,l1_ratio=0.5,max_iter=5000,random_state=42)|feature_set=HRV|with_abs=False",mae,lt1,lt2,18,229.93167842910407,184.18178973075612,45.749888698347945,195.0949040740245,154.71735553594058,40.377548538083914,38.0,0.03849029541015625,1.3420835615939235,0.19721975115354873,0.3163321291073523,0.30864197530864196,-15.556522131117276,115.99960431632911,0.23224652823755298,fdr_bh,False
lt1_vs_lt2_per_model_class,"model_name=ElasticNet(alpha=0.1,l1_ratio=0.5,max_iter=5000,random_state=42)|feature_set=HRV|with_abs=True",mae,lt1,lt2,18,230.2043518816913,133.21499770703045,96.98935417466086,193.72438575510975,112.73827076218225,80.9861149929275,18.0,0.00193023681640625,2.650876986871916,0.016809968322407873,0.6248176978361648,0.6049382716049383,35.98353635670572,174.65978029698437,0.04888916015625,fdr_bh,True
lt1_vs_lt2_per_model_class,"model_name=ElasticNet(alpha=0.1,l1_ratio=0.5,max_iter=5000,random_state=42)|feature_set=NIRS|with_abs=False",mae,lt1,lt2,18,248.8259245904402,226.38247719550765,22.443447394932548,218.21569768686322,212.70373218199413,5.511965504869096,84.0,0.9661178588867188,0.9563015633734333,0.3523226239319061,0.2254024401068839,0.043209876543209874,-19.026765823076705,69.2881447352729,0.9940403403574332,fdr_bh,False
lt1_vs_lt2_per_model_class,"model_name=ElasticNet(alpha=0.1,l1_ratio=0.5,max_iter=5000,random_state=42)|feature_set=NIRS|with_abs=True",mae,lt1,lt2,18,261.4722590034228,255.6781027678738,5.794156235548968,224.27296554197807,233.2283930914965,-8.955427549518447,83.0,0.932281494140625,0.24836034348004285,0.806830958459908,0.05853909435085281,0.04938271604938271,-38.61112764759826,50.76658112704797,0.993689257227732,fdr_bh,False
lt1_vs_lt2_per_model_class,"model_name=ElasticNet(alpha=0.1,l1_ratio=0.9,max_iter=5000,random_state=42)|feature_set=EMG|with_abs=False",mae,lt1,lt2,18,294.4272790018771,316.50021142229724,-22.07293242042016,254.58650704249754,228.40305751519398,26.183449527303566,71.0,0.550872802734375,-0.7246125199852836,0.4785451135967034,-0.17079280887142223,0.018518518518518517,-80.51762413954863,37.742539706962695,0.9232654328041888,fdr_bh,False
lt1_vs_lt2_per_model_class,"model_name=ElasticNet(alpha=0.1,l1_ratio=0.9,max_iter=5000,random_state=42)|feature_set=EMG|with_abs=True",mae,lt1,lt2,18,294.4272790018771,316.50021142229724,-22.07293242042016,254.58650704249754,228.40305751519398,26.183449527303566,71.0,0.550872802734375,-0.7246125199852836,0.4785451135967034,-0.17079280887142223,0.018518518518518517,-80.51762413954863,37.742539706962695,0.9232654328041888,fdr_bh,False
lt1_vs_lt2_per_model_class,"model_name=ElasticNet(alpha=0.1,l1_ratio=0.9,max_iter=5000,random_state=42)|feature_set=EMG+NIRS|with_abs=False",mae,lt1,lt2,18,264.349923804888,251.0486608704059,13.30126293448211,203.72638639130912,190.27065282980587,13.455733561503251,82.0,0.8985748291015625,0.5715669804544464,0.5750953390432644,0.13471962926055267,-0.030864197530864196,-26.16791901375481,61.41791077789773,0.993689257227732,fdr_bh,False
lt1_vs_lt2_per_model_class,"model_name=ElasticNet(alpha=0.1,l1_ratio=0.9,max_iter=5000,random_state=42)|feature_set=EMG+NIRS|with_abs=True",mae,lt1,lt2,18,315.84402093418316,287.71164112096204,28.13237981322112,262.6842417044501,254.11450688290364,8.569734821546433,78.0,0.7660293579101562,0.8108595143540103,0.4286529308202569,0.19112142039645044,0.09876543209876543,-35.524669410050194,93.6523306440007,0.993689257227732,fdr_bh,False
lt1_vs_lt2_per_model_class,"model_name=ElasticNet(alpha=0.1,l1_ratio=0.9,max_iter=5000,random_state=42)|feature_set=EMG+NIRS+HRV|with_abs=False",mae,lt1,lt2,18,181.0055748481779,160.83143676508723,20.174138083090668,150.17135712534838,150.69647646616335,-0.5251193408149675,71.0,0.550872802734375,0.8111238031254598,0.42850526934922106,0.19118371385727825,-0.018518518518518517,-24.009836370661457,70.96539978772672,0.9232654328041888,fdr_bh,False
lt1_vs_lt2_per_model_class,"model_name=ElasticNet(alpha=0.1,l1_ratio=0.9,max_iter=5000,random_state=42)|feature_set=EMG+NIRS+HRV|with_abs=True",mae,lt1,lt2,18,223.7785489002704,162.92731631187598,60.851232588394424,174.39560070713924,132.16462704947986,42.230973657659376,43.0,0.06653594970703125,1.8493536193907927,0.08187190908911357,0.43589682836103827,0.19753086419753085,4.491715248508833,127.67730300910475,0.315823974609375,fdr_bh,False
lt1_vs_lt2_per_model_class,"model_name=ElasticNet(alpha=0.1,l1_ratio=0.9,max_iter=5000,random_state=42)|feature_set=HRV|with_abs=False",mae,lt1,lt2,18,231.3590998156785,185.69250917834995,45.66659063732854,198.81398627467797,152.4774638798521,46.33652239482586,42.0,0.0599365234375,1.3207254342712489,0.2040973969399384,0.3112979702195826,0.2962962962962963,-16.662194413439913,116.59188008742163,0.30482003348214287,fdr_bh,False
lt1_vs_lt2_per_model_class,"model_name=ElasticNet(alpha=0.1,l1_ratio=0.9,max_iter=5000,random_state=42)|feature_set=HRV|with_abs=True",mae,lt1,lt2,18,232.71723036373734,136.00096721425564,96.7162631494817,198.53881001081146,120.26604998904867,78.27276002176279,18.0,0.00193023681640625,2.682629775380294,0.015734949825068473,0.6323019018614502,0.5740740740740741,38.57504964433316,171.88687154685766,0.04888916015625,fdr_bh,True
lt1_vs_lt2_per_model_class,"model_name=ElasticNet(alpha=0.1,l1_ratio=0.9,max_iter=5000,random_state=42)|feature_set=NIRS|with_abs=False",mae,lt1,lt2,18,245.76771707657028,250.5613999500942,-4.79368287352392,217.32397743702433,238.45335855890093,-21.129381121876605,66.0,0.4171142578125,-0.16608367436396246,0.8700503547274605,-0.03914629746237874,-0.1419753086419753,-55.1898068574186,53.98107447068998,0.8838849748883929,fdr_bh,False
lt1_vs_lt2_per_model_class,"model_name=ElasticNet(alpha=0.1,l1_ratio=0.9,max_iter=5000,random_state=42)|feature_set=NIRS|with_abs=True",mae,lt1,lt2,18,285.974802930819,290.6878146545985,-4.713011723779516,227.0939708098549,248.3973252182372,-21.30335440838229,81.0,0.8650436401367188,-0.17158109575252073,0.8657927311686813,-0.04044205211000858,-0.043209876543209874,-58.52094324758404,50.618782286235394,0.993689257227732,fdr_bh,False
lt1_vs_lt2_per_model_class,"model_name=ElasticNet(alpha=1.0,l1_ratio=0.2,max_iter=5000,random_state=42)|feature_set=EMG|with_abs=False",mae,lt1,lt2,18,233.60961461624973,264.37110130789944,-30.761486691649708,215.58338136210236,245.2023510216673,-29.618969659564954,57.0,0.22875213623046875,-1.422509370512245,0.17296878741203764,-0.33528867406353846,-0.13580246913580246,-70.761060515175,8.807905895417644,0.656740004016507,fdr_bh,False
lt1_vs_lt2_per_model_class,"model_name=ElasticNet(alpha=1.0,l1_ratio=0.2,max_iter=5000,random_state=42)|feature_set=EMG|with_abs=True",mae,lt1,lt2,18,233.60961461624973,264.37110130789944,-30.761486691649708,215.58338136210236,245.2023510216673,-29.618969659564954,57.0,0.22875213623046875,-1.422509370512245,0.17296878741203764,-0.33528867406353846,-0.13580246913580246,-70.761060515175,8.807905895417644,0.656740004016507,fdr_bh,False
lt1_vs_lt2_per_model_class,"model_name=ElasticNet(alpha=1.0,l1_ratio=0.2,max_iter=5000,random_state=42)|feature_set=EMG+NIRS|with_abs=False",mae,lt1,lt2,18,218.2737771580027,231.27299231654706,-12.99921515854436,184.9870771525043,199.75896126351893,-14.771884111014629,78.0,0.7660293579101562,-0.6333970554664852,0.5349036771594737,-0.14929311770131448,-0.024691358024691357,-54.653318179382346,22.94150432348365,0.993689257227732,fdr_bh,False
lt1_vs_lt2_per_model_class,"model_name=ElasticNet(alpha=1.0,l1_ratio=0.2,max_iter=5000,random_state=42)|feature_set=EMG+NIRS|with_abs=True",mae,lt1,lt2,18,221.2862662754463,240.0046136973826,-18.7183474219363,190.31497206011215,209.64059714943232,-19.32562508932017,77.0,0.7337265014648438,-0.9093878443400285,0.3758585667299477,-0.21434477048715023,-0.06172839506172839,-61.40498545487294,17.70401156910784,0.993689257227732,fdr_bh,False
lt1_vs_lt2_per_model_class,"model_name=ElasticNet(alpha=1.0,l1_ratio=0.2,max_iter=5000,random_state=42)|feature_set=EMG+NIRS+HRV|with_abs=False",mae,lt1,lt2,18,189.0364402390436,186.52558781963614,2.510852419407456,164.88869548341174,163.52025616400402,1.3684393194077131,80.0,0.83172607421875,0.09365969258324204,0.9264744984719657,0.02207580124981928,-0.1111111111111111,-47.94590870817499,55.78742896994684,0.993689257227732,fdr_bh,False
lt1_vs_lt2_per_model_class,"model_name=ElasticNet(alpha=1.0,l1_ratio=0.2,max_iter=5000,random_state=42)|feature_set=EMG+NIRS+HRV|with_abs=True",mae,lt1,lt2,18,191.73650606873565,164.3841683196289,27.352337749106738,154.41114721333037,139.95911170317848,14.452035510151887,61.0,0.30379486083984375,0.8984092613370467,0.38151607340692306,0.2117570936574076,0.09259259259259259,-28.24204150096567,87.46367772696938,0.7725069318498884,fdr_bh,False
lt1_vs_lt2_per_model_class,"model_name=ElasticNet(alpha=1.0,l1_ratio=0.2,max_iter=5000,random_state=42)|feature_set=HRV|with_abs=False",mae,lt1,lt2,18,227.22725401133192,185.64925591176302,41.5779980995689,218.4698066470066,165.89162213479213,52.57818451221448,35.0,0.02684783935546875,1.46403880611591,0.16143000120027706,0.3450772559082723,0.22839506172839505,-6.837677528876403,103.27801117710848,0.19912147521972656,fdr_bh,False
lt1_vs_lt2_per_model_class,"model_name=ElasticNet(alpha=1.0,l1_ratio=0.2,max_iter=5000,random_state=42)|feature_set=HRV|with_abs=True",mae,lt1,lt2,18,224.25876215555408,154.6307676797174,69.62799447583669,198.9468902698772,133.24851685967633,65.69837341020087,24.0,0.0055999755859375,2.0857649387882877,0.05238174450940885,0.49161951072611426,0.4444444444444444,13.043692010543012,141.17486619484373,0.09493291945684525,fdr_bh,False
lt1_vs_lt2_per_model_class,"model_name=ElasticNet(alpha=1.0,l1_ratio=0.2,max_iter=5000,random_state=42)|feature_set=NIRS|with_abs=False",mae,lt1,lt2,18,246.0226615084917,239.68357179905448,6.339089709437218,233.8701262358137,216.8187787904086,17.0513474454051,71.0,0.550872802734375,0.3894182839314621,0.7018018357433276,0.09178676976198842,-0.012345679012345678,-24.4012509766813,40.65077335950695,0.9232654328041888,fdr_bh,False
lt1_vs_lt2_per_model_class,"model_name=ElasticNet(alpha=1.0,l1_ratio=0.2,max_iter=5000,random_state=42)|feature_set=NIRS|with_abs=True",mae,lt1,lt2,18,242.04045959805657,242.1496657439801,-0.10920614592353672,225.10906117796753,213.96753299899427,11.14152817897326,83.0,0.932281494140625,-0.0070810035420568965,0.9944326565364833,-0.0016690085407314646,0.0,-31.255888924840093,29.750261019887496,0.993689257227732,fdr_bh,False
lt1_vs_lt2_per_model_class,"model_name=ElasticNet(alpha=1.0,l1_ratio=0.5,max_iter=5000,random_state=42)|feature_set=EMG|with_abs=False",mae,lt1,lt2,18,235.57322639277552,271.1163982881984,-35.54317189542289,222.6203565940163,241.5608739327299,-18.94051733871359,56.0,0.2121429443359375,-1.5363576319641885,0.14285325172963598,-0.3621229666298612,-0.12345679012345678,-78.25496683510616,6.574297714131209,0.656740004016507,fdr_bh,False
lt1_vs_lt2_per_model_class,"model_name=ElasticNet(alpha=1.0,l1_ratio=0.5,max_iter=5000,random_state=42)|feature_set=EMG|with_abs=True",mae,lt1,lt2,18,235.57322639277552,271.1163982881984,-35.54317189542289,222.6203565940163,241.5608739327299,-18.94051733871359,56.0,0.2121429443359375,-1.5363576319641885,0.14285325172963598,-0.3621229666298612,-0.12345679012345678,-78.25496683510616,6.574297714131209,0.656740004016507,fdr_bh,False
lt1_vs_lt2_per_model_class,"model_name=ElasticNet(alpha=1.0,l1_ratio=0.5,max_iter=5000,random_state=42)|feature_set=EMG+NIRS|with_abs=False",mae,lt1,lt2,18,221.84453813693153,233.75950393208768,-11.91496579515615,193.1745691018587,208.43039646874846,-15.255827366889747,79.0,0.7987060546875,-0.5502670528573501,0.5892941366171198,-0.1296991881796562,-0.037037037037037035,-55.203201703889356,27.26783498165399,0.993689257227732,fdr_bh,False
lt1_vs_lt2_per_model_class,"model_name=ElasticNet(alpha=1.0,l1_ratio=0.5,max_iter=5000,random_state=42)|feature_set=EMG+NIRS|with_abs=True",mae,lt1,lt2,18,226.10656697483944,242.68967266367346,-16.583105688834024,197.8890110962163,213.18308256213194,-15.294071465915636,80.0,0.83172607421875,-0.7626713746053535,0.4561124838140659,-0.17976336693343706,-0.04938271604938271,-62.12720799822523,22.33935028949505,0.993689257227732,fdr_bh,False
lt1_vs_lt2_per_model_class,"model_name=ElasticNet(alpha=1.0,l1_ratio=0.5,max_iter=5000,random_state=42)|feature_set=EMG+NIRS+HRV|with_abs=False",mae,lt1,lt2,18,189.42590703960317,184.38641337580893,5.0394936637942465,162.4209905861971,167.7380493413974,-5.317058755200321,80.0,0.83172607421875,0.18412498302950053,0.8560938805921922,0.04339867469533927,-0.09876543209876543,-46.08347218716269,58.51692650952018,0.993689257227732,fdr_bh,False
lt1_vs_lt2_per_model_class,"model_name=ElasticNet(alpha=1.0,l1_ratio=0.5,max_iter=5000,random_state=42)|feature_set=EMG+NIRS+HRV|with_abs=True",mae,lt1,lt2,18,195.3419112778556,159.9096633929863,35.4322478848693,167.92747083510736,139.82855358509164,28.098917250015717,58.0,0.24620819091796875,1.132749712661368,0.2730435086779609,0.26699166773665545,0.16049382716049382,-22.517288662306473,96.87928875447733,0.6956358410063245,fdr_bh,False
lt1_vs_lt2_per_model_class,"model_name=ElasticNet(alpha=1.0,l1_ratio=0.5,max_iter=5000,random_state=42)|feature_set=HRV|with_abs=False",mae,lt1,lt2,18,225.78163904236365,183.17786366821312,42.60377537415053,206.9053710994193,165.1245471885972,41.78082391082211,35.0,0.02684783935546875,1.4004754419448726,0.17935874737092317,0.33009522729481544,0.24074074074074073,-9.924612926352284,108.82616839050371,0.19912147521972656,fdr_bh,False
lt1_vs_lt2_per_model_class,"model_name=ElasticNet(alpha=1.0,l1_ratio=0.5,max_iter=5000,random_state=42)|feature_set=HRV|with_abs=True",mae,lt1,lt2,18,223.67825322656213,147.58833335593368,76.08991987062845,187.29030214003012,121.79977099333985,65.49053114669027,23.0,0.0047454833984375,2.165651178902999,0.0448473932056391,0.5104488780956505,0.4876543209876543,15.749391584286672,151.66718083019308,0.08891537314967106,fdr_bh,False
lt1_vs_lt2_per_model_class,"model_name=ElasticNet(alpha=1.0,l1_ratio=0.5,max_iter=5000,random_state=42)|feature_set=NIRS|with_abs=False",mae,lt1,lt2,18,246.79632636005732,237.31194804801694,9.484378312040377,233.80405633250152,219.7957482383223,14.008308094179228,73.0,0.6094589233398438,0.5462757908750104,0.5919742708225074,0.12875843870858808,0.0,-23.52418614723783,45.82820329356595,0.9232654328041888,fdr_bh,False
lt1_vs_lt2_per_model_class,"model_name=ElasticNet(alpha=1.0,l1_ratio=0.5,max_iter=5000,random_state=42)|feature_set=NIRS|with_abs=True",mae,lt1,lt2,18,243.50032819606864,240.49668952036993,3.00363867569871,236.40248736596467,207.8969433930143,28.505543972950363,78.0,0.7660293579101562,0.1810641221322589,0.8584583965216078,0.042677222863103166,0.07407407407407407,-30.72607684939442,33.849708913730645,0.993689257227732,fdr_bh,False
lt1_vs_lt2_per_model_class,"model_name=ElasticNet(alpha=1.0,l1_ratio=0.9,max_iter=5000,random_state=42)|feature_set=EMG|with_abs=False",mae,lt1,lt2,18,247.65118348942465,290.58184277530637,-42.93065928588172,226.97829345258293,219.34711218415117,7.63118126843176,57.0,0.22875213623046875,-1.580405824548825,0.1324394336772596,-0.3725052251883971,-0.06172839506172839,-93.41848681702399,7.755131053785516,0.656740004016507,fdr_bh,False
lt1_vs_lt2_per_model_class,"model_name=ElasticNet(alpha=1.0,l1_ratio=0.9,max_iter=5000,random_state=42)|feature_set=EMG|with_abs=True",mae,lt1,lt2,18,247.65118348942465,290.58184277530637,-42.93065928588172,226.97829345258293,219.34711218415117,7.63118126843176,57.0,0.22875213623046875,-1.5804058245488253,0.1324394336772596,-0.3725052251883971,-0.06172839506172839,-93.41848681702399,7.755131053785506,0.656740004016507,fdr_bh,False
lt1_vs_lt2_per_model_class,"model_name=ElasticNet(alpha=1.0,l1_ratio=0.9,max_iter=5000,random_state=42)|feature_set=EMG+NIRS|with_abs=False",mae,lt1,lt2,18,229.8216208581589,237.3900778745114,-7.568457016352511,185.38950131888004,221.0641207918578,-35.67461947297775,81.0,0.8650436401367188,-0.3189420826890073,0.753655891919954,-0.07517536982505255,-0.030864197530864196,-54.0879155179462,34.76496240194771,0.993689257227732,fdr_bh,False
lt1_vs_lt2_per_model_class,"model_name=ElasticNet(alpha=1.0,l1_ratio=0.9,max_iter=5000,random_state=42)|feature_set=EMG+NIRS|with_abs=True",mae,lt1,lt2,18,242.09752244627094,253.0047159925349,-10.907193546263954,184.5485761712814,233.78051866788016,-49.23194249659875,75.0,0.6705245971679688,-0.4274006259674943,0.6744520902457032,-0.10073929363499681,-0.018518518518518517,-62.458074677769886,36.84304489843596,0.9510229346286728,fdr_bh,False
lt1_vs_lt2_per_model_class,"model_name=ElasticNet(alpha=1.0,l1_ratio=0.9,max_iter=5000,random_state=42)|feature_set=EMG+NIRS+HRV|with_abs=False",mae,lt1,lt2,18,186.065521546879,168.54571618636152,17.519805360517495,144.962554514035,157.17702681389818,-12.21447229986319,75.0,0.6705245971679688,0.6290487906308428,0.5376790402700973,0.14826822185075525,-0.08024691358024691,-34.85613617523526,71.45947872852797,0.9510229346286728,fdr_bh,False
lt1_vs_lt2_per_model_class,"model_name=ElasticNet(alpha=1.0,l1_ratio=0.9,max_iter=5000,random_state=42)|feature_set=EMG+NIRS+HRV|with_abs=True",mae,lt1,lt2,18,206.82805715329934,147.31247296415702,59.51558418914232,179.9798524758313,124.65603541385255,55.32381706197876,46.0,0.0897674560546875,1.793118244015213,0.0907640166645502,0.42264202327082384,0.24691358024691357,-0.552899809054634,123.5155837191301,0.3945335105613426,fdr_bh,False
lt1_vs_lt2_per_model_class,"model_name=ElasticNet(alpha=1.0,l1_ratio=0.9,max_iter=5000,random_state=42)|feature_set=HRV|with_abs=False",mae,lt1,lt2,18,228.50895870451035,182.80687866438524,45.70208004012511,192.68553443010256,157.80025251543287,34.88528191466969,36.0,0.030364990234375,1.3692432093556486,0.18874245899415504,0.3227337194763369,0.30246913580246915,-15.107844785377344,115.15967395405153,0.2078833946814904,fdr_bh,False
lt1_vs_lt2_per_model_class,"model_name=ElasticNet(alpha=1.0,l1_ratio=0.9,max_iter=5000,random_state=42)|feature_set=HRV|with_abs=True",mae,lt1,lt2,18,227.93860739662944,132.55255091646458,95.38605648016485,187.7161892986399,115.23458022238277,72.48160907625713,19.0,0.0023345947265625,2.5796827607563433,0.019480913057911758,0.6080370578136147,0.5987654320987654,31.848865936736996,174.67095355550273,0.04888916015625,fdr_bh,True
lt1_vs_lt2_per_model_class,"model_name=ElasticNet(alpha=1.0,l1_ratio=0.9,max_iter=5000,random_state=42)|feature_set=NIRS|with_abs=False",mae,lt1,lt2,18,251.0750527615387,228.4099876822815,22.665065079257204,216.58602693780358,212.81394290009328,3.7720840377103,83.0,0.932281494140625,0.993546541118486,0.33437600592889166,0.23418116554977345,0.05555555555555555,-18.56366806127861,69.63523620512292,0.993689257227732,fdr_bh,False
lt1_vs_lt2_per_model_class,"model_name=ElasticNet(alpha=1.0,l1_ratio=0.9,max_iter=5000,random_state=42)|feature_set=NIRS|with_abs=True",mae,lt1,lt2,18,252.8607844138652,247.0777509624712,5.783033451393976,229.73219651641313,225.75201119101916,3.980185325393961,81.0,0.8650436401367188,0.2903003524835608,0.7750978827408603,0.06842444927399029,0.006172839506172839,-35.02821611795294,44.908176069310265,0.993689257227732,fdr_bh,False
lt1_vs_lt2_per_model_class,"model_name=GradientBoostingRegressor(max_depth=2,n_estimators=100,random_state=42)|feature_set=EMG|with_abs=False",mae,lt1,lt2,18,200.995541837289,230.9303653888434,-29.934823551554388,145.40783973595205,251.83610265601516,-106.4282629200631,56.0,0.2121429443359375,-1.1579132925770428,0.2629090939556215,-0.2729227804024233,-0.3148148148148148,-79.47008461902573,20.41128005473737,0.656740004016507,fdr_bh,False
lt1_vs_lt2_per_model_class,"model_name=GradientBoostingRegressor(max_depth=2,n_estimators=100,random_state=42)|feature_set=EMG|with_abs=True",mae,lt1,lt2,18,200.995541837289,230.9303653888434,-29.934823551554388,145.40783973595205,251.83610265601516,-106.4282629200631,56.0,0.2121429443359375,-1.1579132925770428,0.2629090939556215,-0.2729227804024233,-0.3148148148148148,-79.47008461902573,20.41128005473737,0.656740004016507,fdr_bh,False
lt1_vs_lt2_per_model_class,"model_name=GradientBoostingRegressor(max_depth=2,n_estimators=100,random_state=42)|feature_set=EMG+NIRS|with_abs=False",mae,lt1,lt2,18,206.45931458940018,205.88939964217664,0.5699149472235376,185.02122121941414,168.40942441971882,16.611796799695327,85.0,1.0,0.01961230459458726,0.984581000388885,0.004622664524509578,-0.06790123456790123,-58.37989324616762,55.34569242855305,1.0,fdr_bh,False
lt1_vs_lt2_per_model_class,"model_name=GradientBoostingRegressor(max_depth=2,n_estimators=100,random_state=42)|feature_set=EMG+NIRS|with_abs=True",mae,lt1,lt2,18,223.46379888753438,215.521123104153,7.9426757833813895,160.56597817582877,194.41377609671605,-33.847797920887274,78.0,0.7660293579101562,0.23904319873140495,0.8139301195577576,0.05634302227316666,-0.04938271604938271,-55.261981046866104,70.96970810619982,0.993689257227732,fdr_bh,False
lt1_vs_lt2_per_model_class,"model_name=GradientBoostingRegressor(max_depth=2,n_estimators=100,random_state=42)|feature_set=EMG+NIRS+HRV|with_abs=False",mae,lt1,lt2,18,191.77380032931345,168.82037046571315,22.95342986360029,121.1486008038459,144.45270336386415,-23.30410256001825,73.0,0.6094589233398438,0.9161836138919981,0.37238498699135075,0.21594654873167646,0.006172839506172839,-24.30468901107761,71.79465659966911,0.9232654328041888,fdr_bh,False
lt1_vs_lt2_per_model_class,"model_name=GradientBoostingRegressor(max_depth=2,n_estimators=100,random_state=42)|feature_set=EMG+NIRS+HRV|with_abs=True",mae,lt1,lt2,18,215.10062532126173,133.87244998449967,81.22817533676206,146.3224379970967,118.85071646580793,27.471721531288765,52.0,0.15404510498046875,1.9704291111434995,0.06529908379208837,0.46443459544564997,0.16049382716049382,11.212789460058723,165.6299211685247,0.5834048656707115,fdr_bh,False
lt1_vs_lt2_per_model_class,"model_name=GradientBoostingRegressor(max_depth=2,n_estimators=100,random_state=42)|feature_set=HRV|with_abs=False",mae,lt1,lt2,18,223.46755673819047,176.4924672908412,46.97508944734926,200.82702564603414,129.16873991942487,71.65828572660928,34.0,0.02367401123046875,1.6440629243914888,0.11852740527127001,0.38750934751153593,0.30246913580246915,-11.760722183243638,96.968081530292,0.19912147521972656,fdr_bh,False
lt1_vs_lt2_per_model_class,"model_name=GradientBoostingRegressor(max_depth=2,n_estimators=100,random_state=42)|feature_set=HRV|with_abs=True",mae,lt1,lt2,18,226.58645178455657,156.94495988702405,69.64149189753252,199.7090778661272,140.51798515156634,59.19109271456085,29.0,0.01203155517578125,2.4296226148388436,0.026487807203837935,0.5726675422255793,0.46296296296296297,16.42982734257501,125.53914682946122,0.15863828305844907,fdr_bh,False
lt1_vs_lt2_per_model_class,"model_name=GradientBoostingRegressor(max_depth=2,n_estimators=100,random_state=42)|feature_set=NIRS|with_abs=False",mae,lt1,lt2,18,224.24507098459753,219.35485633920587,4.890214645391666,174.47186293327707,180.84007575500553,-6.368212821728463,83.0,0.932281494140625,0.14084085084128142,0.889651077509654,0.03319650689931772,-0.08641975308641975,-54.500952106142805,76.09436361323313,0.993689257227732,fdr_bh,False
lt1_vs_lt2_per_model_class,"model_name=GradientBoostingRegressor(max_depth=2,n_estimators=100,random_state=42)|feature_set=NIRS|with_abs=True",mae,lt1,lt2,18,237.5900647072059,262.6344141118789,-25.044349404673028,208.24088630359387,220.9181636336753,-12.677277330081438,74.0,0.6396942138671875,-0.8229545266851496,0.4219283822002861,-0.1939722421424116,-0.09876543209876543,-84.04392013243232,33.18850693751624,0.9359668965242347,fdr_bh,False
lt1_vs_lt2_per_model_class,"model_name=GradientBoostingRegressor(max_depth=2,n_estimators=200,random_state=42)|feature_set=EMG|with_abs=False",mae,lt1,lt2,18,208.63513827676215,234.64468556076125,-26.009547283999098,151.48070884090743,236.95096376916015,-85.47025492825273,62.0,0.32472991943359375,-0.9499499566589215,0.355448409922484,-0.22390535204713008,-0.2777777777777778,-77.60085706207653,29.09079550433925,0.8084185406878278,fdr_bh,False
lt1_vs_lt2_per_model_class,"model_name=GradientBoostingRegressor(max_depth=2,n_estimators=200,random_state=42)|feature_set=EMG|with_abs=True",mae,lt1,lt2,18,208.63513827676215,234.64468556076125,-26.009547283999098,151.48070884090743,236.95096376916015,-85.47025492825273,62.0,0.32472991943359375,-0.9499499566589215,0.355448409922484,-0.22390535204713008,-0.2777777777777778,-77.60085706207653,29.090795504339255,0.8084185406878278,fdr_bh,False
lt1_vs_lt2_per_model_class,"model_name=GradientBoostingRegressor(max_depth=2,n_estimators=200,random_state=42)|feature_set=EMG+NIRS|with_abs=False",mae,lt1,lt2,18,207.3069459068585,204.60004126717527,2.7069046396832164,174.94735869853318,184.53570652644186,-9.588347827908677,82.0,0.8985748291015625,0.0880593728418419,0.9308585094785744,0.020755793227833635,-0.06790123456790123,-56.086154964790175,62.8514753732199,0.993689257227732,fdr_bh,False
lt1_vs_lt2_per_model_class,"model_name=GradientBoostingRegressor(max_depth=2,n_estimators=200,random_state=42)|feature_set=EMG+NIRS|with_abs=True",mae,lt1,lt2,18,223.89886705307447,223.43770847182293,0.46115858125153864,160.891465449993,212.8469121237939,-51.95544667380091,85.0,1.0,0.013831005316676573,0.9891258296172185,0.003259999216683066,-0.07407407407407407,-62.187295836486555,64.33113212506444,1.0,fdr_bh,False
lt1_vs_lt2_per_model_class,"model_name=GradientBoostingRegressor(max_depth=2,n_estimators=200,random_state=42)|feature_set=EMG+NIRS+HRV|with_abs=False",mae,lt1,lt2,18,193.6658588653178,167.75633289528975,25.909525970028056,134.3174389043092,144.68549218873954,-10.368053284430346,72.0,0.5798416137695312,1.028256767675837,0.3182380798953226,0.24236244440818155,0.037037037037037035,-20.0145788782173,74.8503012912281,0.9232654328041888,fdr_bh,False
lt1_vs_lt2_per_model_class,"model_name=GradientBoostingRegressor(max_depth=2,n_estimators=200,random_state=42)|feature_set=EMG+NIRS+HRV|with_abs=True",mae,lt1,lt2,18,221.16219802001262,134.0957168799395,87.06648114007314,145.98359199169468,120.27395643009129,25.709635561603392,52.0,0.15404510498046875,2.0106806509727404,0.06049624720510481,0.47392197436780215,0.19135802469135801,11.4080538740944,173.88233711975178,0.5834048656707115,fdr_bh,False
lt1_vs_lt2_per_model_class,"model_name=GradientBoostingRegressor(max_depth=2,n_estimators=200,random_state=42)|feature_set=HRV|with_abs=False",mae,lt1,lt2,18,227.88775790250767,181.30400242773288,46.58375547477479,198.48225768165094,133.46529928710987,65.01695839454106,34.0,0.02367401123046875,1.7487993734639113,0.09835743117379167,0.4121959653037057,0.2962962962962963,-7.373779525692405,92.36945397187061,0.19912147521972656,fdr_bh,False
lt1_vs_lt2_per_model_class,"model_name=GradientBoostingRegressor(max_depth=2,n_estimators=200,random_state=42)|feature_set=HRV|with_abs=True",mae,lt1,lt2,18,233.69320096853284,164.7543940689931,68.93880689953974,207.84553467052655,142.66601655124327,65.17951811928327,27.0,0.00896453857421875,2.469783035145209,0.024409240376354495,0.5821334440702235,0.43209876543209874,17.721510618423753,123.76674938232658,0.13875546662703803,fdr_bh,False
lt1_vs_lt2_per_model_class,"model_name=GradientBoostingRegressor(max_depth=2,n_estimators=200,random_state=42)|feature_set=NIRS|with_abs=False",mae,lt1,lt2,18,230.86929218094468,235.43398256922197,-4.564690388277285,179.47007289587856,201.1823557061681,-21.712282810289537,80.0,0.83172607421875,-0.1300546775414759,0.8980496676884789,-0.0306541814715358,-0.043209876543209874,-67.5520648692292,63.53859336589881,0.993689257227732,fdr_bh,False
lt1_vs_lt2_per_model_class,"model_name=GradientBoostingRegressor(max_depth=2,n_estimators=200,random_state=42)|feature_set=NIRS|with_abs=True",mae,lt1,lt2,18,241.76906242072351,276.96839393524283,-35.199331514519315,215.67266586615096,250.9429658399027,-35.27029997375175,67.0,0.44229888916015625,-1.0386704756781122,0.3135065436228034,-0.24481697892341667,-0.13580246913580246,-103.20646805759463,27.248863150699513,0.9049333594311243,fdr_bh,False
lt1_vs_lt2_per_model_class,"model_name=GradientBoostingRegressor(max_depth=2,n_estimators=50,random_state=42)|feature_set=EMG|with_abs=False",mae,lt1,lt2,18,198.65082719143408,226.0012546640826,-27.350427472648533,143.37563879137798,241.96401561302622,-98.58837682164824,59.0,0.2645263671875,-1.0950468516180136,0.2887685726013041,-0.25810501816535886,-0.21604938271604937,-75.6074760556933,20.322543863567343,0.7080555392387218,fdr_bh,False
lt1_vs_lt2_per_model_class,"model_name=GradientBoostingRegressor(max_depth=2,n_estimators=50,random_state=42)|feature_set=EMG|with_abs=True",mae,lt1,lt2,18,198.65082719143408,226.0012546640826,-27.350427472648533,143.37563879137798,241.96401561302622,-98.58837682164824,59.0,0.2645263671875,-1.0950468516180136,0.2887685726013041,-0.25810501816535886,-0.21604938271604937,-75.6074760556933,20.32254386356734,0.7080555392387218,fdr_bh,False
lt1_vs_lt2_per_model_class,"model_name=GradientBoostingRegressor(max_depth=2,n_estimators=50,random_state=42)|feature_set=EMG+NIRS|with_abs=False",mae,lt1,lt2,18,208.90885830027182,204.1606881797936,4.748170120478221,186.6058072379239,165.2546110396384,21.351196198285493,80.0,0.83172607421875,0.17810161686893713,0.8607482521323588,0.041978953676104616,-0.018518518518518517,-52.03253632959739,53.63871991189978,0.993689257227732,fdr_bh,False
lt1_vs_lt2_per_model_class,"model_name=GradientBoostingRegressor(max_depth=2,n_estimators=50,random_state=42)|feature_set=EMG+NIRS|with_abs=True",mae,lt1,lt2,18,221.35042740841016,204.71046598505728,16.639961423352872,167.35797238554508,186.72793198436096,-19.369959598815882,70.0,0.522613525390625,0.5798915495234765,0.5695943471045903,0.13668174900694163,0.04938271604938271,-39.98819451115283,69.45316274803645,0.9232654328041888,fdr_bh,False
lt1_vs_lt2_per_model_class,"model_name=GradientBoostingRegressor(max_depth=2,n_estimators=50,random_state=42)|feature_set=EMG+NIRS+HRV|with_abs=False",mae,lt1,lt2,18,187.36741448195517,167.35790006289758,20.00951441905758,115.1316307080738,152.44037254890964,-37.308741840835836,74.0,0.6396942138671875,0.8303450568405709,0.41785277946910376,0.19571420680556564,-0.043209876543209874,-25.820257015369886,65.98747344729563,0.9359668965242347,fdr_bh,False
lt1_vs_lt2_per_model_class,"model_name=GradientBoostingRegressor(max_depth=2,n_estimators=50,random_state=42)|feature_set=EMG+NIRS+HRV|with_abs=True",mae,lt1,lt2,18,208.98129278111026,130.21147724811905,78.7698155329912,148.06640527595457,119.13017406129686,28.93623121465771,47.0,0.0987396240234375,2.0904723006836936,0.05190758885885808,0.49272904656536093,0.19135802469135801,12.952814555646789,153.86094988797072,0.4235097126788404,fdr_bh,False
lt1_vs_lt2_per_model_class,"model_name=GradientBoostingRegressor(max_depth=2,n_estimators=50,random_state=42)|feature_set=HRV|with_abs=False",mae,lt1,lt2,18,220.72889311240618,175.3946987484427,45.33419436396349,199.89132320960155,130.75158676606122,69.13973644354033,34.0,0.02367401123046875,1.566708054175445,0.13560708830041576,0.3692766297490127,0.2962962962962963,-13.370616207293336,96.64027065478497,0.19912147521972656,fdr_bh,False
lt1_vs_lt2_per_model_class,"model_name=GradientBoostingRegressor(max_depth=2,n_estimators=50,random_state=42)|feature_set=HRV|with_abs=True",mae,lt1,lt2,18,223.26179917605225,148.78635228769426,74.475446888358,194.61111529564067,130.19121909318355,64.41989620245712,27.0,0.00896453857421875,2.535392857417112,0.021341292946940378,0.597597827483859,0.4567901234567901,18.840813063359157,129.9688461878935,0.13875546662703803,fdr_bh,False
lt1_vs_lt2_per_model_class,"model_name=GradientBoostingRegressor(max_depth=2,n_estimators=50,random_state=42)|feature_set=NIRS|with_abs=False",mae,lt1,lt2,18,217.08421672391614,212.80974126818455,4.27447545573159,161.74472980373125,162.1522227320654,-0.4074929283341646,81.0,0.8650436401367188,0.1412936968334551,0.8892987595096321,0.03330324372328411,-0.14814814814814814,-47.45615144382734,68.2612721871011,0.993689257227732,fdr_bh,False
lt1_vs_lt2_per_model_class,"model_name=GradientBoostingRegressor(max_depth=2,n_estimators=50,random_state=42)|feature_set=NIRS|with_abs=True",mae,lt1,lt2,18,230.82615891525438,247.50569120408616,-16.67953228883178,200.45175349773587,191.32697385259422,9.124779645141643,76.0,0.7018814086914062,-0.6314420863698447,0.5361504983640591,-0.14883232706623295,-0.024691358024691357,-67.5336795320754,34.90742861471506,0.9760538339614868,fdr_bh,False
lt1_vs_lt2_per_model_class,"model_name=GradientBoostingRegressor(max_depth=3,n_estimators=100,random_state=42)|feature_set=EMG|with_abs=False",mae,lt1,lt2,18,208.50553135918665,228.79302490059803,-20.28749354141138,147.43405094443352,229.15344029748093,-81.7193893530474,66.0,0.4171142578125,-0.77772246849513,0.4474216839946829,-0.18331094378468252,-0.24691358024691357,-68.60425204236772,31.597196712746577,0.8838849748883929,fdr_bh,False
lt1_vs_lt2_per_model_class,"model_name=GradientBoostingRegressor(max_depth=3,n_estimators=100,random_state=42)|feature_set=EMG|with_abs=True",mae,lt1,lt2,18,208.50553135918665,228.79302490059803,-20.28749354141138,147.43405094443352,229.15344029748093,-81.7193893530474,66.0,0.4171142578125,-0.7777224684951297,0.44742168399468313,-0.18331094378468243,-0.24691358024691357,-68.60425204236772,31.597196712746577,0.8838849748883929,fdr_bh,False
lt1_vs_lt2_per_model_class,"model_name=GradientBoostingRegressor(max_depth=3,n_estimators=100,random_state=42)|feature_set=EMG+NIRS|with_abs=False",mae,lt1,lt2,18,208.00414517735595,198.06061467331153,9.943530504044418,169.7979935854986,161.08772657373606,8.71026701176254,83.0,0.932281494140625,0.3622229432375348,0.7216490576428422,0.08537676648820358,-0.018518518518518517,-43.30004650640796,64.06429783657782,0.993689257227732,fdr_bh,False
lt1_vs_lt2_per_model_class,"model_name=GradientBoostingRegressor(max_depth=3,n_estimators=100,random_state=42)|feature_set=EMG+NIRS|with_abs=True",mae,lt1,lt2,18,218.51521454779768,223.11114162060787,-4.595927072810184,151.42127303543452,213.37601747784623,-61.95474444241171,83.0,0.932281494140625,-0.1640755030785676,0.8716066683255708,-0.0386729669511498,-0.08024691358024691,-61.03166826252649,49.700134231325634,0.993689257227732,fdr_bh,False
lt1_vs_lt2_per_model_class,"model_name=GradientBoostingRegressor(max_depth=3,n_estimators=100,random_state=42)|feature_set=EMG+NIRS+HRV|with_abs=False",mae,lt1,lt2,18,184.52342517202862,170.56320887429425,13.960216297734377,123.35901192627875,141.2175501817894,-17.858538255510638,85.0,1.0,0.5230504696398764,0.6076899187035555,0.123284177995055,-0.08024691358024691,-35.52392825325483,65.54454383139343,1.0,fdr_bh,False
lt1_vs_lt2_per_model_class,"model_name=GradientBoostingRegressor(max_depth=3,n_estimators=100,random_state=42)|feature_set=EMG+NIRS+HRV|with_abs=True",mae,lt1,lt2,18,217.35499391705213,131.92942919501695,85.42556472203518,151.3722068629438,116.95074917604661,34.4214576868972,49.0,0.11870574951171875,2.055203976674932,0.055557117651403254,0.4844162228761345,0.2345679012345679,13.877454051099603,168.5973645679761,0.4857384692663434,fdr_bh,False
lt1_vs_lt2_per_model_class,"model_name=GradientBoostingRegressor(max_depth=3,n_estimators=100,random_state=42)|feature_set=HRV|with_abs=False",mae,lt1,lt2,18,230.81186502604547,181.10003076277027,49.71183426327519,202.75858440762886,127.75980821550813,74.99877619212073,31.0,0.01593017578125,1.8117028891579485,0.0877357599684923,0.42702246613961514,0.3271604938271605,-6.401973393132382,97.0472966715917,0.17722320556640625,fdr_bh,False
lt1_vs_lt2_per_model_class,"model_name=GradientBoostingRegressor(max_depth=3,n_estimators=100,random_state=42)|feature_set=HRV|with_abs=True",mae,lt1,lt2,18,230.56049964014994,162.862511393368,67.69798824678193,217.7123131615276,151.26659625622045,66.44571690530714,28.0,0.010406494140625,2.392200770697263,0.02857349501404725,0.56384712897324,0.3950617283950617,17.074735539660182,123.31753229907861,0.15436299641927084,fdr_bh,False
lt1_vs_lt2_per_model_class,"model_name=GradientBoostingRegressor(max_depth=3,n_estimators=100,random_state=42)|feature_set=NIRS|with_abs=False",mae,lt1,lt2,18,230.10738242713362,216.7955308294459,13.311851597687706,173.61488045643847,201.78104626193516,-28.16616580549669,84.0,0.9661178588867188,0.3637248371917592,0.7205474650498703,0.08573076628808862,-0.037037037037037035,-49.79893093732033,90.15704621369615,0.9940403403574332,fdr_bh,False
lt1_vs_lt2_per_model_class,"model_name=GradientBoostingRegressor(max_depth=3,n_estimators=100,random_state=42)|feature_set=NIRS|with_abs=True",mae,lt1,lt2,18,235.96823767707804,253.96774187576116,-17.999504198683127,207.37120190285077,226.55236989942392,-19.18116799657315,72.0,0.5798416137695312,-0.6409385009888653,0.530108944209355,-0.15107065345758913,-0.1111111111111111,-69.74259354940317,36.025587558153624,0.9232654328041888,fdr_bh,False
lt1_vs_lt2_per_model_class,"model_name=GradientBoostingRegressor(max_depth=3,n_estimators=200,random_state=42)|feature_set=EMG|with_abs=False",mae,lt1,lt2,18,215.46849260020812,230.19332124021807,-14.724828640009946,158.43445869359664,227.80712011429222,-69.37266142069558,70.0,0.522613525390625,-0.5708623606439893,0.5755622164164087,-0.13455354877850845,-0.19753086419753085,-62.77887175576078,37.104782038918984,0.9232654328041888,fdr_bh,False
lt1_vs_lt2_per_model_class,"model_name=GradientBoostingRegressor(max_depth=3,n_estimators=200,random_state=42)|feature_set=EMG|with_abs=True",mae,lt1,lt2,18,215.46849260020812,230.19332124021807,-14.724828640009946,158.43445869359664,227.80712011429222,-69.37266142069558,70.0,0.522613525390625,-0.5708623606439893,0.5755622164164087,-0.13455354877850845,-0.19753086419753085,-62.77887175576078,37.104782038918984,0.9232654328041888,fdr_bh,False
lt1_vs_lt2_per_model_class,"model_name=GradientBoostingRegressor(max_depth=3,n_estimators=200,random_state=42)|feature_set=EMG+NIRS|with_abs=False",mae,lt1,lt2,18,209.2285546417608,194.75653938963717,14.47201525212364,163.92221109905006,169.4437194771055,-5.521508378055444,82.0,0.8985748291015625,0.5125605878820598,0.6148539982179346,0.12081168915345596,-0.05555555555555555,-40.07222086407417,70.60182778926749,0.993689257227732,fdr_bh,False
lt1_vs_lt2_per_model_class,"model_name=GradientBoostingRegressor(max_depth=3,n_estimators=200,random_state=42)|feature_set=EMG+NIRS|with_abs=True",mae,lt1,lt2,18,219.9085517622305,228.25787682445267,-8.349325062222164,150.59348210541793,214.45631758409513,-63.8628354786772,80.0,0.83172607421875,-0.3044438750114635,0.7644850335425651,-0.07175810950377186,-0.09259259259259259,-61.5698086449417,45.68644261213779,0.993689257227732,fdr_bh,False
lt1_vs_lt2_per_model_class,"model_name=GradientBoostingRegressor(max_depth=3,n_estimators=200,random_state=42)|feature_set=EMG+NIRS+HRV|with_abs=False",mae,lt1,lt2,18,185.54532555136387,170.18062612910126,15.364699422262618,129.50781390666708,140.22169826375972,-10.713884357092638,82.0,0.8985748291015625,0.5814524341365871,0.568565947278047,0.13704965303846836,-0.05555555555555555,-33.95899412336494,67.20175900348985,0.993689257227732,fdr_bh,False
lt1_vs_lt2_per_model_class,"model_name=GradientBoostingRegressor(max_depth=3,n_estimators=200,random_state=42)|feature_set=EMG+NIRS+HRV|with_abs=True",mae,lt1,lt2,18,217.20829408908284,133.36627565544558,83.84201843363726,154.74288974527963,115.03112102465796,39.71176872062166,54.0,0.18146514892578125,2.0141047935313856,0.06010275878764616,0.47472905250879127,0.2222222222222222,13.096751507160786,168.3541603941168,0.656740004016507,fdr_bh,False
lt1_vs_lt2_per_model_class,"model_name=GradientBoostingRegressor(max_depth=3,n_estimators=200,random_state=42)|feature_set=HRV|with_abs=False",mae,lt1,lt2,18,236.88515954570843,185.21277870615395,51.67238083955448,207.4991201354474,132.8554379162463,74.64368221920111,31.0,0.01593017578125,1.9453174924491337,0.06846633045012018,0.45851573015719765,0.32098765432098764,-2.4897857160847217,97.95003859109073,0.17722320556640625,fdr_bh,False
lt1_vs_lt2_per_model_class,"model_name=GradientBoostingRegressor(max_depth=3,n_estimators=200,random_state=42)|feature_set=HRV|with_abs=True",mae,lt1,lt2,18,240.19637642127702,170.4614499347956,69.73492648648141,228.53602215867664,154.8729969107808,73.66302524789583,29.0,0.01203155517578125,2.514781422708264,0.022263416822757537,0.592739665732989,0.35802469135802467,20.56588310071975,125.28644880624752,0.15863828305844907,fdr_bh,False
lt1_vs_lt2_per_model_class,"model_name=GradientBoostingRegressor(max_depth=3,n_estimators=200,random_state=42)|feature_set=NIRS|with_abs=False",mae,lt1,lt2,18,236.4748459631676,223.992700394862,12.482145568305612,179.47585856245138,205.05663916967944,-25.580780607228064,84.0,0.9661178588867188,0.3487525053209586,0.7315571001919062,0.08220175382274912,-0.024691358024691357,-48.459510790555335,86.75147736713828,0.9940403403574332,fdr_bh,False
lt1_vs_lt2_per_model_class,"model_name=GradientBoostingRegressor(max_depth=3,n_estimators=200,random_state=42)|feature_set=NIRS|with_abs=True",mae,lt1,lt2,18,240.0583735683288,253.11785473136732,-13.059481163038527,224.35061993943074,234.64722311320656,-10.296603173775821,75.0,0.6705245971679688,-0.4687511619688895,0.6452023369287437,-0.11048570843909182,-0.09259259259259259,-63.083779285465795,40.442426347837824,0.9510229346286728,fdr_bh,False
lt1_vs_lt2_per_model_class,"model_name=GradientBoostingRegressor(max_depth=3,n_estimators=50,random_state=42)|feature_set=EMG|with_abs=False",mae,lt1,lt2,18,202.53307129468132,224.54803865729713,-22.014967362615806,145.43459234487463,226.635489724739,-81.20089737986436,65.0,0.39273834228515625,-0.8653636926457783,0.39888698795106853,-0.20396817842082035,-0.25925925925925924,-69.67914484144617,26.641198500446105,0.8838849748883929,fdr_bh,False
lt1_vs_lt2_per_model_class,"model_name=GradientBoostingRegressor(max_depth=3,n_estimators=50,random_state=42)|feature_set=EMG|with_abs=True",mae,lt1,lt2,18,202.53307129468132,224.54803865729713,-22.014967362615806,145.43459234487463,226.635489724739,-81.20089737986436,65.0,0.39273834228515625,-0.8653636926457783,0.39888698795106853,-0.20396817842082035,-0.25925925925925924,-69.67914484144617,26.641198500446105,0.8838849748883929,fdr_bh,False
lt1_vs_lt2_per_model_class,"model_name=GradientBoostingRegressor(max_depth=3,n_estimators=50,random_state=42)|feature_set=EMG+NIRS|with_abs=False",mae,lt1,lt2,18,208.8219926993108,199.44155013871077,9.380442560600045,178.84878160290825,159.37862181981296,19.470159783095284,79.0,0.7987060546875,0.3572692487399242,0.7252868915443327,0.08420916949780795,0.006172839506172839,-41.440196262047905,59.18919296990743,0.993689257227732,fdr_bh,False
lt1_vs_lt2_per_model_class,"model_name=GradientBoostingRegressor(max_depth=3,n_estimators=50,random_state=42)|feature_set=EMG+NIRS|with_abs=True",mae,lt1,lt2,18,216.21995200248324,214.64424983167453,1.575702170808711,155.64775429051076,186.2916436168856,-30.643889326374847,77.0,0.7337265014648438,0.055130005745383376,0.956677629491329,0.012994266969804637,-0.06790123456790123,-56.663611928948264,55.86260174907421,0.993689257227732,fdr_bh,False
lt1_vs_lt2_per_model_class,"model_name=GradientBoostingRegressor(max_depth=3,n_estimators=50,random_state=42)|feature_set=EMG+NIRS+HRV|with_abs=False",mae,lt1,lt2,18,182.7442141819666,169.05217403848744,13.692040143479176,117.67399025318925,145.49628370662145,-27.82229345343221,82.0,0.8985748291015625,0.5112927310645202,0.6157226223984797,0.120512852435704,-0.08024691358024691,-39.301535945197145,64.93152151494284,0.993689257227732,fdr_bh,False
lt1_vs_lt2_per_model_class,"model_name=GradientBoostingRegressor(max_depth=3,n_estimators=50,random_state=42)|feature_set=EMG+NIRS+HRV|with_abs=True",mae,lt1,lt2,18,209.74888152528885,129.51427034573166,80.23461117955719,151.0101210049408,118.02054017858083,32.98958082635997,49.0,0.11870574951171875,2.075297577460598,0.053450249701733336,0.48915233000080105,0.19135802469135801,12.719190775059134,160.20026557194163,0.4857384692663434,fdr_bh,False
lt1_vs_lt2_per_model_class,"model_name=GradientBoostingRegressor(max_depth=3,n_estimators=50,random_state=42)|feature_set=HRV|with_abs=False",mae,lt1,lt2,18,226.53172400267056,175.93578496175914,50.59593904091142,200.69185275149164,128.07562512017455,72.61622763131709,31.0,0.01593017578125,1.7717675732315452,0.09435567843887614,0.41760962190615286,0.3148148148148148,-7.896291248761033,100.91859113177865,0.17722320556640625,fdr_bh,False
lt1_vs_lt2_per_model_class,"model_name=GradientBoostingRegressor(max_depth=3,n_estimators=50,random_state=42)|feature_set=HRV|with_abs=True",mae,lt1,lt2,18,223.96016969049703,154.69799813447756,69.26217155601947,208.64670707798834,145.05020855868946,63.596498519298876,29.0,0.01203155517578125,2.500997313785661,0.022901011557575957,0.5894907201023936,0.41975308641975306,19.892568393084762,124.46019962203135,0.15863828305844907,fdr_bh,False
lt1_vs_lt2_per_model_class,"model_name=GradientBoostingRegressor(max_depth=3,n_estimators=50,random_state=42)|feature_set=NIRS|with_abs=False",mae,lt1,lt2,18,220.3603694153301,205.7735384965664,14.586830918763695,151.60557453906586,176.97976007500577,-25.374185535939915,85.0,1.0,0.4156986655361092,0.6828306205914995,0.09798111511026045,-0.043209876543209874,-44.97660011965797,84.62604361252573,1.0,fdr_bh,False
lt1_vs_lt2_per_model_class,"model_name=GradientBoostingRegressor(max_depth=3,n_estimators=50,random_state=42)|feature_set=NIRS|with_abs=True",mae,lt1,lt2,18,228.86614539566074,246.47119732521483,-17.605051929554094,199.805977251616,228.8776012308365,-29.071623979220476,68.0,0.468292236328125,-0.6381694220166206,0.5318667124157448,-0.15041797528461737,-0.11728395061728394,-70.6550617011078,36.97153609351283,0.9210609731094613,fdr_bh,False
lt1_vs_lt2_per_model_class,"model_name=HuberRegressor(epsilon=1.1,max_iter=2000)|feature_set=EMG|with_abs=False",mae,lt1,lt2,18,265.88610675603485,308.6608622246078,-42.77475546857295,235.2163835160493,213.21586850260616,22.000515013443135,60.0,0.28372955322265625,-1.1183460700096353,0.2789740784796752,-0.26359669660571283,-0.14814814814814814,-115.48872284322208,32.33819055131246,0.7319400068642437,fdr_bh,False
lt1_vs_lt2_per_model_class,"model_name=HuberRegressor(epsilon=1.1,max_iter=2000)|feature_set=EMG|with_abs=True",mae,lt1,lt2,18,265.88610675603485,308.6608622246078,-42.77475546857295,235.2163835160493,213.2158685026061,22.00051501344319,60.0,0.28372955322265625,-1.1183460700096353,0.2789740784796752,-0.26359669660571283,-0.14814814814814814,-115.48872284322208,32.338190551312465,0.7319400068642437,fdr_bh,False
lt1_vs_lt2_per_model_class,"model_name=HuberRegressor(epsilon=1.1,max_iter=2000)|feature_set=EMG+NIRS|with_abs=False",mae,lt1,lt2,18,362.66224611779916,243.16922355429395,119.4930225635052,236.52916922844162,222.04482221089177,14.484347017549851,43.0,0.06653594970703125,1.6994367930786611,0.10746003380248996,0.40056109352794694,0.17901234567901234,9.745455583731973,274.1819490436128,0.315823974609375,fdr_bh,False
lt1_vs_lt2_per_model_class,"model_name=HuberRegressor(epsilon=1.1,max_iter=2000)|feature_set=EMG+NIRS|with_abs=True",mae,lt1,lt2,18,380.80487932488205,341.3970925650739,39.407786759808175,246.08359710667395,265.17358606782403,-19.089988961150084,72.0,0.5798416137695312,0.8497586438257545,0.40726788212342585,0.2002900331403584,0.012345679012345678,-49.924545088651634,130.38896090579013,0.9232654328041888,fdr_bh,False
lt1_vs_lt2_per_model_class,"model_name=HuberRegressor(epsilon=1.1,max_iter=2000)|feature_set=EMG+NIRS+HRV|with_abs=False",mae,lt1,lt2,18,243.4502529300656,176.39938622784157,67.05086670222403,161.0248368780125,146.6816574886111,14.3431793894014,50.0,0.12973785400390625,1.4904935889818995,0.15441532798897442,0.3513127080280586,0.14814814814814814,-12.584508947812354,166.7194356204903,0.507545890388908,fdr_bh,False
lt1_vs_lt2_per_model_class,"model_name=HuberRegressor(epsilon=1.1,max_iter=2000)|feature_set=EMG+NIRS+HRV|with_abs=True",mae,lt1,lt2,18,271.58292055321897,194.04291961408072,77.54000093913825,222.60139017020626,147.98535357484752,74.61603659535874,34.0,0.02367401123046875,2.289354309303898,0.03512506958403572,0.5396059855491436,0.24691358024691357,18.300529199434738,142.296084777121,0.19912147521972656,fdr_bh,False
lt1_vs_lt2_per_model_class,"model_name=HuberRegressor(epsilon=1.1,max_iter=2000)|feature_set=HRV|with_abs=False",mae,lt1,lt2,18,228.13575812631052,183.97823215852526,44.15752596778526,191.49631595365847,144.0865333956249,47.409782558033555,43.0,0.06653594970703125,1.1995749255137846,0.2467568340704619,0.2827425214573816,0.2654320987654321,-23.526707490282625,115.29478019030344,0.315823974609375,fdr_bh,False
lt1_vs_lt2_per_model_class,"model_name=HuberRegressor(epsilon=1.1,max_iter=2000)|feature_set=HRV|with_abs=True",mae,lt1,lt2,18,232.6225286366262,138.5727715737823,94.04975706284392,179.55366057552217,120.62321819340968,58.93044238211249,24.0,0.0055999755859375,2.5643427889542987,0.020107099928101137,0.6044213917854694,0.47530864197530864,32.3233505371605,168.59227783292155,0.09493291945684525,fdr_bh,False
lt1_vs_lt2_per_model_class,"model_name=HuberRegressor(epsilon=1.1,max_iter=2000)|feature_set=NIRS|with_abs=False",mae,lt1,lt2,18,334.0810000084402,317.1702301502591,16.910769858181084,236.8118590873214,246.4093876558593,-9.597528568537882,84.0,0.9661178588867188,0.6437605445622923,0.5283208703043849,0.15173581550678047,-0.07407407407407407,-27.761966412429487,70.09669107964855,0.9940403403574332,fdr_bh,False
lt1_vs_lt2_per_model_class,"model_name=HuberRegressor(epsilon=1.1,max_iter=2000)|feature_set=NIRS|with_abs=True",mae,lt1,lt2,18,294.8939577203887,390.7315420626546,-95.83758434226593,244.32274450906627,247.4853096531641,-3.16256514409784,73.0,0.6094589233398438,-0.9212362635580265,0.36981648180964505,-0.217137469678946,-0.04938271604938271,-325.1195504659116,36.56901827441493,0.9232654328041888,fdr_bh,False
lt1_vs_lt2_per_model_class,"model_name=HuberRegressor(epsilon=1.35,max_iter=2000)|feature_set=EMG|with_abs=False",mae,lt1,lt2,18,269.94705466456827,310.1247338328019,-40.177679168233624,237.0625748234321,227.55235020880355,9.510224614628555,57.0,0.22875213623046875,-1.084272053143786,0.29338260510910447,-0.25556537380967725,-0.14814814814814814,-108.94876831052986,32.01147331972427,0.656740004016507,fdr_bh,False
lt1_vs_lt2_per_model_class,"model_name=HuberRegressor(epsilon=1.35,max_iter=2000)|feature_set=EMG|with_abs=True",mae,lt1,lt2,18,269.94705466456827,310.1247338328019,-40.177679168233624,237.0625748234321,227.55235020880355,9.510224614628555,57.0,0.22875213623046875,-1.084272053143786,0.29338260510910447,-0.25556537380967725,-0.14814814814814814,-108.94876831052986,32.01147331972427,0.656740004016507,fdr_bh,False
lt1_vs_lt2_per_model_class,"model_name=HuberRegressor(epsilon=1.35,max_iter=2000)|feature_set=EMG+NIRS|with_abs=False",mae,lt1,lt2,18,364.9789568679118,243.49234196294861,121.48661490496318,243.15995124108895,222.4179170160015,20.74203422508745,45.0,0.08142852783203125,1.6270672557028383,0.1221141181484829,0.3835034299846878,0.16049382716049382,5.176191029714385,281.80774222993324,0.36235694885253905,fdr_bh,False
lt1_vs_lt2_per_model_class,"model_name=HuberRegressor(epsilon=1.35,max_iter=2000)|feature_set=EMG+NIRS|with_abs=True",mae,lt1,lt2,18,382.955530622148,338.3891737955113,44.56635682663671,254.06267282669214,281.3259930965269,-27.263320269834736,73.0,0.6094589233398438,0.8621752648778161,0.4005901190343353,0.20321665878880388,0.006172839506172839,-48.40405823135109,149.1161025542921,0.9232654328041888,fdr_bh,False
lt1_vs_lt2_per_model_class,"model_name=HuberRegressor(epsilon=1.35,max_iter=2000)|feature_set=EMG+NIRS+HRV|with_abs=False",mae,lt1,lt2,18,238.98797340472498,175.69489805160913,63.29307535311585,154.0066090889843,147.64540762094103,6.3612014680432765,50.0,0.12973785400390625,1.4606868127695218,0.16233725466547294,0.3442871834996979,0.1111111111111111,-14.316266020568072,157.29956544491236,0.507545890388908,fdr_bh,False
lt1_vs_lt2_per_model_class,"model_name=HuberRegressor(epsilon=1.35,max_iter=2000)|feature_set=EMG+NIRS+HRV|with_abs=True",mae,lt1,lt2,18,267.3058458853934,188.63565932729782,78.6701865580956,195.66781283759852,142.28512803039024,53.38268480720828,35.0,0.02684783935546875,2.1674877444895237,0.04468649802303883,0.510881760755759,0.2222222222222222,14.032176134707644,154.70226333269605,0.19912147521972656,fdr_bh,False
lt1_vs_lt2_per_model_class,"model_name=HuberRegressor(epsilon=1.35,max_iter=2000)|feature_set=HRV|with_abs=False",mae,lt1,lt2,18,229.2460933975036,181.60934406753455,47.636749329969064,198.46088378123562,142.28344665661558,56.17743712462004,35.0,0.02684783935546875,1.3165140956907744,0.20547571840718332,0.310305348196874,0.30864197530864196,-18.903909411018702,118.14117877521046,0.19912147521972656,fdr_bh,False
lt1_vs_lt2_per_model_class,"model_name=HuberRegressor(epsilon=1.35,max_iter=2000)|feature_set=HRV|with_abs=True",mae,lt1,lt2,18,234.60293732651203,137.1649816685741,97.43795565793795,182.643624999371,121.98409136995681,60.6595336294142,19.0,0.0023345947265625,2.689792925383886,0.01550169722855313,0.633990272508849,0.5185185185185185,36.946825304483724,171.16034423906927,0.04888916015625,fdr_bh,True
lt1_vs_lt2_per_model_class,"model_name=HuberRegressor(epsilon=1.35,max_iter=2000)|feature_set=NIRS|with_abs=False",mae,lt1,lt2,18,310.62405026864485,303.054848381124,7.569201887520876,241.91479793501478,245.21336796935577,-3.2985700343409974,72.0,0.5798416137695312,0.30408961200068724,0.7647502832748332,0.07167460891135737,-0.09876543209876543,-33.942379022122374,59.50994883162699,0.9232654328041888,fdr_bh,False
lt1_vs_lt2_per_model_class,"model_name=HuberRegressor(epsilon=1.35,max_iter=2000)|feature_set=NIRS|with_abs=True",mae,lt1,lt2,18,298.04633176660474,379.41866970638694,-81.3723379397822,241.90551484012175,246.3039225042694,-4.398407664147641,67.0,0.44229888916015625,-0.9820297955939494,0.33985561372122647,-0.23146664259724026,-0.08641975308641975,-266.5082208195631,27.284849914059066,0.9049333594311243,fdr_bh,False
lt1_vs_lt2_per_model_class,"model_name=HuberRegressor(epsilon=1.5,max_iter=2000)|feature_set=EMG|with_abs=False",mae,lt1,lt2,18,273.2503699474597,314.2703821279393,-41.02001218047957,241.39681495774607,238.07229640734766,3.324518550398409,56.0,0.2121429443359375,-1.1084972245449134,0.28308389469835177,-0.26127530146739175,-0.14814814814814814,-108.90175252411139,31.162638640747357,0.656740004016507,fdr_bh,False
lt1_vs_lt2_per_model_class,"model_name=HuberRegressor(epsilon=1.5,max_iter=2000)|feature_set=EMG|with_abs=True",mae,lt1,lt2,18,273.2503699474597,314.2703821279393,-41.02001218047957,241.39681495774607,238.07229640734766,3.324518550398409,56.0,0.2121429443359375,-1.1084972245449132,0.2830838946983519,-0.2612753014673917,-0.14814814814814814,-108.90175252411139,31.162638640747364,0.656740004016507,fdr_bh,False
lt1_vs_lt2_per_model_class,"model_name=HuberRegressor(epsilon=1.5,max_iter=2000)|feature_set=EMG+NIRS|with_abs=False",mae,lt1,lt2,18,364.9366544269102,240.98093722397698,123.95571720293322,247.32958745696044,219.7104845154829,27.619102941477536,45.0,0.08142852783203125,1.6301489247764345,0.12145698958029803,0.3842297863511253,0.1728395061728395,6.5336760590457645,288.6825576827065,0.36235694885253905,fdr_bh,False
lt1_vs_lt2_per_model_class,"model_name=HuberRegressor(epsilon=1.5,max_iter=2000)|feature_set=EMG+NIRS|with_abs=True",mae,lt1,lt2,18,384.4407232418485,335.09850317073824,49.34222007111026,263.0901486559268,289.4952256826399,-26.405077026713116,73.0,0.6094589233398438,0.8931753659586472,0.3842331738927851,0.21052345268604522,0.012345679012345678,-48.88179683199752,161.53989359247248,0.9232654328041888,fdr_bh,False
lt1_vs_lt2_per_model_class,"model_name=HuberRegressor(epsilon=1.5,max_iter=2000)|feature_set=EMG+NIRS+HRV|with_abs=False",mae,lt1,lt2,18,236.98404224323784,175.31498908244942,61.66905316078842,152.7053998376556,147.30250993488903,5.40288990276656,54.0,0.18146514892578125,1.4260561835855776,0.17195772453402525,0.33612466592212337,0.11728395061728394,-15.189279470830018,157.31125132555897,0.656740004016507,fdr_bh,False
lt1_vs_lt2_per_model_class,"model_name=HuberRegressor(epsilon=1.5,max_iter=2000)|feature_set=EMG+NIRS+HRV|with_abs=True",mae,lt1,lt2,18,266.6889314146397,186.84065118513638,79.8482802295033,183.86202404987725,143.44949728376073,40.412526766116514,36.0,0.030364990234375,2.090557014470901,0.051899091876220174,0.49274901379649244,0.2037037037037037,12.47509355094528,159.73508767290386,0.2078833946814904,fdr_bh,False
lt1_vs_lt2_per_model_class,"model_name=HuberRegressor(epsilon=1.5,max_iter=2000)|feature_set=HRV|with_abs=False",mae,lt1,lt2,18,229.39691457544893,181.08967011218195,48.30724446326698,200.0297064838241,142.99829267065064,57.03141381317346,37.0,0.03423309326171875,1.3419608945071821,0.19725871770085504,0.31630321619773116,0.3148148148148148,-18.280578090461358,118.6801200334704,0.2215814763849432,fdr_bh,False
lt1_vs_lt2_per_model_class,"model_name=HuberRegressor(epsilon=1.5,max_iter=2000)|feature_set=HRV|with_abs=True",mae,lt1,lt2,18,234.36541757100272,137.21206335772297,97.15335421327975,184.51622582890286,126.1578345530535,58.35839127584936,19.0,0.0023345947265625,2.6844958861661334,0.015673862247070278,0.632741748391821,0.5246913580246914,37.49088547088922,171.75695137121505,0.04888916015625,fdr_bh,True
lt1_vs_lt2_per_model_class,"model_name=HuberRegressor(epsilon=1.5,max_iter=2000)|feature_set=NIRS|with_abs=False",mae,lt1,lt2,18,307.04970637534194,298.7864942602164,8.263212115125555,242.33806838252565,244.25609302028175,-1.9180246377561048,71.0,0.550872802734375,0.33264673057948746,0.7434677864249468,0.07840558631076334,-0.09259259259259259,-31.877450425924874,60.34588343206986,0.9232654328041888,fdr_bh,False
lt1_vs_lt2_per_model_class,"model_name=HuberRegressor(epsilon=1.5,max_iter=2000)|feature_set=NIRS|with_abs=True",mae,lt1,lt2,18,302.8172878112946,375.1730923020972,-72.3558044908026,247.90952628110063,247.94681888365872,-0.03729260255809663,69.0,0.49507904052734375,-0.9687524605398298,0.3462504020346805,-0.22833714471295563,-0.08024691358024691,-239.31790888186092,30.592888845149734,0.9232654328041888,fdr_bh,False
lt1_vs_lt2_per_model_class,"model_name=HuberRegressor(epsilon=2.0,max_iter=2000)|feature_set=EMG|with_abs=False",mae,lt1,lt2,18,282.70862669808014,331.37537072797824,-48.6667440298981,249.78439111206092,273.2167817672148,-23.43239065515388,50.0,0.12973785400390625,-1.2943967481449556,0.21283579358198199,-0.30509223938637126,-0.16049382716049382,-117.4320579618527,24.675137463357245,0.507545890388908,fdr_bh,False
lt1_vs_lt2_per_model_class,"model_name=HuberRegressor(epsilon=2.0,max_iter=2000)|feature_set=EMG|with_abs=True",mae,lt1,lt2,18,282.70862669808014,331.37537072797824,-48.6667440298981,249.78439111206092,273.2167817672148,-23.43239065515388,50.0,0.12973785400390625,-1.2943967481449556,0.21283579358198199,-0.30509223938637126,-0.16049382716049382,-117.4320579618527,24.675137463357245,0.507545890388908,fdr_bh,False
lt1_vs_lt2_per_model_class,"model_name=HuberRegressor(epsilon=2.0,max_iter=2000)|feature_set=EMG+NIRS|with_abs=False",mae,lt1,lt2,18,365.70759149847555,240.23791175424367,125.46967974423188,255.8461170002694,215.94186358405125,39.904253416218154,45.0,0.08142852783203125,1.6898251091524128,0.1093147177617342,0.398295597900323,0.18518518518518517,7.50689527601345,290.6012006396254,0.36235694885253905,fdr_bh,False
lt1_vs_lt2_per_model_class,"model_name=HuberRegressor(epsilon=2.0,max_iter=2000)|feature_set=EMG+NIRS|with_abs=True",mae,lt1,lt2,18,392.14046233315025,329.6132809805825,62.527181352567766,290.2676248150675,284.9730594677286,5.294565347338903,69.0,0.49507904052734375,1.0385945274785813,0.3135408676006094,0.24479907776111431,0.04938271604938271,-42.50360035776531,185.9313910423182,0.9232654328041888,fdr_bh,False
lt1_vs_lt2_per_model_class,"model_name=HuberRegressor(epsilon=2.0,max_iter=2000)|feature_set=EMG+NIRS+HRV|with_abs=False",mae,lt1,lt2,18,232.63397587746346,171.76902600300681,60.86494987445664,157.15614031228938,146.4793467286446,10.67679358364478,55.0,0.19638824462890625,1.4751590118580757,0.15845004293747728,0.34769831353776404,0.11728395061728394,-11.329123789158897,150.98636316945186,0.656740004016507,fdr_bh,False
lt1_vs_lt2_per_model_class,"model_name=HuberRegressor(epsilon=2.0,max_iter=2000)|feature_set=EMG+NIRS+HRV|with_abs=True",mae,lt1,lt2,18,267.2160001324098,188.4058234734595,78.81017665895033,169.75198131733572,149.82326515565438,19.928716161681336,37.0,0.03423309326171875,1.9205620814072666,0.07172259280325015,0.4526808238176095,0.2345679012345679,7.261004118545911,163.67109051711245,0.2215814763849432,fdr_bh,False
lt1_vs_lt2_per_model_class,"model_name=HuberRegressor(epsilon=2.0,max_iter=2000)|feature_set=HRV|with_abs=False",mae,lt1,lt2,18,227.80566898256808,181.38126389811592,46.42440508445216,197.82575179240266,147.10178313298013,50.723968659422525,37.0,0.03423309326171875,1.2927783771619605,0.21338239580001173,0.30471078568752075,0.29012345679012347,-18.372181412820954,117.54717492885506,0.2215814763849432,fdr_bh,False
lt1_vs_lt2_per_model_class,"model_name=HuberRegressor(epsilon=2.0,max_iter=2000)|feature_set=HRV|with_abs=True",mae,lt1,lt2,18,232.83381374493905,138.30121891066258,94.53259483427647,185.1302851088859,122.62399763012188,62.50628747876401,17.0,0.00157928466796875,2.6183984164872682,0.017981977370633735,0.6171624253820885,0.5432098765432098,35.484274341289826,171.25241734154378,0.04888916015625,fdr_bh,True
lt1_vs_lt2_per_model_class,"model_name=HuberRegressor(epsilon=2.0,max_iter=2000)|feature_set=NIRS|with_abs=False",mae,lt1,lt2,18,302.70721631934526,293.61798026398105,9.08923605536421,232.43204415975725,241.40470054751341,-8.97265638775616,75.0,0.6705245971679688,0.36239978106710163,0.7215193198266261,0.08541844756435593,-0.07407407407407407,-31.232209380775924,61.766320111569506,0.9510229346286728,fdr_bh,False
lt1_vs_lt2_per_model_class,"model_name=HuberRegressor(epsilon=2.0,max_iter=2000)|feature_set=NIRS|with_abs=True",mae,lt1,lt2,18,309.5821382029241,366.36253450922663,-56.78039630630252,244.4403609999899,255.81522468936834,-11.37486368937843,68.0,0.468292236328125,-0.9193936653413448,0.370751769954095,-0.2167031651142734,-0.07407407407407407,-195.99519736424173,33.2036628105851,0.9210609731094613,fdr_bh,False
lt1_vs_lt2_per_model_class,"model_name=LSTMRegressor(batch_size=64,checkpoint_every_epochs=4,dropout=0.3,hidden_size=64,internal_stride_sec=15,lr=0.001,max_epochs=80,num_layers=2,outer_stride_sec=5,seq_len=6,weight_decay=1e-05)|feature_set=EMG|with_abs=False",mae,lt1,lt2,18,223.13871138514935,224.22473131148803,-1.086019926338679,165.05083874375867,194.94555669809816,-29.894717954339484,66.0,0.4171142578125,-0.03405285750330579,0.9732316412304799,-0.008026335486455576,-0.1111111111111111,-56.925537459679894,63.67312577801483,0.8838849748883929,fdr_bh,False
lt1_vs_lt2_per_model_class,"model_name=LSTMRegressor(batch_size=64,checkpoint_every_epochs=4,dropout=0.3,hidden_size=64,internal_stride_sec=15,lr=0.001,max_epochs=80,num_layers=2,outer_stride_sec=5,seq_len=6,weight_decay=1e-05)|feature_set=EMG|with_abs=True",mae,lt1,lt2,18,223.13871138514935,224.22473131148803,-1.086019926338679,165.05083874375867,194.94555669809816,-29.894717954339484,66.0,0.4171142578125,-0.03405285750330579,0.9732316412304799,-0.008026335486455576,-0.1111111111111111,-56.925537459679894,63.67312577801483,0.8838849748883929,fdr_bh,False
lt1_vs_lt2_per_model_class,"model_name=LSTMRegressor(batch_size=64,checkpoint_every_epochs=4,dropout=0.3,hidden_size=64,internal_stride_sec=15,lr=0.001,max_epochs=80,num_layers=2,outer_stride_sec=5,seq_len=6,weight_decay=1e-05)|feature_set=EMG+NIRS|with_abs=False",mae,lt1,lt2,18,209.38139518937354,213.45236555259768,-4.0709703632241485,169.23926158800245,158.14416172634586,11.095099861656593,85.0,1.0,-0.10761280945740861,0.9155626900852443,-0.02536458243662315,-0.06172839506172839,-81.1081785276725,67.9070691967534,1.0,fdr_bh,False
lt1_vs_lt2_per_model_class,"model_name=LSTMRegressor(batch_size=64,checkpoint_every_epochs=4,dropout=0.3,hidden_size=64,internal_stride_sec=15,lr=0.001,max_epochs=80,num_layers=2,outer_stride_sec=5,seq_len=6,weight_decay=1e-05)|feature_set=EMG+NIRS|with_abs=True",mae,lt1,lt2,18,214.0860064608083,224.30449000067094,-10.218483539862632,189.694740189351,174.26134864830692,15.433391541044074,85.0,1.0,-0.3042252320167522,0.7646487360291363,-0.07170657485569876,-0.05555555555555555,-83.14323568062773,49.81692973772298,1.0,fdr_bh,False
lt1_vs_lt2_per_model_class,"model_name=LSTMRegressor(batch_size=64,checkpoint_every_epochs=4,dropout=0.3,hidden_size=64,internal_stride_sec=15,lr=0.001,max_epochs=80,num_layers=2,outer_stride_sec=5,seq_len=6,weight_decay=1e-05)|feature_set=EMG+NIRS+HRV|with_abs=False",mae,lt1,lt2,18,179.57726011673606,184.54852773822643,-4.9712676214903695,124.32230555877013,149.64829329606994,-25.325987737299812,71.0,0.550872802734375,-0.1297408161365676,0.8982942456576557,-0.030580203628947998,-0.19135802469135801,-88.42805939164855,63.79413031973805,0.9232654328041888,fdr_bh,False
lt1_vs_lt2_per_model_class,"model_name=LSTMRegressor(batch_size=64,checkpoint_every_epochs=4,dropout=0.3,hidden_size=64,internal_stride_sec=15,lr=0.001,max_epochs=80,num_layers=2,outer_stride_sec=5,seq_len=6,weight_decay=1e-05)|feature_set=EMG+NIRS+HRV|with_abs=True",mae,lt1,lt2,18,192.63549166631023,162.01759863746216,30.617893028848073,145.87819236278864,144.0723553101222,1.8058370526664476,81.0,0.8650436401367188,0.9752396435957067,0.3431155930167314,0.2298661884228253,-0.030864197530864196,-23.23622702971456,94.50489107360669,0.993689257227732,fdr_bh,False
lt1_vs_lt2_per_model_class,"model_name=LSTMRegressor(batch_size=64,checkpoint_every_epochs=4,dropout=0.3,hidden_size=64,internal_stride_sec=30,lr=0.001,max_epochs=80,num_layers=2,outer_stride_sec=5,seq_len=6,weight_decay=1e-05)|feature_set=EMG|with_abs=False",mae,lt1,lt2,17,208.32641207428605,191.1993741376839,17.127037936602164,163.7212917175699,186.67506089681947,-22.953769179249576,75.0,0.963226318359375,0.5002622623041565,0.623700991397018,0.12133142047002855,-0.02422145328719723,-45.17879621360987,90.43892609468337,0.9940403403574332,fdr_bh,False
lt1_vs_lt2_per_model_class,"model_name=LSTMRegressor(batch_size=64,checkpoint_every_epochs=4,dropout=0.3,hidden_size=64,internal_stride_sec=30,lr=0.001,max_epochs=80,num_layers=2,outer_stride_sec=5,seq_len=6,weight_decay=1e-05)|feature_set=EMG|with_abs=True",mae,lt1,lt2,17,208.32641207428605,191.1993741376839,17.127037936602164,163.7212917175699,186.67506089681947,-22.953769179249576,75.0,0.963226318359375,0.5002622623041565,0.623700991397018,0.12133142047002855,-0.02422145328719723,-45.17879621360987,90.43892609468337,0.9940403403574332,fdr_bh,False
lt1_vs_lt2_per_model_class,"model_name=LSTMRegressor(batch_size=64,checkpoint_every_epochs=4,dropout=0.3,hidden_size=64,internal_stride_sec=30,lr=0.001,max_epochs=80,num_layers=2,outer_stride_sec=5,seq_len=6,weight_decay=1e-05)|feature_set=EMG+NIRS|with_abs=False",mae,lt1,lt2,17,208.36463600029418,192.12905909209937,16.235576908194815,157.89182262826472,154.05230466646094,3.8395179618037787,69.0,0.7466583251953125,0.4885942191165967,0.6317581133563478,0.11850150432258283,0.0034602076124567475,-46.181724493515745,84.21033577417761,0.993689257227732,fdr_bh,False
lt1_vs_lt2_per_model_class,"model_name=LSTMRegressor(batch_size=64,checkpoint_every_epochs=4,dropout=0.3,hidden_size=64,internal_stride_sec=30,lr=0.001,max_epochs=80,num_layers=2,outer_stride_sec=5,seq_len=6,weight_decay=1e-05)|feature_set=EMG+NIRS|with_abs=True",mae,lt1,lt2,17,212.36623905015762,216.24127325145375,-3.875034201296131,199.10540642863825,196.77454483014947,2.330861598488781,73.0,0.8899688720703125,-0.09281215657472267,0.9272050077546855,-0.022510254405820364,-0.11418685121107267,-86.17916356960104,69.71328237210399,0.993689257227732,fdr_bh,False
lt1_vs_lt2_per_model_class,"model_name=LSTMRegressor(batch_size=64,checkpoint_every_epochs=4,dropout=0.3,hidden_size=64,internal_stride_sec=30,lr=0.001,max_epochs=80,num_layers=2,outer_stride_sec=5,seq_len=6,weight_decay=1e-05)|feature_set=EMG+NIRS+HRV|with_abs=False",mae,lt1,lt2,17,186.9513256771243,166.3438962823322,20.607429394792092,146.50574623897106,160.7405435556674,-14.23479731669633,74.0,0.926513671875,0.6675348898317074,0.5139442586858267,0.1619009917388928,-0.13494809688581316,-34.1508815050912,87.257090936782,0.993689257227732,fdr_bh,False
lt1_vs_lt2_per_model_class,"model_name=LSTMRegressor(batch_size=64,checkpoint_every_epochs=4,dropout=0.3,hidden_size=64,internal_stride_sec=30,lr=0.001,max_epochs=80,num_layers=2,outer_stride_sec=5,seq_len=6,weight_decay=1e-05)|feature_set=EMG+NIRS+HRV|with_abs=True",mae,lt1,lt2,17,194.23778213090287,149.9026402479102,44.33514188299267,150.4764037994267,140.26632356424943,10.210080235177259,58.0,0.4037628173828125,1.3737003692029057,0.18847678760820435,0.3331712776572681,0.02422145328719723,-12.866044643571591,115.02829696807534,0.8838849748883929,fdr_bh,False
lt1_vs_lt2_per_model_class,"model_name=LSTMRegressor(batch_size=64,checkpoint_every_epochs=4,dropout=0.3,hidden_size=64,internal_stride_sec=5,lr=0.001,max_epochs=80,num_layers=2,outer_stride_sec=5,seq_len=6,weight_decay=1e-05)|feature_set=EMG|with_abs=False",mae,lt1,lt2,18,229.9673289099651,193.1709805180001,36.79634839196498,163.14090662477003,178.05453979426343,-14.913633169493409,74.0,0.6396942138671875,1.2423152355120717,0.2309853312024653,0.2928165091339829,0.018518518518518517,-13.329066474103916,98.40619667522616,0.9359668965242347,fdr_bh,False
lt1_vs_lt2_per_model_class,"model_name=LSTMRegressor(batch_size=64,checkpoint_every_epochs=4,dropout=0.3,hidden_size=64,internal_stride_sec=5,lr=0.001,max_epochs=80,num_layers=2,outer_stride_sec=5,seq_len=6,weight_decay=1e-05)|feature_set=EMG|with_abs=True",mae,lt1,lt2,18,229.9673289099651,193.1709805180001,36.79634839196498,163.14090662477003,178.05453979426343,-14.913633169493409,74.0,0.6396942138671875,1.2423152355120717,0.2309853312024653,0.2928165091339829,0.018518518518518517,-13.329066474103916,98.40619667522616,0.9359668965242347,fdr_bh,False
lt1_vs_lt2_per_model_class,"model_name=LSTMRegressor(batch_size=64,checkpoint_every_epochs=4,dropout=0.3,hidden_size=64,internal_stride_sec=5,lr=0.001,max_epochs=80,num_layers=2,outer_stride_sec=5,seq_len=6,weight_decay=1e-05)|feature_set=EMG+NIRS|with_abs=False",mae,lt1,lt2,18,208.74156842844968,191.22955779676138,17.512010631688298,175.03768162182322,170.87001357007017,4.167668051753054,76.0,0.7018814086914062,0.6561659667673089,0.5205005622030748,0.15465980156166365,-0.024691358024691357,-32.208749260790086,71.51089850352517,0.9760538339614868,fdr_bh,False
lt1_vs_lt2_per_model_class,"model_name=LSTMRegressor(batch_size=64,checkpoint_every_epochs=4,dropout=0.3,hidden_size=64,internal_stride_sec=5,lr=0.001,max_epochs=80,num_layers=2,outer_stride_sec=5,seq_len=6,weight_decay=1e-05)|feature_set=EMG+NIRS|with_abs=True",mae,lt1,lt2,18,215.70533926270912,206.78988263264438,8.915456630064739,187.34254810401694,196.65641033550958,-9.313862231492635,85.0,1.0,0.3568450778128834,0.7255987049421702,0.08410919145151036,-0.07407407407407407,-37.65904034914702,56.91807227366893,1.0,fdr_bh,False
lt1_vs_lt2_per_model_class,"model_name=LSTMRegressor(batch_size=64,checkpoint_every_epochs=4,dropout=0.3,hidden_size=64,internal_stride_sec=5,lr=0.001,max_epochs=80,num_layers=2,outer_stride_sec=5,seq_len=6,weight_decay=1e-05)|feature_set=EMG+NIRS+HRV|with_abs=False",mae,lt1,lt2,18,189.2962749996052,163.6110963096315,25.685178689973696,143.4627687777094,160.43999061044894,-16.97722183273953,79.0,0.7987060546875,0.9750349963420415,0.34321418208911597,0.2298179526025527,-0.09876543209876543,-19.40398581390074,80.63350917185996,0.993689257227732,fdr_bh,False
lt1_vs_lt2_per_model_class,"model_name=LSTMRegressor(batch_size=64,checkpoint_every_epochs=4,dropout=0.3,hidden_size=64,internal_stride_sec=5,lr=0.001,max_epochs=80,num_layers=2,outer_stride_sec=5,seq_len=6,weight_decay=1e-05)|feature_set=EMG+NIRS+HRV|with_abs=True",mae,lt1,lt2,18,193.39136356900178,146.38858924029262,47.002774328709165,134.14207431791465,130.1406255418908,4.001448776023835,61.0,0.30379486083984375,1.4734068043824642,0.15891656081986602,0.34728531427508047,0.05555555555555555,-7.105715737457212,110.49586982475338,0.7725069318498884,fdr_bh,False
lt1_vs_lt2_per_model_class,"model_name=LSTMStatefulRegressor(batch_size=64,checkpoint_every_epochs=4,chunk_size=10,dropout=0.3,hidden_size=64,internal_stride_sec=15,lr=0.001,max_epochs=20,num_layers=2,weight_decay=1e-05)|feature_set=EMG|with_abs=False",mae,lt1,lt2,18,224.91534787102336,209.16766256773124,15.747685303292116,183.10871615012488,185.6065052760499,-2.49778912592501,79.0,0.7987060546875,0.5454471780214443,0.5925314487756943,0.12856313278600975,-0.024691358024691357,-38.18311496958934,71.4937864831935,0.993689257227732,fdr_bh,False
lt1_vs_lt2_per_model_class,"model_name=LSTMStatefulRegressor(batch_size=64,checkpoint_every_epochs=4,chunk_size=10,dropout=0.3,hidden_size=64,internal_stride_sec=15,lr=0.001,max_epochs=20,num_layers=2,weight_decay=1e-05)|feature_set=EMG|with_abs=True",mae,lt1,lt2,18,213.14289170808175,220.7155636877924,-7.5726719797106625,157.60413007247035,180.586443734693,-22.98231366222265,81.0,0.8650436401367188,-0.2413467222554366,0.8121733810975776,-0.05688596797465517,-0.14814814814814814,-65.01183208939909,53.73407408744479,0.993689257227732,fdr_bh,False
lt1_vs_lt2_per_model_class,"model_name=LSTMStatefulRegressor(batch_size=64,checkpoint_every_epochs=4,chunk_size=10,dropout=0.3,hidden_size=64,internal_stride_sec=15,lr=0.001,max_epochs=20,num_layers=2,weight_decay=1e-05)|feature_set=EMG+NIRS|with_abs=False",mae,lt1,lt2,18,208.73485547028224,202.8815205844229,5.85333488585934,192.14100256776027,190.62888694140608,1.5121156263541877,84.0,0.9661178588867188,0.1630055487729933,0.8724360945169128,0.03842077630280603,-0.10493827160493827,-62.359370120346675,75.6164776398641,0.9940403403574332,fdr_bh,False
lt1_vs_lt2_per_model_class,"model_name=LSTMStatefulRegressor(batch_size=64,checkpoint_every_epochs=4,chunk_size=10,dropout=0.3,hidden_size=64,internal_stride_sec=15,lr=0.001,max_epochs=20,num_layers=2,weight_decay=1e-05)|feature_set=EMG+NIRS|with_abs=True",mae,lt1,lt2,18,221.820449928514,202.6796704918358,19.1407794366782,217.01867128569435,193.45351371359484,23.56515757209951,67.0,0.44229888916015625,0.7535077703043171,0.46145409027694195,0.1776034846863127,0.07407407407407407,-30.11351822234632,68.9440975685245,0.9049333594311243,fdr_bh,False
lt1_vs_lt2_per_model_class,"model_name=LSTMStatefulRegressor(batch_size=64,checkpoint_every_epochs=4,chunk_size=10,dropout=0.3,hidden_size=64,internal_stride_sec=15,lr=0.001,max_epochs=20,num_layers=2,weight_decay=1e-05)|feature_set=EMG+NIRS+HRV|with_abs=False",mae,lt1,lt2,18,181.73400860339152,190.10826765923557,-8.37425905584405,157.85429840824813,168.11256297860504,-10.258264570356914,74.0,0.6396942138671875,-0.2597716864565559,0.7981597756386689,-0.06122877368456543,-0.17901234567901234,-70.29452279377786,55.442226196609475,0.9359668965242347,fdr_bh,False
lt1_vs_lt2_per_model_class,"model_name=LSTMStatefulRegressor(batch_size=64,checkpoint_every_epochs=4,chunk_size=10,dropout=0.3,hidden_size=64,internal_stride_sec=15,lr=0.001,max_epochs=20,num_layers=2,weight_decay=1e-05)|feature_set=EMG+NIRS+HRV|with_abs=True",mae,lt1,lt2,18,203.3925717989902,158.4320328935926,44.960538905397584,181.65541462449715,139.78863536495166,41.866779259545496,62.0,0.32472991943359375,1.5004665900087357,0.15183723303906574,0.3536633669130107,0.14814814814814814,-8.2391241596438,106.52763788548754,0.8084185406878278,fdr_bh,False
lt1_vs_lt2_per_model_class,"model_name=LSTMStatefulRegressor(batch_size=64,checkpoint_every_epochs=4,chunk_size=10,dropout=0.3,hidden_size=64,internal_stride_sec=30,lr=0.001,max_epochs=20,num_layers=2,weight_decay=1e-05)|feature_set=EMG|with_abs=False",mae,lt1,lt2,18,225.92391697621008,203.68143666800748,22.2424803082026,194.51948480905725,177.08070158148365,17.438783227573595,75.0,0.6705245971679688,0.7053169273785053,0.4901653531829504,0.1662447940783336,-0.006172839506172839,-36.17883778954366,83.7538285583499,0.9510229346286728,fdr_bh,False
lt1_vs_lt2_per_model_class,"model_name=LSTMStatefulRegressor(batch_size=64,checkpoint_every_epochs=4,chunk_size=10,dropout=0.3,hidden_size=64,internal_stride_sec=30,lr=0.001,max_epochs=20,num_layers=2,weight_decay=1e-05)|feature_set=EMG|with_abs=True",mae,lt1,lt2,18,216.50512127868956,206.37611810510998,10.129003173579576,165.37471765019998,173.94599916190197,-8.571281511701983,83.0,0.932281494140625,0.35053834317225885,0.7302406896042246,0.08262267984100045,-0.08024691358024691,-43.37407358881686,69.32066853951355,0.993689257227732,fdr_bh,False
lt1_vs_lt2_per_model_class,"model_name=LSTMStatefulRegressor(batch_size=64,checkpoint_every_epochs=4,chunk_size=10,dropout=0.3,hidden_size=64,internal_stride_sec=30,lr=0.001,max_epochs=20,num_layers=2,weight_decay=1e-05)|feature_set=EMG+NIRS|with_abs=False",mae,lt1,lt2,18,204.01567961499643,200.46267419555207,3.5530054194443608,162.925539281366,178.2034554714685,-15.277916190102474,78.0,0.7660293579101562,0.0931107336020933,0.9269041262544843,0.021946410377098106,-0.043209876543209874,-72.95821501809236,77.17765414423796,0.993689257227732,fdr_bh,False
lt1_vs_lt2_per_model_class,"model_name=LSTMStatefulRegressor(batch_size=64,checkpoint_every_epochs=4,chunk_size=10,dropout=0.3,hidden_size=64,internal_stride_sec=30,lr=0.001,max_epochs=20,num_layers=2,weight_decay=1e-05)|feature_set=EMG+NIRS|with_abs=True",mae,lt1,lt2,18,209.2523061312221,187.9451400446372,21.307166086584886,199.66782519144795,178.32322036276807,21.344604828679877,65.0,0.39273834228515625,0.8407102090675926,0.41217953648732586,0.19815729661481826,0.08641975308641975,-25.49670434721747,72.56663208530112,0.8838849748883929,fdr_bh,False
lt1_vs_lt2_per_model_class,"model_name=LSTMStatefulRegressor(batch_size=64,checkpoint_every_epochs=4,chunk_size=10,dropout=0.3,hidden_size=64,internal_stride_sec=30,lr=0.001,max_epochs=20,num_layers=2,weight_decay=1e-05)|feature_set=EMG+NIRS+HRV|with_abs=False",mae,lt1,lt2,18,190.92400596730346,180.14678288969696,10.777223077606493,145.3805414571905,180.1913508969349,-34.81080943974439,82.0,0.8985748291015625,0.4026349231453814,0.6922347289885395,0.09490196149954121,-0.09876543209876543,-38.81334191667238,64.81824620509441,0.993689257227732,fdr_bh,False
lt1_vs_lt2_per_model_class,"model_name=LSTMStatefulRegressor(batch_size=64,checkpoint_every_epochs=4,chunk_size=10,dropout=0.3,hidden_size=64,internal_stride_sec=30,lr=0.001,max_epochs=20,num_layers=2,weight_decay=1e-05)|feature_set=EMG+NIRS+HRV|with_abs=True",mae,lt1,lt2,18,192.5135629116214,148.60916093660074,43.90440197502065,154.58549823449857,152.19626777235305,2.3892304621455196,57.0,0.22875213623046875,1.5263147835062592,0.14532122222445418,0.35975584454751774,0.13580246913580246,-2.806338184516057,104.99647766708775,0.656740004016507,fdr_bh,False
lt1_vs_lt2_per_model_class,"model_name=LSTMStatefulRegressor(batch_size=64,checkpoint_every_epochs=4,chunk_size=10,dropout=0.3,hidden_size=64,internal_stride_sec=5,lr=0.001,max_epochs=20,num_layers=2,weight_decay=1e-05)|feature_set=EMG|with_abs=False",mae,lt1,lt2,18,226.78459578952254,205.40811972700706,21.37647606251548,207.87844786092313,187.61605240124177,20.262395459681358,84.0,0.9661178588867188,0.9698229432269911,0.34573174542850416,0.2285894599020338,0.05555555555555555,-18.169530576598596,65.86765070973311,0.9940403403574332,fdr_bh,False
lt1_vs_lt2_per_model_class,"model_name=LSTMStatefulRegressor(batch_size=64,checkpoint_every_epochs=4,chunk_size=10,dropout=0.3,hidden_size=64,internal_stride_sec=5,lr=0.001,max_epochs=20,num_layers=2,weight_decay=1e-05)|feature_set=EMG|with_abs=True",mae,lt1,lt2,18,217.6168150490148,205.0403629491723,12.576452099842498,161.2117339524593,176.42006356767445,-15.208329615215149,82.0,0.8985748291015625,0.4679918875283223,0.6457342496300836,0.11030674573718958,0.04938271604938271,-35.15402544683662,64.51514854642791,0.993689257227732,fdr_bh,False
lt1_vs_lt2_per_model_class,"model_name=LSTMStatefulRegressor(batch_size=64,checkpoint_every_epochs=4,chunk_size=10,dropout=0.3,hidden_size=64,internal_stride_sec=5,lr=0.001,max_epochs=20,num_layers=2,weight_decay=1e-05)|feature_set=EMG+NIRS|with_abs=False",mae,lt1,lt2,18,194.22891733316413,220.76382071721565,-26.534903384051518,152.18490719510606,182.40054813900116,-30.215640943895096,70.0,0.522613525390625,-0.9383302840475847,0.3612159705593985,-0.22116656894758216,-0.19753086419753085,-89.39851968559212,24.865744692764263,0.9232654328041888,fdr_bh,False
lt1_vs_lt2_per_model_class,"model_name=LSTMStatefulRegressor(batch_size=64,checkpoint_every_epochs=4,chunk_size=10,dropout=0.3,hidden_size=64,internal_stride_sec=5,lr=0.001,max_epochs=20,num_layers=2,weight_decay=1e-05)|feature_set=EMG+NIRS|with_abs=True",mae,lt1,lt2,18,222.23820497550415,194.33944009587697,27.89876487962718,179.45029395667038,172.1969567215535,7.253337235116874,58.0,0.24620819091796875,1.2648135086016277,0.22300270310297365,0.29811940295618683,0.09876543209876543,-11.415398533679577,70.0681549427376,0.6956358410063245,fdr_bh,False
lt1_vs_lt2_per_model_class,"model_name=LSTMStatefulRegressor(batch_size=64,checkpoint_every_epochs=4,chunk_size=10,dropout=0.3,hidden_size=64,internal_stride_sec=5,lr=0.001,max_epochs=20,num_layers=2,weight_decay=1e-05)|feature_set=EMG+NIRS+HRV|with_abs=False",mae,lt1,lt2,18,204.42066983683338,198.2107259990254,6.20994383780797,165.13062785457112,161.23583238702074,3.894795467550381,85.0,1.0,0.2024702808579809,0.8419524176433534,0.047722702861141046,-0.08641975308641975,-52.95407498699787,66.84406769496692,1.0,fdr_bh,False
lt1_vs_lt2_per_model_class,"model_name=LSTMStatefulRegressor(batch_size=64,checkpoint_every_epochs=4,chunk_size=10,dropout=0.3,hidden_size=64,internal_stride_sec=5,lr=0.001,max_epochs=20,num_layers=2,weight_decay=1e-05)|feature_set=EMG+NIRS+HRV|with_abs=True",mae,lt1,lt2,18,204.31979370551727,162.28614915426695,42.03364455125032,155.26121601693026,157.99550422759617,-2.734288210665909,60.0,0.28372955322265625,1.5039694763490936,0.15094022734484666,0.3544890051413416,0.05555555555555555,-6.5312964348962685,103.65432247939601,0.7319400068642437,fdr_bh,False
lt1_vs_lt2_per_model_class,"model_name=PureTCN(batch_size=64,checkpoint_every_epochs=4,dilations=[1, 2, 4, 8, 16],dropout=0.3,internal_stride_sec=5,kernel_size=3,lr=0.001,max_epochs=80,n_channels=32,outer_stride_sec=5,seq_len=60,weight_decay=0.001)|feature_set=EMG|with_abs=False",mae,lt1,lt2,17,229.55169615646494,241.03908097183532,-11.487384815370376,205.1122795748122,169.1634625521573,35.94881702265488,72.0,0.8536376953125,-0.35733002660523366,0.7255143742081687,-0.08666526134694982,-0.01730103806228374,-72.00318803301455,52.854427267267084,0.993689257227732,fdr_bh,False
lt1_vs_lt2_per_model_class,"model_name=PureTCN(batch_size=64,checkpoint_every_epochs=4,dilations=[1, 2, 4, 8, 16],dropout=0.3,internal_stride_sec=5,kernel_size=3,lr=0.001,max_epochs=80,n_channels=32,outer_stride_sec=5,seq_len=60,weight_decay=0.001)|feature_set=EMG|with_abs=True",mae,lt1,lt2,17,229.55169615646494,241.03908097183532,-11.487384815370376,205.1122795748122,169.1634625521573,35.94881702265488,72.0,0.8536376953125,-0.35733002660523366,0.7255143742081687,-0.08666526134694982,-0.01730103806228374,-72.00318803301455,52.854427267267084,0.993689257227732,fdr_bh,False
lt1_vs_lt2_per_model_class,"model_name=PureTCN(batch_size=64,checkpoint_every_epochs=4,dilations=[1, 2, 4, 8, 16],dropout=0.3,internal_stride_sec=5,kernel_size=3,lr=0.001,max_epochs=80,n_channels=32,outer_stride_sec=5,seq_len=60,weight_decay=0.001)|feature_set=EMG+NIRS|with_abs=False",mae,lt1,lt2,17,220.1745783478536,199.44180427125693,20.732774076596684,215.93107657872358,176.9875413033906,38.94353527533298,70.0,0.7819061279296875,0.7501845174470276,0.4640331874818678,0.18194647083159468,0.10034602076124567,-29.317100022832754,75.98734181002943,0.993689257227732,fdr_bh,False
lt1_vs_lt2_per_model_class,"model_name=PureTCN(batch_size=64,checkpoint_every_epochs=4,dilations=[1, 2, 4, 8, 16],dropout=0.3,internal_stride_sec=5,kernel_size=3,lr=0.001,max_epochs=80,n_channels=32,outer_stride_sec=5,seq_len=60,weight_decay=0.001)|feature_set=EMG+NIRS|with_abs=True",mae,lt1,lt2,17,227.84594068116306,221.1636328574441,6.682307823718958,192.13577420894916,182.90969351608797,9.226080692861188,70.0,0.7819061279296875,0.15478222173837156,0.8789287168479115,0.03754020289382823,0.0034602076124567475,-74.63221792315214,88.78214697340191,0.993689257227732,fdr_bh,False
lt1_vs_lt2_per_model_class,"model_name=PureTCN(batch_size=64,checkpoint_every_epochs=4,dilations=[1, 2, 4, 8, 16],dropout=0.3,internal_stride_sec=5,kernel_size=3,lr=0.001,max_epochs=80,n_channels=32,outer_stride_sec=5,seq_len=60,weight_decay=0.001)|feature_set=EMG+NIRS+HRV|with_abs=False",mae,lt1,lt2,17,182.55184199315204,187.69593327463235,-5.144091281480314,180.80251254708995,194.20268652180457,-13.400173974714619,63.0,0.54766845703125,-0.15334479996831954,0.8800437058931374,-0.03719157690638783,-0.10726643598615918,-66.73098818822969,65.39289294702118,0.9232654328041888,fdr_bh,False
lt1_vs_lt2_per_model_class,"model_name=PureTCN(batch_size=64,checkpoint_every_epochs=4,dilations=[1, 2, 4, 8, 16],dropout=0.3,internal_stride_sec=5,kernel_size=3,lr=0.001,max_epochs=80,n_channels=32,outer_stride_sec=5,seq_len=60,weight_decay=0.001)|feature_set=EMG+NIRS+HRV|with_abs=True",mae,lt1,lt2,17,186.19444175545496,152.82245489771637,33.37198685773859,180.51023539262158,132.10398304211466,48.40625235050692,57.0,0.3778228759765625,1.1438247770071275,0.2695214572646331,0.2774182572234678,0.12110726643598616,-24.57093691221586,90.77133036562086,0.8838849748883929,fdr_bh,False
lt1_vs_lt2_per_model_class,"model_name=PureTCN(batch_size=64,checkpoint_every_epochs=4,dilations=[1, 2, 4, 8],dropout=0.3,internal_stride_sec=5,kernel_size=3,lr=0.001,max_epochs=80,n_channels=32,outer_stride_sec=5,seq_len=30,weight_decay=0.001)|feature_set=EMG|with_abs=False",mae,lt1,lt2,17,239.2823291466109,208.55659254734894,30.72573659926195,194.50803576053028,144.30588371943438,50.2021520410959,73.0,0.8899688720703125,0.7929307554454844,0.43941863789736907,0.19231395638250226,0.01730103806228374,-33.218783363278504,118.33201819926829,0.993689257227732,fdr_bh,False
lt1_vs_lt2_per_model_class,"model_name=PureTCN(batch_size=64,checkpoint_every_epochs=4,dilations=[1, 2, 4, 8],dropout=0.3,internal_stride_sec=5,kernel_size=3,lr=0.001,max_epochs=80,n_channels=32,outer_stride_sec=5,seq_len=30,weight_decay=0.001)|feature_set=EMG|with_abs=True",mae,lt1,lt2,17,239.2823291466109,208.55659254734894,30.72573659926195,194.50803576053028,144.30588371943438,50.2021520410959,73.0,0.8899688720703125,0.7929307554454844,0.43941863789736907,0.19231395638250226,0.01730103806228374,-33.218783363278504,118.33201819926829,0.993689257227732,fdr_bh,False
lt1_vs_lt2_per_model_class,"model_name=PureTCN(batch_size=64,checkpoint_every_epochs=4,dilations=[1, 2, 4, 8],dropout=0.3,internal_stride_sec=5,kernel_size=3,lr=0.001,max_epochs=80,n_channels=32,outer_stride_sec=5,seq_len=30,weight_decay=0.001)|feature_set=EMG+NIRS|with_abs=False",mae,lt1,lt2,17,211.2233432587282,193.57378979671645,17.64955346201174,191.14910939041997,173.66398935219286,17.48512003822711,63.0,0.54766845703125,0.43107155973386563,0.672167775148859,0.10455021017544006,0.10726643598615918,-60.21760376300039,97.62913994342993,0.9232654328041888,fdr_bh,False
lt1_vs_lt2_per_model_class,"model_name=PureTCN(batch_size=64,checkpoint_every_epochs=4,dilations=[1, 2, 4, 8],dropout=0.3,internal_stride_sec=5,kernel_size=3,lr=0.001,max_epochs=80,n_channels=32,outer_stride_sec=5,seq_len=30,weight_decay=0.001)|feature_set=EMG+NIRS|with_abs=True",mae,lt1,lt2,17,207.8837492559052,198.37408975732282,9.50965949858238,163.8582681144698,137.42454146526077,26.433726649209035,64.0,0.5790557861328125,0.23072339170577966,0.8204540121743588,0.05595864201786395,0.10726643598615918,-71.30703549639532,83.14346277250111,0.9232654328041888,fdr_bh,False
lt1_vs_lt2_per_model_class,"model_name=PureTCN(batch_size=64,checkpoint_every_epochs=4,dilations=[1, 2, 4, 8],dropout=0.3,internal_stride_sec=5,kernel_size=3,lr=0.001,max_epochs=80,n_channels=32,outer_stride_sec=5,seq_len=30,weight_decay=0.001)|feature_set=EMG+NIRS+HRV|with_abs=False",mae,lt1,lt2,17,190.43764229902058,170.18666947200927,20.25097282701131,162.42210964549264,176.39029063815477,-13.968180992662127,68.0,0.7118988037109375,0.6992534133958713,0.49443443025244077,0.169593863676757,-0.07958477508650519,-36.422191761307346,80.41413981730429,0.9861321950237111,fdr_bh,False
lt1_vs_lt2_per_model_class,"model_name=PureTCN(batch_size=64,checkpoint_every_epochs=4,dilations=[1, 2, 4, 8],dropout=0.3,internal_stride_sec=5,kernel_size=3,lr=0.001,max_epochs=80,n_channels=32,outer_stride_sec=5,seq_len=30,weight_decay=0.001)|feature_set=EMG+NIRS+HRV|with_abs=True",mae,lt1,lt2,17,200.6156635458711,142.2641626388972,58.35150090697388,189.4399715223673,138.36540402155933,51.07456750080797,49.0,0.2068939208984375,1.8206049940689328,0.08742204723168459,0.4415615701807779,0.23875432525951557,1.5626126144587336,125.484472720591,0.656740004016507,fdr_bh,False
lt1_vs_lt2_per_model_class,model_name=Ridge(alpha=1)|feature_set=EMG|with_abs=False,mae,lt1,lt2,18,293.6562143661144,340.9553151717943,-47.29910080567993,251.34700415463627,296.9422752939622,-45.595271139325945,57.0,0.22875213623046875,-1.2899618861155027,0.2143362933542528,-0.304046932381487,-0.11728395061728394,-115.41591409228646,25.560959067915554,0.656740004016507,fdr_bh,False
lt1_vs_lt2_per_model_class,model_name=Ridge(alpha=1)|feature_set=EMG|with_abs=True,mae,lt1,lt2,18,293.6562143661144,340.9553151717943,-47.29910080567993,251.34700415463627,296.9422752939622,-45.595271139325945,57.0,0.22875213623046875,-1.2899618861155024,0.21433629335425286,-0.30404693238148695,-0.11728395061728394,-115.41591409228646,25.560959067915554,0.656740004016507,fdr_bh,False
lt1_vs_lt2_per_model_class,model_name=Ridge(alpha=1)|feature_set=EMG+NIRS|with_abs=False,mae,lt1,lt2,18,353.1140889192789,247.05815021931488,106.05593869996403,260.1628522812782,197.26216193086668,62.90069035041154,36.0,0.030364990234375,2.126065752131123,0.048447157244348595,0.5011185035267981,0.15432098765432098,24.52716788515886,209.33164785955069,0.2078833946814904,fdr_bh,False
lt1_vs_lt2_per_model_class,model_name=Ridge(alpha=1)|feature_set=EMG+NIRS|with_abs=True,mae,lt1,lt2,18,392.1490435366493,329.4677290097143,62.68131452693501,307.3545040441154,269.78169248198526,37.57281156213014,66.0,0.4171142578125,1.246748404513978,0.22939511211080302,0.29386141708844754,0.06790123456790123,-28.0030514389519,159.7009776785536,0.8838849748883929,fdr_bh,False
lt1_vs_lt2_per_model_class,model_name=Ridge(alpha=1)|feature_set=EMG+NIRS+HRV|with_abs=False,mae,lt1,lt2,18,216.86360566774516,167.01755044031017,49.84605522743499,150.84838880137733,147.01937988998162,3.8290089113957038,54.0,0.18146514892578125,1.510446686671019,0.14929316177343277,0.3560156982552766,0.1111111111111111,-9.769456537566581,119.08862611416798,0.656740004016507,fdr_bh,False
lt1_vs_lt2_per_model_class,model_name=Ridge(alpha=1)|feature_set=EMG+NIRS+HRV|with_abs=True,mae,lt1,lt2,18,256.09350964270914,184.63045588794168,71.46305375476746,173.24091051418606,144.23290716564358,29.008003348542474,36.0,0.030364990234375,1.9172240536782779,0.0721720894552392,0.4518940431366239,0.21604938271604937,6.920533925563633,148.09052266606088,0.2078833946814904,fdr_bh,False
lt1_vs_lt2_per_model_class,model_name=Ridge(alpha=1)|feature_set=HRV|with_abs=False,mae,lt1,lt2,18,229.4475076263588,183.9405253134368,45.50698231292199,199.44037889221207,150.52284204257592,48.91753684963615,38.0,0.03849029541015625,1.3020650890877576,0.2102607935008505,0.3068996846800732,0.30246913580246915,-17.21689844164411,116.71592893406074,0.23224652823755298,fdr_bh,False
lt1_vs_lt2_per_model_class,model_name=Ridge(alpha=1)|feature_set=HRV|with_abs=True,mae,lt1,lt2,18,232.68614395906343,137.63362985322436,95.05251410583907,196.6109637522926,119.69277659367384,76.91818715861876,17.0,0.00157928466796875,2.646896704929003,0.01694957565958632,0.6238795363852088,0.5555555555555556,38.102840470691625,169.9724498631843,0.04888916015625,fdr_bh,True
lt1_vs_lt2_per_model_class,model_name=Ridge(alpha=1)|feature_set=NIRS|with_abs=False,mae,lt1,lt2,18,297.3225529307058,289.5220433067164,7.800509623989399,224.08678998873006,238.24272076403707,-14.155930775307013,70.0,0.522613525390625,0.31265664563553264,0.7583443393595174,0.07369387810397483,-0.08641975308641975,-32.273135351608516,61.330295782976684,0.9232654328041888,fdr_bh,False
lt1_vs_lt2_per_model_class,model_name=Ridge(alpha=1)|feature_set=NIRS|with_abs=True,mae,lt1,lt2,18,307.8192218852216,357.82098361151634,-50.00176172629472,236.76023546385005,266.3143746692806,-29.554139205430545,68.0,0.468292236328125,-0.917370650892095,0.37178047807545267,-0.21622633603577246,-0.07407407407407407,-172.02376465186703,34.2303501424425,0.9210609731094613,fdr_bh,False
lt1_vs_lt2_per_model_class,model_name=Ridge(alpha=10)|feature_set=EMG|with_abs=False,mae,lt1,lt2,18,300.2497322787723,327.37193310684074,-27.122200828068458,253.22852762381507,247.9873545861912,5.2411730376238665,65.0,0.39273834228515625,-0.8339814981978837,0.4158567268727672,-0.19657132425328,-0.024691358024691357,-86.43083124627825,37.86937378339091,0.8838849748883929,fdr_bh,False
lt1_vs_lt2_per_model_class,model_name=Ridge(alpha=10)|feature_set=EMG|with_abs=True,mae,lt1,lt2,18,300.2497322787723,327.37193310684074,-27.122200828068458,253.22852762381507,247.9873545861912,5.2411730376238665,65.0,0.39273834228515625,-0.8339814981978837,0.4158567268727672,-0.19657132425328,-0.024691358024691357,-86.43083124627825,37.86937378339091,0.8838849748883929,fdr_bh,False
lt1_vs_lt2_per_model_class,model_name=Ridge(alpha=10)|feature_set=EMG+NIRS|with_abs=False,mae,lt1,lt2,18,314.45427717860207,261.63247572095634,52.82180145764573,263.81353429528076,211.63912072725114,52.17441356802962,39.0,0.0431671142578125,2.1241246001942686,0.04863030342635032,0.5006609696275104,0.12345679012345678,10.04389458394439,100.15178877539293,0.25192610943903687,fdr_bh,False
lt1_vs_lt2_per_model_class,model_name=Ridge(alpha=10)|feature_set=EMG+NIRS|with_abs=True,mae,lt1,lt2,18,355.68569780217405,311.8501410088864,43.83555679328765,284.9923257599581,245.4668888549248,39.525436905033274,65.0,0.39273834228515625,1.1494207974503399,0.26629729342166064,0.27092108010466154,0.1419753086419753,-29.38604233607927,117.59847567403129,0.8838849748883929,fdr_bh,False
lt1_vs_lt2_per_model_class,model_name=Ridge(alpha=10)|feature_set=EMG+NIRS+HRV|with_abs=False,mae,lt1,lt2,18,189.5989168992445,165.117978775023,24.480938124221495,144.6817740445672,148.70674773152922,-4.024973686962028,64.0,0.3692169189453125,1.005853113349749,0.3285895513787613,0.23708185244240285,-0.006172839506172839,-21.309214422239517,71.85192947865151,0.8838849748883929,fdr_bh,False
lt1_vs_lt2_per_model_class,model_name=Ridge(alpha=10)|feature_set=EMG+NIRS+HRV|with_abs=True,mae,lt1,lt2,18,233.39469233042706,174.78199420327257,58.61269812715449,186.11883280592474,125.2396426530866,60.879190152838135,43.0,0.06653594970703125,1.832122490459811,0.08451121527241208,0.43183541232283934,0.21604938271604937,2.433478191804834,124.22380700638087,0.315823974609375,fdr_bh,False
lt1_vs_lt2_per_model_class,model_name=Ridge(alpha=10)|feature_set=HRV|with_abs=False,mae,lt1,lt2,18,231.4535125869396,185.89822911098972,45.55528347594989,198.71937765086574,151.99812702907644,46.721250621789295,42.0,0.0599365234375,1.3114207117997299,0.2071525615433665,0.30910482610069273,0.2962962962962963,-16.979367568727305,116.7947542715932,0.30482003348214287,fdr_bh,False
lt1_vs_lt2_per_model_class,model_name=Ridge(alpha=10)|feature_set=HRV|with_abs=True,mae,lt1,lt2,18,233.29162015559405,137.0227833565665,96.26883679902755,199.24364489490705,119.9263961464744,79.31724874843265,18.0,0.00193023681640625,2.676838605453857,0.015925979814720055,0.6309369100194543,0.5679012345679012,38.760567491871946,170.7702139593501,0.04888916015625,fdr_bh,True
lt1_vs_lt2_per_model_class,model_name=Ridge(alpha=10)|feature_set=NIRS|with_abs=False,mae,lt1,lt2,18,275.19873761252336,272.48047044146193,2.7182671710614272,224.63782739903743,240.26155402845546,-15.62372662941803,68.0,0.468292236328125,0.10587837284152538,0.9169181804721976,0.024955771805746724,-0.06172839506172839,-36.20929918080049,57.97486860617712,0.9210609731094613,fdr_bh,False
lt1_vs_lt2_per_model_class,model_name=Ridge(alpha=10)|feature_set=NIRS|with_abs=True,mae,lt1,lt2,18,300.576721281452,324.25418250759986,-23.67746122614784,233.423851759282,258.8490170440659,-25.425165284783873,68.0,0.468292236328125,-0.6621447820327512,0.5167548893087232,-0.1560690218342156,-0.08024691358024691,-99.05157534758243,40.61532633117407,0.9210609731094613,fdr_bh,False
lt1_vs_lt2_per_model_class,model_name=Ridge(alpha=100)|feature_set=EMG|with_abs=False,mae,lt1,lt2,18,278.03148795629767,308.1501676843853,-30.118679728087614,246.21168133050412,209.02234989312245,37.18933143738167,65.0,0.39273834228515625,-1.0030547715918179,0.32989905713875883,-0.23642227696469933,-0.018518518518518517,-88.36543823445817,26.371563504666533,0.8838849748883929,fdr_bh,False
lt1_vs_lt2_per_model_class,model_name=Ridge(alpha=100)|feature_set=EMG|with_abs=True,mae,lt1,lt2,18,278.03148795629767,308.1501676843853,-30.118679728087614,246.21168133050412,209.02234989312245,37.18933143738167,65.0,0.39273834228515625,-1.0030547715918179,0.32989905713875883,-0.23642227696469933,-0.018518518518518517,-88.36543823445817,26.371563504666533,0.8838849748883929,fdr_bh,False
lt1_vs_lt2_per_model_class,model_name=Ridge(alpha=100)|feature_set=EMG+NIRS|with_abs=False,mae,lt1,lt2,18,250.7768205205843,240.56535499430473,10.211465526279568,192.970906627867,196.99567414663187,-4.024767518764861,81.0,0.8650436401367188,0.45283972936917755,0.6563901572529781,0.10673534780920879,0.012345679012345678,-33.429471283955785,54.94850920962879,0.993689257227732,fdr_bh,False
lt1_vs_lt2_per_model_class,model_name=Ridge(alpha=100)|feature_set=EMG+NIRS|with_abs=True,mae,lt1,lt2,18,288.27301366876577,273.7676281169755,14.505385551790255,250.30486185396308,256.2188654942001,-5.914003640237013,79.0,0.7987060546875,0.45695095071596276,0.6534912289143141,0.10770437197363238,0.05555555555555555,-44.28288585769307,74.91685632889914,0.993689257227732,fdr_bh,False
lt1_vs_lt2_per_model_class,model_name=Ridge(alpha=100)|feature_set=EMG+NIRS+HRV|with_abs=False,mae,lt1,lt2,18,185.17981035837414,159.93526214391125,25.244548214462895,140.75501641179105,151.44962911642892,-10.694612704637876,69.0,0.49507904052734375,0.955563375667073,0.3526849279525475,0.22522844759589855,-0.024691358024691357,-22.60331274212528,79.17890402937103,0.9232654328041888,fdr_bh,False
lt1_vs_lt2_per_model_class,model_name=Ridge(alpha=100)|feature_set=EMG+NIRS+HRV|with_abs=True,mae,lt1,lt2,18,220.418207442207,154.39681008860447,66.02139735360254,171.13165378388567,125.23785892667041,45.893794857215255,43.0,0.06653594970703125,1.9618013394878675,0.06637213272132116,0.46240101016424107,0.24074074074074073,6.872403042691622,133.01164619214777,0.315823974609375,fdr_bh,False
lt1_vs_lt2_per_model_class,model_name=Ridge(alpha=100)|feature_set=HRV|with_abs=False,mae,lt1,lt2,18,230.79596419761108,184.95692313513388,45.83904106247721,198.30008011605165,153.55155560522667,44.74852451082498,39.0,0.0431671142578125,1.333948608776772,0.19981723398012755,0.31441470234013885,0.3148148148148148,-15.929661956470701,116.43038018575866,0.25192610943903687,fdr_bh,False
lt1_vs_lt2_per_model_class,model_name=Ridge(alpha=100)|feature_set=HRV|with_abs=True,mae,lt1,lt2,18,231.64663275329525,134.38175719245288,97.26487556084237,196.69640464732532,111.69619712364602,85.00020752367931,18.0,0.00193023681640625,2.6773907523908864,0.01590767115447534,0.6310670523005828,0.5802469135802469,37.69117558674505,172.85109913131402,0.04888916015625,fdr_bh,True
lt1_vs_lt2_per_model_class,model_name=Ridge(alpha=100)|feature_set=NIRS|with_abs=False,mae,lt1,lt2,18,243.25338529191802,233.18577927259898,10.067606019319044,211.4401147111988,219.98739421386762,-8.547279502668829,70.0,0.522613525390625,0.43921337254121334,0.6660386468267856,0.10352358470390177,-0.07407407407407407,-25.04828429617742,59.20790749859656,0.9232654328041888,fdr_bh,False
lt1_vs_lt2_per_model_class,model_name=Ridge(alpha=100)|feature_set=NIRS|with_abs=True,mae,lt1,lt2,18,272.8167274552917,266.3543361406533,6.46239131463841,222.37234363464444,237.01058718949943,-14.638243554854995,81.0,0.8650436401367188,0.2606070129428426,0.797526082628737,0.06142566202555145,0.06172839506172839,-38.94180661004322,55.57405528531932,0.993689257227732,fdr_bh,False
lt1_vs_lt2_per_model_class,model_name=Ridge(alpha=1000)|feature_set=EMG|with_abs=False,mae,lt1,lt2,18,239.9057024402901,279.7060312974892,-39.80032885719908,228.62091263963572,235.14832164498358,-6.527409005347863,57.0,0.22875213623046875,-1.5939230345519442,0.12937498088185262,-0.3756912621403732,-0.09876543209876543,-85.70530996890672,5.348258133762238,0.656740004016507,fdr_bh,False
lt1_vs_lt2_per_model_class,model_name=Ridge(alpha=1000)|feature_set=EMG|with_abs=True,mae,lt1,lt2,18,239.9057024402901,279.7060312974892,-39.80032885719908,228.62091263963572,235.14832164498358,-6.527409005347863,57.0,0.22875213623046875,-1.5939230345519442,0.12937498088185262,-0.3756912621403732,-0.09876543209876543,-85.70530996890672,5.348258133762238,0.656740004016507,fdr_bh,False
lt1_vs_lt2_per_model_class,model_name=Ridge(alpha=1000)|feature_set=EMG+NIRS|with_abs=False,mae,lt1,lt2,18,228.0209012821897,236.52332882850644,-8.502427546316738,194.73189017301763,220.35290332579507,-25.621013152777437,83.0,0.932281494140625,-0.3682503109724527,0.7172320010832085,-0.08679743068755874,-0.037037037037037035,-54.22947502193193,32.40377251404802,0.993689257227732,fdr_bh,False
lt1_vs_lt2_per_model_class,model_name=Ridge(alpha=1000)|feature_set=EMG+NIRS|with_abs=True,mae,lt1,lt2,18,234.81729210961066,247.10055098581603,-12.283258876205366,188.70699279132086,212.7934952227368,-24.086502431415937,80.0,0.83172607421875,-0.5256781862198631,0.6059016911547398,-0.12390353673263664,-0.043209876543209874,-59.616455637019044,30.033617482769724,0.993689257227732,fdr_bh,False
lt1_vs_lt2_per_model_class,model_name=Ridge(alpha=1000)|feature_set=EMG+NIRS+HRV|with_abs=False,mae,lt1,lt2,18,189.28674610248703,181.01285350986808,8.27389259261895,157.38119475000272,172.27308321177946,-14.891888461776745,76.0,0.7018814086914062,0.29550232803871446,0.7711890298121442,0.06965056667086222,-0.1111111111111111,-44.351574268669644,63.930147719754245,0.9760538339614868,fdr_bh,False
lt1_vs_lt2_per_model_class,model_name=Ridge(alpha=1000)|feature_set=EMG+NIRS+HRV|with_abs=True,mae,lt1,lt2,18,200.82495129014325,155.03907262579665,45.7858786643466,173.67296137414462,132.61650028824064,41.056461085903976,51.0,0.14151763916015625,1.4140846258507394,0.17538978491491344,0.33330294270356653,0.19135802469135801,-14.29131293638516,107.68373216033001,0.5476117341414741,fdr_bh,False
lt1_vs_lt2_per_model_class,model_name=Ridge(alpha=1000)|feature_set=HRV|with_abs=False,mae,lt1,lt2,18,226.45773154178855,182.11308070474817,44.344650837040376,195.54996466961475,156.81583536943165,38.7341293001831,33.0,0.02081298828125,1.3798174060461887,0.18552215456901772,0.32522608153816396,0.2777777777777778,-13.29296759216644,112.20195278251045,0.19912147521972656,fdr_bh,False
lt1_vs_lt2_per_model_class,model_name=Ridge(alpha=1000)|feature_set=HRV|with_abs=True,mae,lt1,lt2,18,225.22465892014873,140.85807410256078,84.36658481758795,183.1248069073828,111.50112661152494,71.62368029585787,20.0,0.0028076171875,2.307750220949464,0.03385883508872925,0.5439419435060397,0.5370370370370371,21.638865402345075,162.12283717840342,0.05552842881944445,fdr_bh,False
lt1_vs_lt2_per_model_class,model_name=Ridge(alpha=1000)|feature_set=NIRS|with_abs=False,mae,lt1,lt2,18,249.3279749865747,234.11898734240538,15.208987644169326,225.76145994912403,214.49113852182498,11.270321427299052,78.0,0.7660293579101562,0.7747081674515174,0.4491539415453568,0.18260046621519044,0.043209876543209874,-20.40445312833004,55.77000009724704,0.993689257227732,fdr_bh,False
lt1_vs_lt2_per_model_class,model_name=Ridge(alpha=1000)|feature_set=NIRS|with_abs=True,mae,lt1,lt2,18,247.1268960170127,239.27064716812396,7.856248848888754,238.1800912252599,198.8423081228887,39.33778310237119,77.0,0.7337265014648438,0.41840519368971435,0.6808889209304535,0.09861904991388928,0.10493827160493827,-28.988011042773138,42.12561874349277,0.993689257227732,fdr_bh,False
lt1_vs_lt2_per_model_class,"model_name=SVR(C=1,epsilon=0.1,kernel=rbf)|feature_set=EMG|with_abs=False",mae,lt1,lt2,18,214.83216031143476,226.54484391008725,-11.71268359865249,163.73918948999787,204.77199700030178,-41.03280751030391,57.0,0.22875213623046875,-1.156665650301802,0.26340481642744906,-0.272628708297984,-0.07407407407407407,-30.49935062537832,8.137108611199896,0.656740004016507,fdr_bh,False
lt1_vs_lt2_per_model_class,"model_name=SVR(C=1,epsilon=0.1,kernel=rbf)|feature_set=EMG|with_abs=True",mae,lt1,lt2,18,214.83216031143476,226.54484391008725,-11.71268359865249,163.73918948999787,204.77199700030178,-41.03280751030391,57.0,0.22875213623046875,-1.156665650301802,0.26340481642744906,-0.272628708297984,-0.07407407407407407,-30.49935062537832,8.137108611199896,0.656740004016507,fdr_bh,False
lt1_vs_lt2_per_model_class,"model_name=SVR(C=1,epsilon=0.1,kernel=rbf)|feature_set=EMG+NIRS|with_abs=False",mae,lt1,lt2,18,228.10035469754322,239.6192372522835,-11.518882554740287,182.51367095287227,225.4198975477168,-42.906226594844526,49.0,0.11870574951171875,-1.2160544494489118,0.2405807933872913,-0.28662678249913304,-0.06172839506172839,-29.30216527968789,8.568249265617544,0.4857384692663434,fdr_bh,False
lt1_vs_lt2_per_model_class,"model_name=SVR(C=1,epsilon=0.1,kernel=rbf)|feature_set=EMG+NIRS|with_abs=True",mae,lt1,lt2,18,227.41510619956338,241.92216992003907,-14.507063720475685,187.37538773239223,228.97815726920152,-41.60276953680929,42.0,0.0599365234375,-1.5249535218743135,0.14565846744393826,-0.35943499210387847,-0.09259259259259259,-32.26581772813817,5.216579984909691,0.30482003348214287,fdr_bh,False
lt1_vs_lt2_per_model_class,"model_name=SVR(C=1,epsilon=0.1,kernel=rbf)|feature_set=EMG+NIRS+HRV|with_abs=False",mae,lt1,lt2,18,217.0954246920657,223.40021248318521,-6.304787791119509,172.9689452772555,203.27669889219345,-30.30775361493795,60.0,0.28372955322265625,-0.6880146102327874,0.5007245692870551,-0.1621665988170078,-0.07407407407407407,-23.378507063663506,11.858324940897177,0.7319400068642437,fdr_bh,False
lt1_vs_lt2_per_model_class,"model_name=SVR(C=1,epsilon=0.1,kernel=rbf)|feature_set=EMG+NIRS+HRV|with_abs=True",mae,lt1,lt2,18,216.01109106692937,220.10310396677298,-4.09201289984361,178.40906966502945,198.75833667138804,-20.349267006358588,67.0,0.44229888916015625,-0.45993912521897395,0.6513877590068586,-0.10840869145844838,-0.043209876543209874,-21.040395744672136,13.308412190268356,0.9049333594311243,fdr_bh,False
lt1_vs_lt2_per_model_class,"model_name=SVR(C=1,epsilon=0.1,kernel=rbf)|feature_set=HRV|with_abs=False",mae,lt1,lt2,18,229.54888287573644,192.29046857193853,37.258414303797906,226.64841684881029,180.45070940159962,46.19770744721066,17.0,0.00157928466796875,3.6072992689590135,0.002174184591070179,0.8502485916167312,0.17901234567901234,18.06005126613968,56.230643216917656,0.04888916015625,fdr_bh,True
lt1_vs_lt2_per_model_class,"model_name=SVR(C=1,epsilon=0.1,kernel=rbf)|feature_set=HRV|with_abs=True",mae,lt1,lt2,18,227.62606254346014,180.66628193266035,46.95978061079978,222.16689542790806,166.22957943137368,55.93731599653438,15.0,0.00104522705078125,3.7253389427422237,0.0016826582118283067,0.8780708095437832,0.24691358024691357,23.20695917284946,70.60219221997549,0.04888916015625,fdr_bh,True
lt1_vs_lt2_per_model_class,"model_name=SVR(C=1,epsilon=0.1,kernel=rbf)|feature_set=NIRS|with_abs=False",mae,lt1,lt2,18,258.6867277597421,261.3968541163613,-2.7101263566191847,241.35101738822442,261.30929461229647,-19.95827722407205,57.0,0.22875213623046875,-0.27959484567080395,0.783161655977517,-0.06590113711954389,-0.012345679012345678,-19.866448226825113,16.739361357252932,0.656740004016507,fdr_bh,False
lt1_vs_lt2_per_model_class,"model_name=SVR(C=1,epsilon=0.1,kernel=rbf)|feature_set=NIRS|with_abs=True",mae,lt1,lt2,18,264.5831280937152,265.9909242698337,-1.407796176118552,258.3361028687522,263.71240770054715,-5.376304831794926,70.0,0.522613525390625,-0.1391088258036647,0.8909988262215437,-0.03278826468288983,-0.006172839506172839,-20.420776191135296,18.091446263353465,0.9232654328041888,fdr_bh,False
lt1_vs_lt2_per_model_class,"model_name=SVR(C=1,epsilon=1.0,kernel=rbf)|feature_set=EMG|with_abs=False",mae,lt1,lt2,18,214.81766186580663,226.54919553435195,-11.731533668545325,163.74227724299698,204.7475240094138,-41.00524676641683,57.0,0.22875213623046875,-1.1585251659488245,0.26266623660284044,-0.273067000339228,-0.07407407407407407,-30.491598176065796,8.125301905172176,0.656740004016507,fdr_bh,False
lt1_vs_lt2_per_model_class,"model_name=SVR(C=1,epsilon=1.0,kernel=rbf)|feature_set=EMG|with_abs=True",mae,lt1,lt2,18,214.81766186580663,226.54919553435195,-11.731533668545325,163.74227724299698,204.7475240094138,-41.00524676641683,57.0,0.22875213623046875,-1.1585251659488245,0.26266623660284044,-0.273067000339228,-0.07407407407407407,-30.491598176065796,8.125301905172176,0.656740004016507,fdr_bh,False
lt1_vs_lt2_per_model_class,"model_name=SVR(C=1,epsilon=1.0,kernel=rbf)|feature_set=EMG+NIRS|with_abs=False",mae,lt1,lt2,18,228.05240707004745,239.64935108490494,-11.596944014857485,182.4099577274959,225.31257099780572,-42.902613270309814,49.0,0.11870574951171875,-1.2240340609868965,0.23763323113650064,-0.28850759497571427,-0.06172839506172839,-29.333931555887975,8.518871107540527,0.4857384692663434,fdr_bh,False
lt1_vs_lt2_per_model_class,"model_name=SVR(C=1,epsilon=1.0,kernel=rbf)|feature_set=EMG+NIRS|with_abs=True",mae,lt1,lt2,18,227.3869497482716,241.90229447043262,-14.515344722161018,187.32660281634455,228.80600130804953,-41.479398491704984,42.0,0.0599365234375,-1.5259974890607837,0.14539977191657114,-0.3596810575295082,-0.09259259259259259,-32.32295163280249,5.194309412850781,0.30482003348214287,fdr_bh,False
lt1_vs_lt2_per_model_class,"model_name=SVR(C=1,epsilon=1.0,kernel=rbf)|feature_set=EMG+NIRS+HRV|with_abs=False",mae,lt1,lt2,18,217.10398610445404,223.46031941259275,-6.356333308138716,172.99532590975906,203.31576114890714,-30.320435239148082,60.0,0.28372955322265625,-0.6932571002737655,0.497511369793841,-0.16340226556976734,-0.07407407407407407,-23.43303420565674,11.819581725589858,0.7319400068642437,fdr_bh,False
lt1_vs_lt2_per_model_class,"model_name=SVR(C=1,epsilon=1.0,kernel=rbf)|feature_set=EMG+NIRS+HRV|with_abs=True",mae,lt1,lt2,18,216.042399020762,220.1309217653203,-4.088522744558304,178.33502371233038,198.74528542394,-20.41026171160962,67.0,0.44229888916015625,-0.4596306307927539,0.6516047783242093,-0.10833597862486886,-0.043209876543209874,-21.01978827909707,13.34700858633898,0.9049333594311243,fdr_bh,False
lt1_vs_lt2_per_model_class,"model_name=SVR(C=1,epsilon=1.0,kernel=rbf)|feature_set=HRV|with_abs=False",mae,lt1,lt2,18,229.48110302240022,192.24701274698123,37.23409027541899,226.37925005940218,180.5745816416017,45.804668417800485,17.0,0.00157928466796875,3.608466281064846,0.002168684233418801,0.850523659007985,0.18518518518518517,18.117103663065937,56.21059626360373,0.04888916015625,fdr_bh,True
lt1_vs_lt2_per_model_class,"model_name=SVR(C=1,epsilon=1.0,kernel=rbf)|feature_set=HRV|with_abs=True",mae,lt1,lt2,18,227.62863980284726,180.64968681014045,46.97895299270681,222.2409613052548,166.1362493820135,56.104711923241325,15.0,0.00104522705078125,3.7228761821921683,0.0016916805663013924,0.8774903313153223,0.24691358024691357,23.15124288978298,70.68729434670743,0.04888916015625,fdr_bh,True
lt1_vs_lt2_per_model_class,"model_name=SVR(C=1,epsilon=1.0,kernel=rbf)|feature_set=NIRS|with_abs=False",mae,lt1,lt2,18,258.68121376978314,261.41504901648767,-2.7338352467045297,241.37315662313034,261.32138853994536,-19.94823191681502,57.0,0.22875213623046875,-0.28181416326662245,0.7814878632579295,-0.06642423529341385,-0.012345679012345678,-19.870922130082274,16.7537767104419,0.656740004016507,fdr_bh,False
lt1_vs_lt2_per_model_class,"model_name=SVR(C=1,epsilon=1.0,kernel=rbf)|feature_set=NIRS|with_abs=True",mae,lt1,lt2,18,264.53540074096236,266.02964269237225,-1.4942419514098901,258.2882700552097,263.75096580073364,-5.462695745523945,69.0,0.49507904052734375,-0.14777795896144819,0.884256599864501,-0.03483159896384912,-0.012345679012345678,-20.427268475825684,18.07094167966148,0.9232654328041888,fdr_bh,False
lt1_vs_lt2_per_model_class,"model_name=SVR(C=10,epsilon=0.1,kernel=rbf)|feature_set=EMG|with_abs=False",mae,lt1,lt2,18,198.0603924585601,206.8468183202102,-8.786425861650088,164.61113872831933,164.13757209365622,0.4735666346631149,73.0,0.6094589233398438,-0.5133281567761303,0.6143284132692475,-0.12099260687679765,0.0,-39.86423986901745,23.558713931283087,0.9232654328041888,fdr_bh,False
lt1_vs_lt2_per_model_class,"model_name=SVR(C=10,epsilon=0.1,kernel=rbf)|feature_set=EMG|with_abs=True",mae,lt1,lt2,18,198.06039245856007,206.8468183202102,-8.786425861650116,164.61113872831933,164.13757209365622,0.4735666346631149,73.0,0.6094589233398438,-0.5133281567761305,0.6143284132692473,-0.1209926068767977,0.0,-39.86423986901747,23.558713931283087,0.9232654328041888,fdr_bh,False
lt1_vs_lt2_per_model_class,"model_name=SVR(C=10,epsilon=0.1,kernel=rbf)|feature_set=EMG+NIRS|with_abs=False",mae,lt1,lt2,18,191.93021629046086,208.5767039411329,-16.646487650672043,143.70570795010084,169.57945284285427,-25.87374489275342,82.0,0.8985748291015625,-0.9308351349339928,0.3649700478794155,-0.21939994535950713,-0.043209876543209874,-54.435045519292885,15.676025122590458,0.993689257227732,fdr_bh,False
lt1_vs_lt2_per_model_class,"model_name=SVR(C=10,epsilon=0.1,kernel=rbf)|feature_set=EMG+NIRS|with_abs=True",mae,lt1,lt2,18,188.34259700219448,212.8346242576375,-24.49202725544302,140.17231587290405,172.92239607502233,-32.75008020211828,66.0,0.4171142578125,-1.3179292019631665,0.2050117504971045,-0.31063889194397665,-0.09259259259259259,-64.37252656486875,9.166328596598042,0.8838849748883929,fdr_bh,False
lt1_vs_lt2_per_model_class,"model_name=SVR(C=10,epsilon=0.1,kernel=rbf)|feature_set=EMG+NIRS+HRV|with_abs=False",mae,lt1,lt2,18,170.5934693616838,184.19512922045888,-13.601659858775093,144.57438874895587,165.28378168523858,-20.70939293628271,81.0,0.8650436401367188,-0.6573914640453786,0.5197315581820234,-0.15494865404021324,-0.12962962962962962,-54.48017766752853,23.663432702319458,0.993689257227732,fdr_bh,False
lt1_vs_lt2_per_model_class,"model_name=SVR(C=10,epsilon=0.1,kernel=rbf)|feature_set=EMG+NIRS+HRV|with_abs=True",mae,lt1,lt2,18,169.6326444100974,166.75214201450956,2.880502395587854,147.63789974161887,145.45896533730084,2.178934404318028,66.0,0.4171142578125,0.13987213727286646,0.8904048245332009,0.032968178921566504,-0.018518518518518517,-35.571325878505185,39.4416901104462,0.8838849748883929,fdr_bh,False
lt1_vs_lt2_per_model_class,"model_name=SVR(C=10,epsilon=0.1,kernel=rbf)|feature_set=HRV|with_abs=False",mae,lt1,lt2,18,221.44947038845643,164.37930296921633,57.07016741924011,205.62241195192985,126.38906774654141,79.23334420538843,33.0,0.02081298828125,2.5793483893489584,0.019494362416447565,0.6079582457170826,0.29012345679012347,15.237532566488328,97.32851822278846,0.19912147521972656,fdr_bh,False
lt1_vs_lt2_per_model_class,"model_name=SVR(C=10,epsilon=0.1,kernel=rbf)|feature_set=HRV|with_abs=True",mae,lt1,lt2,18,216.50151441889034,162.91484316569654,53.5866712531938,210.62113321385806,142.3954295759557,68.22570363790237,35.0,0.02684783935546875,2.3927898082786014,0.02853950341941591,0.5639859664626193,0.3148148148148148,11.006462939175885,95.71292334535512,0.19912147521972656,fdr_bh,False
lt1_vs_lt2_per_model_class,"model_name=SVR(C=10,epsilon=0.1,kernel=rbf)|feature_set=NIRS|with_abs=False",mae,lt1,lt2,18,221.13439010905847,212.86174767012403,8.27264243893444,197.80730616838554,208.58829476399762,-10.780988595612087,82.0,0.8985748291015625,0.39679012283437626,0.6964591121523255,0.09352432885467689,0.006172839506172839,-30.83730829837503,50.88526016811712,0.993689257227732,fdr_bh,False
lt1_vs_lt2_per_model_class,"model_name=SVR(C=10,epsilon=0.1,kernel=rbf)|feature_set=NIRS|with_abs=True",mae,lt1,lt2,18,230.9024131947406,226.98794518684957,3.914468007891031,210.3148171467511,212.3464344067474,-2.0316172599962954,69.0,0.49507904052734375,0.18566549649938674,0.8549043646367719,0.04376177720236119,0.05555555555555555,-37.47238819150729,42.41079060026929,0.9232654328041888,fdr_bh,False
lt1_vs_lt2_per_model_class,"model_name=SVR(C=10,epsilon=1.0,kernel=rbf)|feature_set=EMG|with_abs=False",mae,lt1,lt2,18,198.07876674935812,206.8966784192432,-8.817911669885063,164.76695599838013,164.16787376396377,0.5990822344163576,73.0,0.6094589233398438,-0.5146474242006119,0.6134255629102978,-0.12130356119081413,0.0,-39.949206892165115,23.591176875811968,0.9232654328041888,fdr_bh,False
lt1_vs_lt2_per_model_class,"model_name=SVR(C=10,epsilon=1.0,kernel=rbf)|feature_set=EMG|with_abs=True",mae,lt1,lt2,18,198.07876674935812,206.8966784192432,-8.817911669885063,164.76695599838013,164.16787376396377,0.5990822344163576,73.0,0.6094589233398438,-0.5146474242006119,0.6134255629102978,-0.12130356119081413,0.0,-39.949206892165115,23.591176875811968,0.9232654328041888,fdr_bh,False
lt1_vs_lt2_per_model_class,"model_name=SVR(C=10,epsilon=1.0,kernel=rbf)|feature_set=EMG+NIRS|with_abs=False",mae,lt1,lt2,18,191.9391434240626,208.53603508265422,-16.59689165859163,144.0317074604033,169.68491872879292,-25.65321126838961,83.0,0.932281494140625,-0.9278863292188751,0.3664542677958142,-0.21870490518698665,-0.043209876543209874,-54.52857673013086,15.693639483401679,0.993689257227732,fdr_bh,False
lt1_vs_lt2_per_model_class,"model_name=SVR(C=10,epsilon=1.0,kernel=rbf)|feature_set=EMG+NIRS|with_abs=True",mae,lt1,lt2,18,188.36816103834457,212.8502742290961,-24.482113190751534,140.20843442987405,172.8270404318373,-32.61860600196326,66.0,0.4171142578125,-1.3171797427357124,0.20525737061383523,-0.31046224270999145,-0.09259259259259259,-64.33571029896265,9.16766559861318,0.8838849748883929,fdr_bh,False
lt1_vs_lt2_per_model_class,"model_name=SVR(C=10,epsilon=1.0,kernel=rbf)|feature_set=EMG+NIRS+HRV|with_abs=False",mae,lt1,lt2,18,170.55914700384255,184.19255732795756,-13.633410324115005,144.50772653223507,165.2933671524529,-20.785640620217833,81.0,0.8650436401367188,-0.6594556869639443,0.5184376967262663,-0.15543519604807934,-0.13580246913580246,-54.45102794352691,23.616128636140946,0.993689257227732,fdr_bh,False
lt1_vs_lt2_per_model_class,"model_name=SVR(C=10,epsilon=1.0,kernel=rbf)|feature_set=EMG+NIRS+HRV|with_abs=True",mae,lt1,lt2,18,169.64240553913885,166.72554590903917,2.9168596300996796,147.53654862427436,145.54990915079495,1.9866394734794142,65.0,0.39273834228515625,0.14186952052259563,0.8888507982646269,0.03343896666840381,-0.006172839506172839,-35.5029615717586,39.34361227220181,0.8838849748883929,fdr_bh,False
lt1_vs_lt2_per_model_class,"model_name=SVR(C=10,epsilon=1.0,kernel=rbf)|feature_set=HRV|with_abs=False",mae,lt1,lt2,18,221.4255044954491,164.3767186310091,57.04878586443999,205.84753162259878,126.47641394279287,79.3711176798059,33.0,0.02081298828125,2.5738500245437126,0.019716792477602035,0.606662268704007,0.29012345679012347,15.133421176215284,97.35212287549788,0.19912147521972656,fdr_bh,False
lt1_vs_lt2_per_model_class,"model_name=SVR(C=10,epsilon=1.0,kernel=rbf)|feature_set=HRV|with_abs=True",mae,lt1,lt2,18,216.52133878017423,162.82660289336664,53.69473588680759,210.5043881847995,142.59369071279775,67.91069747200174,35.0,0.02684783935546875,2.401713142510519,0.028029181970098817,0.5660892165113469,0.32098765432098764,11.16330330504588,95.62620805290152,0.19912147521972656,fdr_bh,False
lt1_vs_lt2_per_model_class,"model_name=SVR(C=10,epsilon=1.0,kernel=rbf)|feature_set=NIRS|with_abs=False",mae,lt1,lt2,18,221.0824218363911,212.80727650522337,8.275145331167721,197.8012617553419,208.34444462916076,-10.543182873818864,82.0,0.8985748291015625,0.3968507941595371,0.6964152083243457,0.09353862922315848,0.006172839506172839,-30.926463585244885,50.91917332962522,0.993689257227732,fdr_bh,False
lt1_vs_lt2_per_model_class,"model_name=SVR(C=10,epsilon=1.0,kernel=rbf)|feature_set=NIRS|with_abs=True",mae,lt1,lt2,18,230.97073918111522,227.02964448388838,3.941094697226845,210.22630173162142,212.57292407569093,-2.346622344069516,69.0,0.49507904052734375,0.18719368045257928,0.8537247241295889,0.04412197361442883,0.05555555555555555,-37.46581598154104,42.44124421323929,0.9232654328041888,fdr_bh,False
lt1_vs_lt2_per_model_class,"model_name=SVR(C=100,epsilon=0.1,kernel=rbf)|feature_set=EMG|with_abs=False",mae,lt1,lt2,18,192.5887599767369,199.35236907863862,-6.7636091019017215,170.84895981148424,146.1273556900989,24.721604121385326,73.0,0.6094589233398438,-0.3806673196217014,0.708164983040301,-0.08972414769353732,-0.024691358024691357,-38.735383749004654,27.512944581609172,0.9232654328041888,fdr_bh,False
lt1_vs_lt2_per_model_class,"model_name=SVR(C=100,epsilon=0.1,kernel=rbf)|feature_set=EMG|with_abs=True",mae,lt1,lt2,18,192.5887599767369,199.35236907863862,-6.7636091019017215,170.84895981148424,146.1273556900989,24.721604121385326,73.0,0.6094589233398438,-0.3806673196217014,0.708164983040301,-0.08972414769353732,-0.024691358024691357,-38.735383749004654,27.512944581609172,0.9232654328041888,fdr_bh,False
lt1_vs_lt2_per_model_class,"model_name=SVR(C=100,epsilon=0.1,kernel=rbf)|feature_set=EMG+NIRS|with_abs=False",mae,lt1,lt2,18,191.146625106772,184.9317983609406,6.214826745831402,141.81985093383577,155.43417734352317,-13.614326409687408,73.0,0.6094589233398438,0.3064257436096681,0.76300169225778,0.07222524041217557,0.006172839506172839,-32.866228911173025,45.95375905388687,0.9232654328041888,fdr_bh,False
lt1_vs_lt2_per_model_class,"model_name=SVR(C=100,epsilon=0.1,kernel=rbf)|feature_set=EMG+NIRS|with_abs=True",mae,lt1,lt2,18,186.56662738225785,195.24395944351107,-8.677332061253225,126.86843536627755,173.78887508936134,-46.92043972308379,76.0,0.7018814086914062,-0.4214589622101344,0.6787008722184091,-0.09933883005687698,-0.09259259259259259,-50.83264427449652,30.887584488102494,0.9760538339614868,fdr_bh,False
lt1_vs_lt2_per_model_class,"model_name=SVR(C=100,epsilon=0.1,kernel=rbf)|feature_set=EMG+NIRS+HRV|with_abs=False",mae,lt1,lt2,18,168.12827949075984,167.95002964265717,0.17824984810266642,136.27043277215859,155.4958148991318,-19.225382126973216,80.0,0.83172607421875,0.008389172592783788,0.993404149832374,0.0019773469429672495,-0.11728395061728394,-38.67508743068932,40.158674199540016,0.993689257227732,fdr_bh,False
lt1_vs_lt2_per_model_class,"model_name=SVR(C=100,epsilon=0.1,kernel=rbf)|feature_set=EMG+NIRS+HRV|with_abs=True",mae,lt1,lt2,18,170.32986021848285,150.69907314055547,19.63078707792738,126.20325020819047,131.95570636091787,-5.7524561527274045,74.0,0.6396942138671875,0.858849455399265,0.4023717019520725,0.20243275797706453,-0.037037037037037035,-21.610185976607994,60.88138271138468,0.9359668965242347,fdr_bh,False
lt1_vs_lt2_per_model_class,"model_name=SVR(C=100,epsilon=0.1,kernel=rbf)|feature_set=HRV|with_abs=False",mae,lt1,lt2,18,232.8603559749507,169.41685289713166,63.44350307781903,214.08722773854424,139.04711358416915,75.04011415437509,33.0,0.02081298828125,2.402112734991296,0.028006530982000403,0.5661834013623032,0.3333333333333333,11.596925026863962,109.6871163605006,0.19912147521972656,fdr_bh,False
lt1_vs_lt2_per_model_class,"model_name=SVR(C=100,epsilon=0.1,kernel=rbf)|feature_set=HRV|with_abs=True",mae,lt1,lt2,18,235.8477387078004,172.77388052219754,63.07385818560286,226.503045391881,143.22539753420565,83.27764785767533,31.0,0.01593017578125,2.544379799758583,0.020950669522440717,0.599716070107788,0.35802469135802467,17.22686145264972,112.18960135673454,0.17722320556640625,fdr_bh,False
lt1_vs_lt2_per_model_class,"model_name=SVR(C=100,epsilon=0.1,kernel=rbf)|feature_set=NIRS|with_abs=False",mae,lt1,lt2,18,240.2723637148181,214.39925509488347,25.87310861993464,189.19416591660945,212.72844362865658,-23.53427771204713,73.0,0.6094589233398438,0.9454845537129479,0.3576573339183724,0.2228528464791873,0.012345679012345678,-21.676218748742965,82.27948443616475,0.9232654328041888,fdr_bh,False
lt1_vs_lt2_per_model_class,"model_name=SVR(C=100,epsilon=0.1,kernel=rbf)|feature_set=NIRS|with_abs=True",mae,lt1,lt2,18,232.45139329037116,235.3878620527717,-2.936468762400551,216.82348355510038,206.86000589882835,9.963477656272033,81.0,0.8650436401367188,-0.11634653394492021,0.9087412969427714,-0.02742314104000131,-0.018518518518518517,-52.157565918318944,43.85816791950529,0.993689257227732,fdr_bh,False
lt1_vs_lt2_per_model_class,"model_name=SVR(C=100,epsilon=1.0,kernel=rbf)|feature_set=EMG|with_abs=False",mae,lt1,lt2,18,192.4709525941879,199.29267354582984,-6.821720951641936,170.94510788331928,146.23305336145918,24.712054521860097,73.0,0.6094589233398438,-0.3843852364114307,0.705458800946766,-0.09060046908483896,-0.024691358024691357,-38.7208033842158,27.398639471656733,0.9232654328041888,fdr_bh,False
lt1_vs_lt2_per_model_class,"model_name=SVR(C=100,epsilon=1.0,kernel=rbf)|feature_set=EMG|with_abs=True",mae,lt1,lt2,18,192.4709525941879,199.29267354582984,-6.821720951641936,170.94510788331928,146.23305336145916,24.712054521860125,73.0,0.6094589233398438,-0.38438523641143063,0.705458800946766,-0.09060046908483892,-0.024691358024691357,-38.7208033842158,27.398639471656736,0.9232654328041888,fdr_bh,False
lt1_vs_lt2_per_model_class,"model_name=SVR(C=100,epsilon=1.0,kernel=rbf)|feature_set=EMG+NIRS|with_abs=False",mae,lt1,lt2,18,191.19529625898315,185.0979902725842,6.097305986398936,141.39329942018904,155.51480319199638,-14.12150377180734,73.0,0.6094589233398438,0.2997500305346424,0.7680019199688363,0.0706517597506401,0.006172839506172839,-33.23098014762703,45.97781636698609,0.9232654328041888,fdr_bh,False
lt1_vs_lt2_per_model_class,"model_name=SVR(C=100,epsilon=1.0,kernel=rbf)|feature_set=EMG+NIRS|with_abs=True",mae,lt1,lt2,18,186.53417937163172,195.36564299880263,-8.831463627170905,126.71870740897992,173.8200630445199,-47.10135563553999,76.0,0.7018814086914062,-0.4292596414387201,0.6731250526720075,-0.10117746778367494,-0.09259259259259259,-50.913358239739395,30.646344329941428,0.9760538339614868,fdr_bh,False
lt1_vs_lt2_per_model_class,"model_name=SVR(C=100,epsilon=1.0,kernel=rbf)|feature_set=EMG+NIRS+HRV|with_abs=False",mae,lt1,lt2,18,168.01068642647797,168.01128907335456,-0.0006026468765867321,136.28732230336664,155.5624966294685,-19.275174326101876,80.0,0.83172607421875,-2.8420200508849167e-05,0.9999776548032208,-6.698705500829538e-06,-0.11728395061728394,-38.8412806686326,39.98540798844174,0.993689257227732,fdr_bh,False
lt1_vs_lt2_per_model_class,"model_name=SVR(C=100,epsilon=1.0,kernel=rbf)|feature_set=EMG+NIRS+HRV|with_abs=True",mae,lt1,lt2,18,170.29128647715436,150.7527359859784,19.538550491175954,125.91940039228538,131.89517251514138,-5.975772122856,74.0,0.6396942138671875,0.8541112092817695,0.40491883623961594,0.2013159426568606,-0.037037037037037035,-21.543530524788594,60.71911007099829,0.9359668965242347,fdr_bh,False
lt1_vs_lt2_per_model_class,"model_name=SVR(C=100,epsilon=1.0,kernel=rbf)|feature_set=HRV|with_abs=False",mae,lt1,lt2,18,232.7532869988302,169.3495443508981,63.40374264793209,213.88653634788594,139.06437579252207,74.82216055536387,33.0,0.02081298828125,2.3994818606435486,0.028155979029478383,0.5655632983317226,0.3333333333333333,11.482476689795119,109.68733079695458,0.19912147521972656,fdr_bh,False
lt1_vs_lt2_per_model_class,"model_name=SVR(C=100,epsilon=1.0,kernel=rbf)|feature_set=HRV|with_abs=True",mae,lt1,lt2,18,235.91830924401398,172.70889544838434,63.209413795629644,226.88262447940195,143.167621492289,83.71500298711297,31.0,0.01593017578125,2.546587668789096,0.02085574608787247,0.6002364698289371,0.35185185185185186,17.261464354692002,112.4471237463013,0.17722320556640625,fdr_bh,False
lt1_vs_lt2_per_model_class,"model_name=SVR(C=100,epsilon=1.0,kernel=rbf)|feature_set=NIRS|with_abs=False",mae,lt1,lt2,18,240.3326186270756,214.3875424244591,25.94507620261649,189.2314558721572,212.945322400242,-23.713866528084793,73.0,0.6094589233398438,0.9474828842779727,0.35666764718848887,0.2233238575103811,0.012345679012345678,-21.646314145464313,82.26115722948256,0.9232654328041888,fdr_bh,False
lt1_vs_lt2_per_model_class,"model_name=SVR(C=100,epsilon=1.0,kernel=rbf)|feature_set=NIRS|with_abs=True",mae,lt1,lt2,18,232.46164913721293,235.52676400198618,-3.06511486477325,216.96677503893454,206.7034909189021,10.263284120032438,81.0,0.8650436401367188,-0.12142235947874665,0.9047802041934729,-0.028619524591697476,-0.018518518518518517,-52.174486507602566,43.8127733122241,0.993689257227732,fdr_bh,False
