comparison_kind,group_key,metric,condition_a,condition_b,n_subjects,mean_a,mean_b,delta_mean,median_a,median_b,delta_median,wilcoxon_stat,wilcoxon_pvalue,ttest_stat,ttest_pvalue,cohens_d,cliffs_delta,bootstrap_ci_low,bootstrap_ci_high,pvalue_adj,correction_method,reject_at_alpha
phase_split_within_arch,architecture_id=Lin1|target=lt1|feature_set=EMG|with_abs=False,abs_lt_err_median_sec,full_cycles,full_window,18,217.07802936253645,231.7745681972166,-14.696538834680155,169.04963681960209,183.72839027920622,-14.678753459604138,26.0,0.0076904296875,-1.4803882814480247,0.15706448664657557,-0.34893086420033254,-0.043209876543209874,-32.781319997003436,3.2826332163078327,0.27127473250679346,fdr_bh,False
phase_split_within_arch,architecture_id=Lin1|target=lt1|feature_set=EMG|with_abs=False,abs_lt_err_median_sec,full_cycles,split,18,217.07802936253645,269.1625267377285,-52.08449737519206,169.04963681960209,244.08265696705442,-75.03302014745233,42.0,0.0599365234375,-2.049069859890325,0.05621515689610053,-0.4829703976844725,-0.16666666666666666,-97.51084142113538,-4.874363559925612,0.5875467649647887,fdr_bh,False
phase_split_within_arch,architecture_id=Lin1|target=lt1|feature_set=EMG|with_abs=False,abs_lt_err_median_sec,full_window,split,18,231.7745681972166,269.1625267377285,-37.3879585405119,183.72839027920622,244.08265696705442,-60.354266687848195,55.0,0.19638824462890625,-1.430242640622143,0.17077053042473883,-0.3371114233086905,-0.14814814814814814,-83.8252585024048,11.127786620618949,0.6862564086914062,fdr_bh,False
phase_split_within_arch,architecture_id=Lin1|target=lt1|feature_set=EMG|with_abs=True,abs_lt_err_median_sec,full_cycles,full_window,18,217.07802936253645,231.7745681972166,-14.696538834680155,169.04963681960209,183.72839027920622,-14.678753459604138,26.0,0.0076904296875,-1.4803882814480247,0.15706448664657557,-0.34893086420033254,-0.043209876543209874,-32.781319997003436,3.2826332163078327,0.27127473250679346,fdr_bh,False
phase_split_within_arch,architecture_id=Lin1|target=lt1|feature_set=EMG|with_abs=True,abs_lt_err_median_sec,full_cycles,split,18,217.07802936253645,269.1625267377285,-52.08449737519206,169.04963681960209,244.08265696705442,-75.03302014745233,42.0,0.0599365234375,-2.049069859890325,0.05621515689610053,-0.4829703976844725,-0.16666666666666666,-97.51084142113538,-4.874363559925612,0.5875467649647887,fdr_bh,False
phase_split_within_arch,architecture_id=Lin1|target=lt1|feature_set=EMG|with_abs=True,abs_lt_err_median_sec,full_window,split,18,231.7745681972166,269.1625267377285,-37.3879585405119,183.72839027920622,244.08265696705442,-60.354266687848195,55.0,0.19638824462890625,-1.430242640622143,0.17077053042473883,-0.3371114233086905,-0.14814814814814814,-83.8252585024048,11.127786620618949,0.6862564086914062,fdr_bh,False
phase_split_within_arch,architecture_id=Lin1|target=lt1|feature_set=EMG+NIRS+HRV|with_abs=False,abs_lt_err_median_sec,full_cycles,full_window,18,133.64362077171367,129.60388019612594,4.039740575587729,61.58476303623482,56.057385255846214,5.527377780388605,64.0,0.3692169189453125,0.3959539770525874,0.6970642884733588,0.09332724740388906,0.043209876543209874,-14.570439433087248,22.158447948060036,0.7670894793610075,fdr_bh,False
phase_split_within_arch,architecture_id=Lin1|target=lt1|feature_set=EMG+NIRS+HRV|with_abs=False,abs_lt_err_median_sec,full_cycles,split,18,133.64362077171367,196.03767090308477,-62.3940501313711,61.58476303623482,144.88848936066276,-83.30372632442794,26.0,0.0076904296875,-2.623308882742927,0.017799909098317038,-0.618319833378143,-0.30246913580246915,-111.5659171020124,-19.41332194777387,0.27127473250679346,fdr_bh,False
phase_split_within_arch,architecture_id=Lin1|target=lt1|feature_set=EMG+NIRS+HRV|with_abs=False,abs_lt_err_median_sec,full_window,split,18,129.60388019612594,196.03767090308477,-66.43379070695883,56.057385255846214,144.88848936066276,-88.83110410481655,27.0,0.00896453857421875,-2.6416651126530617,0.017134757697135867,-0.6226464382603015,-0.3395061728395062,-120.53889302207419,-19.47411536927987,0.27127473250679346,fdr_bh,False
phase_split_within_arch,architecture_id=Lin1|target=lt1|feature_set=EMG+NIRS+HRV|with_abs=True,abs_lt_err_median_sec,full_cycles,full_window,18,194.73382118689324,188.09187629209288,6.6419448948003605,98.50387370569916,103.13157268895523,-4.627698983256067,68.0,0.468292236328125,0.604836276682191,0.5532761488921487,0.14256127758320003,0.024691358024691357,-12.86586649422569,28.38647195204003,0.82305908203125,fdr_bh,False
phase_split_within_arch,architecture_id=Lin1|target=lt1|feature_set=EMG+NIRS+HRV|with_abs=True,abs_lt_err_median_sec,full_cycles,split,18,194.73382118689324,240.63372256652596,-45.89990137963272,98.50387370569916,154.4787742664806,-55.974900560781435,43.0,0.06653594970703125,-2.024389592166909,0.058934734038927246,-0.47715320279489687,-0.10493827160493827,-94.40595509448671,-4.070137700185736,0.5963319290515988,fdr_bh,False
phase_split_within_arch,architecture_id=Lin1|target=lt1|feature_set=EMG+NIRS+HRV|with_abs=True,abs_lt_err_median_sec,full_window,split,18,188.09187629209288,240.63372256652596,-52.541846274433084,103.13157268895523,154.4787742664806,-51.34720157752537,41.0,0.05385589599609375,-1.8099591676172746,0.08801606749008613,-0.42661146703097796,-0.09876543209876543,-115.21170036165857,-2.7442973944982,0.5512309354894301,fdr_bh,False
phase_split_within_arch,architecture_id=Lin1|target=lt2|feature_set=EMG|with_abs=False,abs_lt_err_median_sec,full_cycles,full_window,18,274.0456125664882,312.13973958038525,-38.09412701389704,277.9105507218954,357.76333260909,-79.85278188719462,29.0,0.01203155517578125,-2.644540027170276,0.017032756848147704,-0.6233240621104529,-0.1111111111111111,-66.27719722506815,-13.006341118120483,0.2925359552556818,fdr_bh,False
phase_split_within_arch,architecture_id=Lin1|target=lt2|feature_set=EMG|with_abs=False,abs_lt_err_median_sec,full_cycles,split,18,274.0456125664882,189.93901593470977,84.10659663177844,277.9105507218954,175.7797257544525,102.13082496744289,35.0,0.02684783935546875,2.620854802477019,0.017890679612886397,0.6177414011122765,0.2654320987654321,26.612259353285648,151.57778511955243,0.42468400435014203,fdr_bh,False
phase_split_within_arch,architecture_id=Lin1|target=lt2|feature_set=EMG|with_abs=False,abs_lt_err_median_sec,full_window,split,18,312.13973958038525,189.93901593470977,122.20072364567548,357.76333260909,175.7797257544525,181.98360685463751,29.0,0.01203155517578125,3.2266473587197715,0.0049550059547036765,0.7605280759494711,0.345679012345679,50.010673072104765,197.74351505245767,0.2925359552556818,fdr_bh,False
phase_split_within_arch,architecture_id=Lin1|target=lt2|feature_set=EMG|with_abs=True,abs_lt_err_median_sec,full_cycles,full_window,18,274.0456125664882,312.13973958038525,-38.09412701389704,277.9105507218954,357.76333260909,-79.85278188719462,29.0,0.01203155517578125,-2.644540027170276,0.017032756848147704,-0.6233240621104529,-0.1111111111111111,-66.27719722506815,-13.006341118120483,0.2925359552556818,fdr_bh,False
phase_split_within_arch,architecture_id=Lin1|target=lt2|feature_set=EMG|with_abs=True,abs_lt_err_median_sec,full_cycles,split,18,274.0456125664882,189.93901593470977,84.10659663177844,277.9105507218954,175.7797257544525,102.13082496744289,35.0,0.02684783935546875,2.620854802477019,0.017890679612886397,0.6177414011122765,0.2654320987654321,26.612259353285648,151.57778511955243,0.42468400435014203,fdr_bh,False
phase_split_within_arch,architecture_id=Lin1|target=lt2|feature_set=EMG|with_abs=True,abs_lt_err_median_sec,full_window,split,18,312.13973958038525,189.93901593470977,122.20072364567548,357.76333260909,175.7797257544525,181.98360685463751,29.0,0.01203155517578125,3.2266473587197715,0.0049550059547036765,0.7605280759494711,0.345679012345679,50.010673072104765,197.74351505245767,0.2925359552556818,fdr_bh,False
phase_split_within_arch,architecture_id=Lin1|target=lt2|feature_set=EMG+NIRS+HRV|with_abs=False,abs_lt_err_median_sec,full_cycles,full_window,18,115.3792615140038,113.36944576598529,2.009815748018511,86.44666187131247,101.05862312683655,-14.61196125552408,79.0,0.7987060546875,0.15029204970420065,0.8823030057224448,0.035424175834755316,-0.043209876543209874,-22.418528275572147,28.11642546542602,0.9568286738119836,fdr_bh,False
phase_split_within_arch,architecture_id=Lin1|target=lt2|feature_set=EMG+NIRS+HRV|with_abs=False,abs_lt_err_median_sec,full_cycles,split,18,115.3792615140038,119.03372568553817,-3.6544641715343715,86.44666187131247,80.21210915989303,6.23455271141944,84.0,0.9661178588867188,-0.24055082152414176,0.812780243647059,-0.05669837237323851,0.037037037037037035,-32.52600049675987,24.699422480399022,0.9947012274928347,fdr_bh,False
phase_split_within_arch,architecture_id=Lin1|target=lt2|feature_set=EMG+NIRS+HRV|with_abs=False,abs_lt_err_median_sec,full_window,split,18,113.36944576598529,119.03372568553817,-5.664279919552882,101.05862312683655,80.21210915989303,20.84651396694352,83.0,0.932281494140625,-0.26955676733397965,0.790745860785633,-0.06353513936552717,0.05555555555555555,-50.26951560527054,32.17587910979143,0.9891279267101754,fdr_bh,False
phase_split_within_arch,architecture_id=Lin1|target=lt2|feature_set=EMG+NIRS+HRV|with_abs=True,abs_lt_err_median_sec,full_cycles,full_window,18,150.42751851332105,141.40135765661714,9.02616085670391,80.65122713914894,96.19727925408915,-15.54605211494021,75.0,0.6705245971679688,0.7017791643462394,0.49231370278889647,0.16541093533488485,-0.06790123456790123,-13.14204848389075,35.25861557535193,0.9304942103794643,fdr_bh,False
phase_split_within_arch,architecture_id=Lin1|target=lt2|feature_set=EMG+NIRS+HRV|with_abs=True,abs_lt_err_median_sec,full_cycles,split,18,150.42751851332105,156.89155852997771,-6.464040016656668,80.65122713914894,120.17264259973842,-39.52141546058948,75.0,0.6705245971679688,-0.6387345174521675,0.5315077372956845,-0.15055116955611492,-0.07407407407407407,-26.58232135549847,13.679532834663101,0.9304942103794643,fdr_bh,False
phase_split_within_arch,architecture_id=Lin1|target=lt2|feature_set=EMG+NIRS+HRV|with_abs=True,abs_lt_err_median_sec,full_window,split,18,141.40135765661714,156.89155852997771,-15.490200873360578,96.19727925408915,120.17264259973842,-23.97536334564927,70.0,0.522613525390625,-0.9180216958096717,0.37144920964372957,-0.21637978879446432,-0.06790123456790123,-48.94590373027797,15.857727171693778,0.8619407906916469,fdr_bh,False
phase_split_within_arch,architecture_id=Lin10|target=lt1|feature_set=EMG|with_abs=False,abs_lt_err_median_sec,full_cycles,full_window,18,249.80966368532074,251.75058172756002,-1.940918042239275,214.31078655948227,219.79120982095807,-5.480423261475806,65.0,0.39273834228515625,-0.26715740914926317,0.7925619164249508,-0.062969605217891,0.006172839506172839,-13.913984052329209,12.708656276329352,0.7877403061396794,fdr_bh,False
phase_split_within_arch,architecture_id=Lin10|target=lt1|feature_set=EMG|with_abs=False,abs_lt_err_median_sec,full_cycles,split,18,249.80966368532074,295.14873000638687,-45.33906632106613,214.31078655948227,301.13517639504005,-86.82438983555778,54.0,0.18146514892578125,-1.6301520812402823,0.12145631805042129,-0.38423053033678906,-0.09259259259259259,-99.0007532467014,6.888024249204033,0.6862564086914062,fdr_bh,False
phase_split_within_arch,architecture_id=Lin10|target=lt1|feature_set=EMG|with_abs=False,abs_lt_err_median_sec,full_window,split,18,251.75058172756002,295.14873000638687,-43.39814827882685,219.79120982095807,301.13517639504005,-81.34396657408197,55.0,0.19638824462890625,-1.4823390576364692,0.15655017519454006,-0.34939066655747464,-0.09259259259259259,-99.20735111863468,13.181482671848608,0.6862564086914062,fdr_bh,False
phase_split_within_arch,architecture_id=Lin10|target=lt1|feature_set=EMG|with_abs=True,abs_lt_err_median_sec,full_cycles,full_window,18,249.80966368532074,251.75058172756002,-1.940918042239275,214.31078655948227,219.79120982095807,-5.480423261475806,65.0,0.39273834228515625,-0.26715740914926317,0.7925619164249508,-0.062969605217891,0.006172839506172839,-13.913984052329209,12.708656276329352,0.7877403061396794,fdr_bh,False
phase_split_within_arch,architecture_id=Lin10|target=lt1|feature_set=EMG|with_abs=True,abs_lt_err_median_sec,full_cycles,split,18,249.80966368532074,295.14873000638687,-45.33906632106613,214.31078655948227,301.13517639504005,-86.82438983555778,54.0,0.18146514892578125,-1.6301520812402823,0.12145631805042129,-0.38423053033678906,-0.09259259259259259,-99.0007532467014,6.888024249204033,0.6862564086914062,fdr_bh,False
phase_split_within_arch,architecture_id=Lin10|target=lt1|feature_set=EMG|with_abs=True,abs_lt_err_median_sec,full_window,split,18,251.75058172756002,295.14873000638687,-43.39814827882685,219.79120982095807,301.13517639504005,-81.34396657408197,55.0,0.19638824462890625,-1.4823390576364692,0.15655017519454006,-0.34939066655747464,-0.09259259259259259,-99.20735111863468,13.181482671848608,0.6862564086914062,fdr_bh,False
phase_split_within_arch,architecture_id=Lin10|target=lt1|feature_set=EMG+NIRS+HRV|with_abs=False,abs_lt_err_median_sec,full_cycles,full_window,18,125.99687370328489,119.43849316798095,6.5583805353039395,55.59749806657487,52.45893480410615,3.138563262468722,55.0,0.19638824462890625,1.3391032905443845,0.19816820610691754,0.31562967248438456,0.07407407407407407,-2.2764238753013677,15.896775759342113,0.6862564086914062,fdr_bh,False
phase_split_within_arch,architecture_id=Lin10|target=lt1|feature_set=EMG+NIRS+HRV|with_abs=False,abs_lt_err_median_sec,full_cycles,split,18,125.99687370328489,163.16531779578534,-37.16844409250045,55.59749806657487,113.79123951841035,-58.19374145183548,31.0,0.01593017578125,-2.4939537247919077,0.023233448496217383,-0.587830530255269,-0.2716049382716049,-68.14847643291186,-10.041614236108847,0.3261000689338235,fdr_bh,False
phase_split_within_arch,architecture_id=Lin10|target=lt1|feature_set=EMG+NIRS+HRV|with_abs=False,abs_lt_err_median_sec,full_window,split,18,119.43849316798095,163.16531779578534,-43.72682462780439,52.45893480410615,113.79123951841035,-61.3323047143042,27.0,0.00896453857421875,-2.9034864585565647,0.009889225017882688,-0.6843583213095535,-0.29012345679012347,-74.41837856893628,-15.651951333588334,0.27127473250679346,fdr_bh,False
phase_split_within_arch,architecture_id=Lin10|target=lt1|feature_set=EMG+NIRS+HRV|with_abs=True,abs_lt_err_median_sec,full_cycles,full_window,18,191.92233761793133,185.56761058795317,6.354727029978164,95.32524068613671,111.23725153169372,-15.912010845557006,62.0,0.32472991943359375,0.8229558436689287,0.42192765367560275,0.19397255255846527,0.018518518518518517,-8.878432709090546,19.999439573717236,0.7533734130859375,fdr_bh,False
phase_split_within_arch,architecture_id=Lin10|target=lt1|feature_set=EMG+NIRS+HRV|with_abs=True,abs_lt_err_median_sec,full_cycles,split,18,191.92233761793133,212.37540346290973,-20.453065844978397,95.32524068613671,176.24441816374417,-80.91917747760746,62.0,0.32472991943359375,-1.227979356132194,0.23618619912462988,-0.28943750995938833,-0.030864197530864196,-53.14986464052549,11.170198856665694,0.7533734130859375,fdr_bh,False
phase_split_within_arch,architecture_id=Lin10|target=lt1|feature_set=EMG+NIRS+HRV|with_abs=True,abs_lt_err_median_sec,full_window,split,18,185.56761058795317,212.37540346290973,-26.80779287495656,111.23725153169372,176.24441816374417,-65.00716663205046,53.0,0.16735076904296875,-1.3756057549307137,0.1867994430159133,-0.3242333858502492,-0.037037037037037035,-64.83979971279753,10.96312651979987,0.6862564086914062,fdr_bh,False
phase_split_within_arch,architecture_id=Lin10|target=lt2|feature_set=EMG|with_abs=False,abs_lt_err_median_sec,full_cycles,full_window,18,233.08703300090232,253.13373522789985,-20.046702226997525,157.0653399651166,203.22275490510356,-46.15741493998695,49.0,0.11870574951171875,-2.1322848301360304,0.04786463296174685,-0.5025843542701309,-0.06790123456790123,-38.65112374737742,-3.3705096858434174,0.6717008265053354,fdr_bh,False
phase_split_within_arch,architecture_id=Lin10|target=lt2|feature_set=EMG|with_abs=False,abs_lt_err_median_sec,full_cycles,split,18,233.08703300090232,229.44513258270965,3.6419004181926766,157.0653399651166,181.83643149735587,-24.771091532239268,66.0,0.4171142578125,0.1485554508760758,0.8836523610220888,0.03501485556556608,0.08641975308641975,-45.070881192168756,47.53677371104966,0.8019655343577349,fdr_bh,False
phase_split_within_arch,architecture_id=Lin10|target=lt2|feature_set=EMG|with_abs=False,abs_lt_err_median_sec,full_window,split,18,253.13373522789985,229.44513258270965,23.6886026451902,203.22275490510356,181.83643149735587,21.386323407747682,68.0,0.468292236328125,0.8597048085232663,0.40191300883916753,0.202634366641828,0.09259259259259259,-29.62271615906107,77.19371299243915,0.82305908203125,fdr_bh,False
phase_split_within_arch,architecture_id=Lin10|target=lt2|feature_set=EMG|with_abs=True,abs_lt_err_median_sec,full_cycles,full_window,18,233.08703300090232,253.13373522789985,-20.046702226997525,157.0653399651166,203.22275490510356,-46.15741493998695,49.0,0.11870574951171875,-2.1322848301360304,0.04786463296174685,-0.5025843542701309,-0.06790123456790123,-38.65112374737742,-3.3705096858434174,0.6717008265053354,fdr_bh,False
phase_split_within_arch,architecture_id=Lin10|target=lt2|feature_set=EMG|with_abs=True,abs_lt_err_median_sec,full_cycles,split,18,233.08703300090232,229.44513258270965,3.6419004181926766,157.0653399651166,181.83643149735587,-24.771091532239268,66.0,0.4171142578125,0.1485554508760758,0.8836523610220888,0.03501485556556608,0.08641975308641975,-45.070881192168756,47.53677371104966,0.8019655343577349,fdr_bh,False
phase_split_within_arch,architecture_id=Lin10|target=lt2|feature_set=EMG|with_abs=True,abs_lt_err_median_sec,full_window,split,18,253.13373522789985,229.44513258270965,23.6886026451902,203.22275490510356,181.83643149735587,21.386323407747682,68.0,0.468292236328125,0.8597048085232663,0.40191300883916753,0.202634366641828,0.09259259259259259,-29.62271615906107,77.19371299243915,0.82305908203125,fdr_bh,False
phase_split_within_arch,architecture_id=Lin10|target=lt2|feature_set=EMG+NIRS+HRV|with_abs=False,abs_lt_err_median_sec,full_cycles,full_window,18,119.55073762957753,114.99657307781757,4.554164551759953,96.98159599767052,124.54837492533073,-27.56677892766021,67.0,0.44229888916015625,0.6253448095204296,0.5400493823774294,0.14739518513056854,-0.006172839506172839,-9.453700460709607,18.985432739701885,0.814391605437748,fdr_bh,False
phase_split_within_arch,architecture_id=Lin10|target=lt2|feature_set=EMG+NIRS+HRV|with_abs=False,abs_lt_err_median_sec,full_cycles,split,18,119.55073762957753,118.04449117565537,1.5062464539221594,96.98159599767052,93.93070105472793,3.050894942942591,81.0,0.8650436401367188,0.12961430950086555,0.8983928295261132,0.030550385728957994,0.07407407407407407,-21.337413468885117,23.25512331471829,0.96331259765625,fdr_bh,False
phase_split_within_arch,architecture_id=Lin10|target=lt2|feature_set=EMG+NIRS+HRV|with_abs=False,abs_lt_err_median_sec,full_window,split,18,114.99657307781757,118.04449117565537,-3.047918097837794,124.54837492533073,93.93070105472793,30.6176738706028,78.0,0.7660293579101562,-0.21070713096894442,0.8356207732242985,-0.049664147050834204,0.018518518518518517,-30.029978365538145,24.85516232975002,0.9469918882868006,fdr_bh,False
phase_split_within_arch,architecture_id=Lin10|target=lt2|feature_set=EMG+NIRS+HRV|with_abs=True,abs_lt_err_median_sec,full_cycles,full_window,18,130.7432605564642,136.2253012673259,-5.482040710861696,80.13252043040262,108.41427149884794,-28.281751068445317,64.0,0.3692169189453125,-0.8158493979348841,0.42587046843319715,-0.19229754723557288,-0.08024691358024691,-19.458647276632895,7.2060137914379565,0.7670894793610075,fdr_bh,False
phase_split_within_arch,architecture_id=Lin10|target=lt2|feature_set=EMG+NIRS+HRV|with_abs=True,abs_lt_err_median_sec,full_cycles,split,18,130.7432605564642,135.18925684918662,-4.445996292722413,80.13252043040262,115.61150178914357,-35.47898135874095,82.0,0.8985748291015625,-0.3587078473679621,0.7242297296408272,-0.08454825044623833,-0.018518518518518517,-30.50596459847877,19.075340465652502,0.9833460393941627,fdr_bh,False
phase_split_within_arch,architecture_id=Lin10|target=lt2|feature_set=EMG+NIRS+HRV|with_abs=True,abs_lt_err_median_sec,full_window,split,18,136.2253012673259,135.18925684918662,1.0360444181392836,108.41427149884794,115.61150178914357,-7.197230290295636,80.0,0.83172607421875,0.07779860897841649,0.9388966176192297,0.018337307991839642,0.030864197530864196,-24.991587271847997,26.440544628958435,0.9568286738119836,fdr_bh,False
phase_split_within_arch,architecture_id=Lin11|target=lt1|feature_set=EMG|with_abs=False,abs_lt_err_median_sec,full_cycles,full_window,18,228.3935199410336,235.8806593194461,-7.4871393784125075,200.25840153605162,191.27861008576772,8.979791450283898,56.0,0.2121429443359375,-0.8429636761958995,0.41095274500479434,-0.19868844391068718,0.0,-22.6078559350361,9.265640049313312,0.6862564086914062,fdr_bh,False
phase_split_within_arch,architecture_id=Lin11|target=lt1|feature_set=EMG|with_abs=False,abs_lt_err_median_sec,full_cycles,split,18,228.3935199410336,287.53796707634956,-59.14444713531597,200.25840153605162,274.68719955773133,-74.42879802167971,44.0,0.0736846923828125,-2.2181850951811883,0.04044933027388182,-0.5228312409098484,-0.16666666666666666,-109.64893375347373,-9.53318229907959,0.5963319290515988,fdr_bh,False
phase_split_within_arch,architecture_id=Lin11|target=lt1|feature_set=EMG|with_abs=False,abs_lt_err_median_sec,full_window,split,18,235.8806593194461,287.53796707634956,-51.657307756903464,191.27861008576772,274.68719955773133,-83.40858947196361,52.0,0.15404510498046875,-1.8274851280031226,0.08523421586232383,-0.4307423755095246,-0.17901234567901234,-105.72398596121248,-1.0959424309961652,0.6862564086914062,fdr_bh,False
phase_split_within_arch,architecture_id=Lin11|target=lt1|feature_set=EMG|with_abs=True,abs_lt_err_median_sec,full_cycles,full_window,18,228.3935199410336,235.8806593194461,-7.4871393784125075,200.25840153605162,191.27861008576772,8.979791450283898,56.0,0.2121429443359375,-0.8429636761958995,0.41095274500479434,-0.19868844391068718,0.0,-22.6078559350361,9.265640049313312,0.6862564086914062,fdr_bh,False
phase_split_within_arch,architecture_id=Lin11|target=lt1|feature_set=EMG|with_abs=True,abs_lt_err_median_sec,full_cycles,split,18,228.3935199410336,287.53796707634956,-59.14444713531597,200.25840153605162,274.68719955773133,-74.42879802167971,44.0,0.0736846923828125,-2.2181850951811883,0.04044933027388182,-0.5228312409098484,-0.16666666666666666,-109.64893375347373,-9.53318229907959,0.5963319290515988,fdr_bh,False
phase_split_within_arch,architecture_id=Lin11|target=lt1|feature_set=EMG|with_abs=True,abs_lt_err_median_sec,full_window,split,18,235.8806593194461,287.53796707634956,-51.657307756903464,191.27861008576772,274.68719955773133,-83.40858947196361,52.0,0.15404510498046875,-1.8274851280031226,0.08523421586232383,-0.4307423755095246,-0.17901234567901234,-105.72398596121248,-1.0959424309961652,0.6862564086914062,fdr_bh,False
phase_split_within_arch,architecture_id=Lin11|target=lt1|feature_set=EMG+NIRS+HRV|with_abs=False,abs_lt_err_median_sec,full_cycles,full_window,18,133.6114427003668,125.16285691754794,8.448585782818867,56.68826589546558,45.28795550510088,11.400310390364695,41.0,0.05385589599609375,1.0577461045031749,0.3049707796066658,0.24931314775594982,0.15432098765432098,-5.970235948709647,23.079652249603278,0.5512309354894301,fdr_bh,False
phase_split_within_arch,architecture_id=Lin11|target=lt1|feature_set=EMG+NIRS+HRV|with_abs=False,abs_lt_err_median_sec,full_cycles,split,18,133.6114427003668,180.8343130257778,-47.22287032541098,56.68826589546558,142.0995675881706,-85.41130169270502,22.0,0.00400543212890625,-3.1391829069909574,0.005980275161361086,-0.739912506972735,-0.30246913580246915,-76.93321879549245,-17.446803502630463,0.27127473250679346,fdr_bh,False
phase_split_within_arch,architecture_id=Lin11|target=lt1|feature_set=EMG+NIRS+HRV|with_abs=False,abs_lt_err_median_sec,full_window,split,18,125.16285691754794,180.8343130257778,-55.67145610822985,45.28795550510088,142.0995675881706,-96.81161208306972,22.0,0.00400543212890625,-3.486750422970038,0.002824006122741845,-0.8218349561290589,-0.345679012345679,-85.41965978376382,-23.49364438090684,0.27127473250679346,fdr_bh,False
phase_split_within_arch,architecture_id=Lin11|target=lt1|feature_set=EMG+NIRS+HRV|with_abs=True,abs_lt_err_median_sec,full_cycles,full_window,18,192.60082427821766,190.66476636107342,1.9360579171442396,96.02086829138867,82.38481987319571,13.636048418192956,72.0,0.5798416137695312,0.25705287017792744,0.8002233183696928,0.06058794254209258,0.006172839506172839,-11.613077237318624,15.562965244854471,0.8889201832237749,fdr_bh,False
phase_split_within_arch,architecture_id=Lin11|target=lt1|feature_set=EMG+NIRS+HRV|with_abs=True,abs_lt_err_median_sec,full_cycles,split,18,192.60082427821766,230.06817411647702,-37.467349838259366,96.02086829138867,164.2876471180908,-68.26677882670214,41.0,0.05385589599609375,-2.1786193240484555,0.04372259580501834,-0.5135054992195717,-0.07407407407407407,-71.63519851565299,-3.595674017518157,0.5512309354894301,fdr_bh,False
phase_split_within_arch,architecture_id=Lin11|target=lt1|feature_set=EMG+NIRS+HRV|with_abs=True,abs_lt_err_median_sec,full_window,split,18,190.66476636107342,230.06817411647702,-39.403407755403606,82.38481987319571,164.2876471180908,-81.9028272448951,44.0,0.0736846923828125,-2.06263527345913,0.05476929169521702,-0.48616779632583973,-0.05555555555555555,-78.68540201938184,-1.5283880235494838,0.5963319290515988,fdr_bh,False
phase_split_within_arch,architecture_id=Lin11|target=lt2|feature_set=EMG|with_abs=False,abs_lt_err_median_sec,full_cycles,full_window,18,258.72499637468496,294.526394868188,-35.80139849350303,246.8196505365322,318.93666767776216,-72.11701714122995,34.0,0.02367401123046875,-2.602729379553109,0.018574893180990662,-0.6134691979584863,-0.09876543209876543,-62.959499267101855,-11.34235187570773,0.42468400435014203,fdr_bh,False
phase_split_within_arch,architecture_id=Lin11|target=lt2|feature_set=EMG|with_abs=False,abs_lt_err_median_sec,full_cycles,split,18,258.72499637468496,201.66628537775838,57.05871099692658,246.8196505365322,135.94897963001546,110.87067090651675,43.0,0.06653594970703125,2.0527472544776635,0.05581981964835531,0.4838371679010745,0.17901234567901234,5.157181448189536,112.34988997596034,0.5963319290515988,fdr_bh,False
phase_split_within_arch,architecture_id=Lin11|target=lt2|feature_set=EMG|with_abs=False,abs_lt_err_median_sec,full_window,split,18,294.526394868188,201.66628537775838,92.86010949042961,318.93666767776216,135.94897963001546,182.9876880477467,37.0,0.03423309326171875,2.7500100345093235,0.01366771090783873,0.6481835812441981,0.22839506172839505,28.422054907918024,157.9486140218865,0.458196786733774,fdr_bh,False
phase_split_within_arch,architecture_id=Lin11|target=lt2|feature_set=EMG|with_abs=True,abs_lt_err_median_sec,full_cycles,full_window,18,258.72499637468496,294.526394868188,-35.80139849350303,246.8196505365322,318.93666767776216,-72.11701714122995,34.0,0.02367401123046875,-2.602729379553109,0.018574893180990662,-0.6134691979584863,-0.09876543209876543,-62.959499267101855,-11.34235187570773,0.42468400435014203,fdr_bh,False
phase_split_within_arch,architecture_id=Lin11|target=lt2|feature_set=EMG|with_abs=True,abs_lt_err_median_sec,full_cycles,split,18,258.72499637468496,201.66628537775838,57.05871099692658,246.8196505365322,135.94897963001546,110.87067090651675,43.0,0.06653594970703125,2.0527472544776635,0.05581981964835531,0.4838371679010745,0.17901234567901234,5.157181448189536,112.34988997596034,0.5963319290515988,fdr_bh,False
phase_split_within_arch,architecture_id=Lin11|target=lt2|feature_set=EMG|with_abs=True,abs_lt_err_median_sec,full_window,split,18,294.526394868188,201.66628537775838,92.86010949042961,318.93666767776216,135.94897963001546,182.9876880477467,37.0,0.03423309326171875,2.7500100345093235,0.01366771090783873,0.6481835812441981,0.22839506172839505,28.422054907918024,157.9486140218865,0.458196786733774,fdr_bh,False
phase_split_within_arch,architecture_id=Lin11|target=lt2|feature_set=EMG+NIRS+HRV|with_abs=False,abs_lt_err_median_sec,full_cycles,full_window,18,116.87470890855843,111.71303438747675,5.161674521081679,88.24074415724067,114.03977717553715,-25.799033018296484,78.0,0.7660293579101562,0.4759365406059339,0.6401784207217265,0.11217931842564083,0.018518518518518517,-15.46758221830376,28.06490678480321,0.9469918882868006,fdr_bh,False
phase_split_within_arch,architecture_id=Lin11|target=lt2|feature_set=EMG+NIRS+HRV|with_abs=False,abs_lt_err_median_sec,full_cycles,split,18,116.87470890855843,122.64746689535848,-5.772757986800045,88.24074415724067,83.75912040851506,4.48162374872561,78.0,0.7660293579101562,-0.4317790029290106,0.671328404642489,-0.10177128698168986,-0.012345679012345678,-31.067518717045225,19.204945037523075,0.9469918882868006,fdr_bh,False
phase_split_within_arch,architecture_id=Lin11|target=lt2|feature_set=EMG+NIRS+HRV|with_abs=False,abs_lt_err_median_sec,full_window,split,18,111.71303438747675,122.64746689535848,-10.934432507881723,114.03977717553715,83.75912040851506,30.280656767022094,78.0,0.7660293579101562,-0.5590858028536975,0.5833940703617487,-0.13177778748765825,-0.043209876543209874,-48.2499091664866,25.794510297768962,0.9469918882868006,fdr_bh,False
phase_split_within_arch,architecture_id=Lin11|target=lt2|feature_set=EMG+NIRS+HRV|with_abs=True,abs_lt_err_median_sec,full_cycles,full_window,18,144.17401059654784,139.7959918890448,4.378018707503031,81.13074840472615,94.65449449833267,-13.523746093606519,70.0,0.522613525390625,0.4723149378475442,0.6427083673612956,0.11132569846923374,-0.05555555555555555,-11.907994027274006,22.712810466060642,0.8619407906916469,fdr_bh,False
phase_split_within_arch,architecture_id=Lin11|target=lt2|feature_set=EMG+NIRS+HRV|with_abs=True,abs_lt_err_median_sec,full_cycles,split,18,144.17401059654784,148.50440041139927,-4.330389814851429,81.13074840472615,121.87231141191262,-40.74156300718647,83.0,0.932281494140625,-0.38363025155328073,0.7060080090559417,-0.09042251744720861,-0.06172839506172839,-26.701123134199808,17.240675164377233,0.9891279267101754,fdr_bh,False
phase_split_within_arch,architecture_id=Lin11|target=lt2|feature_set=EMG+NIRS+HRV|with_abs=True,abs_lt_err_median_sec,full_window,split,18,139.7959918890448,148.50440041139927,-8.70840852235446,94.65449449833267,121.87231141191262,-27.217816913579952,75.0,0.6705245971679688,-0.5783297957986122,0.5706242873006784,-0.13631364012380998,0.006172839506172839,-37.45755838552268,20.626512240868184,0.9304942103794643,fdr_bh,False
phase_split_within_arch,architecture_id=Lin12|target=lt1|feature_set=EMG|with_abs=False,abs_lt_err_median_sec,full_cycles,full_window,18,205.22716932170275,209.72574500977797,-4.498575688075221,187.27404158232483,200.97961616104917,-13.705574578724338,57.0,0.22875213623046875,-0.9806544401740471,0.3405141738222533,-0.2311424682159221,-0.06172839506172839,-13.033713200942573,4.654596896278317,0.6862564086914062,fdr_bh,False
phase_split_within_arch,architecture_id=Lin12|target=lt1|feature_set=EMG|with_abs=False,abs_lt_err_median_sec,full_cycles,split,18,205.22716932170275,242.0330513743344,-36.80588205263166,187.27404158232483,257.13168062890514,-69.85763904658032,56.0,0.2121429443359375,-1.4661035084965792,0.16087324649154244,-0.3455639109264401,-0.15432098765432098,-87.83660322540716,10.189358266247273,0.6862564086914062,fdr_bh,False
phase_split_within_arch,architecture_id=Lin12|target=lt1|feature_set=EMG|with_abs=False,abs_lt_err_median_sec,full_window,split,18,209.72574500977797,242.0330513743344,-32.30730636455644,200.97961616104917,257.13168062890514,-56.15206446785598,66.0,0.4171142578125,-1.146705998520455,0.2673872821249784,-0.2702811958603683,-0.1111111111111111,-88.86393274880777,19.384322870988456,0.8019655343577349,fdr_bh,False
phase_split_within_arch,architecture_id=Lin12|target=lt1|feature_set=EMG|with_abs=True,abs_lt_err_median_sec,full_cycles,full_window,18,205.22716932170275,209.72574500977797,-4.498575688075221,187.27404158232483,200.97961616104917,-13.705574578724338,57.0,0.22875213623046875,-0.9806544401740471,0.3405141738222533,-0.2311424682159221,-0.06172839506172839,-13.033713200942573,4.654596896278317,0.6862564086914062,fdr_bh,False
phase_split_within_arch,architecture_id=Lin12|target=lt1|feature_set=EMG|with_abs=True,abs_lt_err_median_sec,full_cycles,split,18,205.22716932170275,242.0330513743344,-36.80588205263166,187.27404158232483,257.13168062890514,-69.85763904658032,56.0,0.2121429443359375,-1.4661035084965792,0.16087324649154244,-0.3455639109264401,-0.15432098765432098,-87.83660322540716,10.189358266247273,0.6862564086914062,fdr_bh,False
phase_split_within_arch,architecture_id=Lin12|target=lt1|feature_set=EMG|with_abs=True,abs_lt_err_median_sec,full_window,split,18,209.72574500977797,242.0330513743344,-32.30730636455644,200.97961616104917,257.13168062890514,-56.15206446785598,66.0,0.4171142578125,-1.146705998520455,0.2673872821249784,-0.2702811958603683,-0.1111111111111111,-88.86393274880777,19.384322870988456,0.8019655343577349,fdr_bh,False
phase_split_within_arch,architecture_id=Lin12|target=lt1|feature_set=EMG+NIRS+HRV|with_abs=False,abs_lt_err_median_sec,full_cycles,full_window,18,135.6922903400417,136.14735268368338,-0.45506234364168563,75.05885784939488,65.42230230194872,9.636555547446164,84.0,0.9661178588867188,-0.1235407477005429,0.9031278055545094,-0.02911883348397009,0.030864197530864196,-7.590734666743467,6.887944365995191,0.9947012274928347,fdr_bh,False
phase_split_within_arch,architecture_id=Lin12|target=lt1|feature_set=EMG+NIRS+HRV|with_abs=False,abs_lt_err_median_sec,full_cycles,split,18,135.6922903400417,156.09832200487037,-20.406031664828674,75.05885784939488,115.28602850595172,-40.22717065655684,60.0,0.28372955322265625,-1.2531977009872017,0.22709686795467005,-0.2953815308451472,-0.16666666666666666,-54.218984344698136,8.992631736680082,0.7260138567756204,fdr_bh,False
phase_split_within_arch,architecture_id=Lin12|target=lt1|feature_set=EMG+NIRS+HRV|with_abs=False,abs_lt_err_median_sec,full_window,split,18,136.14735268368338,156.09832200487037,-19.95096932118699,65.42230230194872,115.28602850595172,-49.863726204003,63.0,0.34654998779296875,-1.1267235231117896,0.27551321234591847,-0.265571281238248,-0.17901234567901234,-57.62816972133058,10.342852608484632,0.76571044921875,fdr_bh,False
phase_split_within_arch,architecture_id=Lin12|target=lt1|feature_set=EMG+NIRS+HRV|with_abs=True,abs_lt_err_median_sec,full_cycles,full_window,18,176.52709910461786,172.90777121183345,3.619327892784412,119.07860361947363,114.05765096659084,5.020952652882784,62.0,0.32472991943359375,0.8359343839257182,0.41478731964423343,0.19703162383362471,0.037037037037037035,-4.516635202590214,12.007002850885272,0.7533734130859375,fdr_bh,False
phase_split_within_arch,architecture_id=Lin12|target=lt1|feature_set=EMG+NIRS+HRV|with_abs=True,abs_lt_err_median_sec,full_cycles,split,18,176.52709910461786,179.04291763134222,-2.5158185267243596,119.07860361947363,110.14192340233089,8.936680217142737,79.0,0.7987060546875,-0.1353457595174943,0.8939281766967173,-0.03190130145322131,0.030864197530864196,-41.285827473827595,28.7772816867964,0.9568286738119836,fdr_bh,False
phase_split_within_arch,architecture_id=Lin12|target=lt1|feature_set=EMG+NIRS+HRV|with_abs=True,abs_lt_err_median_sec,full_window,split,18,172.90777121183345,179.04291763134222,-6.1351464195087715,114.05765096659084,110.14192340233089,3.915727564259953,81.0,0.8650436401367188,-0.28830415908514584,0.7765995144129565,-0.06795394197779726,-0.024691358024691357,-52.21542301315531,30.356144849477992,0.96331259765625,fdr_bh,False
phase_split_within_arch,architecture_id=Lin12|target=lt2|feature_set=EMG|with_abs=False,abs_lt_err_median_sec,full_cycles,full_window,18,215.46414263615154,221.11931470513778,-5.655172068986246,150.78942117233942,142.46116584918582,8.328255323153599,59.0,0.2645263671875,-1.125211254386772,0.27613558362553,-0.265214836081436,-0.04938271604938271,-15.175551416135237,4.072710167723857,0.72484390378937,fdr_bh,False
phase_split_within_arch,architecture_id=Lin12|target=lt2|feature_set=EMG|with_abs=False,abs_lt_err_median_sec,full_cycles,split,18,215.46414263615154,200.23575570524554,15.228386930905998,150.78942117233942,110.93272261825928,39.85669855408014,77.0,0.7337265014648438,0.6586992099839057,0.5189116481037496,0.15525689271394713,0.1111111111111111,-29.129149866508882,59.58645323395355,0.9456919352213542,fdr_bh,False
phase_split_within_arch,architecture_id=Lin12|target=lt2|feature_set=EMG|with_abs=False,abs_lt_err_median_sec,full_window,split,18,221.11931470513778,200.23575570524554,20.883558999892244,142.46116584918582,110.93272261825928,31.52844323092654,67.0,0.44229888916015625,0.8551980201250604,0.40433367319813773,0.20157210642924656,0.15432098765432098,-23.406575028880614,66.17422567467229,0.814391605437748,fdr_bh,False
phase_split_within_arch,architecture_id=Lin12|target=lt2|feature_set=EMG|with_abs=True,abs_lt_err_median_sec,full_cycles,full_window,18,215.46414263615154,221.11931470513778,-5.655172068986246,150.78942117233942,142.46116584918582,8.328255323153599,59.0,0.2645263671875,-1.125211254386772,0.27613558362553,-0.265214836081436,-0.04938271604938271,-15.175551416135237,4.072710167723857,0.72484390378937,fdr_bh,False
phase_split_within_arch,architecture_id=Lin12|target=lt2|feature_set=EMG|with_abs=True,abs_lt_err_median_sec,full_cycles,split,18,215.46414263615154,200.23575570524554,15.228386930905998,150.78942117233942,110.93272261825928,39.85669855408014,77.0,0.7337265014648438,0.6586992099839057,0.5189116481037496,0.15525689271394713,0.1111111111111111,-29.129149866508882,59.58645323395355,0.9456919352213542,fdr_bh,False
phase_split_within_arch,architecture_id=Lin12|target=lt2|feature_set=EMG|with_abs=True,abs_lt_err_median_sec,full_window,split,18,221.11931470513778,200.23575570524554,20.883558999892244,142.46116584918582,110.93272261825928,31.52844323092654,67.0,0.44229888916015625,0.8551980201250604,0.40433367319813773,0.20157210642924656,0.15432098765432098,-23.406575028880614,66.17422567467229,0.814391605437748,fdr_bh,False
phase_split_within_arch,architecture_id=Lin12|target=lt2|feature_set=EMG+NIRS+HRV|with_abs=False,abs_lt_err_median_sec,full_cycles,full_window,18,136.1080768131817,136.97744522741266,-0.8693684142309621,114.7537954975736,126.30416889144124,-11.55037339386763,73.0,0.6094589233398438,-0.3390737740365669,0.7387065720279621,-0.07992045498125719,-0.012345679012345678,-5.324776093902628,3.9712930275380276,0.9044422401802372,fdr_bh,False
phase_split_within_arch,architecture_id=Lin12|target=lt2|feature_set=EMG+NIRS+HRV|with_abs=False,abs_lt_err_median_sec,full_cycles,split,18,136.1080768131817,128.88107346482965,7.227003348352042,114.7537954975736,87.91859551061054,26.83519998696306,79.0,0.7987060546875,0.861499753298344,0.4009515610830837,0.20305743918259894,0.0,-8.00917241781498,24.036854169891225,0.9568286738119836,fdr_bh,False
phase_split_within_arch,architecture_id=Lin12|target=lt2|feature_set=EMG+NIRS+HRV|with_abs=False,abs_lt_err_median_sec,full_window,split,18,136.97744522741266,128.88107346482965,8.096371762583004,126.30416889144124,87.91859551061054,38.38557338083069,76.0,0.7018814086914062,0.8506641279502053,0.40677847076236745,0.20050345779524373,0.06172839506172839,-9.744513638717685,26.90466887608052,0.9304942103794643,fdr_bh,False
phase_split_within_arch,architecture_id=Lin12|target=lt2|feature_set=EMG+NIRS+HRV|with_abs=True,abs_lt_err_median_sec,full_cycles,full_window,18,126.28918178915607,129.6682773350213,-3.379095545865212,88.51005723952107,88.39002066596993,0.12003657355114683,54.0,0.18146514892578125,-1.2055027791449024,0.24452143946021815,-0.2841397299575298,0.0,-8.627207736624197,1.8563351877656487,0.6862564086914062,fdr_bh,False
phase_split_within_arch,architecture_id=Lin12|target=lt2|feature_set=EMG+NIRS+HRV|with_abs=True,abs_lt_err_median_sec,full_cycles,split,18,126.28918178915607,113.3564374028888,12.932744386267274,88.51005723952107,92.88327625046531,-4.37321901094424,53.0,0.16735076904296875,1.0601299513174867,0.3039160021847797,0.24987502583851978,0.10493827160493827,-12.753910520279378,34.18398527425416,0.6862564086914062,fdr_bh,False
phase_split_within_arch,architecture_id=Lin12|target=lt2|feature_set=EMG+NIRS+HRV|with_abs=True,abs_lt_err_median_sec,full_window,split,18,129.6682773350213,113.3564374028888,16.311839932132486,88.39002066596993,92.88327625046531,-4.493255584495387,48.0,0.1083831787109375,1.3000377982933629,0.21093914975224548,0.30642184765735536,0.10493827160493827,-10.285508822493812,37.477629919860554,0.6339049780068278,fdr_bh,False
phase_split_within_arch,architecture_id=Lin13|target=lt1|feature_set=EMG|with_abs=False,abs_lt_err_median_sec,full_cycles,full_window,18,215.88595144981616,218.24390345093434,-2.3579520011181785,206.3548974661393,205.46766606538313,0.8872314007561783,68.0,0.468292236328125,-0.5209474364320734,0.6091229328166681,-0.12278848831428898,-0.04938271604938271,-10.817712434584186,6.683519720298795,0.82305908203125,fdr_bh,False
phase_split_within_arch,architecture_id=Lin13|target=lt1|feature_set=EMG|with_abs=False,abs_lt_err_median_sec,full_cycles,split,18,215.88595144981616,253.33551639988178,-37.44956495006562,206.3548974661393,266.61982535263644,-60.264927886497134,54.0,0.18146514892578125,-1.392855987828044,0.18161246797843342,-0.32829930473649904,-0.1728395061728395,-89.42296508161353,13.336193026799195,0.6862564086914062,fdr_bh,False
phase_split_within_arch,architecture_id=Lin13|target=lt1|feature_set=EMG|with_abs=False,abs_lt_err_median_sec,full_window,split,18,218.24390345093434,253.33551639988178,-35.09161294894744,205.46766606538313,266.61982535263644,-61.15215928725331,67.0,0.44229888916015625,-1.1925706783585521,0.24941820927166763,-0.28109160457052446,-0.1111111111111111,-92.93508937129701,19.268457747058594,0.814391605437748,fdr_bh,False
phase_split_within_arch,architecture_id=Lin13|target=lt1|feature_set=EMG|with_abs=True,abs_lt_err_median_sec,full_cycles,full_window,18,215.88595144981616,218.24390345093434,-2.3579520011181785,206.3548974661393,205.46766606538313,0.8872314007561783,68.0,0.468292236328125,-0.5209474364320734,0.6091229328166681,-0.12278848831428898,-0.04938271604938271,-10.817712434584186,6.683519720298795,0.82305908203125,fdr_bh,False
phase_split_within_arch,architecture_id=Lin13|target=lt1|feature_set=EMG|with_abs=True,abs_lt_err_median_sec,full_cycles,split,18,215.88595144981616,253.33551639988178,-37.44956495006562,206.3548974661393,266.61982535263644,-60.264927886497134,54.0,0.18146514892578125,-1.392855987828044,0.18161246797843342,-0.32829930473649904,-0.1728395061728395,-89.42296508161353,13.336193026799195,0.6862564086914062,fdr_bh,False
phase_split_within_arch,architecture_id=Lin13|target=lt1|feature_set=EMG|with_abs=True,abs_lt_err_median_sec,full_window,split,18,218.24390345093434,253.33551639988178,-35.09161294894744,205.46766606538313,266.61982535263644,-61.15215928725331,67.0,0.44229888916015625,-1.1925706783585521,0.24941820927166763,-0.28109160457052446,-0.1111111111111111,-92.93508937129701,19.268457747058594,0.814391605437748,fdr_bh,False
phase_split_within_arch,architecture_id=Lin13|target=lt1|feature_set=EMG+NIRS+HRV|with_abs=False,abs_lt_err_median_sec,full_cycles,full_window,18,132.86037663320448,130.456885228454,2.4034914047504685,75.78207360798078,67.7069052002395,8.075168407741273,71.0,0.550872802734375,0.5820308506815371,0.5681850993314003,0.13718598712556326,0.018518518518518517,-5.420926420629092,10.685467497264348,0.8773626331879291,fdr_bh,False
phase_split_within_arch,architecture_id=Lin13|target=lt1|feature_set=EMG+NIRS+HRV|with_abs=False,abs_lt_err_median_sec,full_cycles,split,18,132.86037663320448,154.38958323650579,-21.529206603301304,75.78207360798078,99.54708829049369,-23.765014682512913,57.0,0.22875213623046875,-1.3696808607697672,0.18860828919655429,-0.32283687490391,-0.16666666666666666,-55.02276527726646,6.3579157790646335,0.6862564086914062,fdr_bh,False
phase_split_within_arch,architecture_id=Lin13|target=lt1|feature_set=EMG+NIRS+HRV|with_abs=False,abs_lt_err_median_sec,full_window,split,18,130.456885228454,154.38958323650579,-23.932698008051773,67.7069052002395,99.54708829049369,-31.840183090254186,52.0,0.15404510498046875,-1.393201959829056,0.18150964049557458,-0.3283808511191711,-0.22839506172839505,-59.86277671966414,4.852823153859402,0.6862564086914062,fdr_bh,False
phase_split_within_arch,architecture_id=Lin13|target=lt1|feature_set=EMG+NIRS+HRV|with_abs=True,abs_lt_err_median_sec,full_cycles,full_window,18,179.78250463224822,177.59706711099003,2.1854375212581942,122.77783441408369,115.34294891865767,7.434885495426016,68.0,0.468292236328125,0.48548838240292536,0.6335276849484583,0.11443070912813211,0.030864197530864196,-6.2262548863377924,11.028946265265356,0.82305908203125,fdr_bh,False
phase_split_within_arch,architecture_id=Lin13|target=lt1|feature_set=EMG+NIRS+HRV|with_abs=True,abs_lt_err_median_sec,full_cycles,split,18,179.78250463224822,184.78816205299785,-5.005657420749628,122.77783441408369,112.9947450853526,9.78308932873108,83.0,0.932281494140625,-0.27463615209722037,0.7869054104336026,-0.06473236183564153,0.024691358024691357,-42.55925414230464,26.094304038257352,0.9891279267101754,fdr_bh,False
phase_split_within_arch,architecture_id=Lin13|target=lt1|feature_set=EMG+NIRS+HRV|with_abs=True,abs_lt_err_median_sec,full_window,split,18,177.59706711099003,184.78816205299785,-7.1910949420078225,115.34294891865767,112.9947450853526,2.348203833305064,81.0,0.8650436401367188,-0.3466525796561671,0.7331061398751497,-0.08170679659689518,-0.024691358024691357,-51.31783275787921,28.9370397541705,0.96331259765625,fdr_bh,False
phase_split_within_arch,architecture_id=Lin13|target=lt2|feature_set=EMG|with_abs=False,abs_lt_err_median_sec,full_cycles,full_window,18,214.14189235038927,215.04201255455027,-0.9001202041609986,141.79020472716167,144.26158103776436,-2.471376310602693,72.0,0.5798416137695312,-0.19090456699880806,0.8508616945684587,-0.04499663796144626,-0.024691358024691357,-9.372609363315805,8.335345682391285,0.8889201832237749,fdr_bh,False
phase_split_within_arch,architecture_id=Lin13|target=lt2|feature_set=EMG|with_abs=False,abs_lt_err_median_sec,full_cycles,split,18,214.14189235038927,209.2951106474426,4.846781702946657,141.79020472716167,122.98090343132094,18.809301295840726,85.0,1.0,0.20200268300961677,0.8423121977782454,0.04761248899132553,0.06172839506172839,-39.38241890267358,49.28218517179854,1.0,fdr_bh,False
phase_split_within_arch,architecture_id=Lin13|target=lt2|feature_set=EMG|with_abs=False,abs_lt_err_median_sec,full_window,split,18,215.04201255455027,209.2951106474426,5.746901907107656,144.26158103776436,122.98090343132094,21.28067760644342,84.0,0.9661178588867188,0.2230416933063783,0.8261610425296069,0.05257143127475677,0.04938271604938271,-40.54535569607673,52.49396314503837,0.9947012274928347,fdr_bh,False
phase_split_within_arch,architecture_id=Lin13|target=lt2|feature_set=EMG|with_abs=True,abs_lt_err_median_sec,full_cycles,full_window,18,214.14189235038927,215.04201255455027,-0.9001202041609986,141.79020472716167,144.26158103776436,-2.471376310602693,72.0,0.5798416137695312,-0.19090456699880806,0.8508616945684587,-0.04499663796144626,-0.024691358024691357,-9.372609363315805,8.335345682391285,0.8889201832237749,fdr_bh,False
phase_split_within_arch,architecture_id=Lin13|target=lt2|feature_set=EMG|with_abs=True,abs_lt_err_median_sec,full_cycles,split,18,214.14189235038927,209.2951106474426,4.846781702946657,141.79020472716167,122.98090343132094,18.809301295840726,85.0,1.0,0.20200268300961677,0.8423121977782454,0.04761248899132553,0.06172839506172839,-39.38241890267358,49.28218517179854,1.0,fdr_bh,False
phase_split_within_arch,architecture_id=Lin13|target=lt2|feature_set=EMG|with_abs=True,abs_lt_err_median_sec,full_window,split,18,215.04201255455027,209.2951106474426,5.746901907107656,144.26158103776436,122.98090343132094,21.28067760644342,84.0,0.9661178588867188,0.2230416933063783,0.8261610425296069,0.05257143127475677,0.04938271604938271,-40.54535569607673,52.49396314503837,0.9947012274928347,fdr_bh,False
phase_split_within_arch,architecture_id=Lin13|target=lt2|feature_set=EMG+NIRS+HRV|with_abs=False,abs_lt_err_median_sec,full_cycles,full_window,18,128.98465161309255,129.7763679152221,-0.7917163021295437,105.99020377276463,123.87312172990664,-17.882917957142013,84.0,0.9661178588867188,-0.29514223243264803,0.7714594091782072,-0.06956569132255386,0.0,-5.843343561639874,4.3108060718624275,0.9947012274928347,fdr_bh,False
phase_split_within_arch,architecture_id=Lin13|target=lt2|feature_set=EMG+NIRS+HRV|with_abs=False,abs_lt_err_median_sec,full_cycles,split,18,128.98465161309255,124.09477466277735,4.889876950315198,105.99020377276463,90.73442180990929,15.255781962855337,85.0,1.0,0.5491676703143337,0.5900317633614035,0.1294400612292279,0.037037037037037035,-12.004938770271588,22.43788661241363,1.0,fdr_bh,False
phase_split_within_arch,architecture_id=Lin13|target=lt2|feature_set=EMG+NIRS+HRV|with_abs=False,abs_lt_err_median_sec,full_window,split,18,129.7763679152221,124.09477466277735,5.681593252444742,123.87312172990664,90.73442180990929,33.13869991999735,80.0,0.83172607421875,0.5972293897893247,0.5582258262587144,0.14076831714797844,0.043209876543209874,-11.461607739963634,24.624811183633284,0.9568286738119836,fdr_bh,False
phase_split_within_arch,architecture_id=Lin13|target=lt2|feature_set=EMG+NIRS+HRV|with_abs=True,abs_lt_err_median_sec,full_cycles,full_window,18,123.15043518732965,128.05790964268743,-4.907474455357786,83.4286132075942,88.88091493053776,-5.4523017229435595,52.0,0.15404510498046875,-1.5571833122223109,0.13784710878507628,-0.36703162654097493,-0.024691358024691357,-11.119504723952064,1.0076084334697966,0.6862564086914062,fdr_bh,False
phase_split_within_arch,architecture_id=Lin13|target=lt2|feature_set=EMG+NIRS+HRV|with_abs=True,abs_lt_err_median_sec,full_cycles,split,18,123.15043518732965,115.32101942873288,7.829415758596767,83.4286132075942,93.83927830965911,-10.410665102064911,60.0,0.28372955322265625,0.6553392881793172,0.5210196668973129,0.15446495154985343,0.06172839506172839,-17.83417542233528,27.787706830966954,0.7260138567756204,fdr_bh,False
phase_split_within_arch,architecture_id=Lin13|target=lt2|feature_set=EMG+NIRS+HRV|with_abs=True,abs_lt_err_median_sec,full_window,split,18,128.05790964268743,115.32101942873288,12.736890213954553,88.88091493053776,93.83927830965911,-4.9583633791213515,50.0,0.12973785400390625,1.1165664161806585,0.2797134176175567,0.26317722817550154,0.1111111111111111,-11.845598616600967,31.905535992353343,0.6789289202008928,fdr_bh,False
phase_split_within_arch,architecture_id=Lin14|target=lt1|feature_set=EMG|with_abs=False,abs_lt_err_median_sec,full_cycles,full_window,18,248.24283480364318,250.49646941333515,-2.2536346096919715,211.62778156695896,222.42850871557138,-10.800727148612424,66.0,0.4171142578125,-0.3632243830835361,0.720914462494299,-0.08561280812355622,0.0,-12.429838665572083,10.34478293835195,0.8019655343577349,fdr_bh,False
phase_split_within_arch,architecture_id=Lin14|target=lt1|feature_set=EMG|with_abs=False,abs_lt_err_median_sec,full_cycles,split,18,248.24283480364318,291.3240005938815,-43.081165790238344,211.62778156695896,284.4738982458632,-72.84611667890425,56.0,0.2121429443359375,-1.505518516282845,0.15054496072076418,-0.3548541173551698,-0.07407407407407407,-98.38405859814723,10.38864817093009,0.6862564086914062,fdr_bh,False
phase_split_within_arch,architecture_id=Lin14|target=lt1|feature_set=EMG|with_abs=False,abs_lt_err_median_sec,full_window,split,18,250.49646941333515,291.3240005938815,-40.82753118054637,222.42850871557138,284.4738982458632,-62.04538953029183,57.0,0.22875213623046875,-1.3555550494695776,0.19297764200897666,-0.31950738925053473,-0.06790123456790123,-98.40848502641704,16.89904990635389,0.6862564086914062,fdr_bh,False
phase_split_within_arch,architecture_id=Lin14|target=lt1|feature_set=EMG|with_abs=True,abs_lt_err_median_sec,full_cycles,full_window,18,248.24283480364318,250.49646941333515,-2.2536346096919715,211.62778156695896,222.42850871557138,-10.800727148612424,66.0,0.4171142578125,-0.3632243830835361,0.720914462494299,-0.08561280812355622,0.0,-12.429838665572083,10.34478293835195,0.8019655343577349,fdr_bh,False
phase_split_within_arch,architecture_id=Lin14|target=lt1|feature_set=EMG|with_abs=True,abs_lt_err_median_sec,full_cycles,split,18,248.24283480364318,291.3240005938815,-43.081165790238344,211.62778156695896,284.4738982458632,-72.84611667890425,56.0,0.2121429443359375,-1.505518516282845,0.15054496072076418,-0.3548541173551698,-0.07407407407407407,-98.38405859814723,10.38864817093009,0.6862564086914062,fdr_bh,False
phase_split_within_arch,architecture_id=Lin14|target=lt1|feature_set=EMG|with_abs=True,abs_lt_err_median_sec,full_window,split,18,250.49646941333515,291.3240005938815,-40.82753118054637,222.42850871557138,284.4738982458632,-62.04538953029183,57.0,0.22875213623046875,-1.3555550494695776,0.19297764200897666,-0.31950738925053473,-0.06790123456790123,-98.40848502641704,16.89904990635389,0.6862564086914062,fdr_bh,False
phase_split_within_arch,architecture_id=Lin14|target=lt1|feature_set=EMG+NIRS+HRV|with_abs=False,abs_lt_err_median_sec,full_cycles,full_window,18,124.93936166576749,122.65205695263295,2.287304713134546,52.201658025204665,55.94160111607147,-3.7399430908668023,65.0,0.39273834228515625,0.37037207874759154,0.7156795393470667,0.08729753614819333,0.043209876543209874,-9.394502940082106,13.372235919224641,0.7877403061396794,fdr_bh,False
phase_split_within_arch,architecture_id=Lin14|target=lt1|feature_set=EMG+NIRS+HRV|with_abs=False,abs_lt_err_median_sec,full_cycles,split,18,124.93936166576749,154.50753820977548,-29.568176544007983,52.201658025204665,89.80888627627769,-37.607228251073025,48.0,0.1083831787109375,-2.0535809768825177,0.05573054203908938,-0.484033678156441,-0.19135802469135801,-60.230017955113404,-1.9603615206540672,0.6339049780068278,fdr_bh,False
phase_split_within_arch,architecture_id=Lin14|target=lt1|feature_set=EMG+NIRS+HRV|with_abs=False,abs_lt_err_median_sec,full_window,split,18,122.65205695263295,154.50753820977548,-31.85548125714253,55.94160111607147,89.80888627627769,-33.86728516020622,46.0,0.0897674560546875,-2.018672477538623,0.05958145796364259,-0.4758056659540696,-0.22839506172839505,-66.10094530090637,-3.7202178505411627,0.6339049780068278,fdr_bh,False
phase_split_within_arch,architecture_id=Lin14|target=lt1|feature_set=EMG+NIRS+HRV|with_abs=True,abs_lt_err_median_sec,full_cycles,full_window,18,191.8061262360699,184.88601539066414,6.920110845405759,103.60541550255903,123.07462841430547,-19.46921291174644,55.0,0.19638824462890625,1.0957276155911342,0.2884788524875379,0.2582654757726192,0.07407407407407407,-5.075191226512829,18.714845878370145,0.6862564086914062,fdr_bh,False
phase_split_within_arch,architecture_id=Lin14|target=lt1|feature_set=EMG+NIRS+HRV|with_abs=True,abs_lt_err_median_sec,full_cycles,split,18,191.8061262360699,204.00977033616667,-12.203644100096767,103.60541550255903,152.02725652294436,-48.42184102038533,76.0,0.7018814086914062,-0.7205575082081723,0.480973442179998,-0.1698370334296267,-0.012345679012345678,-45.75082932060725,19.097771072966236,0.9304942103794643,fdr_bh,False
phase_split_within_arch,architecture_id=Lin14|target=lt1|feature_set=EMG+NIRS+HRV|with_abs=True,abs_lt_err_median_sec,full_window,split,18,184.88601539066414,204.00977033616667,-19.123754945502526,123.07462841430547,152.02725652294436,-28.95262810863889,62.0,0.32472991943359375,-0.9729524496323623,0.3442185735109621,-0.22932709163570206,-0.05555555555555555,-58.98714016576066,16.920536026233293,0.7533734130859375,fdr_bh,False
phase_split_within_arch,architecture_id=Lin14|target=lt2|feature_set=EMG|with_abs=False,abs_lt_err_median_sec,full_cycles,full_window,18,219.93842538589197,232.9462133299228,-13.007787944030838,120.8637417430026,159.60722804550676,-38.74348630250415,53.0,0.16735076904296875,-1.774145304190047,0.09394963715305288,-0.4181700584676841,-0.08024691358024691,-26.988589684793755,0.5277955407561206,0.6862564086914062,fdr_bh,False
phase_split_within_arch,architecture_id=Lin14|target=lt2|feature_set=EMG|with_abs=False,abs_lt_err_median_sec,full_cycles,split,18,219.93842538589197,230.38955844849755,-10.451133062605578,120.8637417430026,188.85136433241632,-67.98762258941372,85.0,1.0,-0.40161397140140914,0.6929718840594861,-0.09466132086573219,0.0,-61.71451684134433,35.015349913236584,1.0,fdr_bh,False
phase_split_within_arch,architecture_id=Lin14|target=lt2|feature_set=EMG|with_abs=False,abs_lt_err_median_sec,full_window,split,18,232.9462133299228,230.38955844849755,2.55665488142526,159.60722804550676,188.85136433241632,-29.244136286909566,85.0,1.0,0.09315223069615604,0.9268716488712846,0.021956191335968534,0.04938271604938271,-49.575219109727804,55.47243715976495,1.0,fdr_bh,False
phase_split_within_arch,architecture_id=Lin14|target=lt2|feature_set=EMG|with_abs=True,abs_lt_err_median_sec,full_cycles,full_window,18,219.93842538589197,232.9462133299228,-13.007787944030838,120.8637417430026,159.60722804550676,-38.74348630250415,53.0,0.16735076904296875,-1.774145304190047,0.09394963715305288,-0.4181700584676841,-0.08024691358024691,-26.988589684793755,0.5277955407561206,0.6862564086914062,fdr_bh,False
phase_split_within_arch,architecture_id=Lin14|target=lt2|feature_set=EMG|with_abs=True,abs_lt_err_median_sec,full_cycles,split,18,219.93842538589197,230.38955844849755,-10.451133062605578,120.8637417430026,188.85136433241632,-67.98762258941372,85.0,1.0,-0.40161397140140914,0.6929718840594861,-0.09466132086573219,0.0,-61.71451684134433,35.015349913236584,1.0,fdr_bh,False
phase_split_within_arch,architecture_id=Lin14|target=lt2|feature_set=EMG|with_abs=True,abs_lt_err_median_sec,full_window,split,18,232.9462133299228,230.38955844849755,2.55665488142526,159.60722804550676,188.85136433241632,-29.244136286909566,85.0,1.0,0.09315223069615604,0.9268716488712846,0.021956191335968534,0.04938271604938271,-49.575219109727804,55.47243715976495,1.0,fdr_bh,False
phase_split_within_arch,architecture_id=Lin14|target=lt2|feature_set=EMG+NIRS+HRV|with_abs=False,abs_lt_err_median_sec,full_cycles,full_window,18,118.78485169550908,118.05509935940502,0.7297523361040561,102.72523461858827,114.86821333046436,-12.142978711876083,76.0,0.7018814086914062,0.15199614555297505,0.8809792675088195,0.03582583507824205,0.006172839506172839,-8.628119493635428,10.348287219940875,0.9304942103794643,fdr_bh,False
phase_split_within_arch,architecture_id=Lin14|target=lt2|feature_set=EMG+NIRS+HRV|with_abs=False,abs_lt_err_median_sec,full_cycles,split,18,118.78485169550908,114.7782139358869,4.00663775962218,102.72523461858827,88.63365333358468,14.091581285003599,82.0,0.8985748291015625,0.39464901129489643,0.6980092020938155,0.09301966402506255,0.06790123456790123,-15.634274009807744,25.212459627120527,0.9833460393941627,fdr_bh,False
phase_split_within_arch,architecture_id=Lin14|target=lt2|feature_set=EMG+NIRS+HRV|with_abs=False,abs_lt_err_median_sec,full_window,split,18,118.05509935940502,114.7782139358869,3.2768854235181237,114.86821333046436,88.63365333358468,26.234559996879682,83.0,0.932281494140625,0.2906652972022937,0.774823452887786,0.06851046756911502,0.043209876543209874,-18.11101855124534,26.411301980565316,0.9891279267101754,fdr_bh,False
phase_split_within_arch,architecture_id=Lin14|target=lt2|feature_set=EMG+NIRS+HRV|with_abs=True,abs_lt_err_median_sec,full_cycles,full_window,18,128.1658564991302,132.6726584646095,-4.506801965479298,80.46245667549329,93.55502582798681,-13.092569152493525,70.0,0.522613525390625,-0.921858886295505,0.36950080507342153,-0.2172842232655433,-0.07407407407407407,-14.688761026976247,4.117641568824431,0.8619407906916469,fdr_bh,False
phase_split_within_arch,architecture_id=Lin14|target=lt2|feature_set=EMG+NIRS+HRV|with_abs=True,abs_lt_err_median_sec,full_cycles,split,18,128.1658564991302,127.56274913956935,0.6031073595608518,80.46245667549329,108.93709763361954,-28.47464095812626,72.0,0.5798416137695312,0.05105478407536112,0.9598769659775239,0.012033728010567603,0.0,-25.285531810801444,22.07701681904852,0.8889201832237749,fdr_bh,False
phase_split_within_arch,architecture_id=Lin14|target=lt2|feature_set=EMG+NIRS+HRV|with_abs=True,abs_lt_err_median_sec,full_window,split,18,132.6726584646095,127.56274913956935,5.1099093250401495,93.55502582798681,108.93709763361954,-15.382071805632734,75.0,0.6705245971679688,0.45267625857675425,0.6565055418214756,0.106696817373926,0.07407407407407407,-17.098430745013804,26.580800186813722,0.9304942103794643,fdr_bh,False
phase_split_within_arch,architecture_id=Lin15|target=lt1|feature_set=EMG|with_abs=False,abs_lt_err_median_sec,full_cycles,full_window,18,180.90954643744146,183.85436598496193,-2.944819547520467,149.89160933785132,151.70222505286557,-1.8106157150142508,59.0,0.2645263671875,-0.8230772676802153,0.4218604882014074,-0.1940011724723918,-0.06172839506172839,-9.879356083176225,4.004231928938048,0.72484390378937,fdr_bh,False
phase_split_within_arch,architecture_id=Lin15|target=lt1|feature_set=EMG|with_abs=False,abs_lt_err_median_sec,full_cycles,split,18,180.90954643744146,202.687342642308,-21.777796204866547,149.89160933785132,172.456159796911,-22.56455045905969,64.0,0.3692169189453125,-1.3358681891565842,0.19920187117248273,-0.3148671517746715,-0.12962962962962962,-53.650504325661636,8.601992708236619,0.7670894793610075,fdr_bh,False
phase_split_within_arch,architecture_id=Lin15|target=lt1|feature_set=EMG|with_abs=False,abs_lt_err_median_sec,full_window,split,18,183.85436598496193,202.687342642308,-18.83297665734608,151.70222505286557,172.456159796911,-20.753934744045438,70.0,0.522613525390625,-1.0676757298083432,0.30059465615406483,-0.2516535828852585,-0.09876543209876543,-54.877578224874746,13.153881839713067,0.8619407906916469,fdr_bh,False
phase_split_within_arch,architecture_id=Lin15|target=lt1|feature_set=EMG|with_abs=True,abs_lt_err_median_sec,full_cycles,full_window,18,180.90954643744146,183.85436598496193,-2.944819547520467,149.89160933785132,151.70222505286557,-1.8106157150142508,59.0,0.2645263671875,-0.8230772676802153,0.4218604882014074,-0.1940011724723918,-0.06172839506172839,-9.879356083176225,4.004231928938048,0.72484390378937,fdr_bh,False
phase_split_within_arch,architecture_id=Lin15|target=lt1|feature_set=EMG|with_abs=True,abs_lt_err_median_sec,full_cycles,split,18,180.90954643744146,202.687342642308,-21.777796204866547,149.89160933785132,172.456159796911,-22.56455045905969,64.0,0.3692169189453125,-1.3358681891565842,0.19920187117248273,-0.3148671517746715,-0.12962962962962962,-53.650504325661636,8.601992708236619,0.7670894793610075,fdr_bh,False
phase_split_within_arch,architecture_id=Lin15|target=lt1|feature_set=EMG|with_abs=True,abs_lt_err_median_sec,full_window,split,18,183.85436598496193,202.687342642308,-18.83297665734608,151.70222505286557,172.456159796911,-20.753934744045438,70.0,0.522613525390625,-1.0676757298083432,0.30059465615406483,-0.2516535828852585,-0.09876543209876543,-54.877578224874746,13.153881839713067,0.8619407906916469,fdr_bh,False
phase_split_within_arch,architecture_id=Lin15|target=lt1|feature_set=EMG+NIRS+HRV|with_abs=False,abs_lt_err_median_sec,full_cycles,full_window,18,140.27155549826398,142.55629141855994,-2.284735920295958,94.1784143012635,88.79200953945195,5.386404761811548,74.0,0.6396942138671875,-1.0812684425110326,0.29467838810630376,-0.25485741599418926,-0.012345679012345678,-6.7840113639206026,1.1709028701189133,0.9198908529990961,fdr_bh,False
phase_split_within_arch,architecture_id=Lin15|target=lt1|feature_set=EMG+NIRS+HRV|with_abs=False,abs_lt_err_median_sec,full_cycles,split,18,140.27155549826398,169.16789810907403,-28.896342610810052,94.1784143012635,143.08125188174617,-48.90283758048267,44.0,0.0736846923828125,-1.9931096288987284,0.06255224589024257,-0.4697804447474981,-0.2222222222222222,-58.20879576347058,-2.5635501630632356,0.5963319290515988,fdr_bh,False
phase_split_within_arch,architecture_id=Lin15|target=lt1|feature_set=EMG+NIRS+HRV|with_abs=False,abs_lt_err_median_sec,full_window,split,18,142.55629141855994,169.16789810907403,-26.611606690514094,88.79200953945195,143.08125188174617,-54.289242342294216,49.0,0.11870574951171875,-1.781540232418927,0.09269655976068081,-0.4199130597666937,-0.2037037037037037,-56.60957183212358,0.18620747421778927,0.6717008265053354,fdr_bh,False
phase_split_within_arch,architecture_id=Lin15|target=lt1|feature_set=EMG+NIRS+HRV|with_abs=True,abs_lt_err_median_sec,full_cycles,full_window,18,156.65181067846373,156.34516666443668,0.3066440140270572,106.19338735767718,98.08787226774862,8.10551508992856,72.0,0.5798416137695312,0.1971064193633194,0.846081632340661,0.04645842858240086,0.024691358024691357,-2.705550351925987,3.531862771507526,0.8889201832237749,fdr_bh,False
phase_split_within_arch,architecture_id=Lin15|target=lt1|feature_set=EMG+NIRS+HRV|with_abs=True,abs_lt_err_median_sec,full_cycles,split,18,156.65181067846373,172.3428749564978,-15.691064278034077,106.19338735767718,148.8883282464137,-42.69494088873651,76.0,0.7018814086914062,-0.9938621249802507,0.33422673126693625,-0.23425554937933574,-0.08641975308641975,-46.10915549246429,12.722911114151547,0.9304942103794643,fdr_bh,False
phase_split_within_arch,architecture_id=Lin15|target=lt1|feature_set=EMG+NIRS+HRV|with_abs=True,abs_lt_err_median_sec,full_window,split,18,156.34516666443668,172.3428749564978,-15.997708292061134,98.08787226774862,148.8883282464137,-50.80045597866507,77.0,0.7337265014648438,-1.0021537696634912,0.33032147102404114,-0.236209908773572,-0.06790123456790123,-48.92023679372411,12.776234552731879,0.9456919352213542,fdr_bh,False
phase_split_within_arch,architecture_id=Lin15|target=lt2|feature_set=EMG|with_abs=False,abs_lt_err_median_sec,full_cycles,full_window,18,204.80850355459253,209.28599919854508,-4.477495643952551,159.5333991730718,173.81555641242312,-14.282157239351307,41.0,0.05385589599609375,-1.8181791201936106,0.08670154649842564,-0.4285489284335643,-0.037037037037037035,-9.070491155666339,0.38216690435378603,0.5512309354894301,fdr_bh,False
phase_split_within_arch,architecture_id=Lin15|target=lt2|feature_set=EMG|with_abs=False,abs_lt_err_median_sec,full_cycles,split,18,204.80850355459253,191.46368389245384,13.34481966213869,159.5333991730718,157.20243982334011,2.3309593497316996,67.0,0.44229888916015625,0.9115630556039751,0.3747443659333528,0.21485747269890026,0.018518518518518517,-13.173318400532391,41.21701192700472,0.814391605437748,fdr_bh,False
phase_split_within_arch,architecture_id=Lin15|target=lt2|feature_set=EMG|with_abs=False,abs_lt_err_median_sec,full_window,split,18,209.28599919854508,191.46368389245384,17.82231530609124,173.81555641242312,157.20243982334011,16.613116589083006,57.0,0.22875213623046875,1.1669674355383715,0.2593326554668693,0.2750568623643526,0.037037037037037035,-10.919351628231524,46.225475934117476,0.6862564086914062,fdr_bh,False
phase_split_within_arch,architecture_id=Lin15|target=lt2|feature_set=EMG|with_abs=True,abs_lt_err_median_sec,full_cycles,full_window,18,204.80850355459253,209.28599919854508,-4.477495643952551,159.5333991730718,173.81555641242312,-14.282157239351307,41.0,0.05385589599609375,-1.8181791201936106,0.08670154649842564,-0.4285489284335643,-0.037037037037037035,-9.070491155666339,0.38216690435378603,0.5512309354894301,fdr_bh,False
phase_split_within_arch,architecture_id=Lin15|target=lt2|feature_set=EMG|with_abs=True,abs_lt_err_median_sec,full_cycles,split,18,204.80850355459253,191.46368389245384,13.34481966213869,159.5333991730718,157.20243982334011,2.3309593497316996,67.0,0.44229888916015625,0.9115630556039751,0.3747443659333528,0.21485747269890026,0.018518518518518517,-13.173318400532391,41.21701192700472,0.814391605437748,fdr_bh,False
phase_split_within_arch,architecture_id=Lin15|target=lt2|feature_set=EMG|with_abs=True,abs_lt_err_median_sec,full_window,split,18,209.28599919854508,191.46368389245384,17.82231530609124,173.81555641242312,157.20243982334011,16.613116589083006,57.0,0.22875213623046875,1.1669674355383715,0.2593326554668693,0.2750568623643526,0.037037037037037035,-10.919351628231524,46.225475934117476,0.6862564086914062,fdr_bh,False
phase_split_within_arch,architecture_id=Lin15|target=lt2|feature_set=EMG+NIRS+HRV|with_abs=False,abs_lt_err_median_sec,full_cycles,full_window,18,160.7862472340238,163.19044181725528,-2.4041945832314866,142.87693599967463,145.38095642020755,-2.5040204205329246,57.0,0.22875213623046875,-1.355012215183721,0.1931471545272095,-0.31937944198233814,-0.037037037037037035,-5.86586257649774,0.8187661994307146,0.6862564086914062,fdr_bh,False
phase_split_within_arch,architecture_id=Lin15|target=lt2|feature_set=EMG+NIRS+HRV|with_abs=False,abs_lt_err_median_sec,full_cycles,split,18,160.7862472340238,163.1005680985774,-2.314320864553622,142.87693599967463,160.7812483228534,-17.90431232317877,84.0,0.9661178588867188,-0.3160824974001196,0.7557877053446694,-0.07450135910866795,0.0,-15.670378268525598,12.282282175595004,0.9947012274928347,fdr_bh,False
phase_split_within_arch,architecture_id=Lin15|target=lt2|feature_set=EMG+NIRS+HRV|with_abs=False,abs_lt_err_median_sec,full_window,split,18,163.19044181725528,163.1005680985774,0.08987371867786464,145.38095642020755,160.7812483228534,-15.400291902645847,78.0,0.7660293579101562,0.011057447291757842,0.991306341961584,0.0026062653208715975,0.006172839506172839,-14.990395218141625,15.925094502999167,0.9469918882868006,fdr_bh,False
phase_split_within_arch,architecture_id=Lin15|target=lt2|feature_set=EMG+NIRS+HRV|with_abs=True,abs_lt_err_median_sec,full_cycles,full_window,18,145.2336151806061,147.60219303604083,-2.3685778554347223,112.54901497736608,118.72280295775607,-6.173787980389989,51.0,0.14151763916015625,-1.5106870422771683,0.14923233133483838,-0.3560723506149448,-0.024691358024691357,-5.377162973080601,0.50684698961728,0.6862564086914062,fdr_bh,False
phase_split_within_arch,architecture_id=Lin15|target=lt2|feature_set=EMG+NIRS+HRV|with_abs=True,abs_lt_err_median_sec,full_cycles,split,18,145.2336151806061,146.85760229574186,-1.6239871151357477,112.54901497736608,118.28708767686237,-5.738072699496286,80.0,0.83172607421875,-0.22366590245221848,0.8256830358862086,-0.05271855878139084,-0.012345679012345678,-16.011814762356394,12.21683246733446,0.9568286738119836,fdr_bh,False
phase_split_within_arch,architecture_id=Lin15|target=lt2|feature_set=EMG+NIRS+HRV|with_abs=True,abs_lt_err_median_sec,full_window,split,18,147.60219303604083,146.85760229574186,0.7445907402989747,118.72280295775607,118.28708767686237,0.43571528089370304,77.0,0.7337265014648438,0.09217961666695128,0.9276328926108219,0.021726944010792584,-0.018518518518518517,-14.982892371781235,15.76780964181618,0.9456919352213542,fdr_bh,False
phase_split_within_arch,architecture_id=Lin16|target=lt1|feature_set=EMG|with_abs=False,abs_lt_err_median_sec,full_cycles,full_window,18,184.69902143327252,188.14646782479343,-3.447446391520913,164.33306170230856,164.9188459884385,-0.5857842861299503,63.0,0.34654998779296875,-0.9256549841619958,0.3675800927694704,-0.21817897211335782,-0.05555555555555555,-10.787046554345435,3.6787813632374626,0.76571044921875,fdr_bh,False
phase_split_within_arch,architecture_id=Lin16|target=lt1|feature_set=EMG|with_abs=False,abs_lt_err_median_sec,full_cycles,split,18,184.69902143327252,207.6649052155216,-22.96588378224908,164.33306170230856,187.00637434109373,-22.673312638785177,66.0,0.4171142578125,-1.3126899004977344,0.20673371006950123,-0.30940397674568076,-0.11728395061728394,-56.75209176834992,9.161394806035856,0.8019655343577349,fdr_bh,False
phase_split_within_arch,architecture_id=Lin16|target=lt1|feature_set=EMG|with_abs=False,abs_lt_err_median_sec,full_window,split,18,188.14646782479343,207.6649052155216,-19.518437390728167,164.9188459884385,187.00637434109373,-22.087528352655227,76.0,0.7018814086914062,-0.9914534021568943,0.33536726965900154,-0.23368780796520439,-0.09259259259259259,-60.305186917512806,16.09821989672624,0.9304942103794643,fdr_bh,False
phase_split_within_arch,architecture_id=Lin16|target=lt1|feature_set=EMG|with_abs=True,abs_lt_err_median_sec,full_cycles,full_window,18,184.69902143327252,188.14646782479343,-3.447446391520913,164.33306170230856,164.9188459884385,-0.5857842861299503,63.0,0.34654998779296875,-0.9256549841619958,0.3675800927694704,-0.21817897211335782,-0.05555555555555555,-10.787046554345435,3.6787813632374626,0.76571044921875,fdr_bh,False
phase_split_within_arch,architecture_id=Lin16|target=lt1|feature_set=EMG|with_abs=True,abs_lt_err_median_sec,full_cycles,split,18,184.69902143327252,207.6649052155216,-22.96588378224908,164.33306170230856,187.00637434109373,-22.673312638785177,66.0,0.4171142578125,-1.3126899004977344,0.20673371006950123,-0.30940397674568076,-0.11728395061728394,-56.75209176834992,9.161394806035856,0.8019655343577349,fdr_bh,False
phase_split_within_arch,architecture_id=Lin16|target=lt1|feature_set=EMG|with_abs=True,abs_lt_err_median_sec,full_window,split,18,188.14646782479343,207.6649052155216,-19.518437390728167,164.9188459884385,187.00637434109373,-22.087528352655227,76.0,0.7018814086914062,-0.9914534021568943,0.33536726965900154,-0.23368780796520439,-0.09259259259259259,-60.305186917512806,16.09821989672624,0.9304942103794643,fdr_bh,False
phase_split_within_arch,architecture_id=Lin16|target=lt1|feature_set=EMG+NIRS+HRV|with_abs=False,abs_lt_err_median_sec,full_cycles,full_window,18,141.33252955843216,143.50930394645337,-2.176774388021215,88.86517827679563,82.20879348036706,6.6563847964285685,76.0,0.7018814086914062,-0.9897480133204785,0.3361764274174114,-0.23328584396160787,-0.024691358024691357,-6.939667852590542,1.7093410823614101,0.9304942103794643,fdr_bh,False
phase_split_within_arch,architecture_id=Lin16|target=lt1|feature_set=EMG+NIRS+HRV|with_abs=False,abs_lt_err_median_sec,full_cycles,split,18,141.33252955843216,167.3384994877443,-26.00596992931213,88.86517827679563,143.6609998963443,-54.79582161954866,48.0,0.1083831787109375,-1.6665444823303928,0.11392157203382688,-0.3928083015349484,-0.24074074074074073,-57.96017149463198,2.456027517632954,0.6339049780068278,fdr_bh,False
phase_split_within_arch,architecture_id=Lin16|target=lt1|feature_set=EMG+NIRS+HRV|with_abs=False,abs_lt_err_median_sec,full_window,split,18,143.50930394645337,167.3384994877443,-23.829195541290915,82.20879348036706,143.6609998963443,-61.45220641597723,53.0,0.16735076904296875,-1.4626154690274413,0.16181473195509935,-0.3447417721392155,-0.21604938271604937,-56.99489915427978,5.251293854034941,0.6862564086914062,fdr_bh,False
phase_split_within_arch,architecture_id=Lin16|target=lt1|feature_set=EMG+NIRS+HRV|with_abs=True,abs_lt_err_median_sec,full_cycles,full_window,18,161.42492727892812,160.62957442246903,0.7953528564590897,103.15505783480896,98.1186740788751,5.036383755933855,64.0,0.3692169189453125,0.3550047455404124,0.726952130257224,0.08367542097501011,0.030864197530864196,-3.5061060312989487,4.971705066329769,0.7670894793610075,fdr_bh,False
phase_split_within_arch,architecture_id=Lin16|target=lt1|feature_set=EMG+NIRS+HRV|with_abs=True,abs_lt_err_median_sec,full_cycles,split,18,161.42492727892812,172.8025185279857,-11.377591249057588,103.15505783480896,138.43231383933144,-35.277256004522485,83.0,0.932281494140625,-0.6869117080064039,0.5014020786122992,-0.16190664226925397,-0.043209876543209874,-46.36933821952146,18.18036055360807,0.9891279267101754,fdr_bh,False
phase_split_within_arch,architecture_id=Lin16|target=lt1|feature_set=EMG+NIRS+HRV|with_abs=True,abs_lt_err_median_sec,full_window,split,18,160.62957442246903,172.8025185279857,-12.172944105516677,98.1186740788751,138.43231383933144,-40.31363976045634,80.0,0.83172607421875,-0.7166588817331173,0.48331500421621404,-0.16891811835701845,-0.06790123456790123,-49.72628190137928,17.41979266076812,0.9568286738119836,fdr_bh,False
phase_split_within_arch,architecture_id=Lin16|target=lt2|feature_set=EMG|with_abs=False,abs_lt_err_median_sec,full_cycles,full_window,18,209.51105186014556,216.1284398626602,-6.6173880025146445,150.6387167625212,165.70891795322825,-15.070201190707053,43.0,0.06653594970703125,-2.2536913127560374,0.03770607074709731,-0.5312001366503354,-0.04938271604938271,-12.387632079834832,-0.7629708756481217,0.5963319290515988,fdr_bh,False
phase_split_within_arch,architecture_id=Lin16|target=lt2|feature_set=EMG|with_abs=False,abs_lt_err_median_sec,full_cycles,split,18,209.51105186014556,189.227769688655,20.283282171490555,150.6387167625212,129.83164196738937,20.807074795131825,63.0,0.34654998779296875,1.1213948350171845,0.27771086887711144,0.26431529740940696,0.07407407407407407,-11.838955398155107,55.185221352149036,0.76571044921875,fdr_bh,False
phase_split_within_arch,architecture_id=Lin16|target=lt2|feature_set=EMG|with_abs=False,abs_lt_err_median_sec,full_window,split,18,216.1284398626602,189.227769688655,26.9006701740052,165.70891795322825,129.83164196738937,35.87727598583888,51.0,0.14151763916015625,1.4791602914183666,0.15738895477132395,0.348641424174599,0.10493827160493827,-5.831871498582184,61.755397708940315,0.6862564086914062,fdr_bh,False
phase_split_within_arch,architecture_id=Lin16|target=lt2|feature_set=EMG|with_abs=True,abs_lt_err_median_sec,full_cycles,full_window,18,209.51105186014556,216.1284398626602,-6.6173880025146445,150.6387167625212,165.70891795322825,-15.070201190707053,43.0,0.06653594970703125,-2.2536913127560374,0.03770607074709731,-0.5312001366503354,-0.04938271604938271,-12.387632079834832,-0.7629708756481217,0.5963319290515988,fdr_bh,False
phase_split_within_arch,architecture_id=Lin16|target=lt2|feature_set=EMG|with_abs=True,abs_lt_err_median_sec,full_cycles,split,18,209.51105186014556,189.227769688655,20.283282171490555,150.6387167625212,129.83164196738937,20.807074795131825,63.0,0.34654998779296875,1.1213948350171845,0.27771086887711144,0.26431529740940696,0.07407407407407407,-11.838955398155107,55.185221352149036,0.76571044921875,fdr_bh,False
phase_split_within_arch,architecture_id=Lin16|target=lt2|feature_set=EMG|with_abs=True,abs_lt_err_median_sec,full_window,split,18,216.1284398626602,189.227769688655,26.9006701740052,165.70891795322825,129.83164196738937,35.87727598583888,51.0,0.14151763916015625,1.4791602914183666,0.15738895477132395,0.348641424174599,0.10493827160493827,-5.831871498582184,61.755397708940315,0.6862564086914062,fdr_bh,False
phase_split_within_arch,architecture_id=Lin16|target=lt2|feature_set=EMG+NIRS+HRV|with_abs=False,abs_lt_err_median_sec,full_cycles,full_window,18,159.51853623934892,161.70905985349634,-2.1905236141474234,144.44100242070328,150.0752821097946,-5.634279689091329,64.0,0.3692169189453125,-0.9993186877633171,0.3316531224961905,-0.23554167356129455,-0.018518518518518517,-6.447560740526044,1.9968875366675785,0.7670894793610075,fdr_bh,False
phase_split_within_arch,architecture_id=Lin16|target=lt2|feature_set=EMG+NIRS+HRV|with_abs=False,abs_lt_err_median_sec,full_cycles,split,18,159.51853623934892,157.52156711252758,1.996969126821341,144.44100242070328,151.8038869014793,-7.362884480776017,76.0,0.7018814086914062,0.2747442208864298,0.7868237621369815,0.06475783389353638,-0.006172839506172839,-11.306347289767436,15.921780044698485,0.9304942103794643,fdr_bh,False
phase_split_within_arch,architecture_id=Lin16|target=lt2|feature_set=EMG+NIRS+HRV|with_abs=False,abs_lt_err_median_sec,full_window,split,18,161.70905985349634,157.52156711252758,4.187492740968764,150.0752821097946,151.8038869014793,-1.7286047916846883,68.0,0.468292236328125,0.49813546471433084,0.6247713134220568,0.11741165501633849,0.024691358024691357,-11.620905720562568,20.21180005695707,0.82305908203125,fdr_bh,False
phase_split_within_arch,architecture_id=Lin16|target=lt2|feature_set=EMG+NIRS+HRV|with_abs=True,abs_lt_err_median_sec,full_cycles,full_window,18,140.14943422657703,142.74871413702328,-2.5992799104462563,109.32473632469379,113.41872461450083,-4.093988289807044,50.0,0.12973785400390625,-1.440649476611181,0.1678483401320379,-0.3395643380748722,-0.037037037037037035,-6.041144773978733,0.9329194206427406,0.6789289202008928,fdr_bh,False
phase_split_within_arch,architecture_id=Lin16|target=lt2|feature_set=EMG+NIRS+HRV|with_abs=True,abs_lt_err_median_sec,full_cycles,split,18,140.14943422657703,139.2134202349472,0.9360139916298351,109.32473632469379,101.33930154284303,7.985434781850756,79.0,0.7987060546875,0.11733962727235506,0.9079661047240651,0.0276572153820614,0.018518518518518517,-14.907087517207643,16.276570594074226,0.9568286738119836,fdr_bh,False
phase_split_within_arch,architecture_id=Lin16|target=lt2|feature_set=EMG+NIRS+HRV|with_abs=True,abs_lt_err_median_sec,full_window,split,18,142.74871413702328,139.2134202349472,3.5352939020760914,113.41872461450083,101.33930154284303,12.0794230716578,72.0,0.5798416137695312,0.38574002823261105,0.7044736873270013,0.09091979657945654,0.030864197530864196,-14.883733086941414,20.329603236200086,0.8889201832237749,fdr_bh,False
phase_split_within_arch,architecture_id=Lin17|target=lt1|feature_set=EMG|with_abs=False,abs_lt_err_median_sec,full_cycles,full_window,18,197.18372027327985,200.47193187218835,-3.2882115989085037,177.69865849087455,196.20392955731558,-18.505271066441026,68.0,0.468292236328125,-0.7989076814065076,0.43536424643427535,-0.18830434635485446,-0.05555555555555555,-11.108940514842875,4.638176580045301,0.82305908203125,fdr_bh,False
phase_split_within_arch,architecture_id=Lin17|target=lt1|feature_set=EMG|with_abs=False,abs_lt_err_median_sec,full_cycles,split,18,197.18372027327985,230.8949089499402,-33.711188676660356,177.69865849087455,256.8636855989586,-79.16502710808408,58.0,0.24620819091796875,-1.4426326674467007,0.16729613692539383,-0.34003178063759987,-0.16049382716049382,-79.31184711736438,10.064835390946197,0.7200037852054885,fdr_bh,False
phase_split_within_arch,architecture_id=Lin17|target=lt1|feature_set=EMG|with_abs=False,abs_lt_err_median_sec,full_window,split,18,200.47193187218835,230.8949089499402,-30.422977077751852,196.20392955731558,256.8636855989586,-60.65975604164305,65.0,0.39273834228515625,-1.1711383687243415,0.25769751980818556,-0.27603996074424436,-0.14814814814814814,-80.90934532519603,16.038519084177704,0.7877403061396794,fdr_bh,False
phase_split_within_arch,architecture_id=Lin17|target=lt1|feature_set=EMG|with_abs=True,abs_lt_err_median_sec,full_cycles,full_window,18,197.18372027327985,200.47193187218835,-3.2882115989085037,177.69865849087455,196.20392955731558,-18.505271066441026,68.0,0.468292236328125,-0.7989076814065076,0.43536424643427535,-0.18830434635485446,-0.05555555555555555,-11.108940514842875,4.638176580045301,0.82305908203125,fdr_bh,False
phase_split_within_arch,architecture_id=Lin17|target=lt1|feature_set=EMG|with_abs=True,abs_lt_err_median_sec,full_cycles,split,18,197.18372027327985,230.8949089499402,-33.711188676660356,177.69865849087455,256.8636855989586,-79.16502710808408,58.0,0.24620819091796875,-1.4426326674467007,0.16729613692539383,-0.34003178063759987,-0.16049382716049382,-79.31184711736438,10.064835390946197,0.7200037852054885,fdr_bh,False
phase_split_within_arch,architecture_id=Lin17|target=lt1|feature_set=EMG|with_abs=True,abs_lt_err_median_sec,full_window,split,18,200.47193187218835,230.8949089499402,-30.422977077751852,196.20392955731558,256.8636855989586,-60.65975604164305,65.0,0.39273834228515625,-1.1711383687243415,0.25769751980818556,-0.27603996074424436,-0.14814814814814814,-80.90934532519603,16.038519084177704,0.7877403061396794,fdr_bh,False
phase_split_within_arch,architecture_id=Lin17|target=lt1|feature_set=EMG+NIRS+HRV|with_abs=False,abs_lt_err_median_sec,full_cycles,full_window,18,135.97219721492348,136.3095656561661,-0.337368441242603,83.32299447922105,69.12797092812534,14.195023551095716,84.0,0.9661178588867188,-0.10163683900982977,0.9202341091597651,-0.02395603269407202,-0.012345679012345678,-6.630994442308407,6.571868337308545,0.9947012274928347,fdr_bh,False
phase_split_within_arch,architecture_id=Lin17|target=lt1|feature_set=EMG+NIRS+HRV|with_abs=False,abs_lt_err_median_sec,full_cycles,split,18,135.97219721492348,157.11611809077664,-21.143920875853155,83.32299447922105,112.97529164848692,-29.652297169265864,59.0,0.2645263671875,-1.284759025910009,0.21610722316780676,-0.3028206064705302,-0.19135802469135801,-56.006400750260724,7.880449090072366,0.72484390378937,fdr_bh,False
phase_split_within_arch,architecture_id=Lin17|target=lt1|feature_set=EMG+NIRS+HRV|with_abs=False,abs_lt_err_median_sec,full_window,split,18,136.3095656561661,157.11611809077664,-20.806552434610552,69.12797092812534,112.97529164848692,-43.84732072036158,64.0,0.3692169189453125,-1.17008799066332,0.2581085647032575,-0.27579238426099173,-0.16666666666666666,-58.376616771316975,9.809509663027557,0.7670894793610075,fdr_bh,False
phase_split_within_arch,architecture_id=Lin17|target=lt1|feature_set=EMG+NIRS+HRV|with_abs=True,abs_lt_err_median_sec,full_cycles,full_window,18,171.20118637855293,168.05897647979438,3.1422098987585514,104.77515414587316,107.52090747998454,-2.7457533341113844,63.0,0.34654998779296875,0.9377303223762465,0.3615154968093618,0.22102515662549707,0.043209876543209874,-3.1594672177668284,9.916237727352094,0.76571044921875,fdr_bh,False
phase_split_within_arch,architecture_id=Lin17|target=lt1|feature_set=EMG+NIRS+HRV|with_abs=True,abs_lt_err_median_sec,full_cycles,split,18,171.20118637855293,177.10275464406874,-5.901568265515806,104.77515414587316,118.06433345016433,-13.289179304291167,85.0,1.0,-0.31641292536765697,0.7555412681487139,-0.0745792417275144,0.030864197530864196,-46.10318492666275,25.122127435798806,1.0,fdr_bh,False
phase_split_within_arch,architecture_id=Lin17|target=lt1|feature_set=EMG+NIRS+HRV|with_abs=True,abs_lt_err_median_sec,full_window,split,18,168.05897647979438,177.10275464406874,-9.043778164274357,107.52090747998454,118.06433345016433,-10.543425970179783,75.0,0.6705245971679688,-0.43611739437134134,0.6682393402735012,-0.10279385565112777,-0.030864197530864196,-54.34879112210932,25.375991139875786,0.9304942103794643,fdr_bh,False
phase_split_within_arch,architecture_id=Lin17|target=lt2|feature_set=EMG|with_abs=False,abs_lt_err_median_sec,full_cycles,full_window,18,215.28563412469768,220.27455148152748,-4.988917356829802,154.333820044224,151.09087316113528,3.2429468830887345,60.0,0.28372955322265625,-1.0091110342295253,0.32706961597766715,-0.23784975175795586,-0.043209876543209874,-14.377320826383086,4.308436277409642,0.7260138567756204,fdr_bh,False
phase_split_within_arch,architecture_id=Lin17|target=lt2|feature_set=EMG|with_abs=False,abs_lt_err_median_sec,full_cycles,split,18,215.28563412469768,191.80998705182745,23.47564707287023,154.333820044224,90.88489686832236,63.448923175901655,61.0,0.30379486083984375,1.088429847738078,0.2915957822561107,0.2565453753938121,0.13580246913580246,-16.776627494699675,65.18455112097293,0.7393049760298295,fdr_bh,False
phase_split_within_arch,architecture_id=Lin17|target=lt2|feature_set=EMG|with_abs=False,abs_lt_err_median_sec,full_window,split,18,220.27455148152748,191.80998705182745,28.464564429700033,151.09087316113528,90.88489686832236,60.20597629281292,57.0,0.22875213623046875,1.2444046715305606,0.23023477023528455,0.2933089939264925,0.16666666666666666,-13.394298595561382,71.37280148260845,0.6862564086914062,fdr_bh,False
phase_split_within_arch,architecture_id=Lin17|target=lt2|feature_set=EMG|with_abs=True,abs_lt_err_median_sec,full_cycles,full_window,18,215.28563412469768,220.27455148152748,-4.988917356829802,154.333820044224,151.09087316113528,3.2429468830887345,60.0,0.28372955322265625,-1.0091110342295253,0.32706961597766715,-0.23784975175795586,-0.043209876543209874,-14.377320826383086,4.308436277409642,0.7260138567756204,fdr_bh,False
phase_split_within_arch,architecture_id=Lin17|target=lt2|feature_set=EMG|with_abs=True,abs_lt_err_median_sec,full_cycles,split,18,215.28563412469768,191.80998705182745,23.47564707287023,154.333820044224,90.88489686832236,63.448923175901655,61.0,0.30379486083984375,1.088429847738078,0.2915957822561107,0.2565453753938121,0.13580246913580246,-16.776627494699675,65.18455112097293,0.7393049760298295,fdr_bh,False
phase_split_within_arch,architecture_id=Lin17|target=lt2|feature_set=EMG|with_abs=True,abs_lt_err_median_sec,full_window,split,18,220.27455148152748,191.80998705182745,28.464564429700033,151.09087316113528,90.88489686832236,60.20597629281292,57.0,0.22875213623046875,1.2444046715305606,0.23023477023528455,0.2933089939264925,0.16666666666666666,-13.394298595561382,71.37280148260845,0.6862564086914062,fdr_bh,False
phase_split_within_arch,architecture_id=Lin17|target=lt2|feature_set=EMG+NIRS+HRV|with_abs=False,abs_lt_err_median_sec,full_cycles,full_window,18,140.97497190861876,142.66442626365833,-1.6894543550395724,119.96923502546917,129.3161217202246,-9.346886694755426,73.0,0.6094589233398438,-0.6213143367349414,0.5426351241374819,-0.14644519358456637,-0.018518518518518517,-7.060428627017908,3.377581743372297,0.9044422401802372,fdr_bh,False
phase_split_within_arch,architecture_id=Lin17|target=lt2|feature_set=EMG+NIRS+HRV|with_abs=False,abs_lt_err_median_sec,full_cycles,split,18,140.97497190861876,134.07383987380274,6.9011320348160154,119.96923502546917,94.0441595085922,25.925075516876973,73.0,0.6094589233398438,0.9196096737361203,0.37064204304758974,0.2167540787811864,0.006172839506172839,-6.5140483634701445,21.527946928949977,0.9044422401802372,fdr_bh,False
phase_split_within_arch,architecture_id=Lin17|target=lt2|feature_set=EMG+NIRS+HRV|with_abs=False,abs_lt_err_median_sec,full_window,split,18,142.66442626365833,134.07383987380274,8.590586389855588,129.3161217202246,94.0441595085922,35.2719622116324,70.0,0.522613525390625,0.9712598381011192,0.345036408286082,0.22892813927181657,0.06172839506172839,-8.614529173596006,25.640656523711705,0.8619407906916469,fdr_bh,False
phase_split_within_arch,architecture_id=Lin17|target=lt2|feature_set=EMG+NIRS+HRV|with_abs=True,abs_lt_err_median_sec,full_cycles,full_window,18,128.43868902404245,129.38978269548025,-0.9510936714378033,91.21020600290427,94.82707772755083,-3.6168717246465576,76.0,0.7018814086914062,-0.40618605372420086,0.6896731945317404,-0.0957389710039286,0.0,-4.8656183901336165,3.517020515637186,0.9304942103794643,fdr_bh,False
phase_split_within_arch,architecture_id=Lin17|target=lt2|feature_set=EMG+NIRS+HRV|with_abs=True,abs_lt_err_median_sec,full_cycles,split,18,128.43868902404245,115.76643456811449,12.672254455927956,91.21020600290427,105.42937179287594,-14.219165789971669,53.0,0.16735076904296875,1.1237036763979273,0.27675706407418915,0.2648594965417427,0.08641975308641975,-10.516200672571907,31.596589190240053,0.6862564086914062,fdr_bh,False
phase_split_within_arch,architecture_id=Lin17|target=lt2|feature_set=EMG+NIRS+HRV|with_abs=True,abs_lt_err_median_sec,full_window,split,18,129.38978269548025,115.76643456811449,13.623348127365759,94.82707772755083,105.42937179287594,-10.602294065325111,54.0,0.18146514892578125,1.0872828137294728,0.29208792496894403,0.25627501688523335,0.06172839506172839,-12.747247824676224,34.49769604475761,0.6862564086914062,fdr_bh,False
phase_split_within_arch,architecture_id=Lin18|target=lt1|feature_set=EMG|with_abs=False,abs_lt_err_median_sec,full_cycles,full_window,18,156.4534967421278,152.99735212191152,3.4561446202162927,120.6847145294586,104.64392603720162,16.04078849225698,68.0,0.468292236328125,0.7233674007805599,0.47928997083870517,0.17049933146040702,0.024691358024691357,-6.4584664024931255,11.841709913142301,0.82305908203125,fdr_bh,False
phase_split_within_arch,architecture_id=Lin18|target=lt1|feature_set=EMG|with_abs=False,abs_lt_err_median_sec,full_cycles,split,18,156.4534967421278,167.48524964759224,-11.03175290546443,120.6847145294586,135.27743300790283,-14.592718478444226,69.0,0.49507904052734375,-1.043533746728878,0.31131425157233356,-0.24596326290299828,-0.09259259259259259,-30.343544722430956,8.2140620993751,0.8550248441861819,fdr_bh,False
phase_split_within_arch,architecture_id=Lin18|target=lt1|feature_set=EMG|with_abs=False,abs_lt_err_median_sec,full_window,split,18,152.99735212191152,167.48524964759224,-14.487897525680722,104.64392603720162,135.27743300790283,-30.633506970701205,64.0,0.3692169189453125,-1.334806074268154,0.19954216820442136,-0.31461680889466875,-0.1419753086419753,-33.62337591786881,4.436865782140614,0.7670894793610075,fdr_bh,False
phase_split_within_arch,architecture_id=Lin18|target=lt1|feature_set=EMG|with_abs=True,abs_lt_err_median_sec,full_cycles,full_window,18,156.4534967421278,152.99735212191152,3.4561446202162927,120.6847145294586,104.64392603720162,16.04078849225698,68.0,0.468292236328125,0.7233674007805599,0.47928997083870517,0.17049933146040702,0.024691358024691357,-6.4584664024931255,11.841709913142301,0.82305908203125,fdr_bh,False
phase_split_within_arch,architecture_id=Lin18|target=lt1|feature_set=EMG|with_abs=True,abs_lt_err_median_sec,full_cycles,split,18,156.4534967421278,167.48524964759224,-11.03175290546443,120.6847145294586,135.27743300790283,-14.592718478444226,69.0,0.49507904052734375,-1.043533746728878,0.31131425157233356,-0.24596326290299828,-0.09259259259259259,-30.343544722430956,8.2140620993751,0.8550248441861819,fdr_bh,False
phase_split_within_arch,architecture_id=Lin18|target=lt1|feature_set=EMG|with_abs=True,abs_lt_err_median_sec,full_window,split,18,152.99735212191152,167.48524964759224,-14.487897525680722,104.64392603720162,135.27743300790283,-30.633506970701205,64.0,0.3692169189453125,-1.334806074268154,0.19954216820442136,-0.31461680889466875,-0.1419753086419753,-33.62337591786881,4.436865782140614,0.7670894793610075,fdr_bh,False
phase_split_within_arch,architecture_id=Lin18|target=lt1|feature_set=EMG+NIRS+HRV|with_abs=False,abs_lt_err_median_sec,full_cycles,full_window,18,157.44440680817263,158.97426144767957,-1.5298546395069366,90.2023549033546,86.461180705463,3.7411741978916098,74.0,0.6396942138671875,-0.3871238027093652,0.703468057160353,-0.0912459553515051,-0.030864197530864196,-9.35545726356922,5.571307660182819,0.9198908529990961,fdr_bh,False
phase_split_within_arch,architecture_id=Lin18|target=lt1|feature_set=EMG+NIRS+HRV|with_abs=False,abs_lt_err_median_sec,full_cycles,split,18,157.44440680817263,170.45196508200453,-13.007558273831904,90.2023549033546,127.05335847931582,-36.851003575961215,54.0,0.18146514892578125,-1.4685850474722946,0.16020618320088423,-0.34614881527227576,-0.09259259259259259,-28.545306104385368,3.9868400268880793,0.6862564086914062,fdr_bh,False
phase_split_within_arch,architecture_id=Lin18|target=lt1|feature_set=EMG+NIRS+HRV|with_abs=False,abs_lt_err_median_sec,full_window,split,18,158.97426144767957,170.45196508200453,-11.477703634324968,86.461180705463,127.05335847931582,-40.592177773852825,54.0,0.18146514892578125,-1.3697075832729217,0.1886000994235452,-0.3228431734583068,-0.08641975308641975,-25.284100666074476,4.696633845423976,0.6862564086914062,fdr_bh,False
phase_split_within_arch,architecture_id=Lin18|target=lt1|feature_set=EMG+NIRS+HRV|with_abs=True,abs_lt_err_median_sec,full_cycles,full_window,18,189.41061371725172,186.79814638857104,2.6124673286806797,107.17124082805032,125.98539555562775,-18.81415472757743,77.0,0.7337265014648438,0.629647830362617,0.5372962238520073,0.1484094168696011,0.0,-4.87861172607711,10.5302846556661,0.9456919352213542,fdr_bh,False
phase_split_within_arch,architecture_id=Lin18|target=lt1|feature_set=EMG+NIRS+HRV|with_abs=True,abs_lt_err_median_sec,full_cycles,split,18,189.41061371725172,196.65850739214298,-7.247893674891259,107.17124082805032,128.3898185955196,-21.2185777674693,59.0,0.2645263671875,-0.9755842984580911,0.3429495996923173,-0.22994742435294566,-0.07407407407407407,-21.162767922873666,5.92396698058089,0.72484390378937,fdr_bh,False
phase_split_within_arch,architecture_id=Lin18|target=lt1|feature_set=EMG+NIRS+HRV|with_abs=True,abs_lt_err_median_sec,full_window,split,18,186.79814638857104,196.65850739214298,-9.860361003571938,125.98539555562775,128.3898185955196,-2.404423039891867,59.0,0.2645263671875,-1.2902808905906926,0.21422808393857307,-0.30412212245736553,-0.06790123456790123,-25.04865933187573,3.752293148687351,0.72484390378937,fdr_bh,False
phase_split_within_arch,architecture_id=Lin18|target=lt2|feature_set=EMG|with_abs=False,abs_lt_err_median_sec,full_cycles,full_window,18,197.33178918824146,200.74402154489854,-3.4122323566570856,177.2676704067119,184.16582599819162,-6.8981555914797354,71.0,0.550872802734375,-0.5296179165709284,0.6032254262203529,-0.12483214008173153,-0.024691358024691357,-15.744157218282066,8.811218358794575,0.8773626331879291,fdr_bh,False
phase_split_within_arch,architecture_id=Lin18|target=lt2|feature_set=EMG|with_abs=False,abs_lt_err_median_sec,full_cycles,split,18,197.33178918824146,184.81001639337507,12.521772794866393,177.2676704067119,151.6844922085839,25.583178198127996,63.0,0.34654998779296875,1.1645074665805746,0.2603007054556959,0.2744770421204971,0.06172839506172839,-7.203231330864894,33.4970449181377,0.76571044921875,fdr_bh,False
phase_split_within_arch,architecture_id=Lin18|target=lt2|feature_set=EMG|with_abs=False,abs_lt_err_median_sec,full_window,split,18,200.74402154489854,184.81001639337507,15.934005151523479,184.16582599819162,151.6844922085839,32.48133378960773,60.0,0.28372955322265625,1.1893023266804896,0.25066753022637395,0.2803212466922376,0.11728395061728394,-6.424633338929174,42.49994771147213,0.7260138567756204,fdr_bh,False
phase_split_within_arch,architecture_id=Lin18|target=lt2|feature_set=EMG|with_abs=True,abs_lt_err_median_sec,full_cycles,full_window,18,197.33178918824146,200.74402154489854,-3.4122323566570856,177.2676704067119,184.16582599819162,-6.8981555914797354,71.0,0.550872802734375,-0.5296179165709284,0.6032254262203529,-0.12483214008173153,-0.024691358024691357,-15.744157218282066,8.811218358794575,0.8773626331879291,fdr_bh,False
phase_split_within_arch,architecture_id=Lin18|target=lt2|feature_set=EMG|with_abs=True,abs_lt_err_median_sec,full_cycles,split,18,197.33178918824146,184.81001639337507,12.521772794866393,177.2676704067119,151.6844922085839,25.583178198127996,63.0,0.34654998779296875,1.1645074665805746,0.2603007054556959,0.2744770421204971,0.06172839506172839,-7.203231330864894,33.4970449181377,0.76571044921875,fdr_bh,False
phase_split_within_arch,architecture_id=Lin18|target=lt2|feature_set=EMG|with_abs=True,abs_lt_err_median_sec,full_window,split,18,200.74402154489854,184.81001639337507,15.934005151523479,184.16582599819162,151.6844922085839,32.48133378960773,60.0,0.28372955322265625,1.1893023266804896,0.25066753022637395,0.2803212466922376,0.11728395061728394,-6.424633338929174,42.49994771147213,0.7260138567756204,fdr_bh,False
phase_split_within_arch,architecture_id=Lin18|target=lt2|feature_set=EMG+NIRS+HRV|with_abs=False,abs_lt_err_median_sec,full_cycles,full_window,18,153.17720811448294,152.39730373351324,0.7799043809696968,105.88691088530686,106.40717895601438,-0.520268070707516,80.0,0.83172607421875,0.20393579756630154,0.8408250500903135,0.04806812846193961,0.0,-6.8465385676392465,8.188502639957104,0.9568286738119836,fdr_bh,False
phase_split_within_arch,architecture_id=Lin18|target=lt2|feature_set=EMG+NIRS+HRV|with_abs=False,abs_lt_err_median_sec,full_cycles,split,18,153.17720811448294,151.31036235066233,1.8668457638206064,105.88691088530686,114.8325229436166,-8.945612058309734,79.0,0.7987060546875,0.44674601796964897,0.660697376018568,0.105299046258142,-0.018518518518518517,-6.089310118022026,10.49155358214005,0.9568286738119836,fdr_bh,False
phase_split_within_arch,architecture_id=Lin18|target=lt2|feature_set=EMG+NIRS+HRV|with_abs=False,abs_lt_err_median_sec,full_window,split,18,152.39730373351324,151.31036235066233,1.0869413828509096,106.40717895601438,114.8325229436166,-8.425343987602218,81.0,0.8650436401367188,0.18548374908900728,0.8550446832532171,0.04371893892691372,-0.006172839506172839,-10.259787257903211,13.088193134946101,0.96331259765625,fdr_bh,False
phase_split_within_arch,architecture_id=Lin18|target=lt2|feature_set=EMG+NIRS+HRV|with_abs=True,abs_lt_err_median_sec,full_cycles,full_window,18,118.26943322327303,119.62659273566175,-1.3571595123887192,106.59979534900782,108.66990706115928,-2.0701117121514585,76.0,0.7018814086914062,-0.5884109840072742,0.5639930632178001,-0.13868979897206424,-0.018518518518518517,-5.901313964900628,3.0290243430405672,0.9304942103794643,fdr_bh,False
phase_split_within_arch,architecture_id=Lin18|target=lt2|feature_set=EMG+NIRS+HRV|with_abs=True,abs_lt_err_median_sec,full_cycles,split,18,118.26943322327303,117.90094864461065,0.3684845786623754,106.59979534900782,107.4117101089218,-0.8119147599139751,85.0,1.0,0.08334448927662529,0.9345511687400015,0.019644484514010414,0.018518518518518517,-8.600229542593224,8.731429554777202,1.0,fdr_bh,False
phase_split_within_arch,architecture_id=Lin18|target=lt2|feature_set=EMG+NIRS+HRV|with_abs=True,abs_lt_err_median_sec,full_window,split,18,119.62659273566175,117.90094864461065,1.7256440910510946,108.66990706115928,107.4117101089218,1.2581969522374834,77.0,0.7337265014648438,0.44374216118451554,0.6628251223996511,0.10459103042398166,0.030864197530864196,-5.8102709267732235,9.242826712828302,0.9456919352213542,fdr_bh,False
phase_split_within_arch,architecture_id=Lin19|target=lt1|feature_set=EMG|with_abs=False,abs_lt_err_median_sec,full_cycles,full_window,18,166.69836447415116,165.2741553462104,1.4242091279407703,130.93012819483027,127.86804061356943,3.0620875812608404,78.0,0.7660293579101562,0.3014914356784882,0.7666965510213234,0.07106221287930893,0.030864197530864196,-7.560204326799973,10.438612239472237,0.9469918882868006,fdr_bh,False
phase_split_within_arch,architecture_id=Lin19|target=lt1|feature_set=EMG|with_abs=False,abs_lt_err_median_sec,full_cycles,split,18,166.69836447415116,167.7480044375628,-1.0496399634116358,130.93012819483027,136.84864275247196,-5.918514557641686,75.0,0.6705245971679688,-0.09072238418678422,0.9287735715669749,-0.021383471021295442,-0.018518518518518517,-20.872670455869212,20.756068602291002,0.9304942103794643,fdr_bh,False
phase_split_within_arch,architecture_id=Lin19|target=lt1|feature_set=EMG|with_abs=False,abs_lt_err_median_sec,full_window,split,18,165.2741553462104,167.7480044375628,-2.473849091352406,127.86804061356943,136.84864275247196,-8.980602138902526,81.0,0.8650436401367188,-0.20250654848718203,0.8419245140290779,-0.04773125122332293,-0.006172839506172839,-23.883938923955117,19.810538903509958,0.96331259765625,fdr_bh,False
phase_split_within_arch,architecture_id=Lin19|target=lt1|feature_set=EMG|with_abs=True,abs_lt_err_median_sec,full_cycles,full_window,18,166.69836447415116,165.2741553462104,1.4242091279407703,130.93012819483027,127.86804061356943,3.0620875812608404,78.0,0.7660293579101562,0.3014914356784882,0.7666965510213234,0.07106221287930893,0.030864197530864196,-7.560204326799973,10.438612239472237,0.9469918882868006,fdr_bh,False
phase_split_within_arch,architecture_id=Lin19|target=lt1|feature_set=EMG|with_abs=True,abs_lt_err_median_sec,full_cycles,split,18,166.69836447415116,167.7480044375628,-1.0496399634116358,130.93012819483027,136.84864275247196,-5.918514557641686,75.0,0.6705245971679688,-0.09072238418678422,0.9287735715669749,-0.021383471021295442,-0.018518518518518517,-20.872670455869212,20.756068602291002,0.9304942103794643,fdr_bh,False
phase_split_within_arch,architecture_id=Lin19|target=lt1|feature_set=EMG|with_abs=True,abs_lt_err_median_sec,full_window,split,18,165.2741553462104,167.7480044375628,-2.473849091352406,127.86804061356943,136.84864275247196,-8.980602138902526,81.0,0.8650436401367188,-0.20250654848718203,0.8419245140290779,-0.04773125122332293,-0.006172839506172839,-23.883938923955117,19.810538903509958,0.96331259765625,fdr_bh,False
phase_split_within_arch,architecture_id=Lin19|target=lt1|feature_set=EMG+NIRS+HRV|with_abs=False,abs_lt_err_median_sec,full_cycles,full_window,18,158.8727678578612,152.6195213646181,6.253246493243097,100.20098714452217,92.06317813146012,8.137809013062054,48.0,0.1083831787109375,1.2907730213437774,0.2140612326337638,0.3042381187882778,0.037037037037037035,-3.1457088120079857,15.395881163946106,0.6339049780068278,fdr_bh,False
phase_split_within_arch,architecture_id=Lin19|target=lt1|feature_set=EMG+NIRS+HRV|with_abs=False,abs_lt_err_median_sec,full_cycles,split,18,158.8727678578612,161.4990044022717,-2.626236544410517,100.20098714452217,128.84332191756369,-28.64233477304151,82.0,0.8985748291015625,-0.33751697411849507,0.7398588705397701,-0.0795535137215841,0.0,-19.053170437274378,12.509004469357658,0.9833460393941627,fdr_bh,False
phase_split_within_arch,architecture_id=Lin19|target=lt1|feature_set=EMG+NIRS+HRV|with_abs=False,abs_lt_err_median_sec,full_window,split,18,152.6195213646181,161.4990044022717,-8.879483037653614,92.06317813146012,128.84332191756369,-36.780143786103565,61.0,0.30379486083984375,-0.9690298632004422,0.34611594660485717,-0.22840252914710168,-0.030864197530864196,-26.255685664044524,7.568601078013494,0.7393049760298295,fdr_bh,False
phase_split_within_arch,architecture_id=Lin19|target=lt1|feature_set=EMG+NIRS+HRV|with_abs=True,abs_lt_err_median_sec,full_cycles,full_window,18,191.02480210499598,185.3702495152714,5.654552589724574,108.55972227496204,108.55005421140899,0.009668063553050388,65.0,0.39273834228515625,1.2533129865266814,0.22705594863072762,0.2954087039073935,0.05555555555555555,-2.291781253296174,15.42995777927872,0.7877403061396794,fdr_bh,False
phase_split_within_arch,architecture_id=Lin19|target=lt1|feature_set=EMG+NIRS+HRV|with_abs=True,abs_lt_err_median_sec,full_cycles,split,18,191.02480210499598,187.37110657542954,3.6536955295664484,108.55972227496204,132.66015556744517,-24.10043329248313,76.0,0.7018814086914062,0.5039857337921841,0.6207401513416585,0.11879057666191052,-0.030864197530864196,-9.083177081096439,18.714922531003573,0.9304942103794643,fdr_bh,False
phase_split_within_arch,architecture_id=Lin19|target=lt1|feature_set=EMG+NIRS+HRV|with_abs=True,abs_lt_err_median_sec,full_window,split,18,185.3702495152714,187.37110657542954,-2.0008570601581255,108.55005421140899,132.66015556744517,-24.110101356036182,82.0,0.8985748291015625,-0.24882369550474623,0.8064783560807199,-0.058648307470434244,-0.030864197530864196,-16.51164222978239,12.868119275574678,0.9833460393941627,fdr_bh,False
phase_split_within_arch,architecture_id=Lin19|target=lt2|feature_set=EMG|with_abs=False,abs_lt_err_median_sec,full_cycles,full_window,18,186.04816871310098,188.8201159509063,-2.7719472378053354,168.65797507142196,175.42187437523495,-6.763899303812991,77.0,0.7337265014648438,-0.34256139500397587,0.736127460333416,-0.08074249512667828,-0.012345679012345678,-18.477989146932412,12.012261315494596,0.9456919352213542,fdr_bh,False
phase_split_within_arch,architecture_id=Lin19|target=lt2|feature_set=EMG|with_abs=False,abs_lt_err_median_sec,full_cycles,split,18,186.04816871310098,172.8014616896911,13.246707023409868,168.65797507142196,158.7172127105012,9.940762360920758,62.0,0.32472991943359375,1.1184201288648599,0.2789433429076203,0.26361415244529157,0.08024691358024691,-9.164787426228884,36.936344352743866,0.7533734130859375,fdr_bh,False
phase_split_within_arch,architecture_id=Lin19|target=lt2|feature_set=EMG|with_abs=False,abs_lt_err_median_sec,full_window,split,18,188.8201159509063,172.8014616896911,16.018654261215204,175.42187437523495,158.7172127105012,16.70466166473375,60.0,0.28372955322265625,1.0797984132779594,0.29531409293199434,0.25451092678110643,0.09259259259259259,-9.85777440049654,45.37924598792737,0.7260138567756204,fdr_bh,False
phase_split_within_arch,architecture_id=Lin19|target=lt2|feature_set=EMG|with_abs=True,abs_lt_err_median_sec,full_cycles,full_window,18,186.04816871310098,188.8201159509063,-2.7719472378053354,168.65797507142196,175.42187437523495,-6.763899303812991,77.0,0.7337265014648438,-0.34256139500397587,0.736127460333416,-0.08074249512667828,-0.012345679012345678,-18.477989146932412,12.012261315494596,0.9456919352213542,fdr_bh,False
phase_split_within_arch,architecture_id=Lin19|target=lt2|feature_set=EMG|with_abs=True,abs_lt_err_median_sec,full_cycles,split,18,186.04816871310098,172.8014616896911,13.246707023409868,168.65797507142196,158.7172127105012,9.940762360920758,62.0,0.32472991943359375,1.1184201288648599,0.2789433429076203,0.26361415244529157,0.08024691358024691,-9.164787426228884,36.936344352743866,0.7533734130859375,fdr_bh,False
phase_split_within_arch,architecture_id=Lin19|target=lt2|feature_set=EMG|with_abs=True,abs_lt_err_median_sec,full_window,split,18,188.8201159509063,172.8014616896911,16.018654261215204,175.42187437523495,158.7172127105012,16.70466166473375,60.0,0.28372955322265625,1.0797984132779594,0.29531409293199434,0.25451092678110643,0.09259259259259259,-9.85777440049654,45.37924598792737,0.7260138567756204,fdr_bh,False
phase_split_within_arch,architecture_id=Lin19|target=lt2|feature_set=EMG+NIRS+HRV|with_abs=False,abs_lt_err_median_sec,full_cycles,full_window,18,157.78911758406213,156.57738274477217,1.21173483928996,139.54678746503458,121.42237352753892,18.12441393749566,80.0,0.83172607421875,0.3520902712692886,0.7290974061576362,0.08298847280144168,-0.012345679012345678,-5.348197526454765,7.686468335025076,0.9568286738119836,fdr_bh,False
phase_split_within_arch,architecture_id=Lin19|target=lt2|feature_set=EMG+NIRS+HRV|with_abs=False,abs_lt_err_median_sec,full_cycles,split,18,157.78911758406213,147.21806792352422,10.57104966053791,139.54678746503458,120.27559883796954,19.271188627065044,36.0,0.030364990234375,2.6227541572316593,0.0178203885543085,0.6181890833212383,0.06172839506172839,2.6282727759068245,18.204142870110253,0.43130680006377553,fdr_bh,False
phase_split_within_arch,architecture_id=Lin19|target=lt2|feature_set=EMG+NIRS+HRV|with_abs=False,abs_lt_err_median_sec,full_window,split,18,156.57738274477217,147.21806792352422,9.35931482124795,121.42237352753892,120.27559883796954,1.1467746895693836,42.0,0.0599365234375,2.733960521829018,0.014135052404857629,0.6444006748272036,0.04938271604938271,2.9588976910819325,16.285539281075124,0.5875467649647887,fdr_bh,False
phase_split_within_arch,architecture_id=Lin19|target=lt2|feature_set=EMG+NIRS+HRV|with_abs=True,abs_lt_err_median_sec,full_cycles,full_window,18,116.79978166649488,113.07263542510343,3.727146241391452,106.00230163610121,110.49695463204824,-4.494652995947035,67.0,0.44229888916015625,1.0398035411837936,0.31299478685519405,0.245084045024282,0.037037037037037035,-2.588659353889727,10.575489784627942,0.814391605437748,fdr_bh,False
phase_split_within_arch,architecture_id=Lin19|target=lt2|feature_set=EMG+NIRS+HRV|with_abs=True,abs_lt_err_median_sec,full_cycles,split,18,116.79978166649488,116.73069711632598,0.06908455016889548,106.00230163610121,111.06978927432812,-5.067487638226908,73.0,0.6094589233398438,0.018594498665141228,0.9853810890147182,0.00438276536629519,0.0,-7.743248285585656,7.028669810090311,0.9044422401802372,fdr_bh,False
phase_split_within_arch,architecture_id=Lin19|target=lt2|feature_set=EMG+NIRS+HRV|with_abs=True,abs_lt_err_median_sec,full_window,split,18,113.07263542510343,116.73069711632598,-3.6580616912225565,110.49695463204824,111.06978927432812,-0.5728346422798722,66.0,0.4171142578125,-0.769836432710213,0.4519623831479051,-0.18145218732461763,-0.024691358024691357,-12.692901672169432,5.461714563741973,0.8019655343577349,fdr_bh,False
phase_split_within_arch,architecture_id=Lin2|target=lt1|feature_set=EMG|with_abs=False,abs_lt_err_median_sec,full_cycles,full_window,18,244.16636118462924,247.85594883401134,-3.689587649382105,215.36753037382672,192.60377348921378,22.763756884612945,57.0,0.22875213623046875,-0.46602540453467084,0.6471127951474552,-0.1098432412505566,0.0,-16.50995936331709,12.245777977176624,0.6862564086914062,fdr_bh,False
phase_split_within_arch,architecture_id=Lin2|target=lt1|feature_set=EMG|with_abs=False,abs_lt_err_median_sec,full_cycles,split,18,244.16636118462924,294.8024790156105,-50.63611783098128,215.36753037382672,290.8680698661643,-75.5005394923376,52.0,0.15404510498046875,-1.8603345001928413,0.08022819733564591,-0.4384850467872149,-0.12345679012345678,-102.24955661062546,0.04767736310093672,0.6862564086914062,fdr_bh,False
phase_split_within_arch,architecture_id=Lin2|target=lt1|feature_set=EMG|with_abs=False,abs_lt_err_median_sec,full_window,split,18,247.85594883401134,294.8024790156105,-46.94653018159917,192.60377348921378,290.8680698661643,-98.26429637695054,53.0,0.16735076904296875,-1.667930631284176,0.1136426815249446,-0.39313501997659994,-0.1111111111111111,-100.72447734934555,4.674026572606162,0.6862564086914062,fdr_bh,False
phase_split_within_arch,architecture_id=Lin2|target=lt1|feature_set=EMG|with_abs=True,abs_lt_err_median_sec,full_cycles,full_window,18,244.16636118462924,247.85594883401134,-3.689587649382105,215.36753037382672,192.60377348921378,22.763756884612945,57.0,0.22875213623046875,-0.46602540453467084,0.6471127951474552,-0.1098432412505566,0.0,-16.50995936331709,12.245777977176624,0.6862564086914062,fdr_bh,False
phase_split_within_arch,architecture_id=Lin2|target=lt1|feature_set=EMG|with_abs=True,abs_lt_err_median_sec,full_cycles,split,18,244.16636118462924,294.8024790156105,-50.63611783098128,215.36753037382672,290.8680698661643,-75.5005394923376,52.0,0.15404510498046875,-1.8603345001928413,0.08022819733564591,-0.4384850467872149,-0.12345679012345678,-102.24955661062546,0.04767736310093672,0.6862564086914062,fdr_bh,False
phase_split_within_arch,architecture_id=Lin2|target=lt1|feature_set=EMG|with_abs=True,abs_lt_err_median_sec,full_window,split,18,247.85594883401134,294.8024790156105,-46.94653018159917,192.60377348921378,290.8680698661643,-98.26429637695054,53.0,0.16735076904296875,-1.667930631284176,0.1136426815249446,-0.39313501997659994,-0.1111111111111111,-100.72447734934555,4.674026572606162,0.6862564086914062,fdr_bh,False
phase_split_within_arch,architecture_id=Lin2|target=lt1|feature_set=EMG+NIRS+HRV|with_abs=False,abs_lt_err_median_sec,full_cycles,full_window,18,132.3195687906462,122.50305946860072,9.816509322045476,60.783792324477446,54.343446677467114,6.440345647010332,44.0,0.0736846923828125,1.7895074942270335,0.09136288328932533,0.42179096138402733,0.13580246913580246,-0.27962059503205683,19.434124494978818,0.5963319290515988,fdr_bh,False
phase_split_within_arch,architecture_id=Lin2|target=lt1|feature_set=EMG+NIRS+HRV|with_abs=False,abs_lt_err_median_sec,full_cycles,split,18,132.3195687906462,172.40177686696256,-40.08220807631636,60.783792324477446,132.12400662018655,-71.3402142957091,30.0,0.0138702392578125,-2.626455203028178,0.01768417678728201,-0.619061428181305,-0.25925925925925924,-69.08685248729363,-12.097498588971211,0.2925359552556818,fdr_bh,False
phase_split_within_arch,architecture_id=Lin2|target=lt1|feature_set=EMG+NIRS+HRV|with_abs=False,abs_lt_err_median_sec,full_window,split,18,122.50305946860072,172.40177686696256,-49.89871739836184,54.343446677467114,132.12400662018655,-77.78055994271944,22.0,0.00400543212890625,-3.3208199046399276,0.00404412782811905,-0.7827247578900524,-0.3333333333333333,-79.09839744751274,-20.855665666559883,0.27127473250679346,fdr_bh,False
phase_split_within_arch,architecture_id=Lin2|target=lt1|feature_set=EMG+NIRS+HRV|with_abs=True,abs_lt_err_median_sec,full_cycles,full_window,18,194.49689129425983,187.60398020978465,6.892911084475173,94.19732821368109,95.56620095560956,-1.3688727419284703,69.0,0.49507904052734375,0.6961837450962833,0.49572280390304857,0.16409208236980963,-0.018518518518518517,-12.157148880675793,25.433024929119675,0.8550248441861819,fdr_bh,False
phase_split_within_arch,architecture_id=Lin2|target=lt1|feature_set=EMG+NIRS+HRV|with_abs=True,abs_lt_err_median_sec,full_cycles,split,18,194.49689129425983,218.3496069859957,-23.85271569173588,94.19732821368109,177.776970879665,-83.5796426659839,54.0,0.18146514892578125,-1.51789877972017,0.14741671635824338,-0.3577721734316393,-0.043209876543209874,-54.56563205255738,5.657485645640341,0.6862564086914062,fdr_bh,False
phase_split_within_arch,architecture_id=Lin2|target=lt1|feature_set=EMG+NIRS+HRV|with_abs=True,abs_lt_err_median_sec,full_window,split,18,187.60398020978465,218.3496069859957,-30.745626776211054,95.56620095560956,177.776970879665,-82.21076992405543,48.0,0.1083831787109375,-1.7766981084761808,0.09351539899475951,-0.41877176020827317,-0.024691358024691357,-64.47159000653002,3.9628111444427017,0.6339049780068278,fdr_bh,False
phase_split_within_arch,architecture_id=Lin2|target=lt2|feature_set=EMG|with_abs=False,abs_lt_err_median_sec,full_cycles,full_window,18,240.93488847929368,268.3527799293409,-27.41789145004722,188.9499919664916,258.6225411247985,-69.67254915830688,44.0,0.0736846923828125,-2.335642147959214,0.03201982335569206,-0.5505161337490246,-0.08024691358024691,-50.39971910021512,-6.416374002652539,0.5963319290515988,fdr_bh,False
phase_split_within_arch,architecture_id=Lin2|target=lt2|feature_set=EMG|with_abs=False,abs_lt_err_median_sec,full_cycles,split,18,240.93488847929368,220.9148496974188,20.020038781874888,188.9499919664916,172.04725532947032,16.90273663702129,61.0,0.30379486083984375,0.8056866154803529,0.4315495866666581,0.18990215643913194,0.10493827160493827,-27.791017124602448,66.25679368247202,0.7393049760298295,fdr_bh,False
phase_split_within_arch,architecture_id=Lin2|target=lt2|feature_set=EMG|with_abs=False,abs_lt_err_median_sec,full_window,split,18,268.3527799293409,220.9148496974188,47.43793023192211,258.6225411247985,172.04725532947032,86.57528579532817,52.0,0.15404510498046875,1.5953173859625085,0.12906231116516625,0.37601991391962886,0.1728395061728395,-9.848652967942757,106.0337419878668,0.6862564086914062,fdr_bh,False
phase_split_within_arch,architecture_id=Lin2|target=lt2|feature_set=EMG|with_abs=True,abs_lt_err_median_sec,full_cycles,full_window,18,240.93488847929368,268.3527799293409,-27.41789145004722,188.9499919664916,258.6225411247985,-69.67254915830688,44.0,0.0736846923828125,-2.335642147959214,0.03201982335569206,-0.5505161337490246,-0.08024691358024691,-50.39971910021512,-6.416374002652539,0.5963319290515988,fdr_bh,False
phase_split_within_arch,architecture_id=Lin2|target=lt2|feature_set=EMG|with_abs=True,abs_lt_err_median_sec,full_cycles,split,18,240.93488847929368,220.9148496974188,20.020038781874888,188.9499919664916,172.04725532947032,16.90273663702129,61.0,0.30379486083984375,0.8056866154803529,0.4315495866666581,0.18990215643913194,0.10493827160493827,-27.791017124602448,66.25679368247202,0.7393049760298295,fdr_bh,False
phase_split_within_arch,architecture_id=Lin2|target=lt2|feature_set=EMG|with_abs=True,abs_lt_err_median_sec,full_window,split,18,268.3527799293409,220.9148496974188,47.43793023192211,258.6225411247985,172.04725532947032,86.57528579532817,52.0,0.15404510498046875,1.5953173859625085,0.12906231116516625,0.37601991391962886,0.1728395061728395,-9.848652967942757,106.0337419878668,0.6862564086914062,fdr_bh,False
phase_split_within_arch,architecture_id=Lin2|target=lt2|feature_set=EMG+NIRS+HRV|with_abs=False,abs_lt_err_median_sec,full_cycles,full_window,18,119.12343890409905,111.94162973835002,7.18180916574903,90.30256798041466,121.72386516157445,-31.421297181159787,71.0,0.550872802734375,0.806975764901679,0.4308265496092083,0.1902060118717261,0.037037037037037035,-9.632911372465761,24.837636216629278,0.8773626331879291,fdr_bh,False
phase_split_within_arch,architecture_id=Lin2|target=lt2|feature_set=EMG+NIRS+HRV|with_abs=False,abs_lt_err_median_sec,full_cycles,split,18,119.12343890409905,121.83987157660789,-2.7164326725088443,90.30256798041466,90.53328002806336,-0.23071204764869435,84.0,0.9661178588867188,-0.22208104530172137,0.8268968244078669,-0.05234500436861467,0.018518518518518517,-25.6355010718114,19.715977144408303,0.9947012274928347,fdr_bh,False
phase_split_within_arch,architecture_id=Lin2|target=lt2|feature_set=EMG+NIRS+HRV|with_abs=False,abs_lt_err_median_sec,full_window,split,18,111.94162973835002,121.83987157660789,-9.898241838257874,121.72386516157445,90.53328002806336,31.190585133511092,73.0,0.6094589233398438,-0.5809629378368193,0.5688883511983421,-0.13693427765415786,-0.043209876543209874,-42.24278833277995,22.51979061053079,0.9044422401802372,fdr_bh,False
phase_split_within_arch,architecture_id=Lin2|target=lt2|feature_set=EMG+NIRS+HRV|with_abs=True,abs_lt_err_median_sec,full_cycles,full_window,18,135.72962254145102,137.10845386982126,-1.3788313283702394,83.29277687232963,102.16522276332108,-18.872445890991457,85.0,1.0,-0.1670272514488377,0.8693192805413298,-0.039368700714141246,-0.07407407407407407,-17.996404324031715,14.937553906810715,1.0,fdr_bh,False
phase_split_within_arch,architecture_id=Lin2|target=lt2|feature_set=EMG+NIRS+HRV|with_abs=True,abs_lt_err_median_sec,full_cycles,split,18,135.72962254145102,140.9607035908509,-5.231081049399876,83.29277687232963,122.01143868201382,-38.71866180968419,85.0,1.0,-0.4247667273855385,0.6763341605175024,-0.1001184777855773,-0.04938271604938271,-30.272769950055753,18.78467157833339,1.0,fdr_bh,False
phase_split_within_arch,architecture_id=Lin2|target=lt2|feature_set=EMG+NIRS+HRV|with_abs=True,abs_lt_err_median_sec,full_window,split,18,137.10845386982126,140.9607035908509,-3.8522497210296365,102.16522276332108,122.01143868201382,-19.846215918692735,83.0,0.932281494140625,-0.2706688482676008,0.7899045545775143,-0.06379725935532442,0.006172839506172839,-31.52995257935629,23.14459658720475,0.9891279267101754,fdr_bh,False
phase_split_within_arch,architecture_id=Lin20|target=lt1|feature_set=EMG|with_abs=False,abs_lt_err_median_sec,full_cycles,full_window,18,162.56672181897522,161.077603372644,1.4891184463312186,132.97124323968606,124.66064392895785,8.310599310728207,80.0,0.83172607421875,0.2614980000548321,0.7968503248522684,0.06163566970183065,0.018518518518518517,-9.871529924754162,11.918296913586882,0.9568286738119836,fdr_bh,False
phase_split_within_arch,architecture_id=Lin20|target=lt1|feature_set=EMG|with_abs=False,abs_lt_err_median_sec,full_cycles,split,18,162.56672181897522,170.95696553303722,-8.390243714061995,132.97124323968606,145.74675676799208,-12.775513528306021,73.0,0.6094589233398438,-0.687274979396215,0.5011788637103731,-0.16199226615696946,-0.04938271604938271,-30.45625703642239,15.224139091879689,0.9044422401802372,fdr_bh,False
phase_split_within_arch,architecture_id=Lin20|target=lt1|feature_set=EMG|with_abs=False,abs_lt_err_median_sec,full_window,split,18,161.077603372644,170.95696553303722,-9.879362160393214,124.66064392895785,145.74675676799208,-21.08611283903423,74.0,0.6396942138671875,-0.9211781010073569,0.3698459802059521,-0.21712376063428288,-0.06172839506172839,-29.097885293248368,10.669481979599807,0.9198908529990961,fdr_bh,False
phase_split_within_arch,architecture_id=Lin20|target=lt1|feature_set=EMG|with_abs=True,abs_lt_err_median_sec,full_cycles,full_window,18,162.56672181897522,161.077603372644,1.4891184463312186,132.97124323968606,124.66064392895785,8.310599310728207,80.0,0.83172607421875,0.2614980000548321,0.7968503248522684,0.06163566970183065,0.018518518518518517,-9.871529924754162,11.918296913586882,0.9568286738119836,fdr_bh,False
phase_split_within_arch,architecture_id=Lin20|target=lt1|feature_set=EMG|with_abs=True,abs_lt_err_median_sec,full_cycles,split,18,162.56672181897522,170.95696553303722,-8.390243714061995,132.97124323968606,145.74675676799208,-12.775513528306021,73.0,0.6094589233398438,-0.687274979396215,0.5011788637103731,-0.16199226615696946,-0.04938271604938271,-30.45625703642239,15.224139091879689,0.9044422401802372,fdr_bh,False
phase_split_within_arch,architecture_id=Lin20|target=lt1|feature_set=EMG|with_abs=True,abs_lt_err_median_sec,full_window,split,18,161.077603372644,170.95696553303722,-9.879362160393214,124.66064392895785,145.74675676799208,-21.08611283903423,74.0,0.6396942138671875,-0.9211781010073569,0.3698459802059521,-0.21712376063428288,-0.06172839506172839,-29.097885293248368,10.669481979599807,0.9198908529990961,fdr_bh,False
phase_split_within_arch,architecture_id=Lin20|target=lt1|feature_set=EMG+NIRS+HRV|with_abs=False,abs_lt_err_median_sec,full_cycles,full_window,18,162.9842477675039,164.29679892545155,-1.3125511579476665,113.01981597313215,107.13497706492655,5.884838908205609,76.0,0.7018814086914062,-0.3580623627493147,0.7247039966984172,-0.08439610826257263,-0.006172839506172839,-8.434041399874001,5.67862183855066,0.9304942103794643,fdr_bh,False
phase_split_within_arch,architecture_id=Lin20|target=lt1|feature_set=EMG+NIRS+HRV|with_abs=False,abs_lt_err_median_sec,full_cycles,split,18,162.9842477675039,168.40986303299258,-5.4256152654886876,113.01981597313215,117.14941461402876,-4.129598640896603,74.0,0.6396942138671875,-0.4998472095381829,0.6235905503695055,-0.11781511714054076,-0.030864197530864196,-25.96710864747227,14.346949664879375,0.9198908529990961,fdr_bh,False
phase_split_within_arch,architecture_id=Lin20|target=lt1|feature_set=EMG+NIRS+HRV|with_abs=False,abs_lt_err_median_sec,full_window,split,18,164.29679892545155,168.40986303299258,-4.113064107541021,107.13497706492655,117.14941461402876,-10.014437549102212,71.0,0.550872802734375,-0.4038449587674499,0.691361461710658,-0.09518716963082183,-0.012345679012345678,-22.562851289260475,15.58732436031034,0.8773626331879291,fdr_bh,False
phase_split_within_arch,architecture_id=Lin20|target=lt1|feature_set=EMG+NIRS+HRV|with_abs=True,abs_lt_err_median_sec,full_cycles,full_window,18,194.18850836784097,195.39922204605915,-1.210713678218184,113.41755800514593,123.68212111300124,-10.26456310785531,78.0,0.7660293579101562,-0.3163686044640656,0.7555743216432171,-0.07456879519035517,0.018518518518518517,-8.682061616999246,5.382529860107234,0.9469918882868006,fdr_bh,False
phase_split_within_arch,architecture_id=Lin20|target=lt1|feature_set=EMG+NIRS+HRV|with_abs=True,abs_lt_err_median_sec,full_cycles,split,18,194.18850836784097,199.66747691869801,-5.478968550857047,113.41755800514593,118.73708978228098,-5.31953177713504,68.0,0.468292236328125,-0.8783677823022334,0.3919900358204461,-0.2070332717472328,-0.030864197530864196,-17.66927111405588,6.1529790140928675,0.82305908203125,fdr_bh,False
phase_split_within_arch,architecture_id=Lin20|target=lt1|feature_set=EMG+NIRS+HRV|with_abs=True,abs_lt_err_median_sec,full_window,split,18,195.39922204605915,199.66747691869801,-4.268254872638863,123.68212111300124,118.73708978228098,4.945031330720269,72.0,0.5798416137695312,-0.6076397923895417,0.551457876464919,-0.14322207257247696,-0.06790123456790123,-17.073194707563985,9.274605316949039,0.8889201832237749,fdr_bh,False
phase_split_within_arch,architecture_id=Lin20|target=lt2|feature_set=EMG|with_abs=False,abs_lt_err_median_sec,full_cycles,full_window,18,198.95877915397855,202.01250568717109,-3.053726533192531,196.92824681052122,190.27460802234833,6.653638788172884,80.0,0.83172607421875,-0.39002062872557786,0.7013646795435218,-0.09192874379149894,0.0,-18.25950869867304,11.09847497204559,0.9568286738119836,fdr_bh,False
phase_split_within_arch,architecture_id=Lin20|target=lt2|feature_set=EMG|with_abs=False,abs_lt_err_median_sec,full_cycles,split,18,198.95877915397855,182.4711630359194,16.48761611805915,196.92824681052122,158.2236245530891,38.704622257432106,60.0,0.28372955322265625,1.2002037856235523,0.24651895325222364,0.28289074520672636,0.09259259259259259,-9.496244257357842,44.016730051460456,0.7260138567756204,fdr_bh,False
phase_split_within_arch,architecture_id=Lin20|target=lt2|feature_set=EMG|with_abs=False,abs_lt_err_median_sec,full_window,split,18,202.01250568717109,182.4711630359194,19.541342651251682,190.27460802234833,158.2236245530891,32.05098346925922,60.0,0.28372955322265625,1.172805195009539,0.2570462561248493,0.27643283546735214,0.11728395061728394,-9.93907205676614,51.4695201297571,0.7260138567756204,fdr_bh,False
phase_split_within_arch,architecture_id=Lin20|target=lt2|feature_set=EMG|with_abs=True,abs_lt_err_median_sec,full_cycles,full_window,18,198.95877915397855,202.01250568717109,-3.053726533192531,196.92824681052122,190.27460802234833,6.653638788172884,80.0,0.83172607421875,-0.39002062872557786,0.7013646795435218,-0.09192874379149894,0.0,-18.25950869867304,11.09847497204559,0.9568286738119836,fdr_bh,False
phase_split_within_arch,architecture_id=Lin20|target=lt2|feature_set=EMG|with_abs=True,abs_lt_err_median_sec,full_cycles,split,18,198.95877915397855,182.4711630359194,16.48761611805915,196.92824681052122,158.2236245530891,38.704622257432106,60.0,0.28372955322265625,1.2002037856235523,0.24651895325222364,0.28289074520672636,0.09259259259259259,-9.496244257357842,44.016730051460456,0.7260138567756204,fdr_bh,False
phase_split_within_arch,architecture_id=Lin20|target=lt2|feature_set=EMG|with_abs=True,abs_lt_err_median_sec,full_window,split,18,202.01250568717109,182.4711630359194,19.541342651251682,190.27460802234833,158.2236245530891,32.05098346925922,60.0,0.28372955322265625,1.172805195009539,0.2570462561248493,0.27643283546735214,0.11728395061728394,-9.93907205676614,51.4695201297571,0.7260138567756204,fdr_bh,False
phase_split_within_arch,architecture_id=Lin20|target=lt2|feature_set=EMG+NIRS+HRV|with_abs=False,abs_lt_err_median_sec,full_cycles,full_window,18,152.4691293014365,154.85518117096152,-2.386051869525005,111.02723304307398,107.54310263927113,3.484130403802851,63.0,0.34654998779296875,-0.5472509113407716,0.5913189139308211,-0.1289882768065259,-0.018518518518518517,-10.78259720469265,6.57866606866947,0.76571044921875,fdr_bh,False
phase_split_within_arch,architecture_id=Lin20|target=lt2|feature_set=EMG+NIRS+HRV|with_abs=False,abs_lt_err_median_sec,full_cycles,split,18,152.4691293014365,153.9601614346294,-1.4910321331929026,111.02723304307398,106.35745451159158,4.669778531482393,61.0,0.30379486083984375,-0.322495701831488,0.7510095302217276,-0.07601296588952001,-0.018518518518518517,-9.615669589387945,8.614806299137495,0.7393049760298295,fdr_bh,False
phase_split_within_arch,architecture_id=Lin20|target=lt2|feature_set=EMG+NIRS+HRV|with_abs=False,abs_lt_err_median_sec,full_window,split,18,154.85518117096152,153.9601614346294,0.8950197363321024,107.54310263927113,106.35745451159158,1.185648127679542,79.0,0.7987060546875,0.1467909161274911,0.8850237998873577,0.03459895073677824,-0.006172839506172839,-10.876130414162981,12.59876312695201,0.9568286738119836,fdr_bh,False
phase_split_within_arch,architecture_id=Lin20|target=lt2|feature_set=EMG+NIRS+HRV|with_abs=True,abs_lt_err_median_sec,full_cycles,full_window,18,121.22504585114974,123.2179758133472,-1.9929299621974508,109.687940726276,115.14159852413604,-5.453657797860046,62.0,0.32472991943359375,-1.0059045655033105,0.3285655083854434,-0.2370939798312995,-0.012345679012345678,-5.626777618503348,1.7426351125550625,0.7533734130859375,fdr_bh,False
phase_split_within_arch,architecture_id=Lin20|target=lt2|feature_set=EMG+NIRS+HRV|with_abs=True,abs_lt_err_median_sec,full_cycles,split,18,121.22504585114974,124.54061391035424,-3.3155680592044945,109.687940726276,113.98481638510992,-4.296875658833926,68.0,0.468292236328125,-0.6467698060630389,0.5264178692129591,-0.15244510524462768,0.0,-12.95000406725629,6.160522225698951,0.82305908203125,fdr_bh,False
phase_split_within_arch,architecture_id=Lin20|target=lt2|feature_set=EMG+NIRS+HRV|with_abs=True,abs_lt_err_median_sec,full_window,split,18,123.2179758133472,124.54061391035424,-1.3226380970070437,115.14159852413604,113.98481638510992,1.1567821390261201,74.0,0.6396942138671875,-0.26854961555314943,0.7915080159980665,-0.0632977514142241,0.006172839506172839,-10.716933818060163,7.692649874914408,0.9198908529990961,fdr_bh,False
phase_split_within_arch,architecture_id=Lin21|target=lt1|feature_set=EMG|with_abs=False,abs_lt_err_median_sec,full_cycles,full_window,18,176.38304226323785,173.35446046866173,3.0285817945761266,147.24550976986356,145.8879882259303,1.3575215439332737,71.0,0.550872802734375,0.6066342239526881,0.5521096882161299,0.14298505781892817,0.043209876543209874,-6.59771047715353,12.178554924149042,0.8773626331879291,fdr_bh,False
phase_split_within_arch,architecture_id=Lin21|target=lt1|feature_set=EMG|with_abs=False,abs_lt_err_median_sec,full_cycles,split,18,176.38304226323785,171.36939470234722,5.013647560890632,147.24550976986356,152.16056513355588,-4.915055363692318,84.0,0.9661178588867188,0.3589713540481772,0.724036152392853,0.08461035956639439,0.04938271604938271,-18.84338008643604,31.50470581821256,0.9947012274928347,fdr_bh,False
phase_split_within_arch,architecture_id=Lin21|target=lt1|feature_set=EMG|with_abs=False,abs_lt_err_median_sec,full_window,split,18,173.35446046866173,171.36939470234722,1.9850657663145057,145.8879882259303,152.16056513355588,-6.2725769076255915,85.0,1.0,0.13262334667957115,0.8960484193464157,0.03125962259359306,0.006172839506172839,-25.257590146246326,30.51454336180737,1.0,fdr_bh,False
phase_split_within_arch,architecture_id=Lin21|target=lt1|feature_set=EMG|with_abs=True,abs_lt_err_median_sec,full_cycles,full_window,18,176.38304226323785,173.35446046866173,3.0285817945761266,147.24550976986356,145.8879882259303,1.3575215439332737,71.0,0.550872802734375,0.6066342239526881,0.5521096882161299,0.14298505781892817,0.043209876543209874,-6.59771047715353,12.178554924149042,0.8773626331879291,fdr_bh,False
phase_split_within_arch,architecture_id=Lin21|target=lt1|feature_set=EMG|with_abs=True,abs_lt_err_median_sec,full_cycles,split,18,176.38304226323785,171.36939470234722,5.013647560890632,147.24550976986356,152.16056513355588,-4.915055363692318,84.0,0.9661178588867188,0.3589713540481772,0.724036152392853,0.08461035956639439,0.04938271604938271,-18.84338008643604,31.50470581821256,0.9947012274928347,fdr_bh,False
phase_split_within_arch,architecture_id=Lin21|target=lt1|feature_set=EMG|with_abs=True,abs_lt_err_median_sec,full_window,split,18,173.35446046866173,171.36939470234722,1.9850657663145057,145.8879882259303,152.16056513355588,-6.2725769076255915,85.0,1.0,0.13262334667957115,0.8960484193464157,0.03125962259359306,0.006172839506172839,-25.257590146246326,30.51454336180737,1.0,fdr_bh,False
phase_split_within_arch,architecture_id=Lin21|target=lt1|feature_set=EMG+NIRS+HRV|with_abs=False,abs_lt_err_median_sec,full_cycles,full_window,18,158.31307438349657,155.46036170422772,2.8527126792688478,100.07880309154262,92.09026277665998,7.988540314882641,60.0,0.28372955322265625,0.707119968105615,0.48907255279729234,0.16666977485329854,0.043209876543209874,-4.875518121156738,9.959679549798624,0.7260138567756204,fdr_bh,False
phase_split_within_arch,architecture_id=Lin21|target=lt1|feature_set=EMG+NIRS+HRV|with_abs=False,abs_lt_err_median_sec,full_cycles,split,18,158.31307438349657,160.86938994640616,-2.556315562909589,100.07880309154262,113.24976712134583,-13.170964029803201,76.0,0.7018814086914062,-0.31265490430027315,0.758345639613636,-0.07369346766731806,0.006172839506172839,-19.11709581674701,13.628260478952697,0.9304942103794643,fdr_bh,False
phase_split_within_arch,architecture_id=Lin21|target=lt1|feature_set=EMG+NIRS+HRV|with_abs=False,abs_lt_err_median_sec,full_window,split,18,155.46036170422772,160.86938994640616,-5.409028242178437,92.09026277665998,113.24976712134583,-21.159504344685843,76.0,0.7018814086914062,-0.5600578250524035,0.5827455922546485,-0.1320068953170479,0.006172839506172839,-24.137096287007914,12.393141015064561,0.9304942103794643,fdr_bh,False
phase_split_within_arch,architecture_id=Lin21|target=lt1|feature_set=EMG+NIRS+HRV|with_abs=True,abs_lt_err_median_sec,full_cycles,full_window,18,200.40133877209414,193.006085523867,7.395253248227135,105.16002299458023,111.68756703617646,-6.527544041596229,56.0,0.2121429443359375,1.5179129274886103,0.14741317270049398,0.3577755080926401,0.06172839506172839,-1.026166881593265,17.490509102454254,0.6862564086914062,fdr_bh,False
phase_split_within_arch,architecture_id=Lin21|target=lt1|feature_set=EMG+NIRS+HRV|with_abs=True,abs_lt_err_median_sec,full_cycles,split,18,200.40133877209414,194.49046477178283,5.91087400031131,105.16002299458023,124.80146002938446,-19.641437034804227,78.0,0.7660293579101562,0.6524412417363216,0.5228417598201804,0.1537818754525082,-0.024691358024691357,-11.419572705310374,23.008896387831157,0.9469918882868006,fdr_bh,False
phase_split_within_arch,architecture_id=Lin21|target=lt1|feature_set=EMG+NIRS+HRV|with_abs=True,abs_lt_err_median_sec,full_window,split,18,193.006085523867,194.49046477178283,-1.4843792479158253,111.68756703617646,124.80146002938446,-13.113892993207998,80.0,0.83172607421875,-0.17371873138044527,0.8641383210770012,-0.04094589765941238,-0.05555555555555555,-16.484048835480646,15.44340881675595,0.9568286738119836,fdr_bh,False
phase_split_within_arch,architecture_id=Lin21|target=lt2|feature_set=EMG|with_abs=False,abs_lt_err_median_sec,full_cycles,full_window,18,187.55112727772325,185.77571882200027,1.7754084557229817,166.95280273191338,175.48379934165712,-8.530996609743738,75.0,0.6705245971679688,0.2151840470702925,0.832184215999799,0.05071936629552303,-0.006172839506172839,-14.812332399041093,16.199576034408896,0.9304942103794643,fdr_bh,False
phase_split_within_arch,architecture_id=Lin21|target=lt2|feature_set=EMG|with_abs=False,abs_lt_err_median_sec,full_cycles,split,18,187.55112727772325,175.94413144065493,11.606995837068325,166.95280273191338,162.48883087073642,4.463971861176958,66.0,0.4171142578125,0.7379796042795139,0.47059219141381364,0.1739434608544697,0.09259259259259259,-16.041414823576535,42.28922685889867,0.8019655343577349,fdr_bh,False
phase_split_within_arch,architecture_id=Lin21|target=lt2|feature_set=EMG|with_abs=False,abs_lt_err_median_sec,full_window,split,18,185.77571882200027,175.94413144065493,9.831587381345344,175.48379934165712,162.48883087073642,12.994968470920696,73.0,0.6094589233398438,0.570522391271035,0.5757875481321026,0.13447341722883785,0.05555555555555555,-22.277841515492693,45.62820708287447,0.9044422401802372,fdr_bh,False
phase_split_within_arch,architecture_id=Lin21|target=lt2|feature_set=EMG|with_abs=True,abs_lt_err_median_sec,full_cycles,full_window,18,187.55112727772325,185.77571882200027,1.7754084557229817,166.95280273191338,175.48379934165712,-8.530996609743738,75.0,0.6705245971679688,0.2151840470702925,0.832184215999799,0.05071936629552303,-0.006172839506172839,-14.812332399041093,16.199576034408896,0.9304942103794643,fdr_bh,False
phase_split_within_arch,architecture_id=Lin21|target=lt2|feature_set=EMG|with_abs=True,abs_lt_err_median_sec,full_cycles,split,18,187.55112727772325,175.94413144065493,11.606995837068325,166.95280273191338,162.48883087073642,4.463971861176958,66.0,0.4171142578125,0.7379796042795139,0.47059219141381364,0.1739434608544697,0.09259259259259259,-16.041414823576535,42.28922685889867,0.8019655343577349,fdr_bh,False
phase_split_within_arch,architecture_id=Lin21|target=lt2|feature_set=EMG|with_abs=True,abs_lt_err_median_sec,full_window,split,18,185.77571882200027,175.94413144065493,9.831587381345344,175.48379934165712,162.48883087073642,12.994968470920696,73.0,0.6094589233398438,0.570522391271035,0.5757875481321026,0.13447341722883785,0.05555555555555555,-22.277841515492693,45.62820708287447,0.9044422401802372,fdr_bh,False
phase_split_within_arch,architecture_id=Lin21|target=lt2|feature_set=EMG+NIRS+HRV|with_abs=False,abs_lt_err_median_sec,full_cycles,full_window,18,159.63853325983908,156.72753518672172,2.910998073117355,126.85612530988061,120.67586279027472,6.18026251960589,70.0,0.522613525390625,0.8206989688253866,0.42317728375823493,0.19344060205641264,0.012345679012345678,-3.7206743038492887,9.720768363946013,0.8619407906916469,fdr_bh,False
phase_split_within_arch,architecture_id=Lin21|target=lt2|feature_set=EMG+NIRS+HRV|with_abs=False,abs_lt_err_median_sec,full_cycles,split,18,159.63853325983908,151.97549140393343,7.663041855905647,126.85612530988061,127.41555604019464,-0.559430730314034,48.0,0.1083831787109375,1.6244240393729938,0.12268016210878038,0.38288041792102906,0.024691358024691357,-1.4422448758651525,16.670156747498833,0.6339049780068278,fdr_bh,False
phase_split_within_arch,architecture_id=Lin21|target=lt2|feature_set=EMG+NIRS+HRV|with_abs=False,abs_lt_err_median_sec,full_window,split,18,156.72753518672172,151.97549140393343,4.7520437827882915,120.67586279027472,127.41555604019464,-6.739693249919924,70.0,0.522613525390625,0.9650333300991658,0.3480565447964992,0.22746053726138538,0.0,-4.296005616761277,14.369065469443315,0.8619407906916469,fdr_bh,False
phase_split_within_arch,architecture_id=Lin21|target=lt2|feature_set=EMG+NIRS+HRV|with_abs=True,abs_lt_err_median_sec,full_cycles,full_window,18,122.6235358845027,117.04203166329886,5.5815042212038435,117.25571634804038,119.69930242470792,-2.4435860766675432,65.0,0.39273834228515625,1.3890319848025,0.18275215282661608,0.32739797857961905,0.006172839506172839,-1.445225555625138,13.330451022165127,0.7877403061396794,fdr_bh,False
phase_split_within_arch,architecture_id=Lin21|target=lt2|feature_set=EMG+NIRS+HRV|with_abs=True,abs_lt_err_median_sec,full_cycles,split,18,122.6235358845027,119.70094962930509,2.922586255197615,117.25571634804038,110.39448560943714,6.86123073860324,62.0,0.32472991943359375,0.6407162474267355,0.5302499084703894,0.15101826779061414,0.05555555555555555,-6.066377504516623,12.454984148121023,0.7533734130859375,fdr_bh,False
phase_split_within_arch,architecture_id=Lin21|target=lt2|feature_set=EMG+NIRS+HRV|with_abs=True,abs_lt_err_median_sec,full_window,split,18,117.04203166329886,119.70094962930509,-2.6589179660062285,119.69930242470792,110.39448560943714,9.304816815270783,70.0,0.522613525390625,-0.4848592371891329,0.633964761363927,-0.11428241817912417,0.024691358024691357,-12.762723280887409,8.388096102417407,0.8619407906916469,fdr_bh,False
phase_split_within_arch,architecture_id=Lin22|target=lt1|feature_set=EMG|with_abs=False,abs_lt_err_median_sec,full_cycles,full_window,18,177.36276655543261,175.41476765878826,1.94799889664435,148.50844859992006,141.79172857530088,6.716720024619178,80.0,0.83172607421875,0.3218745559152924,0.7514718651832811,0.07586656039303728,0.012345679012345678,-10.043670934905577,13.003301080088091,0.9568286738119836,fdr_bh,False
phase_split_within_arch,architecture_id=Lin22|target=lt1|feature_set=EMG|with_abs=False,abs_lt_err_median_sec,full_cycles,split,18,177.36276655543261,180.63939086869624,-3.276624313263625,148.50844859992006,157.86350661298937,-9.35505801306931,83.0,0.932281494140625,-0.2508845364567692,0.8049106145465721,-0.0591340523411417,-0.018518518518518517,-26.79751728566331,20.729504408453955,0.9891279267101754,fdr_bh,False
phase_split_within_arch,architecture_id=Lin22|target=lt1|feature_set=EMG|with_abs=False,abs_lt_err_median_sec,full_window,split,18,175.41476765878826,180.63939086869624,-5.224623209907975,141.79172857530088,157.86350661298937,-16.07177803768849,81.0,0.8650436401367188,-0.41779011273172745,0.6813299864761888,-0.09847407394176554,-0.043209876543209874,-26.775627725251464,19.428705911901133,0.96331259765625,fdr_bh,False
phase_split_within_arch,architecture_id=Lin22|target=lt1|feature_set=EMG|with_abs=True,abs_lt_err_median_sec,full_cycles,full_window,18,177.36276655543261,175.41476765878826,1.94799889664435,148.50844859992006,141.79172857530088,6.716720024619178,80.0,0.83172607421875,0.3218745559152924,0.7514718651832811,0.07586656039303728,0.012345679012345678,-10.043670934905577,13.003301080088091,0.9568286738119836,fdr_bh,False
phase_split_within_arch,architecture_id=Lin22|target=lt1|feature_set=EMG|with_abs=True,abs_lt_err_median_sec,full_cycles,split,18,177.36276655543261,180.63939086869624,-3.276624313263625,148.50844859992006,157.86350661298937,-9.35505801306931,83.0,0.932281494140625,-0.2508845364567692,0.8049106145465721,-0.0591340523411417,-0.018518518518518517,-26.79751728566331,20.729504408453955,0.9891279267101754,fdr_bh,False
phase_split_within_arch,architecture_id=Lin22|target=lt1|feature_set=EMG|with_abs=True,abs_lt_err_median_sec,full_window,split,18,175.41476765878826,180.63939086869624,-5.224623209907975,141.79172857530088,157.86350661298937,-16.07177803768849,81.0,0.8650436401367188,-0.41779011273172745,0.6813299864761888,-0.09847407394176554,-0.043209876543209874,-26.775627725251464,19.428705911901133,0.96331259765625,fdr_bh,False
phase_split_within_arch,architecture_id=Lin22|target=lt1|feature_set=EMG+NIRS+HRV|with_abs=False,abs_lt_err_median_sec,full_cycles,full_window,18,167.16195527814924,169.8878854843057,-2.7259302061564767,120.77547465033666,123.782807300657,-3.007332650320336,78.0,0.7660293579101562,-0.547552584224417,0.5911162399204727,-0.12905938178710116,-0.012345679012345678,-12.348684794581262,6.346100237365574,0.9469918882868006,fdr_bh,False
phase_split_within_arch,architecture_id=Lin22|target=lt1|feature_set=EMG+NIRS+HRV|with_abs=False,abs_lt_err_median_sec,full_cycles,split,18,167.16195527814924,164.4335130026004,2.7284422755488436,120.77547465033666,108.69320453181166,12.082270118525003,84.0,0.9661178588867188,0.22319708792174606,0.8260420379239117,0.05260805813685224,0.006172839506172839,-20.272578646773233,25.680561542047478,0.9947012274928347,fdr_bh,False
phase_split_within_arch,architecture_id=Lin22|target=lt1|feature_set=EMG+NIRS+HRV|with_abs=False,abs_lt_err_median_sec,full_window,split,18,169.8878854843057,164.4335130026004,5.45437248170532,123.782807300657,108.69320453181166,15.089602768845339,81.0,0.8650436401367188,0.48277771709412304,0.6354118158135974,0.11379179918767167,0.04938271604938271,-14.345394924965353,27.330808324143387,0.96331259765625,fdr_bh,False
phase_split_within_arch,architecture_id=Lin22|target=lt1|feature_set=EMG+NIRS+HRV|with_abs=True,abs_lt_err_median_sec,full_cycles,full_window,18,197.56009946227238,201.65649811971687,-4.096398657444496,114.02746490699732,116.87265554595905,-2.845190638961725,70.0,0.522613525390625,-1.0045810895204133,0.3291843487417404,-0.23678203355055147,-0.012345679012345678,-12.713502520011248,2.540953335513074,0.8619407906916469,fdr_bh,False
phase_split_within_arch,architecture_id=Lin22|target=lt1|feature_set=EMG+NIRS+HRV|with_abs=True,abs_lt_err_median_sec,full_cycles,split,18,197.56009946227238,202.4686089136145,-4.908509451342127,114.02746490699732,118.0334645765449,-4.0059996695475775,75.0,0.6705245971679688,-0.585269453644141,0.5660551604695347,-0.1379493331643726,-0.06172839506172839,-20.95391890278671,11.029445598922843,0.9304942103794643,fdr_bh,False
phase_split_within_arch,architecture_id=Lin22|target=lt1|feature_set=EMG+NIRS+HRV|with_abs=True,abs_lt_err_median_sec,full_window,split,18,201.65649811971687,202.4686089136145,-0.8121107938976309,116.87265554595905,118.0334645765449,-1.1608090305858525,82.0,0.8985748291015625,-0.10198599041428424,0.9199610930296138,-0.024038328469322214,-0.012345679012345678,-15.598131351103271,14.179354763965085,0.9833460393941627,fdr_bh,False
phase_split_within_arch,architecture_id=Lin22|target=lt2|feature_set=EMG|with_abs=False,abs_lt_err_median_sec,full_cycles,full_window,18,198.74946997235398,199.63919378816718,-0.8897238158131984,188.22379780297257,184.6144563570641,3.6093414459084556,81.0,0.8650436401367188,-0.10862838361080991,0.9147691263678264,-0.0256039555601791,-0.024691358024691357,-16.644595341665354,13.92066739106839,0.96331259765625,fdr_bh,False
phase_split_within_arch,architecture_id=Lin22|target=lt2|feature_set=EMG|with_abs=False,abs_lt_err_median_sec,full_cycles,split,18,198.74946997235398,182.0027062643922,16.746763707961776,188.22379780297257,162.06387065985786,26.159927143114714,67.0,0.44229888916015625,1.0157833103958422,0.32397231566452156,0.23942242233233993,0.08024691358024691,-11.872574977204447,51.37306518825178,0.814391605437748,fdr_bh,False
phase_split_within_arch,architecture_id=Lin22|target=lt2|feature_set=EMG|with_abs=False,abs_lt_err_median_sec,full_window,split,18,199.63919378816718,182.0027062643922,17.636487523774974,184.6144563570641,162.06387065985786,22.55058569720626,70.0,0.522613525390625,0.8912989891037624,0.38521040363677594,0.21008118641999504,0.1111111111111111,-15.399917538595739,59.42885584994898,0.8619407906916469,fdr_bh,False
phase_split_within_arch,architecture_id=Lin22|target=lt2|feature_set=EMG|with_abs=True,abs_lt_err_median_sec,full_cycles,full_window,18,198.74946997235398,199.63919378816718,-0.8897238158131984,188.22379780297257,184.6144563570641,3.6093414459084556,81.0,0.8650436401367188,-0.10862838361080991,0.9147691263678264,-0.0256039555601791,-0.024691358024691357,-16.644595341665354,13.92066739106839,0.96331259765625,fdr_bh,False
phase_split_within_arch,architecture_id=Lin22|target=lt2|feature_set=EMG|with_abs=True,abs_lt_err_median_sec,full_cycles,split,18,198.74946997235398,182.0027062643922,16.746763707961776,188.22379780297257,162.06387065985786,26.159927143114714,67.0,0.44229888916015625,1.0157833103958422,0.32397231566452156,0.23942242233233993,0.08024691358024691,-11.872574977204447,51.37306518825178,0.814391605437748,fdr_bh,False
phase_split_within_arch,architecture_id=Lin22|target=lt2|feature_set=EMG|with_abs=True,abs_lt_err_median_sec,full_window,split,18,199.63919378816718,182.0027062643922,17.636487523774974,184.6144563570641,162.06387065985786,22.55058569720626,70.0,0.522613525390625,0.8912989891037624,0.38521040363677594,0.21008118641999504,0.1111111111111111,-15.399917538595739,59.42885584994898,0.8619407906916469,fdr_bh,False
phase_split_within_arch,architecture_id=Lin22|target=lt2|feature_set=EMG+NIRS+HRV|with_abs=False,abs_lt_err_median_sec,full_cycles,full_window,18,152.69743359217898,153.11792162368513,-0.420488031506153,117.14310765615215,108.37576227840532,8.767345377746835,72.0,0.5798416137695312,-0.09181311099526912,0.9279197673666352,-0.02164055779552932,0.030864197530864196,-8.84381798152876,8.472770369897844,0.8889201832237749,fdr_bh,False
phase_split_within_arch,architecture_id=Lin22|target=lt2|feature_set=EMG+NIRS+HRV|with_abs=False,abs_lt_err_median_sec,full_cycles,split,18,152.69743359217898,150.43352965955563,2.26390393262335,117.14310765615215,113.6892837392474,3.453823916904753,77.0,0.7337265014648438,0.5119912431596624,0.6152439905118468,0.12067749331544263,0.018518518518518517,-5.718375796952693,10.83793196031187,0.9456919352213542,fdr_bh,False
phase_split_within_arch,architecture_id=Lin22|target=lt2|feature_set=EMG+NIRS+HRV|with_abs=False,abs_lt_err_median_sec,full_window,split,18,153.11792162368513,150.43352965955563,2.684391964129503,108.37576227840532,113.6892837392474,-5.313521460842082,80.0,0.83172607421875,0.5155495078288137,0.6128085830550308,0.12151618434104708,0.024691358024691357,-6.430298522199092,13.551547455531143,0.9568286738119836,fdr_bh,False
phase_split_within_arch,architecture_id=Lin22|target=lt2|feature_set=EMG+NIRS+HRV|with_abs=True,abs_lt_err_median_sec,full_cycles,full_window,18,121.76910247369162,124.17828349050023,-2.409181016808617,113.45399566896083,113.09484742193354,0.3591482470272922,47.0,0.0987396240234375,-1.7114288267563809,0.10518416284109572,-0.4033876429725246,-0.037037037037037035,-4.944350989531204,0.47406859218786396,0.6339049780068278,fdr_bh,False
phase_split_within_arch,architecture_id=Lin22|target=lt2|feature_set=EMG+NIRS+HRV|with_abs=True,abs_lt_err_median_sec,full_cycles,split,18,121.76910247369162,123.4312162248836,-1.6621137511919812,113.45399566896083,111.51467193775147,1.939323731209356,76.0,0.7018814086914062,-0.292026798690074,0.7737999066755269,-0.06883137654731669,-0.006172839506172839,-12.764887794955861,9.017164391976378,0.9304942103794643,fdr_bh,False
phase_split_within_arch,architecture_id=Lin22|target=lt2|feature_set=EMG+NIRS+HRV|with_abs=True,abs_lt_err_median_sec,full_window,split,18,124.17828349050023,123.4312162248836,0.7470672656166357,113.09484742193354,111.51467193775147,1.5801754841820639,83.0,0.932281494140625,0.13771866396486798,0.8920808080070308,0.03246060039516986,-0.006172839506172839,-9.764474364833488,11.41141368988651,0.9891279267101754,fdr_bh,False
phase_split_within_arch,architecture_id=Lin23|target=lt1|feature_set=EMG|with_abs=False,abs_lt_err_median_sec,full_cycles,full_window,18,189.3138483106519,182.62402318529524,6.689825125356663,153.87431382955666,156.13646426523437,-2.262150435677711,63.0,0.34654998779296875,1.365481359226478,0.1898988862780767,0.32184704289762217,0.037037037037037035,-2.7311406886262133,16.305257422683233,0.76571044921875,fdr_bh,False
phase_split_within_arch,architecture_id=Lin23|target=lt1|feature_set=EMG|with_abs=False,abs_lt_err_median_sec,full_cycles,split,18,189.3138483106519,179.303570651005,10.010277659646903,153.87431382955666,148.6635581297091,5.210755699847567,76.0,0.7018814086914062,0.6735485526159696,0.5096529408649689,0.15875691633771208,0.05555555555555555,-17.14479402809006,38.02482518074141,0.9304942103794643,fdr_bh,False
phase_split_within_arch,architecture_id=Lin23|target=lt1|feature_set=EMG|with_abs=False,abs_lt_err_median_sec,full_window,split,18,182.62402318529524,179.303570651005,3.32045253429024,156.13646426523437,148.6635581297091,7.472906135525278,82.0,0.8985748291015625,0.19168016202082688,0.8502635754860152,0.0451794474612876,0.037037037037037035,-27.892579963814455,35.29418238586198,0.9833460393941627,fdr_bh,False
phase_split_within_arch,architecture_id=Lin23|target=lt1|feature_set=EMG|with_abs=True,abs_lt_err_median_sec,full_cycles,full_window,18,189.3138483106519,182.62402318529524,6.689825125356663,153.87431382955666,156.13646426523437,-2.262150435677711,63.0,0.34654998779296875,1.365481359226478,0.1898988862780767,0.32184704289762217,0.037037037037037035,-2.7311406886262133,16.305257422683233,0.76571044921875,fdr_bh,False
phase_split_within_arch,architecture_id=Lin23|target=lt1|feature_set=EMG|with_abs=True,abs_lt_err_median_sec,full_cycles,split,18,189.3138483106519,179.303570651005,10.010277659646903,153.87431382955666,148.6635581297091,5.210755699847567,76.0,0.7018814086914062,0.6735485526159696,0.5096529408649689,0.15875691633771208,0.05555555555555555,-17.14479402809006,38.02482518074141,0.9304942103794643,fdr_bh,False
phase_split_within_arch,architecture_id=Lin23|target=lt1|feature_set=EMG|with_abs=True,abs_lt_err_median_sec,full_window,split,18,182.62402318529524,179.303570651005,3.32045253429024,156.13646426523437,148.6635581297091,7.472906135525278,82.0,0.8985748291015625,0.19168016202082688,0.8502635754860152,0.0451794474612876,0.037037037037037035,-27.892579963814455,35.29418238586198,0.9833460393941627,fdr_bh,False
phase_split_within_arch,architecture_id=Lin23|target=lt1|feature_set=EMG+NIRS+HRV|with_abs=False,abs_lt_err_median_sec,full_cycles,full_window,18,156.81987194343452,154.43416237632061,2.3857095671139064,105.13610666610049,96.30015793019973,8.835948735900757,72.0,0.5798416137695312,0.5860536075894964,0.5655400732487256,0.13813416002179094,0.018518518518518517,-5.103406334027225,9.922215692942011,0.8889201832237749,fdr_bh,False
phase_split_within_arch,architecture_id=Lin23|target=lt1|feature_set=EMG+NIRS+HRV|with_abs=False,abs_lt_err_median_sec,full_cycles,split,18,156.81987194343452,163.8750735105791,-7.055201567144593,105.13610666610049,116.53639379285198,-11.400287126751493,63.0,0.34654998779296875,-0.8781880886735492,0.3920847993804038,-0.20699091755277327,-0.04938271604938271,-22.505833352538232,9.364060666587045,0.76571044921875,fdr_bh,False
phase_split_within_arch,architecture_id=Lin23|target=lt1|feature_set=EMG+NIRS+HRV|with_abs=False,abs_lt_err_median_sec,full_window,split,18,154.43416237632061,163.8750735105791,-9.4409111342585,96.30015793019973,116.53639379285198,-20.23623586265225,63.0,0.34654998779296875,-1.0713835907176879,0.29897229924320085,-0.25252753408282325,-0.030864197530864196,-26.52651052345259,7.038111874729223,0.76571044921875,fdr_bh,False
phase_split_within_arch,architecture_id=Lin23|target=lt1|feature_set=EMG+NIRS+HRV|with_abs=True,abs_lt_err_median_sec,full_cycles,full_window,18,200.28241824090549,196.83548055915563,3.4469376817498585,99.14483085319583,116.63996375848137,-17.495132905285544,70.0,0.522613525390625,0.7121814472211621,0.48601251181458305,0.16786277692177765,0.043209876543209874,-5.430953386499035,13.25557136592141,0.8619407906916469,fdr_bh,False
phase_split_within_arch,architecture_id=Lin23|target=lt1|feature_set=EMG+NIRS+HRV|with_abs=True,abs_lt_err_median_sec,full_cycles,split,18,200.28241824090549,196.58549325255456,3.696924988350929,99.14483085319583,131.42306879326182,-32.27823794006599,85.0,1.0,0.39671790450363165,0.6965113732305274,0.09350730683087836,-0.012345679012345678,-14.119345077295467,21.474131521100404,1.0,fdr_bh,False
phase_split_within_arch,architecture_id=Lin23|target=lt1|feature_set=EMG+NIRS+HRV|with_abs=True,abs_lt_err_median_sec,full_window,split,18,196.83548055915563,196.58549325255456,0.2499873066010707,116.63996375848137,131.42306879326182,-14.783105034780448,78.0,0.7660293579101562,0.02708642065964242,0.9787062358455668,0.006384330575501518,-0.043209876543209874,-16.777480868926204,18.283062652605782,0.9469918882868006,fdr_bh,False
phase_split_within_arch,architecture_id=Lin23|target=lt2|feature_set=EMG|with_abs=False,abs_lt_err_median_sec,full_cycles,full_window,18,186.2119006268935,187.78606147893345,-1.5741608520399382,154.42366287886102,177.10771678664378,-22.684053907782754,84.0,0.9661178588867188,-0.16954423249704462,0.8673697460668268,-0.03996195883657628,-0.037037037037037035,-18.676249730388037,14.465475419638224,0.9947012274928347,fdr_bh,False
phase_split_within_arch,architecture_id=Lin23|target=lt2|feature_set=EMG|with_abs=False,abs_lt_err_median_sec,full_cycles,split,18,186.2119006268935,173.05179833108025,13.16010229581326,154.42366287886102,177.49833457341487,-23.074671694553842,65.0,0.39273834228515625,0.7624501253223624,0.45624100541602025,0.17971121797732514,0.06172839506172839,-18.858788001306106,46.40561999676179,0.7877403061396794,fdr_bh,False
phase_split_within_arch,architecture_id=Lin23|target=lt2|feature_set=EMG|with_abs=False,abs_lt_err_median_sec,full_window,split,18,187.78606147893345,173.05179833108025,14.734263147853198,177.10771678664378,177.49833457341487,-0.39061778677108805,67.0,0.44229888916015625,0.8762204216618635,0.3931234628467533,0.20652713399041328,0.07407407407407407,-17.56318780680135,47.38475404803771,0.814391605437748,fdr_bh,False
phase_split_within_arch,architecture_id=Lin23|target=lt2|feature_set=EMG|with_abs=True,abs_lt_err_median_sec,full_cycles,full_window,18,186.2119006268935,187.78606147893345,-1.5741608520399382,154.42366287886102,177.10771678664378,-22.684053907782754,84.0,0.9661178588867188,-0.16954423249704462,0.8673697460668268,-0.03996195883657628,-0.037037037037037035,-18.676249730388037,14.465475419638224,0.9947012274928347,fdr_bh,False
phase_split_within_arch,architecture_id=Lin23|target=lt2|feature_set=EMG|with_abs=True,abs_lt_err_median_sec,full_cycles,split,18,186.2119006268935,173.05179833108025,13.16010229581326,154.42366287886102,177.49833457341487,-23.074671694553842,65.0,0.39273834228515625,0.7624501253223624,0.45624100541602025,0.17971121797732514,0.06172839506172839,-18.858788001306106,46.40561999676179,0.7877403061396794,fdr_bh,False
phase_split_within_arch,architecture_id=Lin23|target=lt2|feature_set=EMG|with_abs=True,abs_lt_err_median_sec,full_window,split,18,187.78606147893345,173.05179833108025,14.734263147853198,177.10771678664378,177.49833457341487,-0.39061778677108805,67.0,0.44229888916015625,0.8762204216618635,0.3931234628467533,0.20652713399041328,0.07407407407407407,-17.56318780680135,47.38475404803771,0.814391605437748,fdr_bh,False
phase_split_within_arch,architecture_id=Lin23|target=lt2|feature_set=EMG+NIRS+HRV|with_abs=False,abs_lt_err_median_sec,full_cycles,full_window,18,158.62233205212092,156.59101643801492,2.0313156141060063,118.61745578322075,121.09686994186865,-2.4794141586478986,74.0,0.6396942138671875,0.6083989976345802,0.5509660312311189,0.14340101896483662,-0.006172839506172839,-4.185724913491443,8.74915203559253,0.9198908529990961,fdr_bh,False
phase_split_within_arch,architecture_id=Lin23|target=lt2|feature_set=EMG+NIRS+HRV|with_abs=False,abs_lt_err_median_sec,full_cycles,split,18,158.62233205212092,152.90365385454405,5.718678197576878,118.61745578322075,132.18443258953812,-13.56697680631737,59.0,0.2645263671875,1.158512732309072,0.26267116993104583,0.2730640697022334,0.018518518518518517,-3.7865575277478323,15.404156935465187,0.72484390378937,fdr_bh,False
phase_split_within_arch,architecture_id=Lin23|target=lt2|feature_set=EMG+NIRS+HRV|with_abs=False,abs_lt_err_median_sec,full_window,split,18,156.59101643801492,152.90365385454405,3.687362583470872,121.09686994186865,132.18443258953812,-11.087562647669472,76.0,0.7018814086914062,0.6516380845759875,0.5233473607413115,0.15359256949436456,0.006172839506172839,-6.55012105940351,14.747701876941036,0.9304942103794643,fdr_bh,False
phase_split_within_arch,architecture_id=Lin23|target=lt2|feature_set=EMG+NIRS+HRV|with_abs=True,abs_lt_err_median_sec,full_cycles,full_window,18,124.37449275405486,119.36810036212228,5.006392391932579,122.197662251964,119.00007724711003,3.197585004853977,65.0,0.39273834228515625,1.3137657236358105,0.20637919710320335,0.30965755069111117,0.037037037037037035,-2.037424624352049,12.464817347422706,0.7877403061396794,fdr_bh,False
phase_split_within_arch,architecture_id=Lin23|target=lt2|feature_set=EMG+NIRS+HRV|with_abs=True,abs_lt_err_median_sec,full_cycles,split,18,124.37449275405486,123.23266282722585,1.1418299268290042,122.197662251964,110.58410809219959,11.61355415976442,80.0,0.83172607421875,0.22225374604704562,0.8267645367893964,0.0523857103246596,-0.024691358024691357,-8.978439472100073,11.552345011269104,0.9568286738119836,fdr_bh,False
phase_split_within_arch,architecture_id=Lin23|target=lt2|feature_set=EMG+NIRS+HRV|with_abs=True,abs_lt_err_median_sec,full_window,split,18,119.36810036212228,123.23266282722585,-3.8645624651035746,119.00007724711003,110.58410809219959,8.415969154910442,64.0,0.3692169189453125,-0.6819827243163639,0.5044363969623755,-0.1607448696720589,-0.030864197530864196,-14.494013458419694,7.747105387889292,0.7670894793610075,fdr_bh,False
phase_split_within_arch,architecture_id=Lin24|target=lt1|feature_set=EMG|with_abs=False,abs_lt_err_median_sec,full_cycles,full_window,18,141.89271736060613,140.90333684461953,0.9893805159865963,79.71148155762566,75.74717119016839,3.964310367457273,64.0,0.3692169189453125,0.8646312200803086,0.3992778246504375,0.20379553298146144,0.037037037037037035,-1.072877837836679,3.121344019361583,0.7670894793610075,fdr_bh,False
phase_split_within_arch,architecture_id=Lin24|target=lt1|feature_set=EMG|with_abs=False,abs_lt_err_median_sec,full_cycles,split,18,141.89271736060613,162.3581170904708,-20.465399729864686,79.71148155762566,107.82042494231149,-28.10894338468583,50.0,0.12973785400390625,-1.7513142762011058,0.09791217028720363,-0.41278873356353735,-0.16049382716049382,-46.27730443876421,-1.1434985827571207,0.6789289202008928,fdr_bh,False
phase_split_within_arch,architecture_id=Lin24|target=lt1|feature_set=EMG|with_abs=False,abs_lt_err_median_sec,full_window,split,18,140.90333684461953,162.3581170904708,-21.454780245851282,75.74717119016839,107.82042494231149,-32.0732537521431,44.0,0.0736846923828125,-1.8336573161882752,0.08427311750351997,-0.43219717421635157,-0.14814814814814814,-47.70334150322943,-2.5371220031539568,0.5963319290515988,fdr_bh,False
phase_split_within_arch,architecture_id=Lin24|target=lt1|feature_set=EMG|with_abs=True,abs_lt_err_median_sec,full_cycles,full_window,18,141.89271736060613,140.90333684461953,0.9893805159865963,79.71148155762566,75.74717119016839,3.964310367457273,64.0,0.3692169189453125,0.8646312200803086,0.3992778246504375,0.20379553298146144,0.037037037037037035,-1.072877837836679,3.121344019361583,0.7670894793610075,fdr_bh,False
phase_split_within_arch,architecture_id=Lin24|target=lt1|feature_set=EMG|with_abs=True,abs_lt_err_median_sec,full_cycles,split,18,141.89271736060613,162.3581170904708,-20.465399729864686,79.71148155762566,107.82042494231149,-28.10894338468583,50.0,0.12973785400390625,-1.7513142762011058,0.09791217028720363,-0.41278873356353735,-0.16049382716049382,-46.27730443876421,-1.1434985827571207,0.6789289202008928,fdr_bh,False
phase_split_within_arch,architecture_id=Lin24|target=lt1|feature_set=EMG|with_abs=True,abs_lt_err_median_sec,full_window,split,18,140.90333684461953,162.3581170904708,-21.454780245851282,75.74717119016839,107.82042494231149,-32.0732537521431,44.0,0.0736846923828125,-1.8336573161882752,0.08427311750351997,-0.43219717421635157,-0.14814814814814814,-47.70334150322943,-2.5371220031539568,0.5963319290515988,fdr_bh,False
phase_split_within_arch,architecture_id=Lin24|target=lt1|feature_set=EMG+NIRS+HRV|with_abs=False,abs_lt_err_median_sec,full_cycles,full_window,18,129.38142439442598,130.67593296270235,-1.2945085682763704,80.35796522329841,82.42875932838894,-2.0707941050905276,54.0,0.18146514892578125,-1.4080808037981811,0.17713184664676163,-0.33188782827476615,-0.030864197530864196,-2.987641360545273,0.5077700713138923,0.6862564086914062,fdr_bh,False
phase_split_within_arch,architecture_id=Lin24|target=lt1|feature_set=EMG+NIRS+HRV|with_abs=False,abs_lt_err_median_sec,full_cycles,split,18,129.38142439442598,139.80108591444161,-10.419661520015637,80.35796522329841,96.69584362616555,-16.337878402867148,58.0,0.24620819091796875,-1.3547242355257265,0.19323713119974342,-0.319311564526001,-0.08641975308641975,-25.93102599071761,2.867217797134244,0.7200037852054885,fdr_bh,False
phase_split_within_arch,architecture_id=Lin24|target=lt1|feature_set=EMG+NIRS+HRV|with_abs=False,abs_lt_err_median_sec,full_window,split,18,130.67593296270235,139.80108591444161,-9.125152951739267,82.42875932838894,96.69584362616555,-14.26708429777662,62.0,0.32472991943359375,-1.1623325327346954,0.26115885612971473,-0.2739644052968126,-0.05555555555555555,-25.559994884685423,4.166505887534923,0.7533734130859375,fdr_bh,False
phase_split_within_arch,architecture_id=Lin24|target=lt1|feature_set=EMG+NIRS+HRV|with_abs=True,abs_lt_err_median_sec,full_cycles,full_window,18,129.5910666287347,130.50955850027924,-0.9184918715445463,93.83859917901913,93.00372008515455,0.834879093864572,61.0,0.30379486083984375,-1.2318790612428439,0.2347625730116404,-0.29035667926884445,-0.018518518518518517,-2.2903721207355425,0.6009948130802591,0.7393049760298295,fdr_bh,False
phase_split_within_arch,architecture_id=Lin24|target=lt1|feature_set=EMG+NIRS+HRV|with_abs=True,abs_lt_err_median_sec,full_cycles,split,18,129.5910666287347,141.37806807378618,-11.787001445051487,93.83859917901913,93.53257813832482,0.30602104069430425,53.0,0.16735076904296875,-1.5317967972164894,0.1439696731363631,-0.3610479675705382,-0.08024691358024691,-27.64683576967554,1.3690176268625158,0.6862564086914062,fdr_bh,False
phase_split_within_arch,architecture_id=Lin24|target=lt1|feature_set=EMG+NIRS+HRV|with_abs=True,abs_lt_err_median_sec,full_window,split,18,130.50955850027924,141.37806807378618,-10.868509573506941,93.00372008515455,93.53257813832482,-0.5288580531702678,57.0,0.22875213623046875,-1.3941018661459894,0.18124239687557964,-0.3285929610722166,-0.08024691358024691,-26.966192261311075,2.322422306422041,0.6862564086914062,fdr_bh,False
phase_split_within_arch,architecture_id=Lin24|target=lt2|feature_set=EMG|with_abs=False,abs_lt_err_median_sec,full_cycles,full_window,18,171.3379914818913,172.13370820946707,-0.7957167275757797,181.76049134765952,177.39100374106948,4.369487606590042,78.0,0.7660293579101562,-0.586959454868518,0.5649453550845481,-0.13834767027302944,-0.037037037037037035,-3.3865297493667024,1.5241611737964929,0.9469918882868006,fdr_bh,False
phase_split_within_arch,architecture_id=Lin24|target=lt2|feature_set=EMG|with_abs=False,abs_lt_err_median_sec,full_cycles,split,18,171.3379914818913,174.7941449284209,-3.456153446529612,181.76049134765952,168.96521766602348,12.795273681636047,80.0,0.83172607421875,-0.30472632842240643,0.7642735718788017,-0.07182468441118753,-0.018518518518518517,-26.68213090820229,15.074858339306537,0.9568286738119836,fdr_bh,False
phase_split_within_arch,architecture_id=Lin24|target=lt2|feature_set=EMG|with_abs=False,abs_lt_err_median_sec,full_window,split,18,172.13370820946707,174.7941449284209,-2.6604367189538323,177.39100374106948,168.96521766602348,8.425786075046005,83.0,0.932281494140625,-0.23100103942703382,0.8200712651496452,-0.05444746714666555,-0.012345679012345678,-26.855767105195298,16.218407379742754,0.9891279267101754,fdr_bh,False
phase_split_within_arch,architecture_id=Lin24|target=lt2|feature_set=EMG|with_abs=True,abs_lt_err_median_sec,full_cycles,full_window,18,171.3379914818913,172.13370820946707,-0.7957167275757797,181.76049134765952,177.39100374106948,4.369487606590042,78.0,0.7660293579101562,-0.586959454868518,0.5649453550845481,-0.13834767027302944,-0.037037037037037035,-3.3865297493667024,1.5241611737964929,0.9469918882868006,fdr_bh,False
phase_split_within_arch,architecture_id=Lin24|target=lt2|feature_set=EMG|with_abs=True,abs_lt_err_median_sec,full_cycles,split,18,171.3379914818913,174.7941449284209,-3.456153446529612,181.76049134765952,168.96521766602348,12.795273681636047,80.0,0.83172607421875,-0.30472632842240643,0.7642735718788017,-0.07182468441118753,-0.018518518518518517,-26.68213090820229,15.074858339306537,0.9568286738119836,fdr_bh,False
phase_split_within_arch,architecture_id=Lin24|target=lt2|feature_set=EMG|with_abs=True,abs_lt_err_median_sec,full_window,split,18,172.13370820946707,174.7941449284209,-2.6604367189538323,177.39100374106948,168.96521766602348,8.425786075046005,83.0,0.932281494140625,-0.23100103942703382,0.8200712651496452,-0.05444746714666555,-0.012345679012345678,-26.855767105195298,16.218407379742754,0.9891279267101754,fdr_bh,False
phase_split_within_arch,architecture_id=Lin24|target=lt2|feature_set=EMG+NIRS+HRV|with_abs=False,abs_lt_err_median_sec,full_cycles,full_window,18,145.4837259945939,145.50378567474354,-0.0200596801496431,154.41985408945106,154.51635985024222,-0.09650576079116036,83.0,0.932281494140625,-0.02783901727023918,0.9781147479101303,-0.006561719297785177,-0.018518518518518517,-1.3732161356569346,1.3681606292103117,0.9891279267101754,fdr_bh,False
phase_split_within_arch,architecture_id=Lin24|target=lt2|feature_set=EMG+NIRS+HRV|with_abs=False,abs_lt_err_median_sec,full_cycles,split,18,145.4837259945939,148.6737311154496,-3.190005120855716,154.41985408945106,157.17786745200215,-2.7580133625510825,84.0,0.9661178588867188,-0.47717936279555906,0.639311269090044,-0.1124722544250052,-0.006172839506172839,-17.893409123990562,8.019497955878036,0.9947012274928347,fdr_bh,False
phase_split_within_arch,architecture_id=Lin24|target=lt2|feature_set=EMG+NIRS+HRV|with_abs=False,abs_lt_err_median_sec,full_window,split,18,145.50378567474354,148.6737311154496,-3.1699454407060728,154.51635985024222,157.17786745200215,-2.661507601759922,84.0,0.9661178588867188,-0.4771772663008184,0.6393127314207724,-0.1124717602764559,-0.012345679012345678,-17.523215403512626,7.696012986582218,0.9947012274928347,fdr_bh,False
phase_split_within_arch,architecture_id=Lin24|target=lt2|feature_set=EMG+NIRS+HRV|with_abs=True,abs_lt_err_median_sec,full_cycles,full_window,18,142.2014140161395,142.2756450036028,-0.07423098746329515,145.12319923443448,145.46795824561985,-0.3447590111853742,85.0,1.0,-0.09844621760985704,0.9227294604199211,-0.023203996018032146,0.0,-1.530495135461775,1.3048699290004244,1.0,fdr_bh,False
phase_split_within_arch,architecture_id=Lin24|target=lt2|feature_set=EMG+NIRS+HRV|with_abs=True,abs_lt_err_median_sec,full_cycles,split,18,142.2014140161395,146.40262324417955,-4.201209228040057,145.12319923443448,145.7645767822308,-0.64137754779631,81.0,0.8650436401367188,-0.6602023623951251,0.5179701255740516,-0.1556111891349905,-0.037037037037037035,-18.52990888368521,6.581130765199627,0.96331259765625,fdr_bh,False
phase_split_within_arch,architecture_id=Lin24|target=lt2|feature_set=EMG+NIRS+HRV|with_abs=True,abs_lt_err_median_sec,full_window,split,18,142.2756450036028,146.40262324417955,-4.126978240576761,145.46795824561985,145.7645767822308,-0.29661853661093573,84.0,0.9661178588867188,-0.6576740063907346,0.5195543525141125,-0.15501524990967108,-0.037037037037037035,-18.333290278533227,6.118744575388426,0.9947012274928347,fdr_bh,False
phase_split_within_arch,architecture_id=Lin25|target=lt1|feature_set=EMG|with_abs=False,abs_lt_err_median_sec,full_cycles,full_window,18,141.90818450114207,140.94395837896744,0.9642261221746367,79.84998007741294,75.70934447020198,4.140635607210953,64.0,0.3692169189453125,0.8552020558378175,0.40433150130929923,0.20157305765586572,0.037037037037037035,-1.0575281082978918,3.062150161601402,0.7670894793610075,fdr_bh,False
phase_split_within_arch,architecture_id=Lin25|target=lt1|feature_set=EMG|with_abs=False,abs_lt_err_median_sec,full_cycles,split,18,141.90818450114207,162.29981199042578,-20.391627489283707,79.84998007741294,107.57381839108504,-27.723838313672104,48.0,0.1083831787109375,-1.744559092454212,0.0991121583826747,-0.41119652148500757,-0.16049382716049382,-46.21887512183456,-1.0277001379975528,0.6339049780068278,fdr_bh,False
phase_split_within_arch,architecture_id=Lin25|target=lt1|feature_set=EMG|with_abs=False,abs_lt_err_median_sec,full_window,split,18,140.94395837896744,162.29981199042578,-21.355853611458343,75.70934447020198,107.57381839108504,-31.864473920883057,45.0,0.08142852783203125,-1.8263617297844457,0.08541018007249894,-0.43047758801005814,-0.15432098765432098,-47.51792055989787,-2.420465335374045,0.6297139485677082,fdr_bh,False
phase_split_within_arch,architecture_id=Lin25|target=lt1|feature_set=EMG|with_abs=True,abs_lt_err_median_sec,full_cycles,full_window,18,141.90818450114207,140.94395837896744,0.9642261221746367,79.84998007741294,75.70934447020198,4.140635607210953,64.0,0.3692169189453125,0.8552020558378175,0.40433150130929923,0.20157305765586572,0.037037037037037035,-1.0575281082978918,3.062150161601402,0.7670894793610075,fdr_bh,False
phase_split_within_arch,architecture_id=Lin25|target=lt1|feature_set=EMG|with_abs=True,abs_lt_err_median_sec,full_cycles,split,18,141.90818450114207,162.29981199042578,-20.391627489283707,79.84998007741294,107.57381839108504,-27.723838313672104,48.0,0.1083831787109375,-1.744559092454212,0.0991121583826747,-0.41119652148500757,-0.16049382716049382,-46.21887512183456,-1.0277001379975528,0.6339049780068278,fdr_bh,False
phase_split_within_arch,architecture_id=Lin25|target=lt1|feature_set=EMG|with_abs=True,abs_lt_err_median_sec,full_window,split,18,140.94395837896744,162.29981199042578,-21.355853611458343,75.70934447020198,107.57381839108504,-31.864473920883057,45.0,0.08142852783203125,-1.8263617297844457,0.08541018007249894,-0.43047758801005814,-0.15432098765432098,-47.51792055989787,-2.420465335374045,0.6297139485677082,fdr_bh,False
phase_split_within_arch,architecture_id=Lin25|target=lt1|feature_set=EMG+NIRS+HRV|with_abs=False,abs_lt_err_median_sec,full_cycles,full_window,18,129.3865036491389,130.71095959647013,-1.324455947331245,80.49708685742269,82.42978487660037,-1.9326980191776784,53.0,0.16735076904296875,-1.4147605312393587,0.1751945402290431,-0.33346225513147765,-0.030864197530864196,-3.039294213434986,0.5492992666301264,0.6862564086914062,fdr_bh,False
phase_split_within_arch,architecture_id=Lin25|target=lt1|feature_set=EMG+NIRS+HRV|with_abs=False,abs_lt_err_median_sec,full_cycles,split,18,129.3865036491389,139.81470122706708,-10.428197577928188,80.49708685742269,97.0232112052324,-16.526124347809713,57.0,0.22875213623046875,-1.3484205244489407,0.19521508671518029,-0.3178257655763222,-0.08024691358024691,-26.027971509560214,2.8215830347211335,0.6862564086914062,fdr_bh,False
phase_split_within_arch,architecture_id=Lin25|target=lt1|feature_set=EMG+NIRS+HRV|with_abs=False,abs_lt_err_median_sec,full_window,split,18,130.71095959647013,139.81470122706708,-9.103741630596943,82.42978487660037,97.0232112052324,-14.593426328632034,62.0,0.32472991943359375,-1.1514282187483995,0.26549346194645446,-0.27139423384218025,-0.05555555555555555,-25.594160039265574,4.207161649095142,0.7533734130859375,fdr_bh,False
phase_split_within_arch,architecture_id=Lin25|target=lt1|feature_set=EMG+NIRS+HRV|with_abs=True,abs_lt_err_median_sec,full_cycles,full_window,18,129.5987956957747,130.67675017320155,-1.0779544774268572,93.86693706843309,93.43684252065967,0.4300945477734217,57.0,0.22875213623046875,-1.4352692018308355,0.16935394854289215,-0.33829619514759585,-0.018518518518518517,-2.5083341926996683,0.4256900646438439,0.6862564086914062,fdr_bh,False
phase_split_within_arch,architecture_id=Lin25|target=lt1|feature_set=EMG+NIRS+HRV|with_abs=True,abs_lt_err_median_sec,full_cycles,split,18,129.5987956957747,141.37543527091552,-11.77663957514082,93.86693706843309,93.08892589055984,0.7780111778732532,53.0,0.16735076904296875,-1.5450346147397964,0.14074925147066442,-0.36416815108348494,-0.08024691358024691,-27.443721316164726,1.1679421415722757,0.6862564086914062,fdr_bh,False
phase_split_within_arch,architecture_id=Lin25|target=lt1|feature_set=EMG+NIRS+HRV|with_abs=True,abs_lt_err_median_sec,full_window,split,18,130.67675017320155,141.37543527091552,-10.698685097713962,93.43684252065967,93.08892589055984,0.34791663009983154,58.0,0.24620819091796875,-1.3819505342414666,0.18487792044930987,-0.3257288646755044,-0.08641975308641975,-26.703808338239142,2.4513745232943163,0.7200037852054885,fdr_bh,False
phase_split_within_arch,architecture_id=Lin25|target=lt2|feature_set=EMG|with_abs=False,abs_lt_err_median_sec,full_cycles,full_window,18,171.31213649853277,172.2100309067992,-0.8978944082664384,181.66168013054016,177.61927696087707,4.042403169663089,77.0,0.7337265014648438,-0.6699286736235442,0.5119012512819182,-0.15790370267683915,-0.037037037037037035,-3.42638246256244,1.4320977898938947,0.9456919352213542,fdr_bh,False
phase_split_within_arch,architecture_id=Lin25|target=lt2|feature_set=EMG|with_abs=False,abs_lt_err_median_sec,full_cycles,split,18,171.31213649853277,174.71398267525285,-3.4018461767200847,181.66168013054016,169.12787359331122,12.53380653722894,82.0,0.8985748291015625,-0.2995110627539471,0.768181107914688,-0.07059543450456852,-0.012345679012345678,-26.773553729398703,15.203261024127556,0.9833460393941627,fdr_bh,False
phase_split_within_arch,architecture_id=Lin25|target=lt2|feature_set=EMG|with_abs=False,abs_lt_err_median_sec,full_window,split,18,172.2100309067992,174.71398267525285,-2.5039517684536463,177.61927696087707,169.12787359331122,8.491403367565852,83.0,0.932281494140625,-0.21765282162784594,0.8302906327687938,-0.0513012620391453,-0.012345679012345678,-26.59970279691202,16.35344397476594,0.9891279267101754,fdr_bh,False
phase_split_within_arch,architecture_id=Lin25|target=lt2|feature_set=EMG|with_abs=True,abs_lt_err_median_sec,full_cycles,full_window,18,171.31213649853277,172.2100309067992,-0.8978944082664384,181.66168013054016,177.61927696087707,4.042403169663089,77.0,0.7337265014648438,-0.6699286736235442,0.5119012512819182,-0.15790370267683915,-0.037037037037037035,-3.42638246256244,1.4320977898938947,0.9456919352213542,fdr_bh,False
phase_split_within_arch,architecture_id=Lin25|target=lt2|feature_set=EMG|with_abs=True,abs_lt_err_median_sec,full_cycles,split,18,171.31213649853277,174.71398267525285,-3.4018461767200847,181.66168013054016,169.12787359331122,12.53380653722894,82.0,0.8985748291015625,-0.2995110627539471,0.768181107914688,-0.07059543450456852,-0.012345679012345678,-26.773553729398703,15.203261024127556,0.9833460393941627,fdr_bh,False
phase_split_within_arch,architecture_id=Lin25|target=lt2|feature_set=EMG|with_abs=True,abs_lt_err_median_sec,full_window,split,18,172.2100309067992,174.71398267525285,-2.5039517684536463,177.61927696087707,169.12787359331122,8.491403367565852,83.0,0.932281494140625,-0.21765282162784594,0.8302906327687938,-0.0513012620391453,-0.012345679012345678,-26.59970279691202,16.35344397476594,0.9891279267101754,fdr_bh,False
phase_split_within_arch,architecture_id=Lin25|target=lt2|feature_set=EMG+NIRS+HRV|with_abs=False,abs_lt_err_median_sec,full_cycles,full_window,18,145.4894243601167,145.57480613510742,-0.0853817749907364,154.18610106356647,154.84640467409037,-0.6603036105238971,75.0,0.6705245971679688,-0.11709776375994634,0.9081548906072938,-0.02760020760547947,-0.018518518518518517,-1.4454495018486169,1.3115960344623785,0.9304942103794643,fdr_bh,False
phase_split_within_arch,architecture_id=Lin25|target=lt2|feature_set=EMG+NIRS+HRV|with_abs=False,abs_lt_err_median_sec,full_cycles,split,18,145.4894243601167,148.8199397693196,-3.330515409202917,154.18610106356647,157.15883630151433,-2.972735237947859,85.0,1.0,-0.4988386903090123,0.6242861004388123,-0.1175774068785729,-0.012345679012345678,-17.945837141322453,7.845239594280113,1.0,fdr_bh,False
phase_split_within_arch,architecture_id=Lin25|target=lt2|feature_set=EMG+NIRS+HRV|with_abs=False,abs_lt_err_median_sec,full_window,split,18,145.57480613510742,148.8199397693196,-3.2451336342121806,154.84640467409037,157.15883630151433,-2.312431627423962,84.0,0.9661178588867188,-0.4906668659304368,0.6299354242040419,-0.11565128940098748,-0.012345679012345678,-17.54173326615739,7.569360053202458,0.9947012274928347,fdr_bh,False
phase_split_within_arch,architecture_id=Lin25|target=lt2|feature_set=EMG+NIRS+HRV|with_abs=True,abs_lt_err_median_sec,full_cycles,full_window,18,142.35562111362677,142.26983965275625,0.08578146087052119,145.05827872121517,145.3689690081451,-0.31069028692991196,84.0,0.9661178588867188,0.1155328191490399,0.9093765399205147,0.02723134662329504,0.0,-1.3218662341345913,1.4565350782475488,0.9947012274928347,fdr_bh,False
phase_split_within_arch,architecture_id=Lin25|target=lt2|feature_set=EMG+NIRS+HRV|with_abs=True,abs_lt_err_median_sec,full_cycles,split,18,142.35562111362677,146.46545336696542,-4.109832253338652,145.05827872121517,145.91445432271706,-0.8561756015018887,83.0,0.932281494140625,-0.6439149216655733,0.528223152191137,-0.15177220253897716,-0.037037037037037035,-18.55044296188311,6.705677731360672,0.9891279267101754,fdr_bh,False
phase_split_within_arch,architecture_id=Lin25|target=lt2|feature_set=EMG+NIRS+HRV|with_abs=True,abs_lt_err_median_sec,full_window,split,18,142.26983965275625,146.46545336696542,-4.195613714209173,145.3689690081451,145.91445432271706,-0.5454853145719767,84.0,0.9661178588867188,-0.6669269291981393,0.5137699095350602,-0.15719618473064162,-0.037037037037037035,-18.432825809959212,5.9694002898954945,0.9947012274928347,fdr_bh,False
phase_split_within_arch,architecture_id=Lin26|target=lt1|feature_set=EMG|with_abs=False,abs_lt_err_median_sec,full_cycles,full_window,18,155.3503587866196,160.27002180171226,-4.919663015092652,119.35391210365657,127.67414588046165,-8.320233776805082,56.0,0.2121429443359375,-1.5825941353828519,0.13193920793823197,-0.3730210149984252,-0.04938271604938271,-10.649314915316392,1.0240942637850927,0.6862564086914062,fdr_bh,False
phase_split_within_arch,architecture_id=Lin26|target=lt1|feature_set=EMG|with_abs=False,abs_lt_err_median_sec,full_cycles,split,18,155.3503587866196,185.54625006250365,-30.195891275884037,119.35391210365657,139.59546284261228,-20.24155073895571,35.0,0.02684783935546875,-2.077194972617953,0.05325510454727832,-0.48959955032825314,-0.07407407407407407,-61.72934850969786,-7.319453186645763,0.42468400435014203,fdr_bh,False
phase_split_within_arch,architecture_id=Lin26|target=lt1|feature_set=EMG|with_abs=False,abs_lt_err_median_sec,full_window,split,18,160.27002180171226,185.54625006250365,-25.276228260791385,127.67414588046165,139.59546284261228,-11.921316962150627,51.0,0.14151763916015625,-1.6646998404337117,0.11429362090977313,-0.39237351527028036,-0.043209876543209874,-57.58948013379621,-0.43368025304784225,0.6862564086914062,fdr_bh,False
phase_split_within_arch,architecture_id=Lin26|target=lt1|feature_set=EMG|with_abs=True,abs_lt_err_median_sec,full_cycles,full_window,18,155.3503587866196,160.27002180171226,-4.919663015092652,119.35391210365657,127.67414588046165,-8.320233776805082,56.0,0.2121429443359375,-1.5825941353828519,0.13193920793823197,-0.3730210149984252,-0.04938271604938271,-10.649314915316392,1.0240942637850927,0.6862564086914062,fdr_bh,False
phase_split_within_arch,architecture_id=Lin26|target=lt1|feature_set=EMG|with_abs=True,abs_lt_err_median_sec,full_cycles,split,18,155.3503587866196,185.54625006250365,-30.195891275884037,119.35391210365657,139.59546284261228,-20.24155073895571,35.0,0.02684783935546875,-2.077194972617953,0.05325510454727832,-0.48959955032825314,-0.07407407407407407,-61.72934850969786,-7.319453186645763,0.42468400435014203,fdr_bh,False
phase_split_within_arch,architecture_id=Lin26|target=lt1|feature_set=EMG|with_abs=True,abs_lt_err_median_sec,full_window,split,18,160.27002180171226,185.54625006250365,-25.276228260791385,127.67414588046165,139.59546284261228,-11.921316962150627,51.0,0.14151763916015625,-1.6646998404337117,0.11429362090977313,-0.39237351527028036,-0.043209876543209874,-57.58948013379621,-0.43368025304784225,0.6862564086914062,fdr_bh,False
phase_split_within_arch,architecture_id=Lin26|target=lt1|feature_set=EMG+NIRS+HRV|with_abs=False,abs_lt_err_median_sec,full_cycles,full_window,18,134.34225687086837,136.671445785904,-2.329188915035644,82.94522107932147,83.99703753692228,-1.0518164576008076,44.0,0.0736846923828125,-1.3234254079473895,0.2032175912233426,-0.31193436011805736,-0.06172839506172839,-5.395973759906445,1.4265510685286824,0.5963319290515988,fdr_bh,False
phase_split_within_arch,architecture_id=Lin26|target=lt1|feature_set=EMG+NIRS+HRV|with_abs=False,abs_lt_err_median_sec,full_cycles,split,18,134.34225687086837,150.73524343180873,-16.392986560940358,82.94522107932147,116.40399148493714,-33.45877040561567,72.0,0.5798416137695312,-1.0799519405119782,0.2952476542636941,-0.25454711349719683,-0.024691358024691357,-51.31824771681018,6.400778916716218,0.8889201832237749,fdr_bh,False
phase_split_within_arch,architecture_id=Lin26|target=lt1|feature_set=EMG+NIRS+HRV|with_abs=False,abs_lt_err_median_sec,full_window,split,18,136.671445785904,150.73524343180873,-14.063797645904714,83.99703753692228,116.40399148493714,-32.40695394801486,76.0,0.7018814086914062,-0.9113448495793006,0.37485603630159736,-0.21480604104565254,-0.012345679012345678,-49.647806947268954,9.373744691388815,0.9304942103794643,fdr_bh,False
phase_split_within_arch,architecture_id=Lin26|target=lt1|feature_set=EMG+NIRS+HRV|with_abs=True,abs_lt_err_median_sec,full_cycles,full_window,18,136.42262062848334,137.29532309320183,-0.8727024647184862,92.41638723193239,93.36261281109802,-0.9462255791656276,68.0,0.468292236328125,-0.6984524576321474,0.49433889962631095,-0.16462682304270038,-0.012345679012345678,-3.095597275087083,1.6821195823543114,0.82305908203125,fdr_bh,False
phase_split_within_arch,architecture_id=Lin26|target=lt1|feature_set=EMG+NIRS+HRV|with_abs=True,abs_lt_err_median_sec,full_cycles,split,18,136.42262062848334,151.027945310167,-14.605324681683669,92.41638723193239,121.13268280184221,-28.716295569909818,72.0,0.5798416137695312,-0.9435814078140641,0.3586016301894314,-0.22240427068895793,-0.05555555555555555,-49.250964865328626,9.236002929235667,0.8889201832237749,fdr_bh,False
phase_split_within_arch,architecture_id=Lin26|target=lt1|feature_set=EMG+NIRS+HRV|with_abs=True,abs_lt_err_median_sec,full_window,split,18,137.29532309320183,151.027945310167,-13.732622216965183,93.36261281109802,121.13268280184221,-27.77006999074419,74.0,0.6396942138671875,-0.8814653193035009,0.39035889457415135,-0.20776336822009028,-0.06172839506172839,-48.237860646023755,10.098801204370359,0.9198908529990961,fdr_bh,False
phase_split_within_arch,architecture_id=Lin26|target=lt2|feature_set=EMG|with_abs=False,abs_lt_err_median_sec,full_cycles,full_window,18,175.24552848370524,176.0106415790309,-0.7651130953256597,138.4764275935392,133.9648963707266,4.511531222812607,78.0,0.7660293579101562,-0.3110445061970106,0.759548441585925,-0.07331389319424243,0.012345679012345678,-5.681846894477942,3.847926355733932,0.9469918882868006,fdr_bh,False
phase_split_within_arch,architecture_id=Lin26|target=lt2|feature_set=EMG|with_abs=False,abs_lt_err_median_sec,full_cycles,split,18,175.24552848370524,187.68218171301785,-12.436653229312611,138.4764275935392,140.09284759292268,-1.6164199993834814,80.0,0.83172607421875,-0.6849897159215917,0.5025840161925471,-0.16145362439040142,0.0,-52.37693788521029,19.145489615843452,0.9568286738119836,fdr_bh,False
phase_split_within_arch,architecture_id=Lin26|target=lt2|feature_set=EMG|with_abs=False,abs_lt_err_median_sec,full_window,split,18,176.0106415790309,187.68218171301785,-11.671540133986952,133.9648963707266,140.09284759292268,-6.127951222196089,74.0,0.6396942138671875,-0.6735577042295129,0.5096472639379348,-0.1587590733937105,-0.018518518518518517,-49.430222537496824,18.601861238998374,0.9198908529990961,fdr_bh,False
phase_split_within_arch,architecture_id=Lin26|target=lt2|feature_set=EMG|with_abs=True,abs_lt_err_median_sec,full_cycles,full_window,18,175.24552848370524,176.0106415790309,-0.7651130953256597,138.4764275935392,133.9648963707266,4.511531222812607,78.0,0.7660293579101562,-0.3110445061970106,0.759548441585925,-0.07331389319424243,0.012345679012345678,-5.681846894477942,3.847926355733932,0.9469918882868006,fdr_bh,False
phase_split_within_arch,architecture_id=Lin26|target=lt2|feature_set=EMG|with_abs=True,abs_lt_err_median_sec,full_cycles,split,18,175.24552848370524,187.68218171301785,-12.436653229312611,138.4764275935392,140.09284759292268,-1.6164199993834814,80.0,0.83172607421875,-0.6849897159215917,0.5025840161925471,-0.16145362439040142,0.0,-52.37693788521029,19.145489615843452,0.9568286738119836,fdr_bh,False
phase_split_within_arch,architecture_id=Lin26|target=lt2|feature_set=EMG|with_abs=True,abs_lt_err_median_sec,full_window,split,18,176.0106415790309,187.68218171301785,-11.671540133986952,133.9648963707266,140.09284759292268,-6.127951222196089,74.0,0.6396942138671875,-0.6735577042295129,0.5096472639379348,-0.1587590733937105,-0.018518518518518517,-49.430222537496824,18.601861238998374,0.9198908529990961,fdr_bh,False
phase_split_within_arch,architecture_id=Lin26|target=lt2|feature_set=EMG+NIRS+HRV|with_abs=False,abs_lt_err_median_sec,full_cycles,full_window,18,146.25434719014046,148.70231132307572,-2.4479641329352546,122.94282014062242,122.66040162350441,0.28241851711800336,52.0,0.15404510498046875,-1.592819383787465,0.1296229180797802,-0.37543112916049814,-0.018518518518518517,-5.438913108428819,0.5175206583413019,0.6862564086914062,fdr_bh,False
phase_split_within_arch,architecture_id=Lin26|target=lt2|feature_set=EMG+NIRS+HRV|with_abs=False,abs_lt_err_median_sec,full_cycles,split,18,146.25434719014046,163.62292642404896,-17.36857923390849,122.94282014062242,148.39456535397147,-25.451745213349056,56.0,0.2121429443359375,-1.2783771402591242,0.21829512074484347,-0.301316381597031,-0.07407407407407407,-47.58790207496524,4.737805197969188,0.6862564086914062,fdr_bh,False
phase_split_within_arch,architecture_id=Lin26|target=lt2|feature_set=EMG+NIRS+HRV|with_abs=False,abs_lt_err_median_sec,full_window,split,18,148.70231132307572,163.62292642404896,-14.920615100973237,122.66040162350441,148.39456535397147,-25.73416373046706,55.0,0.19638824462890625,-1.0834329021495146,0.2937442017717796,-0.25536758402351434,-0.07407407407407407,-45.54741425095797,7.163359676645943,0.6862564086914062,fdr_bh,False
phase_split_within_arch,architecture_id=Lin26|target=lt2|feature_set=EMG+NIRS+HRV|with_abs=True,abs_lt_err_median_sec,full_cycles,full_window,18,134.1534824320835,136.95188934037097,-2.798406908287461,88.68554832676654,91.76924522976145,-3.083696902994916,40.0,0.04827880859375,-2.2172633045276786,0.04052294552006868,-0.5226139727692047,-0.043209876543209874,-5.2386767288559035,-0.3798426603523735,0.5512309354894301,fdr_bh,False
phase_split_within_arch,architecture_id=Lin26|target=lt2|feature_set=EMG+NIRS+HRV|with_abs=True,abs_lt_err_median_sec,full_cycles,split,18,134.1534824320835,146.64104149860597,-12.487559066522465,88.68554832676654,126.37696189188932,-37.69141356512279,65.0,0.39273834228515625,-1.1182183814297426,0.2790270771145259,-0.2635666001188055,-0.09259259259259259,-38.255680978846584,7.105122249797029,0.7877403061396794,fdr_bh,False
phase_split_within_arch,architecture_id=Lin26|target=lt2|feature_set=EMG+NIRS+HRV|with_abs=True,abs_lt_err_median_sec,full_window,split,18,136.95188934037097,146.64104149860597,-9.689152158235004,91.76924522976145,126.37696189188932,-34.60771666212787,70.0,0.522613525390625,-0.8701899331806106,0.39631805717697766,-0.20510573422409278,-0.06172839506172839,-34.99687461832175,9.214884277431098,0.8619407906916469,fdr_bh,False
phase_split_within_arch,architecture_id=Lin27|target=lt1|feature_set=EMG|with_abs=False,abs_lt_err_median_sec,full_cycles,full_window,18,155.56307506544564,160.34331941358005,-4.780244348134403,119.73820092584796,127.73862109933822,-8.000420173490255,57.0,0.22875213623046875,-1.514344839127103,0.14830913867640064,-0.356934501600542,-0.04938271604938271,-10.55918927551337,1.1796530854482776,0.6862564086914062,fdr_bh,False
phase_split_within_arch,architecture_id=Lin27|target=lt1|feature_set=EMG|with_abs=False,abs_lt_err_median_sec,full_cycles,split,18,155.56307506544564,185.7571681851308,-30.194093119685164,119.73820092584796,140.10561335454344,-20.367412428695474,35.0,0.02684783935546875,-2.0802257100073875,0.05294474063529014,-0.4903139019816081,-0.07407407407407407,-61.70647043182132,-7.41053429870874,0.42468400435014203,fdr_bh,False
phase_split_within_arch,architecture_id=Lin27|target=lt1|feature_set=EMG|with_abs=False,abs_lt_err_median_sec,full_window,split,18,160.34331941358005,185.7571681851308,-25.41384877155076,127.73862109933822,140.10561335454344,-12.366992255205218,50.0,0.12973785400390625,-1.672335135872621,0.11276038933616117,-0.3941731716640189,-0.043209876543209874,-57.62558959211696,-0.4473134222998038,0.6789289202008928,fdr_bh,False
phase_split_within_arch,architecture_id=Lin27|target=lt1|feature_set=EMG|with_abs=True,abs_lt_err_median_sec,full_cycles,full_window,18,155.56307506544564,160.34331941358005,-4.780244348134403,119.73820092584796,127.73862109933822,-8.000420173490255,57.0,0.22875213623046875,-1.514344839127103,0.14830913867640064,-0.356934501600542,-0.04938271604938271,-10.55918927551337,1.1796530854482776,0.6862564086914062,fdr_bh,False
phase_split_within_arch,architecture_id=Lin27|target=lt1|feature_set=EMG|with_abs=True,abs_lt_err_median_sec,full_cycles,split,18,155.56307506544564,185.7571681851308,-30.194093119685164,119.73820092584796,140.10561335454344,-20.367412428695474,35.0,0.02684783935546875,-2.0802257100073875,0.05294474063529014,-0.4903139019816081,-0.07407407407407407,-61.70647043182132,-7.41053429870874,0.42468400435014203,fdr_bh,False
phase_split_within_arch,architecture_id=Lin27|target=lt1|feature_set=EMG|with_abs=True,abs_lt_err_median_sec,full_window,split,18,160.34331941358005,185.7571681851308,-25.41384877155076,127.73862109933822,140.10561335454344,-12.366992255205218,50.0,0.12973785400390625,-1.672335135872621,0.11276038933616117,-0.3941731716640189,-0.043209876543209874,-57.62558959211696,-0.4473134222998038,0.6789289202008928,fdr_bh,False
phase_split_within_arch,architecture_id=Lin27|target=lt1|feature_set=EMG+NIRS+HRV|with_abs=False,abs_lt_err_median_sec,full_cycles,full_window,18,134.18645613190222,136.65701192529446,-2.4705557933922364,83.3877718653799,83.6940299076451,-0.30625804226519904,41.0,0.05385589599609375,-1.4376173108611459,0.16869550465497418,-0.3388496497536951,-0.06790123456790123,-5.434852674064357,1.1466184867337461,0.5512309354894301,fdr_bh,False
phase_split_within_arch,architecture_id=Lin27|target=lt1|feature_set=EMG+NIRS+HRV|with_abs=False,abs_lt_err_median_sec,full_cycles,split,18,134.18645613190222,150.70129477787967,-16.51483864597745,83.3877718653799,116.26185997373594,-32.874088108356034,71.0,0.550872802734375,-1.0928494865611913,0.2897051873873404,-0.2575870942545517,-0.037037037037037035,-51.309924658346944,6.38867826948651,0.8773626331879291,fdr_bh,False
phase_split_within_arch,architecture_id=Lin27|target=lt1|feature_set=EMG+NIRS+HRV|with_abs=False,abs_lt_err_median_sec,full_window,split,18,136.65701192529446,150.70129477787967,-14.044282852585212,83.6940299076451,116.26185997373594,-32.567830066090835,79.0,0.7987060546875,-0.906264057416996,0.3774625495800499,-0.21360848684839756,-0.012345679012345678,-49.7204005268863,9.341352216936313,0.9568286738119836,fdr_bh,False
phase_split_within_arch,architecture_id=Lin27|target=lt1|feature_set=EMG+NIRS+HRV|with_abs=True,abs_lt_err_median_sec,full_cycles,full_window,18,136.4797954944186,137.25285317196818,-0.7730576775495877,92.91211348864982,93.18827928643333,-0.2761657977835057,68.0,0.468292236328125,-0.5961758265113015,0.5589132096212961,-0.14051998990187867,-0.006172839506172839,-3.1576763929440954,1.7805944347448877,0.82305908203125,fdr_bh,False
phase_split_within_arch,architecture_id=Lin27|target=lt1|feature_set=EMG+NIRS+HRV|with_abs=True,abs_lt_err_median_sec,full_cycles,split,18,136.4797954944186,151.13199355817187,-14.652198063753275,92.91211348864982,121.07019786664239,-28.158084377992566,73.0,0.6094589233398438,-0.9448465396376124,0.35797371122639265,-0.2227024651194666,-0.05555555555555555,-49.3422746956877,9.210277090202009,0.9044422401802372,fdr_bh,False
phase_split_within_arch,architecture_id=Lin27|target=lt1|feature_set=EMG+NIRS+HRV|with_abs=True,abs_lt_err_median_sec,full_window,split,18,137.25285317196818,151.13199355817187,-13.879140386203687,93.18827928643333,121.07019786664239,-27.88191858020906,74.0,0.6396942138671875,-0.8896624504426797,0.3860640749322763,-0.2096954505583532,-0.06790123456790123,-48.590747057819215,9.97870130411449,0.9198908529990961,fdr_bh,False
phase_split_within_arch,architecture_id=Lin27|target=lt2|feature_set=EMG|with_abs=False,abs_lt_err_median_sec,full_cycles,full_window,18,175.36017987866296,176.12445798549734,-0.7642781068343822,138.3899121544943,133.8047030892401,4.585209065254219,76.0,0.7018814086914062,-0.30441962087450936,0.7645031925457589,-0.07175239274886781,0.024691358024691357,-5.742928651065661,3.9432642090846044,0.9304942103794643,fdr_bh,False
phase_split_within_arch,architecture_id=Lin27|target=lt2|feature_set=EMG|with_abs=False,abs_lt_err_median_sec,full_cycles,split,18,175.36017987866296,187.7684223892716,-12.40824251060863,138.3899121544943,140.27322993596096,-1.8833177814666442,80.0,0.83172607421875,-0.681986388103104,0.5044341375933087,-0.16074573323487512,0.006172839506172839,-52.4633988737655,18.95947300996553,0.9568286738119836,fdr_bh,False
phase_split_within_arch,architecture_id=Lin27|target=lt2|feature_set=EMG|with_abs=False,abs_lt_err_median_sec,full_window,split,18,176.12445798549734,187.7684223892716,-11.643964403774248,133.8047030892401,140.27322993596096,-6.468526846720863,74.0,0.6396942138671875,-0.6727092968211966,0.5101737012223283,-0.15855910184983404,-0.018518518518518517,-49.37526489952777,18.368462217512473,0.9198908529990961,fdr_bh,False
phase_split_within_arch,architecture_id=Lin27|target=lt2|feature_set=EMG|with_abs=True,abs_lt_err_median_sec,full_cycles,full_window,18,175.36017987866296,176.12445798549734,-0.7642781068343822,138.3899121544943,133.8047030892401,4.585209065254219,76.0,0.7018814086914062,-0.30441962087450936,0.7645031925457589,-0.07175239274886781,0.024691358024691357,-5.742928651065661,3.9432642090846044,0.9304942103794643,fdr_bh,False
phase_split_within_arch,architecture_id=Lin27|target=lt2|feature_set=EMG|with_abs=True,abs_lt_err_median_sec,full_cycles,split,18,175.36017987866296,187.7684223892716,-12.40824251060863,138.3899121544943,140.27322993596096,-1.8833177814666442,80.0,0.83172607421875,-0.681986388103104,0.5044341375933087,-0.16074573323487512,0.006172839506172839,-52.4633988737655,18.95947300996553,0.9568286738119836,fdr_bh,False
phase_split_within_arch,architecture_id=Lin27|target=lt2|feature_set=EMG|with_abs=True,abs_lt_err_median_sec,full_window,split,18,176.12445798549734,187.7684223892716,-11.643964403774248,133.8047030892401,140.27322993596096,-6.468526846720863,74.0,0.6396942138671875,-0.6727092968211966,0.5101737012223283,-0.15855910184983404,-0.018518518518518517,-49.37526489952777,18.368462217512473,0.9198908529990961,fdr_bh,False
phase_split_within_arch,architecture_id=Lin27|target=lt2|feature_set=EMG+NIRS+HRV|with_abs=False,abs_lt_err_median_sec,full_cycles,full_window,18,146.46377043696992,148.65169166990464,-2.1879212329347126,123.00253020476634,122.48477594199375,0.5177542627725984,55.0,0.19638824462890625,-1.4743515019724929,0.15866489850172671,-0.34750798163244034,-0.018518518518518517,-4.993595355540913,0.6231794075744447,0.6862564086914062,fdr_bh,False
phase_split_within_arch,architecture_id=Lin27|target=lt2|feature_set=EMG+NIRS+HRV|with_abs=False,abs_lt_err_median_sec,full_cycles,split,18,146.46377043696992,163.5108047657582,-17.04703432878827,123.00253020476634,148.1244041217535,-25.12187391698717,56.0,0.2121429443359375,-1.2564648137020573,0.2259394611185032,-0.2961515966970056,-0.07407407407407407,-47.07887154631736,5.2692579692165245,0.6862564086914062,fdr_bh,False
phase_split_within_arch,architecture_id=Lin27|target=lt2|feature_set=EMG+NIRS+HRV|with_abs=False,abs_lt_err_median_sec,full_window,split,18,148.65169166990464,163.5108047657582,-14.859113095853559,122.48477594199375,148.1244041217535,-25.639628179759768,56.0,0.2121429443359375,-1.076139697390283,0.29690062673610346,-0.25364855917623613,-0.08024691358024691,-45.59418126623681,7.3759501520661015,0.6862564086914062,fdr_bh,False
phase_split_within_arch,architecture_id=Lin27|target=lt2|feature_set=EMG+NIRS+HRV|with_abs=True,abs_lt_err_median_sec,full_cycles,full_window,18,134.19555218753715,137.03308208767658,-2.8375299001394296,89.26400263272473,92.14179984827757,-2.877797215552846,38.0,0.03849029541015625,-2.3164307479870767,0.03327620756381803,-0.5459879633502295,-0.043209876543209874,-5.196413006039239,-0.4928469168152068,0.5054574642541273,fdr_bh,False
phase_split_within_arch,architecture_id=Lin27|target=lt2|feature_set=EMG+NIRS+HRV|with_abs=True,abs_lt_err_median_sec,full_cycles,split,18,134.19555218753715,146.66320279977592,-12.46765061223877,89.26400263272473,126.68850055906233,-37.42449792633761,64.0,0.3692169189453125,-1.117988455829923,0.27912252923848585,-0.26351240613520516,-0.09259259259259259,-38.30277948742685,6.591775608857134,0.7670894793610075,fdr_bh,False
phase_split_within_arch,architecture_id=Lin27|target=lt2|feature_set=EMG+NIRS+HRV|with_abs=True,abs_lt_err_median_sec,full_window,split,18,137.03308208767658,146.66320279977592,-9.630120712099341,92.14179984827757,126.68850055906233,-34.54670071078476,70.0,0.522613525390625,-0.8667624819149526,0.3981413121744033,-0.20429787621338177,-0.05555555555555555,-34.88660279829429,9.107264695092478,0.8619407906916469,fdr_bh,False
phase_split_within_arch,architecture_id=Lin28|target=lt1|feature_set=EMG|with_abs=False,abs_lt_err_median_sec,full_cycles,full_window,18,153.44578512873056,154.10515284232386,-0.6593677135932978,130.6004527140593,134.4027638507438,-3.802311136684523,85.0,1.0,-0.18210485313007896,0.8576542749670506,-0.04292252551175304,-0.006172839506172839,-7.7828122506252235,5.99278948640284,1.0,fdr_bh,False
phase_split_within_arch,architecture_id=Lin28|target=lt1|feature_set=EMG|with_abs=False,abs_lt_err_median_sec,full_cycles,split,18,153.44578512873056,174.20546389502485,-20.759678766294286,130.6004527140593,116.69476648350516,13.905686230554124,48.0,0.1083831787109375,-1.838829364773382,0.08347512597266071,-0.43341623775873667,-0.07407407407407407,-45.44325313396759,-1.0011445114707591,0.6339049780068278,fdr_bh,False
phase_split_within_arch,architecture_id=Lin28|target=lt1|feature_set=EMG|with_abs=False,abs_lt_err_median_sec,full_window,split,18,154.10515284232386,174.20546389502485,-20.100311052700988,134.4027638507438,116.69476648350516,17.707997367238647,48.0,0.1083831787109375,-1.9226406829152711,0.0714439535624624,-0.4531707548915076,-0.07407407407407407,-41.76664414118189,-1.9910291480671356,0.6339049780068278,fdr_bh,False
phase_split_within_arch,architecture_id=Lin28|target=lt1|feature_set=EMG|with_abs=True,abs_lt_err_median_sec,full_cycles,full_window,18,153.44578512873056,154.10515284232386,-0.6593677135932978,130.6004527140593,134.4027638507438,-3.802311136684523,85.0,1.0,-0.18210485313007896,0.8576542749670506,-0.04292252551175304,-0.006172839506172839,-7.7828122506252235,5.99278948640284,1.0,fdr_bh,False
phase_split_within_arch,architecture_id=Lin28|target=lt1|feature_set=EMG|with_abs=True,abs_lt_err_median_sec,full_cycles,split,18,153.44578512873056,174.20546389502485,-20.759678766294286,130.6004527140593,116.69476648350516,13.905686230554124,48.0,0.1083831787109375,-1.838829364773382,0.08347512597266071,-0.43341623775873667,-0.07407407407407407,-45.44325313396759,-1.0011445114707591,0.6339049780068278,fdr_bh,False
phase_split_within_arch,architecture_id=Lin28|target=lt1|feature_set=EMG|with_abs=True,abs_lt_err_median_sec,full_window,split,18,154.10515284232386,174.20546389502485,-20.100311052700988,134.4027638507438,116.69476648350516,17.707997367238647,48.0,0.1083831787109375,-1.9226406829152711,0.0714439535624624,-0.4531707548915076,-0.07407407407407407,-41.76664414118189,-1.9910291480671356,0.6339049780068278,fdr_bh,False
phase_split_within_arch,architecture_id=Lin28|target=lt1|feature_set=EMG+NIRS+HRV|with_abs=False,abs_lt_err_median_sec,full_cycles,full_window,18,131.87131743914298,133.25178502458962,-1.3804675854466382,81.13099274568953,70.39304009183928,10.737952653850243,76.0,0.7018814086914062,-0.5583150880283038,0.5839085081327944,-0.13159612826119263,0.0,-6.214958827312333,3.276847719538357,0.9304942103794643,fdr_bh,False
phase_split_within_arch,architecture_id=Lin28|target=lt1|feature_set=EMG+NIRS+HRV|with_abs=False,abs_lt_err_median_sec,full_cycles,split,18,131.87131743914298,136.41374639384347,-4.542428954700483,81.13099274568953,97.30259483861835,-16.171602092928822,72.0,0.5798416137695312,-0.30187857004123747,0.7664064504228894,-0.07115346132368573,-0.018518518518518517,-38.99217394404544,18.141725241522018,0.8889201832237749,fdr_bh,False
phase_split_within_arch,architecture_id=Lin28|target=lt1|feature_set=EMG+NIRS+HRV|with_abs=False,abs_lt_err_median_sec,full_window,split,18,133.25178502458962,136.41374639384347,-3.161961369253845,70.39304009183928,97.30259483861835,-26.909554746779065,76.0,0.7018814086914062,-0.2022107895530551,0.8421520715594748,-0.047661540174017046,-0.030864197530864196,-37.764096894243984,21.269521231709557,0.9304942103794643,fdr_bh,False
phase_split_within_arch,architecture_id=Lin28|target=lt1|feature_set=EMG+NIRS+HRV|with_abs=True,abs_lt_err_median_sec,full_cycles,full_window,18,144.17375916084399,144.60896593407244,-0.43520677322845813,101.0722043941901,93.14634624563965,7.9258581485504465,78.0,0.7660293579101562,-0.21777933751435688,0.8301936222180101,-0.05133108211957188,0.006172839506172839,-4.12953592391022,3.519079490949368,0.9469918882868006,fdr_bh,False
phase_split_within_arch,architecture_id=Lin28|target=lt1|feature_set=EMG+NIRS+HRV|with_abs=True,abs_lt_err_median_sec,full_cycles,split,18,144.17375916084399,149.00533644255609,-4.8315772817121,101.0722043941901,118.65995715937598,-17.587752765185883,73.0,0.6094589233398438,-0.3268053490505211,0.7478044411360537,-0.07702875948055338,-0.06172839506172839,-37.69848715033339,18.193482589454405,0.9044422401802372,fdr_bh,False
phase_split_within_arch,architecture_id=Lin28|target=lt1|feature_set=EMG+NIRS+HRV|with_abs=True,abs_lt_err_median_sec,full_window,split,18,144.60896593407244,149.00533644255609,-4.396370508483642,93.14634624563965,118.65995715937598,-25.51361091373633,71.0,0.550872802734375,-0.28353220358957154,0.7801928870705923,-0.0668291812809836,-0.05555555555555555,-39.87628435282765,19.161490081974385,0.8773626331879291,fdr_bh,False
phase_split_within_arch,architecture_id=Lin28|target=lt2|feature_set=EMG|with_abs=False,abs_lt_err_median_sec,full_cycles,full_window,18,156.49268257869883,155.5287740038376,0.9639085748612217,97.93550339674744,106.26219386273613,-8.32669046598869,72.0,0.5798416137695312,0.29079408392234457,0.7747266156198189,0.06854082289013995,-0.024691358024691357,-5.3644962933430955,6.78466782229748,0.8889201832237749,fdr_bh,False
phase_split_within_arch,architecture_id=Lin28|target=lt2|feature_set=EMG|with_abs=False,abs_lt_err_median_sec,full_cycles,split,18,156.49268257869883,148.2723922037585,8.220290374940333,97.93550339674744,91.81702838219883,6.118475014548608,64.0,0.3692169189453125,0.5151306231225468,0.6130950419660013,0.12141745226893486,0.10493827160493827,-23.810296752454985,36.4502515277061,0.7670894793610075,fdr_bh,False
phase_split_within_arch,architecture_id=Lin28|target=lt2|feature_set=EMG|with_abs=False,abs_lt_err_median_sec,full_window,split,18,155.5287740038376,148.2723922037585,7.256381800079112,106.26219386273613,91.81702838219883,14.445165480537298,59.0,0.2645263671875,0.49469780080701137,0.6271457896309169,0.11660138986290322,0.06172839506172839,-22.877041551432633,32.25447878347685,0.72484390378937,fdr_bh,False
phase_split_within_arch,architecture_id=Lin28|target=lt2|feature_set=EMG|with_abs=True,abs_lt_err_median_sec,full_cycles,full_window,18,156.49268257869883,155.5287740038376,0.9639085748612217,97.93550339674744,106.26219386273613,-8.32669046598869,72.0,0.5798416137695312,0.29079408392234457,0.7747266156198189,0.06854082289013995,-0.024691358024691357,-5.3644962933430955,6.78466782229748,0.8889201832237749,fdr_bh,False
phase_split_within_arch,architecture_id=Lin28|target=lt2|feature_set=EMG|with_abs=True,abs_lt_err_median_sec,full_cycles,split,18,156.49268257869883,148.2723922037585,8.220290374940333,97.93550339674744,91.81702838219883,6.118475014548608,64.0,0.3692169189453125,0.5151306231225468,0.6130950419660013,0.12141745226893486,0.10493827160493827,-23.810296752454985,36.4502515277061,0.7670894793610075,fdr_bh,False
phase_split_within_arch,architecture_id=Lin28|target=lt2|feature_set=EMG|with_abs=True,abs_lt_err_median_sec,full_window,split,18,155.5287740038376,148.2723922037585,7.256381800079112,106.26219386273613,91.81702838219883,14.445165480537298,59.0,0.2645263671875,0.49469780080701137,0.6271457896309169,0.11660138986290322,0.06172839506172839,-22.877041551432633,32.25447878347685,0.72484390378937,fdr_bh,False
phase_split_within_arch,architecture_id=Lin28|target=lt2|feature_set=EMG+NIRS+HRV|with_abs=False,abs_lt_err_median_sec,full_cycles,full_window,18,141.73127797664318,144.50754117265683,-2.7762631960136446,115.80332857381353,119.56461165030822,-3.761283076494692,50.0,0.12973785400390625,-1.2115736256873422,0.24224821583845643,-0.28557064221009715,-0.037037037037037035,-6.757944686218794,2.5843996029072276,0.6789289202008928,fdr_bh,False
phase_split_within_arch,architecture_id=Lin28|target=lt2|feature_set=EMG+NIRS+HRV|with_abs=False,abs_lt_err_median_sec,full_cycles,split,18,141.73127797664318,144.3885271939606,-2.6572492173174282,115.80332857381353,121.5070122385917,-5.703683664778168,82.0,0.8985748291015625,-0.2763452139761995,0.7856144772416879,-0.06513519158367273,-0.030864197530864196,-22.03920488355749,15.553314573326736,0.9833460393941627,fdr_bh,False
phase_split_within_arch,architecture_id=Lin28|target=lt2|feature_set=EMG+NIRS+HRV|with_abs=False,abs_lt_err_median_sec,full_window,split,18,144.50754117265683,144.3885271939606,0.11901397869621633,119.56461165030822,121.5070122385917,-1.9424005882834763,83.0,0.932281494140625,0.012647245157933121,0.9900564668831505,0.0029809842715010793,0.0,-18.91073189595999,17.487577755743818,0.9891279267101754,fdr_bh,False
phase_split_within_arch,architecture_id=Lin28|target=lt2|feature_set=EMG+NIRS+HRV|with_abs=True,abs_lt_err_median_sec,full_cycles,full_window,18,120.81075604005544,121.13570380104541,-0.32494776098997136,115.81774133808312,121.92694162103538,-6.1092002829522585,76.0,0.7018814086914062,-0.18959176844859948,0.8518743043512247,-0.044687208375718136,-0.012345679012345678,-3.754113877323674,2.962141519663726,0.9304942103794643,fdr_bh,False
phase_split_within_arch,architecture_id=Lin28|target=lt2|feature_set=EMG+NIRS+HRV|with_abs=True,abs_lt_err_median_sec,full_cycles,split,18,120.81075604005544,126.89246760623529,-6.081711566179848,115.81774133808312,104.97958473781227,10.83815660027085,58.0,0.24620819091796875,-1.081325929629998,0.2946535484914613,-0.254870965838073,-0.037037037037037035,-16.62469251945812,4.529746627166457,0.7200037852054885,fdr_bh,False
phase_split_within_arch,architecture_id=Lin28|target=lt2|feature_set=EMG+NIRS+HRV|with_abs=True,abs_lt_err_median_sec,full_window,split,18,121.13570380104541,126.89246760623529,-5.756763805189877,121.92694162103538,104.97958473781227,16.947356883223108,61.0,0.30379486083984375,-0.9027351446541767,0.3792800789211604,-0.21277671413346244,-0.024691358024691357,-17.564445278218457,6.260213519172252,0.7393049760298295,fdr_bh,False
phase_split_within_arch,architecture_id=Lin29|target=lt1|feature_set=EMG|with_abs=False,abs_lt_err_median_sec,full_cycles,full_window,18,153.58336382372104,153.61313267468847,-0.02976885096742876,130.75067088174998,133.41208415150712,-2.6614132697571335,79.0,0.7987060546875,-0.008247274894012948,0.9935157118831721,-0.00194390133462204,-0.006172839506172839,-7.170431787300181,6.527305839804854,0.9568286738119836,fdr_bh,False
phase_split_within_arch,architecture_id=Lin29|target=lt1|feature_set=EMG|with_abs=False,abs_lt_err_median_sec,full_cycles,split,18,153.58336382372104,173.9809134154024,-20.397549591681354,130.75067088174998,116.22282664336396,14.527844238386024,48.0,0.1083831787109375,-1.8135734773964312,0.08743593076798141,-0.4274633680156947,-0.08024691358024691,-45.1782152415403,-0.7991598126797574,0.6339049780068278,fdr_bh,False
phase_split_within_arch,architecture_id=Lin29|target=lt1|feature_set=EMG|with_abs=False,abs_lt_err_median_sec,full_window,split,18,153.61313267468847,173.9809134154024,-20.367780740713926,133.41208415150712,116.22282664336396,17.189257508143157,48.0,0.1083831787109375,-1.9424296275336217,0.06883925386956179,-0.4578350538688945,-0.07407407407407407,-42.02696205865186,-2.2375148096995305,0.6339049780068278,fdr_bh,False
phase_split_within_arch,architecture_id=Lin29|target=lt1|feature_set=EMG|with_abs=True,abs_lt_err_median_sec,full_cycles,full_window,18,153.58336382372104,153.61313267468847,-0.02976885096742876,130.75067088174998,133.41208415150712,-2.6614132697571335,79.0,0.7987060546875,-0.008247274894012948,0.9935157118831721,-0.00194390133462204,-0.006172839506172839,-7.170431787300181,6.527305839804854,0.9568286738119836,fdr_bh,False
phase_split_within_arch,architecture_id=Lin29|target=lt1|feature_set=EMG|with_abs=True,abs_lt_err_median_sec,full_cycles,split,18,153.58336382372104,173.9809134154024,-20.397549591681354,130.75067088174998,116.22282664336396,14.527844238386024,48.0,0.1083831787109375,-1.8135734773964312,0.08743593076798141,-0.4274633680156947,-0.08024691358024691,-45.1782152415403,-0.7991598126797574,0.6339049780068278,fdr_bh,False
phase_split_within_arch,architecture_id=Lin29|target=lt1|feature_set=EMG|with_abs=True,abs_lt_err_median_sec,full_window,split,18,153.61313267468847,173.9809134154024,-20.367780740713926,133.41208415150712,116.22282664336396,17.189257508143157,48.0,0.1083831787109375,-1.9424296275336217,0.06883925386956179,-0.4578350538688945,-0.07407407407407407,-42.02696205865186,-2.2375148096995305,0.6339049780068278,fdr_bh,False
phase_split_within_arch,architecture_id=Lin29|target=lt1|feature_set=EMG+NIRS+HRV|with_abs=False,abs_lt_err_median_sec,full_cycles,full_window,18,131.8152821430184,133.2443386956902,-1.4290565526717955,80.02381156853261,70.74901274758668,9.274798820945932,76.0,0.7018814086914062,-0.5934312618670088,0.5607059664969899,-0.13987308981141727,0.0,-6.046725633250479,3.071661385732254,0.9304942103794643,fdr_bh,False
phase_split_within_arch,architecture_id=Lin29|target=lt1|feature_set=EMG+NIRS+HRV|with_abs=False,abs_lt_err_median_sec,full_cycles,split,18,131.8152821430184,136.08111801506345,-4.265835872045045,80.02381156853261,97.71830495534891,-17.694493386816305,72.0,0.5798416137695312,-0.28193535643328466,0.7813964919657487,-0.06645280079674064,-0.018518518518518517,-39.004753103230925,18.307702961860656,0.8889201832237749,fdr_bh,False
phase_split_within_arch,architecture_id=Lin29|target=lt1|feature_set=EMG+NIRS+HRV|with_abs=False,abs_lt_err_median_sec,full_window,split,18,133.2443386956902,136.08111801506345,-2.8367793193732496,70.74901274758668,97.71830495534891,-26.969292207762237,76.0,0.7018814086914062,-0.18169171233608286,0.8579734692737206,-0.04282514729274656,-0.030864197530864196,-37.41402897229693,21.23747162339878,0.9304942103794643,fdr_bh,False
phase_split_within_arch,architecture_id=Lin29|target=lt1|feature_set=EMG+NIRS+HRV|with_abs=True,abs_lt_err_median_sec,full_cycles,full_window,18,144.24523918888852,144.87038457358716,-0.6251453846986408,101.45249672679284,92.3853820587257,9.067114668067148,78.0,0.7660293579101562,-0.3074899830384234,0.7622055469353559,-0.07247608405113522,0.006172839506172839,-4.432156155958073,3.68564440603623,0.9469918882868006,fdr_bh,False
phase_split_within_arch,architecture_id=Lin29|target=lt1|feature_set=EMG+NIRS+HRV|with_abs=True,abs_lt_err_median_sec,full_cycles,split,18,144.24523918888852,148.88749604407565,-4.642256855187128,101.45249672679284,117.97761144709213,-16.525114720299285,73.0,0.6094589233398438,-0.3120882963017268,0.7587687650600358,-0.0735599168813025,-0.06172839506172839,-37.94580148041824,18.530163872116088,0.9044422401802372,fdr_bh,False
phase_split_within_arch,architecture_id=Lin29|target=lt1|feature_set=EMG+NIRS+HRV|with_abs=True,abs_lt_err_median_sec,full_window,split,18,144.87038457358716,148.88749604407565,-4.017111470488487,92.3853820587257,117.97761144709213,-25.592229388366434,71.0,0.550872802734375,-0.25929821508738615,0.7985190235760802,-0.061117175412619566,-0.05555555555555555,-39.22698164330075,19.75665473401194,0.8773626331879291,fdr_bh,False
phase_split_within_arch,architecture_id=Lin29|target=lt2|feature_set=EMG|with_abs=False,abs_lt_err_median_sec,full_cycles,full_window,18,156.55391956133897,155.40170295494502,1.1522166063939494,97.48664597977779,106.47355330793636,-8.986907328158566,71.0,0.550872802734375,0.34957698798548964,0.7309492345555915,0.082396086250436,-0.018518518518518517,-5.390059351615469,7.013255781122063,0.8773626331879291,fdr_bh,False
phase_split_within_arch,architecture_id=Lin29|target=lt2|feature_set=EMG|with_abs=False,abs_lt_err_median_sec,full_cycles,split,18,156.55391956133897,148.07070603249923,8.483213528839741,97.48664597977779,91.60812345993241,5.878522519845376,66.0,0.4171142578125,0.5315559594338842,0.6019110410247713,0.12528894116527364,0.10493827160493827,-23.77121123849359,36.6983019853158,0.8019655343577349,fdr_bh,False
phase_split_within_arch,architecture_id=Lin29|target=lt2|feature_set=EMG|with_abs=False,abs_lt_err_median_sec,full_window,split,18,155.40170295494502,148.07070603249923,7.330996922445792,106.47355330793636,91.60812345993241,14.865429848003942,59.0,0.2645263671875,0.4980305509107886,0.6248437172679591,0.1173869265956969,0.07407407407407407,-23.06854526595669,32.47383203886976,0.72484390378937,fdr_bh,False
phase_split_within_arch,architecture_id=Lin29|target=lt2|feature_set=EMG|with_abs=True,abs_lt_err_median_sec,full_cycles,full_window,18,156.55391956133897,155.40170295494502,1.1522166063939494,97.48664597977779,106.47355330793636,-8.986907328158566,71.0,0.550872802734375,0.34957698798548964,0.7309492345555915,0.082396086250436,-0.018518518518518517,-5.390059351615469,7.013255781122063,0.8773626331879291,fdr_bh,False
phase_split_within_arch,architecture_id=Lin29|target=lt2|feature_set=EMG|with_abs=True,abs_lt_err_median_sec,full_cycles,split,18,156.55391956133897,148.07070603249923,8.483213528839741,97.48664597977779,91.60812345993241,5.878522519845376,66.0,0.4171142578125,0.5315559594338842,0.6019110410247713,0.12528894116527364,0.10493827160493827,-23.77121123849359,36.6983019853158,0.8019655343577349,fdr_bh,False
phase_split_within_arch,architecture_id=Lin29|target=lt2|feature_set=EMG|with_abs=True,abs_lt_err_median_sec,full_window,split,18,155.40170295494502,148.07070603249923,7.330996922445792,106.47355330793636,91.60812345993241,14.865429848003942,59.0,0.2645263671875,0.4980305509107886,0.6248437172679591,0.1173869265956969,0.07407407407407407,-23.06854526595669,32.47383203886976,0.72484390378937,fdr_bh,False
phase_split_within_arch,architecture_id=Lin29|target=lt2|feature_set=EMG+NIRS+HRV|with_abs=False,abs_lt_err_median_sec,full_cycles,full_window,18,141.6674093185147,144.56206552391146,-2.894656205396757,115.54593437535095,119.42550537534055,-3.879570999989596,46.0,0.0897674560546875,-1.3877925555434842,0.18312278307686222,-0.32710584230166867,-0.024691358024691357,-6.518731824143957,1.8356446167554743,0.6339049780068278,fdr_bh,False
phase_split_within_arch,architecture_id=Lin29|target=lt2|feature_set=EMG+NIRS+HRV|with_abs=False,abs_lt_err_median_sec,full_cycles,split,18,141.6674093185147,144.60072863880725,-2.9333193202925543,115.54593437535095,123.15162530795652,-7.605690932605569,80.0,0.83172607421875,-0.3048762998157962,0.7641613020346957,-0.07186003300760416,-0.043209876543209874,-22.24803341995965,15.323107944303965,0.9568286738119836,fdr_bh,False
phase_split_within_arch,architecture_id=Lin29|target=lt2|feature_set=EMG+NIRS+HRV|with_abs=False,abs_lt_err_median_sec,full_window,split,18,144.56206552391146,144.60072863880725,-0.038663114895797435,119.42550537534055,123.15162530795652,-3.7261199326159726,83.0,0.932281494140625,-0.004086144568731477,0.9967873050222216,-0.0009631135111528693,0.0,-19.185657364299495,17.8015230735925,0.9891279267101754,fdr_bh,False
phase_split_within_arch,architecture_id=Lin29|target=lt2|feature_set=EMG+NIRS+HRV|with_abs=True,abs_lt_err_median_sec,full_cycles,full_window,18,120.91910515909098,121.35374235493916,-0.4346371958481825,115.96597735609362,122.42532673208183,-6.459349375988211,74.0,0.6396942138671875,-0.26119181023598553,0.7970825319062603,-0.06156350006941842,-0.018518518518518517,-3.733923700196423,2.7823628799804436,0.9198908529990961,fdr_bh,False
phase_split_within_arch,architecture_id=Lin29|target=lt2|feature_set=EMG+NIRS+HRV|with_abs=True,abs_lt_err_median_sec,full_cycles,split,18,120.91910515909098,126.93944150226018,-6.020336343169205,115.96597735609362,105.28311873246287,10.68285862363075,59.0,0.2645263671875,-1.0491370759849168,0.3088020431281346,-0.24728398027438692,-0.037037037037037035,-16.696359916181912,5.166082712151845,0.72484390378937,fdr_bh,False
phase_split_within_arch,architecture_id=Lin29|target=lt2|feature_set=EMG+NIRS+HRV|with_abs=True,abs_lt_err_median_sec,full_window,split,18,121.35374235493916,126.93944150226018,-5.585699147321023,122.42532673208183,105.28311873246287,17.14220799961896,66.0,0.4171142578125,-0.870260367421036,0.3962806469288438,-0.20512233573377028,-0.024691358024691357,-17.65000880485755,6.368409454676042,0.8019655343577349,fdr_bh,False
phase_split_within_arch,architecture_id=Lin3|target=lt1|feature_set=EMG|with_abs=False,abs_lt_err_median_sec,full_cycles,full_window,18,230.41654842951903,233.23994632822502,-2.8233978987059913,207.29975693211048,214.8226552007079,-7.52289826859743,68.0,0.468292236328125,-0.6110596213450589,0.5492442256110343,-0.14402813398745837,-0.030864197530864196,-11.330477247609835,6.336018969689074,0.82305908203125,fdr_bh,False
phase_split_within_arch,architecture_id=Lin3|target=lt1|feature_set=EMG|with_abs=False,abs_lt_err_median_sec,full_cycles,split,18,230.41654842951903,270.2008421300676,-39.784293700548574,207.29975693211048,268.98957308186516,-61.68981614975468,61.0,0.30379486083984375,-1.3900340535967475,0.1824529444323927,-0.327634168459495,-0.08641975308641975,-95.50439483707021,13.935315220099785,0.7393049760298295,fdr_bh,False
phase_split_within_arch,architecture_id=Lin3|target=lt1|feature_set=EMG|with_abs=False,abs_lt_err_median_sec,full_window,split,18,233.23994632822502,270.2008421300676,-36.96089580184258,214.8226552007079,268.98957308186516,-54.16691788115725,60.0,0.28372955322265625,-1.2128764096822813,0.24176250728977014,-0.2858777113425114,-0.05555555555555555,-96.00813379269206,19.639410245981708,0.7260138567756204,fdr_bh,False
phase_split_within_arch,architecture_id=Lin3|target=lt1|feature_set=EMG|with_abs=True,abs_lt_err_median_sec,full_cycles,full_window,18,230.41654842951903,233.23994632822502,-2.8233978987059913,207.29975693211048,214.8226552007079,-7.52289826859743,68.0,0.468292236328125,-0.6110596213450589,0.5492442256110343,-0.14402813398745837,-0.030864197530864196,-11.330477247609835,6.336018969689074,0.82305908203125,fdr_bh,False
phase_split_within_arch,architecture_id=Lin3|target=lt1|feature_set=EMG|with_abs=True,abs_lt_err_median_sec,full_cycles,split,18,230.41654842951903,270.2008421300676,-39.784293700548574,207.29975693211048,268.98957308186516,-61.68981614975468,61.0,0.30379486083984375,-1.3900340535967475,0.1824529444323927,-0.327634168459495,-0.08641975308641975,-95.50439483707021,13.935315220099785,0.7393049760298295,fdr_bh,False
phase_split_within_arch,architecture_id=Lin3|target=lt1|feature_set=EMG|with_abs=True,abs_lt_err_median_sec,full_window,split,18,233.23994632822502,270.2008421300676,-36.96089580184258,214.8226552007079,268.98957308186516,-54.16691788115725,60.0,0.28372955322265625,-1.2128764096822813,0.24176250728977014,-0.2858777113425114,-0.05555555555555555,-96.00813379269206,19.639410245981708,0.7260138567756204,fdr_bh,False
phase_split_within_arch,architecture_id=Lin3|target=lt1|feature_set=EMG+NIRS+HRV|with_abs=False,abs_lt_err_median_sec,full_cycles,full_window,18,129.4880202498172,124.9735436953386,4.514476554478591,61.48032740165243,64.42334794907626,-2.943020547423828,53.0,0.16735076904296875,0.926205227038152,0.3673022497931569,0.21830866560303433,0.06172839506172839,-4.9173324546567025,13.687030990329763,0.6862564086914062,fdr_bh,False
phase_split_within_arch,architecture_id=Lin3|target=lt1|feature_set=EMG+NIRS+HRV|with_abs=False,abs_lt_err_median_sec,full_cycles,split,18,129.4880202498172,151.7898021792048,-22.3017819293876,61.48032740165243,62.017378847924334,-0.5370514462719029,52.0,0.15404510498046875,-1.4917569336842973,0.154086751623367,-0.3516104812300725,-0.1419753086419753,-54.45911431747547,4.598904008503651,0.6862564086914062,fdr_bh,False
phase_split_within_arch,architecture_id=Lin3|target=lt1|feature_set=EMG+NIRS+HRV|with_abs=False,abs_lt_err_median_sec,full_window,split,18,124.9735436953386,151.7898021792048,-26.816258483866193,64.42334794907626,62.017378847924334,2.405969101151925,50.0,0.12973785400390625,-1.6500804318103623,0.11727924247109912,-0.3889276876121113,-0.21604938271604937,-62.37987887639004,2.0177942710221983,0.6789289202008928,fdr_bh,False
phase_split_within_arch,architecture_id=Lin3|target=lt1|feature_set=EMG+NIRS+HRV|with_abs=True,abs_lt_err_median_sec,full_cycles,full_window,18,185.19134005698334,182.89595460299176,2.295385453991571,108.85534124561775,123.93962518166208,-15.08428393604433,68.0,0.468292236328125,0.4136387087918599,0.6843099974140486,0.0974955786493239,0.030864197530864196,-8.2296859896189,12.758720915594713,0.82305908203125,fdr_bh,False
phase_split_within_arch,architecture_id=Lin3|target=lt1|feature_set=EMG+NIRS+HRV|with_abs=True,abs_lt_err_median_sec,full_cycles,split,18,185.19134005698334,193.62257493145725,-8.431234874473915,108.85534124561775,128.6033769513342,-19.74803570571646,81.0,0.8650436401367188,-0.4738985299442197,0.6416015573974846,-0.11169895470596465,-0.006172839506172839,-43.87356979704132,22.44566507954161,0.96331259765625,fdr_bh,False
phase_split_within_arch,architecture_id=Lin3|target=lt1|feature_set=EMG+NIRS+HRV|with_abs=True,abs_lt_err_median_sec,full_window,split,18,182.89595460299176,193.62257493145725,-10.726620328465486,123.93962518166208,128.6033769513342,-4.663751769672132,77.0,0.7337265014648438,-0.5265646356549911,0.6052990195943698,-0.12411247486822265,-0.030864197530864196,-52.92027058749477,25.17263431755791,0.9456919352213542,fdr_bh,False
phase_split_within_arch,architecture_id=Lin3|target=lt2|feature_set=EMG|with_abs=False,abs_lt_err_median_sec,full_cycles,full_window,18,210.3672080407037,211.09178533099404,-0.7245772902903411,124.16248097684684,132.79046923984225,-8.627988262995416,80.0,0.83172607421875,-0.11942884198283545,0.9063356112350993,-0.028149648011773196,-0.024691358024691357,-11.87242513554243,11.072409001532888,0.9568286738119836,fdr_bh,False
phase_split_within_arch,architecture_id=Lin3|target=lt2|feature_set=EMG|with_abs=False,abs_lt_err_median_sec,full_cycles,split,18,210.3672080407037,220.0674951871182,-9.700287146414496,124.16248097684684,151.2012905590782,-27.03880958223135,78.0,0.7660293579101562,-0.37173970721509664,0.7146795471471327,-0.08761988926936551,-0.030864197530864196,-58.42320919248587,35.81410567299522,0.9469918882868006,fdr_bh,False
phase_split_within_arch,architecture_id=Lin3|target=lt2|feature_set=EMG|with_abs=False,abs_lt_err_median_sec,full_window,split,18,211.09178533099404,220.0674951871182,-8.975709856124155,132.79046923984225,151.2012905590782,-18.410821319235936,78.0,0.7660293579101562,-0.3048453126783744,0.7641844988229238,-0.07185272926927065,-0.043209876543209874,-62.907413021756724,43.14706221858599,0.9469918882868006,fdr_bh,False
phase_split_within_arch,architecture_id=Lin3|target=lt2|feature_set=EMG|with_abs=True,abs_lt_err_median_sec,full_cycles,full_window,18,210.3672080407037,211.09178533099404,-0.7245772902903411,124.16248097684684,132.79046923984225,-8.627988262995416,80.0,0.83172607421875,-0.11942884198283545,0.9063356112350993,-0.028149648011773196,-0.024691358024691357,-11.87242513554243,11.072409001532888,0.9568286738119836,fdr_bh,False
phase_split_within_arch,architecture_id=Lin3|target=lt2|feature_set=EMG|with_abs=True,abs_lt_err_median_sec,full_cycles,split,18,210.3672080407037,220.0674951871182,-9.700287146414496,124.16248097684684,151.2012905590782,-27.03880958223135,78.0,0.7660293579101562,-0.37173970721509664,0.7146795471471327,-0.08761988926936551,-0.030864197530864196,-58.42320919248587,35.81410567299522,0.9469918882868006,fdr_bh,False
phase_split_within_arch,architecture_id=Lin3|target=lt2|feature_set=EMG|with_abs=True,abs_lt_err_median_sec,full_window,split,18,211.09178533099404,220.0674951871182,-8.975709856124155,132.79046923984225,151.2012905590782,-18.410821319235936,78.0,0.7660293579101562,-0.3048453126783744,0.7641844988229238,-0.07185272926927065,-0.043209876543209874,-62.907413021756724,43.14706221858599,0.9469918882868006,fdr_bh,False
phase_split_within_arch,architecture_id=Lin3|target=lt2|feature_set=EMG+NIRS+HRV|with_abs=False,abs_lt_err_median_sec,full_cycles,full_window,18,122.6837975021407,124.821832439539,-2.138034937398288,103.24918134080497,108.77347039813952,-5.524289057334556,75.0,0.6705245971679688,-0.6826226758420347,0.504041842525678,-0.16089570769320305,-0.006172839506172839,-8.621693933540765,3.783703084413746,0.9304942103794643,fdr_bh,False
phase_split_within_arch,architecture_id=Lin3|target=lt2|feature_set=EMG+NIRS+HRV|with_abs=False,abs_lt_err_median_sec,full_cycles,split,18,122.6837975021407,119.81300851048806,2.8707889916526454,103.24918134080497,89.22386845128665,14.025312889518318,84.0,0.9661178588867188,0.29569652713326394,0.7710432271467383,0.06969633983641428,0.05555555555555555,-15.915275423815352,21.963881987606182,0.9947012274928347,fdr_bh,False
phase_split_within_arch,architecture_id=Lin3|target=lt2|feature_set=EMG+NIRS+HRV|with_abs=False,abs_lt_err_median_sec,full_window,split,18,124.821832439539,119.81300851048806,5.0088239290509335,108.77347039813952,89.22386845128665,19.549601946852874,80.0,0.83172607421875,0.5269833920957689,0.60501442097522,0.12421117670786917,0.024691358024691357,-13.16228483328473,23.933134130275914,0.9568286738119836,fdr_bh,False
phase_split_within_arch,architecture_id=Lin3|target=lt2|feature_set=EMG+NIRS+HRV|with_abs=True,abs_lt_err_median_sec,full_cycles,full_window,18,125.35935448712189,128.6916075943401,-3.3322531072182073,79.49581292624129,89.3229391596783,-9.827126233437014,72.0,0.5798416137695312,-0.9078278355241022,0.37665901624742776,-0.21397707288299947,-0.012345679012345678,-11.235300856088653,3.3449345976042903,0.8889201832237749,fdr_bh,False
phase_split_within_arch,architecture_id=Lin3|target=lt2|feature_set=EMG+NIRS+HRV|with_abs=True,abs_lt_err_median_sec,full_cycles,split,18,125.35935448712189,120.11789338512868,5.24146110199321,79.49581292624129,99.95630089526378,-20.460487969022495,61.0,0.30379486083984375,0.463328821115823,0.6490053038183581,0.1092076504433891,0.06172839506172839,-19.172057290924354,24.126877102984118,0.7393049760298295,fdr_bh,False
phase_split_within_arch,architecture_id=Lin3|target=lt2|feature_set=EMG+NIRS+HRV|with_abs=True,abs_lt_err_median_sec,full_window,split,18,128.6916075943401,120.11789338512868,8.573714209211417,89.3229391596783,99.95630089526378,-10.633361735585481,57.0,0.22875213623046875,0.8162401471037287,0.42565306466914604,0.19238964769791722,0.08024691358024691,-13.456460217003421,26.508373077446944,0.6862564086914062,fdr_bh,False
phase_split_within_arch,architecture_id=Lin4|target=lt1|feature_set=EMG|with_abs=False,abs_lt_err_median_sec,full_cycles,full_window,18,190.78384343784072,193.16952603924503,-2.385682601404312,179.55811371796977,185.47368034017876,-5.915566622208985,71.0,0.550872802734375,-0.6391571710667484,0.5312393354567517,-0.15065078996843598,-0.06172839506172839,-9.705856108199617,4.852436100182152,0.8773626331879291,fdr_bh,False
phase_split_within_arch,architecture_id=Lin4|target=lt1|feature_set=EMG|with_abs=False,abs_lt_err_median_sec,full_cycles,split,18,190.78384343784072,216.30856874324778,-25.52472530540706,179.55811371796977,230.64362963570565,-51.085515917735876,67.0,0.44229888916015625,-1.2248419354029267,0.23733636925028187,-0.2886980128016882,-0.1419753086419753,-66.43831507494235,12.80817803577706,0.814391605437748,fdr_bh,False
phase_split_within_arch,architecture_id=Lin4|target=lt1|feature_set=EMG|with_abs=False,abs_lt_err_median_sec,full_window,split,18,193.16952603924503,216.30856874324778,-23.139042704002748,185.47368034017876,230.64362963570565,-45.16994929552689,73.0,0.6094589233398438,-1.0125892745738485,0.3254523943042938,-0.23866958086931173,-0.13580246913580246,-69.0947848444556,17.90817173676771,0.9044422401802372,fdr_bh,False
phase_split_within_arch,architecture_id=Lin4|target=lt1|feature_set=EMG|with_abs=True,abs_lt_err_median_sec,full_cycles,full_window,18,190.78384343784072,193.16952603924503,-2.385682601404312,179.55811371796977,185.47368034017876,-5.915566622208985,71.0,0.550872802734375,-0.6391571710667484,0.5312393354567517,-0.15065078996843598,-0.06172839506172839,-9.705856108199617,4.852436100182152,0.8773626331879291,fdr_bh,False
phase_split_within_arch,architecture_id=Lin4|target=lt1|feature_set=EMG|with_abs=True,abs_lt_err_median_sec,full_cycles,split,18,190.78384343784072,216.30856874324778,-25.52472530540706,179.55811371796977,230.64362963570565,-51.085515917735876,67.0,0.44229888916015625,-1.2248419354029267,0.23733636925028187,-0.2886980128016882,-0.1419753086419753,-66.43831507494235,12.80817803577706,0.814391605437748,fdr_bh,False
phase_split_within_arch,architecture_id=Lin4|target=lt1|feature_set=EMG|with_abs=True,abs_lt_err_median_sec,full_window,split,18,193.16952603924503,216.30856874324778,-23.139042704002748,185.47368034017876,230.64362963570565,-45.16994929552689,73.0,0.6094589233398438,-1.0125892745738485,0.3254523943042938,-0.23866958086931173,-0.13580246913580246,-69.0947848444556,17.90817173676771,0.9044422401802372,fdr_bh,False
phase_split_within_arch,architecture_id=Lin4|target=lt1|feature_set=EMG+NIRS+HRV|with_abs=False,abs_lt_err_median_sec,full_cycles,full_window,18,141.2997183814051,141.60415479235422,-0.30443641094910845,97.11410310212287,86.10923314595641,11.00486995616646,81.0,0.8650436401367188,-0.10709669451354527,0.9159660145145726,-0.02524293297773066,-0.012345679012345678,-6.501710616817985,4.942440323999461,0.96331259765625,fdr_bh,False
phase_split_within_arch,architecture_id=Lin4|target=lt1|feature_set=EMG+NIRS+HRV|with_abs=False,abs_lt_err_median_sec,full_cycles,split,18,141.2997183814051,164.29122767285446,-22.991509291449347,97.11410310212287,129.69020763643428,-32.57610453431141,58.0,0.24620819091796875,-1.3977444677881077,0.18016391016203684,-0.3294515305129842,-0.20987654320987653,-56.60423020209015,6.6242853399712605,0.7200037852054885,fdr_bh,False
phase_split_within_arch,architecture_id=Lin4|target=lt1|feature_set=EMG+NIRS+HRV|with_abs=False,abs_lt_err_median_sec,full_window,split,18,141.60415479235422,164.29122767285446,-22.68707288050024,86.10923314595641,129.69020763643428,-43.58097449047787,59.0,0.2645263671875,-1.2993106349460417,0.21118288746798053,-0.30625045361271497,-0.20987654320987653,-58.266667206520275,8.71957603415315,0.72484390378937,fdr_bh,False
phase_split_within_arch,architecture_id=Lin4|target=lt1|feature_set=EMG+NIRS+HRV|with_abs=True,abs_lt_err_median_sec,full_cycles,full_window,18,168.04307611838465,166.86937919050712,1.173696927877529,99.1350650355067,96.871243296536,2.263821738970705,65.0,0.39273834228515625,0.35848696321177903,0.7243920103505537,0.08449618755134046,0.037037037037037035,-5.560322697190847,7.4548379936952776,0.7877403061396794,fdr_bh,False
phase_split_within_arch,architecture_id=Lin4|target=lt1|feature_set=EMG+NIRS+HRV|with_abs=True,abs_lt_err_median_sec,full_cycles,split,18,168.04307611838465,173.1007690895612,-5.05769297117655,99.1350650355067,127.88258632862926,-28.74752129312256,79.0,0.7987060546875,-0.28554632280468156,0.778675587388012,-0.06730391373269108,0.006172839506172839,-43.67776112505765,25.946877980260147,0.9568286738119836,fdr_bh,False
phase_split_within_arch,architecture_id=Lin4|target=lt1|feature_set=EMG+NIRS+HRV|with_abs=True,abs_lt_err_median_sec,full_window,split,18,166.86937919050712,173.1007690895612,-6.231389899054079,96.871243296536,127.88258632862926,-31.011343032093265,80.0,0.83172607421875,-0.3279521068871054,0.7469523933898337,-0.07729905289476256,-0.030864197530864196,-47.52691068098862,25.39550906571864,0.9568286738119836,fdr_bh,False
phase_split_within_arch,architecture_id=Lin4|target=lt2|feature_set=EMG|with_abs=False,abs_lt_err_median_sec,full_cycles,full_window,18,214.19848867791922,221.3035735608577,-7.105084882938485,159.38664690871792,158.68365776538053,0.7029891433373905,46.0,0.0897674560546875,-1.8747118760088066,0.07812026380618196,-0.44187382676559367,-0.043209876543209874,-14.642422392117815,-0.0529258783870417,0.6339049780068278,fdr_bh,False
phase_split_within_arch,architecture_id=Lin4|target=lt2|feature_set=EMG|with_abs=False,abs_lt_err_median_sec,full_cycles,split,18,214.19848867791922,189.04070718736546,25.15778149055376,159.38664690871792,111.28331134368716,48.10333556503076,62.0,0.32472991943359375,1.23206324550689,0.23469549884342278,0.2904000919162094,0.12962962962962962,-12.971993434439112,64.45900602538526,0.7533734130859375,fdr_bh,False
phase_split_within_arch,architecture_id=Lin4|target=lt2|feature_set=EMG|with_abs=False,abs_lt_err_median_sec,full_window,split,18,221.3035735608577,189.04070718736546,32.262866373492244,158.68365776538053,111.28331134368716,47.40034642169337,51.0,0.14151763916015625,1.5436121788696546,0.14109237538786082,0.3638328797336249,0.14814814814814814,-6.493907713574122,71.23659209164896,0.6862564086914062,fdr_bh,False
phase_split_within_arch,architecture_id=Lin4|target=lt2|feature_set=EMG|with_abs=True,abs_lt_err_median_sec,full_cycles,full_window,18,214.19848867791922,221.3035735608577,-7.105084882938485,159.38664690871792,158.68365776538053,0.7029891433373905,46.0,0.0897674560546875,-1.8747118760088066,0.07812026380618196,-0.44187382676559367,-0.043209876543209874,-14.642422392117815,-0.0529258783870417,0.6339049780068278,fdr_bh,False
phase_split_within_arch,architecture_id=Lin4|target=lt2|feature_set=EMG|with_abs=True,abs_lt_err_median_sec,full_cycles,split,18,214.19848867791922,189.04070718736546,25.15778149055376,159.38664690871792,111.28331134368716,48.10333556503076,62.0,0.32472991943359375,1.23206324550689,0.23469549884342278,0.2904000919162094,0.12962962962962962,-12.971993434439112,64.45900602538526,0.7533734130859375,fdr_bh,False
phase_split_within_arch,architecture_id=Lin4|target=lt2|feature_set=EMG|with_abs=True,abs_lt_err_median_sec,full_window,split,18,221.3035735608577,189.04070718736546,32.262866373492244,158.68365776538053,111.28331134368716,47.40034642169337,51.0,0.14151763916015625,1.5436121788696546,0.14109237538786082,0.3638328797336249,0.14814814814814814,-6.493907713574122,71.23659209164896,0.6862564086914062,fdr_bh,False
phase_split_within_arch,architecture_id=Lin4|target=lt2|feature_set=EMG+NIRS+HRV|with_abs=False,abs_lt_err_median_sec,full_cycles,full_window,18,154.88246671421538,156.2845236986014,-1.4020569843860073,141.25499789469615,150.23145905410553,-8.976461159409382,75.0,0.6705245971679688,-0.5661576187145696,0.5786845478004359,-0.13344463047116664,-0.018518518518518517,-6.214104698432485,3.229752746959593,0.9304942103794643,fdr_bh,False
phase_split_within_arch,architecture_id=Lin4|target=lt2|feature_set=EMG+NIRS+HRV|with_abs=False,abs_lt_err_median_sec,full_cycles,split,18,154.88246671421538,150.4512420303989,4.431224683816481,141.25499789469615,136.77391249635173,4.481085398344419,74.0,0.6396942138671875,0.5794576244184985,0.5698804135549623,0.13657947187885594,0.018518518518518517,-9.791391266721694,19.27850958677639,0.9198908529990961,fdr_bh,False
phase_split_within_arch,architecture_id=Lin4|target=lt2|feature_set=EMG+NIRS+HRV|with_abs=False,abs_lt_err_median_sec,full_window,split,18,156.2845236986014,150.4512420303989,5.833281668202488,150.23145905410553,136.77391249635173,13.457546557753801,70.0,0.522613525390625,0.6443710099095908,0.52793451464431,0.1518797035690319,0.024691358024691357,-11.605748591964586,22.912924981767617,0.8619407906916469,fdr_bh,False
phase_split_within_arch,architecture_id=Lin4|target=lt2|feature_set=EMG+NIRS+HRV|with_abs=True,abs_lt_err_median_sec,full_cycles,full_window,18,135.8475023905561,139.31687900687348,-3.4693766163173905,116.6467296976092,115.21187835074056,1.4348513468686406,45.0,0.08142852783203125,-1.7775086697151319,0.09337788796876262,-0.418962811324483,-0.04938271604938271,-6.94169805274884,0.25890206653637676,0.6297139485677082,fdr_bh,False
phase_split_within_arch,architecture_id=Lin4|target=lt2|feature_set=EMG+NIRS+HRV|with_abs=True,abs_lt_err_median_sec,full_cycles,split,18,135.8475023905561,130.64658587568647,5.200916514869618,116.6467296976092,100.22249815419895,16.424231543410258,70.0,0.522613525390625,0.5584340966831054,0.5838290570406492,0.13162417887013597,0.037037037037037035,-13.183814952225086,22.679047392675287,0.8619407906916469,fdr_bh,False
phase_split_within_arch,architecture_id=Lin4|target=lt2|feature_set=EMG+NIRS+HRV|with_abs=True,abs_lt_err_median_sec,full_window,split,18,139.31687900687348,130.64658587568647,8.670293131187009,115.21187835074056,100.22249815419895,14.989380196541617,64.0,0.3692169189453125,0.8336622455569309,0.41603171941588596,0.1964960756841702,0.030864197530864196,-11.545856906360225,28.155370074956885,0.7670894793610075,fdr_bh,False
phase_split_within_arch,architecture_id=Lin5|target=lt1|feature_set=EMG|with_abs=False,abs_lt_err_median_sec,full_cycles,full_window,18,193.65423853873867,203.16713945875188,-9.512900920013209,156.00315149846193,162.07691066151716,-6.073759163055229,63.0,0.34654998779296875,-1.2698364193350142,0.22125022611935324,-0.299303314369811,-0.06172839506172839,-23.99339128180557,4.403985467424522,0.76571044921875,fdr_bh,False
phase_split_within_arch,architecture_id=Lin5|target=lt1|feature_set=EMG|with_abs=False,abs_lt_err_median_sec,full_cycles,split,18,193.65423853873867,236.34418826419545,-42.689949725456785,156.00315149846193,212.15734405814328,-56.15419255968135,57.0,0.22875213623046875,-1.6466927450182824,0.11798053310677019,-0.38812920217770597,-0.18518518518518517,-89.41918992186709,3.2334757028590153,0.6862564086914062,fdr_bh,False
phase_split_within_arch,architecture_id=Lin5|target=lt1|feature_set=EMG|with_abs=False,abs_lt_err_median_sec,full_window,split,18,203.16713945875188,236.34418826419545,-33.177048805443576,162.07691066151716,212.15734405814328,-50.08043339662612,61.0,0.30379486083984375,-1.1854095814033883,0.25216173055173396,-0.2794037178312809,-0.1419753086419753,-84.31065643141024,18.958965473989867,0.7393049760298295,fdr_bh,False
phase_split_within_arch,architecture_id=Lin5|target=lt1|feature_set=EMG|with_abs=True,abs_lt_err_median_sec,full_cycles,full_window,18,193.65423853873867,203.16713945875188,-9.512900920013209,156.00315149846193,162.07691066151716,-6.073759163055229,63.0,0.34654998779296875,-1.2698364193350142,0.22125022611935324,-0.299303314369811,-0.06172839506172839,-23.99339128180557,4.403985467424522,0.76571044921875,fdr_bh,False
phase_split_within_arch,architecture_id=Lin5|target=lt1|feature_set=EMG|with_abs=True,abs_lt_err_median_sec,full_cycles,split,18,193.65423853873867,236.34418826419545,-42.689949725456785,156.00315149846193,212.15734405814328,-56.15419255968135,57.0,0.22875213623046875,-1.6466927450182824,0.11798053310677019,-0.38812920217770597,-0.18518518518518517,-89.41918992186709,3.2334757028590153,0.6862564086914062,fdr_bh,False
phase_split_within_arch,architecture_id=Lin5|target=lt1|feature_set=EMG|with_abs=True,abs_lt_err_median_sec,full_window,split,18,203.16713945875188,236.34418826419545,-33.177048805443576,162.07691066151716,212.15734405814328,-50.08043339662612,61.0,0.30379486083984375,-1.1854095814033883,0.25216173055173396,-0.2794037178312809,-0.1419753086419753,-84.31065643141024,18.958965473989867,0.7393049760298295,fdr_bh,False
phase_split_within_arch,architecture_id=Lin5|target=lt1|feature_set=EMG+NIRS+HRV|with_abs=False,abs_lt_err_median_sec,full_cycles,full_window,18,172.16144312135935,143.84143310631205,28.320010015047302,113.42443672264434,76.35603402370597,37.06840269893837,26.0,0.0076904296875,2.3612969636631984,0.030411023148601335,0.5565630318004842,0.15432098765432098,7.909051963993647,51.63149950843463,0.27127473250679346,fdr_bh,False
phase_split_within_arch,architecture_id=Lin5|target=lt1|feature_set=EMG+NIRS+HRV|with_abs=False,abs_lt_err_median_sec,full_cycles,split,18,172.16144312135935,197.99336995591563,-25.83192683455627,113.42443672264434,116.24491503167636,-2.820478309032012,69.0,0.49507904052734375,-0.9592861648325938,0.35086039447172557,-0.22610591741718777,-0.012345679012345678,-82.1811413850365,20.999422096458588,0.8550248441861819,fdr_bh,False
phase_split_within_arch,architecture_id=Lin5|target=lt1|feature_set=EMG+NIRS+HRV|with_abs=False,abs_lt_err_median_sec,full_window,split,18,143.84143310631205,197.99336995591563,-54.15193684960357,76.35603402370597,116.24491503167636,-39.88888100797038,48.0,0.1083831787109375,-1.612315503757172,0.12530182696296285,-0.38002640870630017,-0.14814814814814814,-124.53100017566734,3.8231859686914484,0.6339049780068278,fdr_bh,False
phase_split_within_arch,architecture_id=Lin5|target=lt1|feature_set=EMG+NIRS+HRV|with_abs=True,abs_lt_err_median_sec,full_cycles,full_window,18,214.9141295275692,204.5616932526558,10.352436274913401,144.32309892755285,161.48677233221417,-17.163673404661324,67.0,0.44229888916015625,1.0247366047570454,0.3198489671007459,0.24153273405126188,0.024691358024691357,-5.52872423671545,32.19323863523621,0.814391605437748,fdr_bh,False
phase_split_within_arch,architecture_id=Lin5|target=lt1|feature_set=EMG+NIRS+HRV|with_abs=True,abs_lt_err_median_sec,full_cycles,split,18,214.9141295275692,241.79184297017147,-26.87771344260227,144.32309892755285,131.86683435397998,12.456264573572867,69.0,0.49507904052734375,-0.9925252343928934,0.334859416443995,-0.23394044124599414,-0.06172839506172839,-87.08564898394158,21.51872611219825,0.8550248441861819,fdr_bh,False
phase_split_within_arch,architecture_id=Lin5|target=lt1|feature_set=EMG+NIRS+HRV|with_abs=True,abs_lt_err_median_sec,full_window,split,18,204.5616932526558,241.79184297017147,-37.23014971751567,161.48677233221417,131.86683435397998,29.61993797823419,70.0,0.522613525390625,-1.0658705280947725,0.30138682444532594,-0.2512280927609,-0.04938271604938271,-114.80887616481984,19.311613609309443,0.8619407906916469,fdr_bh,False
phase_split_within_arch,architecture_id=Lin5|target=lt2|feature_set=EMG|with_abs=False,abs_lt_err_median_sec,full_cycles,full_window,18,249.73144033665903,277.69059611693905,-27.959155780280014,211.613811175848,270.55147048938517,-58.937659313537154,13.0,0.00067138671875,-4.10486659034185,0.0007389005040544446,-0.9675263339656082,-0.09259259259259259,-40.91416160060016,-15.513699699324409,0.233642578125,fdr_bh,False
phase_split_within_arch,architecture_id=Lin5|target=lt2|feature_set=EMG|with_abs=False,abs_lt_err_median_sec,full_cycles,split,18,249.73144033665903,156.2930392841076,93.43840105255143,211.613811175848,142.64781897805966,68.96599219778835,39.0,0.0431671142578125,2.4930017597083998,0.023278726878213744,0.5876061499332684,0.24074074074074073,22.935825371573692,168.97272857477907,0.5270931846217105,fdr_bh,False
phase_split_within_arch,architecture_id=Lin5|target=lt2|feature_set=EMG|with_abs=False,abs_lt_err_median_sec,full_window,split,18,277.69059611693905,156.2930392841076,121.39755683283144,270.55147048938517,142.64781897805966,127.9036515113255,27.0,0.00896453857421875,3.0475556463242937,0.00727713525722602,0.7183157545197533,0.3148148148148148,43.081190497805416,200.39692621840817,0.27127473250679346,fdr_bh,False
phase_split_within_arch,architecture_id=Lin5|target=lt2|feature_set=EMG|with_abs=True,abs_lt_err_median_sec,full_cycles,full_window,18,249.73144033665903,277.69059611693905,-27.959155780280014,211.613811175848,270.55147048938517,-58.937659313537154,13.0,0.00067138671875,-4.10486659034185,0.0007389005040544446,-0.9675263339656082,-0.09259259259259259,-40.91416160060016,-15.513699699324409,0.233642578125,fdr_bh,False
phase_split_within_arch,architecture_id=Lin5|target=lt2|feature_set=EMG|with_abs=True,abs_lt_err_median_sec,full_cycles,split,18,249.73144033665903,156.2930392841076,93.43840105255143,211.613811175848,142.64781897805966,68.96599219778835,39.0,0.0431671142578125,2.4930017597083998,0.023278726878213744,0.5876061499332684,0.24074074074074073,22.935825371573692,168.97272857477907,0.5270931846217105,fdr_bh,False
phase_split_within_arch,architecture_id=Lin5|target=lt2|feature_set=EMG|with_abs=True,abs_lt_err_median_sec,full_window,split,18,277.69059611693905,156.2930392841076,121.39755683283144,270.55147048938517,142.64781897805966,127.9036515113255,27.0,0.00896453857421875,3.0475556463242937,0.00727713525722602,0.7183157545197533,0.3148148148148148,43.081190497805416,200.39692621840817,0.27127473250679346,fdr_bh,False
phase_split_within_arch,architecture_id=Lin5|target=lt2|feature_set=EMG+NIRS+HRV|with_abs=False,abs_lt_err_median_sec,full_cycles,full_window,18,130.83719789981157,126.48275179493469,4.354446104876885,95.15076387381441,104.61019249643334,-9.45942862261893,73.0,0.6094589233398438,0.3388982322855558,0.7388364710381008,0.0798790793937501,-0.030864197530864196,-19.597255829830242,29.358732806876077,0.9044422401802372,fdr_bh,False
phase_split_within_arch,architecture_id=Lin5|target=lt2|feature_set=EMG+NIRS+HRV|with_abs=False,abs_lt_err_median_sec,full_cycles,split,18,130.83719789981157,132.44856036408314,-1.611362464271565,95.15076387381441,84.41305061093857,10.737713262875843,80.0,0.83172607421875,-0.13026203224520796,0.8978880913560875,-0.03070305544390909,-0.043209876543209874,-24.296666830038323,22.335628202118542,0.9568286738119836,fdr_bh,False
phase_split_within_arch,architecture_id=Lin5|target=lt2|feature_set=EMG+NIRS+HRV|with_abs=False,abs_lt_err_median_sec,full_window,split,18,126.48275179493469,132.44856036408314,-5.96580856914845,104.61019249643334,84.41305061093857,20.197141885494773,81.0,0.8650436401367188,-0.3568989053184112,0.7255591329148928,-0.08412187871623471,0.0,-40.550179171407166,26.047705039436597,0.96331259765625,fdr_bh,False
phase_split_within_arch,architecture_id=Lin5|target=lt2|feature_set=EMG+NIRS+HRV|with_abs=True,abs_lt_err_median_sec,full_cycles,full_window,18,155.37529683352165,154.36874767512933,1.0065491583923176,96.54455101316853,102.86237777385145,-6.3178267606829195,80.0,0.83172607421875,0.14264114307727704,0.8882505762654498,0.03362083984871438,-0.04938271604938271,-12.08708502695412,13.83346969905857,0.9568286738119836,fdr_bh,False
phase_split_within_arch,architecture_id=Lin5|target=lt2|feature_set=EMG+NIRS+HRV|with_abs=True,abs_lt_err_median_sec,full_cycles,split,18,155.37529683352165,172.24764913289923,-16.87235229937758,96.54455101316853,115.00829103646544,-18.463740023296907,40.0,0.04827880859375,-1.5292401655168228,0.14459867926592979,-0.36044536369992786,-0.13580246913580246,-35.18704147465217,4.6067222026792285,0.5512309354894301,fdr_bh,False
phase_split_within_arch,architecture_id=Lin5|target=lt2|feature_set=EMG+NIRS+HRV|with_abs=True,abs_lt_err_median_sec,full_window,split,18,154.36874767512933,172.24764913289923,-17.8789014577699,102.86237777385145,115.00829103646544,-12.145913262613988,45.0,0.08142852783203125,-1.35212377551553,0.1940511419691844,-0.31869863022352946,-0.09259259259259259,-43.00169485623721,6.748315029661021,0.6297139485677082,fdr_bh,False
phase_split_within_arch,architecture_id=Lin6|target=lt1|feature_set=EMG|with_abs=False,abs_lt_err_median_sec,full_cycles,full_window,18,194.9050177636402,205.3576117261188,-10.452593962478602,139.02228871696622,164.8628961091161,-25.840607392149877,64.0,0.3692169189453125,-1.4616751153952643,0.1620693249181242,-0.3445201286625403,-0.043209876543209874,-24.326482062738897,2.42258149079665,0.7670894793610075,fdr_bh,False
phase_split_within_arch,architecture_id=Lin6|target=lt1|feature_set=EMG|with_abs=False,abs_lt_err_median_sec,full_cycles,split,18,194.9050177636402,243.58835631499173,-48.68333855135154,139.02228871696622,217.2475070576266,-78.22521834066038,50.0,0.12973785400390625,-1.904151474150621,0.07395671546654144,-0.448812806592755,-0.2037037037037037,-92.80865331779648,-2.596782817911781,0.6789289202008928,fdr_bh,False
phase_split_within_arch,architecture_id=Lin6|target=lt1|feature_set=EMG|with_abs=False,abs_lt_err_median_sec,full_window,split,18,205.3576117261188,243.58835631499173,-38.23074458887294,164.8628961091161,217.2475070576266,-52.3846109485105,60.0,0.28372955322265625,-1.3674249194509926,0.18930070952431274,-0.32230514443575514,-0.1728395061728395,-87.30199072898291,12.567130647394471,0.7260138567756204,fdr_bh,False
phase_split_within_arch,architecture_id=Lin6|target=lt1|feature_set=EMG|with_abs=True,abs_lt_err_median_sec,full_cycles,full_window,18,194.9050177636402,205.3576117261188,-10.452593962478602,139.02228871696622,164.8628961091161,-25.840607392149877,64.0,0.3692169189453125,-1.4616751153952643,0.1620693249181242,-0.3445201286625403,-0.043209876543209874,-24.326482062738897,2.42258149079665,0.7670894793610075,fdr_bh,False
phase_split_within_arch,architecture_id=Lin6|target=lt1|feature_set=EMG|with_abs=True,abs_lt_err_median_sec,full_cycles,split,18,194.9050177636402,243.58835631499173,-48.68333855135154,139.02228871696622,217.2475070576266,-78.22521834066038,50.0,0.12973785400390625,-1.904151474150621,0.07395671546654144,-0.448812806592755,-0.2037037037037037,-92.80865331779648,-2.596782817911781,0.6789289202008928,fdr_bh,False
phase_split_within_arch,architecture_id=Lin6|target=lt1|feature_set=EMG|with_abs=True,abs_lt_err_median_sec,full_window,split,18,205.3576117261188,243.58835631499173,-38.23074458887294,164.8628961091161,217.2475070576266,-52.3846109485105,60.0,0.28372955322265625,-1.3674249194509926,0.18930070952431274,-0.32230514443575514,-0.1728395061728395,-87.30199072898291,12.567130647394471,0.7260138567756204,fdr_bh,False
phase_split_within_arch,architecture_id=Lin6|target=lt1|feature_set=EMG+NIRS+HRV|with_abs=False,abs_lt_err_median_sec,full_cycles,full_window,18,165.57739908420686,137.78403151235963,27.793367571847227,104.56080950039123,72.70801850654343,31.852790993847805,28.0,0.010406494140625,2.2683958277527436,0.03662126709625053,0.534666024073079,0.14814814814814814,6.9387558735280335,50.92397700246138,0.2925359552556818,fdr_bh,False
phase_split_within_arch,architecture_id=Lin6|target=lt1|feature_set=EMG+NIRS+HRV|with_abs=False,abs_lt_err_median_sec,full_cycles,split,18,165.57739908420686,200.827838356172,-35.25043927196515,104.56080950039123,118.25193310733187,-13.691123606940636,61.0,0.30379486083984375,-1.308192313256432,0.2082210068149843,-0.30834388526657974,-0.09876543209876543,-91.96476333254263,11.395081039997141,0.7393049760298295,fdr_bh,False
phase_split_within_arch,architecture_id=Lin6|target=lt1|feature_set=EMG+NIRS+HRV|with_abs=False,abs_lt_err_median_sec,full_window,split,18,137.78403151235963,200.827838356172,-63.043806843812376,72.70801850654343,118.25193310733187,-45.54391460078844,40.0,0.04827880859375,-1.8776780740788805,0.07769153651958667,-0.44257296635549104,-0.2037037037037037,-135.33657500202693,-4.68071636291472,0.5512309354894301,fdr_bh,False
phase_split_within_arch,architecture_id=Lin6|target=lt1|feature_set=EMG+NIRS+HRV|with_abs=True,abs_lt_err_median_sec,full_cycles,full_window,18,208.79743844493993,200.28209868484606,8.515339760093866,119.2646592612202,140.72425314566144,-21.459593884441233,81.0,0.8650436401367188,0.7950714456223814,0.4375323535896282,0.18740013690912574,0.006172839506172839,-8.317867879831196,31.85449613958327,0.96331259765625,fdr_bh,False
phase_split_within_arch,architecture_id=Lin6|target=lt1|feature_set=EMG+NIRS+HRV|with_abs=True,abs_lt_err_median_sec,full_cycles,split,18,208.79743844493993,244.8456069399575,-36.04816849501756,119.2646592612202,125.4128667874536,-6.148207526233392,62.0,0.32472991943359375,-1.2986958199244822,0.21138914029767802,-0.30610554032240833,-0.10493827160493827,-98.07329596990832,11.492943643845944,0.7533734130859375,fdr_bh,False
phase_split_within_arch,architecture_id=Lin6|target=lt1|feature_set=EMG+NIRS+HRV|with_abs=True,abs_lt_err_median_sec,full_window,split,18,200.28209868484606,244.8456069399575,-44.56350825511143,140.72425314566144,125.4128667874536,15.31138635820784,62.0,0.32472991943359375,-1.236576941145113,0.23305637160529746,-0.2914639801808759,-0.09259259259259259,-124.09082948173291,12.714463927616624,0.7533734130859375,fdr_bh,False
phase_split_within_arch,architecture_id=Lin6|target=lt2|feature_set=EMG|with_abs=False,abs_lt_err_median_sec,full_cycles,full_window,18,255.51940081474334,280.0031397859364,-24.483738971193077,217.18525156461493,281.2940203287632,-64.1087687641483,26.0,0.0076904296875,-3.047659923341771,0.007275513518341824,-0.7183403328484799,-0.06790123456790123,-39.93501705536027,-9.770889988955036,0.27127473250679346,fdr_bh,False
phase_split_within_arch,architecture_id=Lin6|target=lt2|feature_set=EMG|with_abs=False,abs_lt_err_median_sec,full_cycles,split,18,255.51940081474334,160.61775561897463,94.90164519576871,217.18525156461493,136.91476789842386,80.27048366619107,36.0,0.030364990234375,2.652658515865834,0.01674783823154971,0.6252376082469914,0.24074074074074073,28.164599224330022,169.36886616088154,0.43130680006377553,fdr_bh,False
phase_split_within_arch,architecture_id=Lin6|target=lt2|feature_set=EMG|with_abs=False,abs_lt_err_median_sec,full_window,split,18,280.0031397859364,160.61775561897463,119.38538416696179,281.2940203287632,136.91476789842386,144.37925243033936,27.0,0.00896453857421875,3.128974728381977,0.006112729929441936,0.7375064162000773,0.3148148148148148,45.85664278600186,195.98037648058803,0.27127473250679346,fdr_bh,False
phase_split_within_arch,architecture_id=Lin6|target=lt2|feature_set=EMG|with_abs=True,abs_lt_err_median_sec,full_cycles,full_window,18,255.51940081474334,280.0031397859364,-24.483738971193077,217.18525156461493,281.2940203287632,-64.1087687641483,26.0,0.0076904296875,-3.047659923341771,0.007275513518341824,-0.7183403328484799,-0.06790123456790123,-39.93501705536027,-9.770889988955036,0.27127473250679346,fdr_bh,False
phase_split_within_arch,architecture_id=Lin6|target=lt2|feature_set=EMG|with_abs=True,abs_lt_err_median_sec,full_cycles,split,18,255.51940081474334,160.61775561897463,94.90164519576871,217.18525156461493,136.91476789842386,80.27048366619107,36.0,0.030364990234375,2.652658515865834,0.01674783823154971,0.6252376082469914,0.24074074074074073,28.164599224330022,169.36886616088154,0.43130680006377553,fdr_bh,False
phase_split_within_arch,architecture_id=Lin6|target=lt2|feature_set=EMG|with_abs=True,abs_lt_err_median_sec,full_window,split,18,280.0031397859364,160.61775561897463,119.38538416696179,281.2940203287632,136.91476789842386,144.37925243033936,27.0,0.00896453857421875,3.128974728381977,0.006112729929441936,0.7375064162000773,0.3148148148148148,45.85664278600186,195.98037648058803,0.27127473250679346,fdr_bh,False
phase_split_within_arch,architecture_id=Lin6|target=lt2|feature_set=EMG+NIRS+HRV|with_abs=False,abs_lt_err_median_sec,full_cycles,full_window,18,128.30206592460587,127.3342741415988,0.9677917830070726,95.74421696722146,105.10752030450237,-9.363303337280911,85.0,1.0,0.07102169706464387,0.944209316232906,0.016739974535262134,-0.06172839506172839,-25.60935178005178,27.431697496109514,1.0,fdr_bh,False
phase_split_within_arch,architecture_id=Lin6|target=lt2|feature_set=EMG+NIRS+HRV|with_abs=False,abs_lt_err_median_sec,full_cycles,split,18,128.30206592460587,134.38975193043166,-6.087686005825788,95.74421696722146,91.01646297135972,4.727753995861747,77.0,0.7337265014648438,-0.4570220421732717,0.6534411504337099,-0.10772112839081492,-0.04938271604938271,-31.014192184680603,19.199971284125592,0.9456919352213542,fdr_bh,False
phase_split_within_arch,architecture_id=Lin6|target=lt2|feature_set=EMG+NIRS+HRV|with_abs=False,abs_lt_err_median_sec,full_window,split,18,127.3342741415988,134.38975193043166,-7.05547778883286,105.10752030450237,91.01646297135972,14.091057333142658,82.0,0.8985748291015625,-0.390256085105412,0.7011938246183034,-0.09198424139245041,0.018518518518518517,-45.58224569703904,27.34295633599586,0.9833460393941627,fdr_bh,False
phase_split_within_arch,architecture_id=Lin6|target=lt2|feature_set=EMG+NIRS+HRV|with_abs=True,abs_lt_err_median_sec,full_cycles,full_window,18,154.27770346756728,151.2283152770555,3.0493881905117917,85.90594672751229,86.06280770062313,-0.15686097311083813,80.0,0.83172607421875,0.3756626921994698,0.7118140788559523,0.08854454569767994,-0.037037037037037035,-12.528372830430344,18.11503982311962,0.9568286738119836,fdr_bh,False
phase_split_within_arch,architecture_id=Lin6|target=lt2|feature_set=EMG+NIRS+HRV|with_abs=True,abs_lt_err_median_sec,full_cycles,split,18,154.27770346756728,167.88051484364917,-13.602811376081888,85.90594672751229,112.60907620536864,-26.70312947785635,49.0,0.11870574951171875,-1.4592227680209513,0.16273482784156315,-0.3439421048431397,-0.11728395061728394,-29.01073743213309,5.186952778478191,0.6717008265053354,fdr_bh,False
phase_split_within_arch,architecture_id=Lin6|target=lt2|feature_set=EMG+NIRS+HRV|with_abs=True,abs_lt_err_median_sec,full_window,split,18,151.2283152770555,167.88051484364917,-16.65219956659368,86.06280770062313,112.60907620536864,-26.546268504745512,54.0,0.18146514892578125,-1.3819699014465634,0.18487207956011617,-0.32573342956952334,-0.10493827160493827,-39.13075273397227,6.2827182989652695,0.6862564086914062,fdr_bh,False
phase_split_within_arch,architecture_id=Lin7|target=lt1|feature_set=EMG|with_abs=False,abs_lt_err_median_sec,full_cycles,full_window,18,196.89769150863452,209.56408921304745,-12.66639770441293,137.91346128841658,166.46121774430327,-28.547756455886685,54.0,0.18146514892578125,-1.6907944995295563,0.10912642034245071,-0.3985240854034214,-0.030864197530864196,-26.946150096016115,0.9236193264666412,0.6862564086914062,fdr_bh,False
phase_split_within_arch,architecture_id=Lin7|target=lt1|feature_set=EMG|with_abs=False,abs_lt_err_median_sec,full_cycles,split,18,196.89769150863452,247.4816214052904,-50.58392989665589,137.91346128841658,222.92759866133446,-85.01413737291787,48.0,0.1083831787109375,-2.022748273828596,0.05911974854665624,-0.4767663403525278,-0.21604938271604937,-92.99452209375002,-4.341524153392582,0.6339049780068278,fdr_bh,False
phase_split_within_arch,architecture_id=Lin7|target=lt1|feature_set=EMG|with_abs=False,abs_lt_err_median_sec,full_window,split,18,209.56408921304745,247.4816214052904,-37.91753219224296,166.46121774430327,222.92759866133446,-56.46638091703119,55.0,0.19638824462890625,-1.404665979510599,0.17812893901343974,-0.33108294647132946,-0.16666666666666666,-86.68524492587845,10.863770404606457,0.6862564086914062,fdr_bh,False
phase_split_within_arch,architecture_id=Lin7|target=lt1|feature_set=EMG|with_abs=True,abs_lt_err_median_sec,full_cycles,full_window,18,196.89769150863452,209.56408921304745,-12.66639770441293,137.91346128841658,166.46121774430327,-28.547756455886685,54.0,0.18146514892578125,-1.6907944995295563,0.10912642034245071,-0.3985240854034214,-0.030864197530864196,-26.946150096016115,0.9236193264666412,0.6862564086914062,fdr_bh,False
phase_split_within_arch,architecture_id=Lin7|target=lt1|feature_set=EMG|with_abs=True,abs_lt_err_median_sec,full_cycles,split,18,196.89769150863452,247.4816214052904,-50.58392989665589,137.91346128841658,222.92759866133446,-85.01413737291787,48.0,0.1083831787109375,-2.022748273828596,0.05911974854665624,-0.4767663403525278,-0.21604938271604937,-92.99452209375002,-4.341524153392582,0.6339049780068278,fdr_bh,False
phase_split_within_arch,architecture_id=Lin7|target=lt1|feature_set=EMG|with_abs=True,abs_lt_err_median_sec,full_window,split,18,209.56408921304745,247.4816214052904,-37.91753219224296,166.46121774430327,222.92759866133446,-56.46638091703119,55.0,0.19638824462890625,-1.404665979510599,0.17812893901343974,-0.33108294647132946,-0.16666666666666666,-86.68524492587845,10.863770404606457,0.6862564086914062,fdr_bh,False
phase_split_within_arch,architecture_id=Lin7|target=lt1|feature_set=EMG+NIRS+HRV|with_abs=False,abs_lt_err_median_sec,full_cycles,full_window,18,160.99301038551727,134.66820019594965,26.324810189567614,97.01711673839617,72.63032211445798,24.386794623938187,36.0,0.030364990234375,2.1295285495875307,0.04812201090591584,0.5019346927145653,0.14814814814814814,4.902707446129592,49.718647154243115,0.43130680006377553,fdr_bh,False
phase_split_within_arch,architecture_id=Lin7|target=lt1|feature_set=EMG+NIRS+HRV|with_abs=False,abs_lt_err_median_sec,full_cycles,split,18,160.99301038551727,201.30561611884286,-40.3126057333256,97.01711673839617,121.21875704867932,-24.201640310283153,56.0,0.2121429443359375,-1.496395881930275,0.15288519683961482,-0.3527038918175073,-0.10493827160493827,-95.76100060071414,6.604479004762321,0.6862564086914062,fdr_bh,False
phase_split_within_arch,architecture_id=Lin7|target=lt1|feature_set=EMG+NIRS+HRV|with_abs=False,abs_lt_err_median_sec,full_window,split,18,134.66820019594965,201.30561611884286,-66.63741592289321,72.63032211445798,121.21875704867932,-48.58843493422134,39.0,0.0431671142578125,-1.971950341940584,0.06511151006392737,-0.46479315298310603,-0.2345679012345679,-139.08143580502303,-8.102469791943088,0.5270931846217105,fdr_bh,False
phase_split_within_arch,architecture_id=Lin7|target=lt1|feature_set=EMG+NIRS+HRV|with_abs=True,abs_lt_err_median_sec,full_cycles,full_window,18,207.2355733107369,197.0521252998982,10.183448010838703,114.29050753808616,135.0561661695596,-20.76565863147343,79.0,0.7987060546875,0.8241454824993187,0.42126990166354794,0.19425295311984245,-0.006172839506172839,-9.86733641616137,36.92977453639334,0.9568286738119836,fdr_bh,False
phase_split_within_arch,architecture_id=Lin7|target=lt1|feature_set=EMG+NIRS+HRV|with_abs=True,abs_lt_err_median_sec,full_cycles,split,18,207.2355733107369,246.8032212401915,-39.56764792945461,114.29050753808616,113.63328599982268,0.6572215382634852,59.0,0.2645263671875,-1.4478086391605844,0.1658619352260167,-0.3412517688703055,-0.13580246913580246,-100.2598037243916,6.954790416930418,0.72484390378937,fdr_bh,False
phase_split_within_arch,architecture_id=Lin7|target=lt1|feature_set=EMG+NIRS+HRV|with_abs=True,abs_lt_err_median_sec,full_window,split,18,197.0521252998982,246.8032212401915,-49.75109594029331,135.0561661695596,113.63328599982268,21.422880169736914,53.0,0.16735076904296875,-1.3593165011246313,0.19180631277281954,-0.3203939719079994,-0.12345679012345678,-131.01235068253217,8.40669019267725,0.6862564086914062,fdr_bh,False
phase_split_within_arch,architecture_id=Lin7|target=lt2|feature_set=EMG|with_abs=False,abs_lt_err_median_sec,full_cycles,full_window,18,258.9007481340737,286.31757778005544,-27.41682964598175,224.94014644547798,292.6800138563895,-67.73986741091153,26.0,0.0076904296875,-3.1033973331480724,0.006457356402348675,-0.7314777663284165,-0.08024691358024691,-44.609757983601554,-10.746399889418734,0.27127473250679346,fdr_bh,False
phase_split_within_arch,architecture_id=Lin7|target=lt2|feature_set=EMG|with_abs=False,abs_lt_err_median_sec,full_cycles,split,18,258.9007481340737,163.99978726398476,94.90096087008894,224.94014644547798,141.77181355595718,83.1683328895208,34.0,0.02367401123046875,2.6961207723117604,0.015298402895783537,0.6354817603331857,0.25308641975308643,30.131622610579544,167.4785286155825,0.42468400435014203,fdr_bh,False
phase_split_within_arch,architecture_id=Lin7|target=lt2|feature_set=EMG|with_abs=False,abs_lt_err_median_sec,full_window,split,18,286.31757778005544,163.99978726398476,122.31779051607069,292.6800138563895,141.77181355595718,150.90820030043233,25.0,0.0065765380859375,3.2176999072557364,0.005051401940511058,0.7584191414146187,0.3148148148148148,49.440257315702816,198.54399398371777,0.27127473250679346,fdr_bh,False
phase_split_within_arch,architecture_id=Lin7|target=lt2|feature_set=EMG|with_abs=True,abs_lt_err_median_sec,full_cycles,full_window,18,258.9007481340737,286.31757778005544,-27.41682964598175,224.94014644547798,292.6800138563895,-67.73986741091153,26.0,0.0076904296875,-3.1033973331480724,0.006457356402348675,-0.7314777663284165,-0.08024691358024691,-44.609757983601554,-10.746399889418734,0.27127473250679346,fdr_bh,False
phase_split_within_arch,architecture_id=Lin7|target=lt2|feature_set=EMG|with_abs=True,abs_lt_err_median_sec,full_cycles,split,18,258.9007481340737,163.99978726398476,94.90096087008894,224.94014644547798,141.77181355595718,83.1683328895208,34.0,0.02367401123046875,2.6961207723117604,0.015298402895783537,0.6354817603331857,0.25308641975308643,30.131622610579544,167.4785286155825,0.42468400435014203,fdr_bh,False
phase_split_within_arch,architecture_id=Lin7|target=lt2|feature_set=EMG|with_abs=True,abs_lt_err_median_sec,full_window,split,18,286.31757778005544,163.99978726398476,122.31779051607069,292.6800138563895,141.77181355595718,150.90820030043233,25.0,0.0065765380859375,3.2176999072557364,0.005051401940511058,0.7584191414146187,0.3148148148148148,49.440257315702816,198.54399398371777,0.27127473250679346,fdr_bh,False
phase_split_within_arch,architecture_id=Lin7|target=lt2|feature_set=EMG+NIRS+HRV|with_abs=False,abs_lt_err_median_sec,full_cycles,full_window,18,126.67685042806663,126.27973578363905,0.3971146444275746,99.06760097901463,105.02544257282187,-5.957841593807245,81.0,0.8650436401367188,0.027827760012378668,0.9781235952262542,0.006559065936661599,-0.09876543209876543,-27.05071482569058,27.81218800877824,0.96331259765625,fdr_bh,False
phase_split_within_arch,architecture_id=Lin7|target=lt2|feature_set=EMG+NIRS+HRV|with_abs=False,abs_lt_err_median_sec,full_cycles,split,18,126.67685042806663,133.24025799158395,-6.563407563517316,99.06760097901463,92.07151886939153,6.996082109623103,77.0,0.7337265014648438,-0.4644787975215034,0.6481979273909333,-0.10947870248160947,-0.037037037037037035,-33.54632895794053,19.587954673548296,0.9456919352213542,fdr_bh,False
phase_split_within_arch,architecture_id=Lin7|target=lt2|feature_set=EMG+NIRS+HRV|with_abs=False,abs_lt_err_median_sec,full_window,split,18,126.27973578363905,133.24025799158395,-6.960522207944891,105.02544257282187,92.07151886939153,12.953923703430348,83.0,0.932281494140625,-0.37747570798854074,0.710491291410463,-0.08897187761729673,0.04938271604938271,-46.19707685171039,29.1993375461927,0.9891279267101754,fdr_bh,False
phase_split_within_arch,architecture_id=Lin7|target=lt2|feature_set=EMG+NIRS+HRV|with_abs=True,abs_lt_err_median_sec,full_cycles,full_window,18,154.66717478685663,150.51056485910277,4.156609927753863,83.14165728351895,89.99865635542756,-6.856999071908604,85.0,1.0,0.41938413453024653,0.6801871821528389,0.09884978848279621,-0.04938271604938271,-14.067217740525736,22.72511815022075,1.0,fdr_bh,False
phase_split_within_arch,architecture_id=Lin7|target=lt2|feature_set=EMG+NIRS+HRV|with_abs=True,abs_lt_err_median_sec,full_cycles,split,18,154.66717478685663,167.63171476355578,-12.964539976699143,83.14165728351895,113.42252440968161,-30.28086712616266,48.0,0.1083831787109375,-1.485912017488891,0.15561179331622685,-0.3502328212709929,-0.13580246913580246,-27.347165664203352,4.485455243605013,0.6339049780068278,fdr_bh,False
phase_split_within_arch,architecture_id=Lin7|target=lt2|feature_set=EMG+NIRS+HRV|with_abs=True,abs_lt_err_median_sec,full_window,split,18,150.51056485910277,167.63171476355578,-17.121149904453006,89.99865635542756,113.42252440968161,-23.423868054254058,55.0,0.19638824462890625,-1.3652071786266071,0.18998339388230642,-0.32178241791047607,-0.10493827160493827,-40.465407611972324,5.598940664419584,0.6862564086914062,fdr_bh,False
phase_split_within_arch,architecture_id=Lin8|target=lt1|feature_set=EMG|with_abs=False,abs_lt_err_median_sec,full_cycles,full_window,18,206.54125451200605,216.55559013032126,-10.014335618315215,143.383400922592,154.1787313004982,-10.795330377906225,51.0,0.14151763916015625,-1.2251074620044013,0.2372388611108053,-0.288760598021851,-0.030864197530864196,-25.419895683379636,5.346870040023818,0.6862564086914062,fdr_bh,False
phase_split_within_arch,architecture_id=Lin8|target=lt1|feature_set=EMG|with_abs=False,abs_lt_err_median_sec,full_cycles,split,18,206.54125451200605,254.60445794288964,-48.06320343088359,143.383400922592,223.22247064319947,-79.83906972060748,41.0,0.05385589599609375,-2.0444839471533913,0.05671172107390911,-0.48188948768640066,-0.19753086419753085,-89.55623051902471,-4.124438959319058,0.5512309354894301,fdr_bh,False
phase_split_within_arch,architecture_id=Lin8|target=lt1|feature_set=EMG|with_abs=False,abs_lt_err_median_sec,full_window,split,18,216.55559013032126,254.60445794288964,-38.048867812568375,154.1787313004982,223.22247064319947,-69.04373934270126,55.0,0.19638824462890625,-1.448397269601804,0.16569947266793664,-0.3413905103958386,-0.17901234567901234,-85.12760047276076,10.283564398302884,0.6862564086914062,fdr_bh,False
phase_split_within_arch,architecture_id=Lin8|target=lt1|feature_set=EMG|with_abs=True,abs_lt_err_median_sec,full_cycles,full_window,18,206.54125451200605,216.55559013032126,-10.014335618315215,143.383400922592,154.1787313004982,-10.795330377906225,51.0,0.14151763916015625,-1.2251074620044013,0.2372388611108053,-0.288760598021851,-0.030864197530864196,-25.419895683379636,5.346870040023818,0.6862564086914062,fdr_bh,False
phase_split_within_arch,architecture_id=Lin8|target=lt1|feature_set=EMG|with_abs=True,abs_lt_err_median_sec,full_cycles,split,18,206.54125451200605,254.60445794288964,-48.06320343088359,143.383400922592,223.22247064319947,-79.83906972060748,41.0,0.05385589599609375,-2.0444839471533913,0.05671172107390911,-0.48188948768640066,-0.19753086419753085,-89.55623051902471,-4.124438959319058,0.5512309354894301,fdr_bh,False
phase_split_within_arch,architecture_id=Lin8|target=lt1|feature_set=EMG|with_abs=True,abs_lt_err_median_sec,full_window,split,18,216.55559013032126,254.60445794288964,-38.048867812568375,154.1787313004982,223.22247064319947,-69.04373934270126,55.0,0.19638824462890625,-1.448397269601804,0.16569947266793664,-0.3413905103958386,-0.17901234567901234,-85.12760047276076,10.283564398302884,0.6862564086914062,fdr_bh,False
phase_split_within_arch,architecture_id=Lin8|target=lt1|feature_set=EMG+NIRS+HRV|with_abs=False,abs_lt_err_median_sec,full_cycles,full_window,18,150.15053111805366,133.31446568216683,16.836065435886837,76.49767873816188,67.75448455533535,8.743194182826528,52.0,0.15404510498046875,1.641348061223039,0.119094232609597,0.38686944812606777,0.06790123456790123,-1.4361482909543113,36.57017744710132,0.6862564086914062,fdr_bh,False
phase_split_within_arch,architecture_id=Lin8|target=lt1|feature_set=EMG+NIRS+HRV|with_abs=False,abs_lt_err_median_sec,full_cycles,split,18,150.15053111805366,202.11723182821112,-51.966700710157454,76.49767873816188,119.3121544621718,-42.814475724009924,48.0,0.1083831787109375,-1.8366208839412683,0.0838150517737064,-0.4328956938345674,-0.19753086419753085,-111.99714964993417,-4.308311141436754,0.6339049780068278,fdr_bh,False
phase_split_within_arch,architecture_id=Lin8|target=lt1|feature_set=EMG+NIRS+HRV|with_abs=False,abs_lt_err_median_sec,full_window,split,18,133.31446568216683,202.11723182821112,-68.80276614604429,67.75448455533535,119.3121544621718,-51.55766990683645,39.0,0.0431671142578125,-2.0481878030402823,0.05631035898194029,-0.48276249489112005,-0.2839506172839506,-139.7557624144808,-9.07286669167596,0.5270931846217105,fdr_bh,False
phase_split_within_arch,architecture_id=Lin8|target=lt1|feature_set=EMG+NIRS+HRV|with_abs=True,abs_lt_err_median_sec,full_cycles,full_window,18,203.31263092239203,194.09910617600065,9.213524746391386,103.14263416807299,120.20206657258396,-17.05943240451097,78.0,0.7660293579101562,0.6485344789978019,0.5253037007883037,0.15286104264421008,-0.012345679012345678,-15.553203226658374,39.904915668000534,0.9469918882868006,fdr_bh,False
phase_split_within_arch,architecture_id=Lin8|target=lt1|feature_set=EMG+NIRS+HRV|with_abs=True,abs_lt_err_median_sec,full_cycles,split,18,203.31263092239203,250.02116343985483,-46.7085325174628,103.14263416807299,128.13339623215987,-24.99076206408688,53.0,0.16735076904296875,-1.6845937797301644,0.11033570493333571,-0.3970625617306255,-0.1419753086419753,-108.40505469151044,1.6331469825650875,0.6862564086914062,fdr_bh,False
phase_split_within_arch,architecture_id=Lin8|target=lt1|feature_set=EMG+NIRS+HRV|with_abs=True,abs_lt_err_median_sec,full_window,split,18,194.09910617600065,250.02116343985483,-55.922057263854185,120.20206657258396,128.13339623215987,-7.931329659575908,48.0,0.1083831787109375,-1.4984661558667536,0.152351478055829,-0.35319186006397313,-0.09876543209876543,-140.94949101326816,3.575555920516424,0.6339049780068278,fdr_bh,False
phase_split_within_arch,architecture_id=Lin8|target=lt2|feature_set=EMG|with_abs=False,abs_lt_err_median_sec,full_cycles,full_window,18,274.38886472401157,307.29751992767945,-32.90865520366788,264.2053089189055,327.92448127278504,-63.71917235387957,30.0,0.0138702392578125,-2.781308935046975,0.01279870984936994,-0.655560802848817,-0.06790123456790123,-55.97630101796091,-11.545385638391439,0.2925359552556818,fdr_bh,False
phase_split_within_arch,architecture_id=Lin8|target=lt2|feature_set=EMG|with_abs=False,abs_lt_err_median_sec,full_cycles,split,18,274.38886472401157,175.19753393668145,99.19133078733012,264.2053089189055,168.39564344029304,95.80966547861243,30.0,0.0138702392578125,2.9557615712563217,0.008850324357236105,0.6966796835353166,0.30864197530864196,38.84344436171887,168.4022891564763,0.2925359552556818,fdr_bh,False
phase_split_within_arch,architecture_id=Lin8|target=lt2|feature_set=EMG|with_abs=False,abs_lt_err_median_sec,full_window,split,18,307.29751992767945,175.19753393668145,132.099985990998,327.92448127278504,168.39564344029304,159.528837832492,25.0,0.0065765380859375,3.4091225832001517,0.003341151549761628,0.8035378988256757,0.3333333333333333,59.52360452905279,209.70009951381493,0.27127473250679346,fdr_bh,False
phase_split_within_arch,architecture_id=Lin8|target=lt2|feature_set=EMG|with_abs=True,abs_lt_err_median_sec,full_cycles,full_window,18,274.38886472401157,307.29751992767945,-32.90865520366788,264.2053089189055,327.92448127278504,-63.71917235387957,30.0,0.0138702392578125,-2.781308935046975,0.01279870984936994,-0.655560802848817,-0.06790123456790123,-55.97630101796091,-11.545385638391439,0.2925359552556818,fdr_bh,False
phase_split_within_arch,architecture_id=Lin8|target=lt2|feature_set=EMG|with_abs=True,abs_lt_err_median_sec,full_cycles,split,18,274.38886472401157,175.19753393668145,99.19133078733012,264.2053089189055,168.39564344029304,95.80966547861243,30.0,0.0138702392578125,2.9557615712563217,0.008850324357236105,0.6966796835353166,0.30864197530864196,38.84344436171887,168.4022891564763,0.2925359552556818,fdr_bh,False
phase_split_within_arch,architecture_id=Lin8|target=lt2|feature_set=EMG|with_abs=True,abs_lt_err_median_sec,full_window,split,18,307.29751992767945,175.19753393668145,132.099985990998,327.92448127278504,168.39564344029304,159.528837832492,25.0,0.0065765380859375,3.4091225832001517,0.003341151549761628,0.8035378988256757,0.3333333333333333,59.52360452905279,209.70009951381493,0.27127473250679346,fdr_bh,False
phase_split_within_arch,architecture_id=Lin8|target=lt2|feature_set=EMG+NIRS+HRV|with_abs=False,abs_lt_err_median_sec,full_cycles,full_window,18,122.48316123842932,120.57259974634265,1.9105614920866714,95.07726811875483,98.22738752859493,-3.1501194098401015,77.0,0.7337265014648438,0.13724704173342775,0.8924479278614162,0.03234943796916662,-0.09259259259259259,-24.36740057078977,29.43951192652448,0.9456919352213542,fdr_bh,False
phase_split_within_arch,architecture_id=Lin8|target=lt2|feature_set=EMG+NIRS+HRV|with_abs=False,abs_lt_err_median_sec,full_cycles,split,18,122.48316123842932,128.29628437851989,-5.813123140090568,95.07726811875483,86.9813666743812,8.095901444373624,75.0,0.6705245971679688,-0.40801138288726957,0.6883580359317607,-0.09616920521362972,-0.006172839506172839,-32.7610264736711,20.596536669602,0.9304942103794643,fdr_bh,False
phase_split_within_arch,architecture_id=Lin8|target=lt2|feature_set=EMG+NIRS+HRV|with_abs=False,abs_lt_err_median_sec,full_window,split,18,120.57259974634265,128.29628437851989,-7.723684632177239,98.22738752859493,86.9813666743812,11.246020854213725,81.0,0.8650436401367188,-0.39941094692371576,0.6945636074368657,-0.0941420630166332,0.030864197530864196,-50.47958138762786,28.680496469608745,0.96331259765625,fdr_bh,False
phase_split_within_arch,architecture_id=Lin8|target=lt2|feature_set=EMG+NIRS+HRV|with_abs=True,abs_lt_err_median_sec,full_cycles,full_window,18,156.6573133754661,149.03122832365685,7.626085051809241,76.02318402309044,103.48562542076934,-27.4624413976789,71.0,0.550872802734375,0.6083415441684933,0.5510032437841889,0.1433874770530124,-0.07407407407407407,-13.574116846676805,33.43812192986474,0.8773626331879291,fdr_bh,False
phase_split_within_arch,architecture_id=Lin8|target=lt2|feature_set=EMG+NIRS+HRV|with_abs=True,abs_lt_err_median_sec,full_cycles,split,18,156.6573133754661,165.51584149005578,-8.858528114589689,76.02318402309044,120.82252286164947,-44.79933883855904,60.0,0.28372955322265625,-1.0043261606044112,0.329303644741352,-0.23672194622880952,-0.08641975308641975,-25.10769555159748,9.403095209211488,0.7260138567756204,fdr_bh,False
phase_split_within_arch,architecture_id=Lin8|target=lt2|feature_set=EMG+NIRS+HRV|with_abs=True,abs_lt_err_median_sec,full_window,split,18,149.03122832365685,165.51584149005578,-16.48461316639893,103.48562542076934,120.82252286164947,-17.336897440880136,72.0,0.5798416137695312,-0.8937404667006054,0.3839391898574436,-0.21065664820827595,-0.07407407407407407,-54.76521327879952,16.72455954203857,0.8889201832237749,fdr_bh,False
phase_split_within_arch,architecture_id=Lin9|target=lt1|feature_set=EMG|with_abs=False,abs_lt_err_median_sec,full_cycles,full_window,18,250.40071589353616,251.37955151356144,-0.9788356200252792,218.03285236170464,218.0691935567026,-0.03634119499795929,69.0,0.49507904052734375,-0.14216593231475588,0.888620220197894,-0.03350883159782388,0.0,-12.199298366368387,12.39975233407553,0.8550248441861819,fdr_bh,False
phase_split_within_arch,architecture_id=Lin9|target=lt1|feature_set=EMG|with_abs=False,abs_lt_err_median_sec,full_cycles,split,18,250.40071589353616,293.60032925239415,-43.19961335885799,218.03285236170464,291.95653615057097,-73.92368378886633,57.0,0.22875213623046875,-1.529395553195886,0.14456038395762583,-0.36048198892712074,-0.06172839506172839,-96.53369699721095,10.70571159476556,0.6862564086914062,fdr_bh,False
phase_split_within_arch,architecture_id=Lin9|target=lt1|feature_set=EMG|with_abs=False,abs_lt_err_median_sec,full_window,split,18,251.37955151356144,293.60032925239415,-42.22077773883271,218.0691935567026,291.95653615057097,-73.88734259386837,57.0,0.22875213623046875,-1.4161871968301964,0.1747830082594387,-0.33379852343606664,-0.08641975308641975,-99.25165115465119,15.477434706354034,0.6862564086914062,fdr_bh,False
phase_split_within_arch,architecture_id=Lin9|target=lt1|feature_set=EMG|with_abs=True,abs_lt_err_median_sec,full_cycles,full_window,18,250.40071589353616,251.37955151356144,-0.9788356200252792,218.03285236170464,218.0691935567026,-0.03634119499795929,69.0,0.49507904052734375,-0.14216593231475588,0.888620220197894,-0.03350883159782388,0.0,-12.199298366368387,12.39975233407553,0.8550248441861819,fdr_bh,False
phase_split_within_arch,architecture_id=Lin9|target=lt1|feature_set=EMG|with_abs=True,abs_lt_err_median_sec,full_cycles,split,18,250.40071589353616,293.60032925239415,-43.19961335885799,218.03285236170464,291.95653615057097,-73.92368378886633,57.0,0.22875213623046875,-1.529395553195886,0.14456038395762583,-0.36048198892712074,-0.06172839506172839,-96.53369699721095,10.70571159476556,0.6862564086914062,fdr_bh,False
phase_split_within_arch,architecture_id=Lin9|target=lt1|feature_set=EMG|with_abs=True,abs_lt_err_median_sec,full_window,split,18,251.37955151356144,293.60032925239415,-42.22077773883271,218.0691935567026,291.95653615057097,-73.88734259386837,57.0,0.22875213623046875,-1.4161871968301964,0.1747830082594387,-0.33379852343606664,-0.08641975308641975,-99.25165115465119,15.477434706354034,0.6862564086914062,fdr_bh,False
phase_split_within_arch,architecture_id=Lin9|target=lt1|feature_set=EMG+NIRS+HRV|with_abs=False,abs_lt_err_median_sec,full_cycles,full_window,18,125.05149317882835,121.48721116507119,3.5642820137571647,54.67553366377376,58.5440210178169,-3.8684873540431397,59.0,0.2645263671875,0.6124067090458444,0.5483735709843037,0.14434564560348453,0.037037037037037035,-7.687834560979384,14.328440797539686,0.72484390378937,fdr_bh,False
phase_split_within_arch,architecture_id=Lin9|target=lt1|feature_set=EMG+NIRS+HRV|with_abs=False,abs_lt_err_median_sec,full_cycles,split,18,125.05149317882835,157.89350654827948,-32.842013369451124,54.67553366377376,104.65409547404397,-49.97856181027021,36.0,0.030364990234375,-2.220689694971145,0.040249933226384864,-0.5234215807417275,-0.2345679012345679,-63.090027108204225,-5.10060858159387,0.43130680006377553,fdr_bh,False
phase_split_within_arch,architecture_id=Lin9|target=lt1|feature_set=EMG+NIRS+HRV|with_abs=False,abs_lt_err_median_sec,full_window,split,18,121.48721116507119,157.89350654827948,-36.40629538320829,58.5440210178169,104.65409547404397,-46.11007445622707,37.0,0.03423309326171875,-2.341860667433143,0.03162272240722253,-0.5519818528453432,-0.24074074074074073,-70.1018276138056,-8.359210758055708,0.458196786733774,fdr_bh,False
phase_split_within_arch,architecture_id=Lin9|target=lt1|feature_set=EMG+NIRS+HRV|with_abs=True,abs_lt_err_median_sec,full_cycles,full_window,18,193.08794256774763,184.44769328644477,8.640249281302857,96.5018016883904,119.39921492190334,-22.897413233512935,53.0,0.16735076904296875,1.2001053016064047,0.2465561955286889,0.2828675323012719,0.07407407407407407,-5.024265316967669,21.562976428296725,0.6862564086914062,fdr_bh,False
phase_split_within_arch,architecture_id=Lin9|target=lt1|feature_set=EMG+NIRS+HRV|with_abs=True,abs_lt_err_median_sec,full_cycles,split,18,193.08794256774763,209.2359521735303,-16.148009605782676,96.5018016883904,163.00247503618667,-66.50067334779627,70.0,0.522613525390625,-0.9550256295440666,0.3529490165704494,-0.225101699619187,0.0,-50.10917754861702,15.175138848122828,0.8619407906916469,fdr_bh,False
phase_split_within_arch,architecture_id=Lin9|target=lt1|feature_set=EMG+NIRS+HRV|with_abs=True,abs_lt_err_median_sec,full_window,split,18,184.44769328644477,209.2359521735303,-24.788258887085533,119.39921492190334,163.00247503618667,-43.60326011428333,57.0,0.22875213623046875,-1.2629328668363475,0.2236616319688473,-0.2976761314411161,-0.06790123456790123,-64.48908009281578,11.95456494416782,0.6862564086914062,fdr_bh,False
phase_split_within_arch,architecture_id=Lin9|target=lt2|feature_set=EMG|with_abs=False,abs_lt_err_median_sec,full_cycles,full_window,18,224.13933724261796,240.69321292457573,-16.553875681957777,123.36902195483822,179.99930663047815,-56.63028467563993,48.0,0.1083831787109375,-2.0602982402608703,0.05501595089879339,-0.4856169523183907,-0.07407407407407407,-31.989088195243436,-2.213866525085732,0.6339049780068278,fdr_bh,False
phase_split_within_arch,architecture_id=Lin9|target=lt2|feature_set=EMG|with_abs=False,abs_lt_err_median_sec,full_cycles,split,18,224.13933724261796,232.55124819653923,-8.411910953921279,123.36902195483822,187.0422172166049,-63.67319526176669,83.0,0.932281494140625,-0.3312287564361607,0.7445196848440916,-0.07807136659999885,0.024691358024691357,-56.95866888609003,36.71772113073621,0.9891279267101754,fdr_bh,False
phase_split_within_arch,architecture_id=Lin9|target=lt2|feature_set=EMG|with_abs=False,abs_lt_err_median_sec,full_window,split,18,240.69321292457573,232.55124819653923,8.141964728036498,179.99930663047815,187.0422172166049,-7.042910586126766,80.0,0.83172607421875,0.2969849030907648,0.7700761514367318,0.07000001296183649,0.04938271604938271,-43.43933750232511,60.255591804175744,0.9568286738119836,fdr_bh,False
phase_split_within_arch,architecture_id=Lin9|target=lt2|feature_set=EMG|with_abs=True,abs_lt_err_median_sec,full_cycles,full_window,18,224.13933724261796,240.69321292457573,-16.553875681957777,123.36902195483822,179.99930663047815,-56.63028467563993,48.0,0.1083831787109375,-2.0602982402608703,0.05501595089879339,-0.4856169523183907,-0.07407407407407407,-31.989088195243436,-2.213866525085732,0.6339049780068278,fdr_bh,False
phase_split_within_arch,architecture_id=Lin9|target=lt2|feature_set=EMG|with_abs=True,abs_lt_err_median_sec,full_cycles,split,18,224.13933724261796,232.55124819653923,-8.411910953921279,123.36902195483822,187.0422172166049,-63.67319526176669,83.0,0.932281494140625,-0.3312287564361607,0.7445196848440916,-0.07807136659999885,0.024691358024691357,-56.95866888609003,36.71772113073621,0.9891279267101754,fdr_bh,False
phase_split_within_arch,architecture_id=Lin9|target=lt2|feature_set=EMG|with_abs=True,abs_lt_err_median_sec,full_window,split,18,240.69321292457573,232.55124819653923,8.141964728036498,179.99930663047815,187.0422172166049,-7.042910586126766,80.0,0.83172607421875,0.2969849030907648,0.7700761514367318,0.07000001296183649,0.04938271604938271,-43.43933750232511,60.255591804175744,0.9568286738119836,fdr_bh,False
phase_split_within_arch,architecture_id=Lin9|target=lt2|feature_set=EMG+NIRS+HRV|with_abs=False,abs_lt_err_median_sec,full_cycles,full_window,18,119.07781491042965,116.60160873336953,2.4762061770601207,107.13002852997755,119.94021126409245,-12.810182734114903,67.0,0.44229888916015625,0.42189018691376146,0.6783921336111499,0.09944047069426026,0.018518518518518517,-8.73999596671791,14.10839395596636,0.814391605437748,fdr_bh,False
phase_split_within_arch,architecture_id=Lin9|target=lt2|feature_set=EMG+NIRS+HRV|with_abs=False,abs_lt_err_median_sec,full_cycles,split,18,119.07781491042965,115.99928785185597,3.078527058573684,107.13002852997755,95.47856923902947,11.651459290948083,76.0,0.7018814086914062,0.2683453678067156,0.7916626056170553,0.06324960975870896,0.06790123456790123,-19.050119070689032,26.192163310344476,0.9304942103794643,fdr_bh,False
phase_split_within_arch,architecture_id=Lin9|target=lt2|feature_set=EMG+NIRS+HRV|with_abs=False,abs_lt_err_median_sec,full_window,split,18,116.60160873336953,115.99928785185597,0.6023208815135632,119.94021126409245,95.47856923902947,24.461642025062986,81.0,0.8650436401367188,0.04607663957167614,0.9637861112664262,0.010860368098473537,0.043209876543209874,-24.992548465473224,27.018790882324023,0.96331259765625,fdr_bh,False
phase_split_within_arch,architecture_id=Lin9|target=lt2|feature_set=EMG+NIRS+HRV|with_abs=True,abs_lt_err_median_sec,full_cycles,full_window,18,129.631840974996,134.566715597302,-4.934874622305983,77.9619378853136,100.4374553589684,-22.475517473654804,66.0,0.4171142578125,-0.8391162779809015,0.41304870344353384,-0.19778160345477053,-0.06790123456790123,-17.158586357972062,5.880342793884468,0.8019655343577349,fdr_bh,False
phase_split_within_arch,architecture_id=Lin9|target=lt2|feature_set=EMG+NIRS+HRV|with_abs=True,abs_lt_err_median_sec,full_cycles,split,18,129.631840974996,131.2979393397094,-1.6660983647133776,77.9619378853136,111.3197216952812,-33.3577838099676,81.0,0.8650436401367188,-0.13624536612466484,0.8932277347777404,-0.03211334076399815,0.0,-27.544691398440065,20.932356829587597,0.96331259765625,fdr_bh,False
phase_split_within_arch,architecture_id=Lin9|target=lt2|feature_set=EMG+NIRS+HRV|with_abs=True,abs_lt_err_median_sec,full_window,split,18,134.566715597302,131.2979393397094,3.268776257592606,100.4374553589684,111.3197216952812,-10.882266336312796,78.0,0.7660293579101562,0.26722261575416595,0.7925125457737582,0.0629849745620593,0.04938271604938271,-20.816601988110822,26.16127074145839,0.9469918882868006,fdr_bh,False
phase_split_within_arch,architecture_id=Lin1|target=lt1|feature_set=EMG|with_abs=False,mae,full_cycles,full_window,18,266.2620729346178,291.6070536881836,-25.344980753565835,220.23605800193604,223.42882503975972,-3.192767037823671,8.0,0.00019073486328125,-2.6718631000144097,0.016091874934334296,-0.6297641721407667,-0.08641975308641975,-45.50676621223041,-10.374718258222087,0.05597686767578125,fdr_bh,False
phase_split_within_arch,architecture_id=Lin1|target=lt1|feature_set=EMG|with_abs=False,mae,full_cycles,split,18,266.2620729346178,323.099516475542,-56.8374435409242,220.23605800193604,313.52449033383294,-93.2884323318969,30.0,0.0138702392578125,-2.76233348667171,0.013318985930241186,-0.6510882467747485,-0.16666666666666666,-97.7263006376479,-17.973556079571747,0.15323311941964285,fdr_bh,False
phase_split_within_arch,architecture_id=Lin1|target=lt1|feature_set=EMG|with_abs=False,mae,full_window,split,18,291.6070536881836,323.099516475542,-31.492462787358363,223.42882503975972,313.52449033383294,-90.09566529407323,49.0,0.11870574951171875,-1.60909433239726,0.1260072175243246,-0.3792671713356477,-0.06790123456790123,-69.68372641068979,4.610248441749051,0.4130960083007813,fdr_bh,False
phase_split_within_arch,architecture_id=Lin1|target=lt1|feature_set=EMG|with_abs=True,mae,full_cycles,full_window,18,266.2620729346178,291.6070536881836,-25.344980753565835,220.23605800193604,223.42882503975972,-3.192767037823671,8.0,0.00019073486328125,-2.6718631000144097,0.016091874934334296,-0.6297641721407667,-0.08641975308641975,-45.50676621223041,-10.374718258222087,0.05597686767578125,fdr_bh,False
phase_split_within_arch,architecture_id=Lin1|target=lt1|feature_set=EMG|with_abs=True,mae,full_cycles,split,18,266.2620729346178,323.099516475542,-56.8374435409242,220.23605800193604,313.52449033383294,-93.2884323318969,30.0,0.0138702392578125,-2.76233348667171,0.013318985930241186,-0.6510882467747485,-0.16666666666666666,-97.7263006376479,-17.973556079571747,0.15323311941964285,fdr_bh,False
phase_split_within_arch,architecture_id=Lin1|target=lt1|feature_set=EMG|with_abs=True,mae,full_window,split,18,291.6070536881836,323.099516475542,-31.492462787358363,223.42882503975972,313.52449033383294,-90.09566529407323,49.0,0.11870574951171875,-1.60909433239726,0.1260072175243246,-0.3792671713356477,-0.06790123456790123,-69.68372641068979,4.610248441749051,0.4130960083007813,fdr_bh,False
phase_split_within_arch,architecture_id=Lin1|target=lt1|feature_set=EMG+NIRS+HRV|with_abs=False,mae,full_cycles,full_window,18,206.05944013106202,184.71358009458316,21.345860036478854,125.94684671161988,119.1491312451356,6.797715466484277,36.0,0.030364990234375,1.4853381978994795,0.15576218374917047,0.3500975706967094,0.08024691358024691,-5.475613390880043,49.42258164263279,0.22971775220788043,fdr_bh,False
phase_split_within_arch,architecture_id=Lin1|target=lt1|feature_set=EMG+NIRS+HRV|with_abs=False,mae,full_cycles,split,18,206.05944013106202,259.8177967775903,-53.758356646528256,125.94684671161988,195.60831221952984,-69.66146550790995,21.0,0.00336456298828125,-2.852980926956771,0.011004729360898656,-0.672454053349005,-0.19753086419753085,-92.60901719424177,-19.293337096995977,0.06690673828125,fdr_bh,False
phase_split_within_arch,architecture_id=Lin1|target=lt1|feature_set=EMG+NIRS+HRV|with_abs=False,mae,full_window,split,18,184.71358009458316,259.8177967775903,-75.10421668300711,119.1491312451356,195.60831221952984,-76.45918097439423,26.0,0.0076904296875,-2.612537685071238,0.01820160388147974,-0.6157810377397591,-0.22839506172839505,-134.57558764029704,-23.926481708542894,0.12744140625,fdr_bh,False
phase_split_within_arch,architecture_id=Lin1|target=lt1|feature_set=EMG+NIRS+HRV|with_abs=True,mae,full_cycles,full_window,18,247.1816361793421,223.13188442458988,24.049751754752208,139.76214973270976,152.75683688031972,-12.994687147609966,55.0,0.19638824462890625,1.5448382046227245,0.14079658842105144,0.36412185677492664,0.04938271604938271,-4.573746561062117,54.865990079598134,0.5177508267489347,fdr_bh,False
phase_split_within_arch,architecture_id=Lin1|target=lt1|feature_set=EMG+NIRS+HRV|with_abs=True,mae,full_cycles,split,18,247.1816361793421,297.9670083241954,-50.785372144853284,139.76214973270976,242.54069871136406,-102.7785489786543,24.0,0.0055999755859375,-2.468067246197054,0.02449480605569117,-0.5817290287367816,-0.12962962962962962,-93.73167444075848,-12.221213841117754,0.10534008129222973,fdr_bh,False
phase_split_within_arch,architecture_id=Lin1|target=lt1|feature_set=EMG+NIRS+HRV|with_abs=True,mae,full_window,split,18,223.13188442458988,297.9670083241954,-74.83512389960549,152.75683688031972,242.54069871136406,-89.78386183104433,28.0,0.010406494140625,-2.3732668631856164,0.029686546757580198,-0.5593843641746253,-0.1728395061728395,-145.32734909732216,-20.446184969587367,0.13928692157451922,fdr_bh,False
phase_split_within_arch,architecture_id=Lin1|target=lt2|feature_set=EMG|with_abs=False,mae,full_cycles,full_window,18,337.696908472523,402.5254007181294,-64.82849224560641,311.99795844271176,373.18634701369456,-61.188388570982795,16.0,0.00128936767578125,-3.4136524867593065,0.0033085481282854523,-0.8046056073339423,-0.09876543209876543,-102.30183677435554,-30.861066917331097,0.05597686767578125,fdr_bh,False
phase_split_within_arch,architecture_id=Lin1|target=lt2|feature_set=EMG|with_abs=False,mae,full_cycles,split,18,337.696908472523,282.64363632473055,55.05327214779243,311.99795844271176,238.38604180591238,73.61191663679938,47.0,0.0987396240234375,1.917800257356548,0.07209431921480369,0.45202985564604037,0.1111111111111111,2.4769720435919655,109.62302651828561,0.3755343077612705,fdr_bh,False
phase_split_within_arch,architecture_id=Lin1|target=lt2|feature_set=EMG|with_abs=False,mae,full_window,split,18,402.5254007181294,282.64363632473055,119.88176439339884,373.18634701369456,238.38604180591238,134.80030520778217,36.0,0.030364990234375,2.866804342261396,0.010687858595505443,0.6757122635826911,0.18518518518518517,44.0108063678427,200.45236419625243,0.22971775220788043,fdr_bh,False
phase_split_within_arch,architecture_id=Lin1|target=lt2|feature_set=EMG|with_abs=True,mae,full_cycles,full_window,18,337.696908472523,402.5254007181294,-64.82849224560641,311.99795844271176,373.18634701369456,-61.188388570982795,16.0,0.00128936767578125,-3.4136524867593065,0.0033085481282854523,-0.8046056073339423,-0.09876543209876543,-102.30183677435554,-30.861066917331097,0.05597686767578125,fdr_bh,False
phase_split_within_arch,architecture_id=Lin1|target=lt2|feature_set=EMG|with_abs=True,mae,full_cycles,split,18,337.696908472523,282.64363632473055,55.05327214779243,311.99795844271176,238.38604180591238,73.61191663679938,47.0,0.0987396240234375,1.917800257356548,0.07209431921480369,0.45202985564604037,0.1111111111111111,2.4769720435919655,109.62302651828561,0.3755343077612705,fdr_bh,False
phase_split_within_arch,architecture_id=Lin1|target=lt2|feature_set=EMG|with_abs=True,mae,full_window,split,18,402.5254007181294,282.64363632473055,119.88176439339884,373.18634701369456,238.38604180591238,134.80030520778217,36.0,0.030364990234375,2.866804342261396,0.010687858595505443,0.6757122635826911,0.18518518518518517,44.0108063678427,200.45236419625243,0.22971775220788043,fdr_bh,False
phase_split_within_arch,architecture_id=Lin1|target=lt2|feature_set=EMG+NIRS+HRV|with_abs=False,mae,full_cycles,full_window,18,160.1985509107924,165.04681508416124,-4.848264173368847,137.23905175725906,146.34572882425388,-9.10667706699482,76.0,0.7018814086914062,-0.5526022391390331,0.5877288922987218,-0.13024959686469348,-0.08024691358024691,-20.951069459402802,12.76391562254776,0.8801972260346284,fdr_bh,False
phase_split_within_arch,architecture_id=Lin1|target=lt2|feature_set=EMG+NIRS+HRV|with_abs=False,mae,full_cycles,split,18,160.1985509107924,175.80728532597692,-15.608734415184529,137.23905175725906,158.35232980755654,-21.11327805029748,50.0,0.12973785400390625,-1.373640552130403,0.1873978576975374,-0.3237701831080805,-0.14814814814814814,-38.946344880380614,7.410330739117655,0.4320456764914773,fdr_bh,False
phase_split_within_arch,architecture_id=Lin1|target=lt2|feature_set=EMG+NIRS+HRV|with_abs=False,mae,full_window,split,18,165.04681508416124,175.80728532597692,-10.760470241815682,146.34572882425388,158.35232980755654,-12.006600983302661,68.0,0.468292236328125,-0.6819227462140035,0.5044733848412046,-0.16073073269775834,-0.024691358024691357,-44.08746104366198,16.735375440274744,0.7562213375507542,fdr_bh,False
phase_split_within_arch,architecture_id=Lin1|target=lt2|feature_set=EMG+NIRS+HRV|with_abs=True,mae,full_cycles,full_window,18,184.9717090789629,180.33230762054146,4.639401458421446,135.91446123267173,153.93100955056693,-18.0165483178952,84.0,0.9661178588867188,0.5079819256483772,0.6179936626180215,0.11973248811538935,-0.018518518518518517,-12.349113317059759,22.58825318842542,0.9816321602703011,fdr_bh,False
phase_split_within_arch,architecture_id=Lin1|target=lt2|feature_set=EMG+NIRS+HRV|with_abs=True,mae,full_cycles,split,18,184.9717090789629,188.58735096432054,-3.6156418853576326,135.91446123267173,165.9319052974373,-30.017444064765584,79.0,0.7987060546875,-0.3614855280197512,0.7221901594998829,-0.08520295605452193,-0.05555555555555555,-23.58716705594923,16.711953396667386,0.9264990234375,fdr_bh,False
phase_split_within_arch,architecture_id=Lin1|target=lt2|feature_set=EMG+NIRS+HRV|with_abs=True,mae,full_window,split,18,180.33230762054146,188.58735096432054,-8.255043343779079,153.93100955056693,165.9319052974373,-12.000895746870384,74.0,0.6396942138671875,-0.5376274267431606,0.5978024980826482,-0.12671999973398757,-0.06172839506172839,-37.704535630257894,21.68853907043563,0.8628433582394621,fdr_bh,False
phase_split_within_arch,architecture_id=Lin10|target=lt1|feature_set=EMG|with_abs=False,mae,full_cycles,full_window,18,276.8677737853711,292.12879799331836,-15.26102420794723,226.6128673871703,249.14181418890826,-22.52894680173796,39.0,0.0431671142578125,-2.202889013374203,0.0416870074564619,-0.5192259198527474,-0.08641975308641975,-27.39834856335852,-2.8794988485562465,0.2612548828125,fdr_bh,False
phase_split_within_arch,architecture_id=Lin10|target=lt1|feature_set=EMG|with_abs=False,mae,full_cycles,split,18,276.8677737853711,331.63426966194623,-54.76649587657511,226.6128673871703,320.75631223775883,-94.14344485058854,39.0,0.0431671142578125,-2.296115880831648,0.03465462109102627,-0.5411997032420602,-0.1111111111111111,-102.32243911291759,-11.195289026042824,0.2612548828125,fdr_bh,False
phase_split_within_arch,architecture_id=Lin10|target=lt1|feature_set=EMG|with_abs=False,mae,full_window,split,18,292.12879799331836,331.63426966194623,-39.50547166862788,249.14181418890826,320.75631223775883,-71.61449804885058,54.0,0.18146514892578125,-1.590959934778069,0.13004155594321257,-0.3749928528258933,-0.05555555555555555,-87.85362463842779,7.619484638221695,0.501189458937872,fdr_bh,False
phase_split_within_arch,architecture_id=Lin10|target=lt1|feature_set=EMG|with_abs=True,mae,full_cycles,full_window,18,276.8677737853711,292.12879799331836,-15.26102420794723,226.6128673871703,249.14181418890826,-22.52894680173796,39.0,0.0431671142578125,-2.202889013374203,0.0416870074564619,-0.5192259198527474,-0.08641975308641975,-27.39834856335852,-2.8794988485562465,0.2612548828125,fdr_bh,False
phase_split_within_arch,architecture_id=Lin10|target=lt1|feature_set=EMG|with_abs=True,mae,full_cycles,split,18,276.8677737853711,331.63426966194623,-54.76649587657511,226.6128673871703,320.75631223775883,-94.14344485058854,39.0,0.0431671142578125,-2.296115880831648,0.03465462109102627,-0.5411997032420602,-0.1111111111111111,-102.32243911291759,-11.195289026042824,0.2612548828125,fdr_bh,False
phase_split_within_arch,architecture_id=Lin10|target=lt1|feature_set=EMG|with_abs=True,mae,full_window,split,18,292.12879799331836,331.63426966194623,-39.50547166862788,249.14181418890826,320.75631223775883,-71.61449804885058,54.0,0.18146514892578125,-1.590959934778069,0.13004155594321257,-0.3749928528258933,-0.05555555555555555,-87.85362463842779,7.619484638221695,0.501189458937872,fdr_bh,False
phase_split_within_arch,architecture_id=Lin10|target=lt1|feature_set=EMG+NIRS+HRV|with_abs=False,mae,full_cycles,full_window,18,175.11969767423702,164.20893002024178,10.910767653995237,118.14129847482215,116.67150518663271,1.469793288189436,41.0,0.05385589599609375,2.073596858094037,0.053625719527596045,0.4887514666018042,0.05555555555555555,1.4184323338454732,21.415842759284736,0.27162104067595105,fdr_bh,False
phase_split_within_arch,architecture_id=Lin10|target=lt1|feature_set=EMG+NIRS+HRV|with_abs=False,mae,full_cycles,split,18,175.11969767423702,203.53400921052636,-28.414311536289347,118.14129847482215,167.86929703395919,-49.727998559137035,30.0,0.0138702392578125,-2.466503495356462,0.024573036060469247,-0.5813604491289588,-0.17901234567901234,-50.9597577059532,-6.496091280583786,0.15323311941964285,fdr_bh,False
phase_split_within_arch,architecture_id=Lin10|target=lt1|feature_set=EMG+NIRS+HRV|with_abs=False,mae,full_window,split,18,164.20893002024178,203.53400921052636,-39.32507919028458,116.67150518663271,167.86929703395919,-51.19779184732647,17.0,0.00157928466796875,-3.3299648098238084,0.003965016224921053,-0.7848802327129957,-0.2345679012345679,-62.79325766431121,-17.36528588985029,0.05597686767578125,fdr_bh,False
phase_split_within_arch,architecture_id=Lin10|target=lt1|feature_set=EMG+NIRS+HRV|with_abs=True,mae,full_cycles,full_window,18,226.49645265170432,212.2847735719532,14.211679079751121,165.12782760112506,166.0271859586944,-0.8993583575693265,36.0,0.030364990234375,2.3119017548236194,0.03357901335314969,0.5449204694242867,0.06790123456790123,2.23830897679261,25.900913448304728,0.22971775220788043,fdr_bh,False
phase_split_within_arch,architecture_id=Lin10|target=lt1|feature_set=EMG+NIRS+HRV|with_abs=True,mae,full_cycles,split,18,226.49645265170432,247.78569647583052,-21.289243824126203,165.12782760112506,220.21865783487277,-55.09083023374771,45.0,0.08142852783203125,-1.7014778608824845,0.1070696999100158,-0.4010421778229286,-0.08024691358024691,-45.59018995619015,2.2929780062397795,0.34557472787252286,fdr_bh,False
phase_split_within_arch,architecture_id=Lin10|target=lt1|feature_set=EMG+NIRS+HRV|with_abs=True,mae,full_window,split,18,212.2847735719532,247.78569647583052,-35.500922903877324,166.0271859586944,220.21865783487277,-54.19147187617838,27.0,0.00896453857421875,-2.9753207831079926,0.008489544151135658,-0.7012898339803102,-0.11728395061728394,-59.627387135227856,-13.092494591439449,0.13275146484375,fdr_bh,False
phase_split_within_arch,architecture_id=Lin10|target=lt2|feature_set=EMG|with_abs=False,mae,full_cycles,full_window,18,308.9887253281883,340.6010800564972,-31.6123547283089,227.6572854144519,284.87847485853456,-57.221189444082654,21.0,0.00336456298828125,-3.744713417504924,0.0016133379899953826,-0.8826374170393275,-0.06172839506172839,-47.431305304577926,-16.86966944027443,0.06690673828125,fdr_bh,False
phase_split_within_arch,architecture_id=Lin10|target=lt2|feature_set=EMG|with_abs=False,mae,full_cycles,split,18,308.9887253281883,321.0789241565961,-12.090198828407779,227.6572854144519,225.92910560175176,1.728179812700148,82.0,0.8985748291015625,-0.4438678490616995,0.6627360332231871,-0.10462065534073822,-0.07407407407407407,-61.69589422020274,40.08269445800498,0.9606882965509793,fdr_bh,False
phase_split_within_arch,architecture_id=Lin10|target=lt2|feature_set=EMG|with_abs=False,mae,full_window,split,18,340.6010800564972,321.0789241565961,19.522155899901122,284.87847485853456,225.92910560175176,58.9493692567828,72.0,0.5798416137695312,0.6260367064708448,0.5396061740934505,0.14755826680574216,0.030864197530864196,-37.293758487975246,80.90483708463657,0.8407703399658203,fdr_bh,False
phase_split_within_arch,architecture_id=Lin10|target=lt2|feature_set=EMG|with_abs=True,mae,full_cycles,full_window,18,308.9887253281883,340.6010800564972,-31.6123547283089,227.6572854144519,284.87847485853456,-57.221189444082654,21.0,0.00336456298828125,-3.744713417504924,0.0016133379899953826,-0.8826374170393275,-0.06172839506172839,-47.431305304577926,-16.86966944027443,0.06690673828125,fdr_bh,False
phase_split_within_arch,architecture_id=Lin10|target=lt2|feature_set=EMG|with_abs=True,mae,full_cycles,split,18,308.9887253281883,321.0789241565961,-12.090198828407779,227.6572854144519,225.92910560175176,1.728179812700148,82.0,0.8985748291015625,-0.4438678490616995,0.6627360332231871,-0.10462065534073822,-0.07407407407407407,-61.69589422020274,40.08269445800498,0.9606882965509793,fdr_bh,False
phase_split_within_arch,architecture_id=Lin10|target=lt2|feature_set=EMG|with_abs=True,mae,full_window,split,18,340.6010800564972,321.0789241565961,19.522155899901122,284.87847485853456,225.92910560175176,58.9493692567828,72.0,0.5798416137695312,0.6260367064708448,0.5396061740934505,0.14755826680574216,0.030864197530864196,-37.293758487975246,80.90483708463657,0.8407703399658203,fdr_bh,False
phase_split_within_arch,architecture_id=Lin10|target=lt2|feature_set=EMG+NIRS+HRV|with_abs=False,mae,full_cycles,full_window,18,159.5611517358933,157.93317090466576,1.6279808312275463,147.7702631125622,149.77875330608276,-2.008490193520572,67.0,0.44229888916015625,0.2972719802033709,0.7698607197767431,0.07006767768618556,-0.012345679012345678,-9.068426859260764,11.446138643759875,0.7364593943910737,fdr_bh,False
phase_split_within_arch,architecture_id=Lin10|target=lt2|feature_set=EMG+NIRS+HRV|with_abs=False,mae,full_cycles,split,18,159.5611517358933,174.31890636510934,-14.757754629216038,147.7702631125622,161.15729764949185,-13.387034536929661,68.0,0.468292236328125,-1.15974963840635,0.26218074096739763,-0.27335561126525887,-0.08641975308641975,-42.05471427050662,6.571211360948747,0.7562213375507542,fdr_bh,False
phase_split_within_arch,architecture_id=Lin10|target=lt2|feature_set=EMG+NIRS+HRV|with_abs=False,mae,full_window,split,18,157.93317090466576,174.31890636510934,-16.385735460443584,149.77875330608276,161.15729764949185,-11.37854434340909,71.0,0.550872802734375,-1.1049785915112182,0.28456297480526554,-0.2604459517078475,-0.08641975308641975,-46.19674935002026,8.42344185939012,0.8334945015285325,fdr_bh,False
phase_split_within_arch,architecture_id=Lin10|target=lt2|feature_set=EMG+NIRS+HRV|with_abs=True,mae,full_cycles,full_window,18,168.72515721419617,169.7109941914697,-0.9858369772735216,125.13982933552947,134.44825393096798,-9.30842459543851,79.0,0.7987060546875,-0.1615487680351666,0.8735656333878281,-0.03807740978999963,-0.043209876543209874,-13.088688893980176,10.296830032389604,0.9264990234375,fdr_bh,False
phase_split_within_arch,architecture_id=Lin10|target=lt2|feature_set=EMG+NIRS+HRV|with_abs=True,mae,full_cycles,split,18,168.72515721419617,172.85513030356782,-4.129973089371646,125.13982933552947,135.76283871674178,-10.623009381212313,70.0,0.522613525390625,-0.444446030513924,0.6623262778319261,-0.10475693401594631,-0.06172839506172839,-21.69340964151101,14.813225390162335,0.8047323311324668,fdr_bh,False
phase_split_within_arch,architecture_id=Lin10|target=lt2|feature_set=EMG+NIRS+HRV|with_abs=True,mae,full_window,split,18,169.7109941914697,172.85513030356782,-3.144136112098124,134.44825393096798,135.76283871674178,-1.3145847857738033,75.0,0.6705245971679688,-0.2687385255295717,0.7913650430821668,-0.0633422779226781,0.006172839506172839,-24.859800990211355,20.17511002555781,0.8658351013523307,fdr_bh,False
phase_split_within_arch,architecture_id=Lin11|target=lt1|feature_set=EMG|with_abs=False,mae,full_cycles,full_window,18,267.74185683445285,291.206534024823,-23.46467719037014,221.9056908603006,227.3206071664354,-5.414916306134785,17.0,0.00157928466796875,-2.9784007741032097,0.008434051708151912,-0.7020157948198806,-0.09259259259259259,-38.31242379900777,-9.735118826675276,0.05597686767578125,fdr_bh,False
phase_split_within_arch,architecture_id=Lin11|target=lt1|feature_set=EMG|with_abs=False,mae,full_cycles,split,18,267.74185683445285,330.7863188938664,-63.04446205941355,221.9056908603006,324.73432043347464,-102.82862957317403,34.0,0.02367401123046875,-2.8743419788853273,0.010518813346507819,-0.6774889015729916,-0.16049382716049382,-105.29037370406392,-22.74966868525545,0.20342113353587962,fdr_bh,False
phase_split_within_arch,architecture_id=Lin11|target=lt1|feature_set=EMG|with_abs=False,mae,full_window,split,18,291.206534024823,330.7863188938664,-39.57978486904341,227.3206071664354,324.73432043347464,-97.41371326703924,46.0,0.0897674560546875,-1.9912845220840238,0.06276937317614709,-0.46935026294580895,-0.08024691358024691,-76.5021518052689,-2.53514786976984,0.35906982421875,fdr_bh,False
phase_split_within_arch,architecture_id=Lin11|target=lt1|feature_set=EMG|with_abs=True,mae,full_cycles,full_window,18,267.74185683445285,291.206534024823,-23.46467719037014,221.9056908603006,227.3206071664354,-5.414916306134785,17.0,0.00157928466796875,-2.9784007741032097,0.008434051708151912,-0.7020157948198806,-0.09259259259259259,-38.31242379900777,-9.735118826675276,0.05597686767578125,fdr_bh,False
phase_split_within_arch,architecture_id=Lin11|target=lt1|feature_set=EMG|with_abs=True,mae,full_cycles,split,18,267.74185683445285,330.7863188938664,-63.04446205941355,221.9056908603006,324.73432043347464,-102.82862957317403,34.0,0.02367401123046875,-2.8743419788853273,0.010518813346507819,-0.6774889015729916,-0.16049382716049382,-105.29037370406392,-22.74966868525545,0.20342113353587962,fdr_bh,False
phase_split_within_arch,architecture_id=Lin11|target=lt1|feature_set=EMG|with_abs=True,mae,full_window,split,18,291.206534024823,330.7863188938664,-39.57978486904341,227.3206071664354,324.73432043347464,-97.41371326703924,46.0,0.0897674560546875,-1.9912845220840238,0.06276937317614709,-0.46935026294580895,-0.08024691358024691,-76.5021518052689,-2.53514786976984,0.35906982421875,fdr_bh,False
phase_split_within_arch,architecture_id=Lin11|target=lt1|feature_set=EMG+NIRS+HRV|with_abs=False,mae,full_cycles,full_window,18,194.73224907902136,175.02546946593012,19.706779613091243,122.68057514449546,117.62932426022036,5.051250884275106,29.0,0.01203155517578125,1.8289615503057508,0.08500344116162588,0.4310903715835524,0.09876543209876543,-0.13516292780838957,40.985142703666014,0.15225386186079545,fdr_bh,False
phase_split_within_arch,architecture_id=Lin11|target=lt1|feature_set=EMG+NIRS+HRV|with_abs=False,mae,full_cycles,split,18,194.73224907902136,238.47955627074393,-43.74730719172257,122.68057514449546,187.31252695675016,-64.6319518122547,20.0,0.0028076171875,-3.382420807289586,0.0035399009536695816,-0.7972442298869808,-0.18518518518518517,-67.68754051996649,-19.19190646070866,0.06513671874999999,fdr_bh,False
phase_split_within_arch,architecture_id=Lin11|target=lt1|feature_set=EMG+NIRS+HRV|with_abs=False,mae,full_window,split,18,175.02546946593012,238.47955627074393,-63.45408680481381,117.62932426022036,187.31252695675016,-69.6832026965298,19.0,0.0023345947265625,-3.459756543057739,0.0029941406390771607,-0.8154724376168848,-0.25925925925925924,-99.92564131461849,-30.178354961177938,0.0649951171875,fdr_bh,False
phase_split_within_arch,architecture_id=Lin11|target=lt1|feature_set=EMG+NIRS+HRV|with_abs=True,mae,full_cycles,full_window,18,237.56593042159045,215.99227755482048,21.573652866769976,152.90029133819985,164.85352743338672,-11.953236095186867,36.0,0.030364990234375,1.8758863418782001,0.07795025895563247,0.44215065102576717,0.09876543209876543,0.027275760620663968,44.587667877432,0.22971775220788043,fdr_bh,False
phase_split_within_arch,architecture_id=Lin11|target=lt1|feature_set=EMG+NIRS+HRV|with_abs=True,mae,full_cycles,split,18,237.56593042159045,275.58983153381797,-38.02390111222752,152.90029133819985,240.33525365554877,-87.43496231734892,30.0,0.0138702392578125,-2.6888378225797975,0.01553260565426944,-0.6337651526190153,-0.11728395061728394,-65.39986162481992,-10.322751559208555,0.15323311941964285,fdr_bh,False
phase_split_within_arch,architecture_id=Lin11|target=lt1|feature_set=EMG+NIRS+HRV|with_abs=True,mae,full_window,split,18,215.99227755482048,275.58983153381797,-59.597553978997496,164.85352743338672,240.33525365554877,-75.48172622216205,21.0,0.00336456298828125,-3.0247654553688497,0.007640169679801096,-0.7129440549967097,-0.19753086419753085,-101.59068821868823,-22.394964972159602,0.06690673828125,fdr_bh,False
phase_split_within_arch,architecture_id=Lin11|target=lt2|feature_set=EMG|with_abs=False,mae,full_cycles,full_window,18,327.2598863567702,382.08540720171055,-54.82552084494034,294.1940124918141,357.3339247624833,-63.13991227066924,16.0,0.00128936767578125,-3.567046417938145,0.0023726561438415835,-0.8407609036437487,-0.11728395061728394,-85.60937198234285,-27.35201114011647,0.05597686767578125,fdr_bh,False
phase_split_within_arch,architecture_id=Lin11|target=lt2|feature_set=EMG|with_abs=False,mae,full_cycles,split,18,327.2598863567702,292.9568032006255,34.30308315614474,294.1940124918141,217.22932642796707,76.96468606384701,56.0,0.2121429443359375,1.2018961154412542,0.24587966047606746,0.2832896311700935,0.06790123456790123,-17.55445566626087,89.21484009271744,0.5254501397075177,fdr_bh,False
phase_split_within_arch,architecture_id=Lin11|target=lt2|feature_set=EMG|with_abs=False,mae,full_window,split,18,382.08540720171055,292.9568032006255,89.12860400108508,357.3339247624833,217.22932642796707,140.10459833451625,41.0,0.05385589599609375,2.345049464634191,0.03142088108502712,0.5527334595535732,0.1419753086419753,20.506319510837212,158.76667212625546,0.27162104067595105,fdr_bh,False
phase_split_within_arch,architecture_id=Lin11|target=lt2|feature_set=EMG|with_abs=True,mae,full_cycles,full_window,18,327.2598863567702,382.08540720171055,-54.82552084494034,294.1940124918141,357.3339247624833,-63.13991227066924,16.0,0.00128936767578125,-3.567046417938145,0.0023726561438415835,-0.8407609036437487,-0.11728395061728394,-85.60937198234285,-27.35201114011647,0.05597686767578125,fdr_bh,False
phase_split_within_arch,architecture_id=Lin11|target=lt2|feature_set=EMG|with_abs=True,mae,full_cycles,split,18,327.2598863567702,292.9568032006255,34.30308315614474,294.1940124918141,217.22932642796707,76.96468606384701,56.0,0.2121429443359375,1.2018961154412542,0.24587966047606746,0.2832896311700935,0.06790123456790123,-17.55445566626087,89.21484009271744,0.5254501397075177,fdr_bh,False
phase_split_within_arch,architecture_id=Lin11|target=lt2|feature_set=EMG|with_abs=True,mae,full_window,split,18,382.08540720171055,292.9568032006255,89.12860400108508,357.3339247624833,217.22932642796707,140.10459833451625,41.0,0.05385589599609375,2.345049464634191,0.03142088108502712,0.5527334595535732,0.1419753086419753,20.506319510837212,158.76667212625546,0.27162104067595105,fdr_bh,False
phase_split_within_arch,architecture_id=Lin11|target=lt2|feature_set=EMG+NIRS+HRV|with_abs=False,mae,full_cycles,full_window,18,160.2991549738688,158.61307565595123,1.6860793179175744,141.13820307376062,143.1781189865986,-2.0399159128379836,64.0,0.3692169189453125,0.21646194319842166,0.831203919134048,0.05102056930147374,-0.024691358024691357,-13.97749793046819,16.491807458872742,0.6744750015378936,fdr_bh,False
phase_split_within_arch,architecture_id=Lin11|target=lt2|feature_set=EMG+NIRS+HRV|with_abs=False,mae,full_cycles,split,18,160.2991549738688,177.89522872461902,-17.596073750750207,141.13820307376062,161.3013908951466,-20.163187821385975,53.0,0.16735076904296875,-1.4809853466104141,0.1569069256607661,-0.3490715938087111,-0.1419753086419753,-42.133393972978226,3.9932237754505735,0.49146048630340194,fdr_bh,False
phase_split_within_arch,architecture_id=Lin11|target=lt2|feature_set=EMG+NIRS+HRV|with_abs=False,mae,full_window,split,18,158.61307565595123,177.89522872461902,-19.282153068667782,143.1781189865986,161.3013908951466,-18.12327190854799,54.0,0.18146514892578125,-1.1866219850497175,0.25169563461830824,-0.2796894841112325,-0.12345679012345678,-51.1893635374911,9.152457746427118,0.501189458937872,fdr_bh,False
phase_split_within_arch,architecture_id=Lin11|target=lt2|feature_set=EMG+NIRS+HRV|with_abs=True,mae,full_cycles,full_window,18,180.5946302591016,177.32332221523194,3.2713080438696522,127.00869423624012,149.52585884209898,-22.517164605858866,76.0,0.7018814086914062,0.4323812728469352,0.6708992067563304,0.1019132433627129,-0.012345679012345678,-10.37685189084734,18.19607773106777,0.8801972260346284,fdr_bh,False
phase_split_within_arch,architecture_id=Lin11|target=lt2|feature_set=EMG+NIRS+HRV|with_abs=True,mae,full_cycles,split,18,180.5946302591016,183.06939601511394,-2.4747657560123457,127.00869423624012,165.08194028726044,-38.07324605102032,80.0,0.83172607421875,-0.2593822143587441,0.7984552854598114,-0.06113697423075019,-0.037037037037037035,-20.43289083914787,16.31034971997496,0.9382193641106159,fdr_bh,False
phase_split_within_arch,architecture_id=Lin11|target=lt2|feature_set=EMG+NIRS+HRV|with_abs=True,mae,full_window,split,18,177.32332221523194,183.06939601511394,-5.746073799881998,149.52585884209898,165.08194028726044,-15.556081445161453,74.0,0.6396942138671875,-0.41912335926061206,0.6803740854465815,-0.09878832316228812,-0.037037037037037035,-31.632483657404393,21.574910789704223,0.8628433582394621,fdr_bh,False
phase_split_within_arch,architecture_id=Lin12|target=lt1|feature_set=EMG|with_abs=False,mae,full_cycles,full_window,18,243.4211888396208,248.24126219792586,-4.820073358305052,216.95511685656516,219.63784981552914,-2.6827329589639817,51.0,0.14151763916015625,-1.71962869322571,0.10365207301341359,-0.40532037003428695,-0.037037037037037035,-10.31151360087135,0.2757197621101012,0.44771034934303977,fdr_bh,False
phase_split_within_arch,architecture_id=Lin12|target=lt1|feature_set=EMG|with_abs=False,mae,full_cycles,split,18,243.4211888396208,273.5705481365187,-30.1493592968979,216.95511685656516,271.6773806463866,-54.722263789821454,58.0,0.24620819091796875,-1.4061281665453953,0.17770143990324397,-0.331427587260552,-0.1111111111111111,-72.39035080793336,8.993299583574696,0.5693053185345722,fdr_bh,False
phase_split_within_arch,architecture_id=Lin12|target=lt1|feature_set=EMG|with_abs=False,mae,full_window,split,18,248.24126219792586,273.5705481365187,-25.329285938592847,219.63784981552914,271.6773806463866,-52.03953083085747,64.0,0.3692169189453125,-1.1208030767065076,0.2779557223821231,-0.26417581863797257,-0.043209876543209874,-68.30084036364505,15.831581373369412,0.6744750015378936,fdr_bh,False
phase_split_within_arch,architecture_id=Lin12|target=lt1|feature_set=EMG|with_abs=True,mae,full_cycles,full_window,18,243.4211888396208,248.24126219792586,-4.820073358305052,216.95511685656516,219.63784981552914,-2.6827329589639817,51.0,0.14151763916015625,-1.71962869322571,0.10365207301341359,-0.40532037003428695,-0.037037037037037035,-10.31151360087135,0.2757197621101012,0.44771034934303977,fdr_bh,False
phase_split_within_arch,architecture_id=Lin12|target=lt1|feature_set=EMG|with_abs=True,mae,full_cycles,split,18,243.4211888396208,273.5705481365187,-30.1493592968979,216.95511685656516,271.6773806463866,-54.722263789821454,58.0,0.24620819091796875,-1.4061281665453953,0.17770143990324397,-0.331427587260552,-0.1111111111111111,-72.39035080793336,8.993299583574696,0.5693053185345722,fdr_bh,False
phase_split_within_arch,architecture_id=Lin12|target=lt1|feature_set=EMG|with_abs=True,mae,full_window,split,18,248.24126219792586,273.5705481365187,-25.329285938592847,219.63784981552914,271.6773806463866,-52.03953083085747,64.0,0.3692169189453125,-1.1208030767065076,0.2779557223821231,-0.26417581863797257,-0.043209876543209874,-68.30084036364505,15.831581373369412,0.6744750015378936,fdr_bh,False
phase_split_within_arch,architecture_id=Lin12|target=lt1|feature_set=EMG+NIRS+HRV|with_abs=False,mae,full_cycles,full_window,18,181.74933882325152,182.02087323434225,-0.27153441109072673,124.78530091388197,136.29332442682045,-11.508023512938479,76.0,0.7018814086914062,-0.0978929927765696,0.9231622168478093,-0.023073599674319357,-0.006172839506172839,-6.0065067647026025,4.487713336171434,0.8801972260346284,fdr_bh,False
phase_split_within_arch,architecture_id=Lin12|target=lt1|feature_set=EMG+NIRS+HRV|with_abs=False,mae,full_cycles,split,18,181.74933882325152,197.6162795157967,-15.866940692545171,124.78530091388197,173.9502275118654,-49.164926597983424,60.0,0.28372955322265625,-1.2672554508391156,0.2221493694968021,-0.298694974261318,-0.1111111111111111,-42.820962355927726,6.905112473101516,0.6094931143301505,fdr_bh,False
phase_split_within_arch,architecture_id=Lin12|target=lt1|feature_set=EMG+NIRS+HRV|with_abs=False,mae,full_window,split,18,182.02087323434225,197.6162795157967,-15.595406281454444,136.29332442682045,173.9502275118654,-37.656903085044945,53.0,0.16735076904296875,-1.269875568958854,0.22123660931042377,-0.29931254202464364,-0.1419753086419753,-42.51391506338381,7.23395681741199,0.49146048630340194,fdr_bh,False
phase_split_within_arch,architecture_id=Lin12|target=lt1|feature_set=EMG+NIRS+HRV|with_abs=True,mae,full_cycles,full_window,18,208.69001124146814,208.6698429573742,0.020168284093955435,175.98039976519442,188.13556841431193,-12.155168649117513,75.0,0.6705245971679688,0.006393216926870946,0.9949734112591841,0.0015068956808623553,0.0,-6.242582835197079,5.798993862587425,0.8658351013523307,fdr_bh,False
phase_split_within_arch,architecture_id=Lin12|target=lt1|feature_set=EMG+NIRS+HRV|with_abs=True,mae,full_cycles,split,18,208.69001124146814,216.47095662002576,-7.780945378557618,175.98039976519442,190.60089097220316,-14.62049120700874,84.0,0.9661178588867188,-0.5618476088313595,0.5815525100677719,-0.13242875139936705,-0.030864197530864196,-38.45457487060884,16.437993797306373,0.9816321602703011,fdr_bh,False
phase_split_within_arch,architecture_id=Lin12|target=lt1|feature_set=EMG+NIRS+HRV|with_abs=True,mae,full_window,split,18,208.6698429573742,216.47095662002576,-7.801113662651574,188.13556841431193,190.60089097220316,-2.465322557891227,78.0,0.7660293579101562,-0.5663125272009534,0.578581603772292,-0.13348114275156175,-0.012345679012345678,-37.747911220754695,16.590863133607172,0.9176530690283455,fdr_bh,False
phase_split_within_arch,architecture_id=Lin12|target=lt2|feature_set=EMG|with_abs=False,mae,full_cycles,full_window,18,296.50037009077147,302.2980696729244,-5.797699582152916,211.01659567931017,227.8027910437537,-16.78619536444353,54.0,0.18146514892578125,-1.5997702781796115,0.1280680737314843,-0.3770694706804976,-0.006172839506172839,-12.782980595529587,0.8788727209683809,0.501189458937872,fdr_bh,False
phase_split_within_arch,architecture_id=Lin12|target=lt2|feature_set=EMG|with_abs=False,mae,full_cycles,split,18,296.50037009077147,292.7090954516791,3.7912746390923644,211.01659567931017,239.4210677331124,-28.404472053802237,77.0,0.7337265014648438,0.17957028837819927,0.8596128879342301,0.0423251228706162,0.018518518518518517,-35.706702405655314,42.32871735730793,0.8974932249903889,fdr_bh,False
phase_split_within_arch,architecture_id=Lin12|target=lt2|feature_set=EMG|with_abs=False,mae,full_window,split,18,302.2980696729244,292.7090954516791,9.58897422124528,227.8027910437537,239.4210677331124,-11.618276689358709,73.0,0.6094589233398438,0.42716746688839485,0.6746186063322059,0.10068433751302136,0.037037037037037035,-32.573803276309,50.425900937262114,0.8483668212890626,fdr_bh,False
phase_split_within_arch,architecture_id=Lin12|target=lt2|feature_set=EMG|with_abs=True,mae,full_cycles,full_window,18,296.50037009077147,302.2980696729244,-5.797699582152916,211.01659567931017,227.8027910437537,-16.78619536444353,54.0,0.18146514892578125,-1.5997702781796115,0.1280680737314843,-0.3770694706804976,-0.006172839506172839,-12.782980595529587,0.8788727209683809,0.501189458937872,fdr_bh,False
phase_split_within_arch,architecture_id=Lin12|target=lt2|feature_set=EMG|with_abs=True,mae,full_cycles,split,18,296.50037009077147,292.7090954516791,3.7912746390923644,211.01659567931017,239.4210677331124,-28.404472053802237,77.0,0.7337265014648438,0.17957028837819927,0.8596128879342301,0.0423251228706162,0.018518518518518517,-35.706702405655314,42.32871735730793,0.8974932249903889,fdr_bh,False
phase_split_within_arch,architecture_id=Lin12|target=lt2|feature_set=EMG|with_abs=True,mae,full_window,split,18,302.2980696729244,292.7090954516791,9.58897422124528,227.8027910437537,239.4210677331124,-11.618276689358709,73.0,0.6094589233398438,0.42716746688839485,0.6746186063322059,0.10068433751302136,0.037037037037037035,-32.573803276309,50.425900937262114,0.8483668212890626,fdr_bh,False
phase_split_within_arch,architecture_id=Lin12|target=lt2|feature_set=EMG+NIRS+HRV|with_abs=False,mae,full_cycles,full_window,18,164.0390646073692,168.49413306408277,-4.455068456713576,143.35473758652338,157.86203194556188,-14.507294359038497,50.0,0.12973785400390625,-1.9977357841021635,0.06200491467941846,-0.4708708399858882,-0.07407407407407407,-9.10623000644311,-0.4054287180856096,0.4320456764914773,fdr_bh,False
phase_split_within_arch,architecture_id=Lin12|target=lt2|feature_set=EMG+NIRS+HRV|with_abs=False,mae,full_cycles,split,18,164.0390646073692,165.3951798805276,-1.3561152731583945,143.35473758652338,149.99134466333365,-6.6366070768102645,78.0,0.7660293579101562,-0.1868513085759146,0.8539889780024255,-0.044041275789203096,0.024691358024691357,-15.072798917366327,13.820384402502489,0.9176530690283455,fdr_bh,False
phase_split_within_arch,architecture_id=Lin12|target=lt2|feature_set=EMG+NIRS+HRV|with_abs=False,mae,full_window,split,18,168.49413306408277,165.3951798805276,3.0989531835551816,157.86203194556188,149.99134466333365,7.870687282228232,74.0,0.6396942138671875,0.4400524888514981,0.6654427219384275,0.10372136631497064,0.06790123456790123,-9.371720500702832,17.785166836757316,0.8628433582394621,fdr_bh,False
phase_split_within_arch,architecture_id=Lin12|target=lt2|feature_set=EMG+NIRS+HRV|with_abs=True,mae,full_cycles,full_window,18,148.23316063725522,152.21711502518735,-3.9839543879321297,109.29289750692999,117.54074393382253,-8.247846426892536,40.0,0.04827880859375,-1.8268430172125636,0.08533475416689089,-0.4305910285447655,-0.08024691358024691,-8.266942022240922,0.18179358503283377,0.2666829427083333,fdr_bh,False
phase_split_within_arch,architecture_id=Lin12|target=lt2|feature_set=EMG+NIRS+HRV|with_abs=True,mae,full_cycles,split,18,148.23316063725522,144.78060146348295,3.452559173772272,109.29289750692999,123.4321648742667,-14.139267367336714,76.0,0.7018814086914062,0.5893534363476773,0.5633752084794663,0.1389119371190123,0.037037037037037035,-8.088301367381446,15.618471539013575,0.8801972260346284,fdr_bh,False
phase_split_within_arch,architecture_id=Lin12|target=lt2|feature_set=EMG+NIRS+HRV|with_abs=True,mae,full_window,split,18,152.21711502518735,144.78060146348295,7.436513561704402,117.54074393382253,123.4321648742667,-5.891420940444178,67.0,0.44229888916015625,1.226724280805983,0.23664578982358234,0.2891416858680337,0.08024691358024691,-3.735073833698055,19.72436790044554,0.7364593943910737,fdr_bh,False
phase_split_within_arch,architecture_id=Lin13|target=lt1|feature_set=EMG|with_abs=False,mae,full_cycles,full_window,18,250.3307228416414,256.1442188654412,-5.813496023799786,212.73529933118857,216.71978939528526,-3.98449006409669,51.0,0.14151763916015625,-1.8818274495915934,0.0770952986893229,-0.44355098354306716,-0.04938271604938271,-11.741413879617083,-0.13567009942443814,0.44771034934303977,fdr_bh,False
phase_split_within_arch,architecture_id=Lin13|target=lt1|feature_set=EMG|with_abs=False,mae,full_cycles,split,18,250.3307228416414,285.3805808150461,-35.04985797340467,212.73529933118857,276.27142811363626,-63.53612878244769,55.0,0.19638824462890625,-1.5074284388020318,0.15005879224133584,-0.35530429041012235,-0.11728395061728394,-80.60962607419151,6.415523479845808,0.5177508267489347,fdr_bh,False
phase_split_within_arch,architecture_id=Lin13|target=lt1|feature_set=EMG|with_abs=False,mae,full_window,split,18,256.1442188654412,285.3805808150461,-29.236361949604884,216.71978939528526,276.27142811363626,-59.551638718351,57.0,0.22875213623046875,-1.1872141106729919,0.25146823626980525,-0.27982904945907633,-0.07407407407407407,-76.98089145508858,14.8873648039195,0.5509047986726859,fdr_bh,False
phase_split_within_arch,architecture_id=Lin13|target=lt1|feature_set=EMG|with_abs=True,mae,full_cycles,full_window,18,250.3307228416414,256.1442188654412,-5.813496023799786,212.73529933118857,216.71978939528526,-3.98449006409669,51.0,0.14151763916015625,-1.8818274495915934,0.0770952986893229,-0.44355098354306716,-0.04938271604938271,-11.741413879617083,-0.13567009942443814,0.44771034934303977,fdr_bh,False
phase_split_within_arch,architecture_id=Lin13|target=lt1|feature_set=EMG|with_abs=True,mae,full_cycles,split,18,250.3307228416414,285.3805808150461,-35.04985797340467,212.73529933118857,276.27142811363626,-63.53612878244769,55.0,0.19638824462890625,-1.5074284388020318,0.15005879224133584,-0.35530429041012235,-0.11728395061728394,-80.60962607419151,6.415523479845808,0.5177508267489347,fdr_bh,False
phase_split_within_arch,architecture_id=Lin13|target=lt1|feature_set=EMG|with_abs=True,mae,full_window,split,18,256.1442188654412,285.3805808150461,-29.236361949604884,216.71978939528526,276.27142811363626,-59.551638718351,57.0,0.22875213623046875,-1.1872141106729919,0.25146823626980525,-0.27982904945907633,-0.07407407407407407,-76.98089145508858,14.8873648039195,0.5509047986726859,fdr_bh,False
phase_split_within_arch,architecture_id=Lin13|target=lt1|feature_set=EMG+NIRS+HRV|with_abs=False,mae,full_cycles,full_window,18,180.96893753143192,180.5888032309196,0.3801343005123101,126.15533356029877,136.25948352641336,-10.10414996611459,73.0,0.6094589233398438,0.11883232294653022,0.9068011112003461,0.028009047126547098,0.012345679012345678,-6.304994722967886,5.883072573471835,0.8483668212890626,fdr_bh,False
phase_split_within_arch,architecture_id=Lin13|target=lt1|feature_set=EMG+NIRS+HRV|with_abs=False,mae,full_cycles,split,18,180.96893753143192,197.3465529417631,-16.377615410331174,126.15533356029877,169.80967070171658,-43.65433714141781,56.0,0.2121429443359375,-1.3638635787401407,0.1903979531368756,-0.3214657283801688,-0.09876543209876543,-41.90330097265731,4.980910091104717,0.5254501397075177,fdr_bh,False
phase_split_within_arch,architecture_id=Lin13|target=lt1|feature_set=EMG+NIRS+HRV|with_abs=False,mae,full_window,split,18,180.5888032309196,197.3465529417631,-16.757749710843484,136.25948352641336,169.80967070171658,-33.55018717530322,46.0,0.0897674560546875,-1.444091239741949,0.1668909594196361,-0.3403755694245402,-0.12345679012345678,-42.06378232537174,4.456131079517237,0.35906982421875,fdr_bh,False
phase_split_within_arch,architecture_id=Lin13|target=lt1|feature_set=EMG+NIRS+HRV|with_abs=True,mae,full_cycles,full_window,18,212.87607758683257,212.27452979036318,0.60154779646939,174.39469653477008,187.9951792544337,-13.600482719663631,76.0,0.7018814086914062,0.17052155668393226,0.8666129932540092,0.040192316356564915,0.0,-6.364180534837343,7.098924761592007,0.8801972260346284,fdr_bh,False
phase_split_within_arch,architecture_id=Lin13|target=lt1|feature_set=EMG+NIRS+HRV|with_abs=True,mae,full_cycles,split,18,212.87607758683257,220.75753632768453,-7.8814587408519685,174.39469653477008,189.24279588957629,-14.848099354806209,85.0,1.0,-0.5743285754257691,0.5732674048098312,-0.1353705434375903,-0.006172839506172839,-37.75067788141701,16.32297675150976,1.0,fdr_bh,False
phase_split_within_arch,architecture_id=Lin13|target=lt1|feature_set=EMG+NIRS+HRV|with_abs=True,mae,full_window,split,18,212.27452979036318,220.75753632768453,-8.483006537321359,187.9951792544337,189.24279588957629,-1.2476166351425775,81.0,0.8650436401367188,-0.6255593462206508,0.5399119354080808,-0.1474457519157485,-0.043209876543209874,-38.27372408647491,15.037003423653381,0.9451654215622547,fdr_bh,False
phase_split_within_arch,architecture_id=Lin13|target=lt2|feature_set=EMG|with_abs=False,mae,full_cycles,full_window,18,298.79231221088435,305.52989971478206,-6.737587503897714,195.9615271302971,212.0547313666101,-16.093204236313,48.0,0.1083831787109375,-1.7461475492416823,0.09882884118000496,-0.41157092434035475,-0.024691358024691357,-14.132486309367286,0.2662329036923333,0.39912535652281744,fdr_bh,False
phase_split_within_arch,architecture_id=Lin13|target=lt2|feature_set=EMG|with_abs=False,mae,full_cycles,split,18,298.79231221088435,302.9445361401258,-4.152223929241472,195.9615271302971,242.54345915633382,-46.581932026036725,85.0,1.0,-0.18740478829108242,0.8535617930746165,-0.04417173220915122,0.006172839506172839,-45.31902325981576,35.80375844805628,1.0,fdr_bh,False
phase_split_within_arch,architecture_id=Lin13|target=lt2|feature_set=EMG|with_abs=False,mae,full_window,split,18,305.52989971478206,302.9445361401258,2.585363574656242,212.0547313666101,242.54345915633382,-30.488727789723725,82.0,0.8985748291015625,0.10857520563461263,0.9148106770374715,0.025591421390986146,0.030864197530864196,-41.3482821915983,47.077375838842045,0.9606882965509793,fdr_bh,False
phase_split_within_arch,architecture_id=Lin13|target=lt2|feature_set=EMG|with_abs=True,mae,full_cycles,full_window,18,298.79231221088435,305.52989971478206,-6.737587503897714,195.9615271302971,212.0547313666101,-16.093204236313,48.0,0.1083831787109375,-1.7461475492416823,0.09882884118000496,-0.41157092434035475,-0.024691358024691357,-14.132486309367286,0.2662329036923333,0.39912535652281744,fdr_bh,False
phase_split_within_arch,architecture_id=Lin13|target=lt2|feature_set=EMG|with_abs=True,mae,full_cycles,split,18,298.79231221088435,302.9445361401258,-4.152223929241472,195.9615271302971,242.54345915633382,-46.581932026036725,85.0,1.0,-0.18740478829108242,0.8535617930746165,-0.04417173220915122,0.006172839506172839,-45.31902325981576,35.80375844805628,1.0,fdr_bh,False
phase_split_within_arch,architecture_id=Lin13|target=lt2|feature_set=EMG|with_abs=True,mae,full_window,split,18,305.52989971478206,302.9445361401258,2.585363574656242,212.0547313666101,242.54345915633382,-30.488727789723725,82.0,0.8985748291015625,0.10857520563461263,0.9148106770374715,0.025591421390986146,0.030864197530864196,-41.3482821915983,47.077375838842045,0.9606882965509793,fdr_bh,False
phase_split_within_arch,architecture_id=Lin13|target=lt2|feature_set=EMG+NIRS+HRV|with_abs=False,mae,full_cycles,full_window,18,159.4431687198238,163.68522178873224,-4.242053068908433,145.88373110438272,163.7774651673186,-17.89373406293589,52.0,0.15404510498046875,-1.7440744236456838,0.09919874442684713,-0.4110822839512941,-0.08024691358024691,-9.391733395493128,0.2521456202707358,0.48078651599285316,fdr_bh,False
phase_split_within_arch,architecture_id=Lin13|target=lt2|feature_set=EMG+NIRS+HRV|with_abs=False,mae,full_cycles,split,18,159.4431687198238,162.51515489504888,-3.071986175225078,145.88373110438272,145.40855330313042,0.47517780125230047,81.0,0.8650436401367188,-0.38263573358961256,0.7067317185850365,-0.09018810731516809,0.012345679012345678,-18.77639917676739,12.683298739051978,0.9451654215622547,fdr_bh,False
phase_split_within_arch,architecture_id=Lin13|target=lt2|feature_set=EMG+NIRS+HRV|with_abs=False,mae,full_window,split,18,163.68522178873224,162.51515489504888,1.1700668936833551,163.7774651673186,145.40855330313042,18.368911864188192,76.0,0.7018814086914062,0.15221017249596944,0.8808130373532916,0.03587628171249137,0.06790123456790123,-13.238173431103492,15.760168100006368,0.8801972260346284,fdr_bh,False
phase_split_within_arch,architecture_id=Lin13|target=lt2|feature_set=EMG+NIRS+HRV|with_abs=True,mae,full_cycles,full_window,18,149.49540953403627,153.24784215288614,-3.7524326188498662,113.2072529364687,114.96488543893747,-1.7576325024687662,51.0,0.14151763916015625,-1.4638221136369691,0.16148852497348137,-0.3450261810011753,-0.06790123456790123,-8.853709757738859,1.0946655634312208,0.44771034934303977,fdr_bh,False
phase_split_within_arch,architecture_id=Lin13|target=lt2|feature_set=EMG+NIRS+HRV|with_abs=True,mae,full_cycles,split,18,149.49540953403627,147.38224566366955,2.1131638703667193,113.2072529364687,126.64733900715206,-13.44008607068335,76.0,0.7018814086914062,0.3387321963108794,0.7389593433553656,0.0798399443392119,0.0,-9.973010238832888,15.276807742334379,0.8801972260346284,fdr_bh,False
phase_split_within_arch,architecture_id=Lin13|target=lt2|feature_set=EMG+NIRS+HRV|with_abs=True,mae,full_window,split,18,153.24784215288614,147.38224566366955,5.8655964892165855,114.96488543893747,126.64733900715206,-11.682453568214584,71.0,0.550872802734375,0.925611857154416,0.3676018756123973,0.21816880698018717,0.037037037037037035,-5.958466907516574,18.8763879405944,0.8334945015285325,fdr_bh,False
phase_split_within_arch,architecture_id=Lin14|target=lt1|feature_set=EMG|with_abs=False,mae,full_cycles,full_window,18,274.6822970964003,285.9581068622666,-11.275809765866313,228.5263612778828,238.46928156762164,-9.942920289738822,47.0,0.0987396240234375,-1.946584475596011,0.06830329067624913,-0.4588143609487997,-0.06172839506172839,-21.310118171865604,-0.8087509201455398,0.3755343077612705,fdr_bh,False
phase_split_within_arch,architecture_id=Lin14|target=lt1|feature_set=EMG|with_abs=False,mae,full_cycles,split,18,274.6822970964003,322.64143304696455,-47.959135950564246,228.5263612778828,298.38005289448995,-69.85369161660714,47.0,0.0987396240234375,-1.9206346286189049,0.0717128514427699,-0.45269792335937803,-0.1111111111111111,-97.15165012382117,-3.5568977902553027,0.3755343077612705,fdr_bh,False
phase_split_within_arch,architecture_id=Lin14|target=lt1|feature_set=EMG|with_abs=False,mae,full_window,split,18,285.9581068622666,322.64143304696455,-36.68332618469793,238.46928156762164,298.38005289448995,-59.910771326868314,59.0,0.2645263671875,-1.3664366295927972,0.1896046897697877,-0.32207220228225253,-0.04938271604938271,-89.21142583418735,12.157715304755538,0.5939043598790322,fdr_bh,False
phase_split_within_arch,architecture_id=Lin14|target=lt1|feature_set=EMG|with_abs=True,mae,full_cycles,full_window,18,274.6822970964003,285.9581068622666,-11.275809765866313,228.5263612778828,238.46928156762164,-9.942920289738822,47.0,0.0987396240234375,-1.946584475596011,0.06830329067624913,-0.4588143609487997,-0.06172839506172839,-21.310118171865604,-0.8087509201455398,0.3755343077612705,fdr_bh,False
phase_split_within_arch,architecture_id=Lin14|target=lt1|feature_set=EMG|with_abs=True,mae,full_cycles,split,18,274.6822970964003,322.64143304696455,-47.959135950564246,228.5263612778828,298.38005289448995,-69.85369161660714,47.0,0.0987396240234375,-1.9206346286189049,0.0717128514427699,-0.45269792335937803,-0.1111111111111111,-97.15165012382117,-3.5568977902553027,0.3755343077612705,fdr_bh,False
phase_split_within_arch,architecture_id=Lin14|target=lt1|feature_set=EMG|with_abs=True,mae,full_window,split,18,285.9581068622666,322.64143304696455,-36.68332618469793,238.46928156762164,298.38005289448995,-59.910771326868314,59.0,0.2645263671875,-1.3664366295927972,0.1896046897697877,-0.32207220228225253,-0.04938271604938271,-89.21142583418735,12.157715304755538,0.5939043598790322,fdr_bh,False
phase_split_within_arch,architecture_id=Lin14|target=lt1|feature_set=EMG+NIRS+HRV|with_abs=False,mae,full_cycles,full_window,18,175.20339987333057,170.35094519324377,4.852454680086794,120.61920418969977,127.86565204913872,-7.246447859438945,62.0,0.32472991943359375,1.0233842003911464,0.32046939402233965,0.24121396928525077,0.030864197530864196,-4.537402624408569,14.324106235339912,0.6348652357465766,fdr_bh,False
phase_split_within_arch,architecture_id=Lin14|target=lt1|feature_set=EMG+NIRS+HRV|with_abs=False,mae,full_cycles,split,18,175.20339987333057,197.4623794779594,-22.25897960462882,120.61920418969977,176.69289769343072,-56.07369350373095,37.0,0.03423309326171875,-2.052099801631536,0.05588924041871856,-0.48368456180174263,-0.12962962962962962,-44.89790466190559,-1.8520239177074846,0.25080245168585524,fdr_bh,False
phase_split_within_arch,architecture_id=Lin14|target=lt1|feature_set=EMG+NIRS+HRV|with_abs=False,mae,full_window,split,18,170.35094519324377,197.4623794779594,-27.111434284715614,127.86565204913872,176.69289769343072,-48.827245644292006,37.0,0.03423309326171875,-2.4883224039175125,0.023502506483780054,-0.5865032151961614,-0.16666666666666666,-49.66812993675632,-6.654926035545482,0.25080245168585524,fdr_bh,False
phase_split_within_arch,architecture_id=Lin14|target=lt1|feature_set=EMG+NIRS+HRV|with_abs=True,mae,full_cycles,full_window,18,222.7305519363601,214.06807021679117,8.662481719568916,158.94201338475722,169.61610560970064,-10.674092224943422,43.0,0.06653594970703125,1.9006291996972045,0.07444423920311806,0.4479825985423514,0.06172839506172839,0.19302453770860326,17.143714429264715,0.308726806640625,fdr_bh,False
phase_split_within_arch,architecture_id=Lin14|target=lt1|feature_set=EMG+NIRS+HRV|with_abs=True,mae,full_cycles,split,18,222.7305519363601,234.53702454766002,-11.806472611299938,158.94201338475722,194.6286831269598,-35.68666974220258,72.0,0.5798416137695312,-0.9145832776109126,0.37320102272848876,-0.21556934585283166,-0.030864197530864196,-37.36423425291907,11.974542318475955,0.8407703399658203,fdr_bh,False
phase_split_within_arch,architecture_id=Lin14|target=lt1|feature_set=EMG+NIRS+HRV|with_abs=True,mae,full_window,split,18,214.06807021679117,234.53702454766002,-20.468954330868854,169.61610560970064,194.6286831269598,-25.01257751725916,54.0,0.18146514892578125,-1.6654999562987882,0.11413211642715274,-0.3925621043882573,-0.04938271604938271,-46.587376387759676,1.9981438586150617,0.501189458937872,fdr_bh,False
phase_split_within_arch,architecture_id=Lin14|target=lt2|feature_set=EMG|with_abs=False,mae,full_cycles,full_window,18,304.03966838897855,322.4921935443081,-18.452525155329567,219.45116128824807,238.1695058157011,-18.718344527453013,32.0,0.0182342529296875,-3.0362258918612555,0.007455456144538514,-0.7156453057830889,-0.05555555555555555,-30.505766188063085,-7.480508205996544,0.18392811650815216,fdr_bh,False
phase_split_within_arch,architecture_id=Lin14|target=lt2|feature_set=EMG|with_abs=False,mae,full_cycles,split,18,304.03966838897855,322.9687723336052,-18.92910394462666,219.45116128824807,228.23258083168534,-8.781419543437266,73.0,0.6094589233398438,-0.7213066979562122,0.4805242423760724,-0.17001361914670482,-0.08024691358024691,-67.44799188092756,31.732482476821232,0.8483668212890626,fdr_bh,False
phase_split_within_arch,architecture_id=Lin14|target=lt2|feature_set=EMG|with_abs=False,mae,full_window,split,18,322.4921935443081,322.9687723336052,-0.4765787892970934,238.1695058157011,228.23258083168534,9.936924984015747,83.0,0.932281494140625,-0.016368992048796684,0.9871305955743248,-0.0038582084262976045,-0.024691358024691357,-55.58531349100561,57.36405245086352,0.9742761560388514,fdr_bh,False
phase_split_within_arch,architecture_id=Lin14|target=lt2|feature_set=EMG|with_abs=True,mae,full_cycles,full_window,18,304.03966838897855,322.4921935443081,-18.452525155329567,219.45116128824807,238.1695058157011,-18.718344527453013,32.0,0.0182342529296875,-3.0362258918612555,0.007455456144538514,-0.7156453057830889,-0.05555555555555555,-30.505766188063085,-7.480508205996544,0.18392811650815216,fdr_bh,False
phase_split_within_arch,architecture_id=Lin14|target=lt2|feature_set=EMG|with_abs=True,mae,full_cycles,split,18,304.03966838897855,322.9687723336052,-18.92910394462666,219.45116128824807,228.23258083168534,-8.781419543437266,73.0,0.6094589233398438,-0.7213066979562122,0.4805242423760724,-0.17001361914670482,-0.08024691358024691,-67.44799188092756,31.732482476821232,0.8483668212890626,fdr_bh,False
phase_split_within_arch,architecture_id=Lin14|target=lt2|feature_set=EMG|with_abs=True,mae,full_window,split,18,322.4921935443081,322.9687723336052,-0.4765787892970934,238.1695058157011,228.23258083168534,9.936924984015747,83.0,0.932281494140625,-0.016368992048796684,0.9871305955743248,-0.0038582084262976045,-0.024691358024691357,-55.58531349100561,57.36405245086352,0.9742761560388514,fdr_bh,False
phase_split_within_arch,architecture_id=Lin14|target=lt2|feature_set=EMG+NIRS+HRV|with_abs=False,mae,full_cycles,full_window,18,156.94631665984508,158.3279463179634,-1.381629658118328,141.60203913329931,156.48063904421483,-14.878599910915511,85.0,1.0,-0.37781436481610353,0.7102443105202183,-0.08905169979705166,-0.06172839506172839,-8.481218872998355,5.078428004468314,1.0,fdr_bh,False
phase_split_within_arch,architecture_id=Lin14|target=lt2|feature_set=EMG+NIRS+HRV|with_abs=False,mae,full_cycles,split,18,156.94631665984508,167.22004731745315,-10.27373065760807,141.60203913329931,151.99822391453898,-10.396184781239668,75.0,0.6705245971679688,-0.9071595452785837,0.37700227033813744,-0.21381955536153044,-0.030864197530864196,-34.32229153238873,8.387893467009604,0.8658351013523307,fdr_bh,False
phase_split_within_arch,architecture_id=Lin14|target=lt2|feature_set=EMG+NIRS+HRV|with_abs=False,mae,full_window,split,18,158.3279463179634,167.22004731745315,-8.892100999489742,156.48063904421483,151.99822391453898,4.482415129675843,78.0,0.7660293579101562,-0.7375603516762212,0.470840417653753,-0.17384464206819694,0.0,-34.44298240892195,11.10720833487182,0.9176530690283455,fdr_bh,False
phase_split_within_arch,architecture_id=Lin14|target=lt2|feature_set=EMG+NIRS+HRV|with_abs=True,mae,full_cycles,full_window,18,160.99539516576166,163.75306716032208,-2.757671994560411,123.14002112669033,136.51565914375752,-13.375638017067189,74.0,0.6396942138671875,-0.5775980860467956,0.5711071653939476,-0.13614117448135338,-0.04938271604938271,-12.216141344022363,6.090280340749179,0.8628433582394621,fdr_bh,False
phase_split_within_arch,architecture_id=Lin14|target=lt2|feature_set=EMG+NIRS+HRV|with_abs=True,mae,full_cycles,split,18,160.99539516576166,164.03348660954427,-3.038091443782605,123.14002112669033,132.6962620291461,-9.556240902455784,74.0,0.6396942138671875,-0.373521224193508,0.7133777258771047,-0.08803979684811006,-0.06172839506172839,-18.149765935890294,13.263509743627422,0.8628433582394621,fdr_bh,False
phase_split_within_arch,architecture_id=Lin14|target=lt2|feature_set=EMG+NIRS+HRV|with_abs=True,mae,full_window,split,18,163.75306716032208,164.03348660954427,-0.28041944922219386,136.51565914375752,132.6962620291461,3.819397114611405,81.0,0.8650436401367188,-0.030867647558224482,0.9757345940451567,-0.0072755743025656365,-0.012345679012345678,-17.034557939752915,18.137432405886873,0.9451654215622547,fdr_bh,False
phase_split_within_arch,architecture_id=Lin15|target=lt1|feature_set=EMG|with_abs=False,mae,full_cycles,full_window,18,232.44343906517022,233.6051653383726,-1.1617262732023619,222.65159415420834,222.95857869256744,-0.306984538359103,79.0,0.7987060546875,-0.5773997708139814,0.5712380763210698,-0.1360944311327082,0.012345679012345678,-5.303419696560594,2.432566524138256,0.9264990234375,fdr_bh,False
phase_split_within_arch,architecture_id=Lin15|target=lt1|feature_set=EMG|with_abs=False,mae,full_cycles,split,18,232.44343906517022,234.7802394452064,-2.3368003800361805,222.65159415420834,209.4530775829167,13.198516571291634,83.0,0.932281494140625,-0.1887257572631603,0.8525424365184805,-0.04448308758178232,-0.037037037037037035,-24.673984482385414,21.999028807456376,0.9742761560388514,fdr_bh,False
phase_split_within_arch,architecture_id=Lin15|target=lt1|feature_set=EMG|with_abs=False,mae,full_window,split,18,233.6051653383726,234.7802394452064,-1.1750741068338186,222.95857869256744,209.4530775829167,13.505501109650737,85.0,1.0,-0.09294243473393243,0.9270358454369787,-0.021906741953450576,-0.006172839506172839,-25.031355982413114,23.760943024327634,1.0,fdr_bh,False
phase_split_within_arch,architecture_id=Lin15|target=lt1|feature_set=EMG|with_abs=True,mae,full_cycles,full_window,18,232.44343906517022,233.6051653383726,-1.1617262732023619,222.65159415420834,222.95857869256744,-0.306984538359103,79.0,0.7987060546875,-0.5773997708139814,0.5712380763210698,-0.1360944311327082,0.012345679012345678,-5.303419696560594,2.432566524138256,0.9264990234375,fdr_bh,False
phase_split_within_arch,architecture_id=Lin15|target=lt1|feature_set=EMG|with_abs=True,mae,full_cycles,split,18,232.44343906517022,234.7802394452064,-2.3368003800361805,222.65159415420834,209.4530775829167,13.198516571291634,83.0,0.932281494140625,-0.1887257572631603,0.8525424365184805,-0.04448308758178232,-0.037037037037037035,-24.673984482385414,21.999028807456376,0.9742761560388514,fdr_bh,False
phase_split_within_arch,architecture_id=Lin15|target=lt1|feature_set=EMG|with_abs=True,mae,full_window,split,18,233.6051653383726,234.7802394452064,-1.1750741068338186,222.95857869256744,209.4530775829167,13.505501109650737,85.0,1.0,-0.09294243473393243,0.9270358454369787,-0.021906741953450576,-0.006172839506172839,-25.031355982413114,23.760943024327634,1.0,fdr_bh,False
phase_split_within_arch,architecture_id=Lin15|target=lt1|feature_set=EMG+NIRS+HRV|with_abs=False,mae,full_cycles,full_window,18,184.4585547241893,185.59409077021553,-1.1355360460262318,157.36921722291382,160.32973129348656,-2.960514070572742,63.0,0.34654998779296875,-0.7238290895320519,0.47901369818858963,-0.17060815254273287,-0.012345679012345678,-4.256141318541137,1.832127722714159,0.6644594807270144,fdr_bh,False
phase_split_within_arch,architecture_id=Lin15|target=lt1|feature_set=EMG+NIRS+HRV|with_abs=False,mae,full_cycles,split,18,184.4585547241893,197.05667522272597,-12.598120498536673,157.36921722291382,176.37326244393694,-19.00404522102312,62.0,0.32472991943359375,-1.1486743721282324,0.2665966496294613,-0.2707451459690243,-0.08641975308641975,-35.583280229944314,8.748775533802636,0.6348652357465766,fdr_bh,False
phase_split_within_arch,architecture_id=Lin15|target=lt1|feature_set=EMG+NIRS+HRV|with_abs=False,mae,full_window,split,18,185.59409077021553,197.05667522272597,-11.462584452510441,160.32973129348656,176.37326244393694,-16.043531150450377,63.0,0.34654998779296875,-1.0282778256662357,0.31822846085686396,-0.24236740782411795,-0.09259259259259259,-34.587047184203094,10.985417561136956,0.6644594807270144,fdr_bh,False
phase_split_within_arch,architecture_id=Lin15|target=lt1|feature_set=EMG+NIRS+HRV|with_abs=True,mae,full_cycles,full_window,18,188.21777322025432,188.9704317231442,-0.7526585028898864,139.62427285756303,148.3693094288147,-8.74503657125166,76.0,0.7018814086914062,-0.5249037888083606,0.6064284212848837,-0.12372100951230106,-0.006172839506172839,-3.5435866258343496,1.8985138762406923,0.8801972260346284,fdr_bh,False
phase_split_within_arch,architecture_id=Lin15|target=lt1|feature_set=EMG+NIRS+HRV|with_abs=True,mae,full_cycles,split,18,188.21777322025432,198.0213132628084,-9.80354004255409,139.62427285756303,178.49039988461914,-38.86612702705611,73.0,0.6094589233398438,-0.8523602345606986,0.4058627602827694,-0.20090323395720874,-0.11728395061728394,-33.53270286553558,11.010981924936383,0.8483668212890626,fdr_bh,False
phase_split_within_arch,architecture_id=Lin15|target=lt1|feature_set=EMG+NIRS+HRV|with_abs=True,mae,full_window,split,18,188.9704317231442,198.0213132628084,-9.050881539664204,148.3693094288147,178.49039988461914,-30.12109045580445,74.0,0.6396942138671875,-0.7753970544821637,0.4487576868469178,-0.18276283844547087,-0.09876543209876543,-33.7952781939618,12.189215516172158,0.8628433582394621,fdr_bh,False
phase_split_within_arch,architecture_id=Lin15|target=lt2|feature_set=EMG|with_abs=False,mae,full_cycles,full_window,18,266.9676958751602,269.94947244233913,-2.9817765671789402,268.78516861681703,271.86385454809425,-3.078685931277221,58.0,0.24620819091796875,-1.4754869757791476,0.15836284957568347,-0.34777561537528884,-0.012345679012345678,-7.2249139062582755,0.6918484784409512,0.5693053185345722,fdr_bh,False
phase_split_within_arch,architecture_id=Lin15|target=lt2|feature_set=EMG|with_abs=False,mae,full_cycles,split,18,266.9676958751602,256.19613560619905,10.771560268961139,268.78516861681703,231.99452006387702,36.79064855294001,68.0,0.468292236328125,0.7704088771627834,0.4516318219973094,0.18158711377603937,0.043209876543209874,-14.09533164467165,37.39537423362495,0.7562213375507542,fdr_bh,False
phase_split_within_arch,architecture_id=Lin15|target=lt2|feature_set=EMG|with_abs=False,mae,full_window,split,18,269.94947244233913,256.19613560619905,13.753336836140079,271.86385454809425,231.99452006387702,39.869334484217234,64.0,0.3692169189453125,0.932666317240925,0.3640504233353318,0.2198315591684473,0.06790123456790123,-12.977522302361361,41.864739596089116,0.6744750015378936,fdr_bh,False
phase_split_within_arch,architecture_id=Lin15|target=lt2|feature_set=EMG|with_abs=True,mae,full_cycles,full_window,18,266.9676958751602,269.94947244233913,-2.9817765671789402,268.78516861681703,271.86385454809425,-3.078685931277221,58.0,0.24620819091796875,-1.4754869757791476,0.15836284957568347,-0.34777561537528884,-0.012345679012345678,-7.2249139062582755,0.6918484784409512,0.5693053185345722,fdr_bh,False
phase_split_within_arch,architecture_id=Lin15|target=lt2|feature_set=EMG|with_abs=True,mae,full_cycles,split,18,266.9676958751602,256.19613560619905,10.771560268961139,268.78516861681703,231.99452006387702,36.79064855294001,68.0,0.468292236328125,0.7704088771627834,0.4516318219973094,0.18158711377603937,0.043209876543209874,-14.09533164467165,37.39537423362495,0.7562213375507542,fdr_bh,False
phase_split_within_arch,architecture_id=Lin15|target=lt2|feature_set=EMG|with_abs=True,mae,full_window,split,18,269.94947244233913,256.19613560619905,13.753336836140079,271.86385454809425,231.99452006387702,39.869334484217234,64.0,0.3692169189453125,0.932666317240925,0.3640504233353318,0.2198315591684473,0.06790123456790123,-12.977522302361361,41.864739596089116,0.6744750015378936,fdr_bh,False
phase_split_within_arch,architecture_id=Lin15|target=lt2|feature_set=EMG+NIRS+HRV|with_abs=False,mae,full_cycles,full_window,18,184.0492053126074,187.6797897880981,-3.630584475490707,160.21212380693203,166.82531373595623,-6.613189929024202,31.0,0.01593017578125,-2.4912635730896167,0.023361615617088067,-0.5871964554182321,-0.05555555555555555,-6.578972572915826,-1.007421372525232,0.17057542067307693,fdr_bh,False
phase_split_within_arch,architecture_id=Lin15|target=lt2|feature_set=EMG+NIRS+HRV|with_abs=False,mae,full_cycles,split,18,184.0492053126074,187.84776835820287,-3.798563045595472,160.21212380693203,175.97218814500246,-15.760064338070435,75.0,0.6705245971679688,-0.6106060305803936,0.5495375592689538,-0.14392122161893228,-0.08024691358024691,-15.289805634085905,8.694426480925555,0.8658351013523307,fdr_bh,False
phase_split_within_arch,architecture_id=Lin15|target=lt2|feature_set=EMG+NIRS+HRV|with_abs=False,mae,full_window,split,18,187.6797897880981,187.84776835820287,-0.1679785701047649,166.82531373595623,175.97218814500246,-9.146874409046234,82.0,0.8985748291015625,-0.024443651310412116,0.9807833652160629,-0.005761423866183949,-0.037037037037037035,-12.332002009097135,13.444418858714672,0.9606882965509793,fdr_bh,False
phase_split_within_arch,architecture_id=Lin15|target=lt2|feature_set=EMG+NIRS+HRV|with_abs=True,mae,full_cycles,full_window,18,162.4052594351682,165.55752827886025,-3.152268843692042,138.00131904786082,140.89032247190653,-2.889003424045711,34.0,0.02367401123046875,-2.470881755978529,0.02435459582933728,-0.5823924150541807,-0.037037037037037035,-5.750460852051801,-0.8253767966508991,0.20342113353587962,fdr_bh,False
phase_split_within_arch,architecture_id=Lin15|target=lt2|feature_set=EMG+NIRS+HRV|with_abs=True,mae,full_cycles,split,18,162.4052594351682,165.18971724485831,-2.7844578096901103,138.00131904786082,144.07290431460882,-6.071585266748002,72.0,0.5798416137695312,-0.4992377295437788,0.6240108495262503,-0.11767146132819384,-0.06790123456790123,-13.28825894175703,8.080192849573818,0.8407703399658203,fdr_bh,False
phase_split_within_arch,architecture_id=Lin15|target=lt2|feature_set=EMG+NIRS+HRV|with_abs=True,mae,full_window,split,18,165.55752827886025,165.18971724485831,0.3678110340019316,140.89032247190653,144.07290431460882,-3.182581842702291,77.0,0.7337265014648438,0.06020803603457578,0.9526920886385771,0.014191170187324182,-0.024691358024691357,-10.85506987504903,12.55359110622922,0.8974932249903889,fdr_bh,False
phase_split_within_arch,architecture_id=Lin16|target=lt1|feature_set=EMG|with_abs=False,mae,full_cycles,full_window,18,232.8209504108775,234.62903621943008,-1.8080858085525904,226.07853730890588,237.94836411259575,-11.869826803689875,79.0,0.7987060546875,-0.7673020796385844,0.4534276496054398,-0.18085483457699447,-0.012345679012345678,-6.578564215951592,2.423008728327018,0.9264990234375,fdr_bh,False
phase_split_within_arch,architecture_id=Lin16|target=lt1|feature_set=EMG|with_abs=False,mae,full_cycles,split,18,232.8209504108775,239.26969254801907,-6.448742137141579,226.07853730890588,219.75270103630766,6.325836272598224,77.0,0.7337265014648438,-0.45499605242280916,0.6548689709232048,-0.10724359802709274,-0.04938271604938271,-32.043862652127714,21.169552413424608,0.8974932249903889,fdr_bh,False
phase_split_within_arch,architecture_id=Lin16|target=lt1|feature_set=EMG|with_abs=False,mae,full_window,split,18,234.62903621943008,239.26969254801907,-4.640656328588989,237.94836411259575,219.75270103630766,18.1956630762881,84.0,0.9661178588867188,-0.3192099513841614,0.7534563010283237,-0.07523850708198956,-0.030864197530864196,-31.430948814760104,23.434675535067445,0.9816321602703011,fdr_bh,False
phase_split_within_arch,architecture_id=Lin16|target=lt1|feature_set=EMG|with_abs=True,mae,full_cycles,full_window,18,232.8209504108775,234.62903621943008,-1.8080858085525904,226.07853730890588,237.94836411259575,-11.869826803689875,79.0,0.7987060546875,-0.7673020796385844,0.4534276496054398,-0.18085483457699447,-0.012345679012345678,-6.578564215951592,2.423008728327018,0.9264990234375,fdr_bh,False
phase_split_within_arch,architecture_id=Lin16|target=lt1|feature_set=EMG|with_abs=True,mae,full_cycles,split,18,232.8209504108775,239.26969254801907,-6.448742137141579,226.07853730890588,219.75270103630766,6.325836272598224,77.0,0.7337265014648438,-0.45499605242280916,0.6548689709232048,-0.10724359802709274,-0.04938271604938271,-32.043862652127714,21.169552413424608,0.8974932249903889,fdr_bh,False
phase_split_within_arch,architecture_id=Lin16|target=lt1|feature_set=EMG|with_abs=True,mae,full_window,split,18,234.62903621943008,239.26969254801907,-4.640656328588989,237.94836411259575,219.75270103630766,18.1956630762881,84.0,0.9661178588867188,-0.3192099513841614,0.7534563010283237,-0.07523850708198956,-0.030864197530864196,-31.430948814760104,23.434675535067445,0.9816321602703011,fdr_bh,False
phase_split_within_arch,architecture_id=Lin16|target=lt1|feature_set=EMG+NIRS+HRV|with_abs=False,mae,full_cycles,full_window,18,184.29102115964147,185.60397240960754,-1.312951249966062,149.8819584343401,148.90045066696408,0.98150776737603,68.0,0.468292236328125,-0.7699215643980682,0.45191321395583123,-0.18147225305587641,-0.024691358024691357,-4.807569868941056,1.778002521073215,0.7562213375507542,fdr_bh,False
phase_split_within_arch,architecture_id=Lin16|target=lt1|feature_set=EMG+NIRS+HRV|with_abs=False,mae,full_cycles,split,18,184.29102115964147,198.3827275495604,-14.091706389918926,149.8819584343401,167.7288072889541,-17.846848854613995,60.0,0.28372955322265625,-1.1895279238798884,0.2505811434157174,-0.2803744204620748,-0.12345679012345678,-38.681169319114396,8.666162394643898,0.6094931143301505,fdr_bh,False
phase_split_within_arch,architecture_id=Lin16|target=lt1|feature_set=EMG+NIRS+HRV|with_abs=False,mae,full_window,split,18,185.60397240960754,198.3827275495604,-12.778755139952864,148.90045066696408,167.7288072889541,-18.828356621990025,62.0,0.32472991943359375,-1.0581715487500551,0.30478233997732074,-0.24941342592661178,-0.13580246913580246,-38.28588465754239,10.16957515489846,0.6348652357465766,fdr_bh,False
phase_split_within_arch,architecture_id=Lin16|target=lt1|feature_set=EMG+NIRS+HRV|with_abs=True,mae,full_cycles,full_window,18,191.84775107061918,192.68063175431115,-0.8328806836919682,139.10352488052627,139.58030796240573,-0.4767830818794607,79.0,0.7987060546875,-0.5115629372811096,0.615537451535751,-0.12057654065172703,-0.006172839506172839,-4.175209544124893,2.206404448279552,0.9264990234375,fdr_bh,False
phase_split_within_arch,architecture_id=Lin16|target=lt1|feature_set=EMG+NIRS+HRV|with_abs=True,mae,full_cycles,split,18,191.84775107061918,201.49735100863637,-9.64959993801719,139.10352488052627,173.57076844854907,-34.46724356802281,73.0,0.6094589233398438,-0.778772013287169,0.44681950504652085,-0.18355832386455245,-0.09259259259259259,-36.4217935523797,12.331768485787768,0.8483668212890626,fdr_bh,False
phase_split_within_arch,architecture_id=Lin16|target=lt1|feature_set=EMG+NIRS+HRV|with_abs=True,mae,full_window,split,18,192.68063175431115,201.49735100863637,-8.816719254325221,139.58030796240573,173.57076844854907,-33.99046048614335,74.0,0.6396942138671875,-0.6993487363105069,0.4937927950351816,-0.16483807795313404,-0.09259259259259259,-36.2426878278271,13.89955908043004,0.8628433582394621,fdr_bh,False
phase_split_within_arch,architecture_id=Lin16|target=lt2|feature_set=EMG|with_abs=False,mae,full_cycles,full_window,18,273.77556019371065,277.5966882280224,-3.821128034311755,267.7489384197486,271.39910948385017,-3.6501710641015848,56.0,0.2121429443359375,-1.612210772357841,0.1253247087936389,-0.38000172327874354,-0.024691358024691357,-8.663639153593572,0.5245867242957439,0.5254501397075177,fdr_bh,False
phase_split_within_arch,architecture_id=Lin16|target=lt2|feature_set=EMG|with_abs=False,mae,full_cycles,split,18,273.77556019371065,261.97694644286224,11.798613750848403,267.7489384197486,240.50976950378393,27.239168915964655,72.0,0.5798416137695312,0.7286845675057431,0.4761139469169193,0.17175259967643247,0.030864197530864196,-17.131528695435463,42.81450603088424,0.8407703399658203,fdr_bh,False
phase_split_within_arch,architecture_id=Lin16|target=lt2|feature_set=EMG|with_abs=False,mae,full_window,split,18,277.5966882280224,261.97694644286224,15.619741785160159,271.39910948385017,240.50976950378393,30.88933998006624,67.0,0.44229888916015625,0.9223793090069256,0.3692370850478184,0.21740688807498632,0.04938271604938271,-15.237111882454625,47.65552419809883,0.7364593943910737,fdr_bh,False
phase_split_within_arch,architecture_id=Lin16|target=lt2|feature_set=EMG|with_abs=True,mae,full_cycles,full_window,18,273.77556019371065,277.5966882280224,-3.821128034311755,267.7489384197486,271.39910948385017,-3.6501710641015848,56.0,0.2121429443359375,-1.612210772357841,0.1253247087936389,-0.38000172327874354,-0.024691358024691357,-8.663639153593572,0.5245867242957439,0.5254501397075177,fdr_bh,False
phase_split_within_arch,architecture_id=Lin16|target=lt2|feature_set=EMG|with_abs=True,mae,full_cycles,split,18,273.77556019371065,261.97694644286224,11.798613750848403,267.7489384197486,240.50976950378393,27.239168915964655,72.0,0.5798416137695312,0.7286845675057431,0.4761139469169193,0.17175259967643247,0.030864197530864196,-17.131528695435463,42.81450603088424,0.8407703399658203,fdr_bh,False
phase_split_within_arch,architecture_id=Lin16|target=lt2|feature_set=EMG|with_abs=True,mae,full_window,split,18,277.5966882280224,261.97694644286224,15.619741785160159,271.39910948385017,240.50976950378393,30.88933998006624,67.0,0.44229888916015625,0.9223793090069256,0.3692370850478184,0.21740688807498632,0.04938271604938271,-15.237111882454625,47.65552419809883,0.7364593943910737,fdr_bh,False
phase_split_within_arch,architecture_id=Lin16|target=lt2|feature_set=EMG+NIRS+HRV|with_abs=False,mae,full_cycles,full_window,18,182.25840747630286,186.29197227589555,-4.033564799592682,160.62981534721354,166.2565707024176,-5.626755355204068,38.0,0.03849029541015625,-2.4244588585486144,0.02676684470307742,-0.5714504331958407,-0.024691358024691357,-7.446642423214496,-1.020218399000951,0.2551356724330357,fdr_bh,False
phase_split_within_arch,architecture_id=Lin16|target=lt2|feature_set=EMG+NIRS+HRV|with_abs=False,mae,full_cycles,split,18,182.25840747630286,184.60886037522843,-2.3504528989255675,160.62981534721354,182.71363893296618,-22.08382358575264,81.0,0.8650436401367188,-0.3907127236274487,0.7008625195908063,-0.0920918721242781,0.0,-12.809746531912843,10.22540932160695,0.9451654215622547,fdr_bh,False
phase_split_within_arch,architecture_id=Lin16|target=lt2|feature_set=EMG+NIRS+HRV|with_abs=False,mae,full_window,split,18,186.29197227589555,184.60886037522843,1.6831119006671145,166.2565707024176,182.71363893296618,-16.457068230548572,80.0,0.83172607421875,0.24772710809578077,0.8073129081731698,0.05838983933941982,0.012345679012345678,-10.0695470056489,15.204936141814485,0.9382193641106159,fdr_bh,False
phase_split_within_arch,architecture_id=Lin16|target=lt2|feature_set=EMG+NIRS+HRV|with_abs=True,mae,full_cycles,full_window,18,158.5703183850671,162.20065614687817,-3.630337761811063,137.22359259402407,140.3589996784433,-3.135407084419228,35.0,0.02684783935546875,-2.6217864876672605,0.017856166958677106,-0.6179610014175935,-0.06172839506172839,-6.482144047184198,-1.0304831561503938,0.22513368905308737,fdr_bh,False
phase_split_within_arch,architecture_id=Lin16|target=lt2|feature_set=EMG+NIRS+HRV|with_abs=True,mae,full_cycles,split,18,158.5703183850671,158.95801564701353,-0.3876972619464141,137.22359259402407,127.05405982070752,10.169532773316547,81.0,0.8650436401367188,-0.07065225514725207,0.9444990170164441,-0.01665289624024803,0.006172839506172839,-10.93470862929978,10.223174896226126,0.9451654215622547,fdr_bh,False
phase_split_within_arch,architecture_id=Lin16|target=lt2|feature_set=EMG+NIRS+HRV|with_abs=True,mae,full_window,split,18,162.20065614687817,158.95801564701353,3.242640499864649,140.3589996784433,127.05405982070752,13.304939857735775,80.0,0.83172607421875,0.5291581610665969,0.6035374399450658,0.12472377467013133,0.024691358024691357,-8.120811075631533,15.145727460531129,0.9382193641106159,fdr_bh,False
phase_split_within_arch,architecture_id=Lin17|target=lt1|feature_set=EMG|with_abs=False,mae,full_cycles,full_window,18,237.8955963216216,242.15944411887054,-4.263847797248928,218.14844072884335,224.48239434845664,-6.333953619613283,53.0,0.16735076904296875,-1.7518139867664095,0.09782390629939275,-0.412906516473323,-0.04938271604938271,-9.131463757743484,0.19774801760051378,0.49146048630340194,fdr_bh,False
phase_split_within_arch,architecture_id=Lin17|target=lt1|feature_set=EMG|with_abs=False,mae,full_cycles,split,18,237.8955963216216,262.8985100277818,-25.0029137061602,218.14844072884335,267.47075165441123,-49.322310925567876,60.0,0.28372955322265625,-1.2668835024416216,0.22227918162254462,-0.2986073051832782,-0.08024691358024691,-62.52663954445438,11.682452333245145,0.6094931143301505,fdr_bh,False
phase_split_within_arch,architecture_id=Lin17|target=lt1|feature_set=EMG|with_abs=False,mae,full_window,split,18,242.15944411887054,262.8985100277818,-20.73906590891127,224.48239434845664,267.47075165441123,-42.988357305954594,67.0,0.44229888916015625,-1.0007315530843135,0.33098902070417985,-0.2358746891110878,-0.05555555555555555,-59.75853725406232,16.710401638599,0.7364593943910737,fdr_bh,False
phase_split_within_arch,architecture_id=Lin17|target=lt1|feature_set=EMG|with_abs=True,mae,full_cycles,full_window,18,237.8955963216216,242.15944411887054,-4.263847797248928,218.14844072884335,224.48239434845664,-6.333953619613283,53.0,0.16735076904296875,-1.7518139867664095,0.09782390629939275,-0.412906516473323,-0.04938271604938271,-9.131463757743484,0.19774801760051378,0.49146048630340194,fdr_bh,False
phase_split_within_arch,architecture_id=Lin17|target=lt1|feature_set=EMG|with_abs=True,mae,full_cycles,split,18,237.8955963216216,262.8985100277818,-25.0029137061602,218.14844072884335,267.47075165441123,-49.322310925567876,60.0,0.28372955322265625,-1.2668835024416216,0.22227918162254462,-0.2986073051832782,-0.08024691358024691,-62.52663954445438,11.682452333245145,0.6094931143301505,fdr_bh,False
phase_split_within_arch,architecture_id=Lin17|target=lt1|feature_set=EMG|with_abs=True,mae,full_window,split,18,242.15944411887054,262.8985100277818,-20.73906590891127,224.48239434845664,267.47075165441123,-42.988357305954594,67.0,0.44229888916015625,-1.0007315530843135,0.33098902070417985,-0.2358746891110878,-0.05555555555555555,-59.75853725406232,16.710401638599,0.7364593943910737,fdr_bh,False
phase_split_within_arch,architecture_id=Lin17|target=lt1|feature_set=EMG+NIRS+HRV|with_abs=False,mae,full_cycles,full_window,18,180.74407201236127,180.9346483886535,-0.19057637629222768,129.41285426231767,138.18045182756543,-8.767597565247769,79.0,0.7987060546875,-0.09143568226598764,0.9282152025976497,-0.021551596990899473,-0.024691358024691357,-4.438887569644084,3.4583781076967606,0.9264990234375,fdr_bh,False
phase_split_within_arch,architecture_id=Lin17|target=lt1|feature_set=EMG+NIRS+HRV|with_abs=False,mae,full_cycles,split,18,180.74407201236127,196.5178442396222,-15.773772227260935,129.41285426231767,175.47587785849245,-46.06302359617479,59.0,0.2645263671875,-1.236389026358781,0.23312443500377963,-0.2914196882409757,-0.12345679012345678,-42.53314333428465,7.446011368748409,0.5939043598790322,fdr_bh,False
phase_split_within_arch,architecture_id=Lin17|target=lt1|feature_set=EMG+NIRS+HRV|with_abs=False,mae,full_window,split,18,180.9346483886535,196.5178442396222,-15.583195850968707,138.18045182756543,175.47587785849245,-37.29542603092702,56.0,0.2121429443359375,-1.2415550579943455,0.23125886956543376,-0.29263733357475297,-0.14814814814814814,-42.28521997919297,7.799769780018182,0.5254501397075177,fdr_bh,False
phase_split_within_arch,architecture_id=Lin17|target=lt1|feature_set=EMG+NIRS+HRV|with_abs=True,mae,full_cycles,full_window,18,203.9059849436908,203.5263269449006,0.3796579987902078,172.47476278035646,178.86275222504133,-6.387989444684877,75.0,0.6705245971679688,0.1778264580261607,0.8609610001060373,0.041914098114894396,0.006172839506172839,-3.9009702176627936,4.281585547636861,0.8658351013523307,fdr_bh,False
phase_split_within_arch,architecture_id=Lin17|target=lt1|feature_set=EMG+NIRS+HRV|with_abs=True,mae,full_cycles,split,18,203.9059849436908,213.0518595713066,-9.145874627615797,172.47476278035646,193.50035274659746,-21.025589966241,79.0,0.7987060546875,-0.6838827423347889,0.503265482808967,-0.16119270821379386,-0.043209876543209874,-38.43732602439825,14.800656111519725,0.9264990234375,fdr_bh,False
phase_split_within_arch,architecture_id=Lin17|target=lt1|feature_set=EMG+NIRS+HRV|with_abs=True,mae,full_window,split,18,203.5263269449006,213.0518595713066,-9.525532626406005,178.86275222504133,193.50035274659746,-14.637600521556124,73.0,0.6094589233398438,-0.7238046549592175,0.4790283173604039,-0.17060239325868395,-0.043209876543209874,-37.72278340281665,15.069939917971528,0.8483668212890626,fdr_bh,False
phase_split_within_arch,architecture_id=Lin17|target=lt2|feature_set=EMG|with_abs=False,mae,full_cycles,full_window,18,290.8804230359913,297.1113096820916,-6.230886646100259,223.64417753157912,237.38057710930377,-13.736399577724654,51.0,0.14151763916015625,-1.7284882285947303,0.1020184836206971,-0.407408582546819,-0.030864197530864196,-13.388849727120993,0.5227069591567751,0.44771034934303977,fdr_bh,False
phase_split_within_arch,architecture_id=Lin17|target=lt2|feature_set=EMG|with_abs=False,mae,full_cycles,split,18,290.8804230359913,283.7537956078361,7.1266274281552455,223.64417753157912,233.1313262987956,-9.487148767216496,78.0,0.7660293579101562,0.35985045349603006,0.7233904876935043,0.08481756529336575,0.037037037037037035,-27.649374974578926,44.61835323864612,0.9176530690283455,fdr_bh,False
phase_split_within_arch,architecture_id=Lin17|target=lt2|feature_set=EMG|with_abs=False,mae,full_window,split,18,297.1113096820916,283.7537956078361,13.357514074255505,237.38057710930377,233.1313262987956,4.249250810508158,72.0,0.5798416137695312,0.6367108027772176,0.5327939144205858,0.15007417543283363,0.037037037037037035,-24.89564485639731,52.736243602220014,0.8407703399658203,fdr_bh,False
phase_split_within_arch,architecture_id=Lin17|target=lt2|feature_set=EMG|with_abs=True,mae,full_cycles,full_window,18,290.8804230359913,297.1113096820916,-6.230886646100259,223.64417753157912,237.38057710930377,-13.736399577724654,51.0,0.14151763916015625,-1.7284882285947303,0.1020184836206971,-0.407408582546819,-0.030864197530864196,-13.388849727120993,0.5227069591567751,0.44771034934303977,fdr_bh,False
phase_split_within_arch,architecture_id=Lin17|target=lt2|feature_set=EMG|with_abs=True,mae,full_cycles,split,18,290.8804230359913,283.7537956078361,7.1266274281552455,223.64417753157912,233.1313262987956,-9.487148767216496,78.0,0.7660293579101562,0.35985045349603006,0.7233904876935043,0.08481756529336575,0.037037037037037035,-27.649374974578926,44.61835323864612,0.9176530690283455,fdr_bh,False
phase_split_within_arch,architecture_id=Lin17|target=lt2|feature_set=EMG|with_abs=True,mae,full_window,split,18,297.1113096820916,283.7537956078361,13.357514074255505,237.38057710930377,233.1313262987956,4.249250810508158,72.0,0.5798416137695312,0.6367108027772176,0.5327939144205858,0.15007417543283363,0.037037037037037035,-24.89564485639731,52.736243602220014,0.8407703399658203,fdr_bh,False
phase_split_within_arch,architecture_id=Lin17|target=lt2|feature_set=EMG+NIRS+HRV|with_abs=False,mae,full_cycles,full_window,18,167.673942901067,172.28893690547704,-4.61499400441005,152.8084794346974,163.63581449378916,-10.827335059091752,42.0,0.0599365234375,-2.1117231904438714,0.049815384678759095,-0.49773792931725086,-0.04938271604938271,-9.24642336265723,-0.4850897570437812,0.28769531249999997,fdr_bh,False
phase_split_within_arch,architecture_id=Lin17|target=lt2|feature_set=EMG+NIRS+HRV|with_abs=False,mae,full_cycles,split,18,167.673942901067,165.67426875254054,1.9996741485264522,152.8084794346974,154.90564000014479,-2.097160565447382,82.0,0.8985748291015625,0.3413143340490873,0.7370492971802478,0.08044856004076004,0.018518518518518517,-8.461171002357592,14.252167365322208,0.9606882965509793,fdr_bh,False
phase_split_within_arch,architecture_id=Lin17|target=lt2|feature_set=EMG+NIRS+HRV|with_abs=False,mae,full_window,split,18,172.28893690547704,165.67426875254054,6.614668152936503,163.63581449378916,154.90564000014479,8.73017449364437,66.0,0.4171142578125,1.0727324997493966,0.29838367346891037,0.25284547499066495,0.043209876543209874,-4.465712657141494,19.319518887527444,0.7275978031015038,fdr_bh,False
phase_split_within_arch,architecture_id=Lin17|target=lt2|feature_set=EMG+NIRS+HRV|with_abs=True,mae,full_cycles,full_window,18,148.37089506939898,151.35877220490332,-2.987877135504334,116.21706992715087,123.47446300003602,-7.257393072885151,61.0,0.30379486083984375,-1.538601321427375,0.14230669379259805,-0.3626518093079599,-0.018518518518518517,-6.989839882750016,0.7188066082367648,0.6311678302821828,fdr_bh,False
phase_split_within_arch,architecture_id=Lin17|target=lt2|feature_set=EMG+NIRS+HRV|with_abs=True,mae,full_cycles,split,18,148.37089506939898,142.2077516181688,6.163143451230184,116.21706992715087,113.38555747992996,2.8315124472209163,62.0,0.32472991943359375,1.092319500757718,0.2899314243344042,0.2574621754026955,0.037037037037037035,-5.05544337871188,17.659778865234106,0.6348652357465766,fdr_bh,False
phase_split_within_arch,architecture_id=Lin17|target=lt2|feature_set=EMG+NIRS+HRV|with_abs=True,mae,full_window,split,18,151.35877220490332,142.2077516181688,9.151020586734518,123.47446300003602,113.38555747992996,10.088905520106067,58.0,0.24620819091796875,1.4969242378070005,0.1527488390231864,0.3528284264919446,0.06172839506172839,-2.3237423050023285,22.037758620486624,0.5693053185345722,fdr_bh,False
phase_split_within_arch,architecture_id=Lin18|target=lt1|feature_set=EMG|with_abs=False,mae,full_cycles,full_window,18,202.06224178285288,193.18283147258396,8.879410310268923,147.29541382292712,148.0033750098649,-0.70796118693778,36.0,0.030364990234375,2.833693530231168,0.011462067943144832,0.6679079703436355,0.09259259259259259,2.6014733877924154,14.580490568451564,0.22971775220788043,fdr_bh,False
phase_split_within_arch,architecture_id=Lin18|target=lt1|feature_set=EMG|with_abs=False,mae,full_cycles,split,18,202.06224178285288,200.7074083188654,1.3548334639874895,147.29541382292712,154.98452372933747,-7.689109906410351,77.0,0.7337265014648438,0.2023214929526625,0.8420668944523464,0.04768763321553798,0.0,-11.082119030553557,13.772723853820073,0.8974932249903889,fdr_bh,False
phase_split_within_arch,architecture_id=Lin18|target=lt1|feature_set=EMG|with_abs=False,mae,full_window,split,18,193.18283147258396,200.7074083188654,-7.524576846281434,148.0033750098649,154.98452372933747,-6.981148719472571,55.0,0.19638824462890625,-1.3122828286703077,0.2068679768844675,-0.30930802899581294,-0.08641975308641975,-17.556254241157013,3.453987497554685,0.5177508267489347,fdr_bh,False
phase_split_within_arch,architecture_id=Lin18|target=lt1|feature_set=EMG|with_abs=True,mae,full_cycles,full_window,18,202.06224178285288,193.18283147258396,8.879410310268923,147.29541382292712,148.0033750098649,-0.70796118693778,36.0,0.030364990234375,2.833693530231168,0.011462067943144832,0.6679079703436355,0.09259259259259259,2.6014733877924154,14.580490568451564,0.22971775220788043,fdr_bh,False
phase_split_within_arch,architecture_id=Lin18|target=lt1|feature_set=EMG|with_abs=True,mae,full_cycles,split,18,202.06224178285288,200.7074083188654,1.3548334639874895,147.29541382292712,154.98452372933747,-7.689109906410351,77.0,0.7337265014648438,0.2023214929526625,0.8420668944523464,0.04768763321553798,0.0,-11.082119030553557,13.772723853820073,0.8974932249903889,fdr_bh,False
phase_split_within_arch,architecture_id=Lin18|target=lt1|feature_set=EMG|with_abs=True,mae,full_window,split,18,193.18283147258396,200.7074083188654,-7.524576846281434,148.0033750098649,154.98452372933747,-6.981148719472571,55.0,0.19638824462890625,-1.3122828286703077,0.2068679768844675,-0.30930802899581294,-0.08641975308641975,-17.556254241157013,3.453987497554685,0.5177508267489347,fdr_bh,False
phase_split_within_arch,architecture_id=Lin18|target=lt1|feature_set=EMG+NIRS+HRV|with_abs=False,mae,full_cycles,full_window,18,183.7056988621239,184.2943710779276,-0.5886722158036832,110.40427847043132,111.79222933673898,-1.387950866307662,70.0,0.522613525390625,-0.31948561570392775,0.7532509203142691,-0.07530348178526888,0.006172839506172839,-4.1107704442196145,3.0438894467368565,0.8047323311324668,fdr_bh,False
phase_split_within_arch,architecture_id=Lin18|target=lt1|feature_set=EMG+NIRS+HRV|with_abs=False,mae,full_cycles,split,18,183.7056988621239,194.102173505814,-10.396474643690084,110.40427847043132,130.1719146916419,-19.767636221210566,44.0,0.0736846923828125,-2.0164388847934616,0.05983586097006564,-0.4752792030952321,-0.09876543209876543,-19.90440878241114,-1.0958010786304833,0.3287470890925481,fdr_bh,False
phase_split_within_arch,architecture_id=Lin18|target=lt1|feature_set=EMG+NIRS+HRV|with_abs=False,mae,full_window,split,18,184.2943710779276,194.102173505814,-9.8078024278864,111.79222933673898,130.1719146916419,-18.379685354902904,42.0,0.0599365234375,-2.1045920946571006,0.050508720993977956,-0.49605711392121205,-0.07407407407407407,-18.245338367265067,-1.114290528618137,0.28769531249999997,fdr_bh,False
phase_split_within_arch,architecture_id=Lin18|target=lt1|feature_set=EMG+NIRS+HRV|with_abs=True,mae,full_cycles,full_window,18,208.56272180707535,205.66772484625596,2.894996960819384,146.33629107981437,149.95026784223904,-3.61397676242467,56.0,0.2121429443359375,1.019253912934416,0.32236950452997265,0.24024045119561618,-0.030864197530864196,-2.761335738391074,8.12702270256832,0.5254501397075177,fdr_bh,False
phase_split_within_arch,architecture_id=Lin18|target=lt1|feature_set=EMG+NIRS+HRV|with_abs=True,mae,full_cycles,split,18,208.56272180707535,212.71343168999954,-4.15070988292419,146.33629107981437,143.51225754242643,2.8240335373879475,67.0,0.44229888916015625,-0.68792913099527,0.5007770599904973,-0.16214645116750803,-0.09876543209876543,-15.99430420161796,7.32987684522615,0.7364593943910737,fdr_bh,False
phase_split_within_arch,architecture_id=Lin18|target=lt1|feature_set=EMG+NIRS+HRV|with_abs=True,mae,full_window,split,18,205.66772484625596,212.71343168999954,-7.045706843743574,149.95026784223904,143.51225754242643,6.438010299812618,55.0,0.19638824462890625,-1.4383043139806073,0.168503255319282,-0.3390115779418509,-0.043209876543209874,-15.947150522616269,1.915079686950157,0.5177508267489347,fdr_bh,False
phase_split_within_arch,architecture_id=Lin18|target=lt2|feature_set=EMG|with_abs=False,mae,full_cycles,full_window,18,226.34063580509618,229.18966608803416,-2.8490302829379743,247.21118520896374,249.6215979653204,-2.4104127563566635,76.0,0.7018814086914062,-0.6848348157749172,0.5026793426189239,-0.16141711407569462,-0.006172839506172839,-11.22313258090825,4.9061363601937265,0.8801972260346284,fdr_bh,False
phase_split_within_arch,architecture_id=Lin18|target=lt2|feature_set=EMG|with_abs=False,mae,full_cycles,split,18,226.34063580509618,222.47346209911743,3.8671737059787574,247.21118520896374,216.8885002975237,30.322684911440035,72.0,0.5798416137695312,0.48189898665505543,0.6360231579444439,0.11358468043690509,0.04938271604938271,-12.300525517168452,19.695924511071205,0.8407703399658203,fdr_bh,False
phase_split_within_arch,architecture_id=Lin18|target=lt2|feature_set=EMG|with_abs=False,mae,full_window,split,18,229.18966608803416,222.47346209911743,6.716203988916732,249.6215979653204,216.8885002975237,32.7330976677967,69.0,0.49507904052734375,0.7488457223530771,0.4641862354238484,0.17650462944613315,0.07407407407407407,-10.330105071381453,24.90321450529431,0.7778216979842693,fdr_bh,False
phase_split_within_arch,architecture_id=Lin18|target=lt2|feature_set=EMG|with_abs=True,mae,full_cycles,full_window,18,226.34063580509618,229.18966608803416,-2.8490302829379743,247.21118520896374,249.6215979653204,-2.4104127563566635,76.0,0.7018814086914062,-0.6848348157749172,0.5026793426189239,-0.16141711407569462,-0.006172839506172839,-11.22313258090825,4.9061363601937265,0.8801972260346284,fdr_bh,False
phase_split_within_arch,architecture_id=Lin18|target=lt2|feature_set=EMG|with_abs=True,mae,full_cycles,split,18,226.34063580509618,222.47346209911743,3.8671737059787574,247.21118520896374,216.8885002975237,30.322684911440035,72.0,0.5798416137695312,0.48189898665505543,0.6360231579444439,0.11358468043690509,0.04938271604938271,-12.300525517168452,19.695924511071205,0.8407703399658203,fdr_bh,False
phase_split_within_arch,architecture_id=Lin18|target=lt2|feature_set=EMG|with_abs=True,mae,full_window,split,18,229.18966608803416,222.47346209911743,6.716203988916732,249.6215979653204,216.8885002975237,32.7330976677967,69.0,0.49507904052734375,0.7488457223530771,0.4641862354238484,0.17650462944613315,0.07407407407407407,-10.330105071381453,24.90321450529431,0.7778216979842693,fdr_bh,False
phase_split_within_arch,architecture_id=Lin18|target=lt2|feature_set=EMG+NIRS+HRV|with_abs=False,mae,full_cycles,full_window,18,168.4231917763808,167.20450579512837,1.2186859812524347,152.6355538438046,150.56417685217724,2.0713769916273463,81.0,0.8650436401367188,0.45442732696006355,0.6552700291945864,0.10710954814997913,0.012345679012345678,-3.817387223070789,6.520553898437936,0.9451654215622547,fdr_bh,False
phase_split_within_arch,architecture_id=Lin18|target=lt2|feature_set=EMG+NIRS+HRV|with_abs=False,mae,full_cycles,split,18,168.4231917763808,166.44600261718367,1.9771891591971382,152.6355538438046,152.77778941976385,-0.14223557595926195,68.0,0.468292236328125,0.9621204784009925,0.3494756819823917,0.22677397153192902,0.024691358024691357,-1.5426937521538568,5.834304431823404,0.7562213375507542,fdr_bh,False
phase_split_within_arch,architecture_id=Lin18|target=lt2|feature_set=EMG+NIRS+HRV|with_abs=False,mae,full_window,split,18,167.20450579512837,166.44600261718367,0.7585031779447036,150.56417685217724,152.77778941976385,-2.2136125675866083,85.0,1.0,0.30291813952769653,0.7656276218768018,0.07139849020148233,-0.030864197530864196,-3.7878403406057863,6.137392859046935,1.0,fdr_bh,False
phase_split_within_arch,architecture_id=Lin18|target=lt2|feature_set=EMG+NIRS+HRV|with_abs=True,mae,full_cycles,full_window,18,129.39030312823846,130.32460711690365,-0.9343039886651923,115.89007227118375,122.07357009515522,-6.183497823971464,84.0,0.9661178588867188,-0.4462950040866526,0.6610166562213845,-0.10519274126645002,-0.018518518518518517,-4.9842570524980845,3.256138317398052,0.9816321602703011,fdr_bh,False
phase_split_within_arch,architecture_id=Lin18|target=lt2|feature_set=EMG+NIRS+HRV|with_abs=True,mae,full_cycles,split,18,129.39030312823846,130.91952149921502,-1.5292183709765652,115.89007227118375,118.10139257972439,-2.2113203085406354,74.0,0.6396942138671875,-0.4451755712071963,0.6618094118723306,-0.10492888840640108,-0.012345679012345678,-8.064142379768093,5.50485972129367,0.8628433582394621,fdr_bh,False
phase_split_within_arch,architecture_id=Lin18|target=lt2|feature_set=EMG+NIRS+HRV|with_abs=True,mae,full_window,split,18,130.32460711690365,130.91952149921502,-0.594914382311373,122.07357009515522,118.10139257972439,3.972177515430829,76.0,0.7018814086914062,-0.21023462819989028,0.8359836754449824,-0.04955277708012499,0.030864197530864196,-5.933788573518031,5.183613483650797,0.8801972260346284,fdr_bh,False
phase_split_within_arch,architecture_id=Lin19|target=lt1|feature_set=EMG|with_abs=False,mae,full_cycles,full_window,18,206.47261228916642,198.95166979889188,7.520942490274535,156.00553599701567,143.57720432533756,12.428331671678109,45.0,0.08142852783203125,2.3247499080356167,0.03272661301720645,0.5479488081782624,0.06790123456790123,1.2498778879408472,13.985172012488373,0.34557472787252286,fdr_bh,False
phase_split_within_arch,architecture_id=Lin19|target=lt1|feature_set=EMG|with_abs=False,mae,full_cycles,split,18,206.47261228916642,202.17493179598574,4.297680493180678,156.00553599701567,163.1144228056492,-7.108886808633542,73.0,0.6094589233398438,0.6041201051777979,0.553741148539616,0.14239247434078373,0.043209876543209874,-7.912586821193537,18.375765984705186,0.8483668212890626,fdr_bh,False
phase_split_within_arch,architecture_id=Lin19|target=lt1|feature_set=EMG|with_abs=False,mae,full_window,split,18,198.95166979889188,202.17493179598574,-3.223261997093857,143.57720432533756,163.1144228056492,-19.53721848031165,73.0,0.6094589233398438,-0.5178735538506387,0.6112204310324106,-0.12206396724165446,-0.030864197530864196,-14.718843604102892,8.187558775795894,0.8483668212890626,fdr_bh,False
phase_split_within_arch,architecture_id=Lin19|target=lt1|feature_set=EMG|with_abs=True,mae,full_cycles,full_window,18,206.47261228916642,198.95166979889188,7.520942490274535,156.00553599701567,143.57720432533756,12.428331671678109,45.0,0.08142852783203125,2.3247499080356167,0.03272661301720645,0.5479488081782624,0.06790123456790123,1.2498778879408472,13.985172012488373,0.34557472787252286,fdr_bh,False
phase_split_within_arch,architecture_id=Lin19|target=lt1|feature_set=EMG|with_abs=True,mae,full_cycles,split,18,206.47261228916642,202.17493179598574,4.297680493180678,156.00553599701567,163.1144228056492,-7.108886808633542,73.0,0.6094589233398438,0.6041201051777979,0.553741148539616,0.14239247434078373,0.043209876543209874,-7.912586821193537,18.375765984705186,0.8483668212890626,fdr_bh,False
phase_split_within_arch,architecture_id=Lin19|target=lt1|feature_set=EMG|with_abs=True,mae,full_window,split,18,198.95166979889188,202.17493179598574,-3.223261997093857,143.57720432533756,163.1144228056492,-19.53721848031165,73.0,0.6094589233398438,-0.5178735538506387,0.6112204310324106,-0.12206396724165446,-0.030864197530864196,-14.718843604102892,8.187558775795894,0.8483668212890626,fdr_bh,False
phase_split_within_arch,architecture_id=Lin19|target=lt1|feature_set=EMG+NIRS+HRV|with_abs=False,mae,full_cycles,full_window,18,183.6042141263556,176.86402029743695,6.740193828918649,125.86173948172244,106.7592797757432,19.102459705979243,46.0,0.0897674560546875,1.5646023229712505,0.1360996577632997,0.3687803041443986,0.05555555555555555,-1.4888189068512687,15.158088112120673,0.35906982421875,fdr_bh,False
phase_split_within_arch,architecture_id=Lin19|target=lt1|feature_set=EMG+NIRS+HRV|with_abs=False,mae,full_cycles,split,18,183.6042141263556,187.76440812210723,-4.1601939957516265,125.86173948172244,137.46612562520036,-11.604386143477925,69.0,0.49507904052734375,-0.8886581944925476,0.38658855025333216,-0.2094587451608914,-0.037037037037037035,-14.205629494275085,5.1472720343265825,0.7778216979842693,fdr_bh,False
phase_split_within_arch,architecture_id=Lin19|target=lt1|feature_set=EMG+NIRS+HRV|with_abs=False,mae,full_window,split,18,176.86402029743695,187.76440812210723,-10.900387824670275,106.7592797757432,137.46612562520036,-30.706845849457167,49.0,0.11870574951171875,-1.8143032633487812,0.08731920071215024,-0.4276353802142686,-0.1111111111111111,-22.697447392920907,0.3807797398212598,0.4130960083007813,fdr_bh,False
phase_split_within_arch,architecture_id=Lin19|target=lt1|feature_set=EMG+NIRS+HRV|with_abs=True,mae,full_cycles,full_window,18,211.85221713207153,209.7187358462306,2.1334812858409293,149.97174576126045,138.67404889102434,11.29769687023611,73.0,0.6094589233398438,0.6150237157899302,0.5466842645239528,0.14496248000853587,0.012345679012345678,-3.6030881442799516,9.411375805031902,0.8483668212890626,fdr_bh,False
phase_split_within_arch,architecture_id=Lin19|target=lt1|feature_set=EMG+NIRS+HRV|with_abs=True,mae,full_cycles,split,18,211.85221713207153,207.6756915975645,4.176525534507022,149.97174576126045,154.80859089096026,-4.83684512969981,75.0,0.6705245971679688,0.8276781989854366,0.4193205294261876,0.19508562238095697,0.018518518518518517,-5.02367403072615,14.72430375610874,0.8658351013523307,fdr_bh,False
phase_split_within_arch,architecture_id=Lin19|target=lt1|feature_set=EMG+NIRS+HRV|with_abs=True,mae,full_window,split,18,209.7187358462306,207.6756915975645,2.0430442486660922,138.67404889102434,154.80859089096026,-16.13454199993592,79.0,0.7987060546875,0.361792278085049,0.7219650534610303,0.08527525773828909,0.030864197530864196,-7.710558916699172,12.7468293063452,0.9264990234375,fdr_bh,False
phase_split_within_arch,architecture_id=Lin19|target=lt2|feature_set=EMG|with_abs=False,mae,full_cycles,full_window,18,230.43601475741494,224.3612182983528,6.074796459062128,243.05245547854025,233.14661638174692,9.90583909679333,60.0,0.28372955322265625,1.1855068274012759,0.25212432116396977,0.2794266389327974,0.06790123456790123,-3.933647466961428,15.61385894533778,0.6094931143301505,fdr_bh,False
phase_split_within_arch,architecture_id=Lin19|target=lt2|feature_set=EMG|with_abs=False,mae,full_cycles,split,18,230.43601475741494,218.84688291612363,11.589131841291305,243.05245547854025,209.26865024906135,33.7838052294789,56.0,0.2121429443359375,1.2184346533991834,0.23969865312655683,0.28718780195041443,0.08024691358024691,-6.422813594239927,31.07578304052513,0.5254501397075177,fdr_bh,False
phase_split_within_arch,architecture_id=Lin19|target=lt2|feature_set=EMG|with_abs=False,mae,full_window,split,18,224.3612182983528,218.84688291612363,5.514335382229177,233.14661638174692,209.26865024906135,23.87796613268557,75.0,0.6705245971679688,0.5359679912953776,0.5989240530571862,0.12632886704796467,0.06790123456790123,-14.728729787761573,26.946932174549637,0.8658351013523307,fdr_bh,False
phase_split_within_arch,architecture_id=Lin19|target=lt2|feature_set=EMG|with_abs=True,mae,full_cycles,full_window,18,230.43601475741494,224.3612182983528,6.074796459062128,243.05245547854025,233.14661638174692,9.90583909679333,60.0,0.28372955322265625,1.1855068274012759,0.25212432116396977,0.2794266389327974,0.06790123456790123,-3.933647466961428,15.61385894533778,0.6094931143301505,fdr_bh,False
phase_split_within_arch,architecture_id=Lin19|target=lt2|feature_set=EMG|with_abs=True,mae,full_cycles,split,18,230.43601475741494,218.84688291612363,11.589131841291305,243.05245547854025,209.26865024906135,33.7838052294789,56.0,0.2121429443359375,1.2184346533991834,0.23969865312655683,0.28718780195041443,0.08024691358024691,-6.422813594239927,31.07578304052513,0.5254501397075177,fdr_bh,False
phase_split_within_arch,architecture_id=Lin19|target=lt2|feature_set=EMG|with_abs=True,mae,full_window,split,18,224.3612182983528,218.84688291612363,5.514335382229177,233.14661638174692,209.26865024906135,23.87796613268557,75.0,0.6705245971679688,0.5359679912953776,0.5989240530571862,0.12632886704796467,0.06790123456790123,-14.728729787761573,26.946932174549637,0.8658351013523307,fdr_bh,False
phase_split_within_arch,architecture_id=Lin19|target=lt2|feature_set=EMG+NIRS+HRV|with_abs=False,mae,full_cycles,full_window,18,171.22875038520922,169.43286919446086,1.7958811907483607,150.82961744272626,142.07460231917435,8.755015123551914,69.0,0.49507904052734375,0.6513454581158353,0.5235316419808496,0.15352359677625518,0.037037037037037035,-3.235942075010503,6.787046477323437,0.7778216979842693,fdr_bh,False
phase_split_within_arch,architecture_id=Lin19|target=lt2|feature_set=EMG+NIRS+HRV|with_abs=False,mae,full_cycles,split,18,171.22875038520922,166.4949025357923,4.733847849416918,150.82961744272626,138.68816870444647,12.141448738279792,54.0,0.18146514892578125,1.4560955367366712,0.1635867335218928,0.3432050093606552,0.04938271604938271,-1.497245680391506,10.972417769761096,0.501189458937872,fdr_bh,False
phase_split_within_arch,architecture_id=Lin19|target=lt2|feature_set=EMG+NIRS+HRV|with_abs=False,mae,full_window,split,18,169.43286919446086,166.4949025357923,2.9379666586685573,142.07460231917435,138.68816870444647,3.3864336147278777,70.0,0.522613525390625,0.9873002554421921,0.3373402096178642,0.23270890189679486,0.012345679012345678,-2.8905394177980304,9.17197685781333,0.8047323311324668,fdr_bh,False
phase_split_within_arch,architecture_id=Lin19|target=lt2|feature_set=EMG+NIRS+HRV|with_abs=True,mae,full_cycles,full_window,18,130.5241519242715,127.32025713678046,3.203894787491052,117.88091799359324,119.46068930111903,-1.5797713075257889,58.0,0.24620819091796875,1.0910256934318796,0.2904842610063294,0.2571572220914792,0.043209876543209874,-2.1697757775499977,8.763439285530227,0.5693053185345722,fdr_bh,False
phase_split_within_arch,architecture_id=Lin19|target=lt2|feature_set=EMG+NIRS+HRV|with_abs=True,mae,full_cycles,split,18,130.5241519242715,130.69840197614292,-0.17425005187141096,117.88091799359324,114.83782176913427,3.043096224458978,84.0,0.9661178588867188,-0.06711246890182827,0.9472751679509939,-0.015818560620884686,0.012345679012345678,-5.263014357394466,5.191884003217996,0.9816321602703011,fdr_bh,False
phase_split_within_arch,architecture_id=Lin19|target=lt2|feature_set=EMG+NIRS+HRV|with_abs=True,mae,full_window,split,18,127.32025713678046,130.69840197614292,-3.378144839362463,119.46068930111903,114.83782176913427,4.622867531984767,61.0,0.30379486083984375,-0.8450421088400661,0.4098233402251713,-0.1991783351829971,0.018518518518518517,-10.537735528069325,4.576621017078664,0.6311678302821828,fdr_bh,False
phase_split_within_arch,architecture_id=Lin2|target=lt1|feature_set=EMG|with_abs=False,mae,full_cycles,full_window,18,273.38214978650456,292.57483668342036,-19.192686896915802,223.19444631641483,245.5359370356597,-22.341490719244888,30.0,0.0138702392578125,-2.6479588100936793,0.016912214629205568,-0.6241298769733007,-0.07407407407407407,-32.583955951208,-6.998693287227512,0.15323311941964285,fdr_bh,False
phase_split_within_arch,architecture_id=Lin2|target=lt1|feature_set=EMG|with_abs=False,mae,full_cycles,split,18,273.38214978650456,334.79221036639177,-61.410060579887215,223.19444631641483,327.8673419875107,-104.67289567109589,34.0,0.02367401123046875,-2.6857723179914945,0.015632208812048007,-0.6330426062582993,-0.12962962962962962,-107.05558245563266,-18.91254886074665,0.20342113353587962,fdr_bh,False
phase_split_within_arch,architecture_id=Lin2|target=lt1|feature_set=EMG|with_abs=False,mae,full_window,split,18,292.57483668342036,334.79221036639177,-42.21737368297141,245.5359370356597,327.8673419875107,-82.331404951851,50.0,0.12973785400390625,-1.8876380442806073,0.07626718293933211,-0.44492055384550994,-0.07407407407407407,-86.04879303393372,-0.16775652417773912,0.4320456764914773,fdr_bh,False
phase_split_within_arch,architecture_id=Lin2|target=lt1|feature_set=EMG|with_abs=True,mae,full_cycles,full_window,18,273.38214978650456,292.57483668342036,-19.192686896915802,223.19444631641483,245.5359370356597,-22.341490719244888,30.0,0.0138702392578125,-2.6479588100936793,0.016912214629205568,-0.6241298769733007,-0.07407407407407407,-32.583955951208,-6.998693287227512,0.15323311941964285,fdr_bh,False
phase_split_within_arch,architecture_id=Lin2|target=lt1|feature_set=EMG|with_abs=True,mae,full_cycles,split,18,273.38214978650456,334.79221036639177,-61.410060579887215,223.19444631641483,327.8673419875107,-104.67289567109589,34.0,0.02367401123046875,-2.6857723179914945,0.015632208812048007,-0.6330426062582993,-0.12962962962962962,-107.05558245563266,-18.91254886074665,0.20342113353587962,fdr_bh,False
phase_split_within_arch,architecture_id=Lin2|target=lt1|feature_set=EMG|with_abs=True,mae,full_window,split,18,292.57483668342036,334.79221036639177,-42.21737368297141,245.5359370356597,327.8673419875107,-82.331404951851,50.0,0.12973785400390625,-1.8876380442806073,0.07626718293933211,-0.44492055384550994,-0.07407407407407407,-86.04879303393372,-0.16775652417773912,0.4320456764914773,fdr_bh,False
phase_split_within_arch,architecture_id=Lin2|target=lt1|feature_set=EMG+NIRS+HRV|with_abs=False,mae,full_cycles,full_window,18,183.43171138144208,167.00083635221733,16.43087502922475,118.60957270658432,117.51697958391108,1.092593122673236,26.0,0.0076904296875,2.210552265186779,0.04106263599893944,0.5210321656269516,0.07407407407407407,2.455351776475207,30.642962168659583,0.12744140625,fdr_bh,False
phase_split_within_arch,architecture_id=Lin2|target=lt1|feature_set=EMG+NIRS+HRV|with_abs=False,mae,full_cycles,split,18,183.43171138144208,218.364202964074,-34.93249158263191,118.60957270658432,191.01365969129986,-72.40408698471555,24.0,0.0055999755859375,-2.989380168095618,0.008239092778084033,-0.7046036628016643,-0.16666666666666666,-56.76796395789368,-12.320743301173177,0.10534008129222973,fdr_bh,False
phase_split_within_arch,architecture_id=Lin2|target=lt1|feature_set=EMG+NIRS+HRV|with_abs=False,mae,full_window,split,18,167.00083635221733,218.364202964074,-51.36336661185666,117.51697958391108,191.01365969129986,-73.49668010738878,14.0,0.0008392333984375,-3.9956885185934925,0.0009359084451559363,-0.9417928156688964,-0.2654320987654321,-75.42578745569716,-26.15124870091166,0.05597686767578125,fdr_bh,False
phase_split_within_arch,architecture_id=Lin2|target=lt1|feature_set=EMG+NIRS+HRV|with_abs=True,mae,full_cycles,full_window,18,229.8001984833239,212.3985406449082,17.4016578384157,161.3449267431637,164.13407682103082,-2.789150077867106,30.0,0.0138702392578125,2.2689301955875285,0.03658239542741758,0.5347919757796202,0.08641975308641975,2.02242977480889,32.560742626871985,0.15323311941964285,fdr_bh,False
phase_split_within_arch,architecture_id=Lin2|target=lt1|feature_set=EMG+NIRS+HRV|with_abs=True,mae,full_cycles,split,18,229.8001984833239,257.98533786304915,-28.185139379725257,161.3449267431637,233.13455394665388,-71.78962720349017,33.0,0.02081298828125,-2.2870735938273206,0.03528508884561235,-0.5390684157559953,-0.1111111111111111,-50.9359713975418,-3.7787371921797606,0.19575459248310811,fdr_bh,False
phase_split_within_arch,architecture_id=Lin2|target=lt1|feature_set=EMG+NIRS+HRV|with_abs=True,mae,full_window,split,18,212.3985406449082,257.98533786304915,-45.58679721814096,164.13407682103082,233.13455394665388,-69.00047712562306,21.0,0.00336456298828125,-3.5429621343044246,0.002499927804589473,-0.8350841835512741,-0.16049382716049382,-70.95570646701657,-20.083303135979108,0.06690673828125,fdr_bh,False
phase_split_within_arch,architecture_id=Lin2|target=lt2|feature_set=EMG|with_abs=False,mae,full_cycles,full_window,18,313.8704531273336,355.3132298185149,-41.442776691181336,238.68467519294498,316.7715014219564,-78.0868262290114,18.0,0.00193023681640625,-3.6909838525613243,0.0018129818091730332,-0.8699732371320535,-0.07407407407407407,-63.25596724963428,-21.755676149238873,0.05597686767578125,fdr_bh,False
phase_split_within_arch,architecture_id=Lin2|target=lt2|feature_set=EMG|with_abs=False,mae,full_cycles,split,18,313.8704531273336,312.9321163746736,0.93833675265995,238.68467519294498,233.86029844042892,4.824376752516059,80.0,0.83172607421875,0.03405670466099547,0.9732286182844228,0.008027242270219132,-0.024691358024691357,-49.08638563909687,53.897388582411985,0.9382193641106159,fdr_bh,False
phase_split_within_arch,architecture_id=Lin2|target=lt2|feature_set=EMG|with_abs=False,mae,full_window,split,18,355.3132298185149,312.9321163746736,42.381113443841286,316.7715014219564,233.86029844042892,82.91120298152745,56.0,0.2121429443359375,1.277480287102806,0.21860397406918292,0.3011049912808439,0.06172839506172839,-18.66306045433552,105.40208722599442,0.5254501397075177,fdr_bh,False
phase_split_within_arch,architecture_id=Lin2|target=lt2|feature_set=EMG|with_abs=True,mae,full_cycles,full_window,18,313.8704531273336,355.3132298185149,-41.442776691181336,238.68467519294498,316.7715014219564,-78.0868262290114,18.0,0.00193023681640625,-3.6909838525613243,0.0018129818091730332,-0.8699732371320535,-0.07407407407407407,-63.25596724963428,-21.755676149238873,0.05597686767578125,fdr_bh,False
phase_split_within_arch,architecture_id=Lin2|target=lt2|feature_set=EMG|with_abs=True,mae,full_cycles,split,18,313.8704531273336,312.9321163746736,0.93833675265995,238.68467519294498,233.86029844042892,4.824376752516059,80.0,0.83172607421875,0.03405670466099547,0.9732286182844228,0.008027242270219132,-0.024691358024691357,-49.08638563909687,53.897388582411985,0.9382193641106159,fdr_bh,False
phase_split_within_arch,architecture_id=Lin2|target=lt2|feature_set=EMG|with_abs=True,mae,full_window,split,18,355.3132298185149,312.9321163746736,42.381113443841286,316.7715014219564,233.86029844042892,82.91120298152745,56.0,0.2121429443359375,1.277480287102806,0.21860397406918292,0.3011049912808439,0.06172839506172839,-18.66306045433552,105.40208722599442,0.5254501397075177,fdr_bh,False
phase_split_within_arch,architecture_id=Lin2|target=lt2|feature_set=EMG+NIRS+HRV|with_abs=False,mae,full_cycles,full_window,18,160.56445371636556,157.43148186613917,3.1329718502263972,150.72702035174797,149.76446194611114,0.9625584056368268,63.0,0.34654998779296875,0.4714519923443683,0.643311864849568,0.11112230026353703,0.012345679012345678,-9.718765111108226,15.324199013110682,0.6644594807270144,fdr_bh,False
phase_split_within_arch,architecture_id=Lin2|target=lt2|feature_set=EMG+NIRS+HRV|with_abs=False,mae,full_cycles,split,18,160.56445371636556,177.3580007425642,-16.793547026198638,150.72702035174797,167.27701847853393,-16.549998126785965,59.0,0.2645263671875,-1.3118027163832409,0.2070264237013933,-0.30919486544450764,-0.11728395061728394,-44.309631999205344,5.200225801525062,0.5939043598790322,fdr_bh,False
phase_split_within_arch,architecture_id=Lin2|target=lt2|feature_set=EMG+NIRS+HRV|with_abs=False,mae,full_window,split,18,157.43148186613917,177.3580007425642,-19.926518876425035,149.76446194611114,167.27701847853393,-17.512556532422792,60.0,0.28372955322265625,-1.2526937999136492,0.2272757893232526,-0.29526276022309517,-0.14814814814814814,-51.411497215139185,7.013754028722388,0.6094931143301505,fdr_bh,False
phase_split_within_arch,architecture_id=Lin2|target=lt2|feature_set=EMG+NIRS+HRV|with_abs=True,mae,full_cycles,full_window,18,173.82325155782175,173.13285468353504,0.690396874286705,125.24527755023864,138.93415072148812,-13.688873171249483,81.0,0.8650436401367188,0.10505630136347037,0.917560734959112,0.024762007700162483,-0.043209876543209874,-11.239845080985143,13.370881675864645,0.9451654215622547,fdr_bh,False
phase_split_within_arch,architecture_id=Lin2|target=lt2|feature_set=EMG+NIRS+HRV|with_abs=True,mae,full_cycles,split,18,173.82325155782175,177.38987636846105,-3.566624810639297,125.24527755023864,150.00535506844784,-24.7600775182092,74.0,0.6396942138671875,-0.3722072726258809,0.7143377917477594,-0.08773009549357015,-0.037037037037037035,-21.67663404850419,16.31717184077705,0.8628433582394621,fdr_bh,False
phase_split_within_arch,architecture_id=Lin2|target=lt2|feature_set=EMG+NIRS+HRV|with_abs=True,mae,full_window,split,18,173.13285468353504,177.38987636846105,-4.257021684926002,138.93415072148812,150.00535506844784,-11.071204346959718,75.0,0.6705245971679688,-0.33062989491132067,0.7449640956732432,-0.07793021358493014,-0.006172839506172839,-28.315835404302373,20.996095759577933,0.8658351013523307,fdr_bh,False
phase_split_within_arch,architecture_id=Lin20|target=lt1|feature_set=EMG|with_abs=False,mae,full_cycles,full_window,18,205.724909555116,197.56837928978334,8.156530265332663,158.75650857802987,148.51011984770196,10.246388730327908,41.0,0.05385589599609375,2.1065298085684825,0.05031945615554517,0.4965138374701246,0.07407407407407407,0.595133880785429,14.765828746286934,0.27162104067595105,fdr_bh,False
phase_split_within_arch,architecture_id=Lin20|target=lt1|feature_set=EMG|with_abs=False,mae,full_cycles,split,18,205.724909555116,199.6933366669677,6.031572888148304,158.75650857802987,176.55456959607056,-17.7980610180407,72.0,0.5798416137695312,0.7137159917400548,0.48508700010636974,0.16822447253355827,0.018518518518518517,-8.778090791549808,22.36142557493517,0.8407703399658203,fdr_bh,False
phase_split_within_arch,architecture_id=Lin20|target=lt1|feature_set=EMG|with_abs=False,mae,full_window,split,18,197.56837928978334,199.6933366669677,-2.1249573771843586,148.51011984770196,176.55456959607056,-28.044449748368606,83.0,0.932281494140625,-0.2973584665856148,0.7697958214807196,-0.07008806272197388,-0.037037037037037035,-14.522991936719945,11.861245764077912,0.9742761560388514,fdr_bh,False
phase_split_within_arch,architecture_id=Lin20|target=lt1|feature_set=EMG|with_abs=True,mae,full_cycles,full_window,18,205.724909555116,197.56837928978334,8.156530265332663,158.75650857802987,148.51011984770196,10.246388730327908,41.0,0.05385589599609375,2.1065298085684825,0.05031945615554517,0.4965138374701246,0.07407407407407407,0.595133880785429,14.765828746286934,0.27162104067595105,fdr_bh,False
phase_split_within_arch,architecture_id=Lin20|target=lt1|feature_set=EMG|with_abs=True,mae,full_cycles,split,18,205.724909555116,199.6933366669677,6.031572888148304,158.75650857802987,176.55456959607056,-17.7980610180407,72.0,0.5798416137695312,0.7137159917400548,0.48508700010636974,0.16822447253355827,0.018518518518518517,-8.778090791549808,22.36142557493517,0.8407703399658203,fdr_bh,False
phase_split_within_arch,architecture_id=Lin20|target=lt1|feature_set=EMG|with_abs=True,mae,full_window,split,18,197.56837928978334,199.6933366669677,-2.1249573771843586,148.51011984770196,176.55456959607056,-28.044449748368606,83.0,0.932281494140625,-0.2973584665856148,0.7697958214807196,-0.07008806272197388,-0.037037037037037035,-14.522991936719945,11.861245764077912,0.9742761560388514,fdr_bh,False
phase_split_within_arch,architecture_id=Lin20|target=lt1|feature_set=EMG+NIRS+HRV|with_abs=False,mae,full_cycles,full_window,18,189.48308914779645,189.34178122233644,0.14130792546001203,127.21549593632025,123.15373531146146,4.061760624858792,80.0,0.83172607421875,0.0768332486744645,0.9396532280038283,0.018109770386102054,0.030864197530864196,-3.3504472268252763,3.4659350113546994,0.9382193641106159,fdr_bh,False
phase_split_within_arch,architecture_id=Lin20|target=lt1|feature_set=EMG+NIRS+HRV|with_abs=False,mae,full_cycles,split,18,189.48308914779645,196.49653061780748,-7.013441470011031,127.21549593632025,129.9997759627226,-2.7842800264023424,66.0,0.4171142578125,-0.9906826439251657,0.335732802715928,-0.23350613850776752,-0.030864197530864196,-21.142357369414288,5.521418233759629,0.7275978031015038,fdr_bh,False
phase_split_within_arch,architecture_id=Lin20|target=lt1|feature_set=EMG+NIRS+HRV|with_abs=False,mae,full_window,split,18,189.34178122233644,196.49653061780748,-7.154749395471043,123.15373531146146,129.9997759627226,-6.846040651261134,65.0,0.39273834228515625,-1.0475523448368582,0.30951105902152204,-0.2469104555606704,-0.06172839506172839,-20.934218986282794,5.397306691588337,0.6990943381853421,fdr_bh,False
phase_split_within_arch,architecture_id=Lin20|target=lt1|feature_set=EMG+NIRS+HRV|with_abs=True,mae,full_cycles,full_window,18,213.84544643646254,213.78086404143951,0.06458239502302376,149.67210821186003,148.51092548710596,1.1611827247540703,85.0,1.0,0.019345730956940664,0.9847905500702147,0.004559832515554421,-0.012345679012345678,-6.067094105756211,6.039584275593637,1.0,fdr_bh,False
phase_split_within_arch,architecture_id=Lin20|target=lt1|feature_set=EMG+NIRS+HRV|with_abs=True,mae,full_cycles,split,18,213.84544643646254,217.6755654858832,-3.8301190494206594,149.67210821186003,147.50806925205455,2.164038959805481,77.0,0.7337265014648438,-0.6236692393941324,0.5411235242628599,-0.14700024946434911,-0.05555555555555555,-14.814953482996676,8.145573789179606,0.8974932249903889,fdr_bh,False
phase_split_within_arch,architecture_id=Lin20|target=lt1|feature_set=EMG+NIRS+HRV|with_abs=True,mae,full_window,split,18,213.78086404143951,217.6755654858832,-3.894701444443683,148.51092548710596,147.50806925205455,1.0028562350514107,69.0,0.49507904052734375,-0.6267475426630968,0.5391510407796459,-0.14772581250302694,-0.037037037037037035,-15.119599057912973,8.086502575365504,0.7778216979842693,fdr_bh,False
phase_split_within_arch,architecture_id=Lin20|target=lt2|feature_set=EMG|with_abs=False,mae,full_cycles,full_window,18,231.79535882254362,234.1183623010661,-2.3230034785224802,247.64832863278588,252.23723382457334,-4.588905191787461,79.0,0.7987060546875,-0.5135401071469275,0.6141833204471285,-0.12104256405828623,-0.043209876543209874,-11.522147230877023,5.648793876559844,0.9264990234375,fdr_bh,False
phase_split_within_arch,architecture_id=Lin20|target=lt2|feature_set=EMG|with_abs=False,mae,full_cycles,split,18,231.79535882254362,226.87737504292056,4.917983779623057,247.64832863278588,210.5167010466729,37.131627586112984,70.0,0.522613525390625,0.537036090486326,0.5982020424847346,0.1265806204415978,0.08641975308641975,-12.225167537793363,24.005533931484745,0.8047323311324668,fdr_bh,False
phase_split_within_arch,architecture_id=Lin20|target=lt2|feature_set=EMG|with_abs=False,mae,full_window,split,18,234.1183623010661,226.87737504292056,7.2409872581455375,252.23723382457334,210.5167010466729,41.720532777900445,64.0,0.3692169189453125,0.6813673831021607,0.5048159456107241,0.1605998323569567,0.10493827160493827,-11.549454706066214,28.386301173731482,0.6744750015378936,fdr_bh,False
phase_split_within_arch,architecture_id=Lin20|target=lt2|feature_set=EMG|with_abs=True,mae,full_cycles,full_window,18,231.79535882254362,234.1183623010661,-2.3230034785224802,247.64832863278588,252.23723382457334,-4.588905191787461,79.0,0.7987060546875,-0.5135401071469275,0.6141833204471285,-0.12104256405828623,-0.043209876543209874,-11.522147230877023,5.648793876559844,0.9264990234375,fdr_bh,False
phase_split_within_arch,architecture_id=Lin20|target=lt2|feature_set=EMG|with_abs=True,mae,full_cycles,split,18,231.79535882254362,226.87737504292056,4.917983779623057,247.64832863278588,210.5167010466729,37.131627586112984,70.0,0.522613525390625,0.537036090486326,0.5982020424847346,0.1265806204415978,0.08641975308641975,-12.225167537793363,24.005533931484745,0.8047323311324668,fdr_bh,False
phase_split_within_arch,architecture_id=Lin20|target=lt2|feature_set=EMG|with_abs=True,mae,full_window,split,18,234.1183623010661,226.87737504292056,7.2409872581455375,252.23723382457334,210.5167010466729,41.720532777900445,64.0,0.3692169189453125,0.6813673831021607,0.5048159456107241,0.1605998323569567,0.10493827160493827,-11.549454706066214,28.386301173731482,0.6744750015378936,fdr_bh,False
phase_split_within_arch,architecture_id=Lin20|target=lt2|feature_set=EMG+NIRS+HRV|with_abs=False,mae,full_cycles,full_window,18,168.95194342936324,168.88982710098205,0.06211632838119385,146.53022296292716,140.2216274086929,6.308595554234245,82.0,0.8985748291015625,0.018576993039020103,0.9853948501819956,0.004378639250648801,-0.006172839506172839,-6.307403355584369,6.922944188219515,0.9606882965509793,fdr_bh,False
phase_split_within_arch,architecture_id=Lin20|target=lt2|feature_set=EMG+NIRS+HRV|with_abs=False,mae,full_cycles,split,18,168.95194342936324,168.61934086679426,0.33260256256897947,146.53022296292716,148.31347836859774,-1.7832554056705874,83.0,0.932281494140625,0.1263117819523607,0.9009670175047547,0.02977197252075694,-0.018518518518518517,-4.8830927165630875,5.66700538173955,0.9742761560388514,fdr_bh,False
phase_split_within_arch,architecture_id=Lin20|target=lt2|feature_set=EMG+NIRS+HRV|with_abs=False,mae,full_window,split,18,168.88982710098205,168.61934086679426,0.2704862341877856,140.2216274086929,148.31347836859774,-8.091850959904832,81.0,0.8650436401367188,0.07593885676101103,0.9403542692609124,0.0178989601904216,-0.012345679012345678,-6.699570715638516,7.135307221654665,0.9451654215622547,fdr_bh,False
phase_split_within_arch,architecture_id=Lin20|target=lt2|feature_set=EMG+NIRS+HRV|with_abs=True,mae,full_cycles,full_window,18,132.24495430933578,133.58176237812933,-1.3368080687935446,118.61769700280455,118.47135654120719,0.14634046159736158,72.0,0.5798416137695312,-0.7605402912423483,0.4573513324657547,-0.17926106576768544,0.0,-4.703708815241392,1.8556129092404159,0.8407703399658203,fdr_bh,False
phase_split_within_arch,architecture_id=Lin20|target=lt2|feature_set=EMG+NIRS+HRV|with_abs=True,mae,full_cycles,split,18,132.24495430933578,135.7906332660339,-3.5456789566981115,118.61769700280455,122.19419113093403,-3.5764941281294824,61.0,0.30379486083984375,-0.940553302546679,0.3601076249917379,-0.22169053943271974,-0.06172839506172839,-10.458982281445712,3.6776647169800682,0.6311678302821828,fdr_bh,False
phase_split_within_arch,architecture_id=Lin20|target=lt2|feature_set=EMG+NIRS+HRV|with_abs=True,mae,full_window,split,18,133.58176237812933,135.7906332660339,-2.208870887904567,118.47135654120719,122.19419113093403,-3.722834589726844,63.0,0.34654998779296875,-0.5739289279921591,0.573531750445868,-0.13527634563412713,-0.037037037037037035,-9.303174244946742,5.352484877533228,0.6644594807270144,fdr_bh,False
phase_split_within_arch,architecture_id=Lin21|target=lt1|feature_set=EMG|with_abs=False,mae,full_cycles,full_window,18,213.645002891436,206.31678703598334,7.328215855452669,163.77938589353312,156.0944184819017,7.684967411631419,39.0,0.0431671142578125,2.2102341823699474,0.041088379576121256,0.5209571927880313,0.07407407407407407,0.4229215069963135,13.879124591700826,0.2612548828125,fdr_bh,False
phase_split_within_arch,architecture_id=Lin21|target=lt1|feature_set=EMG|with_abs=False,mae,full_cycles,split,18,213.645002891436,205.55480415014065,8.090198741295353,163.77938589353312,160.65218779280332,3.1271981007297995,67.0,0.44229888916015625,0.8572491839264726,0.4032307848612783,0.2020555703736809,0.06790123456790123,-8.759229647186089,26.45909318635517,0.7364593943910737,fdr_bh,False
phase_split_within_arch,architecture_id=Lin21|target=lt1|feature_set=EMG|with_abs=False,mae,full_window,split,18,206.31678703598334,205.55480415014065,0.7619828858426843,156.0944184819017,160.65218779280332,-4.5577693109016195,84.0,0.9661178588867188,0.08685487243418183,0.9318017137534225,0.020471889759100838,0.006172839506172839,-15.196140740175952,17.346530683390156,0.9816321602703011,fdr_bh,False
phase_split_within_arch,architecture_id=Lin21|target=lt1|feature_set=EMG|with_abs=True,mae,full_cycles,full_window,18,213.645002891436,206.31678703598334,7.328215855452669,163.77938589353312,156.0944184819017,7.684967411631419,39.0,0.0431671142578125,2.2102341823699474,0.041088379576121256,0.5209571927880313,0.07407407407407407,0.4229215069963135,13.879124591700826,0.2612548828125,fdr_bh,False
phase_split_within_arch,architecture_id=Lin21|target=lt1|feature_set=EMG|with_abs=True,mae,full_cycles,split,18,213.645002891436,205.55480415014065,8.090198741295353,163.77938589353312,160.65218779280332,3.1271981007297995,67.0,0.44229888916015625,0.8572491839264726,0.4032307848612783,0.2020555703736809,0.06790123456790123,-8.759229647186089,26.45909318635517,0.7364593943910737,fdr_bh,False
phase_split_within_arch,architecture_id=Lin21|target=lt1|feature_set=EMG|with_abs=True,mae,full_window,split,18,206.31678703598334,205.55480415014065,0.7619828858426843,156.0944184819017,160.65218779280332,-4.5577693109016195,84.0,0.9661178588867188,0.08685487243418183,0.9318017137534225,0.020471889759100838,0.006172839506172839,-15.196140740175952,17.346530683390156,0.9816321602703011,fdr_bh,False
phase_split_within_arch,architecture_id=Lin21|target=lt1|feature_set=EMG+NIRS+HRV|with_abs=False,mae,full_cycles,full_window,18,184.4811455727022,179.48354140028803,4.997604172414157,131.7043503075728,117.57635433811994,14.127995969452869,59.0,0.2645263671875,1.1815775775530573,0.25363921674391793,0.2785005058619136,0.06172839506172839,-2.9407000449322207,13.474728791956062,0.5939043598790322,fdr_bh,False
phase_split_within_arch,architecture_id=Lin21|target=lt1|feature_set=EMG+NIRS+HRV|with_abs=False,mae,full_cycles,split,18,184.4811455727022,189.60558854309568,-5.124442970393488,131.7043503075728,140.6587270003147,-8.954376692741903,66.0,0.4171142578125,-1.0286942639407168,0.3180382794783073,-0.24246556326672836,-0.018518518518518517,-15.391844644413974,4.214811597202694,0.7275978031015038,fdr_bh,False
phase_split_within_arch,architecture_id=Lin21|target=lt1|feature_set=EMG+NIRS+HRV|with_abs=False,mae,full_window,split,18,179.48354140028803,189.60558854309568,-10.122047142807645,117.57635433811994,140.6587270003147,-23.08237266219477,55.0,0.19638824462890625,-1.49513354319976,0.15321138918719626,-0.35240635572534007,-0.09259259259259259,-23.106602027338617,2.548929261851905,0.5177508267489347,fdr_bh,False
phase_split_within_arch,architecture_id=Lin21|target=lt1|feature_set=EMG+NIRS+HRV|with_abs=True,mae,full_cycles,full_window,18,221.3085796213978,216.97798286404884,4.330596757348957,148.00970529604933,142.69186860918302,5.317836686866315,61.0,0.30379486083984375,1.1642453839993006,0.2604040009806409,0.27441526866368043,0.024691358024691357,-2.111359364720661,12.380276357538465,0.6311678302821828,fdr_bh,False
phase_split_within_arch,architecture_id=Lin21|target=lt1|feature_set=EMG+NIRS+HRV|with_abs=True,mae,full_cycles,split,18,221.3085796213978,213.77841926570986,7.53016035568794,148.00970529604933,150.42887841593785,-2.4191731198885122,67.0,0.44229888916015625,1.0910124727822659,0.2904899141043286,0.2571541059544813,0.018518518518518517,-5.077189595581279,21.309718483067375,0.7364593943910737,fdr_bh,False
phase_split_within_arch,architecture_id=Lin21|target=lt1|feature_set=EMG+NIRS+HRV|with_abs=True,mae,full_window,split,18,216.97798286404884,213.77841926570986,3.199563598338983,142.69186860918302,150.42887841593785,-7.737009806754827,75.0,0.6705245971679688,0.5452954833394651,0.5926334800905524,0.12852737800657726,0.0,-7.247892149852779,14.666124308201104,0.8658351013523307,fdr_bh,False
phase_split_within_arch,architecture_id=Lin21|target=lt2|feature_set=EMG|with_abs=False,mae,full_cycles,full_window,18,234.24581616531492,226.58658490833812,7.6592312569767955,230.95849412097596,230.6516575311003,0.306836589875644,56.0,0.2121429443359375,1.1327524451736872,0.2730423925715336,0.26699231179598576,0.018518518518518517,-6.058409280479059,20.791958738924407,0.5254501397075177,fdr_bh,False
phase_split_within_arch,architecture_id=Lin21|target=lt2|feature_set=EMG|with_abs=False,mae,full_cycles,split,18,234.24581616531492,225.54667362814106,8.699142537173856,230.95849412097596,201.7315238427248,29.226970278251144,69.0,0.49507904052734375,0.7466016392117751,0.4655048505326023,0.17597569397721277,0.08024691358024691,-12.912724687604532,32.01333173797763,0.7778216979842693,fdr_bh,False
phase_split_within_arch,architecture_id=Lin21|target=lt2|feature_set=EMG|with_abs=False,mae,full_window,split,18,226.58658490833812,225.54667362814106,1.0399112801970603,230.6516575311003,201.7315238427248,28.9201336883755,84.0,0.9661178588867188,0.07961924416476494,0.9374698416230358,0.018766435820617586,0.037037037037037035,-24.56849641078717,27.18271504272725,0.9816321602703011,fdr_bh,False
phase_split_within_arch,architecture_id=Lin21|target=lt2|feature_set=EMG|with_abs=True,mae,full_cycles,full_window,18,234.24581616531492,226.58658490833812,7.6592312569767955,230.95849412097596,230.6516575311003,0.306836589875644,56.0,0.2121429443359375,1.1327524451736872,0.2730423925715336,0.26699231179598576,0.018518518518518517,-6.058409280479059,20.791958738924407,0.5254501397075177,fdr_bh,False
phase_split_within_arch,architecture_id=Lin21|target=lt2|feature_set=EMG|with_abs=True,mae,full_cycles,split,18,234.24581616531492,225.54667362814106,8.699142537173856,230.95849412097596,201.7315238427248,29.226970278251144,69.0,0.49507904052734375,0.7466016392117751,0.4655048505326023,0.17597569397721277,0.08024691358024691,-12.912724687604532,32.01333173797763,0.7778216979842693,fdr_bh,False
phase_split_within_arch,architecture_id=Lin21|target=lt2|feature_set=EMG|with_abs=True,mae,full_window,split,18,226.58658490833812,225.54667362814106,1.0399112801970603,230.6516575311003,201.7315238427248,28.9201336883755,84.0,0.9661178588867188,0.07961924416476494,0.9374698416230358,0.018766435820617586,0.037037037037037035,-24.56849641078717,27.18271504272725,0.9816321602703011,fdr_bh,False
phase_split_within_arch,architecture_id=Lin21|target=lt2|feature_set=EMG+NIRS+HRV|with_abs=False,mae,full_cycles,full_window,18,171.97250818525492,169.9929270536078,1.9795811316471372,151.46624845652718,138.23515884254402,13.231089613983158,70.0,0.522613525390625,0.7079934142007553,0.4885436829007015,0.16687564807225677,0.043209876543209874,-3.259343134648679,7.062297522522455,0.8047323311324668,fdr_bh,False
phase_split_within_arch,architecture_id=Lin21|target=lt2|feature_set=EMG+NIRS+HRV|with_abs=False,mae,full_cycles,split,18,171.97250818525492,169.72419138401997,2.2483168012349495,151.46624845652718,142.74276147403532,8.723486982491863,72.0,0.5798416137695312,0.5975149261251608,0.5580396090810064,0.14083561870776004,0.030864197530864196,-5.429458954263063,9.62879995311619,0.8407703399658203,fdr_bh,False
phase_split_within_arch,architecture_id=Lin21|target=lt2|feature_set=EMG+NIRS+HRV|with_abs=False,mae,full_window,split,18,169.9929270536078,169.72419138401997,0.26873566958781225,138.23515884254402,142.74276147403532,-4.507602631491295,81.0,0.8650436401367188,0.06465471433668603,0.9492031259362886,0.015239262314383264,-0.024691358024691357,-7.577434607813369,8.85787499660511,0.9451654215622547,fdr_bh,False
phase_split_within_arch,architecture_id=Lin21|target=lt2|feature_set=EMG+NIRS+HRV|with_abs=True,mae,full_cycles,full_window,18,133.48405511831947,129.09116420629996,4.39289091201951,120.40707857011407,125.19678415898693,-4.789705588872863,52.0,0.15404510498046875,1.4716995289884907,0.15937220475552114,0.3468829056056033,0.024691358024691357,-1.0564758797716451,10.158433878560913,0.48078651599285316,fdr_bh,False
phase_split_within_arch,architecture_id=Lin21|target=lt2|feature_set=EMG+NIRS+HRV|with_abs=True,mae,full_cycles,split,18,133.48405511831947,133.21306826043144,0.27098685788803323,120.40707857011407,114.65185430252492,5.755224267589142,82.0,0.8985748291015625,0.08104973332486132,0.9363489644175509,0.01910360534912358,0.024691358024691357,-6.091919018789767,7.046607754639318,0.9606882965509793,fdr_bh,False
phase_split_within_arch,architecture_id=Lin21|target=lt2|feature_set=EMG+NIRS+HRV|with_abs=True,mae,full_window,split,18,129.09116420629996,133.21306826043144,-4.121904054131477,125.19678415898693,114.65185430252492,10.544929856462005,57.0,0.22875213623046875,-0.8922681813255672,0.3847054351550936,-0.21030962721743213,-0.030864197530864196,-12.596929660491641,5.6168458769889025,0.5509047986726859,fdr_bh,False
phase_split_within_arch,architecture_id=Lin22|target=lt1|feature_set=EMG|with_abs=False,mae,full_cycles,full_window,18,212.79547518407145,205.9404882520286,6.854986932042863,168.34748010185422,163.94068849293404,4.406791608920173,49.0,0.11870574951171875,1.748383289334472,0.09843126805186037,0.41209789333388225,0.043209876543209874,-0.5889275071202587,13.999721355602965,0.4130960083007813,fdr_bh,False
phase_split_within_arch,architecture_id=Lin22|target=lt1|feature_set=EMG|with_abs=False,mae,full_cycles,split,18,212.79547518407145,207.16945139418635,5.626023789885096,168.34748010185422,178.11496458790836,-9.767484486054144,68.0,0.468292236328125,0.5820842281149324,0.5681499606285716,0.13719856830726865,0.024691358024691357,-11.650190872699907,24.001935857694033,0.7562213375507542,fdr_bh,False
phase_split_within_arch,architecture_id=Lin22|target=lt1|feature_set=EMG|with_abs=False,mae,full_window,split,18,205.9404882520286,207.16945139418635,-1.2289631421577667,163.94068849293404,178.11496458790836,-14.174276094974317,82.0,0.8985748291015625,-0.1437852551829278,0.8873607345357865,-0.03389050965816214,-0.04938271604938271,-16.05204528138735,15.227752330385902,0.9606882965509793,fdr_bh,False
phase_split_within_arch,architecture_id=Lin22|target=lt1|feature_set=EMG|with_abs=True,mae,full_cycles,full_window,18,212.79547518407145,205.9404882520286,6.854986932042863,168.34748010185422,163.94068849293404,4.406791608920173,49.0,0.11870574951171875,1.748383289334472,0.09843126805186037,0.41209789333388225,0.043209876543209874,-0.5889275071202587,13.999721355602965,0.4130960083007813,fdr_bh,False
phase_split_within_arch,architecture_id=Lin22|target=lt1|feature_set=EMG|with_abs=True,mae,full_cycles,split,18,212.79547518407145,207.16945139418635,5.626023789885096,168.34748010185422,178.11496458790836,-9.767484486054144,68.0,0.468292236328125,0.5820842281149324,0.5681499606285716,0.13719856830726865,0.024691358024691357,-11.650190872699907,24.001935857694033,0.7562213375507542,fdr_bh,False
phase_split_within_arch,architecture_id=Lin22|target=lt1|feature_set=EMG|with_abs=True,mae,full_window,split,18,205.9404882520286,207.16945139418635,-1.2289631421577667,163.94068849293404,178.11496458790836,-14.174276094974317,82.0,0.8985748291015625,-0.1437852551829278,0.8873607345357865,-0.03389050965816214,-0.04938271604938271,-16.05204528138735,15.227752330385902,0.9606882965509793,fdr_bh,False
phase_split_within_arch,architecture_id=Lin22|target=lt1|feature_set=EMG+NIRS+HRV|with_abs=False,mae,full_cycles,full_window,18,194.0028297568989,193.45810516352134,0.5447245933775662,143.66162645705384,144.8421938722331,-1.1805674151792687,75.0,0.6705245971679688,0.22900583971083424,0.8215967189912138,0.05397719406361682,0.006172839506172839,-4.043068547436687,4.820957698667676,0.8658351013523307,fdr_bh,False
phase_split_within_arch,architecture_id=Lin22|target=lt1|feature_set=EMG+NIRS+HRV|with_abs=False,mae,full_cycles,split,18,194.0028297568989,193.5366416755332,0.4661880813657149,143.66162645705384,128.9692375683251,14.692388888728743,84.0,0.9661178588867188,0.05643206317171713,0.9556555802632166,0.013301164848356271,0.012345679012345678,-15.95165092854172,15.431168711583638,0.9816321602703011,fdr_bh,False
phase_split_within_arch,architecture_id=Lin22|target=lt1|feature_set=EMG+NIRS+HRV|with_abs=False,mae,full_window,split,18,193.45810516352134,193.5366416755332,-0.0785365120118513,144.8421938722331,128.9692375683251,15.872956303908012,84.0,0.9661178588867188,-0.01035663444238121,0.99185731802834,-0.002441082148159304,-0.037037037037037035,-15.094436657576283,13.698037339956613,0.9816321602703011,fdr_bh,False
phase_split_within_arch,architecture_id=Lin22|target=lt1|feature_set=EMG+NIRS+HRV|with_abs=True,mae,full_cycles,full_window,18,219.40835122801406,222.51117831438808,-3.1028270863740204,153.35925789063057,141.42581300258092,11.93344488804965,83.0,0.932281494140625,-0.7095517605113398,0.4876009425385486,-0.16724295382014054,0.0,-11.82989963918866,4.22621139224913,0.9742761560388514,fdr_bh,False
phase_split_within_arch,architecture_id=Lin22|target=lt1|feature_set=EMG+NIRS+HRV|with_abs=True,mae,full_cycles,split,18,219.40835122801406,221.5670645176357,-2.1587132896216588,153.35925789063057,138.43045279965133,14.928805090979239,73.0,0.6094589233398438,-0.30059488735267503,0.7673685197597606,-0.07085089441236096,-0.04938271604938271,-15.218036463172814,12.476879864450451,0.8483668212890626,fdr_bh,False
phase_split_within_arch,architecture_id=Lin22|target=lt1|feature_set=EMG+NIRS+HRV|with_abs=True,mae,full_window,split,18,222.51117831438808,221.5670645176357,0.9441137967523616,141.42581300258092,138.43045279965133,2.9953602029295894,83.0,0.932281494140625,0.13569954777182597,0.8936527031364115,0.03198469014446867,-0.024691358024691357,-10.961118547082533,14.004089531747091,0.9742761560388514,fdr_bh,False
phase_split_within_arch,architecture_id=Lin22|target=lt2|feature_set=EMG|with_abs=False,mae,full_cycles,full_window,18,236.30722401335711,235.44501490586788,0.8622091074892353,229.8398382059979,240.7384292169856,-10.898591010987701,69.0,0.49507904052734375,0.15494161616136096,0.8786920889273792,0.03652008915856717,-0.006172839506172839,-10.258287645413033,11.225666414792839,0.7778216979842693,fdr_bh,False
phase_split_within_arch,architecture_id=Lin22|target=lt2|feature_set=EMG|with_abs=False,mae,full_cycles,split,18,236.30722401335711,232.18181776305872,4.125406250298397,229.8398382059979,201.84813814685663,27.991700059141266,73.0,0.6094589233398438,0.4215099113917575,0.6786643916999193,0.0993508388941508,0.05555555555555555,-14.132676470440853,23.871564502347915,0.8483668212890626,fdr_bh,False
phase_split_within_arch,architecture_id=Lin22|target=lt2|feature_set=EMG|with_abs=False,mae,full_window,split,18,235.44501490586788,232.18181776305872,3.2631971428091617,240.7384292169856,201.84813814685663,38.89029107012897,84.0,0.9661178588867188,0.2757412611398402,0.7860705974278126,0.06499283853497055,0.08024691358024691,-18.43524819366538,27.89267649762861,0.9816321602703011,fdr_bh,False
phase_split_within_arch,architecture_id=Lin22|target=lt2|feature_set=EMG|with_abs=True,mae,full_cycles,full_window,18,236.30722401335711,235.44501490586788,0.8622091074892353,229.8398382059979,240.7384292169856,-10.898591010987701,69.0,0.49507904052734375,0.15494161616136096,0.8786920889273792,0.03652008915856717,-0.006172839506172839,-10.258287645413033,11.225666414792839,0.7778216979842693,fdr_bh,False
phase_split_within_arch,architecture_id=Lin22|target=lt2|feature_set=EMG|with_abs=True,mae,full_cycles,split,18,236.30722401335711,232.18181776305872,4.125406250298397,229.8398382059979,201.84813814685663,27.991700059141266,73.0,0.6094589233398438,0.4215099113917575,0.6786643916999193,0.0993508388941508,0.05555555555555555,-14.132676470440853,23.871564502347915,0.8483668212890626,fdr_bh,False
phase_split_within_arch,architecture_id=Lin22|target=lt2|feature_set=EMG|with_abs=True,mae,full_window,split,18,235.44501490586788,232.18181776305872,3.2631971428091617,240.7384292169856,201.84813814685663,38.89029107012897,84.0,0.9661178588867188,0.2757412611398402,0.7860705974278126,0.06499283853497055,0.08024691358024691,-18.43524819366538,27.89267649762861,0.9816321602703011,fdr_bh,False
phase_split_within_arch,architecture_id=Lin22|target=lt2|feature_set=EMG+NIRS+HRV|with_abs=False,mae,full_cycles,full_window,18,168.6377059450186,167.63353725597915,1.00416868903946,150.6516944158954,136.69435458994406,13.957339825951351,85.0,1.0,0.29526320769508335,0.7713685709931246,0.06959420546536181,0.018518518518518517,-5.612167464588224,7.59717092000737,1.0,fdr_bh,False
phase_split_within_arch,architecture_id=Lin22|target=lt2|feature_set=EMG+NIRS+HRV|with_abs=False,mae,full_cycles,split,18,168.6377059450186,166.99775548487145,1.639950460147162,150.6516944158954,146.71042756037917,3.9412668555162327,70.0,0.522613525390625,0.6622057184718378,0.5167167917063571,0.1560833846906488,0.006172839506172839,-3.4329045918029126,5.790716557475574,0.8047323311324668,fdr_bh,False
phase_split_within_arch,architecture_id=Lin22|target=lt2|feature_set=EMG+NIRS+HRV|with_abs=False,mae,full_window,split,18,167.63353725597915,166.99775548487145,0.6357817711077018,136.69435458994406,146.71042756037917,-10.016072970435118,81.0,0.8650436401367188,0.18210730129014271,0.8576523835839168,0.042923102548613874,-0.012345679012345678,-6.2767482859551125,7.678609773476266,0.9451654215622547,fdr_bh,False
phase_split_within_arch,architecture_id=Lin22|target=lt2|feature_set=EMG+NIRS+HRV|with_abs=True,mae,full_cycles,full_window,18,132.8042946253805,133.6777148660962,-0.873420240715717,114.63537414513331,115.16349009420605,-0.5281159490727418,75.0,0.6705245971679688,-0.6250544505662678,0.5402354366956323,-0.14732674686874658,-0.018518518518518517,-3.55269998359538,1.7783480384292765,0.8658351013523307,fdr_bh,False
phase_split_within_arch,architecture_id=Lin22|target=lt2|feature_set=EMG+NIRS+HRV|with_abs=True,mae,full_cycles,split,18,132.8042946253805,135.8051411483417,-3.0008465229612113,114.63537414513331,119.24520882890397,-4.609834683770657,65.0,0.39273834228515625,-0.6417901218975584,0.529568996076292,-0.15127138243076818,-0.043209876543209874,-11.742993126435245,6.19897907739876,0.6990943381853421,fdr_bh,False
phase_split_within_arch,architecture_id=Lin22|target=lt2|feature_set=EMG+NIRS+HRV|with_abs=True,mae,full_window,split,18,133.6777148660962,135.8051411483417,-2.1274262822454943,115.16349009420605,119.24520882890397,-4.081718734697915,65.0,0.39273834228515625,-0.4719796891613209,0.642942791679946,-0.11124667959609628,-0.037037037037037035,-10.363701281594508,7.1005121868696905,0.6990943381853421,fdr_bh,False
phase_split_within_arch,architecture_id=Lin23|target=lt1|feature_set=EMG|with_abs=False,mae,full_cycles,full_window,18,222.18486917347596,214.038544727738,8.146324445737946,173.1408121208613,175.57410288276168,-2.4332907619003663,44.0,0.0736846923828125,2.0703989243634435,0.05395708207024491,0.48799770639290835,0.07407407407407407,0.8916277711746199,15.886554876884702,0.3287470890925481,fdr_bh,False
phase_split_within_arch,architecture_id=Lin23|target=lt1|feature_set=EMG|with_abs=False,mae,full_cycles,split,18,222.18486917347596,210.18206389941028,12.002805274065679,173.1408121208613,161.04102218897265,12.099789931888665,61.0,0.30379486083984375,1.1001974488834405,0.2865818818109002,0.25931902558320696,0.06172839506172839,-7.245990216701096,32.662888772207474,0.6311678302821828,fdr_bh,False
phase_split_within_arch,architecture_id=Lin23|target=lt1|feature_set=EMG|with_abs=False,mae,full_window,split,18,214.038544727738,210.18206389941028,3.856480828327733,175.57410288276168,161.04102218897265,14.533080693789032,81.0,0.8650436401367188,0.3516655305195177,0.7294102415077665,0.08288836044663857,-0.012345679012345678,-15.153623703896992,25.093517947227877,0.9451654215622547,fdr_bh,False
phase_split_within_arch,architecture_id=Lin23|target=lt1|feature_set=EMG|with_abs=True,mae,full_cycles,full_window,18,222.18486917347596,214.038544727738,8.146324445737946,173.1408121208613,175.57410288276168,-2.4332907619003663,44.0,0.0736846923828125,2.0703989243634435,0.05395708207024491,0.48799770639290835,0.07407407407407407,0.8916277711746199,15.886554876884702,0.3287470890925481,fdr_bh,False
phase_split_within_arch,architecture_id=Lin23|target=lt1|feature_set=EMG|with_abs=True,mae,full_cycles,split,18,222.18486917347596,210.18206389941028,12.002805274065679,173.1408121208613,161.04102218897265,12.099789931888665,61.0,0.30379486083984375,1.1001974488834405,0.2865818818109002,0.25931902558320696,0.06172839506172839,-7.245990216701096,32.662888772207474,0.6311678302821828,fdr_bh,False
phase_split_within_arch,architecture_id=Lin23|target=lt1|feature_set=EMG|with_abs=True,mae,full_window,split,18,214.038544727738,210.18206389941028,3.856480828327733,175.57410288276168,161.04102218897265,14.533080693789032,81.0,0.8650436401367188,0.3516655305195177,0.7294102415077665,0.08288836044663857,-0.012345679012345678,-15.153623703896992,25.093517947227877,0.9451654215622547,fdr_bh,False
phase_split_within_arch,architecture_id=Lin23|target=lt1|feature_set=EMG+NIRS+HRV|with_abs=False,mae,full_cycles,full_window,18,185.35324576517695,179.4533342714346,5.899911493742337,137.12216574886764,120.42693691896812,16.69522882989952,53.0,0.16735076904296875,1.4731911534945115,0.15897405517735014,0.34723448487333364,0.06172839506172839,-1.1558971136130236,13.762812184809402,0.49146048630340194,fdr_bh,False
phase_split_within_arch,architecture_id=Lin23|target=lt1|feature_set=EMG+NIRS+HRV|with_abs=False,mae,full_cycles,split,18,185.35324576517695,191.82939661748,-6.47615085230305,137.12216574886764,146.55335395898385,-9.431188210116204,57.0,0.22875213623046875,-1.2978073196363988,0.21168748709263419,-0.3058961187961449,-0.030864197530864196,-16.659139328253293,2.8698802289691066,0.5509047986726859,fdr_bh,False
phase_split_within_arch,architecture_id=Lin23|target=lt1|feature_set=EMG+NIRS+HRV|with_abs=False,mae,full_window,split,18,179.4533342714346,191.82939661748,-12.376062346045387,120.42693691896812,146.55335395898385,-26.126417040015724,49.0,0.11870574951171875,-1.884284627174495,0.0767441366364219,-0.4441301458535504,-0.06790123456790123,-25.55490807811367,-0.28868601605430394,0.4130960083007813,fdr_bh,False
phase_split_within_arch,architecture_id=Lin23|target=lt1|feature_set=EMG+NIRS+HRV|with_abs=True,mae,full_cycles,full_window,18,219.97790829443727,218.50048080526898,1.4774274891682921,146.99261210633733,145.43477086672317,1.557841239614163,84.0,0.9661178588867188,0.3761460174145569,0.7114613491357299,0.08865846654338212,0.0,-5.457600282365463,9.465910883364971,0.9816321602703011,fdr_bh,False
phase_split_within_arch,architecture_id=Lin23|target=lt1|feature_set=EMG+NIRS+HRV|with_abs=True,mae,full_cycles,split,18,219.97790829443727,213.1464931675423,6.831415126894967,146.99261210633733,151.62932264047436,-4.636710534137023,72.0,0.5798416137695312,0.9724160221708145,0.3444776180288839,0.22920065447047702,0.024691358024691357,-6.355983177690966,20.486549223541036,0.8407703399658203,fdr_bh,False
phase_split_within_arch,architecture_id=Lin23|target=lt1|feature_set=EMG+NIRS+HRV|with_abs=True,mae,full_window,split,18,218.50048080526898,213.1464931675423,5.353987637726675,145.43477086672317,151.62932264047436,-6.194551773751186,72.0,0.5798416137695312,0.8367753823054608,0.41432733235210945,0.19722984905271906,0.012345679012345678,-6.039468719967975,17.877772902219995,0.8407703399658203,fdr_bh,False
phase_split_within_arch,architecture_id=Lin23|target=lt2|feature_set=EMG|with_abs=False,mae,full_cycles,full_window,18,236.29857873000492,229.25755501750433,7.041023712500589,218.79534208415112,218.66914464716584,0.1261974369852794,62.0,0.32472991943359375,1.0354209954435767,0.31497752174770105,0.24405106908702615,-0.018518518518518517,-5.875968593495391,20.11165814378726,0.6348652357465766,fdr_bh,False
phase_split_within_arch,architecture_id=Lin23|target=lt2|feature_set=EMG|with_abs=False,mae,full_cycles,split,18,236.29857873000492,225.02382997314498,11.274748756859935,218.79534208415112,211.02720518185447,7.768136902296646,62.0,0.32472991943359375,0.8380987702796774,0.4136041665781309,0.1975417745896221,0.043209876543209874,-14.007620645822648,36.557176112257764,0.6348652357465766,fdr_bh,False
phase_split_within_arch,architecture_id=Lin23|target=lt2|feature_set=EMG|with_abs=False,mae,full_window,split,18,229.25755501750433,225.02382997314498,4.233725044359346,218.66914464716584,211.02720518185447,7.641939465311367,81.0,0.8650436401367188,0.31177028525257877,0.7590062804655483,0.07348496095818757,0.06790123456790123,-22.05360499803347,30.520865695444066,0.9451654215622547,fdr_bh,False
phase_split_within_arch,architecture_id=Lin23|target=lt2|feature_set=EMG|with_abs=True,mae,full_cycles,full_window,18,236.29857873000492,229.25755501750433,7.041023712500589,218.79534208415112,218.66914464716584,0.1261974369852794,62.0,0.32472991943359375,1.0354209954435767,0.31497752174770105,0.24405106908702615,-0.018518518518518517,-5.875968593495391,20.11165814378726,0.6348652357465766,fdr_bh,False
phase_split_within_arch,architecture_id=Lin23|target=lt2|feature_set=EMG|with_abs=True,mae,full_cycles,split,18,236.29857873000492,225.02382997314498,11.274748756859935,218.79534208415112,211.02720518185447,7.768136902296646,62.0,0.32472991943359375,0.8380987702796774,0.4136041665781309,0.1975417745896221,0.043209876543209874,-14.007620645822648,36.557176112257764,0.6348652357465766,fdr_bh,False
phase_split_within_arch,architecture_id=Lin23|target=lt2|feature_set=EMG|with_abs=True,mae,full_window,split,18,229.25755501750433,225.02382997314498,4.233725044359346,218.66914464716584,211.02720518185447,7.641939465311367,81.0,0.8650436401367188,0.31177028525257877,0.7590062804655483,0.07348496095818757,0.06790123456790123,-22.05360499803347,30.520865695444066,0.9451654215622547,fdr_bh,False
phase_split_within_arch,architecture_id=Lin23|target=lt2|feature_set=EMG+NIRS+HRV|with_abs=False,mae,full_cycles,full_window,18,172.03994940730388,169.52347754955287,2.5164718577510143,143.53147006099357,136.53176834365894,6.999701717334631,62.0,0.32472991943359375,0.98169700904666,0.3400148798979493,0.23138820405581495,0.037037037037037035,-2.1121429432651486,7.331208830597628,0.6348652357465766,fdr_bh,False
phase_split_within_arch,architecture_id=Lin23|target=lt2|feature_set=EMG+NIRS+HRV|with_abs=False,mae,full_cycles,split,18,172.03994940730388,168.9784514304471,3.0614979768567707,143.53147006099357,144.0147503793928,-0.48328031839923824,72.0,0.5798416137695312,0.7354388869833509,0.47209767727671165,0.17334460804473814,0.030864197530864196,-4.966801927271777,11.535213521448352,0.8407703399658203,fdr_bh,False
phase_split_within_arch,architecture_id=Lin23|target=lt2|feature_set=EMG+NIRS+HRV|with_abs=False,mae,full_window,split,18,169.52347754955287,168.9784514304471,0.5450261191057564,136.53176834365894,144.0147503793928,-7.482982035733869,78.0,0.7660293579101562,0.10747725641331447,0.9156686174036702,0.025332632277726672,-0.024691358024691357,-8.650681354551052,10.981761821120147,0.9176530690283455,fdr_bh,False
phase_split_within_arch,architecture_id=Lin23|target=lt2|feature_set=EMG+NIRS+HRV|with_abs=True,mae,full_cycles,full_window,18,134.39233124052433,129.60350621109666,4.78882502942767,119.10513112311281,125.92783881523161,-6.822707692118797,50.0,0.12973785400390625,1.7263077477520168,0.10241845304442958,0.40689463828344236,0.024691358024691357,-0.3862042998973772,10.080401962969008,0.4320456764914773,fdr_bh,False
phase_split_within_arch,architecture_id=Lin23|target=lt2|feature_set=EMG+NIRS+HRV|with_abs=True,mae,full_cycles,split,18,134.39233124052433,136.10298951471577,-1.7106582741914451,119.10513112311281,117.19753020918415,1.9076009139286612,68.0,0.468292236328125,-0.477430907059304,0.6391358249841768,-0.11253154397655939,-0.012345679012345678,-8.30044007477213,5.53662596397872,0.7562213375507542,fdr_bh,False
phase_split_within_arch,architecture_id=Lin23|target=lt2|feature_set=EMG+NIRS+HRV|with_abs=True,mae,full_window,split,18,129.60350621109666,136.10298951471577,-6.499483303619115,125.92783881523161,117.19753020918415,8.730308606047458,51.0,0.14151763916015625,-1.3952853048621177,0.18089143775260594,-0.32887190025264756,-0.06790123456790123,-14.928800234826392,3.0959821090910995,0.44771034934303977,fdr_bh,False
phase_split_within_arch,architecture_id=Lin24|target=lt1|feature_set=EMG|with_abs=False,mae,full_cycles,full_window,18,208.8782603708009,208.04292913795473,0.8353312328461584,157.65815797736508,155.17933388111362,2.478824096251458,50.0,0.12973785400390625,1.7633197473981266,0.09581071880197443,0.4156184502617885,0.024691358024691357,-0.09719172610727327,1.7291930861735352,0.4320456764914773,fdr_bh,False
phase_split_within_arch,architecture_id=Lin24|target=lt1|feature_set=EMG|with_abs=False,mae,full_cycles,split,18,208.8782603708009,227.57529142554864,-18.697031054747754,157.65815797736508,178.38007661151494,-20.72191863414986,17.0,0.00157928466796875,-3.442849450552206,0.0031058411070830497,-0.8114873976966147,-0.11728395061728394,-31.055128511098488,-9.301739958044102,0.05597686767578125,fdr_bh,False
phase_split_within_arch,architecture_id=Lin24|target=lt1|feature_set=EMG|with_abs=False,mae,full_window,split,18,208.04292913795473,227.57529142554864,-19.532362287593912,155.17933388111362,178.38007661151494,-23.200742730401316,18.0,0.00193023681640625,-3.4645906754793203,0.0029629419693658387,-0.816611853555703,-0.1419753086419753,-32.3697642039692,-9.639281629240168,0.05597686767578125,fdr_bh,False
phase_split_within_arch,architecture_id=Lin24|target=lt1|feature_set=EMG|with_abs=True,mae,full_cycles,full_window,18,208.8782603708009,208.04292913795473,0.8353312328461584,157.65815797736508,155.17933388111362,2.478824096251458,50.0,0.12973785400390625,1.7633197473981266,0.09581071880197443,0.4156184502617885,0.024691358024691357,-0.09719172610727327,1.7291930861735352,0.4320456764914773,fdr_bh,False
phase_split_within_arch,architecture_id=Lin24|target=lt1|feature_set=EMG|with_abs=True,mae,full_cycles,split,18,208.8782603708009,227.57529142554864,-18.697031054747754,157.65815797736508,178.38007661151494,-20.72191863414986,17.0,0.00157928466796875,-3.442849450552206,0.0031058411070830497,-0.8114873976966147,-0.11728395061728394,-31.055128511098488,-9.301739958044102,0.05597686767578125,fdr_bh,False
phase_split_within_arch,architecture_id=Lin24|target=lt1|feature_set=EMG|with_abs=True,mae,full_window,split,18,208.04292913795473,227.57529142554864,-19.532362287593912,155.17933388111362,178.38007661151494,-23.200742730401316,18.0,0.00193023681640625,-3.4645906754793203,0.0029629419693658387,-0.816611853555703,-0.1419753086419753,-32.3697642039692,-9.639281629240168,0.05597686767578125,fdr_bh,False
phase_split_within_arch,architecture_id=Lin24|target=lt1|feature_set=EMG+NIRS+HRV|with_abs=False,mae,full_cycles,full_window,18,215.03670062622894,215.53823382020553,-0.5015331939765986,168.9193704618263,169.8786352235142,-0.9592647616879049,46.0,0.0897674560546875,-1.7809548192339342,0.09279522312533783,-0.4197750765557256,-0.012345679012345678,-1.0651977088514009,0.03187477606388847,0.35906982421875,fdr_bh,False
phase_split_within_arch,architecture_id=Lin24|target=lt1|feature_set=EMG+NIRS+HRV|with_abs=False,mae,full_cycles,split,18,215.03670062622894,220.71133962976273,-5.674639003533798,168.9193704618263,180.585066814337,-11.665696352510707,58.0,0.24620819091796875,-1.3424428410466984,0.19710565742204728,-0.316416812086485,-0.04938271604938271,-14.794880031859565,1.798963636939856,0.5693053185345722,fdr_bh,False
phase_split_within_arch,architecture_id=Lin24|target=lt1|feature_set=EMG+NIRS+HRV|with_abs=False,mae,full_window,split,18,215.53823382020553,220.71133962976273,-5.1731058095572,169.8786352235142,180.585066814337,-10.706431590822802,61.0,0.30379486083984375,-1.2065217859627788,0.24413873707269318,-0.2843799121678617,-0.04938271604938271,-14.365636418090494,2.13583141316626,0.6311678302821828,fdr_bh,False
phase_split_within_arch,architecture_id=Lin24|target=lt1|feature_set=EMG+NIRS+HRV|with_abs=True,mae,full_cycles,full_window,18,214.05241074411035,214.49288806674974,-0.44047732263939565,176.01879015604385,177.14764612322753,-1.1288559671836822,46.0,0.0897674560546875,-1.7696050002931036,0.0947263075358812,-0.41709989857629204,-0.024691358024691357,-0.9225025777980572,0.022202672043039915,0.35906982421875,fdr_bh,False
phase_split_within_arch,architecture_id=Lin24|target=lt1|feature_set=EMG+NIRS+HRV|with_abs=True,mae,full_cycles,split,18,214.05241074411035,219.487974389928,-5.435563645817666,176.01879015604385,182.39797568461796,-6.379185528574112,60.0,0.28372955322265625,-1.2435754841432958,0.23053240196746977,-0.29311355258502275,-0.043209876543209874,-14.86680326679033,1.8796114758445164,0.6094931143301505,fdr_bh,False
phase_split_within_arch,architecture_id=Lin24|target=lt1|feature_set=EMG+NIRS+HRV|with_abs=True,mae,full_window,split,18,214.49288806674974,219.487974389928,-4.9950863231782705,177.14764612322753,182.39797568461796,-5.25032956139043,61.0,0.30379486083984375,-1.1281423055906392,0.27493026429664913,-0.26590569147552245,-0.043209876543209874,-14.69675908039709,2.189953403584152,0.6311678302821828,fdr_bh,False
phase_split_within_arch,architecture_id=Lin24|target=lt2|feature_set=EMG|with_abs=False,mae,full_cycles,full_window,18,223.11614335374844,223.01645672068733,0.09968663306111125,202.902531878298,201.7631132524224,1.1394186258756065,77.0,0.7337265014648438,0.15706785284033656,0.8770417357950926,0.03702124794993757,0.012345679012345678,-1.2364219885224637,1.3054974815745055,0.8974932249903889,fdr_bh,False
phase_split_within_arch,architecture_id=Lin24|target=lt2|feature_set=EMG|with_abs=False,mae,full_cycles,split,18,223.11614335374844,233.5019316558259,-10.385788302077458,202.902531878298,210.10263123256107,-7.200099354263074,41.0,0.05385589599609375,-2.341042466108107,0.031674706960217854,-0.5517890009435736,-0.08024691358024691,-20.560637242165296,-2.9000926335601855,0.27162104067595105,fdr_bh,False
phase_split_within_arch,architecture_id=Lin24|target=lt2|feature_set=EMG|with_abs=False,mae,full_window,split,18,223.01645672068733,233.5019316558259,-10.48547493513857,201.7631132524224,210.10263123256107,-8.33951798013868,40.0,0.04827880859375,-2.3467393340787432,0.031314405860216984,-0.5531317656014274,-0.08641975308641975,-20.754924152448535,-3.238406690167264,0.2666829427083333,fdr_bh,False
phase_split_within_arch,architecture_id=Lin24|target=lt2|feature_set=EMG|with_abs=True,mae,full_cycles,full_window,18,223.11614335374844,223.01645672068733,0.09968663306111125,202.902531878298,201.7631132524224,1.1394186258756065,77.0,0.7337265014648438,0.15706785284033656,0.8770417357950926,0.03702124794993757,0.012345679012345678,-1.2364219885224637,1.3054974815745055,0.8974932249903889,fdr_bh,False
phase_split_within_arch,architecture_id=Lin24|target=lt2|feature_set=EMG|with_abs=True,mae,full_cycles,split,18,223.11614335374844,233.5019316558259,-10.385788302077458,202.902531878298,210.10263123256107,-7.200099354263074,41.0,0.05385589599609375,-2.341042466108107,0.031674706960217854,-0.5517890009435736,-0.08024691358024691,-20.560637242165296,-2.9000926335601855,0.27162104067595105,fdr_bh,False
phase_split_within_arch,architecture_id=Lin24|target=lt2|feature_set=EMG|with_abs=True,mae,full_window,split,18,223.01645672068733,233.5019316558259,-10.48547493513857,201.7631132524224,210.10263123256107,-8.33951798013868,40.0,0.04827880859375,-2.3467393340787432,0.031314405860216984,-0.5531317656014274,-0.08641975308641975,-20.754924152448535,-3.238406690167264,0.2666829427083333,fdr_bh,False
phase_split_within_arch,architecture_id=Lin24|target=lt2|feature_set=EMG+NIRS+HRV|with_abs=False,mae,full_cycles,full_window,18,222.38747240515647,222.3549205106517,0.03255189450476337,202.12960744676258,201.11137863168517,1.018228815077407,81.0,0.8650436401367188,0.10817648200337987,0.9151222282597158,0.025497441329831474,0.006172839506172839,-0.558081669735952,0.604166736542525,0.9451654215622547,fdr_bh,False
phase_split_within_arch,architecture_id=Lin24|target=lt2|feature_set=EMG+NIRS+HRV|with_abs=False,mae,full_cycles,split,18,222.38747240515647,225.4582445337475,-3.070772128591017,202.12960744676258,207.4568650354554,-5.327257588692817,67.0,0.44229888916015625,-0.8290857577738847,0.4185454443132798,-0.19541738716903376,-0.043209876543209874,-10.830234086582587,3.3208463823538397,0.7364593943910737,fdr_bh,False
phase_split_within_arch,architecture_id=Lin24|target=lt2|feature_set=EMG+NIRS+HRV|with_abs=False,mae,full_window,split,18,222.3549205106517,225.4582445337475,-3.10332402309578,201.11137863168517,207.4568650354554,-6.345486403770224,65.0,0.39273834228515625,-0.8340293441630146,0.41583050505802566,-0.19658260165541216,-0.04938271604938271,-11.271188189288216,3.313838658411357,0.6990943381853421,fdr_bh,False
phase_split_within_arch,architecture_id=Lin24|target=lt2|feature_set=EMG+NIRS+HRV|with_abs=True,mae,full_cycles,full_window,18,219.22700362302365,219.16666001435925,0.0603436086643967,197.60553395122724,196.43083081582552,1.174703135401728,81.0,0.8650436401367188,0.18465884234740113,0.855681617660205,0.04352450654330165,0.012345679012345678,-0.5584614344242652,0.6778398936326915,0.9451654215622547,fdr_bh,False
phase_split_within_arch,architecture_id=Lin24|target=lt2|feature_set=EMG+NIRS+HRV|with_abs=True,mae,full_cycles,split,18,219.22700362302365,221.91564826293603,-2.6886446399123827,197.60553395122724,202.86778231177718,-5.262248360549933,69.0,0.49507904052734375,-0.7184878222002264,0.4822156811174452,-0.16934920375924487,-0.04938271604938271,-10.90231959028858,3.7057070663520943,0.7778216979842693,fdr_bh,False
phase_split_within_arch,architecture_id=Lin24|target=lt2|feature_set=EMG+NIRS+HRV|with_abs=True,mae,full_window,split,18,219.16666001435925,221.91564826293603,-2.7489882485767794,196.43083081582552,202.86778231177718,-6.436951495951661,67.0,0.44229888916015625,-0.7373489605904882,0.47096560551693806,-0.17379481671146219,-0.06172839506172839,-11.021378960084364,3.4460126163217963,0.7364593943910737,fdr_bh,False
phase_split_within_arch,architecture_id=Lin25|target=lt1|feature_set=EMG|with_abs=False,mae,full_cycles,full_window,18,208.90343446794537,208.01250313891987,0.8909313290255056,157.67099264684467,155.19714670664368,2.473845940200988,45.0,0.08142852783203125,1.8970934736900664,0.07493649965096282,0.4471492199303297,0.037037037037037035,-0.023693066015500308,1.7770843884148515,0.34557472787252286,fdr_bh,False
phase_split_within_arch,architecture_id=Lin25|target=lt1|feature_set=EMG|with_abs=False,mae,full_cycles,split,18,208.90343446794537,227.5370479905547,-18.633613522609323,157.67099264684467,178.35869237550259,-20.68769972865792,17.0,0.00157928466796875,-3.4359972665391685,0.0031522796033568337,-0.8098723224360956,-0.11728395061728394,-30.980246764958007,-9.180416850111307,0.05597686767578125,fdr_bh,False
phase_split_within_arch,architecture_id=Lin25|target=lt1|feature_set=EMG|with_abs=False,mae,full_window,split,18,208.01250313891987,227.5370479905547,-19.52454485163483,155.19714670664368,178.35869237550259,-23.161545668858906,18.0,0.00193023681640625,-3.455933011479492,0.0030190477236048787,-0.8145712225811984,-0.1419753086419753,-32.35481908703002,-9.57190565149471,0.05597686767578125,fdr_bh,False
phase_split_within_arch,architecture_id=Lin25|target=lt1|feature_set=EMG|with_abs=True,mae,full_cycles,full_window,18,208.90343446794537,208.01250313891987,0.8909313290255056,157.67099264684467,155.19714670664368,2.473845940200988,45.0,0.08142852783203125,1.8970934736900664,0.07493649965096282,0.4471492199303297,0.037037037037037035,-0.023693066015500308,1.7770843884148515,0.34557472787252286,fdr_bh,False
phase_split_within_arch,architecture_id=Lin25|target=lt1|feature_set=EMG|with_abs=True,mae,full_cycles,split,18,208.90343446794537,227.5370479905547,-18.633613522609323,157.67099264684467,178.35869237550259,-20.68769972865792,17.0,0.00157928466796875,-3.4359972665391685,0.0031522796033568337,-0.8098723224360956,-0.11728395061728394,-30.980246764958007,-9.180416850111307,0.05597686767578125,fdr_bh,False
phase_split_within_arch,architecture_id=Lin25|target=lt1|feature_set=EMG|with_abs=True,mae,full_window,split,18,208.01250313891987,227.5370479905547,-19.52454485163483,155.19714670664368,178.35869237550259,-23.161545668858906,18.0,0.00193023681640625,-3.455933011479492,0.0030190477236048787,-0.8145712225811984,-0.1419753086419753,-32.35481908703002,-9.57190565149471,0.05597686767578125,fdr_bh,False
phase_split_within_arch,architecture_id=Lin25|target=lt1|feature_set=EMG+NIRS+HRV|with_abs=False,mae,full_cycles,full_window,18,215.01694022667354,215.5864745168867,-0.5695342902131699,168.88379855817612,169.91732215750358,-1.0335235993274523,42.0,0.0599365234375,-2.0870574765572547,0.05225116046747374,-0.4919241647999062,-0.018518518518518517,-1.120524996886132,-0.06570926951736503,0.28769531249999997,fdr_bh,False
phase_split_within_arch,architecture_id=Lin25|target=lt1|feature_set=EMG+NIRS+HRV|with_abs=False,mae,full_cycles,split,18,215.01694022667354,220.70854356980186,-5.691603343128321,168.88379855817612,180.62431233328013,-11.740513775104006,58.0,0.24620819091796875,-1.3413460019642607,0.19745413763543046,-0.3161582846354643,-0.04938271604938271,-14.907658777823327,1.8422720904059358,0.5693053185345722,fdr_bh,False
phase_split_within_arch,architecture_id=Lin25|target=lt1|feature_set=EMG+NIRS+HRV|with_abs=False,mae,full_window,split,18,215.5864745168867,220.70854356980186,-5.122069052915151,169.91732215750358,180.62431233328013,-10.706990175776554,63.0,0.34654998779296875,-1.1884483037720979,0.25099476223160555,-0.2801199515623002,-0.04938271604938271,-14.405921666299378,2.228860387944854,0.6644594807270144,fdr_bh,False
phase_split_within_arch,architecture_id=Lin25|target=lt1|feature_set=EMG+NIRS+HRV|with_abs=True,mae,full_cycles,full_window,18,214.0605956777968,214.56054044511046,-0.4999447673136501,175.97409563408803,177.0300610558651,-1.0559654217770742,44.0,0.0736846923828125,-1.9298961571608906,0.0704789072966662,-0.45488088657144155,-0.024691358024691357,-0.9971629989556063,-0.015926409599975606,0.3287470890925481,fdr_bh,False
phase_split_within_arch,architecture_id=Lin25|target=lt1|feature_set=EMG+NIRS+HRV|with_abs=True,mae,full_cycles,split,18,214.0605956777968,219.50606093937878,-5.4454652615819725,175.97409563408803,182.276459116579,-6.302363482490961,60.0,0.28372955322265625,-1.2533030676198937,0.22705946901140478,-0.29540636599864295,-0.043209876543209874,-14.862672861465496,1.8329691583461523,0.6094931143301505,fdr_bh,False
phase_split_within_arch,architecture_id=Lin25|target=lt1|feature_set=EMG+NIRS+HRV|with_abs=True,mae,full_window,split,18,214.56054044511046,219.50606093937878,-4.945520494268322,177.0300610558651,182.276459116579,-5.2463980607138865,61.0,0.30379486083984375,-1.1193517198265739,0.2785569326368465,-0.2638337305407316,-0.030864197530864196,-14.645460207802293,2.2484768818475174,0.6311678302821828,fdr_bh,False
phase_split_within_arch,architecture_id=Lin25|target=lt2|feature_set=EMG|with_abs=False,mae,full_cycles,full_window,18,223.11642228558685,223.04214786670758,0.07427441887926989,202.76862759184354,201.82345465827564,0.9451729335679033,78.0,0.7660293579101562,0.11576097090247764,0.9091984222282704,0.027285122507293515,0.006172839506172839,-1.2925352380458681,1.3056876238956416,0.9176530690283455,fdr_bh,False
phase_split_within_arch,architecture_id=Lin25|target=lt2|feature_set=EMG|with_abs=False,mae,full_cycles,split,18,223.11642228558685,233.48901645076134,-10.37259416517449,202.76862759184354,209.91909697542934,-7.150469383585801,41.0,0.05385589599609375,-2.3298816321181417,0.03239182529546224,-0.5491583671442398,-0.08024691358024691,-20.530534452521923,-2.885046236677454,0.27162104067595105,fdr_bh,False
phase_split_within_arch,architecture_id=Lin25|target=lt2|feature_set=EMG|with_abs=False,mae,full_window,split,18,223.04214786670758,233.48901645076134,-10.44686858405376,201.82345465827564,209.91909697542934,-8.095642317153704,40.0,0.04827880859375,-2.3386942580931076,0.031824344204345545,-0.5512355230065594,-0.08641975308641975,-20.70362655052885,-3.173614302053206,0.2666829427083333,fdr_bh,False
phase_split_within_arch,architecture_id=Lin25|target=lt2|feature_set=EMG|with_abs=True,mae,full_cycles,full_window,18,223.11642228558685,223.04214786670758,0.07427441887926989,202.76862759184354,201.82345465827564,0.9451729335679033,78.0,0.7660293579101562,0.11576097090247764,0.9091984222282704,0.027285122507293515,0.006172839506172839,-1.2925352380458681,1.3056876238956416,0.9176530690283455,fdr_bh,False
phase_split_within_arch,architecture_id=Lin25|target=lt2|feature_set=EMG|with_abs=True,mae,full_cycles,split,18,223.11642228558685,233.48901645076134,-10.37259416517449,202.76862759184354,209.91909697542934,-7.150469383585801,41.0,0.05385589599609375,-2.3298816321181417,0.03239182529546224,-0.5491583671442398,-0.08024691358024691,-20.530534452521923,-2.885046236677454,0.27162104067595105,fdr_bh,False
phase_split_within_arch,architecture_id=Lin25|target=lt2|feature_set=EMG|with_abs=True,mae,full_window,split,18,223.04214786670758,233.48901645076134,-10.44686858405376,201.82345465827564,209.91909697542934,-8.095642317153704,40.0,0.04827880859375,-2.3386942580931076,0.031824344204345545,-0.5512355230065594,-0.08641975308641975,-20.70362655052885,-3.173614302053206,0.2666829427083333,fdr_bh,False
phase_split_within_arch,architecture_id=Lin25|target=lt2|feature_set=EMG+NIRS+HRV|with_abs=False,mae,full_cycles,full_window,18,222.43297550670147,222.4122063349118,0.02076917178968074,202.29079662451272,201.0516835456669,1.2391130788458327,82.0,0.8985748291015625,0.06591885601153255,0.9482114429054096,0.01553722336460476,0.006172839506172839,-0.5772368516799453,0.6185316249864247,0.9606882965509793,fdr_bh,False
phase_split_within_arch,architecture_id=Lin25|target=lt2|feature_set=EMG+NIRS+HRV|with_abs=False,mae,full_cycles,split,18,222.43297550670147,225.535776396165,-3.1028008894635377,202.29079662451272,207.51631627212868,-5.225519647615954,68.0,0.468292236328125,-0.8369110184186396,0.4142531764735198,-0.19726181879118657,-0.043209876543209874,-10.8549342105228,3.3004208941352857,0.7562213375507542,fdr_bh,False
phase_split_within_arch,architecture_id=Lin25|target=lt2|feature_set=EMG+NIRS+HRV|with_abs=False,mae,full_window,split,18,222.4122063349118,225.535776396165,-3.1235700612532185,201.0516835456669,207.51631627212868,-6.464632726461787,66.0,0.4171142578125,-0.8405787094028255,0.41225119817802647,-0.19812630184659144,-0.04938271604938271,-11.27707323915167,3.2691934665339843,0.7275978031015038,fdr_bh,False
phase_split_within_arch,architecture_id=Lin25|target=lt2|feature_set=EMG+NIRS+HRV|with_abs=True,mae,full_cycles,full_window,18,219.30227067867827,219.1378286456603,0.16444203301796279,197.52418312820524,196.40215351144818,1.122029616757061,74.0,0.6396942138671875,0.5312551090644303,0.6021149861165126,0.12521803005315252,0.012345679012345678,-0.42687021924180824,0.763763639434915,0.8628433582394621,fdr_bh,False
phase_split_within_arch,architecture_id=Lin25|target=lt2|feature_set=EMG+NIRS+HRV|with_abs=True,mae,full_cycles,split,18,219.30227067867827,221.95266597162248,-2.6503952929442107,197.52418312820524,202.89110833677705,-5.366925208571814,69.0,0.49507904052734375,-0.7050750172396217,0.4903120807655217,-0.16618777531178616,-0.04938271604938271,-10.859503543827438,3.7549525630381257,0.7778216979842693,fdr_bh,False
phase_split_within_arch,architecture_id=Lin25|target=lt2|feature_set=EMG+NIRS+HRV|with_abs=True,mae,full_window,split,18,219.1378286456603,221.95266597162248,-2.8148373259621735,196.40215351144818,202.89110833677705,-6.488954825328875,67.0,0.44229888916015625,-0.7510356512239289,0.46290162902670245,-0.17702080063109832,-0.06172839506172839,-11.091976281752896,3.403070282568173,0.7364593943910737,fdr_bh,False
phase_split_within_arch,architecture_id=Lin26|target=lt1|feature_set=EMG|with_abs=False,mae,full_cycles,full_window,18,191.68805743083055,194.12700714882715,-2.438949717996593,164.6757074975086,162.33946883874472,2.3362386587638753,53.0,0.16735076904296875,-1.7513679235225001,0.09790269122841243,-0.41280137835845426,-0.018518518518518517,-5.206606376825835,0.14773109721787486,0.49146048630340194,fdr_bh,False
phase_split_within_arch,architecture_id=Lin26|target=lt1|feature_set=EMG|with_abs=False,mae,full_cycles,split,18,191.68805743083055,208.36611279602252,-16.678055365191966,164.6757074975086,163.50229693928563,1.1734105582229688,53.0,0.16735076904296875,-1.5102348119546325,0.14934680122080798,-0.35596575890570376,-0.04938271604938271,-41.032493453532055,2.0785748511632387,0.49146048630340194,fdr_bh,False
phase_split_within_arch,architecture_id=Lin26|target=lt1|feature_set=EMG|with_abs=False,mae,full_window,split,18,194.12700714882715,208.36611279602252,-14.239105647195373,162.33946883874472,163.50229693928563,-1.1628281005409065,64.0,0.3692169189453125,-1.2625333287353262,0.22380181520296116,-0.29758195940759125,-0.012345679012345678,-39.164100774611455,5.196730277876851,0.6744750015378936,fdr_bh,False
phase_split_within_arch,architecture_id=Lin26|target=lt1|feature_set=EMG|with_abs=True,mae,full_cycles,full_window,18,191.68805743083055,194.12700714882715,-2.438949717996593,164.6757074975086,162.33946883874472,2.3362386587638753,53.0,0.16735076904296875,-1.7513679235225001,0.09790269122841243,-0.41280137835845426,-0.018518518518518517,-5.206606376825835,0.14773109721787486,0.49146048630340194,fdr_bh,False
phase_split_within_arch,architecture_id=Lin26|target=lt1|feature_set=EMG|with_abs=True,mae,full_cycles,split,18,191.68805743083055,208.36611279602252,-16.678055365191966,164.6757074975086,163.50229693928563,1.1734105582229688,53.0,0.16735076904296875,-1.5102348119546325,0.14934680122080798,-0.35596575890570376,-0.04938271604938271,-41.032493453532055,2.0785748511632387,0.49146048630340194,fdr_bh,False
phase_split_within_arch,architecture_id=Lin26|target=lt1|feature_set=EMG|with_abs=True,mae,full_window,split,18,194.12700714882715,208.36611279602252,-14.239105647195373,162.33946883874472,163.50229693928563,-1.1628281005409065,64.0,0.3692169189453125,-1.2625333287353262,0.22380181520296116,-0.29758195940759125,-0.012345679012345678,-39.164100774611455,5.196730277876851,0.6744750015378936,fdr_bh,False
phase_split_within_arch,architecture_id=Lin26|target=lt1|feature_set=EMG+NIRS+HRV|with_abs=False,mae,full_cycles,full_window,18,166.60452952751115,167.94655692733616,-1.3420273998250138,141.37532308088566,139.06413720332824,2.3111858775574206,46.0,0.0897674560546875,-1.5324544221399004,0.14380824831194897,-0.3612029712514785,-0.012345679012345678,-2.9342548746862662,0.4935902715670638,0.35906982421875,fdr_bh,False
phase_split_within_arch,architecture_id=Lin26|target=lt1|feature_set=EMG+NIRS+HRV|with_abs=False,mae,full_cycles,split,18,166.60452952751115,177.22932163020405,-10.624792102692908,141.37532308088566,153.37684959428879,-12.001526513403121,60.0,0.28372955322265625,-1.1061765693211025,0.2840587583591829,-0.2607283177855409,-0.06172839506172839,-32.722823878714536,3.4162924650039534,0.6094931143301505,fdr_bh,False
phase_split_within_arch,architecture_id=Lin26|target=lt1|feature_set=EMG+NIRS+HRV|with_abs=False,mae,full_window,split,18,167.94655692733616,177.22932163020405,-9.282764702867894,139.06413720332824,153.37684959428879,-14.312712390960542,64.0,0.3692169189453125,-0.9508255817812914,0.35501636239539186,-0.22411173886773175,-0.04938271604938271,-31.609376889815895,5.439138045272716,0.6744750015378936,fdr_bh,False
phase_split_within_arch,architecture_id=Lin26|target=lt1|feature_set=EMG+NIRS+HRV|with_abs=True,mae,full_cycles,full_window,18,166.97492982908406,167.78499901504313,-0.8100691859590654,147.60279793165927,149.4149672167605,-1.8121692851012199,63.0,0.34654998779296875,-1.054428224659338,0.30644324103189824,-0.24853111597703673,-0.012345679012345678,-2.2723034310635604,0.6608895904878183,0.6644594807270144,fdr_bh,False
phase_split_within_arch,architecture_id=Lin26|target=lt1|feature_set=EMG+NIRS+HRV|with_abs=True,mae,full_cycles,split,18,166.97492982908406,174.13800438616502,-7.163074557080961,147.60279793165927,151.4335709871965,-3.830773055537236,83.0,0.932281494140625,-0.7747943611463711,0.4491043502294075,-0.1826207822638993,-0.037037037037037035,-29.046083697989673,6.106115775733123,0.9742761560388514,fdr_bh,False
phase_split_within_arch,architecture_id=Lin26|target=lt1|feature_set=EMG+NIRS+HRV|with_abs=True,mae,full_window,split,18,167.78499901504313,174.13800438616502,-6.3530053711218955,149.4149672167605,151.4335709871965,-2.018603770436016,83.0,0.932281494140625,-0.6801609447006758,0.5055605650070671,-0.16031547209869873,-0.037037037037037035,-28.1158184819671,7.380990442512958,0.9742761560388514,fdr_bh,False
phase_split_within_arch,architecture_id=Lin26|target=lt2|feature_set=EMG|with_abs=False,mae,full_cycles,full_window,18,204.4517341802718,204.5141074766193,-0.062373296347487894,168.3121397133654,167.25272283384186,1.0594168795235532,82.0,0.8985748291015625,-0.03710027120177941,0.9708372380211464,-0.008744617783546068,0.0,-3.599463577990745,3.117406607461723,0.9606882965509793,fdr_bh,False
phase_split_within_arch,architecture_id=Lin26|target=lt2|feature_set=EMG|with_abs=False,mae,full_cycles,split,18,204.4517341802718,211.57461330373943,-7.122879123467612,168.3121397133654,160.33797042454898,7.974169288816427,80.0,0.83172607421875,-0.7212218824139551,0.4805750836352899,-0.16999362793167816,-0.024691358024691357,-28.658597690911154,10.703087899140705,0.9382193641106159,fdr_bh,False
phase_split_within_arch,architecture_id=Lin26|target=lt2|feature_set=EMG|with_abs=False,mae,full_window,split,18,204.5141074766193,211.57461330373943,-7.060505827120124,167.25272283384186,160.33797042454898,6.914752409292873,79.0,0.7987060546875,-0.7420039065530808,0.4682135388981138,-0.17489199799686422,-0.024691358024691357,-27.001925640231494,9.456790481212911,0.9264990234375,fdr_bh,False
phase_split_within_arch,architecture_id=Lin26|target=lt2|feature_set=EMG|with_abs=True,mae,full_cycles,full_window,18,204.4517341802718,204.5141074766193,-0.062373296347487894,168.3121397133654,167.25272283384186,1.0594168795235532,82.0,0.8985748291015625,-0.03710027120177941,0.9708372380211464,-0.008744617783546068,0.0,-3.599463577990745,3.117406607461723,0.9606882965509793,fdr_bh,False
phase_split_within_arch,architecture_id=Lin26|target=lt2|feature_set=EMG|with_abs=True,mae,full_cycles,split,18,204.4517341802718,211.57461330373943,-7.122879123467612,168.3121397133654,160.33797042454898,7.974169288816427,80.0,0.83172607421875,-0.7212218824139551,0.4805750836352899,-0.16999362793167816,-0.024691358024691357,-28.658597690911154,10.703087899140705,0.9382193641106159,fdr_bh,False
phase_split_within_arch,architecture_id=Lin26|target=lt2|feature_set=EMG|with_abs=True,mae,full_window,split,18,204.5141074766193,211.57461330373943,-7.060505827120124,167.25272283384186,160.33797042454898,6.914752409292873,79.0,0.7987060546875,-0.7420039065530808,0.4682135388981138,-0.17489199799686422,-0.024691358024691357,-27.001925640231494,9.456790481212911,0.9264990234375,fdr_bh,False
phase_split_within_arch,architecture_id=Lin26|target=lt2|feature_set=EMG+NIRS+HRV|with_abs=False,mae,full_cycles,full_window,18,179.19874766261904,181.85636827398133,-2.65762061136229,160.2651566392077,161.77309670089673,-1.5079400616890268,32.0,0.0182342529296875,-2.815995945346003,0.01189782146685535,-0.6637366095826603,-0.043209876543209874,-4.570008475977044,-0.8301929303784521,0.18392811650815216,fdr_bh,False
phase_split_within_arch,architecture_id=Lin26|target=lt2|feature_set=EMG+NIRS+HRV|with_abs=False,mae,full_cycles,split,18,179.19874766261904,191.53027172477624,-12.3315240621572,160.2651566392077,168.4992872051066,-8.234130565898909,40.0,0.04827880859375,-1.645018545230661,0.11832843353864242,-0.38773458950340994,-0.08024691358024691,-28.040168783920866,0.4970820217069943,0.2666829427083333,fdr_bh,False
phase_split_within_arch,architecture_id=Lin26|target=lt2|feature_set=EMG+NIRS+HRV|with_abs=False,mae,full_window,split,18,181.85636827398133,191.53027172477624,-9.67390345079491,161.77309670089673,168.4992872051066,-6.726190504209882,54.0,0.18146514892578125,-1.256101100543246,0.22606808268311607,-0.2960658686833382,-0.05555555555555555,-26.522717101179598,3.191798886818809,0.501189458937872,fdr_bh,False
phase_split_within_arch,architecture_id=Lin26|target=lt2|feature_set=EMG+NIRS+HRV|with_abs=True,mae,full_cycles,full_window,18,162.84249172266541,164.77647624278555,-1.9339845201201342,144.08715748735779,142.72610727876963,1.3610502085881535,40.0,0.04827880859375,-2.210523338371005,0.04106497653405001,-0.5210253475110875,-0.037037037037037035,-3.633305243296557,-0.25348971345444044,0.2666829427083333,fdr_bh,False
phase_split_within_arch,architecture_id=Lin26|target=lt2|feature_set=EMG+NIRS+HRV|with_abs=True,mae,full_cycles,split,18,162.84249172266541,172.63745807807766,-9.794966355412242,144.08715748735779,159.14204816990957,-15.054890682551786,55.0,0.19638824462890625,-1.2643344722472643,0.2231704013385553,-0.29800649300465176,-0.043209876543209874,-27.699884895144216,3.235113706300546,0.5177508267489347,fdr_bh,False
phase_split_within_arch,architecture_id=Lin26|target=lt2|feature_set=EMG+NIRS+HRV|with_abs=True,mae,full_window,split,18,164.77647624278555,172.63745807807766,-7.860981835292108,142.72610727876963,159.14204816990957,-16.41594089113994,64.0,0.3692169189453125,-1.009507171942855,0.3268851435844064,-0.2379431223124156,-0.037037037037037035,-26.10935059525775,5.6430189442370775,0.6744750015378936,fdr_bh,False
phase_split_within_arch,architecture_id=Lin27|target=lt1|feature_set=EMG|with_abs=False,mae,full_cycles,full_window,18,191.75246341990223,194.08234961678244,-2.32988619688021,164.98468857759832,162.26688495754377,2.7178036200545534,55.0,0.19638824462890625,-1.6414216655040428,0.11907883453646163,-0.38688679682147514,-0.024691358024691357,-5.156934968100028,0.3074381268244315,0.5177508267489347,fdr_bh,False
phase_split_within_arch,architecture_id=Lin27|target=lt1|feature_set=EMG|with_abs=False,mae,full_cycles,split,18,191.75246341990223,208.40148721138965,-16.649023791487423,164.98468857759832,163.70639836283857,1.2782902147597497,53.0,0.16735076904296875,-1.509291576623857,0.14958579073901157,-0.35574343620615495,-0.04938271604938271,-41.00112360356751,2.031359259992606,0.49146048630340194,fdr_bh,False
phase_split_within_arch,architecture_id=Lin27|target=lt1|feature_set=EMG|with_abs=False,mae,full_window,split,18,194.08234961678244,208.40148721138965,-14.319137594607213,162.26688495754377,163.70639836283857,-1.4395134052948038,64.0,0.3692169189453125,-1.2675327139313077,0.22205264158736027,-0.29876032579887196,-0.012345679012345678,-39.20995904228352,5.193128560330692,0.6744750015378936,fdr_bh,False
phase_split_within_arch,architecture_id=Lin27|target=lt1|feature_set=EMG|with_abs=True,mae,full_cycles,full_window,18,191.75246341990223,194.08234961678244,-2.32988619688021,164.98468857759832,162.26688495754377,2.7178036200545534,55.0,0.19638824462890625,-1.6414216655040428,0.11907883453646163,-0.38688679682147514,-0.024691358024691357,-5.156934968100028,0.3074381268244315,0.5177508267489347,fdr_bh,False
phase_split_within_arch,architecture_id=Lin27|target=lt1|feature_set=EMG|with_abs=True,mae,full_cycles,split,18,191.75246341990223,208.40148721138965,-16.649023791487423,164.98468857759832,163.70639836283857,1.2782902147597497,53.0,0.16735076904296875,-1.509291576623857,0.14958579073901157,-0.35574343620615495,-0.04938271604938271,-41.00112360356751,2.031359259992606,0.49146048630340194,fdr_bh,False
phase_split_within_arch,architecture_id=Lin27|target=lt1|feature_set=EMG|with_abs=True,mae,full_window,split,18,194.08234961678244,208.40148721138965,-14.319137594607213,162.26688495754377,163.70639836283857,-1.4395134052948038,64.0,0.3692169189453125,-1.2675327139313077,0.22205264158736027,-0.29876032579887196,-0.012345679012345678,-39.20995904228352,5.193128560330692,0.6744750015378936,fdr_bh,False
phase_split_within_arch,architecture_id=Lin27|target=lt1|feature_set=EMG+NIRS+HRV|with_abs=False,mae,full_cycles,full_window,18,166.57365978283121,167.9145311645192,-1.3408713816879754,141.2686646183388,138.98556224286892,2.2831023754698663,49.0,0.11870574951171875,-1.5718872345466341,0.13440196287145173,-0.370497374269498,-0.012345679012345678,-2.873891474948035,0.44689091295497113,0.4130960083007813,fdr_bh,False
phase_split_within_arch,architecture_id=Lin27|target=lt1|feature_set=EMG+NIRS+HRV|with_abs=False,mae,full_cycles,split,18,166.57365978283121,177.18925006417723,-10.615590281346016,141.2686646183388,153.30918889612312,-12.040524277784328,60.0,0.28372955322265625,-1.1065017560065349,0.28392200447731736,-0.26080496502234785,-0.06172839506172839,-32.628579582548205,3.5606154093867524,0.6094931143301505,fdr_bh,False
phase_split_within_arch,architecture_id=Lin27|target=lt1|feature_set=EMG+NIRS+HRV|with_abs=False,mae,full_window,split,18,167.9145311645192,177.18925006417723,-9.27471889965804,138.98556224286892,153.30918889612312,-14.323626653254195,64.0,0.3692169189453125,-0.947475656354701,0.35667122347371627,-0.22332215387252807,-0.04938271604938271,-31.70311414049698,5.465626667207704,0.6744750015378936,fdr_bh,False
phase_split_within_arch,architecture_id=Lin27|target=lt1|feature_set=EMG+NIRS+HRV|with_abs=True,mae,full_cycles,full_window,18,166.974795289881,167.75771937756184,-0.7829240876808399,147.63128016299805,149.25867593137338,-1.6273957683753224,62.0,0.32472991943359375,-1.0000898623409618,0.33129052407165926,-0.23572344115240498,-0.018518518518518517,-2.239735066182334,0.7284680901694812,0.6348652357465766,fdr_bh,False
phase_split_within_arch,architecture_id=Lin27|target=lt1|feature_set=EMG+NIRS+HRV|with_abs=True,mae,full_cycles,split,18,166.974795289881,174.1947019499736,-7.21990666009259,147.63128016299805,151.3649909704456,-3.733710807447551,83.0,0.932281494140625,-0.7798024384862193,0.4462287853357098,-0.18380119741313708,-0.037037037037037035,-29.150790496090938,6.06608666981551,0.9742761560388514,fdr_bh,False
phase_split_within_arch,architecture_id=Lin27|target=lt1|feature_set=EMG+NIRS+HRV|with_abs=True,mae,full_window,split,18,167.75771937756184,174.1947019499736,-6.43698257241175,149.25867593137338,151.3649909704456,-2.1063150390722285,82.0,0.8985748291015625,-0.689043942623194,0.5000927312682363,-0.16240921478812495,-0.037037037037037035,-28.2266873095711,7.274893470949945,0.9606882965509793,fdr_bh,False
phase_split_within_arch,architecture_id=Lin27|target=lt2|feature_set=EMG|with_abs=False,mae,full_cycles,full_window,18,204.51333598603588,204.56578336090817,-0.0524473748722869,168.69722319155522,167.25485596973073,1.4423672218244974,80.0,0.83172607421875,-0.032070372910432306,0.9747894547921145,-0.0075590593867160116,0.006172839506172839,-3.455149195315015,3.032473976196145,0.9382193641106159,fdr_bh,False
phase_split_within_arch,architecture_id=Lin27|target=lt2|feature_set=EMG|with_abs=False,mae,full_cycles,split,18,204.51333598603588,211.6109159107856,-7.097579924749709,168.69722319155522,160.50720162349722,8.190021568058,81.0,0.8650436401367188,-0.718152590496251,0.4824170681867721,-0.16927018888886158,-0.024691358024691357,-28.562497527687402,10.651932355279742,0.9451654215622547,fdr_bh,False
phase_split_within_arch,architecture_id=Lin27|target=lt2|feature_set=EMG|with_abs=False,mae,full_window,split,18,204.56578336090817,211.6109159107856,-7.045132549877422,167.25485596973073,160.50720162349722,6.747654346233503,80.0,0.83172607421875,-0.7399860710111802,0.46940531679045533,-0.1744163895985319,-0.018518518518518517,-26.966155997527654,9.555106250436475,0.9382193641106159,fdr_bh,False
phase_split_within_arch,architecture_id=Lin27|target=lt2|feature_set=EMG|with_abs=True,mae,full_cycles,full_window,18,204.51333598603588,204.56578336090817,-0.0524473748722869,168.69722319155522,167.25485596973073,1.4423672218244974,80.0,0.83172607421875,-0.032070372910432306,0.9747894547921145,-0.0075590593867160116,0.006172839506172839,-3.455149195315015,3.032473976196145,0.9382193641106159,fdr_bh,False
phase_split_within_arch,architecture_id=Lin27|target=lt2|feature_set=EMG|with_abs=True,mae,full_cycles,split,18,204.51333598603588,211.6109159107856,-7.097579924749709,168.69722319155522,160.50720162349722,8.190021568058,81.0,0.8650436401367188,-0.718152590496251,0.4824170681867721,-0.16927018888886158,-0.024691358024691357,-28.562497527687402,10.651932355279742,0.9451654215622547,fdr_bh,False
phase_split_within_arch,architecture_id=Lin27|target=lt2|feature_set=EMG|with_abs=True,mae,full_window,split,18,204.56578336090817,211.6109159107856,-7.045132549877422,167.25485596973073,160.50720162349722,6.747654346233503,80.0,0.83172607421875,-0.7399860710111802,0.46940531679045533,-0.1744163895985319,-0.018518518518518517,-26.966155997527654,9.555106250436475,0.9382193641106159,fdr_bh,False
phase_split_within_arch,architecture_id=Lin27|target=lt2|feature_set=EMG+NIRS+HRV|with_abs=False,mae,full_cycles,full_window,18,179.32342965600756,181.79038111153227,-2.4669514555247076,160.40085316377957,161.7499502578636,-1.3490970940840157,32.0,0.0182342529296875,-2.6424581980194777,0.017106561218501383,-0.6228333702738525,-0.043209876543209874,-4.33119392572286,-0.6538073520444777,0.18392811650815216,fdr_bh,False
phase_split_within_arch,architecture_id=Lin27|target=lt2|feature_set=EMG+NIRS+HRV|with_abs=False,mae,full_cycles,split,18,179.32342965600756,191.4638612163329,-12.14043156032534,160.40085316377957,168.3450204752436,-7.944167311464014,41.0,0.05385589599609375,-1.6211568013881519,0.12338292540029946,-0.3821103225427517,-0.08024691358024691,-27.83913187633136,0.6856067226179742,0.27162104067595105,fdr_bh,False
phase_split_within_arch,architecture_id=Lin27|target=lt2|feature_set=EMG+NIRS+HRV|with_abs=False,mae,full_window,split,18,181.79038111153227,191.4638612163329,-9.673480104800632,161.7499502578636,168.3450204752436,-6.595070217379998,54.0,0.18146514892578125,-1.2556232854152045,0.2262371412031692,-0.29595324657760763,-0.04938271604938271,-26.373528231077483,3.2676420998994904,0.501189458937872,fdr_bh,False
phase_split_within_arch,architecture_id=Lin27|target=lt2|feature_set=EMG+NIRS+HRV|with_abs=True,mae,full_cycles,full_window,18,162.81495739687097,164.75618610840291,-1.9412287115319486,144.09681330748901,142.90820037748455,1.1886129300044672,40.0,0.04827880859375,-2.255982588152112,0.03753509914000711,-0.5317401954403789,-0.037037037037037035,-3.57901367538014,-0.2399400152182476,0.2666829427083333,fdr_bh,False
phase_split_within_arch,architecture_id=Lin27|target=lt2|feature_set=EMG+NIRS+HRV|with_abs=True,mae,full_cycles,split,18,162.81495739687097,172.60549422184354,-9.790536824972577,144.09681330748901,159.19836793586123,-15.101554628372213,55.0,0.19638824462890625,-1.2661383302872604,0.2225394290837751,-0.29843166642211155,-0.043209876543209874,-27.799433964267525,3.1114065618652678,0.5177508267489347,fdr_bh,False
phase_split_within_arch,architecture_id=Lin27|target=lt2|feature_set=EMG+NIRS+HRV|with_abs=True,mae,full_window,split,18,164.75618610840291,172.60549422184354,-7.849308113440628,142.90820037748455,159.19836793586123,-16.29016755837668,62.0,0.32472991943359375,-1.0064660754630677,0.32830320214234043,-0.23722632899804882,-0.037037037037037035,-26.23113929662878,5.59259996276089,0.6348652357465766,fdr_bh,False
phase_split_within_arch,architecture_id=Lin28|target=lt1|feature_set=EMG|with_abs=False,mae,full_cycles,full_window,18,189.74705076517571,188.4007980144637,1.3462527507120114,171.41550367473636,166.29839554036448,5.117108134371875,65.0,0.39273834228515625,0.5960253025960891,0.5590114535307347,0.14048451107481952,0.06172839506172839,-3.1985088652656253,5.4250608746333056,0.6990943381853421,fdr_bh,False
phase_split_within_arch,architecture_id=Lin28|target=lt1|feature_set=EMG|with_abs=False,mae,full_cycles,split,18,189.74705076517571,199.6184311505712,-9.871380385395497,171.41550367473636,160.6486098205965,10.766893854139852,67.0,0.44229888916015625,-1.0718438566456652,0.2987713573159309,-0.2526360198024305,-0.018518518518518517,-30.672009990727126,5.563585562696093,0.7364593943910737,fdr_bh,False
phase_split_within_arch,architecture_id=Lin28|target=lt1|feature_set=EMG|with_abs=False,mae,full_window,split,18,188.4007980144637,199.6184311505712,-11.217633136107509,166.29839554036448,160.6486098205965,5.649785719767976,56.0,0.2121429443359375,-1.3385706790419576,0.19833808917027457,-0.31550413474934996,-0.037037037037037035,-28.709795672009296,3.62561919896379,0.5254501397075177,fdr_bh,False
phase_split_within_arch,architecture_id=Lin28|target=lt1|feature_set=EMG|with_abs=True,mae,full_cycles,full_window,18,189.74705076517571,188.4007980144637,1.3462527507120114,171.41550367473636,166.29839554036448,5.117108134371875,65.0,0.39273834228515625,0.5960253025960891,0.5590114535307347,0.14048451107481952,0.06172839506172839,-3.1985088652656253,5.4250608746333056,0.6990943381853421,fdr_bh,False
phase_split_within_arch,architecture_id=Lin28|target=lt1|feature_set=EMG|with_abs=True,mae,full_cycles,split,18,189.74705076517571,199.6184311505712,-9.871380385395497,171.41550367473636,160.6486098205965,10.766893854139852,67.0,0.44229888916015625,-1.0718438566456652,0.2987713573159309,-0.2526360198024305,-0.018518518518518517,-30.672009990727126,5.563585562696093,0.7364593943910737,fdr_bh,False
phase_split_within_arch,architecture_id=Lin28|target=lt1|feature_set=EMG|with_abs=True,mae,full_window,split,18,188.4007980144637,199.6184311505712,-11.217633136107509,166.29839554036448,160.6486098205965,5.649785719767976,56.0,0.2121429443359375,-1.3385706790419576,0.19833808917027457,-0.31550413474934996,-0.037037037037037035,-28.709795672009296,3.62561919896379,0.5254501397075177,fdr_bh,False
phase_split_within_arch,architecture_id=Lin28|target=lt1|feature_set=EMG+NIRS+HRV|with_abs=False,mae,full_cycles,full_window,18,165.79409175114625,168.14175692661857,-2.347665175472315,124.87887368503904,125.75620822474093,-0.8773345397018915,41.0,0.05385589599609375,-2.0856398455491196,0.05239439833907031,-0.491590025966882,-0.043209876543209874,-4.471541493684404,-0.12755082512963375,0.27162104067595105,fdr_bh,False
phase_split_within_arch,architecture_id=Lin28|target=lt1|feature_set=EMG+NIRS+HRV|with_abs=False,mae,full_cycles,split,18,165.79409175114625,170.4489897945147,-4.6548980433684335,124.87887368503904,142.52915512605753,-17.650281441018493,80.0,0.83172607421875,-0.3860378809168775,0.7042571812452777,-0.09099000113040301,-0.06172839506172839,-32.013967485340466,14.859884784550884,0.9382193641106159,fdr_bh,False
phase_split_within_arch,architecture_id=Lin28|target=lt1|feature_set=EMG+NIRS+HRV|with_abs=False,mae,full_window,split,18,168.14175692661857,170.4489897945147,-2.3072328678961185,125.75620822474093,142.52915512605753,-16.7729469013166,75.0,0.6705245971679688,-0.18688927561234445,0.8539596729140093,-0.04405022470551015,-0.06790123456790123,-29.97394992597167,18.416401079381753,0.8658351013523307,fdr_bh,False
phase_split_within_arch,architecture_id=Lin28|target=lt1|feature_set=EMG+NIRS+HRV|with_abs=True,mae,full_cycles,full_window,18,169.4476808955184,170.7274699795081,-1.279789083989698,121.62534020001732,121.76195036946456,-0.1366101694472377,61.0,0.30379486083984375,-1.1665732661551589,0.25948758638549396,-0.27496395574975063,-0.030864197530864196,-3.3985689754645585,0.7860623842918649,0.6311678302821828,fdr_bh,False
phase_split_within_arch,architecture_id=Lin28|target=lt1|feature_set=EMG+NIRS+HRV|with_abs=True,mae,full_cycles,split,18,169.4476808955184,170.814429780422,-1.3667488849035863,121.62534020001732,133.75648572247874,-12.131145522461424,69.0,0.49507904052734375,-0.121773761780184,0.9045060698190096,-0.028702350908454438,-0.030864197530864196,-28.01054828818536,16.22636275899985,0.7778216979842693,fdr_bh,False
phase_split_within_arch,architecture_id=Lin28|target=lt1|feature_set=EMG+NIRS+HRV|with_abs=True,mae,full_window,split,18,170.7274699795081,170.814429780422,-0.08695980091388833,121.76195036946456,133.75648572247874,-11.994535353014186,67.0,0.44229888916015625,-0.007586814276757791,0.9940349774828854,-0.0017882292742327818,-0.043209876543209874,-26.340259771536587,18.186619724562277,0.7364593943910737,fdr_bh,False
phase_split_within_arch,architecture_id=Lin28|target=lt2|feature_set=EMG|with_abs=False,mae,full_cycles,full_window,18,200.67350437879023,199.8582284069945,0.8152759717957281,152.7301412368738,147.3837300076307,5.3464112292431025,66.0,0.4171142578125,0.3149623780074935,0.7566233054630207,0.07423734443591314,0.030864197530864196,-4.701531279157258,5.419417774656959,0.7275978031015038,fdr_bh,False
phase_split_within_arch,architecture_id=Lin28|target=lt2|feature_set=EMG|with_abs=False,mae,full_cycles,split,18,200.67350437879023,197.52537445013104,3.1481299286591877,152.7301412368738,166.72932051258832,-13.99917927571451,74.0,0.6396942138671875,0.31545729064735706,0.7562540662566983,0.07435399646382727,0.037037037037037035,-14.603663091546212,22.105907423665965,0.8628433582394621,fdr_bh,False
phase_split_within_arch,architecture_id=Lin28|target=lt2|feature_set=EMG|with_abs=False,mae,full_window,split,18,199.8582284069945,197.52537445013104,2.3328539568634596,147.3837300076307,166.72932051258832,-19.345590504957613,79.0,0.7987060546875,0.26649698691495005,0.7930620008243535,0.06281394220444794,0.06790123456790123,-13.820791654319345,18.02686673293693,0.9264990234375,fdr_bh,False
phase_split_within_arch,architecture_id=Lin28|target=lt2|feature_set=EMG|with_abs=True,mae,full_cycles,full_window,18,200.67350437879023,199.8582284069945,0.8152759717957281,152.7301412368738,147.3837300076307,5.3464112292431025,66.0,0.4171142578125,0.3149623780074935,0.7566233054630207,0.07423734443591314,0.030864197530864196,-4.701531279157258,5.419417774656959,0.7275978031015038,fdr_bh,False
phase_split_within_arch,architecture_id=Lin28|target=lt2|feature_set=EMG|with_abs=True,mae,full_cycles,split,18,200.67350437879023,197.52537445013104,3.1481299286591877,152.7301412368738,166.72932051258832,-13.99917927571451,74.0,0.6396942138671875,0.31545729064735706,0.7562540662566983,0.07435399646382727,0.037037037037037035,-14.603663091546212,22.105907423665965,0.8628433582394621,fdr_bh,False
phase_split_within_arch,architecture_id=Lin28|target=lt2|feature_set=EMG|with_abs=True,mae,full_window,split,18,199.8582284069945,197.52537445013104,2.3328539568634596,147.3837300076307,166.72932051258832,-19.345590504957613,79.0,0.7987060546875,0.26649698691495005,0.7930620008243535,0.06281394220444794,0.06790123456790123,-13.820791654319345,18.02686673293693,0.9264990234375,fdr_bh,False
phase_split_within_arch,architecture_id=Lin28|target=lt2|feature_set=EMG+NIRS+HRV|with_abs=False,mae,full_cycles,full_window,18,163.9655882780931,167.2824353625342,-3.3168470844410933,159.15363798063578,158.81179091960308,0.3418470610326949,34.0,0.02367401123046875,-2.6731582958028297,0.016048531540093103,-0.630069452715752,-0.012345679012345678,-5.662875553577683,-0.9506175430866781,0.20342113353587962,fdr_bh,False
phase_split_within_arch,architecture_id=Lin28|target=lt2|feature_set=EMG+NIRS+HRV|with_abs=False,mae,full_cycles,split,18,163.9655882780931,172.60206528734423,-8.636477009251138,159.15363798063578,155.08482478693207,4.068813193703704,73.0,0.6094589233398438,-1.0264291850864733,0.3190736888023323,-0.241931679060809,-0.030864197530864196,-25.45639713737757,6.064910284641606,0.8483668212890626,fdr_bh,False
phase_split_within_arch,architecture_id=Lin28|target=lt2|feature_set=EMG+NIRS+HRV|with_abs=False,mae,full_window,split,18,167.2824353625342,172.60206528734423,-5.3196299248100445,158.81179091960308,155.08482478693207,3.7269661326710093,80.0,0.83172607421875,-0.6362565182228356,0.533082871960051,-0.14996709953650306,-0.006172839506172839,-22.520893342487707,9.683930361481178,0.9382193641106159,fdr_bh,False
phase_split_within_arch,architecture_id=Lin28|target=lt2|feature_set=EMG+NIRS+HRV|with_abs=True,mae,full_cycles,full_window,18,147.76120149111128,149.48191122253377,-1.7207097314224882,135.92732910575359,137.34887452303428,-1.4215454172806972,57.0,0.22875213623046875,-1.5272100732801552,0.14509977441751204,-0.359966866370934,-0.030864197530864196,-4.025696366423032,0.2625228088089686,0.5509047986726859,fdr_bh,False
phase_split_within_arch,architecture_id=Lin28|target=lt2|feature_set=EMG+NIRS+HRV|with_abs=True,mae,full_cycles,split,18,147.76120149111128,154.85410670802145,-7.092905216910168,135.92732910575359,133.08049474839737,2.846834357356215,62.0,0.32472991943359375,-1.0169062841002205,0.3234530800663089,-0.23968710977282656,-0.043209876543209874,-21.770467710628214,4.94838926749548,0.6348652357465766,fdr_bh,False
phase_split_within_arch,architecture_id=Lin28|target=lt2|feature_set=EMG+NIRS+HRV|with_abs=True,mae,full_window,split,18,149.48191122253377,154.85410670802145,-5.37219548548768,137.34887452303428,133.08049474839737,4.268379774636912,76.0,0.7018814086914062,-0.7378788399665966,0.47065184359330325,-0.17391971047814792,-0.018518518518518517,-20.279243993890955,6.7639418319238205,0.8801972260346284,fdr_bh,False
phase_split_within_arch,architecture_id=Lin29|target=lt1|feature_set=EMG|with_abs=False,mae,full_cycles,full_window,18,189.65593772928557,188.14968807273007,1.5062496565554966,171.32933494758572,166.21217464653705,5.117160301048671,64.0,0.3692169189453125,0.6730649691768559,0.5099529685753742,0.1586429346280231,0.05555555555555555,-3.0344703270127957,5.586421707328712,0.6744750015378936,fdr_bh,False
phase_split_within_arch,architecture_id=Lin29|target=lt1|feature_set=EMG|with_abs=False,mae,full_cycles,split,18,189.65593772928557,199.60723198054816,-9.951294251262595,171.32933494758572,160.53977131616617,10.789563631419554,66.0,0.4171142578125,-1.0838945688071715,0.2935452257287729,-0.2554763998982733,-0.024691358024691357,-30.877834714590954,5.49099194218867,0.7275978031015038,fdr_bh,False
phase_split_within_arch,architecture_id=Lin29|target=lt1|feature_set=EMG|with_abs=False,mae,full_window,split,18,188.14968807273007,199.60723198054816,-11.457543907818092,166.21217464653705,160.53977131616617,5.672403330370884,56.0,0.2121429443359375,-1.3668556809868666,0.1894757492333998,-0.3221709736430566,-0.037037037037037035,-29.016025515568717,3.474922691252339,0.5254501397075177,fdr_bh,False
phase_split_within_arch,architecture_id=Lin29|target=lt1|feature_set=EMG|with_abs=True,mae,full_cycles,full_window,18,189.65593772928557,188.14968807273007,1.5062496565554966,171.32933494758572,166.21217464653705,5.117160301048671,64.0,0.3692169189453125,0.6730649691768559,0.5099529685753742,0.1586429346280231,0.05555555555555555,-3.0344703270127957,5.586421707328712,0.6744750015378936,fdr_bh,False
phase_split_within_arch,architecture_id=Lin29|target=lt1|feature_set=EMG|with_abs=True,mae,full_cycles,split,18,189.65593772928557,199.60723198054816,-9.951294251262595,171.32933494758572,160.53977131616617,10.789563631419554,66.0,0.4171142578125,-1.0838945688071715,0.2935452257287729,-0.2554763998982733,-0.024691358024691357,-30.877834714590954,5.49099194218867,0.7275978031015038,fdr_bh,False
phase_split_within_arch,architecture_id=Lin29|target=lt1|feature_set=EMG|with_abs=True,mae,full_window,split,18,188.14968807273007,199.60723198054816,-11.457543907818092,166.21217464653705,160.53977131616617,5.672403330370884,56.0,0.2121429443359375,-1.3668556809868666,0.1894757492333998,-0.3221709736430566,-0.037037037037037035,-29.016025515568717,3.474922691252339,0.5254501397075177,fdr_bh,False
phase_split_within_arch,architecture_id=Lin29|target=lt1|feature_set=EMG+NIRS+HRV|with_abs=False,mae,full_cycles,full_window,18,165.71694755814676,167.94920950827935,-2.232261950132596,124.4583799053076,125.7002593894166,-1.2418794841090062,42.0,0.0599365234375,-2.013563247248932,0.06016483679980756,-0.4746014088259082,-0.05555555555555555,-4.298028982579704,-0.01832479732716031,0.28769531249999997,fdr_bh,False
phase_split_within_arch,architecture_id=Lin29|target=lt1|feature_set=EMG+NIRS+HRV|with_abs=False,mae,full_cycles,split,18,165.71694755814676,170.3659022130079,-4.648954654861143,124.4583799053076,142.88744188287393,-18.429061977566334,80.0,0.83172607421875,-0.38601950790437606,0.7042705356449082,-0.09098567056982612,-0.06172839506172839,-32.126465338578264,14.809440570674441,0.9382193641106159,fdr_bh,False
phase_split_within_arch,architecture_id=Lin29|target=lt1|feature_set=EMG+NIRS+HRV|with_abs=False,mae,full_window,split,18,167.94920950827935,170.3659022130079,-2.416692704728547,125.7002593894166,142.88744188287393,-17.18718249345733,75.0,0.6705245971679688,-0.19609843068782468,0.8468581221471059,-0.046220843373133674,-0.06790123456790123,-30.088099418887225,18.340949272667817,0.8658351013523307,fdr_bh,False
phase_split_within_arch,architecture_id=Lin29|target=lt1|feature_set=EMG+NIRS+HRV|with_abs=True,mae,full_cycles,full_window,18,169.2625385445652,170.7730661790268,-1.5105276344616243,121.26868271020582,122.03024903802626,-0.7615663278204323,51.0,0.14151763916015625,-1.3697091844482536,0.18859960871278036,-0.3228435508589519,-0.04938271604938271,-3.6378740536151217,0.560225441374936,0.44771034934303977,fdr_bh,False
phase_split_within_arch,architecture_id=Lin29|target=lt1|feature_set=EMG+NIRS+HRV|with_abs=True,mae,full_cycles,split,18,169.2625385445652,170.83825470787113,-1.575716163305941,121.26868271020582,133.53568213036266,-12.266999420156836,67.0,0.44229888916015625,-0.14004346154215028,0.890271510828057,-0.03300856043909731,-0.030864197530864196,-28.243419004229477,15.963051445112217,0.7364593943910737,fdr_bh,False
phase_split_within_arch,architecture_id=Lin29|target=lt1|feature_set=EMG+NIRS+HRV|with_abs=True,mae,full_window,split,18,170.7730661790268,170.83825470787113,-0.0651885288443168,122.03024903802626,133.53568213036266,-11.505433092336403,67.0,0.44229888916015625,-0.005683274743967404,0.9955315878707329,-0.0013395607036018637,-0.037037037037037035,-26.24312530388228,18.15314838566634,0.7364593943910737,fdr_bh,False
phase_split_within_arch,architecture_id=Lin29|target=lt2|feature_set=EMG|with_abs=False,mae,full_cycles,full_window,18,200.5962255394394,199.76624248307596,0.8299830563634316,152.46780286537262,147.3349675406675,5.132835324705127,65.0,0.39273834228515625,0.32558498746799497,0.7487115459740743,0.07674111749705212,0.030864197530864196,-4.474338662190266,5.3664820634474415,0.6990943381853421,fdr_bh,False
phase_split_within_arch,architecture_id=Lin29|target=lt2|feature_set=EMG|with_abs=False,mae,full_cycles,split,18,200.5962255394394,197.5155526149742,3.0806729244651763,152.46780286537262,167.05348331211806,-14.585680446745442,74.0,0.6396942138671875,0.30870399164316054,0.761297695957998,0.07276222862341138,0.030864197530864196,-14.685628343270537,22.07094919362672,0.8628433582394621,fdr_bh,False
phase_split_within_arch,architecture_id=Lin29|target=lt2|feature_set=EMG|with_abs=False,mae,full_window,split,18,199.76624248307596,197.5155526149742,2.2506898681017447,147.3349675406675,167.05348331211806,-19.71851577145057,79.0,0.7987060546875,0.25598017413229596,0.8010378987889114,0.06033510565941991,0.06790123456790123,-14.114720789384682,18.04356199303524,0.9264990234375,fdr_bh,False
phase_split_within_arch,architecture_id=Lin29|target=lt2|feature_set=EMG|with_abs=True,mae,full_cycles,full_window,18,200.5962255394394,199.76624248307596,0.8299830563634316,152.46780286537262,147.3349675406675,5.132835324705127,65.0,0.39273834228515625,0.32558498746799497,0.7487115459740743,0.07674111749705212,0.030864197530864196,-4.474338662190266,5.3664820634474415,0.6990943381853421,fdr_bh,False
phase_split_within_arch,architecture_id=Lin29|target=lt2|feature_set=EMG|with_abs=True,mae,full_cycles,split,18,200.5962255394394,197.5155526149742,3.0806729244651763,152.46780286537262,167.05348331211806,-14.585680446745442,74.0,0.6396942138671875,0.30870399164316054,0.761297695957998,0.07276222862341138,0.030864197530864196,-14.685628343270537,22.07094919362672,0.8628433582394621,fdr_bh,False
phase_split_within_arch,architecture_id=Lin29|target=lt2|feature_set=EMG|with_abs=True,mae,full_window,split,18,199.76624248307596,197.5155526149742,2.2506898681017447,147.3349675406675,167.05348331211806,-19.71851577145057,79.0,0.7987060546875,0.25598017413229596,0.8010378987889114,0.06033510565941991,0.06790123456790123,-14.114720789384682,18.04356199303524,0.9264990234375,fdr_bh,False
phase_split_within_arch,architecture_id=Lin29|target=lt2|feature_set=EMG+NIRS+HRV|with_abs=False,mae,full_cycles,full_window,18,164.07041528073515,167.35392277674876,-3.2835074960136126,158.59200581079125,158.8479896286085,-0.25598381781725266,31.0,0.01593017578125,-2.7753765460859996,0.012959227030197872,-0.6541625253611697,-0.024691358024691357,-5.48451927419118,-1.1092926816024211,0.17057542067307693,fdr_bh,False
phase_split_within_arch,architecture_id=Lin29|target=lt2|feature_set=EMG+NIRS+HRV|with_abs=False,mae,full_cycles,split,18,164.07041528073515,172.60952916257986,-8.539113881844713,158.59200581079125,155.70204379020055,2.8899620205907013,75.0,0.6705245971679688,-1.0159705740803602,0.32388568841568577,-0.23946656080607076,-0.030864197530864196,-25.326757120277865,6.25605412988676,0.8658351013523307,fdr_bh,False
phase_split_within_arch,architecture_id=Lin29|target=lt2|feature_set=EMG+NIRS+HRV|with_abs=False,mae,full_window,split,18,167.35392277674876,172.60952916257986,-5.255606385831101,158.8479896286085,155.70204379020055,3.145945838407954,83.0,0.932281494140625,-0.6258480489044148,0.5397270027385953,-0.14751379979089393,-0.012345679012345678,-22.54842427098456,9.790077574801963,0.9742761560388514,fdr_bh,False
phase_split_within_arch,architecture_id=Lin29|target=lt2|feature_set=EMG+NIRS+HRV|with_abs=True,mae,full_cycles,full_window,18,147.8613657909748,149.59645310951663,-1.7350873185418436,136.3252682088878,137.30366237332242,-0.9783941644346328,58.0,0.24620819091796875,-1.551184613355199,0.13927376897487287,-0.3656177196585647,-0.024691358024691357,-4.036472592387142,0.28553996329257664,0.5693053185345722,fdr_bh,False
phase_split_within_arch,architecture_id=Lin29|target=lt2|feature_set=EMG+NIRS+HRV|with_abs=True,mae,full_cycles,split,18,147.8613657909748,154.80038905744382,-6.939023266469036,136.3252682088878,132.94755177127894,3.3777164376088535,62.0,0.32472991943359375,-0.9892174987436126,0.3364284203258406,-0.23316080047666785,-0.030864197530864196,-21.74567226442727,5.222831162972754,0.6348652357465766,fdr_bh,False
phase_split_within_arch,architecture_id=Lin29|target=lt2|feature_set=EMG+NIRS+HRV|with_abs=True,mae,full_window,split,18,149.59645310951663,154.80038905744382,-5.203935947927192,137.30366237332242,132.94755177127894,4.356110602043486,76.0,0.7018814086914062,-0.7147489682112885,0.48446457964045075,-0.1684679474227634,-0.024691358024691357,-20.093899827210162,6.84205258657984,0.8801972260346284,fdr_bh,False
phase_split_within_arch,architecture_id=Lin3|target=lt1|feature_set=EMG|with_abs=False,mae,full_cycles,full_window,18,261.86036095753104,269.6278785998351,-7.767517642304085,212.77234615347638,234.38639996057702,-21.614053807100646,45.0,0.08142852783203125,-1.93011299339085,0.07045024613003789,-0.4549319953609787,-0.06790123456790123,-15.005390791592138,-0.4041647357101608,0.34557472787252286,fdr_bh,False
phase_split_within_arch,architecture_id=Lin3|target=lt1|feature_set=EMG|with_abs=False,mae,full_cycles,split,18,261.86036095753104,302.6062243115267,-40.745863353995674,212.77234615347638,281.50652355902844,-68.73417740555206,49.0,0.11870574951171875,-1.637257515864244,0.1199526547105899,-0.38590529733874945,-0.10493827160493827,-89.5284171926189,3.5576218962515593,0.4130960083007813,fdr_bh,False
phase_split_within_arch,architecture_id=Lin3|target=lt1|feature_set=EMG|with_abs=False,mae,full_window,split,18,269.6278785998351,302.6062243115267,-32.97834571169159,234.38639996057702,281.50652355902844,-47.120123598451414,60.0,0.28372955322265625,-1.2372368383470012,0.23281747620025964,-0.2916195194429896,-0.05555555555555555,-85.36322448458836,15.30284625457773,0.6094931143301505,fdr_bh,False
phase_split_within_arch,architecture_id=Lin3|target=lt1|feature_set=EMG|with_abs=True,mae,full_cycles,full_window,18,261.86036095753104,269.6278785998351,-7.767517642304085,212.77234615347638,234.38639996057702,-21.614053807100646,45.0,0.08142852783203125,-1.93011299339085,0.07045024613003789,-0.4549319953609787,-0.06790123456790123,-15.005390791592138,-0.4041647357101608,0.34557472787252286,fdr_bh,False
phase_split_within_arch,architecture_id=Lin3|target=lt1|feature_set=EMG|with_abs=True,mae,full_cycles,split,18,261.86036095753104,302.6062243115267,-40.745863353995674,212.77234615347638,281.50652355902844,-68.73417740555206,49.0,0.11870574951171875,-1.637257515864244,0.1199526547105899,-0.38590529733874945,-0.10493827160493827,-89.5284171926189,3.5576218962515593,0.4130960083007813,fdr_bh,False
phase_split_within_arch,architecture_id=Lin3|target=lt1|feature_set=EMG|with_abs=True,mae,full_window,split,18,269.6278785998351,302.6062243115267,-32.97834571169159,234.38639996057702,281.50652355902844,-47.120123598451414,60.0,0.28372955322265625,-1.2372368383470012,0.23281747620025964,-0.2916195194429896,-0.05555555555555555,-85.36322448458836,15.30284625457773,0.6094931143301505,fdr_bh,False
phase_split_within_arch,architecture_id=Lin3|target=lt1|feature_set=EMG+NIRS+HRV|with_abs=False,mae,full_cycles,full_window,18,179.75741895829185,177.49510013175328,2.262318826538575,125.89983529962535,130.1677514907525,-4.267916191127142,67.0,0.44229888916015625,0.5921178368289899,0.561564972196269,0.13956351256109614,0.024691358024691357,-5.384793496297884,9.069589089797178,0.7364593943910737,fdr_bh,False
phase_split_within_arch,architecture_id=Lin3|target=lt1|feature_set=EMG+NIRS+HRV|with_abs=False,mae,full_cycles,split,18,179.75741895829185,198.28691198507744,-18.529493026785588,125.89983529962535,165.4551084911898,-39.55527319156445,50.0,0.12973785400390625,-1.6255076671063045,0.12244783395858325,-0.3831358314271977,-0.09876543209876543,-42.87078301060087,2.380109661375245,0.4320456764914773,fdr_bh,False
phase_split_within_arch,architecture_id=Lin3|target=lt1|feature_set=EMG+NIRS+HRV|with_abs=False,mae,full_window,split,18,177.49510013175328,198.28691198507744,-20.791811853324162,130.1677514907525,165.4551084911898,-35.28735700043731,35.0,0.02684783935546875,-1.9033036555337464,0.07407380291979486,-0.44861297382835236,-0.13580246913580246,-44.285692802521375,-1.0619526032386393,0.22513368905308737,fdr_bh,False
phase_split_within_arch,architecture_id=Lin3|target=lt1|feature_set=EMG+NIRS+HRV|with_abs=True,mae,full_cycles,full_window,18,218.35749732322768,215.44128511382857,2.916212209399106,169.72320365327266,185.55126804916145,-15.828064395888788,70.0,0.522613525390625,0.7423922141438962,0.46798440568015887,0.1749835229737482,0.024691358024691357,-4.704114432558204,10.206685537704523,0.8047323311324668,fdr_bh,False
phase_split_within_arch,architecture_id=Lin3|target=lt1|feature_set=EMG+NIRS+HRV|with_abs=True,mae,full_cycles,split,18,218.35749732322768,227.4558398895648,-9.098342566337124,169.72320365327266,187.51443881967663,-17.791235166403965,84.0,0.9661178588867188,-0.6675781435026985,0.5133641844334113,-0.1573496774142281,-0.030864197530864196,-37.21549288445652,15.662261357944292,0.9816321602703011,fdr_bh,False
phase_split_within_arch,architecture_id=Lin3|target=lt1|feature_set=EMG+NIRS+HRV|with_abs=True,mae,full_window,split,18,215.44128511382857,227.4558398895648,-12.01455477573623,185.55126804916145,187.51443881967663,-1.9631707705151769,74.0,0.6396942138671875,-0.8945584230106991,0.3835139279240179,-0.2108494423594698,-0.04938271604938271,-41.16162465159887,11.503938878130358,0.8628433582394621,fdr_bh,False
phase_split_within_arch,architecture_id=Lin3|target=lt2|feature_set=EMG|with_abs=False,mae,full_cycles,full_window,18,300.7195921079918,309.2598146095565,-8.540222501564699,197.08708738359041,196.51562040315022,0.5714669804401922,48.0,0.1083831787109375,-1.9769280316316618,0.06450112065976046,-0.46596640569484055,-0.043209876543209874,-17.188307858832598,-0.6745488445681416,0.39912535652281744,fdr_bh,False
phase_split_within_arch,architecture_id=Lin3|target=lt2|feature_set=EMG|with_abs=False,mae,full_cycles,split,18,300.7195921079918,314.47109633560757,-13.751504227615783,197.08708738359041,241.5569154454284,-44.46982806183797,76.0,0.7018814086914062,-0.5743436689448744,0.5732574224800806,-0.13537410101416075,-0.012345679012345678,-56.511920009794636,30.981151636917065,0.8801972260346284,fdr_bh,False
phase_split_within_arch,architecture_id=Lin3|target=lt2|feature_set=EMG|with_abs=False,mae,full_window,split,18,309.2598146095565,314.47109633560757,-5.211281726051084,196.51562040315022,241.5569154454284,-45.041295042278165,83.0,0.932281494140625,-0.19971830083200237,0.8440703665887624,-0.0470740549484546,-0.006172839506172839,-53.58089839580194,45.8280151621051,0.9742761560388514,fdr_bh,False
phase_split_within_arch,architecture_id=Lin3|target=lt2|feature_set=EMG|with_abs=True,mae,full_cycles,full_window,18,300.7195921079918,309.2598146095565,-8.540222501564699,197.08708738359041,196.51562040315022,0.5714669804401922,48.0,0.1083831787109375,-1.9769280316316618,0.06450112065976046,-0.46596640569484055,-0.043209876543209874,-17.188307858832598,-0.6745488445681416,0.39912535652281744,fdr_bh,False
phase_split_within_arch,architecture_id=Lin3|target=lt2|feature_set=EMG|with_abs=True,mae,full_cycles,split,18,300.7195921079918,314.47109633560757,-13.751504227615783,197.08708738359041,241.5569154454284,-44.46982806183797,76.0,0.7018814086914062,-0.5743436689448744,0.5732574224800806,-0.13537410101416075,-0.012345679012345678,-56.511920009794636,30.981151636917065,0.8801972260346284,fdr_bh,False
phase_split_within_arch,architecture_id=Lin3|target=lt2|feature_set=EMG|with_abs=True,mae,full_window,split,18,309.2598146095565,314.47109633560757,-5.211281726051084,196.51562040315022,241.5569154454284,-45.041295042278165,83.0,0.932281494140625,-0.19971830083200237,0.8440703665887624,-0.0470740549484546,-0.006172839506172839,-53.58089839580194,45.8280151621051,0.9742761560388514,fdr_bh,False
phase_split_within_arch,architecture_id=Lin3|target=lt2|feature_set=EMG+NIRS+HRV|with_abs=False,mae,full_cycles,full_window,18,156.89085477201655,160.30925522511959,-3.4184004531030325,150.93702773456212,158.89269827207042,-7.955670537508297,60.0,0.28372955322265625,-1.2134142002756108,0.24156222424368085,-0.28600446980097866,-0.08024691358024691,-9.32892945365196,1.7802238404459845,0.6094931143301505,fdr_bh,False
phase_split_within_arch,architecture_id=Lin3|target=lt2|feature_set=EMG+NIRS+HRV|with_abs=False,mae,full_cycles,split,18,156.89085477201655,162.6056764345976,-5.714821662581045,150.93702773456212,140.8819528901945,10.055074844367624,76.0,0.7018814086914062,-0.5995986063499364,0.5566817010369886,-0.1413267468466811,0.030864197530864196,-25.633280715834573,11.012530185844286,0.8801972260346284,fdr_bh,False
phase_split_within_arch,architecture_id=Lin3|target=lt2|feature_set=EMG+NIRS+HRV|with_abs=False,mae,full_window,split,18,160.30925522511959,162.6056764345976,-2.2964212094780123,158.89269827207042,140.8819528901945,18.01074538187592,80.0,0.83172607421875,-0.24110539019956354,0.8123573802493042,-0.056829085463579974,0.06790123456790123,-21.970977123722225,14.345432567495372,0.9382193641106159,fdr_bh,False
phase_split_within_arch,architecture_id=Lin3|target=lt2|feature_set=EMG+NIRS+HRV|with_abs=True,mae,full_cycles,full_window,18,153.40438588304357,156.79663837786325,-3.3922524948196724,128.02331262812805,123.97631185665361,4.047000771474444,62.0,0.32472991943359375,-1.0317941568150633,0.31662515415719156,-0.24319621502419575,-0.043209876543209874,-9.733591639562313,2.768069362769546,0.6348652357465766,fdr_bh,False
phase_split_within_arch,architecture_id=Lin3|target=lt2|feature_set=EMG+NIRS+HRV|with_abs=True,mae,full_cycles,split,18,153.40438588304357,152.9894060049067,0.41497987813687587,128.02331262812805,127.9712948188533,0.05201780927475852,85.0,1.0,0.05893273744957638,0.9536929019533251,0.013890579428160622,-0.018518518518518517,-12.953844359156427,15.097343718366265,1.0,fdr_bh,False
phase_split_within_arch,architecture_id=Lin3|target=lt2|feature_set=EMG+NIRS+HRV|with_abs=True,mae,full_window,split,18,156.79663837786325,152.9894060049067,3.8072323729565483,123.97631185665361,127.9712948188533,-3.9949829621996855,78.0,0.7660293579101562,0.5191245322778186,0.6103663907356867,0.12235882568464677,0.04938271604938271,-10.156348914240771,19.059565505672225,0.9176530690283455,fdr_bh,False
phase_split_within_arch,architecture_id=Lin4|target=lt1|feature_set=EMG|with_abs=False,mae,full_cycles,full_window,18,234.26752226724895,237.2298798929152,-2.962357625666243,225.6330184901904,233.2999133393485,-7.666894849158098,77.0,0.7337265014648438,-1.1042832295192013,0.2848559480794552,-0.26028205331453597,-0.018518518518518517,-8.430535539646728,1.680263257580371,0.8974932249903889,fdr_bh,False
phase_split_within_arch,architecture_id=Lin4|target=lt1|feature_set=EMG|with_abs=False,mae,full_cycles,split,18,234.26752226724895,248.21970516070618,-13.952182893457234,225.6330184901904,239.37644791589415,-13.743429425703738,71.0,0.550872802734375,-0.8314620624258491,0.4172389981848291,-0.19597748754689012,-0.07407407407407407,-43.853115490186795,17.954258592727694,0.8334945015285325,fdr_bh,False
phase_split_within_arch,architecture_id=Lin4|target=lt1|feature_set=EMG|with_abs=False,mae,full_window,split,18,237.2298798929152,248.21970516070618,-10.989825267790991,233.2999133393485,239.37644791589415,-6.07653457654564,75.0,0.6705245971679688,-0.6309842284923196,0.5364427368937292,-0.1487244089295604,-0.030864197530864196,-43.2434917778756,21.479043896500777,0.8658351013523307,fdr_bh,False
phase_split_within_arch,architecture_id=Lin4|target=lt1|feature_set=EMG|with_abs=True,mae,full_cycles,full_window,18,234.26752226724895,237.2298798929152,-2.962357625666243,225.6330184901904,233.2999133393485,-7.666894849158098,77.0,0.7337265014648438,-1.1042832295192013,0.2848559480794552,-0.26028205331453597,-0.018518518518518517,-8.430535539646728,1.680263257580371,0.8974932249903889,fdr_bh,False
phase_split_within_arch,architecture_id=Lin4|target=lt1|feature_set=EMG|with_abs=True,mae,full_cycles,split,18,234.26752226724895,248.21970516070618,-13.952182893457234,225.6330184901904,239.37644791589415,-13.743429425703738,71.0,0.550872802734375,-0.8314620624258491,0.4172389981848291,-0.19597748754689012,-0.07407407407407407,-43.853115490186795,17.954258592727694,0.8334945015285325,fdr_bh,False
phase_split_within_arch,architecture_id=Lin4|target=lt1|feature_set=EMG|with_abs=True,mae,full_window,split,18,237.2298798929152,248.21970516070618,-10.989825267790991,233.2999133393485,239.37644791589415,-6.07653457654564,75.0,0.6705245971679688,-0.6309842284923196,0.5364427368937292,-0.1487244089295604,-0.030864197530864196,-43.2434917778756,21.479043896500777,0.8658351013523307,fdr_bh,False
phase_split_within_arch,architecture_id=Lin4|target=lt1|feature_set=EMG+NIRS+HRV|with_abs=False,mae,full_cycles,full_window,18,183.72766066782634,184.8068634677715,-1.0792027999451648,151.25202071341442,142.84285189863385,8.409168814780571,77.0,0.7337265014648438,-0.5355453031360525,0.5992098994887366,-0.12622923849336934,-0.006172839506172839,-5.136309565149486,2.373833538781813,0.8974932249903889,fdr_bh,False
phase_split_within_arch,architecture_id=Lin4|target=lt1|feature_set=EMG+NIRS+HRV|with_abs=False,mae,full_cycles,split,18,183.72766066782634,199.3257141718632,-15.59805350403687,151.25202071341442,162.40192118145285,-11.149900468038425,59.0,0.2645263671875,-1.230210991447334,0.23537070595373696,-0.28996351144754523,-0.14814814814814814,-42.89154246777925,7.776300086364722,0.5939043598790322,fdr_bh,False
phase_split_within_arch,architecture_id=Lin4|target=lt1|feature_set=EMG+NIRS+HRV|with_abs=False,mae,full_window,split,18,184.8068634677715,199.3257141718632,-14.518850704091705,142.84285189863385,162.40192118145285,-19.559069282818996,62.0,0.32472991943359375,-1.1284246914241078,0.2748143474663323,-0.2659722504547747,-0.12962962962962962,-42.11544787917814,9.139485607762255,0.6348652357465766,fdr_bh,False
phase_split_within_arch,architecture_id=Lin4|target=lt1|feature_set=EMG+NIRS+HRV|with_abs=True,mae,full_cycles,full_window,18,197.59204777241249,198.15030536710242,-0.558257594689934,153.8581111877897,160.0584707506581,-6.200359562868414,75.0,0.6705245971679688,-0.26541197628746543,0.7938837931109437,-0.06255820274699667,0.012345679012345678,-4.837475863123465,3.2320406080995836,0.8658351013523307,fdr_bh,False
phase_split_within_arch,architecture_id=Lin4|target=lt1|feature_set=EMG+NIRS+HRV|with_abs=True,mae,full_cycles,split,18,197.59204777241249,206.73250073091486,-9.14045295850238,153.8581111877897,182.1839733051459,-28.325862117356223,80.0,0.83172607421875,-0.6785583858973906,0.506550646037699,-0.1599377453663477,-0.05555555555555555,-37.57206657076243,14.825388892598049,0.9382193641106159,fdr_bh,False
phase_split_within_arch,architecture_id=Lin4|target=lt1|feature_set=EMG+NIRS+HRV|with_abs=True,mae,full_window,split,18,198.15030536710242,206.73250073091486,-8.582195363812446,160.0584707506581,182.1839733051459,-22.12550255448781,75.0,0.6705245971679688,-0.6277568029161423,0.538505193314935,-0.1479636974259971,-0.06172839506172839,-37.66159116588192,16.19883536993602,0.8658351013523307,fdr_bh,False
phase_split_within_arch,architecture_id=Lin4|target=lt2|feature_set=EMG|with_abs=False,mae,full_cycles,full_window,18,282.6213155457899,287.2627238543942,-4.641408308604298,256.111048259981,264.5809703411585,-8.469922081177515,54.0,0.18146514892578125,-1.6339593251761233,0.12064863677345865,-0.38512790633834404,-0.024691358024691357,-10.29384495341188,0.7154494134331636,0.501189458937872,fdr_bh,False
phase_split_within_arch,architecture_id=Lin4|target=lt2|feature_set=EMG|with_abs=False,mae,full_cycles,split,18,282.6213155457899,269.23405449228346,13.38726105350645,256.111048259981,231.31266136965274,24.79838689032823,71.0,0.550872802734375,0.7204850671145782,0.4810168896857948,0.169819958900121,0.05555555555555555,-18.73826526879068,49.196214879071725,0.8334945015285325,fdr_bh,False
phase_split_within_arch,architecture_id=Lin4|target=lt2|feature_set=EMG|with_abs=False,mae,full_window,split,18,287.2627238543942,269.23405449228346,18.028669362110747,264.5809703411585,231.31266136965274,33.268308971505746,68.0,0.468292236328125,0.9315684156886974,0.36460160261977803,0.2195727812908955,0.04938271604938271,-15.60597823289022,54.48787386779244,0.7562213375507542,fdr_bh,False
phase_split_within_arch,architecture_id=Lin4|target=lt2|feature_set=EMG|with_abs=True,mae,full_cycles,full_window,18,282.6213155457899,287.2627238543942,-4.641408308604298,256.111048259981,264.5809703411585,-8.469922081177515,54.0,0.18146514892578125,-1.6339593251761233,0.12064863677345865,-0.38512790633834404,-0.024691358024691357,-10.29384495341188,0.7154494134331636,0.501189458937872,fdr_bh,False
phase_split_within_arch,architecture_id=Lin4|target=lt2|feature_set=EMG|with_abs=True,mae,full_cycles,split,18,282.6213155457899,269.23405449228346,13.38726105350645,256.111048259981,231.31266136965274,24.79838689032823,71.0,0.550872802734375,0.7204850671145782,0.4810168896857948,0.169819958900121,0.05555555555555555,-18.73826526879068,49.196214879071725,0.8334945015285325,fdr_bh,False
phase_split_within_arch,architecture_id=Lin4|target=lt2|feature_set=EMG|with_abs=True,mae,full_window,split,18,287.2627238543942,269.23405449228346,18.028669362110747,264.5809703411585,231.31266136965274,33.268308971505746,68.0,0.468292236328125,0.9315684156886974,0.36460160261977803,0.2195727812908955,0.04938271604938271,-15.60597823289022,54.48787386779244,0.7562213375507542,fdr_bh,False
phase_split_within_arch,architecture_id=Lin4|target=lt2|feature_set=EMG+NIRS+HRV|with_abs=False,mae,full_cycles,full_window,18,179.37119500569705,183.71424610612678,-4.343051100429733,162.1294404928155,170.22608613568372,-8.096645642868225,38.0,0.03849029541015625,-2.3093124693976885,0.03375328256384132,-0.5443101689965857,-0.037037037037037035,-8.229625685538473,-0.8814999094724079,0.2551356724330357,fdr_bh,False
phase_split_within_arch,architecture_id=Lin4|target=lt2|feature_set=EMG+NIRS+HRV|with_abs=False,mae,full_cycles,split,18,179.37119500569705,179.95311941778036,-0.5819244120833105,162.1294404928155,167.30553998426106,-5.176099491445569,85.0,1.0,-0.09421221792241495,0.9260421031812766,-0.02220603272118813,-0.006172839506172839,-11.356296394638951,12.32835264287194,1.0,fdr_bh,False
phase_split_within_arch,architecture_id=Lin4|target=lt2|feature_set=EMG+NIRS+HRV|with_abs=False,mae,full_window,split,18,183.71424610612678,179.95311941778036,3.7611266883464225,170.22608613568372,167.30553998426106,2.9205461514226556,75.0,0.6705245971679688,0.5465789607401602,0.5917704781200666,0.12882989653108767,0.037037037037037035,-8.493395910299284,17.875075810961768,0.8658351013523307,fdr_bh,False
phase_split_within_arch,architecture_id=Lin4|target=lt2|feature_set=EMG+NIRS+HRV|with_abs=True,mae,full_cycles,full_window,18,154.37482385076953,158.30792510411527,-3.9331012533457397,134.69246527178439,137.62393281422115,-2.9314675424367636,38.0,0.03849029541015625,-2.525548247051281,0.021777116946816114,-0.5952774305679196,-0.04938271604938271,-7.150245563249207,-0.9235428061224246,0.2551356724330357,fdr_bh,False
phase_split_within_arch,architecture_id=Lin4|target=lt2|feature_set=EMG+NIRS+HRV|with_abs=True,mae,full_cycles,split,18,154.37482385076953,152.43446892250518,1.9403549282643553,134.69246527178439,117.78351482441636,16.908950447368028,79.0,0.7987060546875,0.3437897727135335,0.7352198390355791,0.08103202652944048,0.04938271604938271,-8.328836490602283,13.09430318114226,0.9264990234375,fdr_bh,False
phase_split_within_arch,architecture_id=Lin4|target=lt2|feature_set=EMG+NIRS+HRV|with_abs=True,mae,full_window,split,18,158.30792510411527,152.43446892250518,5.873456181610095,137.62393281422115,117.78351482441636,19.84041798980479,74.0,0.6396942138671875,0.9381075512145315,0.36132714840729013,0.2211140703153672,0.05555555555555555,-5.254995744654008,18.585016604858353,0.8628433582394621,fdr_bh,False
phase_split_within_arch,architecture_id=Lin5|target=lt1|feature_set=EMG|with_abs=False,mae,full_cycles,full_window,18,250.42986934302405,261.8876943448865,-11.457825001862432,216.37458478603983,219.89473671319945,-3.520151927159617,54.0,0.18146514892578125,-1.7496982278311746,0.09819808802168929,-0.4124078273098361,-0.08641975308641975,-23.44406161852375,-0.29114609635111544,0.501189458937872,fdr_bh,False
phase_split_within_arch,architecture_id=Lin5|target=lt1|feature_set=EMG|with_abs=False,mae,full_cycles,split,18,250.42986934302405,285.34075658019407,-34.910887237170016,216.37458478603983,260.745557775781,-44.37097298974115,62.0,0.32472991943359375,-1.666275683639724,0.11397572173592135,-0.39274494507596636,-0.08024691358024691,-74.82894374513997,4.72966209179082,0.6348652357465766,fdr_bh,False
phase_split_within_arch,architecture_id=Lin5|target=lt1|feature_set=EMG|with_abs=False,mae,full_window,split,18,261.8876943448865,285.34075658019407,-23.453062235307584,219.89473671319945,260.745557775781,-40.85082106258153,72.0,0.5798416137695312,-0.9553586328522105,0.3527854616475621,-0.22518018925163574,-0.06172839506172839,-67.93088050287662,23.105861466088268,0.8407703399658203,fdr_bh,False
phase_split_within_arch,architecture_id=Lin5|target=lt1|feature_set=EMG|with_abs=True,mae,full_cycles,full_window,18,250.42986934302405,261.8876943448865,-11.457825001862432,216.37458478603983,219.89473671319945,-3.520151927159617,54.0,0.18146514892578125,-1.7496982278311746,0.09819808802168929,-0.4124078273098361,-0.08641975308641975,-23.44406161852375,-0.29114609635111544,0.501189458937872,fdr_bh,False
phase_split_within_arch,architecture_id=Lin5|target=lt1|feature_set=EMG|with_abs=True,mae,full_cycles,split,18,250.42986934302405,285.34075658019407,-34.910887237170016,216.37458478603983,260.745557775781,-44.37097298974115,62.0,0.32472991943359375,-1.666275683639724,0.11397572173592135,-0.39274494507596636,-0.08024691358024691,-74.82894374513997,4.72966209179082,0.6348652357465766,fdr_bh,False
phase_split_within_arch,architecture_id=Lin5|target=lt1|feature_set=EMG|with_abs=True,mae,full_window,split,18,261.8876943448865,285.34075658019407,-23.453062235307584,219.89473671319945,260.745557775781,-40.85082106258153,72.0,0.5798416137695312,-0.9553586328522105,0.3527854616475621,-0.22518018925163574,-0.06172839506172839,-67.93088050287662,23.105861466088268,0.8407703399658203,fdr_bh,False
phase_split_within_arch,architecture_id=Lin5|target=lt1|feature_set=EMG+NIRS+HRV|with_abs=False,mae,full_cycles,full_window,18,238.8184874266962,208.5795056825665,30.238981744129717,149.93058579954078,134.9257800391183,15.004805760422471,43.0,0.06653594970703125,2.1726120011291368,0.04424037956564636,0.5120895596285625,0.10493827160493827,4.784958462503671,57.59622537358561,0.308726806640625,fdr_bh,False
phase_split_within_arch,architecture_id=Lin5|target=lt1|feature_set=EMG+NIRS+HRV|with_abs=False,mae,full_cycles,split,18,238.8184874266962,282.9527656809341,-44.13427825423787,149.93058579954078,168.63513221357834,-18.704546414037566,62.0,0.32472991943359375,-1.2963926380075503,0.21216320311877454,-0.30556267513848534,-0.018518518518518517,-116.84911943193504,11.572329221953433,0.6348652357465766,fdr_bh,False
phase_split_within_arch,architecture_id=Lin5|target=lt1|feature_set=EMG+NIRS+HRV|with_abs=False,mae,full_window,split,18,208.5795056825665,282.9527656809341,-74.37325999836759,134.9257800391183,168.63513221357834,-33.70935217446004,46.0,0.0897674560546875,-1.7424851673003858,0.09948312648983418,-0.41070769263835954,-0.10493827160493827,-163.97855916348516,-4.753534880002822,0.35906982421875,fdr_bh,False
phase_split_within_arch,architecture_id=Lin5|target=lt1|feature_set=EMG+NIRS+HRV|with_abs=True,mae,full_cycles,full_window,18,265.52744647703474,237.64828972249018,27.879156754544567,206.38138086456988,196.6057707912667,9.77561007330317,51.0,0.14151763916015625,2.0615710454849965,0.05488148946931126,0.48591695538676055,0.09876543209876543,3.211529748337564,55.11799227095214,0.44771034934303977,fdr_bh,False
phase_split_within_arch,architecture_id=Lin5|target=lt1|feature_set=EMG+NIRS+HRV|with_abs=True,mae,full_cycles,split,18,265.52744647703474,311.5730254601322,-46.04557898309747,206.38138086456988,190.78472890992202,15.596651954647854,57.0,0.22875213623046875,-1.3140348838108333,0.20629057679549526,-0.3097209923527724,-0.030864197530864196,-124.92766895545124,9.995242985040715,0.5509047986726859,fdr_bh,False
phase_split_within_arch,architecture_id=Lin5|target=lt1|feature_set=EMG+NIRS+HRV|with_abs=True,mae,full_window,split,18,237.64828972249018,311.5730254601322,-73.92473573764204,196.6057707912667,190.78472890992202,5.821041881344684,54.0,0.18146514892578125,-1.6029623214072088,0.12735935687068728,-0.3778218424845225,-0.09259259259259259,-171.78189821552542,-0.4474316899641009,0.501189458937872,fdr_bh,False
phase_split_within_arch,architecture_id=Lin5|target=lt2|feature_set=EMG|with_abs=False,mae,full_cycles,full_window,18,313.9508828395958,367.7384605380727,-53.787577698476866,226.19505802719607,280.42582678198085,-54.230768754784776,13.0,0.00067138671875,-3.3318419281150913,0.003948967540179961,-0.7853226737372808,-0.11728395061728394,-86.6890851775015,-26.25693179503963,0.05597686767578125,fdr_bh,False
phase_split_within_arch,architecture_id=Lin5|target=lt2|feature_set=EMG|with_abs=False,mae,full_cycles,split,18,313.9508828395958,244.29324329615486,69.65763954344095,226.19505802719607,219.3294870997952,6.865570927400881,43.0,0.06653594970703125,2.2922516181024126,0.03492276172139238,0.5402888877820173,0.12962962962962962,13.53625553301401,128.5276830288618,0.308726806640625,fdr_bh,False
phase_split_within_arch,architecture_id=Lin5|target=lt2|feature_set=EMG|with_abs=False,mae,full_window,split,18,367.7384605380727,244.29324329615486,123.44521724191782,280.42582678198085,219.3294870997952,61.09633968218566,29.0,0.01203155517578125,3.018314987105571,0.007746090438053774,0.7114236650464454,0.25308641975308643,48.43435060990898,201.74022315543485,0.15225386186079545,fdr_bh,False
phase_split_within_arch,architecture_id=Lin5|target=lt2|feature_set=EMG|with_abs=True,mae,full_cycles,full_window,18,313.9508828395958,367.7384605380727,-53.787577698476866,226.19505802719607,280.42582678198085,-54.230768754784776,13.0,0.00067138671875,-3.3318419281150913,0.003948967540179961,-0.7853226737372808,-0.11728395061728394,-86.6890851775015,-26.25693179503963,0.05597686767578125,fdr_bh,False
phase_split_within_arch,architecture_id=Lin5|target=lt2|feature_set=EMG|with_abs=True,mae,full_cycles,split,18,313.9508828395958,244.29324329615486,69.65763954344095,226.19505802719607,219.3294870997952,6.865570927400881,43.0,0.06653594970703125,2.2922516181024126,0.03492276172139238,0.5402888877820173,0.12962962962962962,13.53625553301401,128.5276830288618,0.308726806640625,fdr_bh,False
phase_split_within_arch,architecture_id=Lin5|target=lt2|feature_set=EMG|with_abs=True,mae,full_window,split,18,367.7384605380727,244.29324329615486,123.44521724191782,280.42582678198085,219.3294870997952,61.09633968218566,29.0,0.01203155517578125,3.018314987105571,0.007746090438053774,0.7114236650464454,0.25308641975308643,48.43435060990898,201.74022315543485,0.15225386186079545,fdr_bh,False
phase_split_within_arch,architecture_id=Lin5|target=lt2|feature_set=EMG+NIRS+HRV|with_abs=False,mae,full_cycles,full_window,18,172.7817323480764,179.06109971890788,-6.279367370831494,138.7044244281853,152.86031198427082,-14.155887556085531,81.0,0.8650436401367188,-0.6544727558425605,0.5215641092184866,-0.15426070791937407,-0.05555555555555555,-24.51925808485675,11.639167759642936,0.9451654215622547,fdr_bh,False
phase_split_within_arch,architecture_id=Lin5|target=lt2|feature_set=EMG+NIRS+HRV|with_abs=False,mae,full_cycles,split,18,172.7817323480764,177.35532661654054,-4.573594268464149,138.7044244281853,164.0662592032488,-25.3618347750635,65.0,0.39273834228515625,-0.4928295972794475,0.6284379728530193,-0.11616105006857753,-0.06790123456790123,-21.86155399946133,13.717559293917374,0.6990943381853421,fdr_bh,False
phase_split_within_arch,architecture_id=Lin5|target=lt2|feature_set=EMG+NIRS+HRV|with_abs=False,mae,full_window,split,18,179.06109971890788,177.35532661654054,1.7057731023673455,152.86031198427082,164.0662592032488,-11.205947218977968,78.0,0.7660293579101562,0.13545325436297873,0.8938444754713218,0.031926638231282854,0.012345679012345678,-22.234837424197245,27.235608116581677,0.9176530690283455,fdr_bh,False
phase_split_within_arch,architecture_id=Lin5|target=lt2|feature_set=EMG+NIRS+HRV|with_abs=True,mae,full_cycles,full_window,18,193.02898029278336,182.77964771698495,10.249332575798405,143.86932590568506,142.95049091352826,0.9188349921568033,62.0,0.32472991943359375,1.3782895752419846,0.18598469163453657,0.3248659683641112,0.006172839506172839,-2.0583793107774477,25.226504348725207,0.6348652357465766,fdr_bh,False
phase_split_within_arch,architecture_id=Lin5|target=lt2|feature_set=EMG+NIRS+HRV|with_abs=True,mae,full_cycles,split,18,193.02898029278336,206.32013083247375,-13.291150539690392,143.86932590568506,145.1158877989693,-1.2465618932842517,38.0,0.03849029541015625,-1.6203358267141914,0.12356004961479455,-0.3819168169563717,-0.07407407407407407,-28.550308169234285,3.250516422010403,0.2551356724330357,fdr_bh,False
phase_split_within_arch,architecture_id=Lin5|target=lt2|feature_set=EMG+NIRS+HRV|with_abs=True,mae,full_window,split,18,182.77964771698495,206.32013083247375,-23.540483115488797,142.95049091352826,145.1158877989693,-2.165396885441055,47.0,0.0987396240234375,-1.792138982623487,0.09092609276578416,-0.422411209147276,-0.07407407407407407,-49.62636206511986,0.16622530280816766,0.3755343077612705,fdr_bh,False
phase_split_within_arch,architecture_id=Lin6|target=lt1|feature_set=EMG|with_abs=False,mae,full_cycles,full_window,18,250.8640286599563,263.2280131240901,-12.363984464133836,216.86818962768467,222.61163445450217,-5.743444826817495,40.0,0.04827880859375,-1.7892336373400777,0.09140844513463714,-0.42172641269674693,-0.043209876543209874,-25.510193360478308,0.08652050895598898,0.2666829427083333,fdr_bh,False
phase_split_within_arch,architecture_id=Lin6|target=lt1|feature_set=EMG|with_abs=False,mae,full_cycles,split,18,250.8640286599563,295.7491222096584,-44.885093549702134,216.86818962768467,263.742056500888,-46.873866873203326,48.0,0.1083831787109375,-2.0887055436691644,0.05208508766500551,-0.4923126179434668,-0.11728395061728394,-86.57701880599852,-4.35953135802635,0.39912535652281744,fdr_bh,False
phase_split_within_arch,architecture_id=Lin6|target=lt1|feature_set=EMG|with_abs=False,mae,full_window,split,18,263.2280131240901,295.7491222096584,-32.5211090855683,222.61163445450217,263.742056500888,-41.13042204638583,62.0,0.32472991943359375,-1.2812119453532929,0.2173211334500572,-0.30198455156550724,-0.09259259259259259,-78.82062536837307,15.633884920496177,0.6348652357465766,fdr_bh,False
phase_split_within_arch,architecture_id=Lin6|target=lt1|feature_set=EMG|with_abs=True,mae,full_cycles,full_window,18,250.8640286599563,263.2280131240901,-12.363984464133836,216.86818962768467,222.61163445450217,-5.743444826817495,40.0,0.04827880859375,-1.7892336373400777,0.09140844513463714,-0.42172641269674693,-0.043209876543209874,-25.510193360478308,0.08652050895598898,0.2666829427083333,fdr_bh,False
phase_split_within_arch,architecture_id=Lin6|target=lt1|feature_set=EMG|with_abs=True,mae,full_cycles,split,18,250.8640286599563,295.7491222096584,-44.885093549702134,216.86818962768467,263.742056500888,-46.873866873203326,48.0,0.1083831787109375,-2.0887055436691644,0.05208508766500551,-0.4923126179434668,-0.11728395061728394,-86.57701880599852,-4.35953135802635,0.39912535652281744,fdr_bh,False
phase_split_within_arch,architecture_id=Lin6|target=lt1|feature_set=EMG|with_abs=True,mae,full_window,split,18,263.2280131240901,295.7491222096584,-32.5211090855683,222.61163445450217,263.742056500888,-41.13042204638583,62.0,0.32472991943359375,-1.2812119453532929,0.2173211334500572,-0.30198455156550724,-0.09259259259259259,-78.82062536837307,15.633884920496177,0.6348652357465766,fdr_bh,False
phase_split_within_arch,architecture_id=Lin6|target=lt1|feature_set=EMG+NIRS+HRV|with_abs=False,mae,full_cycles,full_window,18,232.09890950779857,201.34161033010255,30.757299177696012,139.50641675712512,129.28746008344936,10.218956673675763,42.0,0.0599365234375,2.150117683798167,0.04622965514448857,0.5067875981875989,0.1111111111111111,4.314002387679074,58.70989320587582,0.28769531249999997,fdr_bh,False
phase_split_within_arch,architecture_id=Lin6|target=lt1|feature_set=EMG+NIRS+HRV|with_abs=False,mae,full_cycles,split,18,232.09890950779857,283.52340037627397,-51.4244908684754,139.50641675712512,176.44565136140588,-36.939234604280756,47.0,0.0987396240234375,-1.5834336864318619,0.1317477189062341,-0.3732188990783943,-0.06172839506172839,-120.13741154815573,1.5368174062184619,0.3755343077612705,fdr_bh,False
phase_split_within_arch,architecture_id=Lin6|target=lt1|feature_set=EMG+NIRS+HRV|with_abs=False,mae,full_window,split,18,201.34161033010255,283.52340037627397,-82.18179004617141,129.28746008344936,176.44565136140588,-47.15819127795652,39.0,0.0431671142578125,-1.944903887386545,0.06851962997898177,-0.4584182425090344,-0.15432098765432098,-170.96356382059278,-13.389179014851289,0.2612548828125,fdr_bh,False
phase_split_within_arch,architecture_id=Lin6|target=lt1|feature_set=EMG+NIRS+HRV|with_abs=True,mae,full_cycles,full_window,18,258.7504423745597,233.02950247898968,25.72093989557004,197.1443077827414,176.66380038592894,20.48050739681247,52.0,0.15404510498046875,1.8175147259106625,0.08680715030302899,0.42839232919927955,0.06172839506172839,0.9683641922618458,55.30215118470059,0.48078651599285316,fdr_bh,False
phase_split_within_arch,architecture_id=Lin6|target=lt1|feature_set=EMG+NIRS+HRV|with_abs=True,mae,full_cycles,split,18,258.7504423745597,310.137592802631,-51.387150428071266,197.1443077827414,192.5900000144299,4.554307768311503,49.0,0.11870574951171875,-1.4572286863529997,0.16327762392265693,-0.34347209528659023,-0.037037037037037035,-131.95967822051617,4.977658752330689,0.4130960083007813,fdr_bh,False
phase_split_within_arch,architecture_id=Lin6|target=lt1|feature_set=EMG+NIRS+HRV|with_abs=True,mae,full_window,split,18,233.02950247898968,310.137592802631,-77.1080903236413,176.66380038592894,192.5900000144299,-15.926199628500967,49.0,0.11870574951171875,-1.6310083053033877,0.12127427530117849,-0.3844323442838681,-0.09259259259259259,-179.20278238282955,-2.381048254971185,0.4130960083007813,fdr_bh,False
phase_split_within_arch,architecture_id=Lin6|target=lt2|feature_set=EMG|with_abs=False,mae,full_cycles,full_window,18,319.32896160402527,368.115705837475,-48.786744233449724,233.74866118714476,286.56841932007103,-52.81975813292627,17.0,0.00157928466796875,-3.3624172900690326,0.0036964172813884967,-0.7925293556622359,-0.11728395061728394,-77.31760883715582,-23.821823589542266,0.05597686767578125,fdr_bh,False
phase_split_within_arch,architecture_id=Lin6|target=lt2|feature_set=EMG|with_abs=False,mae,full_cycles,split,18,319.32896160402527,242.92953405690545,76.39942754711981,233.74866118714476,215.95359347925594,17.79506770788882,38.0,0.03849029541015625,2.552063273452613,0.020622090142856528,0.6015270822251604,0.16049382716049382,19.090637430637084,132.51684339932837,0.2551356724330357,fdr_bh,False
phase_split_within_arch,architecture_id=Lin6|target=lt2|feature_set=EMG|with_abs=False,mae,full_window,split,18,368.115705837475,242.92953405690545,125.18617178056954,286.56841932007103,215.95359347925594,70.61482584081509,27.0,0.00896453857421875,3.1031700907494817,0.00646050191859113,0.7314242047814109,0.25308641975308643,50.604612122617425,201.36991340121065,0.13275146484375,fdr_bh,False
phase_split_within_arch,architecture_id=Lin6|target=lt2|feature_set=EMG|with_abs=True,mae,full_cycles,full_window,18,319.32896160402527,368.115705837475,-48.786744233449724,233.74866118714476,286.56841932007103,-52.81975813292627,17.0,0.00157928466796875,-3.3624172900690326,0.0036964172813884967,-0.7925293556622359,-0.11728395061728394,-77.31760883715582,-23.821823589542266,0.05597686767578125,fdr_bh,False
phase_split_within_arch,architecture_id=Lin6|target=lt2|feature_set=EMG|with_abs=True,mae,full_cycles,split,18,319.32896160402527,242.92953405690545,76.39942754711981,233.74866118714476,215.95359347925594,17.79506770788882,38.0,0.03849029541015625,2.552063273452613,0.020622090142856528,0.6015270822251604,0.16049382716049382,19.090637430637084,132.51684339932837,0.2551356724330357,fdr_bh,False
phase_split_within_arch,architecture_id=Lin6|target=lt2|feature_set=EMG|with_abs=True,mae,full_window,split,18,368.115705837475,242.92953405690545,125.18617178056954,286.56841932007103,215.95359347925594,70.61482584081509,27.0,0.00896453857421875,3.1031700907494817,0.00646050191859113,0.7314242047814109,0.25308641975308643,50.604612122617425,201.36991340121065,0.13275146484375,fdr_bh,False
phase_split_within_arch,architecture_id=Lin6|target=lt2|feature_set=EMG+NIRS+HRV|with_abs=False,mae,full_cycles,full_window,18,170.9187240662535,175.8329394566212,-4.914215390367701,145.03198356047045,143.75540227319533,1.2765812872751212,78.0,0.7660293579101562,-0.5208832937472672,0.6091666656151119,-0.12277336973849232,-0.06790123456790123,-22.84293740621215,13.043954394675392,0.9176530690283455,fdr_bh,False
phase_split_within_arch,architecture_id=Lin6|target=lt2|feature_set=EMG+NIRS+HRV|with_abs=False,mae,full_cycles,split,18,170.9187240662535,180.3330306319527,-9.414306565699206,145.03198356047045,161.71132690372934,-16.679343343258893,55.0,0.19638824462890625,-0.9343636911497144,0.36319940936815015,-0.22023163403548532,-0.09876543209876543,-28.261226675287517,11.158568149419432,0.5177508267489347,fdr_bh,False
phase_split_within_arch,architecture_id=Lin6|target=lt2|feature_set=EMG+NIRS+HRV|with_abs=False,mae,full_window,split,18,175.8329394566212,180.3330306319527,-4.500091175331505,143.75540227319533,161.71132690372934,-17.955924630534014,68.0,0.468292236328125,-0.34071781807629614,0.737490392283317,-0.08030795987761115,0.0,-29.878544941157905,21.942714754959212,0.7562213375507542,fdr_bh,False
phase_split_within_arch,architecture_id=Lin6|target=lt2|feature_set=EMG+NIRS+HRV|with_abs=True,mae,full_cycles,full_window,18,190.2551924905689,177.9137070143762,12.341485476192702,138.75542930017707,141.26012819731537,-2.5046988971382973,63.0,0.34654998779296875,1.4297117716489944,0.17092070271251109,0.33698629629174554,0.018518518518518517,-2.129981640558567,29.664805773212056,0.6644594807270144,fdr_bh,False
phase_split_within_arch,architecture_id=Lin6|target=lt2|feature_set=EMG+NIRS+HRV|with_abs=True,mae,full_cycles,split,18,190.2551924905689,197.73807847694846,-7.482885986379557,138.75542930017707,142.55042950901407,-3.7950002088369956,53.0,0.16735076904296875,-1.014408483724213,0.3246088074043951,-0.2390983725781849,-0.024691358024691357,-21.76693241164498,7.154727652276881,0.49146048630340194,fdr_bh,False
phase_split_within_arch,architecture_id=Lin6|target=lt2|feature_set=EMG+NIRS+HRV|with_abs=True,mae,full_window,split,18,177.9137070143762,197.73807847694846,-19.82437146257226,141.26012819731537,142.55042950901407,-1.2903013116986983,54.0,0.18146514892578125,-1.4854804922538623,0.15572487910037597,-0.3501311097976789,-0.09259259259259259,-45.86380012530939,3.8685750757218615,0.501189458937872,fdr_bh,False
phase_split_within_arch,architecture_id=Lin7|target=lt1|feature_set=EMG|with_abs=False,mae,full_cycles,full_window,18,251.88477453590505,265.8744823900995,-13.98970785419445,218.80928242528137,226.67225623980033,-7.862973814518966,38.0,0.03849029541015625,-1.956344985946574,0.06705888933919052,-0.46111493530104125,-0.043209876543209874,-27.154294037769265,-1.6926694133539584,0.2551356724330357,fdr_bh,False
phase_split_within_arch,architecture_id=Lin7|target=lt1|feature_set=EMG|with_abs=False,mae,full_cycles,split,18,251.88477453590505,301.99185291637457,-50.10707838046952,218.80928242528137,272.75576133172024,-53.94647890643887,42.0,0.0599365234375,-2.3039378694810027,0.034117706044537885,-0.5430433636475013,-0.1419753086419753,-92.27338126470384,-8.71014973026531,0.28769531249999997,fdr_bh,False
phase_split_within_arch,architecture_id=Lin7|target=lt1|feature_set=EMG|with_abs=False,mae,full_window,split,18,265.8744823900995,301.99185291637457,-36.11737052627507,226.67225623980033,272.75576133172024,-46.0835050919199,59.0,0.2645263671875,-1.4091573489714684,0.1768184478481206,-0.33214157240552783,-0.09876543209876543,-84.26979451150147,12.80730863582142,0.5939043598790322,fdr_bh,False
phase_split_within_arch,architecture_id=Lin7|target=lt1|feature_set=EMG|with_abs=True,mae,full_cycles,full_window,18,251.88477453590505,265.8744823900995,-13.98970785419445,218.80928242528137,226.67225623980033,-7.862973814518966,38.0,0.03849029541015625,-1.956344985946574,0.06705888933919052,-0.46111493530104125,-0.043209876543209874,-27.154294037769265,-1.6926694133539584,0.2551356724330357,fdr_bh,False
phase_split_within_arch,architecture_id=Lin7|target=lt1|feature_set=EMG|with_abs=True,mae,full_cycles,split,18,251.88477453590505,301.99185291637457,-50.10707838046952,218.80928242528137,272.75576133172024,-53.94647890643887,42.0,0.0599365234375,-2.3039378694810027,0.034117706044537885,-0.5430433636475013,-0.1419753086419753,-92.27338126470384,-8.71014973026531,0.28769531249999997,fdr_bh,False
phase_split_within_arch,architecture_id=Lin7|target=lt1|feature_set=EMG|with_abs=True,mae,full_window,split,18,265.8744823900995,301.99185291637457,-36.11737052627507,226.67225623980033,272.75576133172024,-46.0835050919199,59.0,0.2645263671875,-1.4091573489714684,0.1768184478481206,-0.33214157240552783,-0.09876543209876543,-84.26979451150147,12.80730863582142,0.5939043598790322,fdr_bh,False
phase_split_within_arch,architecture_id=Lin7|target=lt1|feature_set=EMG+NIRS+HRV|with_abs=False,mae,full_cycles,full_window,18,228.5807080687777,199.03317048037553,29.54753758840218,133.97578207034155,127.83736530134166,6.138416768999889,43.0,0.06653594970703125,2.074531790078406,0.0535291942269913,0.48897183218383616,0.10493827160493827,3.093262116766891,57.91880624021435,0.308726806640625,fdr_bh,False
phase_split_within_arch,architecture_id=Lin7|target=lt1|feature_set=EMG+NIRS+HRV|with_abs=False,mae,full_cycles,split,18,228.5807080687777,283.33824818056024,-54.75754011178253,133.97578207034155,180.85852916566384,-46.88274709532229,40.0,0.04827880859375,-1.6917384592073832,0.10894333129247671,-0.39874657883320735,-0.09259259259259259,-123.95784192442137,-2.7896724316405788,0.2666829427083333,fdr_bh,False
phase_split_within_arch,architecture_id=Lin7|target=lt1|feature_set=EMG+NIRS+HRV|with_abs=False,mae,full_window,split,18,199.03317048037553,283.33824818056024,-84.30507770018471,127.83736530134166,180.85852916566384,-53.021163864322176,36.0,0.030364990234375,-1.9871813045013027,0.06326000048377257,-0.46838312528666687,-0.1419753086419753,-174.32328238200233,-16.418238496871965,0.22971775220788043,fdr_bh,False
phase_split_within_arch,architecture_id=Lin7|target=lt1|feature_set=EMG+NIRS+HRV|with_abs=True,mae,full_cycles,full_window,18,257.31278778232104,231.66094375590586,25.651844026415176,183.73906248849215,174.60161233103682,9.137450157455334,51.0,0.14151763916015625,1.7855989416370113,0.09201504012340814,0.42086970670368434,0.06172839506172839,1.3599103020592553,56.33871555317299,0.44771034934303977,fdr_bh,False
phase_split_within_arch,architecture_id=Lin7|target=lt1|feature_set=EMG+NIRS+HRV|with_abs=True,mae,full_cycles,split,18,257.31278778232104,311.09306270569215,-53.78027492337111,183.73906248849215,200.18658835811715,-16.447525869624997,45.0,0.08142852783203125,-1.553215408797061,0.13878940731711167,-0.3660963827346124,-0.05555555555555555,-133.2643141037583,2.165621293141383,0.34557472787252286,fdr_bh,False
phase_split_within_arch,architecture_id=Lin7|target=lt1|feature_set=EMG+NIRS+HRV|with_abs=True,mae,full_window,split,18,231.66094375590586,311.09306270569215,-79.43211894978629,174.60161233103682,200.18658835811715,-25.58497602708033,47.0,0.0987396240234375,-1.6958472253154961,0.10814948186038441,-0.3997150242923262,-0.09876543209876543,-181.0195406379943,-6.251409019878113,0.3755343077612705,fdr_bh,False
phase_split_within_arch,architecture_id=Lin7|target=lt2|feature_set=EMG|with_abs=False,mae,full_cycles,full_window,18,322.749636448461,373.8090688743439,-51.0594324258829,241.68143384465898,296.2112396855746,-54.5298058409156,20.0,0.0028076171875,-3.327203936757513,0.0039887378088736105,-0.7842294886906047,-0.10493827160493827,-80.99529533493524,-24.502671887475948,0.06513671874999999,fdr_bh,False
phase_split_within_arch,architecture_id=Lin7|target=lt2|feature_set=EMG|with_abs=False,mae,full_cycles,split,18,322.749636448461,246.25244106101295,76.49719538744804,241.68143384465898,216.9682916803627,24.713142164296272,39.0,0.0431671142578125,2.537066546403341,0.021268025488141443,0.5979923197611123,0.14814814814814814,19.651017822051717,132.7310039311154,0.2612548828125,fdr_bh,False
phase_split_within_arch,architecture_id=Lin7|target=lt2|feature_set=EMG|with_abs=False,mae,full_window,split,18,373.8090688743439,246.25244106101295,127.55662781333095,296.2112396855746,216.9682916803627,79.24294800521187,28.0,0.010406494140625,3.106974613551356,0.006408036355004687,0.732320939405539,0.25308641975308643,52.99165879278114,204.18046297598195,0.13928692157451922,fdr_bh,False
phase_split_within_arch,architecture_id=Lin7|target=lt2|feature_set=EMG|with_abs=True,mae,full_cycles,full_window,18,322.749636448461,373.8090688743439,-51.0594324258829,241.68143384465898,296.2112396855746,-54.5298058409156,20.0,0.0028076171875,-3.327203936757513,0.0039887378088736105,-0.7842294886906047,-0.10493827160493827,-80.99529533493524,-24.502671887475948,0.06513671874999999,fdr_bh,False
phase_split_within_arch,architecture_id=Lin7|target=lt2|feature_set=EMG|with_abs=True,mae,full_cycles,split,18,322.749636448461,246.25244106101295,76.49719538744804,241.68143384465898,216.9682916803627,24.713142164296272,39.0,0.0431671142578125,2.537066546403341,0.021268025488141443,0.5979923197611123,0.14814814814814814,19.651017822051717,132.7310039311154,0.2612548828125,fdr_bh,False
phase_split_within_arch,architecture_id=Lin7|target=lt2|feature_set=EMG|with_abs=True,mae,full_window,split,18,373.8090688743439,246.25244106101295,127.55662781333095,296.2112396855746,216.9682916803627,79.24294800521187,28.0,0.010406494140625,3.106974613551356,0.006408036355004687,0.732320939405539,0.25308641975308643,52.99165879278114,204.18046297598195,0.13928692157451922,fdr_bh,False
phase_split_within_arch,architecture_id=Lin7|target=lt2|feature_set=EMG+NIRS+HRV|with_abs=False,mae,full_cycles,full_window,18,170.4084714733167,174.34043565426802,-3.9319641809513257,146.36945230714608,143.7901898610092,2.5792624461368803,81.0,0.8650436401367188,-0.41745114845096254,0.6815731035830093,-0.09839417929459592,-0.06172839506172839,-21.800213936632712,14.032488163718126,0.9451654215622547,fdr_bh,False
phase_split_within_arch,architecture_id=Lin7|target=lt2|feature_set=EMG+NIRS+HRV|with_abs=False,mae,full_cycles,split,18,170.4084714733167,181.19606011976362,-10.78758864644692,146.36945230714608,160.22830007607132,-13.858847768925244,53.0,0.16735076904296875,-1.04173052647808,0.3121258283427179,-0.24553823981389428,-0.10493827160493827,-30.072107303807027,10.591272285582448,0.49146048630340194,fdr_bh,False
phase_split_within_arch,architecture_id=Lin7|target=lt2|feature_set=EMG+NIRS+HRV|with_abs=False,mae,full_window,split,18,174.34043565426802,181.19606011976362,-6.855624465495595,143.7901898610092,160.22830007607132,-16.438110215062125,64.0,0.3692169189453125,-0.5103378858586878,0.6163771863143102,-0.12028779326236147,-0.018518518518518517,-32.009623902389116,19.168503526809154,0.6744750015378936,fdr_bh,False
phase_split_within_arch,architecture_id=Lin7|target=lt2|feature_set=EMG+NIRS+HRV|with_abs=True,mae,full_cycles,full_window,18,187.1455967783942,177.6247724902237,9.520824288170502,141.9526190219185,143.24327921956197,-1.2906601976434615,70.0,0.522613525390625,1.1439842713020703,0.2684834053020175,0.26963967860281507,0.018518518518518517,-5.277324895656757,25.72201141675302,0.8047323311324668,fdr_bh,False
phase_split_within_arch,architecture_id=Lin7|target=lt2|feature_set=EMG+NIRS+HRV|with_abs=True,mae,full_cycles,split,18,187.1455967783942,195.75158428679129,-8.605987508397078,141.9526190219185,145.00916070363743,-3.056541681718926,53.0,0.16735076904296875,-1.1227960864298694,0.27713170763443185,-0.2646455755347592,-0.06172839506172839,-22.597397543294907,6.914764275720814,0.49146048630340194,fdr_bh,False
phase_split_within_arch,architecture_id=Lin7|target=lt2|feature_set=EMG+NIRS+HRV|with_abs=True,mae,full_window,split,18,177.6247724902237,195.75158428679129,-18.12681179656758,143.24327921956197,145.00916070363743,-1.7658814840754644,65.0,0.39273834228515625,-1.3142346905176743,0.20622481042229898,-0.30976808724521704,-0.09259259259259259,-44.8215129514959,6.81849761340128,0.6990943381853421,fdr_bh,False
phase_split_within_arch,architecture_id=Lin8|target=lt1|feature_set=EMG|with_abs=False,mae,full_cycles,full_window,18,259.1151067077099,277.296716618604,-18.18160991089411,230.0088683299255,236.43992618971527,-6.4310578597897745,28.0,0.010406494140625,-2.5742522231953213,0.019700440536625362,-0.6067570678353191,-0.06172839506172839,-33.083796693996966,-6.072591738414423,0.13928692157451922,fdr_bh,False
phase_split_within_arch,architecture_id=Lin8|target=lt1|feature_set=EMG|with_abs=False,mae,full_cycles,split,18,259.1151067077099,311.7140567679264,-52.59895006021651,230.0088683299255,289.44959861966123,-59.44073028973574,33.0,0.02081298828125,-2.4254958144011414,0.02671058913742641,-0.5716948460342117,-0.18518518518518517,-93.97224296939604,-10.824228168633944,0.19575459248310811,fdr_bh,False
phase_split_within_arch,architecture_id=Lin8|target=lt1|feature_set=EMG|with_abs=False,mae,full_window,split,18,277.296716618604,311.7140567679264,-34.4173401493224,236.43992618971527,289.44959861966123,-53.009672429945965,58.0,0.24620819091796875,-1.4520008548014172,0.16470772223771962,-0.34223988357291524,-0.09259259259259259,-78.42423425252981,10.38741870752114,0.5693053185345722,fdr_bh,False
phase_split_within_arch,architecture_id=Lin8|target=lt1|feature_set=EMG|with_abs=True,mae,full_cycles,full_window,18,259.1151067077099,277.296716618604,-18.18160991089411,230.0088683299255,236.43992618971527,-6.4310578597897745,28.0,0.010406494140625,-2.5742522231953213,0.019700440536625362,-0.6067570678353191,-0.06172839506172839,-33.083796693996966,-6.072591738414423,0.13928692157451922,fdr_bh,False
phase_split_within_arch,architecture_id=Lin8|target=lt1|feature_set=EMG|with_abs=True,mae,full_cycles,split,18,259.1151067077099,311.7140567679264,-52.59895006021651,230.0088683299255,289.44959861966123,-59.44073028973574,33.0,0.02081298828125,-2.4254958144011414,0.02671058913742641,-0.5716948460342117,-0.18518518518518517,-93.97224296939604,-10.824228168633944,0.19575459248310811,fdr_bh,False
phase_split_within_arch,architecture_id=Lin8|target=lt1|feature_set=EMG|with_abs=True,mae,full_window,split,18,277.296716618604,311.7140567679264,-34.4173401493224,236.43992618971527,289.44959861966123,-53.009672429945965,58.0,0.24620819091796875,-1.4520008548014172,0.16470772223771962,-0.34223988357291524,-0.09259259259259259,-78.42423425252981,10.38741870752114,0.5693053185345722,fdr_bh,False
phase_split_within_arch,architecture_id=Lin8|target=lt1|feature_set=EMG+NIRS+HRV|with_abs=False,mae,full_cycles,full_window,18,221.8286602424338,195.27890739868337,26.54975284375044,135.69497425922543,123.60683525614145,12.088139003083981,37.0,0.03423309326171875,1.923283437219175,0.07135798733512247,0.45332225353381667,0.10493827160493827,2.0966750728272987,54.60737678446911,0.25080245168585524,fdr_bh,False
phase_split_within_arch,architecture_id=Lin8|target=lt1|feature_set=EMG+NIRS+HRV|with_abs=False,mae,full_cycles,split,18,221.8286602424338,280.7943599912732,-58.9656997488394,135.69497425922543,193.43574668790637,-57.74077242868094,34.0,0.02367401123046875,-1.9285139782292222,0.07066184714433933,-0.4545551038729763,-0.13580246913580246,-124.810469426257,-8.430093152977348,0.20342113353587962,fdr_bh,False
phase_split_within_arch,architecture_id=Lin8|target=lt1|feature_set=EMG+NIRS+HRV|with_abs=False,mae,full_window,split,18,195.27890739868337,280.7943599912732,-85.51545259258984,123.60683525614145,193.43574668790637,-69.82891143176492,33.0,0.02081298828125,-2.0941471194709074,0.05154015925586313,-0.4935952096600512,-0.1728395061728395,-172.57891024725728,-18.697225978279924,0.19575459248310811,fdr_bh,False
phase_split_within_arch,architecture_id=Lin8|target=lt1|feature_set=EMG+NIRS+HRV|with_abs=True,mae,full_cycles,full_window,18,255.78795860570634,231.70028705150176,24.087671554204576,160.03778195354442,159.1823572749933,0.8554246785511168,59.0,0.2645263671875,1.6671840763110704,0.1137928140707774,0.3929590552819295,0.04938271604938271,-1.1649369636568683,55.30329089697586,0.5939043598790322,fdr_bh,False
phase_split_within_arch,architecture_id=Lin8|target=lt1|feature_set=EMG+NIRS+HRV|with_abs=True,mae,full_cycles,split,18,255.78795860570634,314.1597547400213,-58.37179613431496,160.03778195354442,216.27966468205327,-56.24188272850884,33.0,0.02081298828125,-1.8360113284017636,0.08390908833100519,-0.43275202021606946,-0.08641975308641975,-130.38707411989134,-7.1818637383740445,0.19575459248310811,fdr_bh,False
phase_split_within_arch,architecture_id=Lin8|target=lt1|feature_set=EMG+NIRS+HRV|with_abs=True,mae,full_window,split,18,231.70028705150176,314.1597547400213,-82.45946768851954,159.1823572749933,216.27966468205327,-57.09730740705996,36.0,0.030364990234375,-1.8877956522246506,0.0762448314279506,-0.44495770239417726,-0.1111111111111111,-177.7630038851291,-13.304257226861496,0.22971775220788043,fdr_bh,False
phase_split_within_arch,architecture_id=Lin8|target=lt2|feature_set=EMG|with_abs=False,mae,full_cycles,full_window,18,336.10712655551015,396.37156665597047,-60.26444010046032,279.01370409541664,335.23935220929206,-56.22564811387542,20.0,0.0028076171875,-3.324375565730704,0.004013184671432751,-0.7835628352463486,-0.10493827160493827,-95.82942038568113,-27.945506029398253,0.06513671874999999,fdr_bh,False
phase_split_within_arch,architecture_id=Lin8|target=lt2|feature_set=EMG|with_abs=False,mae,full_cycles,split,18,336.10712655551015,261.64741897245426,74.45970758305589,279.01370409541664,221.39202409755666,57.621679997859985,38.0,0.03849029541015625,2.4584847201280744,0.0249779086605908,0.5794704056820243,0.16666666666666666,18.173199068981837,130.5645813842227,0.2551356724330357,fdr_bh,False
phase_split_within_arch,architecture_id=Lin8|target=lt2|feature_set=EMG|with_abs=False,mae,full_window,split,18,396.37156665597047,261.64741897245426,134.7241476835162,335.23935220929206,221.39202409755666,113.84732811173541,27.0,0.00896453857421875,3.0646438028775274,0.007016033150615913,0.7223434716453427,0.24074074074074073,56.86113373948807,216.3958527468806,0.13275146484375,fdr_bh,False
phase_split_within_arch,architecture_id=Lin8|target=lt2|feature_set=EMG|with_abs=True,mae,full_cycles,full_window,18,336.10712655551015,396.37156665597047,-60.26444010046032,279.01370409541664,335.23935220929206,-56.22564811387542,20.0,0.0028076171875,-3.324375565730704,0.004013184671432751,-0.7835628352463486,-0.10493827160493827,-95.82942038568113,-27.945506029398253,0.06513671874999999,fdr_bh,False
phase_split_within_arch,architecture_id=Lin8|target=lt2|feature_set=EMG|with_abs=True,mae,full_cycles,split,18,336.10712655551015,261.64741897245426,74.45970758305589,279.01370409541664,221.39202409755666,57.621679997859985,38.0,0.03849029541015625,2.4584847201280744,0.0249779086605908,0.5794704056820243,0.16666666666666666,18.173199068981837,130.5645813842227,0.2551356724330357,fdr_bh,False
phase_split_within_arch,architecture_id=Lin8|target=lt2|feature_set=EMG|with_abs=True,mae,full_window,split,18,396.37156665597047,261.64741897245426,134.7241476835162,335.23935220929206,221.39202409755666,113.84732811173541,27.0,0.00896453857421875,3.0646438028775274,0.007016033150615913,0.7223434716453427,0.24074074074074073,56.86113373948807,216.3958527468806,0.13275146484375,fdr_bh,False
phase_split_within_arch,architecture_id=Lin8|target=lt2|feature_set=EMG+NIRS+HRV|with_abs=False,mae,full_cycles,full_window,18,166.06319027495013,170.41314621280642,-4.3499559378562935,139.28179084293492,141.02336642627608,-1.7415755833411595,71.0,0.550872802734375,-0.4704741535100954,0.6439960227127453,-0.1108918214399964,-0.10493827160493827,-20.84605630538383,14.353442385279163,0.8334945015285325,fdr_bh,False
phase_split_within_arch,architecture_id=Lin8|target=lt2|feature_set=EMG+NIRS+HRV|with_abs=False,mae,full_cycles,split,18,166.06319027495013,178.8307415212639,-12.767551246313758,139.28179084293492,154.92442783665172,-15.642636993716792,50.0,0.12973785400390625,-1.2514616107218484,0.22771376708068528,-0.2949723304453528,-0.11728395061728394,-31.31290705761254,8.636733939673567,0.4320456764914773,fdr_bh,False
phase_split_within_arch,architecture_id=Lin8|target=lt2|feature_set=EMG+NIRS+HRV|with_abs=False,mae,full_window,split,18,170.41314621280642,178.8307415212639,-8.417595308457464,141.02336642627608,154.92442783665172,-13.901061410375632,72.0,0.5798416137695312,-0.6130729225129975,0.5479432562930456,-0.14450267362359842,-0.018518518518518517,-36.89059126703977,17.34494650446149,0.8407703399658203,fdr_bh,False
phase_split_within_arch,architecture_id=Lin8|target=lt2|feature_set=EMG+NIRS+HRV|with_abs=True,mae,full_cycles,full_window,18,185.999744497732,183.50824817411498,2.491496323617014,148.33642610620913,157.20042444345668,-8.863998337247551,75.0,0.6705245971679688,0.2787158919075742,0.7838248594855299,0.06569396573076748,-0.05555555555555555,-14.619875290940799,19.150440485950444,0.8658351013523307,fdr_bh,False
phase_split_within_arch,architecture_id=Lin8|target=lt2|feature_set=EMG+NIRS+HRV|with_abs=True,mae,full_cycles,split,18,185.999744497732,195.70947774853155,-9.709733250799559,148.33642610620913,166.681753584207,-18.34532747799787,61.0,0.30379486083984375,-0.8879987527877635,0.38693320314094,-0.20930331326047472,-0.09259259259259259,-29.89373600932458,12.49605181981213,0.6311678302821828,fdr_bh,False
phase_split_within_arch,architecture_id=Lin8|target=lt2|feature_set=EMG+NIRS+HRV|with_abs=True,mae,full_window,split,18,183.50824817411498,195.70947774853155,-12.201229574416573,157.20042444345668,166.681753584207,-9.481329140750319,78.0,0.7660293579101562,-0.716453768677069,0.48343838417473795,-0.1688697727460712,-0.043209876543209874,-45.712363673139265,20.206906993014734,0.9176530690283455,fdr_bh,False
phase_split_within_arch,architecture_id=Lin9|target=lt1|feature_set=EMG|with_abs=False,mae,full_cycles,full_window,18,275.948768605855,288.7512747303255,-12.80250612447054,233.46594131993186,239.58923915709852,-6.12329783716666,44.0,0.0736846923828125,-2.025338664682825,0.05882799068783289,-0.4773769013321775,-0.08024691358024691,-23.94410852430183,-1.3255999594357548,0.3287470890925481,fdr_bh,False
phase_split_within_arch,architecture_id=Lin9|target=lt1|feature_set=EMG|with_abs=False,mae,full_cycles,split,18,275.948768605855,326.1653157718022,-50.21654716594725,233.46594131993186,305.6552939408678,-72.18935262093595,46.0,0.0897674560546875,-2.033117976229127,0.05795961199576621,-0.4792105026479619,-0.1419753086419753,-100.09598651748334,-5.8672037566677195,0.35906982421875,fdr_bh,False
phase_split_within_arch,architecture_id=Lin9|target=lt1|feature_set=EMG|with_abs=False,mae,full_window,split,18,288.7512747303255,326.1653157718022,-37.41404104147671,239.58923915709852,305.6552939408678,-66.06605478376929,57.0,0.22875213623046875,-1.419367442470201,0.1738684737015038,-0.33454811452202865,-0.05555555555555555,-87.77957582497638,11.435644131777984,0.5509047986726859,fdr_bh,False
phase_split_within_arch,architecture_id=Lin9|target=lt1|feature_set=EMG|with_abs=True,mae,full_cycles,full_window,18,275.948768605855,288.7512747303255,-12.80250612447054,233.46594131993186,239.58923915709852,-6.12329783716666,44.0,0.0736846923828125,-2.025338664682825,0.05882799068783289,-0.4773769013321775,-0.08024691358024691,-23.94410852430183,-1.3255999594357548,0.3287470890925481,fdr_bh,False
phase_split_within_arch,architecture_id=Lin9|target=lt1|feature_set=EMG|with_abs=True,mae,full_cycles,split,18,275.948768605855,326.1653157718022,-50.21654716594725,233.46594131993186,305.6552939408678,-72.18935262093595,46.0,0.0897674560546875,-2.033117976229127,0.05795961199576621,-0.4792105026479619,-0.1419753086419753,-100.09598651748334,-5.8672037566677195,0.35906982421875,fdr_bh,False
phase_split_within_arch,architecture_id=Lin9|target=lt1|feature_set=EMG|with_abs=True,mae,full_window,split,18,288.7512747303255,326.1653157718022,-37.41404104147671,239.58923915709852,305.6552939408678,-66.06605478376929,57.0,0.22875213623046875,-1.419367442470201,0.1738684737015038,-0.33454811452202865,-0.05555555555555555,-87.77957582497638,11.435644131777984,0.5509047986726859,fdr_bh,False
phase_split_within_arch,architecture_id=Lin9|target=lt1|feature_set=EMG+NIRS+HRV|with_abs=False,mae,full_cycles,full_window,18,174.16579497634754,166.97540784946247,7.190387126885071,119.92766903637656,126.48156641955364,-6.5538973831770875,58.0,0.24620819091796875,1.467563424223597,0.16048052965300538,0.34590801636328516,0.030864197530864196,-2.1845617099664714,16.89892039058758,0.5693053185345722,fdr_bh,False
phase_split_within_arch,architecture_id=Lin9|target=lt1|feature_set=EMG+NIRS+HRV|with_abs=False,mae,full_cycles,split,18,174.16579497634754,199.80507176744956,-25.63927679110202,119.92766903637656,163.13851815156005,-43.21084911518349,30.0,0.0138702392578125,-2.3055035947075297,0.034011166099307474,-0.5434124086225519,-0.1728395061728395,-47.79845924378331,-5.209790739764252,0.15323311941964285,fdr_bh,False
phase_split_within_arch,architecture_id=Lin9|target=lt1|feature_set=EMG+NIRS+HRV|with_abs=False,mae,full_window,split,18,166.97540784946247,199.80507176744956,-32.82966391798709,126.48156641955364,163.13851815156005,-36.656951732006405,26.0,0.0076904296875,-2.880079976769299,0.010391866284932529,-0.6788413606443886,-0.19135802469135801,-56.26057773517512,-11.284468628907455,0.12744140625,fdr_bh,False
phase_split_within_arch,architecture_id=Lin9|target=lt1|feature_set=EMG+NIRS+HRV|with_abs=True,mae,full_cycles,full_window,18,224.26214137908906,213.0471504231299,11.214990955959166,162.02203089727482,170.09001511085393,-8.067984213579109,41.0,0.05385589599609375,2.1600095615629886,0.04534496912543551,0.5091191361363235,0.06172839506172839,1.2305838662365198,21.18558313421235,0.27162104067595105,fdr_bh,False
phase_split_within_arch,architecture_id=Lin9|target=lt1|feature_set=EMG+NIRS+HRV|with_abs=True,mae,full_cycles,split,18,224.26214137908906,241.04354771360536,-16.781406334516305,162.02203089727482,207.24495327998318,-45.22292238270836,64.0,0.3692169189453125,-1.2987494907221036,0.2113711289612337,-0.3061181906507249,-0.030864197530864196,-42.14241471277936,7.259041954162404,0.6744750015378936,fdr_bh,False
phase_split_within_arch,architecture_id=Lin9|target=lt1|feature_set=EMG+NIRS+HRV|with_abs=True,mae,full_window,split,18,213.0471504231299,241.04354771360536,-27.99639729047547,170.09001511085393,207.24495327998318,-37.15493816912925,39.0,0.0431671142578125,-2.2927183178953046,0.03489027536666397,-0.5403988899781281,-0.09259259259259259,-53.471964706967704,-5.511055413869702,0.2612548828125,fdr_bh,False
phase_split_within_arch,architecture_id=Lin9|target=lt2|feature_set=EMG|with_abs=False,mae,full_cycles,full_window,18,306.0121211053121,328.712250934909,-22.700129829596904,221.44710189845864,256.57182463359493,-35.12472273513629,26.0,0.0076904296875,-3.409882977454491,0.0033356565654037,-0.8037171254702156,-0.043209876543209874,-35.66151040189158,-10.56192467017303,0.12744140625,fdr_bh,False
phase_split_within_arch,architecture_id=Lin9|target=lt2|feature_set=EMG|with_abs=False,mae,full_cycles,split,18,306.0121211053121,325.0063134709101,-18.994192365597996,221.44710189845864,222.61955020375018,-1.1724483052915389,75.0,0.6705245971679688,-0.7078669697892894,0.4886202239318492,-0.16684584483865983,-0.07407407407407407,-69.79960772364483,32.54789368950557,0.8658351013523307,fdr_bh,False
phase_split_within_arch,architecture_id=Lin9|target=lt2|feature_set=EMG|with_abs=False,mae,full_window,split,18,328.712250934909,325.0063134709101,3.7059374639989073,256.57182463359493,222.61955020375018,33.95227442984475,84.0,0.9661178588867188,0.12369321247032226,0.9030088965692514,0.029154769774837764,-0.030864197530864196,-52.86867910205875,63.35131388502983,0.9816321602703011,fdr_bh,False
phase_split_within_arch,architecture_id=Lin9|target=lt2|feature_set=EMG|with_abs=True,mae,full_cycles,full_window,18,306.0121211053121,328.712250934909,-22.700129829596904,221.44710189845864,256.57182463359493,-35.12472273513629,26.0,0.0076904296875,-3.409882977454491,0.0033356565654037,-0.8037171254702156,-0.043209876543209874,-35.66151040189158,-10.56192467017303,0.12744140625,fdr_bh,False
phase_split_within_arch,architecture_id=Lin9|target=lt2|feature_set=EMG|with_abs=True,mae,full_cycles,split,18,306.0121211053121,325.0063134709101,-18.994192365597996,221.44710189845864,222.61955020375018,-1.1724483052915389,75.0,0.6705245971679688,-0.7078669697892894,0.4886202239318492,-0.16684584483865983,-0.07407407407407407,-69.79960772364483,32.54789368950557,0.8658351013523307,fdr_bh,False
phase_split_within_arch,architecture_id=Lin9|target=lt2|feature_set=EMG|with_abs=True,mae,full_window,split,18,328.712250934909,325.0063134709101,3.7059374639989073,256.57182463359493,222.61955020375018,33.95227442984475,84.0,0.9661178588867188,0.12369321247032226,0.9030088965692514,0.029154769774837764,-0.030864197530864196,-52.86867910205875,63.35131388502983,0.9816321602703011,fdr_bh,False
phase_split_within_arch,architecture_id=Lin9|target=lt2|feature_set=EMG+NIRS+HRV|with_abs=False,mae,full_cycles,full_window,18,158.40898628891802,158.09884416096455,0.31014212795346907,144.0799989006796,153.83310982203568,-9.753110921356068,73.0,0.6094589233398438,0.068558650411483,0.9461408836099197,0.016159428871652507,-0.030864197530864196,-8.502856560270843,8.226603950058768,0.8483668212890626,fdr_bh,False
phase_split_within_arch,architecture_id=Lin9|target=lt2|feature_set=EMG+NIRS+HRV|with_abs=False,mae,full_cycles,split,18,158.40898628891802,171.17563435123722,-12.766648062319206,144.0799989006796,156.8773720972004,-12.797373196520795,73.0,0.6094589233398438,-1.0289879312367196,0.317904214658009,-0.24253478131220044,-0.06790123456790123,-39.036525187384086,7.499730019272491,0.8483668212890626,fdr_bh,False
phase_split_within_arch,architecture_id=Lin9|target=lt2|feature_set=EMG+NIRS+HRV|with_abs=False,mae,full_window,split,18,158.09884416096455,171.17563435123722,-13.076790190272675,153.83310982203568,156.8773720972004,-3.0442622751647264,71.0,0.550872802734375,-0.9499736220015637,0.35543672830868284,-0.2239109300218839,-0.06172839506172839,-41.4041251819071,9.739166671311985,0.8334945015285325,fdr_bh,False
phase_split_within_arch,architecture_id=Lin9|target=lt2|feature_set=EMG+NIRS+HRV|with_abs=True,mae,full_cycles,full_window,18,164.6120659943861,166.41146975231112,-1.7994037579250062,124.93614833520076,137.00525774967554,-12.06910941447478,84.0,0.9661178588867188,-0.33126874527910394,0.7444900127125913,-0.07808079206067117,-0.06790123456790123,-12.423584169608484,7.9560258054793636,0.9816321602703011,fdr_bh,False
phase_split_within_arch,architecture_id=Lin9|target=lt2|feature_set=EMG+NIRS+HRV|with_abs=True,mae,full_cycles,split,18,164.6120659943861,168.18368192477095,-3.571615930384837,124.93614833520076,127.83868797143967,-2.902539636238913,73.0,0.6094589233398438,-0.4026819222261003,0.6922008020127426,-0.09491303928910318,-0.04938271604938271,-20.714099293596657,14.179333026423883,0.8483668212890626,fdr_bh,False
phase_split_within_arch,architecture_id=Lin9|target=lt2|feature_set=EMG+NIRS+HRV|with_abs=True,mae,full_window,split,18,166.41146975231112,168.18368192477095,-1.772212172459831,137.00525774967554,127.83868797143967,9.166569778235868,77.0,0.7337265014648438,-0.1681395844426278,0.8684576124049872,-0.039630880115090084,0.024691358024691357,-21.370624371542807,19.134461814990328,0.8974932249903889,fdr_bh,False
