model_id,architecture_id,fold_id,epoch,train_loss,val_loss,train_mae,val_mae,lr
LSTM3_3656400e,LSTM3,loso_subject_S001,1,0.26537813769410934,,0.36128972887484256,,0.001
LSTM3_3656400e,LSTM3,loso_subject_S001,2,0.04154284819017223,,0.1506633818592541,,0.001
LSTM3_3656400e,LSTM3,loso_subject_S001,3,0.02728961963547989,,0.1219747120782655,,0.001
LSTM3_3656400e,LSTM3,loso_subject_S001,4,0.022991772415001072,,0.11149713927979907,,0.001
LSTM3_3656400e,LSTM3,loso_subject_S001,5,0.01991942566361903,,0.10526076028317811,,0.001
LSTM3_3656400e,LSTM3,loso_subject_S001,6,0.017796916508277586,,0.09883544133848439,,0.001
LSTM3_3656400e,LSTM3,loso_subject_S001,7,0.01715225461504363,,0.09556818301893284,,0.001
LSTM3_3656400e,LSTM3,loso_subject_S001,8,0.015165404707835277,,0.09066127066749402,,0.001
LSTM3_3656400e,LSTM3,loso_subject_S001,9,0.01469685110431949,,0.08984617237386183,,0.001
LSTM3_3656400e,LSTM3,loso_subject_S001,10,0.014630035113490977,,0.0888712464852534,,0.001
LSTM3_3656400e,LSTM3,loso_subject_S001,11,0.015149842871328933,,0.09147798854467004,,0.001
LSTM3_3656400e,LSTM3,loso_subject_S001,12,0.013402723020494821,,0.08523422959928437,,0.001
LSTM3_3656400e,LSTM3,loso_subject_S001,13,0.01261380930838016,,0.0834318383330489,,0.001
LSTM3_3656400e,LSTM3,loso_subject_S001,14,0.012751988469816062,,0.08185875841754545,,0.001
LSTM3_3656400e,LSTM3,loso_subject_S001,15,0.012826488019799583,,0.08290744479976342,,0.001
LSTM3_3656400e,LSTM3,loso_subject_S001,16,0.01189151025709701,,0.08021569450122083,,0.001
LSTM3_3656400e,LSTM3,loso_subject_S001,17,0.013059712683655344,,0.08402443866476421,,0.001
LSTM3_3656400e,LSTM3,loso_subject_S001,18,0.012136769980631058,,0.07924167291786006,,0.001
LSTM3_3656400e,LSTM3,loso_subject_S001,19,0.011982846855932676,,0.07965744328406964,,0.001
LSTM3_3656400e,LSTM3,loso_subject_S001,20,0.011470511162685866,,0.07778675888659638,,0.001
LSTM3_3656400e,LSTM3,loso_subject_S001,21,0.011743746768142807,,0.07860235387124603,,0.001
LSTM3_3656400e,LSTM3,loso_subject_S001,22,0.010084654936941734,,0.07342528960132547,,0.001
LSTM3_3656400e,LSTM3,loso_subject_S001,23,0.011822363589099459,,0.07823203873845981,,0.001
LSTM3_3656400e,LSTM3,loso_subject_S001,24,0.011150005752384302,,0.07611903551316872,,0.001
LSTM3_3656400e,LSTM3,loso_subject_S001,25,0.011906484349846364,,0.07928912876445073,,0.001
LSTM3_3656400e,LSTM3,loso_subject_S001,26,0.010768489421496797,,0.07536129379055896,,0.001
LSTM3_3656400e,LSTM3,loso_subject_S001,27,0.01039279615603943,,0.07406806862743112,,0.001
LSTM3_3656400e,LSTM3,loso_subject_S001,28,0.010604602230895805,,0.07511528092468536,,0.001
LSTM3_3656400e,LSTM3,loso_subject_S001,29,0.010957377072717987,,0.07478060478182033,,0.001
LSTM3_3656400e,LSTM3,loso_subject_S001,30,0.010571682623039215,,0.073709263858259,,0.001
LSTM3_3656400e,LSTM3,loso_subject_S001,31,0.010634775560358455,,0.07500144200255449,,0.001
LSTM3_3656400e,LSTM3,loso_subject_S001,32,0.010524516055417347,,0.07358756029561568,,0.001
LSTM3_3656400e,LSTM3,loso_subject_S001,33,0.01060727291066018,,0.07469560941765861,,0.001
LSTM3_3656400e,LSTM3,loso_subject_S001,34,0.010208457290250557,,0.07331040097995793,,0.001
LSTM3_3656400e,LSTM3,loso_subject_S001,35,0.011095289513930174,,0.0754261433097931,,0.001
LSTM3_3656400e,LSTM3,loso_subject_S001,36,0.011223117679925601,,0.0760966303006959,,0.001
LSTM3_3656400e,LSTM3,loso_subject_S001,37,0.010262160231927121,,0.07240772878040042,,0.001
LSTM3_3656400e,LSTM3,loso_subject_S001,38,0.010197269103107597,,0.07220721178058255,,0.001
LSTM3_3656400e,LSTM3,loso_subject_S001,39,0.010527393837045892,,0.07392881034639891,,0.001
LSTM3_3656400e,LSTM3,loso_subject_S001,40,0.009850310797075323,,0.07228197266280799,,0.001
LSTM3_3656400e,LSTM3,loso_subject_S001,41,0.010596942180137545,,0.07298172064517242,,0.001
LSTM3_3656400e,LSTM3,loso_subject_S001,42,0.01056057825826053,,0.0737881525354283,,0.001
LSTM3_3656400e,LSTM3,loso_subject_S001,43,0.010439273250921678,,0.07219693518122988,,0.001
LSTM3_3656400e,LSTM3,loso_subject_S001,44,0.009630538383614145,,0.07034549705567289,,0.001
LSTM3_3656400e,LSTM3,loso_subject_S001,45,0.01037355929001973,,0.0720122403844867,,0.001
LSTM3_3656400e,LSTM3,loso_subject_S001,46,0.010280950271396057,,0.07283662472657516,,0.001
LSTM3_3656400e,LSTM3,loso_subject_S001,47,0.009096209481748182,,0.06831687885192253,,0.001
LSTM3_3656400e,LSTM3,loso_subject_S001,48,0.009105669644458986,,0.06867627376429541,,0.001
LSTM3_3656400e,LSTM3,loso_subject_S001,49,0.008953393963384761,,0.06820394136698621,,0.001
LSTM3_3656400e,LSTM3,loso_subject_S001,50,0.008990907282028896,,0.06961672700082275,,0.001
LSTM3_3656400e,LSTM3,loso_subject_S001,51,0.009690033274856794,,0.07019975165891115,,0.001
LSTM3_3656400e,LSTM3,loso_subject_S001,52,0.00918263879171661,,0.06813639636796727,,0.001
LSTM3_3656400e,LSTM3,loso_subject_S001,53,0.009997326561280299,,0.07012423899403099,,0.001
LSTM3_3656400e,LSTM3,loso_subject_S001,54,0.009298066302268523,,0.06891696822198665,,0.001
LSTM3_3656400e,LSTM3,loso_subject_S001,55,0.009225249739592968,,0.06923745296938572,,0.001
LSTM3_3656400e,LSTM3,loso_subject_S001,56,0.00955924127551353,,0.06950874949843634,,0.001
LSTM3_3656400e,LSTM3,loso_subject_S001,57,0.009329779394803594,,0.06866666836012437,,0.001
LSTM3_3656400e,LSTM3,loso_subject_S001,58,0.009400097000344197,,0.07005593869932551,,0.001
LSTM3_3656400e,LSTM3,loso_subject_S001,59,0.00896461000548101,,0.0672008253156138,,0.001
LSTM3_3656400e,LSTM3,loso_subject_S001,60,0.010266142568153403,,0.07191395546093546,,0.001
LSTM3_3656400e,LSTM3,loso_subject_S001,61,0.008971891501298578,,0.06628741299543307,,0.001
LSTM3_3656400e,LSTM3,loso_subject_S001,62,0.009110201285532148,,0.06834498733413341,,0.001
LSTM3_3656400e,LSTM3,loso_subject_S001,63,0.008977004896491529,,0.06847553784291736,,0.001
LSTM3_3656400e,LSTM3,loso_subject_S001,64,0.009432852551486664,,0.06982737820633443,,0.001
LSTM3_3656400e,LSTM3,loso_subject_S001,65,0.009403428795447272,,0.06919434108198952,,0.001
LSTM3_3656400e,LSTM3,loso_subject_S001,66,0.008998178907954886,,0.0678241966682428,,0.001
LSTM3_3656400e,LSTM3,loso_subject_S001,67,0.00957163630879876,,0.06899630519933947,,0.001
LSTM3_3656400e,LSTM3,loso_subject_S001,68,0.009263335916854824,,0.06739663719687947,,0.001
LSTM3_3656400e,LSTM3,loso_subject_S001,69,0.009769925662051572,,0.0684798733773981,,0.001
LSTM3_3656400e,LSTM3,loso_subject_S001,70,0.009466458543311695,,0.06972847839557465,,0.001
LSTM3_3656400e,LSTM3,loso_subject_S001,71,0.00893841145194589,,0.06636192398994316,,0.001
LSTM3_3656400e,LSTM3,loso_subject_S001,72,0.008732694965609581,,0.06736358600913937,,0.001
LSTM3_3656400e,LSTM3,loso_subject_S001,73,0.010047242128972898,,0.07037174820227299,,0.001
LSTM3_3656400e,LSTM3,loso_subject_S001,74,0.009575104091353375,,0.06854184209365277,,0.001
LSTM3_3656400e,LSTM3,loso_subject_S001,75,0.009766931345641711,,0.07018908798620782,,0.001
LSTM3_3656400e,LSTM3,loso_subject_S001,76,0.009338367526580193,,0.06862842592036728,,0.001
LSTM3_3656400e,LSTM3,loso_subject_S001,77,0.008698403172117028,,0.06636717293525313,,0.001
LSTM3_3656400e,LSTM3,loso_subject_S001,78,0.009068385176996357,,0.06677268990801281,,0.001
LSTM3_3656400e,LSTM3,loso_subject_S001,79,0.009565514021448252,,0.06929544476546633,,0.001
LSTM3_3656400e,LSTM3,loso_subject_S001,80,0.009512371984878266,,0.06976584699276621,,0.001
LSTM3_3656400e,LSTM3,loso_subject_S002,1,0.2940267600333476,,0.3760867941664829,,0.001
LSTM3_3656400e,LSTM3,loso_subject_S002,2,0.03963510762237996,,0.14682240552577192,,0.001
LSTM3_3656400e,LSTM3,loso_subject_S002,3,0.028952283605444364,,0.124908058270792,,0.001
LSTM3_3656400e,LSTM3,loso_subject_S002,4,0.0214909176630426,,0.1074453250403108,,0.001
LSTM3_3656400e,LSTM3,loso_subject_S002,5,0.02024732110370777,,0.10465435090725958,,0.001
LSTM3_3656400e,LSTM3,loso_subject_S002,6,0.017128263063264024,,0.09795419190456611,,0.001
LSTM3_3656400e,LSTM3,loso_subject_S002,7,0.016255764902223017,,0.09452216796983663,,0.001
LSTM3_3656400e,LSTM3,loso_subject_S002,8,0.01604517493281803,,0.09353870424284477,,0.001
LSTM3_3656400e,LSTM3,loso_subject_S002,9,0.014231825953661998,,0.08972873614760905,,0.001
LSTM3_3656400e,LSTM3,loso_subject_S002,10,0.014791058677940574,,0.09000083680521836,,0.001
LSTM3_3656400e,LSTM3,loso_subject_S002,11,0.015354330199448835,,0.09047242347777099,,0.001
LSTM3_3656400e,LSTM3,loso_subject_S002,12,0.013794702853262224,,0.08659069158154875,,0.001
LSTM3_3656400e,LSTM3,loso_subject_S002,13,0.013231187775374485,,0.08352282260672063,,0.001
LSTM3_3656400e,LSTM3,loso_subject_S002,14,0.013493124277409318,,0.08527392158187118,,0.001
LSTM3_3656400e,LSTM3,loso_subject_S002,15,0.012380441085168248,,0.08137846454821725,,0.001
LSTM3_3656400e,LSTM3,loso_subject_S002,16,0.011884149023098558,,0.08029883884396338,,0.001
LSTM3_3656400e,LSTM3,loso_subject_S002,17,0.012332390166311238,,0.08092692253185108,,0.001
LSTM3_3656400e,LSTM3,loso_subject_S002,18,0.011929271395615462,,0.07962305857152605,,0.001
LSTM3_3656400e,LSTM3,loso_subject_S002,19,0.01230138012551875,,0.08117244541284441,,0.001
LSTM3_3656400e,LSTM3,loso_subject_S002,20,0.01130040800804936,,0.07703184248275032,,0.001
LSTM3_3656400e,LSTM3,loso_subject_S002,21,0.01093475494817256,,0.07663024425041808,,0.001
LSTM3_3656400e,LSTM3,loso_subject_S002,22,0.011505663490401689,,0.07857612365895332,,0.001
LSTM3_3656400e,LSTM3,loso_subject_S002,23,0.011243520178347545,,0.0770293485696805,,0.001
LSTM3_3656400e,LSTM3,loso_subject_S002,24,0.010942249561119829,,0.07600051257984713,,0.001
LSTM3_3656400e,LSTM3,loso_subject_S002,25,0.010988657066008038,,0.07641038271561205,,0.001
LSTM3_3656400e,LSTM3,loso_subject_S002,26,0.010883969253163988,,0.07550699906295973,,0.001
LSTM3_3656400e,LSTM3,loso_subject_S002,27,0.010034096454182285,,0.07435316044429548,,0.001
LSTM3_3656400e,LSTM3,loso_subject_S002,28,0.009661352491413443,,0.07230161311934795,,0.001
LSTM3_3656400e,LSTM3,loso_subject_S002,29,0.01007708863328424,,0.07254548103386563,,0.001
LSTM3_3656400e,LSTM3,loso_subject_S002,30,0.010460322972714629,,0.07433167962609327,,0.001
LSTM3_3656400e,LSTM3,loso_subject_S002,31,0.01074214749945752,,0.0763364347115131,,0.001
LSTM3_3656400e,LSTM3,loso_subject_S002,32,0.010193595911132516,,0.0724400254780325,,0.001
LSTM3_3656400e,LSTM3,loso_subject_S002,33,0.012698958349409411,,0.08127032550721439,,0.001
LSTM3_3656400e,LSTM3,loso_subject_S002,34,0.010893206899666632,,0.0749505975912995,,0.001
LSTM3_3656400e,LSTM3,loso_subject_S002,35,0.01015125899809796,,0.07285000845833983,,0.001
LSTM3_3656400e,LSTM3,loso_subject_S002,36,0.011213879478866453,,0.07625241996332278,,0.001
LSTM3_3656400e,LSTM3,loso_subject_S002,37,0.01016998450910614,,0.07377193173086588,,0.001
LSTM3_3656400e,LSTM3,loso_subject_S002,38,0.009879406184983786,,0.07262761314164394,,0.001
LSTM3_3656400e,LSTM3,loso_subject_S002,39,0.009905599121532235,,0.07205478739144662,,0.001
LSTM3_3656400e,LSTM3,loso_subject_S002,40,0.010005102262730303,,0.07226137996208735,,0.001
LSTM3_3656400e,LSTM3,loso_subject_S002,41,0.009790069703588677,,0.07049373065805878,,0.001
LSTM3_3656400e,LSTM3,loso_subject_S002,42,0.009568420708617463,,0.07076955434815414,,0.001
LSTM3_3656400e,LSTM3,loso_subject_S002,43,0.010031088388570777,,0.0704574035092463,,0.001
LSTM3_3656400e,LSTM3,loso_subject_S002,44,0.010479056954150455,,0.07315130482504656,,0.001
LSTM3_3656400e,LSTM3,loso_subject_S002,45,0.01003713481244412,,0.0715538431504908,,0.001
LSTM3_3656400e,LSTM3,loso_subject_S002,46,0.010535124603695977,,0.07404585471554577,,0.001
LSTM3_3656400e,LSTM3,loso_subject_S002,47,0.009989021928143533,,0.07046047084756711,,0.001
LSTM3_3656400e,LSTM3,loso_subject_S002,48,0.010099739210169765,,0.07246809747670087,,0.001
LSTM3_3656400e,LSTM3,loso_subject_S002,49,0.010151188122171185,,0.0724388612862491,,0.001
LSTM3_3656400e,LSTM3,loso_subject_S002,50,0.01019433735909642,,0.0724115746156379,,0.001
LSTM3_3656400e,LSTM3,loso_subject_S002,51,0.009958873818192503,,0.0715748896343024,,0.001
LSTM3_3656400e,LSTM3,loso_subject_S002,52,0.010740166933193872,,0.07494297175878285,,0.001
LSTM3_3656400e,LSTM3,loso_subject_S002,53,0.00985954545937132,,0.0713336748156409,,0.001
LSTM3_3656400e,LSTM3,loso_subject_S002,54,0.01102195823696347,,0.0740129330520285,,0.001
LSTM3_3656400e,LSTM3,loso_subject_S002,55,0.010382920255948136,,0.07279981319567438,,0.001
LSTM3_3656400e,LSTM3,loso_subject_S002,56,0.009871080120598221,,0.07028621609459708,,0.001
LSTM3_3656400e,LSTM3,loso_subject_S002,57,0.009692479131338128,,0.07073304886121075,,0.001
LSTM3_3656400e,LSTM3,loso_subject_S002,58,0.010484531401093367,,0.07314243792493871,,0.001
LSTM3_3656400e,LSTM3,loso_subject_S002,59,0.011143718797309837,,0.07626676476107518,,0.001
LSTM3_3656400e,LSTM3,loso_subject_S002,60,0.009844865019248639,,0.07158827924518439,,0.001
LSTM3_3656400e,LSTM3,loso_subject_S002,61,0.01016224956497526,,0.07047131159459272,,0.001
LSTM3_3656400e,LSTM3,loso_subject_S002,62,0.009390753877814233,,0.06923797198639631,,0.001
LSTM3_3656400e,LSTM3,loso_subject_S002,63,0.009295601175878118,,0.06834570748386411,,0.001
LSTM3_3656400e,LSTM3,loso_subject_S002,64,0.009794510968713654,,0.07029108022186634,,0.001
LSTM3_3656400e,LSTM3,loso_subject_S002,65,0.009481826189883618,,0.06988535970138923,,0.001
LSTM3_3656400e,LSTM3,loso_subject_S002,66,0.009151723014972614,,0.06888303407884856,,0.001
LSTM3_3656400e,LSTM3,loso_subject_S002,67,0.010141909225343878,,0.07196624463804228,,0.001
LSTM3_3656400e,LSTM3,loso_subject_S002,68,0.009075417060569795,,0.06862037530222481,,0.001
LSTM3_3656400e,LSTM3,loso_subject_S002,69,0.009135863511204824,,0.06772710017421195,,0.001
LSTM3_3656400e,LSTM3,loso_subject_S002,70,0.009592571627357677,,0.0699880387244381,,0.001
LSTM3_3656400e,LSTM3,loso_subject_S002,71,0.010048003348893265,,0.07156979151092155,,0.001
LSTM3_3656400e,LSTM3,loso_subject_S002,72,0.009438303173786371,,0.06978578971306718,,0.001
LSTM3_3656400e,LSTM3,loso_subject_S002,73,0.00952090374308028,,0.07030848578383891,,0.001
LSTM3_3656400e,LSTM3,loso_subject_S002,74,0.009622349432597209,,0.06990357989039143,,0.001
LSTM3_3656400e,LSTM3,loso_subject_S002,75,0.009391176941799329,,0.06853081032525599,,0.001
LSTM3_3656400e,LSTM3,loso_subject_S002,76,0.009074007340139176,,0.06792214869126642,,0.001
LSTM3_3656400e,LSTM3,loso_subject_S002,77,0.009591824684615625,,0.07092656686192848,,0.001
LSTM3_3656400e,LSTM3,loso_subject_S002,78,0.009257906632917114,,0.0682383821167815,,0.001
LSTM3_3656400e,LSTM3,loso_subject_S002,79,0.010414696633480198,,0.07095729556254207,,0.001
LSTM3_3656400e,LSTM3,loso_subject_S002,80,0.008832475185518497,,0.06738797541378197,,0.001
LSTM3_3656400e,LSTM3,loso_subject_S003,1,0.29935548392504757,,0.3864350048374674,,0.001
LSTM3_3656400e,LSTM3,loso_subject_S003,2,0.03923701859499392,,0.14499358177453245,,0.001
LSTM3_3656400e,LSTM3,loso_subject_S003,3,0.027785116493391843,,0.12044318462014869,,0.001
LSTM3_3656400e,LSTM3,loso_subject_S003,4,0.02117976076540582,,0.10646416080111996,,0.001
LSTM3_3656400e,LSTM3,loso_subject_S003,5,0.01925212501771371,,0.10121388504589636,,0.001
LSTM3_3656400e,LSTM3,loso_subject_S003,6,0.017118530280896462,,0.09529466329496543,,0.001
LSTM3_3656400e,LSTM3,loso_subject_S003,7,0.015849597840093252,,0.09286354397527279,,0.001
LSTM3_3656400e,LSTM3,loso_subject_S003,8,0.01702935788340456,,0.09478455309256392,,0.001
LSTM3_3656400e,LSTM3,loso_subject_S003,9,0.015009178748591074,,0.08854656610365526,,0.001
LSTM3_3656400e,LSTM3,loso_subject_S003,10,0.013614000279049906,,0.08535205822593048,,0.001
LSTM3_3656400e,LSTM3,loso_subject_S003,11,0.01350840018733213,,0.08455091526289758,,0.001
LSTM3_3656400e,LSTM3,loso_subject_S003,12,0.012945614171636588,,0.08305141779817264,,0.001
LSTM3_3656400e,LSTM3,loso_subject_S003,13,0.012920751065619214,,0.08154387168661682,,0.001
LSTM3_3656400e,LSTM3,loso_subject_S003,14,0.012677872270613875,,0.08307575726938193,,0.001
LSTM3_3656400e,LSTM3,loso_subject_S003,15,0.012196473628533972,,0.08029679242517335,,0.001
LSTM3_3656400e,LSTM3,loso_subject_S003,16,0.011541388572703867,,0.07877402636143971,,0.001
LSTM3_3656400e,LSTM3,loso_subject_S003,17,0.01198408748803679,,0.0784169339791728,,0.001
LSTM3_3656400e,LSTM3,loso_subject_S003,18,0.011794859986580464,,0.07692339542008626,,0.001
LSTM3_3656400e,LSTM3,loso_subject_S003,19,0.011896586761662173,,0.07866720152082271,,0.001
LSTM3_3656400e,LSTM3,loso_subject_S003,20,0.010339495235649686,,0.07485841283798889,,0.001
LSTM3_3656400e,LSTM3,loso_subject_S003,21,0.011443023732260993,,0.07703713988057674,,0.001
LSTM3_3656400e,LSTM3,loso_subject_S003,22,0.011228848706524405,,0.0765667827160876,,0.001
LSTM3_3656400e,LSTM3,loso_subject_S003,23,0.01170084779585541,,0.07733288858215774,,0.001
LSTM3_3656400e,LSTM3,loso_subject_S003,24,0.011104509919563348,,0.07602461571600896,,0.001
LSTM3_3656400e,LSTM3,loso_subject_S003,25,0.01071211151858316,,0.07472788422662845,,0.001
LSTM3_3656400e,LSTM3,loso_subject_S003,26,0.010480265580411032,,0.07410422889400521,,0.001
LSTM3_3656400e,LSTM3,loso_subject_S003,27,0.010794752479622013,,0.07396376912384656,,0.001
LSTM3_3656400e,LSTM3,loso_subject_S003,28,0.011052077277841129,,0.0756752029547407,,0.001
LSTM3_3656400e,LSTM3,loso_subject_S003,29,0.010663192509699725,,0.07388489959076365,,0.001
LSTM3_3656400e,LSTM3,loso_subject_S003,30,0.01041247697046322,,0.07264547607326131,,0.001
LSTM3_3656400e,LSTM3,loso_subject_S003,31,0.010282766880599533,,0.07280227285469343,,0.001
LSTM3_3656400e,LSTM3,loso_subject_S003,32,0.010184497178057618,,0.07272149377719356,,0.001
LSTM3_3656400e,LSTM3,loso_subject_S003,33,0.010848796738917164,,0.07437960003975137,,0.001
LSTM3_3656400e,LSTM3,loso_subject_S003,34,0.010091246380727358,,0.0714242662752573,,0.001
LSTM3_3656400e,LSTM3,loso_subject_S003,35,0.009835670943632805,,0.07118548723555791,,0.001
LSTM3_3656400e,LSTM3,loso_subject_S003,36,0.009830464258018978,,0.07136859026547894,,0.001
LSTM3_3656400e,LSTM3,loso_subject_S003,37,0.01033320045779607,,0.07249632650405939,,0.001
LSTM3_3656400e,LSTM3,loso_subject_S003,38,0.010850496457615204,,0.07471043065072984,,0.001
LSTM3_3656400e,LSTM3,loso_subject_S003,39,0.010453886280194578,,0.07253316480611924,,0.001
LSTM3_3656400e,LSTM3,loso_subject_S003,40,0.009561522403905846,,0.06929536550164357,,0.001
LSTM3_3656400e,LSTM3,loso_subject_S003,41,0.010108416425472774,,0.07129823923513243,,0.001
LSTM3_3656400e,LSTM3,loso_subject_S003,42,0.010213879552010878,,0.07181138997002849,,0.001
LSTM3_3656400e,LSTM3,loso_subject_S003,43,0.009574357813058675,,0.0707687037935139,,0.001
LSTM3_3656400e,LSTM3,loso_subject_S003,44,0.01038183924648806,,0.07206421725963179,,0.001
LSTM3_3656400e,LSTM3,loso_subject_S003,45,0.009132121816901878,,0.06937696760430245,,0.001
LSTM3_3656400e,LSTM3,loso_subject_S003,46,0.009627099370497988,,0.07019935504725063,,0.001
LSTM3_3656400e,LSTM3,loso_subject_S003,47,0.009069719072117044,,0.06813721213787291,,0.001
LSTM3_3656400e,LSTM3,loso_subject_S003,48,0.009586487926073431,,0.06935643543006331,,0.001
LSTM3_3656400e,LSTM3,loso_subject_S003,49,0.009504177934449288,,0.0689063954289638,,0.001
LSTM3_3656400e,LSTM3,loso_subject_S003,50,0.010050248919333529,,0.06969456907667647,,0.001
LSTM3_3656400e,LSTM3,loso_subject_S003,51,0.009252949298282978,,0.06879041950701326,,0.001
LSTM3_3656400e,LSTM3,loso_subject_S003,52,0.009276313745993933,,0.06820244457744506,,0.001
LSTM3_3656400e,LSTM3,loso_subject_S003,53,0.009595848376893085,,0.06981907686044717,,0.001
LSTM3_3656400e,LSTM3,loso_subject_S003,54,0.009615894577793853,,0.06898699272570648,,0.001
LSTM3_3656400e,LSTM3,loso_subject_S003,55,0.009406114036910848,,0.06940792626685581,,0.001
LSTM3_3656400e,LSTM3,loso_subject_S003,56,0.010414025114578927,,0.07281472604340455,,0.001
LSTM3_3656400e,LSTM3,loso_subject_S003,57,0.010195243707674695,,0.07055871240601899,,0.001
LSTM3_3656400e,LSTM3,loso_subject_S003,58,0.009520539448201588,,0.06952381294107544,,0.001
LSTM3_3656400e,LSTM3,loso_subject_S003,59,0.009034546004153612,,0.06782619321155199,,0.001
LSTM3_3656400e,LSTM3,loso_subject_S003,60,0.009706760316676511,,0.06960232767901887,,0.001
LSTM3_3656400e,LSTM3,loso_subject_S003,61,0.010439681674954057,,0.07035867850578005,,0.001
LSTM3_3656400e,LSTM3,loso_subject_S003,62,0.009495061272241938,,0.06933357920267183,,0.001
LSTM3_3656400e,LSTM3,loso_subject_S003,63,0.00907568463582139,,0.06731234430529269,,0.001
LSTM3_3656400e,LSTM3,loso_subject_S003,64,0.009530499813757644,,0.06923506135713933,,0.001
LSTM3_3656400e,LSTM3,loso_subject_S003,65,0.00898709837493934,,0.0669037480707646,,0.001
LSTM3_3656400e,LSTM3,loso_subject_S003,66,0.009671766432452657,,0.06810886776588095,,0.001
LSTM3_3656400e,LSTM3,loso_subject_S003,67,0.009269240639131638,,0.0684443475726753,,0.001
LSTM3_3656400e,LSTM3,loso_subject_S003,68,0.00892274299399724,,0.06689151235687452,,0.001
LSTM3_3656400e,LSTM3,loso_subject_S003,69,0.010095568189420501,,0.07027589515505277,,0.001
LSTM3_3656400e,LSTM3,loso_subject_S003,70,0.00914159764538868,,0.06857042455431848,,0.001
LSTM3_3656400e,LSTM3,loso_subject_S003,71,0.008917796801612267,,0.06690656302415078,,0.001
LSTM3_3656400e,LSTM3,loso_subject_S003,72,0.009113924879543022,,0.06842503790545651,,0.001
LSTM3_3656400e,LSTM3,loso_subject_S003,73,0.009502074374273604,,0.06938894538060082,,0.001
LSTM3_3656400e,LSTM3,loso_subject_S003,74,0.009545060889784946,,0.06937008670398168,,0.001
LSTM3_3656400e,LSTM3,loso_subject_S003,75,0.009783183715826883,,0.07067222597393866,,0.001
LSTM3_3656400e,LSTM3,loso_subject_S003,76,0.01007628369567281,,0.07044092102313605,,0.001
LSTM3_3656400e,LSTM3,loso_subject_S003,77,0.009664242962507282,,0.06977286317183545,,0.001
LSTM3_3656400e,LSTM3,loso_subject_S003,78,0.009192714228790307,,0.06754665325644046,,0.001
LSTM3_3656400e,LSTM3,loso_subject_S003,79,0.009003227897704955,,0.06679351292173426,,0.001
LSTM3_3656400e,LSTM3,loso_subject_S003,80,0.008259069640713212,,0.06460103742920775,,0.001
LSTM3_3656400e,LSTM3,loso_subject_S004,1,0.26065922770855426,,0.3562072429452881,,0.001
LSTM3_3656400e,LSTM3,loso_subject_S004,2,0.04177244285953035,,0.15153709631046025,,0.001
LSTM3_3656400e,LSTM3,loso_subject_S004,3,0.029869627792014967,,0.12648938919382097,,0.001
LSTM3_3656400e,LSTM3,loso_subject_S004,4,0.02363126506652183,,0.11219332329757851,,0.001
LSTM3_3656400e,LSTM3,loso_subject_S004,5,0.02172526782979651,,0.11011851649774657,,0.001
LSTM3_3656400e,LSTM3,loso_subject_S004,6,0.019359170585466323,,0.10331923160888104,,0.001
LSTM3_3656400e,LSTM3,loso_subject_S004,7,0.017389212334853008,,0.09855778935653856,,0.001
LSTM3_3656400e,LSTM3,loso_subject_S004,8,0.01588494086232164,,0.09216734296143006,,0.001
LSTM3_3656400e,LSTM3,loso_subject_S004,9,0.013955372101228655,,0.08797552544837896,,0.001
LSTM3_3656400e,LSTM3,loso_subject_S004,10,0.01450893323709562,,0.08934154142174179,,0.001
LSTM3_3656400e,LSTM3,loso_subject_S004,11,0.013649441535219192,,0.08611211704219511,,0.001
LSTM3_3656400e,LSTM3,loso_subject_S004,12,0.013131659009395549,,0.08355617366857926,,0.001
LSTM3_3656400e,LSTM3,loso_subject_S004,13,0.013298955674316154,,0.08502782903392347,,0.001
LSTM3_3656400e,LSTM3,loso_subject_S004,14,0.012192504732237534,,0.0808827249670782,,0.001
LSTM3_3656400e,LSTM3,loso_subject_S004,15,0.012648367279974024,,0.08245376882611369,,0.001
LSTM3_3656400e,LSTM3,loso_subject_S004,16,0.012310869125848022,,0.08225298781162206,,0.001
LSTM3_3656400e,LSTM3,loso_subject_S004,17,0.012029213248846373,,0.07985568726639022,,0.001
LSTM3_3656400e,LSTM3,loso_subject_S004,18,0.011614840891682037,,0.07928649405514972,,0.001
LSTM3_3656400e,LSTM3,loso_subject_S004,19,0.012651327216523404,,0.08224135794222372,,0.001
LSTM3_3656400e,LSTM3,loso_subject_S004,20,0.012165948252369432,,0.08020825106816584,,0.001
LSTM3_3656400e,LSTM3,loso_subject_S004,21,0.011027580794110963,,0.07699307889478643,,0.001
LSTM3_3656400e,LSTM3,loso_subject_S004,22,0.011437592556629185,,0.07748418978596261,,0.001
LSTM3_3656400e,LSTM3,loso_subject_S004,23,0.010445354288570179,,0.07501628728346538,,0.001
LSTM3_3656400e,LSTM3,loso_subject_S004,24,0.011752054442093481,,0.07764142796159788,,0.001
LSTM3_3656400e,LSTM3,loso_subject_S004,25,0.010397681924674178,,0.07441662960790667,,0.001
LSTM3_3656400e,LSTM3,loso_subject_S004,26,0.010336686370382752,,0.07443773679288375,,0.001
LSTM3_3656400e,LSTM3,loso_subject_S004,27,0.010818949451379813,,0.07537308570914032,,0.001
LSTM3_3656400e,LSTM3,loso_subject_S004,28,0.01086668720428135,,0.07615257780108618,,0.001
LSTM3_3656400e,LSTM3,loso_subject_S004,29,0.010662575964364464,,0.07479200892043764,,0.001
LSTM3_3656400e,LSTM3,loso_subject_S004,30,0.010827382730710934,,0.07407249095808195,,0.001
LSTM3_3656400e,LSTM3,loso_subject_S004,31,0.011691764511153918,,0.07948278725276017,,0.001
LSTM3_3656400e,LSTM3,loso_subject_S004,32,0.0108933480123982,,0.07587363295279224,,0.001
LSTM3_3656400e,LSTM3,loso_subject_S004,33,0.010782097213527592,,0.07486834387513003,,0.001
LSTM3_3656400e,LSTM3,loso_subject_S004,34,0.010798513969291296,,0.0751458817306738,,0.001
LSTM3_3656400e,LSTM3,loso_subject_S004,35,0.010637232900981706,,0.07461139673828403,,0.001
LSTM3_3656400e,LSTM3,loso_subject_S004,36,0.010224264699592481,,0.07366443439903628,,0.001
LSTM3_3656400e,LSTM3,loso_subject_S004,37,0.01047863838190674,,0.07457038281118744,,0.001
LSTM3_3656400e,LSTM3,loso_subject_S004,38,0.010009444343484988,,0.07155793927189405,,0.001
LSTM3_3656400e,LSTM3,loso_subject_S004,39,0.010882024431931644,,0.07585974187342953,,0.001
LSTM3_3656400e,LSTM3,loso_subject_S004,40,0.00989655530884512,,0.07230167100751783,,0.001
LSTM3_3656400e,LSTM3,loso_subject_S004,41,0.009834579657637491,,0.07144443486957269,,0.001
LSTM3_3656400e,LSTM3,loso_subject_S004,42,0.009871048881598631,,0.07065586690810317,,0.001
LSTM3_3656400e,LSTM3,loso_subject_S004,43,0.009974770145573762,,0.07148959231946457,,0.001
LSTM3_3656400e,LSTM3,loso_subject_S004,44,0.009939625440253428,,0.07128171912687971,,0.001
LSTM3_3656400e,LSTM3,loso_subject_S004,45,0.009855922728665263,,0.07092466786636586,,0.001
LSTM3_3656400e,LSTM3,loso_subject_S004,46,0.009840596680909943,,0.07212734622606676,,0.001
LSTM3_3656400e,LSTM3,loso_subject_S004,47,0.009523485959242187,,0.06939975132241688,,0.001
LSTM3_3656400e,LSTM3,loso_subject_S004,48,0.009491100367093261,,0.07056501283014333,,0.001
LSTM3_3656400e,LSTM3,loso_subject_S004,49,0.00987219448985299,,0.07168947258532096,,0.001
LSTM3_3656400e,LSTM3,loso_subject_S004,50,0.009193819424284854,,0.0698077922972141,,0.001
LSTM3_3656400e,LSTM3,loso_subject_S004,51,0.009684417997377485,,0.07094245263765929,,0.001
LSTM3_3656400e,LSTM3,loso_subject_S004,52,0.009791368799188026,,0.07106516338822458,,0.001
LSTM3_3656400e,LSTM3,loso_subject_S004,53,0.010240183925633894,,0.07184914319041352,,0.001
LSTM3_3656400e,LSTM3,loso_subject_S004,54,0.010767967204024847,,0.0744116245883399,,0.001
LSTM3_3656400e,LSTM3,loso_subject_S004,55,0.010490302698168115,,0.07366487241792512,,0.001
LSTM3_3656400e,LSTM3,loso_subject_S004,56,0.009703610502102956,,0.0714828589905477,,0.001
LSTM3_3656400e,LSTM3,loso_subject_S004,57,0.009974188984442394,,0.07079472276702817,,0.001
LSTM3_3656400e,LSTM3,loso_subject_S004,58,0.009019263744753639,,0.06882933727932111,,0.001
LSTM3_3656400e,LSTM3,loso_subject_S004,59,0.010134941689788797,,0.07229469550555698,,0.001
LSTM3_3656400e,LSTM3,loso_subject_S004,60,0.010422870996396846,,0.0712361210001954,,0.001
LSTM3_3656400e,LSTM3,loso_subject_S004,61,0.00882196669923778,,0.06822613601970441,,0.001
LSTM3_3656400e,LSTM3,loso_subject_S004,62,0.009539494710709561,,0.0695775010349652,,0.001
LSTM3_3656400e,LSTM3,loso_subject_S004,63,0.009859001786854745,,0.07032704751917455,,0.001
LSTM3_3656400e,LSTM3,loso_subject_S004,64,0.009428406143553461,,0.07006995729013549,,0.001
LSTM3_3656400e,LSTM3,loso_subject_S004,65,0.010171214074335033,,0.07296367460832125,,0.001
LSTM3_3656400e,LSTM3,loso_subject_S004,66,0.009965052577945355,,0.07159076973115822,,0.001
LSTM3_3656400e,LSTM3,loso_subject_S004,67,0.009064838387421175,,0.06820770852466934,,0.001
LSTM3_3656400e,LSTM3,loso_subject_S004,68,0.009429012842490453,,0.06903391892994348,,0.001
LSTM3_3656400e,LSTM3,loso_subject_S004,69,0.009228831367597865,,0.06872703362977604,,0.001
LSTM3_3656400e,LSTM3,loso_subject_S004,70,0.010284994986152733,,0.07269291561615007,,0.001
LSTM3_3656400e,LSTM3,loso_subject_S004,71,0.009880669739312646,,0.07213682870453768,,0.001
LSTM3_3656400e,LSTM3,loso_subject_S004,72,0.009287776677991744,,0.06935065352140875,,0.001
LSTM3_3656400e,LSTM3,loso_subject_S004,73,0.009597111287869588,,0.0701486111057471,,0.001
LSTM3_3656400e,LSTM3,loso_subject_S004,74,0.00860802724538962,,0.06665566767828225,,0.001
LSTM3_3656400e,LSTM3,loso_subject_S004,75,0.008602165039090524,,0.06679107514774674,,0.001
LSTM3_3656400e,LSTM3,loso_subject_S004,76,0.009855762279240097,,0.07090379702957972,,0.001
LSTM3_3656400e,LSTM3,loso_subject_S004,77,0.008828697275810996,,0.06764630287837377,,0.001
LSTM3_3656400e,LSTM3,loso_subject_S004,78,0.009622993721075149,,0.06977058035431441,,0.001
LSTM3_3656400e,LSTM3,loso_subject_S004,79,0.009315696662146515,,0.06776268795724176,,0.001
LSTM3_3656400e,LSTM3,loso_subject_S004,80,0.00907530994090379,,0.06807649546749779,,0.001
LSTM3_3656400e,LSTM3,loso_subject_S005,1,0.282166959643333,,0.37319467486197255,,0.001
LSTM3_3656400e,LSTM3,loso_subject_S005,2,0.046025213650581216,,0.15607584077824652,,0.001
LSTM3_3656400e,LSTM3,loso_subject_S005,3,0.028300247692361957,,0.12442273941026173,,0.001
LSTM3_3656400e,LSTM3,loso_subject_S005,4,0.023986966826065,,0.11340674376659399,,0.001
LSTM3_3656400e,LSTM3,loso_subject_S005,5,0.022015979352072643,,0.1077280772612122,,0.001
LSTM3_3656400e,LSTM3,loso_subject_S005,6,0.019097174973541995,,0.10149122986708345,,0.001
LSTM3_3656400e,LSTM3,loso_subject_S005,7,0.015874720107876456,,0.0939230405019116,,0.001
LSTM3_3656400e,LSTM3,loso_subject_S005,8,0.015044363538472317,,0.08992760348678197,,0.001
LSTM3_3656400e,LSTM3,loso_subject_S005,9,0.01473808098518388,,0.09024434393502377,,0.001
LSTM3_3656400e,LSTM3,loso_subject_S005,10,0.013887372420859845,,0.08707431497475804,,0.001
LSTM3_3656400e,LSTM3,loso_subject_S005,11,0.014115962061625593,,0.08707025530999535,,0.001
LSTM3_3656400e,LSTM3,loso_subject_S005,12,0.013704493136860367,,0.08462917921294535,,0.001
LSTM3_3656400e,LSTM3,loso_subject_S005,13,0.01382402339689712,,0.0859204330843956,,0.001
LSTM3_3656400e,LSTM3,loso_subject_S005,14,0.013431986517264379,,0.08593159479485493,,0.001
LSTM3_3656400e,LSTM3,loso_subject_S005,15,0.013062424412009064,,0.08334211707610366,,0.001
LSTM3_3656400e,LSTM3,loso_subject_S005,16,0.011467929389038902,,0.07936131033135464,,0.001
LSTM3_3656400e,LSTM3,loso_subject_S005,17,0.012270855890420361,,0.08162991225727705,,0.001
LSTM3_3656400e,LSTM3,loso_subject_S005,18,0.01242692142284476,,0.08180018891978878,,0.001
LSTM3_3656400e,LSTM3,loso_subject_S005,19,0.01251932716410276,,0.08158055339880314,,0.001
LSTM3_3656400e,LSTM3,loso_subject_S005,20,0.013114308228092621,,0.08301992866264027,,0.001
LSTM3_3656400e,LSTM3,loso_subject_S005,21,0.012305458441244635,,0.08092990666380288,,0.001
LSTM3_3656400e,LSTM3,loso_subject_S005,22,0.011412278111875512,,0.07845410195699494,,0.001
LSTM3_3656400e,LSTM3,loso_subject_S005,23,0.011821252455338072,,0.07893018874104285,,0.001
LSTM3_3656400e,LSTM3,loso_subject_S005,24,0.011226249129875847,,0.07681158752825676,,0.001
LSTM3_3656400e,LSTM3,loso_subject_S005,25,0.010763438561907009,,0.07528910944374999,,0.001
LSTM3_3656400e,LSTM3,loso_subject_S005,26,0.011804356990777714,,0.07816621566893354,,0.001
LSTM3_3656400e,LSTM3,loso_subject_S005,27,0.012106938624965521,,0.07980137279788994,,0.001
LSTM3_3656400e,LSTM3,loso_subject_S005,28,0.010420799933165534,,0.0731551039874207,,0.001
LSTM3_3656400e,LSTM3,loso_subject_S005,29,0.011088150595445047,,0.07631780434532927,,0.001
LSTM3_3656400e,LSTM3,loso_subject_S005,30,0.010580982631203937,,0.07487043101217766,,0.001
LSTM3_3656400e,LSTM3,loso_subject_S005,31,0.011146928961856878,,0.07552975666049246,,0.001
LSTM3_3656400e,LSTM3,loso_subject_S005,32,0.011492605232387343,,0.07614332042805741,,0.001
LSTM3_3656400e,LSTM3,loso_subject_S005,33,0.010677460958648343,,0.07463832400126393,,0.001
LSTM3_3656400e,LSTM3,loso_subject_S005,34,0.01008816911498246,,0.07274703607809112,,0.001
LSTM3_3656400e,LSTM3,loso_subject_S005,35,0.010966746406064853,,0.07409976478908505,,0.001
LSTM3_3656400e,LSTM3,loso_subject_S005,36,0.010191365561546819,,0.0728072396228598,,0.001
LSTM3_3656400e,LSTM3,loso_subject_S005,37,0.0096564665973203,,0.07074624409151685,,0.001
LSTM3_3656400e,LSTM3,loso_subject_S005,38,0.009353587736600787,,0.06930703878179874,,0.001
LSTM3_3656400e,LSTM3,loso_subject_S005,39,0.010600702252163679,,0.07321503466060703,,0.001
LSTM3_3656400e,LSTM3,loso_subject_S005,40,0.010342995345433108,,0.07285719203634528,,0.001
LSTM3_3656400e,LSTM3,loso_subject_S005,41,0.010247724603632545,,0.07377037524917027,,0.001
LSTM3_3656400e,LSTM3,loso_subject_S005,42,0.010039356632590937,,0.0725550112389059,,0.001
LSTM3_3656400e,LSTM3,loso_subject_S005,43,0.009409463875035943,,0.06962299199604123,,0.001
LSTM3_3656400e,LSTM3,loso_subject_S005,44,0.010258738011868666,,0.07206014670561602,,0.001
LSTM3_3656400e,LSTM3,loso_subject_S005,45,0.010480548337677597,,0.07334706753005417,,0.001
LSTM3_3656400e,LSTM3,loso_subject_S005,46,0.01054325672880133,,0.07380060276325573,,0.001
LSTM3_3656400e,LSTM3,loso_subject_S005,47,0.010590570416570749,,0.07446195349629584,,0.001
LSTM3_3656400e,LSTM3,loso_subject_S005,48,0.010095995157591874,,0.07250097726387385,,0.001
LSTM3_3656400e,LSTM3,loso_subject_S005,49,0.010417845184372894,,0.0725364738405246,,0.001
LSTM3_3656400e,LSTM3,loso_subject_S005,50,0.010368116744681759,,0.07255806987039999,,0.001
LSTM3_3656400e,LSTM3,loso_subject_S005,51,0.009300843027181257,,0.06930365447678152,,0.001
LSTM3_3656400e,LSTM3,loso_subject_S005,52,0.010530805714816325,,0.07369612678947358,,0.001
LSTM3_3656400e,LSTM3,loso_subject_S005,53,0.009317935272128966,,0.06907943587278732,,0.001
LSTM3_3656400e,LSTM3,loso_subject_S005,54,0.009794434638267341,,0.07047866125560408,,0.001
LSTM3_3656400e,LSTM3,loso_subject_S005,55,0.009479355427060751,,0.06978152060535138,,0.001
LSTM3_3656400e,LSTM3,loso_subject_S005,56,0.01040673198947506,,0.07200860112649653,,0.001
LSTM3_3656400e,LSTM3,loso_subject_S005,57,0.009841975559718026,,0.07090798665557137,,0.001
LSTM3_3656400e,LSTM3,loso_subject_S005,58,0.009711787343304785,,0.07015051182779339,,0.001
LSTM3_3656400e,LSTM3,loso_subject_S005,59,0.009769084233542008,,0.07130640274523962,,0.001
LSTM3_3656400e,LSTM3,loso_subject_S005,60,0.009271493390366555,,0.06826307967705464,,0.001
LSTM3_3656400e,LSTM3,loso_subject_S005,61,0.009374520625600324,,0.06855372749465022,,0.001
LSTM3_3656400e,LSTM3,loso_subject_S005,62,0.009451757737352094,,0.06828440764593438,,0.001
LSTM3_3656400e,LSTM3,loso_subject_S005,63,0.009964613131487577,,0.07187751921193483,,0.001
LSTM3_3656400e,LSTM3,loso_subject_S005,64,0.00921530160218337,,0.0688302864025782,,0.001
LSTM3_3656400e,LSTM3,loso_subject_S005,65,0.01021999669859892,,0.0730617628619797,,0.001
LSTM3_3656400e,LSTM3,loso_subject_S005,66,0.009397948802454226,,0.06959534801668621,,0.001
LSTM3_3656400e,LSTM3,loso_subject_S005,67,0.010031013445976665,,0.07149499871416522,,0.001
LSTM3_3656400e,LSTM3,loso_subject_S005,68,0.009709585508333203,,0.07014865909577472,,0.001
LSTM3_3656400e,LSTM3,loso_subject_S005,69,0.008955006377796773,,0.06642161688644349,,0.001
LSTM3_3656400e,LSTM3,loso_subject_S005,70,0.009747716452492072,,0.07095205382325583,,0.001
LSTM3_3656400e,LSTM3,loso_subject_S005,71,0.009777660311925233,,0.06965687358042633,,0.001
LSTM3_3656400e,LSTM3,loso_subject_S005,72,0.008889197804484071,,0.06822359929187778,,0.001
LSTM3_3656400e,LSTM3,loso_subject_S005,73,0.00899016948603042,,0.06717003927942922,,0.001
LSTM3_3656400e,LSTM3,loso_subject_S005,74,0.009339487157417479,,0.06864081649973729,,0.001
LSTM3_3656400e,LSTM3,loso_subject_S005,75,0.009189786086745129,,0.06856813493262894,,0.001
LSTM3_3656400e,LSTM3,loso_subject_S005,76,0.009560636110599683,,0.06896854568364646,,0.001
LSTM3_3656400e,LSTM3,loso_subject_S005,77,0.009363861088090345,,0.06884325506143443,,0.001
LSTM3_3656400e,LSTM3,loso_subject_S005,78,0.009478176414978962,,0.06913200508967161,,0.001
LSTM3_3656400e,LSTM3,loso_subject_S005,79,0.009273110815909093,,0.06895673462135314,,0.001
LSTM3_3656400e,LSTM3,loso_subject_S005,80,0.009598565039776082,,0.0695621324494188,,0.001
LSTM3_3656400e,LSTM3,loso_subject_S006,1,0.2653896135976912,,0.3636550393073266,,0.001
LSTM3_3656400e,LSTM3,loso_subject_S006,2,0.04241897224039079,,0.1503634757068493,,0.001
LSTM3_3656400e,LSTM3,loso_subject_S006,3,0.027473270699549437,,0.12265978641029852,,0.001
LSTM3_3656400e,LSTM3,loso_subject_S006,4,0.023979881456112823,,0.11402674079595815,,0.001
LSTM3_3656400e,LSTM3,loso_subject_S006,5,0.020307101530781645,,0.10457214582202648,,0.001
LSTM3_3656400e,LSTM3,loso_subject_S006,6,0.020005400845781965,,0.1041075709027981,,0.001
LSTM3_3656400e,LSTM3,loso_subject_S006,7,0.01878601318523567,,0.10146238992861649,,0.001
LSTM3_3656400e,LSTM3,loso_subject_S006,8,0.014882630096418244,,0.09132029929053163,,0.001
LSTM3_3656400e,LSTM3,loso_subject_S006,9,0.015406223580173363,,0.09175177160341215,,0.001
LSTM3_3656400e,LSTM3,loso_subject_S006,10,0.014175023936457537,,0.08802165014017822,,0.001
LSTM3_3656400e,LSTM3,loso_subject_S006,11,0.0141026684894647,,0.08831587450176749,,0.001
LSTM3_3656400e,LSTM3,loso_subject_S006,12,0.01320543859142014,,0.08612638052271596,,0.001
LSTM3_3656400e,LSTM3,loso_subject_S006,13,0.012967505832474597,,0.08388310474910772,,0.001
LSTM3_3656400e,LSTM3,loso_subject_S006,14,0.013358957294811683,,0.08597902502279967,,0.001
LSTM3_3656400e,LSTM3,loso_subject_S006,15,0.013563217267984685,,0.0834293227401339,,0.001
LSTM3_3656400e,LSTM3,loso_subject_S006,16,0.012208015328232272,,0.0819599753156919,,0.001
LSTM3_3656400e,LSTM3,loso_subject_S006,17,0.012107227413641238,,0.08081741094685009,,0.001
LSTM3_3656400e,LSTM3,loso_subject_S006,18,0.012385359395097844,,0.08087782661944835,,0.001
LSTM3_3656400e,LSTM3,loso_subject_S006,19,0.01091518362831418,,0.07659912535977606,,0.001
LSTM3_3656400e,LSTM3,loso_subject_S006,20,0.011893131257143086,,0.07915309978819621,,0.001
LSTM3_3656400e,LSTM3,loso_subject_S006,21,0.013266792457029981,,0.08321148382592597,,0.001
LSTM3_3656400e,LSTM3,loso_subject_S006,22,0.011972381524346574,,0.08052062761810737,,0.001
LSTM3_3656400e,LSTM3,loso_subject_S006,23,0.012117623364484017,,0.079626855484834,,0.001
LSTM3_3656400e,LSTM3,loso_subject_S006,24,0.012456732645459238,,0.08057735364307486,,0.001
LSTM3_3656400e,LSTM3,loso_subject_S006,25,0.010746982535242587,,0.07568710603031426,,0.001
LSTM3_3656400e,LSTM3,loso_subject_S006,26,0.011201510068436213,,0.07622639062686214,,0.001
LSTM3_3656400e,LSTM3,loso_subject_S006,27,0.010790461747910594,,0.07530638720215675,,0.001
LSTM3_3656400e,LSTM3,loso_subject_S006,28,0.010464429008576422,,0.0746758467950282,,0.001
LSTM3_3656400e,LSTM3,loso_subject_S006,29,0.010127760383615247,,0.07378874045118777,,0.001
LSTM3_3656400e,LSTM3,loso_subject_S006,30,0.009994862919416923,,0.07256632565007404,,0.001
LSTM3_3656400e,LSTM3,loso_subject_S006,31,0.011007028791492773,,0.07539608356671086,,0.001
LSTM3_3656400e,LSTM3,loso_subject_S006,32,0.010111418969721703,,0.07330253478448916,,0.001
LSTM3_3656400e,LSTM3,loso_subject_S006,33,0.010391693976301207,,0.07374486879480031,,0.001
LSTM3_3656400e,LSTM3,loso_subject_S006,34,0.010215050104883787,,0.07257030881945309,,0.001
LSTM3_3656400e,LSTM3,loso_subject_S006,35,0.010093228434310776,,0.0727881511776091,,0.001
LSTM3_3656400e,LSTM3,loso_subject_S006,36,0.010748349673882423,,0.07470077541210336,,0.001
LSTM3_3656400e,LSTM3,loso_subject_S006,37,0.01115169595921014,,0.07589255109325602,,0.001
LSTM3_3656400e,LSTM3,loso_subject_S006,38,0.010671961742059697,,0.07425767896237001,,0.001
LSTM3_3656400e,LSTM3,loso_subject_S006,39,0.010069429596569777,,0.07185181937453322,,0.001
LSTM3_3656400e,LSTM3,loso_subject_S006,40,0.009794489419697343,,0.07131308001921531,,0.001
LSTM3_3656400e,LSTM3,loso_subject_S006,41,0.010341944038792128,,0.0726485593941803,,0.001
LSTM3_3656400e,LSTM3,loso_subject_S006,42,0.010125752004191687,,0.07178669400517163,,0.001
LSTM3_3656400e,LSTM3,loso_subject_S006,43,0.009904026747224768,,0.0718396755147887,,0.001
LSTM3_3656400e,LSTM3,loso_subject_S006,44,0.010535969670281317,,0.07268503712950125,,0.001
LSTM3_3656400e,LSTM3,loso_subject_S006,45,0.010318898097534645,,0.07237164377288251,,0.001
LSTM3_3656400e,LSTM3,loso_subject_S006,46,0.009832171799069301,,0.07142287616861907,,0.001
LSTM3_3656400e,LSTM3,loso_subject_S006,47,0.01021223006337027,,0.07228796578540672,,0.001
LSTM3_3656400e,LSTM3,loso_subject_S006,48,0.009854651848627449,,0.07047592055393721,,0.001
LSTM3_3656400e,LSTM3,loso_subject_S006,49,0.009952478459225613,,0.07305122604049906,,0.001
LSTM3_3656400e,LSTM3,loso_subject_S006,50,0.009662902461545443,,0.0697585237683877,,0.001
LSTM3_3656400e,LSTM3,loso_subject_S006,51,0.009189286364524775,,0.06887529060507945,,0.001
LSTM3_3656400e,LSTM3,loso_subject_S006,52,0.01004961708482768,,0.07194405709541477,,0.001
LSTM3_3656400e,LSTM3,loso_subject_S006,53,0.009646034457316262,,0.07120351018468901,,0.001
LSTM3_3656400e,LSTM3,loso_subject_S006,54,0.010141076595409228,,0.07298948334846256,,0.001
LSTM3_3656400e,LSTM3,loso_subject_S006,55,0.010787960092512662,,0.07526685813482777,,0.001
LSTM3_3656400e,LSTM3,loso_subject_S006,56,0.01008539031078639,,0.07102458516607708,,0.001
LSTM3_3656400e,LSTM3,loso_subject_S006,57,0.009422395139659272,,0.069216691504268,,0.001
LSTM3_3656400e,LSTM3,loso_subject_S006,58,0.009683990971762417,,0.07023524212834027,,0.001
LSTM3_3656400e,LSTM3,loso_subject_S006,59,0.010001325643614901,,0.07146652669400919,,0.001
LSTM3_3656400e,LSTM3,loso_subject_S006,60,0.009691394840072328,,0.0688671512109236,,0.001
LSTM3_3656400e,LSTM3,loso_subject_S006,61,0.00953456754115299,,0.06957543498462831,,0.001
LSTM3_3656400e,LSTM3,loso_subject_S006,62,0.010030815338922429,,0.071637440977661,,0.001
LSTM3_3656400e,LSTM3,loso_subject_S006,63,0.009392151833039493,,0.06919536228382978,,0.001
LSTM3_3656400e,LSTM3,loso_subject_S006,64,0.0105164965226085,,0.07220093710582462,,0.001
LSTM3_3656400e,LSTM3,loso_subject_S006,65,0.009013777126343128,,0.06837271390573571,,0.001
LSTM3_3656400e,LSTM3,loso_subject_S006,66,0.009682147042355916,,0.07051482835378504,,0.001
LSTM3_3656400e,LSTM3,loso_subject_S006,67,0.00964328737522415,,0.07069026726289554,,0.001
LSTM3_3656400e,LSTM3,loso_subject_S006,68,0.00989578408500889,,0.07093477791078473,,0.001
LSTM3_3656400e,LSTM3,loso_subject_S006,69,0.009540231534278387,,0.06886377421032636,,0.001
LSTM3_3656400e,LSTM3,loso_subject_S006,70,0.010097416229027283,,0.07182756139351584,,0.001
LSTM3_3656400e,LSTM3,loso_subject_S006,71,0.009693776474328812,,0.06789548133600186,,0.001
LSTM3_3656400e,LSTM3,loso_subject_S006,72,0.009599806818698075,,0.06917336481774498,,0.001
LSTM3_3656400e,LSTM3,loso_subject_S006,73,0.009161251121468495,,0.06788725007862156,,0.001
LSTM3_3656400e,LSTM3,loso_subject_S006,74,0.009393964809314191,,0.06847209237559823,,0.001
LSTM3_3656400e,LSTM3,loso_subject_S006,75,0.009499460603666693,,0.0701561443344054,,0.001
LSTM3_3656400e,LSTM3,loso_subject_S006,76,0.00868778784839655,,0.06615018672207555,,0.001
LSTM3_3656400e,LSTM3,loso_subject_S006,77,0.009025954503224824,,0.06767500353150017,,0.001
LSTM3_3656400e,LSTM3,loso_subject_S006,78,0.009376957565376431,,0.06857043264476641,,0.001
LSTM3_3656400e,LSTM3,loso_subject_S006,79,0.008405087248336905,,0.06529986572236893,,0.001
LSTM3_3656400e,LSTM3,loso_subject_S006,80,0.009218732283181793,,0.06806647615935245,,0.001
LSTM3_3656400e,LSTM3,loso_subject_S007,1,0.2657898468406577,,0.36945535530123796,,0.001
LSTM3_3656400e,LSTM3,loso_subject_S007,2,0.037869617604372796,,0.14335429341646663,,0.001
LSTM3_3656400e,LSTM3,loso_subject_S007,3,0.02655896003635829,,0.12100425976933095,,0.001
LSTM3_3656400e,LSTM3,loso_subject_S007,4,0.02200648451648783,,0.10951954975985644,,0.001
LSTM3_3656400e,LSTM3,loso_subject_S007,5,0.02126164696783873,,0.10713604275594678,,0.001
LSTM3_3656400e,LSTM3,loso_subject_S007,6,0.02060192081619773,,0.10473475030116867,,0.001
LSTM3_3656400e,LSTM3,loso_subject_S007,7,0.018071867966730343,,0.09886473038217478,,0.001
LSTM3_3656400e,LSTM3,loso_subject_S007,8,0.015571012586485921,,0.09140106761141827,,0.001
LSTM3_3656400e,LSTM3,loso_subject_S007,9,0.015577328701814016,,0.09238692987383458,,0.001
LSTM3_3656400e,LSTM3,loso_subject_S007,10,0.015232721033195654,,0.08997222088408052,,0.001
LSTM3_3656400e,LSTM3,loso_subject_S007,11,0.013999902006042632,,0.08763998054098665,,0.001
LSTM3_3656400e,LSTM3,loso_subject_S007,12,0.013585234142578485,,0.08498823982581757,,0.001
LSTM3_3656400e,LSTM3,loso_subject_S007,13,0.013424105492927003,,0.08410909000718803,,0.001
LSTM3_3656400e,LSTM3,loso_subject_S007,14,0.013314344413709222,,0.0840950352058076,,0.001
LSTM3_3656400e,LSTM3,loso_subject_S007,15,0.012442834642634057,,0.08142823863186334,,0.001
LSTM3_3656400e,LSTM3,loso_subject_S007,16,0.011899057359091546,,0.0800675779188934,,0.001
LSTM3_3656400e,LSTM3,loso_subject_S007,17,0.012804968151868436,,0.08143097116497525,,0.001
LSTM3_3656400e,LSTM3,loso_subject_S007,18,0.011172125540804444,,0.07805791843617171,,0.001
LSTM3_3656400e,LSTM3,loso_subject_S007,19,0.011508492515994269,,0.07922801859023278,,0.001
LSTM3_3656400e,LSTM3,loso_subject_S007,20,0.01177464794008094,,0.07783684657331098,,0.001
LSTM3_3656400e,LSTM3,loso_subject_S007,21,0.011733850872699628,,0.07856519932025358,,0.001
LSTM3_3656400e,LSTM3,loso_subject_S007,22,0.011145494698563166,,0.07774546683618896,,0.001
LSTM3_3656400e,LSTM3,loso_subject_S007,23,0.01071081392205598,,0.07522791277682572,,0.001
LSTM3_3656400e,LSTM3,loso_subject_S007,24,0.010990471832388849,,0.07632125927168026,,0.001
LSTM3_3656400e,LSTM3,loso_subject_S007,25,0.011479943557724095,,0.07736768998336374,,0.001
LSTM3_3656400e,LSTM3,loso_subject_S007,26,0.010678662117897418,,0.07521533704640572,,0.001
LSTM3_3656400e,LSTM3,loso_subject_S007,27,0.011134655402744548,,0.07651655467455848,,0.001
LSTM3_3656400e,LSTM3,loso_subject_S007,28,0.010464331241357223,,0.07434741191958126,,0.001
LSTM3_3656400e,LSTM3,loso_subject_S007,29,0.011103602248783173,,0.0759300781054455,,0.001
LSTM3_3656400e,LSTM3,loso_subject_S007,30,0.010321907715447116,,0.07311856720531196,,0.001
LSTM3_3656400e,LSTM3,loso_subject_S007,31,0.010019204571124232,,0.07142771519066994,,0.001
LSTM3_3656400e,LSTM3,loso_subject_S007,32,0.010977877393822399,,0.07615934508411508,,0.001
LSTM3_3656400e,LSTM3,loso_subject_S007,33,0.010960083863322149,,0.07436258901368108,,0.001
LSTM3_3656400e,LSTM3,loso_subject_S007,34,0.010057579440048389,,0.07193668559193611,,0.001
LSTM3_3656400e,LSTM3,loso_subject_S007,35,0.010683595488795586,,0.073603809533412,,0.001
LSTM3_3656400e,LSTM3,loso_subject_S007,36,0.010288269879917303,,0.07273967838601063,,0.001
LSTM3_3656400e,LSTM3,loso_subject_S007,37,0.009290679652047785,,0.06942090751570568,,0.001
LSTM3_3656400e,LSTM3,loso_subject_S007,38,0.009596441153502255,,0.07027615391110119,,0.001
LSTM3_3656400e,LSTM3,loso_subject_S007,39,0.01005251525917597,,0.07167756341789898,,0.001
LSTM3_3656400e,LSTM3,loso_subject_S007,40,0.010137024082308798,,0.07178407195105888,,0.001
LSTM3_3656400e,LSTM3,loso_subject_S007,41,0.009724603434861229,,0.0710764130610123,,0.001
LSTM3_3656400e,LSTM3,loso_subject_S007,42,0.010453269816935062,,0.07354503464803361,,0.001
LSTM3_3656400e,LSTM3,loso_subject_S007,43,0.009639146051516658,,0.07054307834621061,,0.001
LSTM3_3656400e,LSTM3,loso_subject_S007,44,0.009896997256171807,,0.07207287292470012,,0.001
LSTM3_3656400e,LSTM3,loso_subject_S007,45,0.010135344760655834,,0.07289902055472658,,0.001
LSTM3_3656400e,LSTM3,loso_subject_S007,46,0.009765819997706433,,0.0708744729166491,,0.001
LSTM3_3656400e,LSTM3,loso_subject_S007,47,0.009922376850195098,,0.07111481283056109,,0.001
LSTM3_3656400e,LSTM3,loso_subject_S007,48,0.009376092348247766,,0.06932201563266285,,0.001
LSTM3_3656400e,LSTM3,loso_subject_S007,49,0.009160952822288923,,0.06903351954462235,,0.001
LSTM3_3656400e,LSTM3,loso_subject_S007,50,0.009699708063220768,,0.07029558816238453,,0.001
LSTM3_3656400e,LSTM3,loso_subject_S007,51,0.009442321931649195,,0.07033499742024824,,0.001
LSTM3_3656400e,LSTM3,loso_subject_S007,52,0.009854629856387251,,0.07004699333195101,,0.001
LSTM3_3656400e,LSTM3,loso_subject_S007,53,0.010106020239426902,,0.07070039585232735,,0.001
LSTM3_3656400e,LSTM3,loso_subject_S007,54,0.009728108581743743,,0.06997946675932198,,0.001
LSTM3_3656400e,LSTM3,loso_subject_S007,55,0.009025092457274073,,0.06824266564166337,,0.001
LSTM3_3656400e,LSTM3,loso_subject_S007,56,0.009210973095737006,,0.06834830500577625,,0.001
LSTM3_3656400e,LSTM3,loso_subject_S007,57,0.009467713346933587,,0.0694139831813804,,0.001
LSTM3_3656400e,LSTM3,loso_subject_S007,58,0.009131079637690595,,0.06913290401561219,,0.001
LSTM3_3656400e,LSTM3,loso_subject_S007,59,0.009991623608297423,,0.07175644212647488,,0.001
LSTM3_3656400e,LSTM3,loso_subject_S007,60,0.009133477172438512,,0.06873516248244989,,0.001
LSTM3_3656400e,LSTM3,loso_subject_S007,61,0.009789869712110152,,0.07068596087526857,,0.001
LSTM3_3656400e,LSTM3,loso_subject_S007,62,0.009509730365192681,,0.06956309184693453,,0.001
LSTM3_3656400e,LSTM3,loso_subject_S007,63,0.010612886521573129,,0.07210423052310944,,0.001
LSTM3_3656400e,LSTM3,loso_subject_S007,64,0.009260820625186489,,0.06858853113494422,,0.001
LSTM3_3656400e,LSTM3,loso_subject_S007,65,0.009923939960763642,,0.07060772350482773,,0.001
LSTM3_3656400e,LSTM3,loso_subject_S007,66,0.00911352239353092,,0.06816280744316285,,0.001
LSTM3_3656400e,LSTM3,loso_subject_S007,67,0.009826605657540392,,0.07079502881357544,,0.001
LSTM3_3656400e,LSTM3,loso_subject_S007,68,0.00947531932768853,,0.06838564528969296,,0.001
LSTM3_3656400e,LSTM3,loso_subject_S007,69,0.008937517891785032,,0.06811919390109547,,0.001
LSTM3_3656400e,LSTM3,loso_subject_S007,70,0.009778054529114774,,0.06933355370634481,,0.001
LSTM3_3656400e,LSTM3,loso_subject_S007,71,0.009697318681630126,,0.06954464113764595,,0.001
LSTM3_3656400e,LSTM3,loso_subject_S007,72,0.0098667921204316,,0.07046238881976981,,0.001
LSTM3_3656400e,LSTM3,loso_subject_S007,73,0.009520265788428094,,0.06881624198796456,,0.001
LSTM3_3656400e,LSTM3,loso_subject_S007,74,0.009305670710378572,,0.06735160116825187,,0.001
LSTM3_3656400e,LSTM3,loso_subject_S007,75,0.009259879188775494,,0.06732884480764992,,0.001
LSTM3_3656400e,LSTM3,loso_subject_S007,76,0.009214382496123252,,0.06777666992785637,,0.001
LSTM3_3656400e,LSTM3,loso_subject_S007,77,0.008815032789450988,,0.0668653170006317,,0.001
LSTM3_3656400e,LSTM3,loso_subject_S007,78,0.00958255723347528,,0.0689945522238288,,0.001
LSTM3_3656400e,LSTM3,loso_subject_S007,79,0.010148246274248027,,0.06979268906932128,,0.001
LSTM3_3656400e,LSTM3,loso_subject_S007,80,0.00955326449158683,,0.06818904472809088,,0.001
LSTM3_3656400e,LSTM3,loso_subject_S008,1,0.2939406089504693,,0.3849309789214358,,0.001
LSTM3_3656400e,LSTM3,loso_subject_S008,2,0.04016589855137687,,0.1475331670565893,,0.001
LSTM3_3656400e,LSTM3,loso_subject_S008,3,0.027278754020097273,,0.1225965687072517,,0.001
LSTM3_3656400e,LSTM3,loso_subject_S008,4,0.024138126770821992,,0.11447426404929001,,0.001
LSTM3_3656400e,LSTM3,loso_subject_S008,5,0.020547562204051337,,0.10555361008884123,,0.001
LSTM3_3656400e,LSTM3,loso_subject_S008,6,0.01778664336258533,,0.09922994057404115,,0.001
LSTM3_3656400e,LSTM3,loso_subject_S008,7,0.017250983686055113,,0.09762233155285752,,0.001
LSTM3_3656400e,LSTM3,loso_subject_S008,8,0.016494567551768865,,0.09436011385197607,,0.001
LSTM3_3656400e,LSTM3,loso_subject_S008,9,0.014532591520289847,,0.08871704444389215,,0.001
LSTM3_3656400e,LSTM3,loso_subject_S008,10,0.015012269254036297,,0.09001371031539553,,0.001
LSTM3_3656400e,LSTM3,loso_subject_S008,11,0.013169368945512195,,0.08515373763622054,,0.001
LSTM3_3656400e,LSTM3,loso_subject_S008,12,0.012336311543347852,,0.08267135039271924,,0.001
LSTM3_3656400e,LSTM3,loso_subject_S008,13,0.013550075379594061,,0.08544855805051407,,0.001
LSTM3_3656400e,LSTM3,loso_subject_S008,14,0.012791727129244965,,0.08336465242925106,,0.001
LSTM3_3656400e,LSTM3,loso_subject_S008,15,0.01182691988053938,,0.08035900925029844,,0.001
LSTM3_3656400e,LSTM3,loso_subject_S008,16,0.012421923624039096,,0.08203538152395479,,0.001
LSTM3_3656400e,LSTM3,loso_subject_S008,17,0.012731991825287774,,0.08295279836894681,,0.001
LSTM3_3656400e,LSTM3,loso_subject_S008,18,0.01224272551702573,,0.07976828595135836,,0.001
LSTM3_3656400e,LSTM3,loso_subject_S008,19,0.012003835604694866,,0.07901948492599013,,0.001
LSTM3_3656400e,LSTM3,loso_subject_S008,20,0.012208412636896508,,0.08031766825074317,,0.001
LSTM3_3656400e,LSTM3,loso_subject_S008,21,0.011088511714111739,,0.07700470911076406,,0.001
LSTM3_3656400e,LSTM3,loso_subject_S008,22,0.010919177878723048,,0.07557330031322954,,0.001
LSTM3_3656400e,LSTM3,loso_subject_S008,23,0.010502751857954884,,0.07507590252281035,,0.001
LSTM3_3656400e,LSTM3,loso_subject_S008,24,0.012347719114548808,,0.080373897998525,,0.001
LSTM3_3656400e,LSTM3,loso_subject_S008,25,0.010366956559478637,,0.07452489967614212,,0.001
LSTM3_3656400e,LSTM3,loso_subject_S008,26,0.010689137066220678,,0.07413291374708982,,0.001
LSTM3_3656400e,LSTM3,loso_subject_S008,27,0.010807798839105456,,0.07634992714096235,,0.001
LSTM3_3656400e,LSTM3,loso_subject_S008,28,0.010588823928428977,,0.07322124351991104,,0.001
LSTM3_3656400e,LSTM3,loso_subject_S008,29,0.011446353270353487,,0.07728071884220879,,0.001
LSTM3_3656400e,LSTM3,loso_subject_S008,30,0.010266151712494809,,0.07425713846147461,,0.001
LSTM3_3656400e,LSTM3,loso_subject_S008,31,0.009948196324126033,,0.07296425063938103,,0.001
LSTM3_3656400e,LSTM3,loso_subject_S008,32,0.011792836834820325,,0.0774142886788253,,0.001
LSTM3_3656400e,LSTM3,loso_subject_S008,33,0.010363762089170066,,0.07304882861623828,,0.001
LSTM3_3656400e,LSTM3,loso_subject_S008,34,0.010042388140655204,,0.0717436058549273,,0.001
LSTM3_3656400e,LSTM3,loso_subject_S008,35,0.01039675846670898,,0.07302295911432112,,0.001
LSTM3_3656400e,LSTM3,loso_subject_S008,36,0.009459920538551856,,0.07008276869986681,,0.001
LSTM3_3656400e,LSTM3,loso_subject_S008,37,0.01071683947146939,,0.07580677481505695,,0.001
LSTM3_3656400e,LSTM3,loso_subject_S008,38,0.010693039798721571,,0.0749413086143916,,0.001
LSTM3_3656400e,LSTM3,loso_subject_S008,39,0.010430439575856564,,0.07390206622797371,,0.001
LSTM3_3656400e,LSTM3,loso_subject_S008,40,0.010043728533357181,,0.0722442981120724,,0.001
LSTM3_3656400e,LSTM3,loso_subject_S008,41,0.010228470349246824,,0.07168749453537417,,0.001
LSTM3_3656400e,LSTM3,loso_subject_S008,42,0.010024557512678556,,0.07182928792382247,,0.001
LSTM3_3656400e,LSTM3,loso_subject_S008,43,0.010813757867596094,,0.07315425566778887,,0.001
LSTM3_3656400e,LSTM3,loso_subject_S008,44,0.010730448825247336,,0.07342772267408819,,0.001
LSTM3_3656400e,LSTM3,loso_subject_S008,45,0.010717894832834902,,0.0746151841826887,,0.001
LSTM3_3656400e,LSTM3,loso_subject_S008,46,0.010837267426611393,,0.07529734940636879,,0.001
LSTM3_3656400e,LSTM3,loso_subject_S008,47,0.01019544355621274,,0.07175476816276576,,0.001
LSTM3_3656400e,LSTM3,loso_subject_S008,48,0.00977433249154347,,0.07167284876708216,,0.001
LSTM3_3656400e,LSTM3,loso_subject_S008,49,0.009619711613495077,,0.07092957070809883,,0.001
LSTM3_3656400e,LSTM3,loso_subject_S008,50,0.010909408767951415,,0.0748931015637897,,0.001
LSTM3_3656400e,LSTM3,loso_subject_S008,51,0.010698671939739045,,0.07440241106204538,,0.001
LSTM3_3656400e,LSTM3,loso_subject_S008,52,0.009839476747250797,,0.07111322734979975,,0.001
LSTM3_3656400e,LSTM3,loso_subject_S008,53,0.00910807187525218,,0.06932904588496125,,0.001
LSTM3_3656400e,LSTM3,loso_subject_S008,54,0.009498643510593664,,0.0694696289420928,,0.001
LSTM3_3656400e,LSTM3,loso_subject_S008,55,0.009662848499622321,,0.07135603121263069,,0.001
LSTM3_3656400e,LSTM3,loso_subject_S008,56,0.009550523660927011,,0.07078247484144748,,0.001
LSTM3_3656400e,LSTM3,loso_subject_S008,57,0.009547666822053841,,0.06986335569180098,,0.001
LSTM3_3656400e,LSTM3,loso_subject_S008,58,0.00938142292676556,,0.07006503916026761,,0.001
LSTM3_3656400e,LSTM3,loso_subject_S008,59,0.009704129068218421,,0.07012410531308028,,0.001
LSTM3_3656400e,LSTM3,loso_subject_S008,60,0.008724728857460838,,0.06693310191567312,,0.001
LSTM3_3656400e,LSTM3,loso_subject_S008,61,0.010354415373939196,,0.0717106448943983,,0.001
LSTM3_3656400e,LSTM3,loso_subject_S008,62,0.009658918135093163,,0.06987173150849822,,0.001
LSTM3_3656400e,LSTM3,loso_subject_S008,63,0.01030076419722114,,0.07193259124387831,,0.001
LSTM3_3656400e,LSTM3,loso_subject_S008,64,0.010154647783019999,,0.07196079054434827,,0.001
LSTM3_3656400e,LSTM3,loso_subject_S008,65,0.009818816144494402,,0.07174597787177003,,0.001
LSTM3_3656400e,LSTM3,loso_subject_S008,66,0.010007609244211008,,0.07063984512282698,,0.001
LSTM3_3656400e,LSTM3,loso_subject_S008,67,0.008907086031648937,,0.06675995323281961,,0.001
LSTM3_3656400e,LSTM3,loso_subject_S008,68,0.009332119616736101,,0.06876824154149766,,0.001
LSTM3_3656400e,LSTM3,loso_subject_S008,69,0.009131157343094581,,0.0687311735149198,,0.001
LSTM3_3656400e,LSTM3,loso_subject_S008,70,0.010134570462091657,,0.07145743225544891,,0.001
LSTM3_3656400e,LSTM3,loso_subject_S008,71,0.009456447187136084,,0.0694987287197337,,0.001
LSTM3_3656400e,LSTM3,loso_subject_S008,72,0.00920567886416344,,0.06838064138121253,,0.001
LSTM3_3656400e,LSTM3,loso_subject_S008,73,0.009250818738501344,,0.0688439056737311,,0.001
LSTM3_3656400e,LSTM3,loso_subject_S008,74,0.009439540184384225,,0.06896738138374867,,0.001
LSTM3_3656400e,LSTM3,loso_subject_S008,75,0.009740757230144219,,0.07059904315527654,,0.001
LSTM3_3656400e,LSTM3,loso_subject_S008,76,0.009641485419749414,,0.07035633356379183,,0.001
LSTM3_3656400e,LSTM3,loso_subject_S008,77,0.009228291648046283,,0.06832379346725925,,0.001
LSTM3_3656400e,LSTM3,loso_subject_S008,78,0.00940785704743142,,0.06862898707989878,,0.001
LSTM3_3656400e,LSTM3,loso_subject_S008,79,0.0099376519844436,,0.07046730817964413,,0.001
LSTM3_3656400e,LSTM3,loso_subject_S008,80,0.009544660447027859,,0.06907077909916039,,0.001
LSTM3_3656400e,LSTM3,loso_subject_S009,1,0.252604024798635,,0.3542576277330539,,0.001
LSTM3_3656400e,LSTM3,loso_subject_S009,2,0.04246698467483843,,0.15262043033812525,,0.001
LSTM3_3656400e,LSTM3,loso_subject_S009,3,0.028471986628998983,,0.12483511276333534,,0.001
LSTM3_3656400e,LSTM3,loso_subject_S009,4,0.022895458752237013,,0.11069214347623972,,0.001
LSTM3_3656400e,LSTM3,loso_subject_S009,5,0.019238411767276455,,0.10336786857270219,,0.001
LSTM3_3656400e,LSTM3,loso_subject_S009,6,0.019327735802532935,,0.1028964752058781,,0.001
LSTM3_3656400e,LSTM3,loso_subject_S009,7,0.017615431135784464,,0.09896473091759442,,0.001
LSTM3_3656400e,LSTM3,loso_subject_S009,8,0.01693025170120115,,0.09719934115891905,,0.001
LSTM3_3656400e,LSTM3,loso_subject_S009,9,0.01521804592667164,,0.09233398583928575,,0.001
LSTM3_3656400e,LSTM3,loso_subject_S009,10,0.014134132031496358,,0.08755412782693525,,0.001
LSTM3_3656400e,LSTM3,loso_subject_S009,11,0.013828946547183116,,0.08752355943496135,,0.001
LSTM3_3656400e,LSTM3,loso_subject_S009,12,0.01366097114834131,,0.08622962309025878,,0.001
LSTM3_3656400e,LSTM3,loso_subject_S009,13,0.012747369545720186,,0.08354951029484094,,0.001
LSTM3_3656400e,LSTM3,loso_subject_S009,14,0.012880779259196904,,0.0837220707169884,,0.001
LSTM3_3656400e,LSTM3,loso_subject_S009,15,0.013136774517752444,,0.08474328810347519,,0.001
LSTM3_3656400e,LSTM3,loso_subject_S009,16,0.012141486286585576,,0.08060122864401859,,0.001
LSTM3_3656400e,LSTM3,loso_subject_S009,17,0.013118324572663478,,0.0838826810620867,,0.001
LSTM3_3656400e,LSTM3,loso_subject_S009,18,0.011864333155237584,,0.0809728115242325,,0.001
LSTM3_3656400e,LSTM3,loso_subject_S009,19,0.010874508147247816,,0.07652401102854468,,0.001
LSTM3_3656400e,LSTM3,loso_subject_S009,20,0.011088008701252934,,0.07785929232395383,,0.001
LSTM3_3656400e,LSTM3,loso_subject_S009,21,0.011051620928659023,,0.07658700757607305,,0.001
LSTM3_3656400e,LSTM3,loso_subject_S009,22,0.010955500885427134,,0.07743340924818362,,0.001
LSTM3_3656400e,LSTM3,loso_subject_S009,23,0.010427110106479159,,0.0744516420098454,,0.001
LSTM3_3656400e,LSTM3,loso_subject_S009,24,0.011001221860490865,,0.07715333673418093,,0.001
LSTM3_3656400e,LSTM3,loso_subject_S009,25,0.01117208569450079,,0.07728861330559254,,0.001
LSTM3_3656400e,LSTM3,loso_subject_S009,26,0.01032712784921049,,0.0751042615079209,,0.001
LSTM3_3656400e,LSTM3,loso_subject_S009,27,0.011152945381344957,,0.07777128942600872,,0.001
LSTM3_3656400e,LSTM3,loso_subject_S009,28,0.01073654349094072,,0.07533513949392667,,0.001
LSTM3_3656400e,LSTM3,loso_subject_S009,29,0.01022623471400173,,0.0740813694600017,,0.001
LSTM3_3656400e,LSTM3,loso_subject_S009,30,0.010771048139610322,,0.07560178224324468,,0.001
LSTM3_3656400e,LSTM3,loso_subject_S009,31,0.010574256368754227,,0.0762072216976634,,0.001
LSTM3_3656400e,LSTM3,loso_subject_S009,32,0.009792612644050585,,0.07226773591314604,,0.001
LSTM3_3656400e,LSTM3,loso_subject_S009,33,0.010807921729783936,,0.07476774782458975,,0.001
LSTM3_3656400e,LSTM3,loso_subject_S009,34,0.009567557479715137,,0.07208751835210583,,0.001
LSTM3_3656400e,LSTM3,loso_subject_S009,35,0.009573489682694395,,0.07090031001616283,,0.001
LSTM3_3656400e,LSTM3,loso_subject_S009,36,0.010368167961947354,,0.0731864938532029,,0.001
LSTM3_3656400e,LSTM3,loso_subject_S009,37,0.010047266792011603,,0.07293907950575902,,0.001
LSTM3_3656400e,LSTM3,loso_subject_S009,38,0.010467870784200925,,0.07501013308941352,,0.001
LSTM3_3656400e,LSTM3,loso_subject_S009,39,0.010379420950136492,,0.07370632072382943,,0.001
LSTM3_3656400e,LSTM3,loso_subject_S009,40,0.009936749256308884,,0.07201527030283703,,0.001
LSTM3_3656400e,LSTM3,loso_subject_S009,41,0.01012549808333038,,0.07236863269186657,,0.001
LSTM3_3656400e,LSTM3,loso_subject_S009,42,0.009854709615750419,,0.07161519176989124,,0.001
LSTM3_3656400e,LSTM3,loso_subject_S009,43,0.009762099332965617,,0.07071328115297265,,0.001
LSTM3_3656400e,LSTM3,loso_subject_S009,44,0.009342760224775025,,0.06984929312533972,,0.001
LSTM3_3656400e,LSTM3,loso_subject_S009,45,0.009360251105177441,,0.06936126260145647,,0.001
LSTM3_3656400e,LSTM3,loso_subject_S009,46,0.0096792874904892,,0.07151967209149031,,0.001
LSTM3_3656400e,LSTM3,loso_subject_S009,47,0.00998283862754275,,0.07125579560682088,,0.001
LSTM3_3656400e,LSTM3,loso_subject_S009,48,0.009801554638107973,,0.07038952591668886,,0.001
LSTM3_3656400e,LSTM3,loso_subject_S009,49,0.00924144170831113,,0.06931496093340238,,0.001
LSTM3_3656400e,LSTM3,loso_subject_S009,50,0.009951810410728455,,0.07214705500795138,,0.001
LSTM3_3656400e,LSTM3,loso_subject_S009,51,0.008890806699426261,,0.06837808775669744,,0.001
LSTM3_3656400e,LSTM3,loso_subject_S009,52,0.008760607318381554,,0.06887265808221867,,0.001
LSTM3_3656400e,LSTM3,loso_subject_S009,53,0.00952981218391816,,0.07034907192965738,,0.001
LSTM3_3656400e,LSTM3,loso_subject_S009,54,0.009741702320281247,,0.06986629303823177,,0.001
LSTM3_3656400e,LSTM3,loso_subject_S009,55,0.00966766270808611,,0.06966016246373764,,0.001
LSTM3_3656400e,LSTM3,loso_subject_S009,56,0.009509414029907109,,0.07074728080726002,,0.001
LSTM3_3656400e,LSTM3,loso_subject_S009,57,0.010719366985632297,,0.07457072262814451,,0.001
LSTM3_3656400e,LSTM3,loso_subject_S009,58,0.009518076917122172,,0.07018710351457783,,0.001
LSTM3_3656400e,LSTM3,loso_subject_S009,59,0.008866197506082807,,0.06815317848395068,,0.001
LSTM3_3656400e,LSTM3,loso_subject_S009,60,0.008822226009227633,,0.06703739541096591,,0.001
LSTM3_3656400e,LSTM3,loso_subject_S009,61,0.009296325117965742,,0.0694010866746099,,0.001
LSTM3_3656400e,LSTM3,loso_subject_S009,62,0.009528003828867352,,0.07134053469102265,,0.001
LSTM3_3656400e,LSTM3,loso_subject_S009,63,0.009155272413548013,,0.07000514064815173,,0.001
LSTM3_3656400e,LSTM3,loso_subject_S009,64,0.009037745267239593,,0.06785639800379038,,0.001
LSTM3_3656400e,LSTM3,loso_subject_S009,65,0.010124198679260975,,0.07192084460425831,,0.001
LSTM3_3656400e,LSTM3,loso_subject_S009,66,0.008806750058712828,,0.06808809167910584,,0.001
LSTM3_3656400e,LSTM3,loso_subject_S009,67,0.009230544203222772,,0.0684621684437416,,0.001
LSTM3_3656400e,LSTM3,loso_subject_S009,68,0.009410681278169849,,0.07036849351837474,,0.001
LSTM3_3656400e,LSTM3,loso_subject_S009,69,0.009174842249023013,,0.06987384963557272,,0.001
LSTM3_3656400e,LSTM3,loso_subject_S009,70,0.008908194883452089,,0.06804034584547247,,0.001
LSTM3_3656400e,LSTM3,loso_subject_S009,71,0.009512652250805526,,0.07057413598032931,,0.001
LSTM3_3656400e,LSTM3,loso_subject_S009,72,0.009073399462130817,,0.06768468531755333,,0.001
LSTM3_3656400e,LSTM3,loso_subject_S009,73,0.008804058127579499,,0.06746468622090296,,0.001
LSTM3_3656400e,LSTM3,loso_subject_S009,74,0.009089112467322797,,0.06887493948217954,,0.001
LSTM3_3656400e,LSTM3,loso_subject_S009,75,0.009284586220361456,,0.06874731589139406,,0.001
LSTM3_3656400e,LSTM3,loso_subject_S009,76,0.00923195252055792,,0.06880946226183005,,0.001
LSTM3_3656400e,LSTM3,loso_subject_S009,77,0.009281566929740132,,0.0701209857920145,,0.001
LSTM3_3656400e,LSTM3,loso_subject_S009,78,0.0095460272213361,,0.07063712049873758,,0.001
LSTM3_3656400e,LSTM3,loso_subject_S009,79,0.008589825393649522,,0.06574070811457985,,0.001
LSTM3_3656400e,LSTM3,loso_subject_S009,80,0.009580423851407753,,0.07007772830331079,,0.001
LSTM3_3656400e,LSTM3,loso_subject_S010,1,0.2751693463903942,,0.3596437419768627,,0.001
LSTM3_3656400e,LSTM3,loso_subject_S010,2,0.04281785061842278,,0.15035193266161048,,0.001
LSTM3_3656400e,LSTM3,loso_subject_S010,3,0.029277700438844,,0.12569061422356406,,0.001
LSTM3_3656400e,LSTM3,loso_subject_S010,4,0.02424965009313344,,0.11497452237057787,,0.001
LSTM3_3656400e,LSTM3,loso_subject_S010,5,0.02085697778386657,,0.10711194171809948,,0.001
LSTM3_3656400e,LSTM3,loso_subject_S010,6,0.018331380707176426,,0.10012288636170359,,0.001
LSTM3_3656400e,LSTM3,loso_subject_S010,7,0.01717409639607502,,0.09729579490113023,,0.001
LSTM3_3656400e,LSTM3,loso_subject_S010,8,0.0167264457351925,,0.09489276427592239,,0.001
LSTM3_3656400e,LSTM3,loso_subject_S010,9,0.014838195665780082,,0.09058471108287698,,0.001
LSTM3_3656400e,LSTM3,loso_subject_S010,10,0.014927426137753178,,0.0913768900073698,,0.001
LSTM3_3656400e,LSTM3,loso_subject_S010,11,0.014033392358848986,,0.08896169847115853,,0.001
LSTM3_3656400e,LSTM3,loso_subject_S010,12,0.013352903862170739,,0.08507509887553803,,0.001
LSTM3_3656400e,LSTM3,loso_subject_S010,13,0.012880627425327248,,0.08400792999274284,,0.001
LSTM3_3656400e,LSTM3,loso_subject_S010,14,0.012425378278034062,,0.08151059117372529,,0.001
LSTM3_3656400e,LSTM3,loso_subject_S010,15,0.01325396457018983,,0.08265783911893136,,0.001
LSTM3_3656400e,LSTM3,loso_subject_S010,16,0.011396414452034629,,0.07919861126884965,,0.001
LSTM3_3656400e,LSTM3,loso_subject_S010,17,0.011530234808896036,,0.07842330835581496,,0.001
LSTM3_3656400e,LSTM3,loso_subject_S010,18,0.012207563309478357,,0.07973918485993574,,0.001
LSTM3_3656400e,LSTM3,loso_subject_S010,19,0.01185770788624275,,0.07861705683538514,,0.001
LSTM3_3656400e,LSTM3,loso_subject_S010,20,0.011822397524357346,,0.07829212773743226,,0.001
LSTM3_3656400e,LSTM3,loso_subject_S010,21,0.011903575792353282,,0.07756648399407351,,0.001
LSTM3_3656400e,LSTM3,loso_subject_S010,22,0.01171918251773057,,0.07782753322655978,,0.001
LSTM3_3656400e,LSTM3,loso_subject_S010,23,0.011381264578461982,,0.07814606824672339,,0.001
LSTM3_3656400e,LSTM3,loso_subject_S010,24,0.01075696144279213,,0.07477328816085593,,0.001
LSTM3_3656400e,LSTM3,loso_subject_S010,25,0.01119940152991715,,0.07594106787325797,,0.001
LSTM3_3656400e,LSTM3,loso_subject_S010,26,0.011122880118955372,,0.07552982956254868,,0.001
LSTM3_3656400e,LSTM3,loso_subject_S010,27,0.011223149422488048,,0.07515498344405291,,0.001
LSTM3_3656400e,LSTM3,loso_subject_S010,28,0.010440820242303165,,0.07387948836581114,,0.001
LSTM3_3656400e,LSTM3,loso_subject_S010,29,0.010444867769426517,,0.0742802468239842,,0.001
LSTM3_3656400e,LSTM3,loso_subject_S010,30,0.01000299068985169,,0.07252510053782858,,0.001
LSTM3_3656400e,LSTM3,loso_subject_S010,31,0.01068201222720277,,0.07534186696914011,,0.001
LSTM3_3656400e,LSTM3,loso_subject_S010,32,0.012206220056379604,,0.07836429638429197,,0.001
LSTM3_3656400e,LSTM3,loso_subject_S010,33,0.010843436558548827,,0.07520437102696731,,0.001
LSTM3_3656400e,LSTM3,loso_subject_S010,34,0.010206412902277398,,0.07234568571155751,,0.001
LSTM3_3656400e,LSTM3,loso_subject_S010,35,0.01028186066335515,,0.07254904835116846,,0.001
LSTM3_3656400e,LSTM3,loso_subject_S010,36,0.010263801649810141,,0.07289488650282057,,0.001
LSTM3_3656400e,LSTM3,loso_subject_S010,37,0.009922263911714366,,0.07146996782592245,,0.001
LSTM3_3656400e,LSTM3,loso_subject_S010,38,0.010066888947694782,,0.07217231135286192,,0.001
LSTM3_3656400e,LSTM3,loso_subject_S010,39,0.00967331278974874,,0.07122878313232239,,0.001
LSTM3_3656400e,LSTM3,loso_subject_S010,40,0.010963523593297655,,0.07533699269242763,,0.001
LSTM3_3656400e,LSTM3,loso_subject_S010,41,0.009742574858755586,,0.07114770787384272,,0.001
LSTM3_3656400e,LSTM3,loso_subject_S010,42,0.009646647516507054,,0.07172405210057727,,0.001
LSTM3_3656400e,LSTM3,loso_subject_S010,43,0.010571782643554415,,0.07299405985659856,,0.001
LSTM3_3656400e,LSTM3,loso_subject_S010,44,0.009728532448887783,,0.07085825987841342,,0.001
LSTM3_3656400e,LSTM3,loso_subject_S010,45,0.010721782732980245,,0.07330196044406476,,0.001
LSTM3_3656400e,LSTM3,loso_subject_S010,46,0.010050038439935563,,0.07265871977001302,,0.001
LSTM3_3656400e,LSTM3,loso_subject_S010,47,0.01067745809229785,,0.07544898936307548,,0.001
LSTM3_3656400e,LSTM3,loso_subject_S010,48,0.009991148763641442,,0.07069321465265901,,0.001
LSTM3_3656400e,LSTM3,loso_subject_S010,49,0.009988617215766644,,0.07180096120501538,,0.001
LSTM3_3656400e,LSTM3,loso_subject_S010,50,0.009557963760357491,,0.0701135914463618,,0.001
LSTM3_3656400e,LSTM3,loso_subject_S010,51,0.010448479445444213,,0.07192667122254391,,0.001
LSTM3_3656400e,LSTM3,loso_subject_S010,52,0.00996936075860941,,0.0701424966465404,,0.001
LSTM3_3656400e,LSTM3,loso_subject_S010,53,0.010254087872048722,,0.07350047356678296,,0.001
LSTM3_3656400e,LSTM3,loso_subject_S010,54,0.010298900979239646,,0.0723782826031646,,0.001
LSTM3_3656400e,LSTM3,loso_subject_S010,55,0.009823171294041491,,0.07066443689722887,,0.001
LSTM3_3656400e,LSTM3,loso_subject_S010,56,0.009672506532530954,,0.06999804127736098,,0.001
LSTM3_3656400e,LSTM3,loso_subject_S010,57,0.009577778700225673,,0.06928872692434093,,0.001
LSTM3_3656400e,LSTM3,loso_subject_S010,58,0.010154686741132693,,0.07129758256271419,,0.001
LSTM3_3656400e,LSTM3,loso_subject_S010,59,0.00885897972287005,,0.06720826535704434,,0.001
LSTM3_3656400e,LSTM3,loso_subject_S010,60,0.008885333866389199,,0.06688936529510803,,0.001
LSTM3_3656400e,LSTM3,loso_subject_S010,61,0.009108058150475202,,0.06872213344533736,,0.001
LSTM3_3656400e,LSTM3,loso_subject_S010,62,0.00955094184658363,,0.06897919787049461,,0.001
LSTM3_3656400e,LSTM3,loso_subject_S010,63,0.00965164826734911,,0.06995050729830053,,0.001
LSTM3_3656400e,LSTM3,loso_subject_S010,64,0.009141505375483536,,0.068223320220174,,0.001
LSTM3_3656400e,LSTM3,loso_subject_S010,65,0.009211077992496527,,0.06811404817759907,,0.001
LSTM3_3656400e,LSTM3,loso_subject_S010,66,0.009590845181228155,,0.06941541511822183,,0.001
LSTM3_3656400e,LSTM3,loso_subject_S010,67,0.009120778425605824,,0.0688191847207677,,0.001
LSTM3_3656400e,LSTM3,loso_subject_S010,68,0.00919870284088637,,0.06938102483833222,,0.001
LSTM3_3656400e,LSTM3,loso_subject_S010,69,0.01001113782363057,,0.07158521285539941,,0.001
LSTM3_3656400e,LSTM3,loso_subject_S010,70,0.009531651926652625,,0.06891248585805611,,0.001
LSTM3_3656400e,LSTM3,loso_subject_S010,71,0.008682257821979905,,0.065974703904781,,0.001
LSTM3_3656400e,LSTM3,loso_subject_S010,72,0.009201572408818453,,0.0684253140026507,,0.001
LSTM3_3656400e,LSTM3,loso_subject_S010,73,0.008570991917323379,,0.06598019011622575,,0.001
LSTM3_3656400e,LSTM3,loso_subject_S010,74,0.00868607302302424,,0.06595497541286774,,0.001
LSTM3_3656400e,LSTM3,loso_subject_S010,75,0.008846709334701509,,0.0673919535743704,,0.001
LSTM3_3656400e,LSTM3,loso_subject_S010,76,0.009764142281280204,,0.06957277393626093,,0.001
LSTM3_3656400e,LSTM3,loso_subject_S010,77,0.009229817412893186,,0.06854798563044785,,0.001
LSTM3_3656400e,LSTM3,loso_subject_S010,78,0.009217234739035619,,0.06828237869652347,,0.001
LSTM3_3656400e,LSTM3,loso_subject_S010,79,0.008613853202412316,,0.06583738251158289,,0.001
LSTM3_3656400e,LSTM3,loso_subject_S010,80,0.00923366331522852,,0.06745793183875151,,0.001
LSTM3_3656400e,LSTM3,loso_subject_S011,1,0.305428908058197,,0.3948110066927396,,0.001
LSTM3_3656400e,LSTM3,loso_subject_S011,2,0.039897530447623064,,0.14820589552979557,,0.001
LSTM3_3656400e,LSTM3,loso_subject_S011,3,0.029245963279775394,,0.12686333581724507,,0.001
LSTM3_3656400e,LSTM3,loso_subject_S011,4,0.023098673328418258,,0.11362528324708392,,0.001
LSTM3_3656400e,LSTM3,loso_subject_S011,5,0.019948612174114064,,0.10498993817963037,,0.001
LSTM3_3656400e,LSTM3,loso_subject_S011,6,0.019009858998444783,,0.10388182776042726,,0.001
LSTM3_3656400e,LSTM3,loso_subject_S011,7,0.01694710387819056,,0.09598152725306518,,0.001
LSTM3_3656400e,LSTM3,loso_subject_S011,8,0.015513152969781136,,0.09365949803158108,,0.001
LSTM3_3656400e,LSTM3,loso_subject_S011,9,0.01483121559019821,,0.0899736463119511,,0.001
LSTM3_3656400e,LSTM3,loso_subject_S011,10,0.014851995688315203,,0.08973828796801821,,0.001
LSTM3_3656400e,LSTM3,loso_subject_S011,11,0.014263702382939995,,0.08954587255080886,,0.001
LSTM3_3656400e,LSTM3,loso_subject_S011,12,0.013693725650893971,,0.08739331794069234,,0.001
LSTM3_3656400e,LSTM3,loso_subject_S011,13,0.012657930844444236,,0.08242225498445373,,0.001
LSTM3_3656400e,LSTM3,loso_subject_S011,14,0.012789067987832902,,0.08369050585016011,,0.001
LSTM3_3656400e,LSTM3,loso_subject_S011,15,0.012955294974463087,,0.08382804418146159,,0.001
LSTM3_3656400e,LSTM3,loso_subject_S011,16,0.01225062931321747,,0.08144999071067746,,0.001
LSTM3_3656400e,LSTM3,loso_subject_S011,17,0.012645629773426998,,0.08228101105079104,,0.001
LSTM3_3656400e,LSTM3,loso_subject_S011,18,0.012141235574337281,,0.07974292810517944,,0.001
LSTM3_3656400e,LSTM3,loso_subject_S011,19,0.011876140348815066,,0.08000853405871862,,0.001
LSTM3_3656400e,LSTM3,loso_subject_S011,20,0.011810228818843901,,0.07968010354629705,,0.001
LSTM3_3656400e,LSTM3,loso_subject_S011,21,0.011053983297679303,,0.0771584223919545,,0.001
LSTM3_3656400e,LSTM3,loso_subject_S011,22,0.012303448428489664,,0.08008627143092172,,0.001
LSTM3_3656400e,LSTM3,loso_subject_S011,23,0.011292924803811834,,0.07749765463181461,,0.001
LSTM3_3656400e,LSTM3,loso_subject_S011,24,0.010928769698840761,,0.07557512077937793,,0.001
LSTM3_3656400e,LSTM3,loso_subject_S011,25,0.011132778968149444,,0.07671567402933427,,0.001
LSTM3_3656400e,LSTM3,loso_subject_S011,26,0.011203423871952367,,0.07562387260010028,,0.001
LSTM3_3656400e,LSTM3,loso_subject_S011,27,0.01092046448095164,,0.07555879368361001,,0.001
LSTM3_3656400e,LSTM3,loso_subject_S011,28,0.011087516180460593,,0.07647825211674007,,0.001
LSTM3_3656400e,LSTM3,loso_subject_S011,29,0.010395400891058301,,0.07514285326068605,,0.001
LSTM3_3656400e,LSTM3,loso_subject_S011,30,0.011812777905235569,,0.07906033691192371,,0.001
LSTM3_3656400e,LSTM3,loso_subject_S011,31,0.011110381839266157,,0.07662465968214678,,0.001
LSTM3_3656400e,LSTM3,loso_subject_S011,32,0.010387487257482687,,0.07393903320782363,,0.001
LSTM3_3656400e,LSTM3,loso_subject_S011,33,0.009891433413276692,,0.07249103283927345,,0.001
LSTM3_3656400e,LSTM3,loso_subject_S011,34,0.010173023494721298,,0.07324704653780226,,0.001
LSTM3_3656400e,LSTM3,loso_subject_S011,35,0.011459679629367132,,0.07722849857348663,,0.001
LSTM3_3656400e,LSTM3,loso_subject_S011,36,0.00977907859733407,,0.0721176884915046,,0.001
LSTM3_3656400e,LSTM3,loso_subject_S011,37,0.009806430459684438,,0.07115116658119056,,0.001
LSTM3_3656400e,LSTM3,loso_subject_S011,38,0.010031464854749737,,0.0728314787730623,,0.001
LSTM3_3656400e,LSTM3,loso_subject_S011,39,0.009366398885087357,,0.06960215141042211,,0.001
LSTM3_3656400e,LSTM3,loso_subject_S011,40,0.0096344303174241,,0.07050755689423108,,0.001
LSTM3_3656400e,LSTM3,loso_subject_S011,41,0.011359228444803316,,0.07591081088568252,,0.001
LSTM3_3656400e,LSTM3,loso_subject_S011,42,0.010681925886356042,,0.07454230198848545,,0.001
LSTM3_3656400e,LSTM3,loso_subject_S011,43,0.010317400185631452,,0.07343840523989204,,0.001
LSTM3_3656400e,LSTM3,loso_subject_S011,44,0.010387249636026916,,0.07163156995212787,,0.001
LSTM3_3656400e,LSTM3,loso_subject_S011,45,0.009405032863269358,,0.07021993830525604,,0.001
LSTM3_3656400e,LSTM3,loso_subject_S011,46,0.009955146331299713,,0.07203938673983933,,0.001
LSTM3_3656400e,LSTM3,loso_subject_S011,47,0.009828665462763474,,0.06959746302966177,,0.001
LSTM3_3656400e,LSTM3,loso_subject_S011,48,0.010339240024909619,,0.07239085816872082,,0.001
LSTM3_3656400e,LSTM3,loso_subject_S011,49,0.009818000114550118,,0.06996708719275754,,0.001
LSTM3_3656400e,LSTM3,loso_subject_S011,50,0.010098061018814115,,0.07224634338174327,,0.001
LSTM3_3656400e,LSTM3,loso_subject_S011,51,0.009285635261403908,,0.06915359588931208,,0.001
LSTM3_3656400e,LSTM3,loso_subject_S011,52,0.011160621300484997,,0.07673807229891112,,0.001
LSTM3_3656400e,LSTM3,loso_subject_S011,53,0.01046321146343537,,0.0727953628302912,,0.001
LSTM3_3656400e,LSTM3,loso_subject_S011,54,0.010544859684140038,,0.07343623836404711,,0.001
LSTM3_3656400e,LSTM3,loso_subject_S011,55,0.01000004241551764,,0.07238895337895479,,0.001
LSTM3_3656400e,LSTM3,loso_subject_S011,56,0.010083234861880574,,0.07239040755792919,,0.001
LSTM3_3656400e,LSTM3,loso_subject_S011,57,0.010184858007435228,,0.07081837122321516,,0.001
LSTM3_3656400e,LSTM3,loso_subject_S011,58,0.009869200562935157,,0.07085907487511506,,0.001
LSTM3_3656400e,LSTM3,loso_subject_S011,59,0.00978000278161881,,0.07060305949377213,,0.001
LSTM3_3656400e,LSTM3,loso_subject_S011,60,0.01027741818159076,,0.07178555737337337,,0.001
LSTM3_3656400e,LSTM3,loso_subject_S011,61,0.010230559253820973,,0.07251480413057951,,0.001
LSTM3_3656400e,LSTM3,loso_subject_S011,62,0.009613951043561827,,0.07048116325686321,,0.001
LSTM3_3656400e,LSTM3,loso_subject_S011,63,0.009384623700440058,,0.06953610564589113,,0.001
LSTM3_3656400e,LSTM3,loso_subject_S011,64,0.009386368640743898,,0.0696587798993869,,0.001
LSTM3_3656400e,LSTM3,loso_subject_S011,65,0.009866021696643607,,0.07088603209280374,,0.001
LSTM3_3656400e,LSTM3,loso_subject_S011,66,0.009557716686678153,,0.06996871422035851,,0.001
LSTM3_3656400e,LSTM3,loso_subject_S011,67,0.009285315571056189,,0.06910883537609683,,0.001
LSTM3_3656400e,LSTM3,loso_subject_S011,68,0.009005929157743281,,0.06820741579146453,,0.001
LSTM3_3656400e,LSTM3,loso_subject_S011,69,0.010050309565673024,,0.07195341947891085,,0.001
LSTM3_3656400e,LSTM3,loso_subject_S011,70,0.009485386593019103,,0.06944917712283935,,0.001
LSTM3_3656400e,LSTM3,loso_subject_S011,71,0.00917711265270123,,0.06774389486303825,,0.001
LSTM3_3656400e,LSTM3,loso_subject_S011,72,0.010154135931860393,,0.07174862507137421,,0.001
LSTM3_3656400e,LSTM3,loso_subject_S011,73,0.009567056703840343,,0.07034828245058607,,0.001
LSTM3_3656400e,LSTM3,loso_subject_S011,74,0.008798744304979449,,0.06798491982151861,,0.001
LSTM3_3656400e,LSTM3,loso_subject_S011,75,0.008129473090502772,,0.06516744556432168,,0.001
LSTM3_3656400e,LSTM3,loso_subject_S011,76,0.009943013723217202,,0.07029447527773848,,0.001
LSTM3_3656400e,LSTM3,loso_subject_S011,77,0.009668578759021452,,0.06999502416986686,,0.001
LSTM3_3656400e,LSTM3,loso_subject_S011,78,0.009728563752707461,,0.07062364479411849,,0.001
LSTM3_3656400e,LSTM3,loso_subject_S011,79,0.00909561009316797,,0.06883478994488329,,0.001
LSTM3_3656400e,LSTM3,loso_subject_S011,80,0.009124585149359696,,0.06796922935082104,,0.001
LSTM3_3656400e,LSTM3,loso_subject_S012,1,0.2827231942451206,,0.36974479874660227,,0.001
LSTM3_3656400e,LSTM3,loso_subject_S012,2,0.03842670669586494,,0.14362296911663022,,0.001
LSTM3_3656400e,LSTM3,loso_subject_S012,3,0.02875834440105948,,0.12261635668832681,,0.001
LSTM3_3656400e,LSTM3,loso_subject_S012,4,0.02268206856438312,,0.10988645730861302,,0.001
LSTM3_3656400e,LSTM3,loso_subject_S012,5,0.02056368790438463,,0.1059985613000804,,0.001
LSTM3_3656400e,LSTM3,loso_subject_S012,6,0.01800169055510698,,0.09956113942738237,,0.001
LSTM3_3656400e,LSTM3,loso_subject_S012,7,0.016006449863700003,,0.09374078851321647,,0.001
LSTM3_3656400e,LSTM3,loso_subject_S012,8,0.015008119416647944,,0.09042226407548477,,0.001
LSTM3_3656400e,LSTM3,loso_subject_S012,9,0.015378050152854672,,0.09302292263199544,,0.001
LSTM3_3656400e,LSTM3,loso_subject_S012,10,0.01467293335510225,,0.08802510695210819,,0.001
LSTM3_3656400e,LSTM3,loso_subject_S012,11,0.013394599186320758,,0.0856377608303366,,0.001
LSTM3_3656400e,LSTM3,loso_subject_S012,12,0.012978841863765285,,0.08365939262098279,,0.001
LSTM3_3656400e,LSTM3,loso_subject_S012,13,0.012559959873685548,,0.0822087927111264,,0.001
LSTM3_3656400e,LSTM3,loso_subject_S012,14,0.012612473139346674,,0.08225599432299877,,0.001
LSTM3_3656400e,LSTM3,loso_subject_S012,15,0.0119981548893426,,0.08077269805402591,,0.001
LSTM3_3656400e,LSTM3,loso_subject_S012,16,0.012606552593281558,,0.08193127791686304,,0.001
LSTM3_3656400e,LSTM3,loso_subject_S012,17,0.011763488881868022,,0.07800205186780157,,0.001
LSTM3_3656400e,LSTM3,loso_subject_S012,18,0.011165283853188157,,0.0764001352262908,,0.001
LSTM3_3656400e,LSTM3,loso_subject_S012,19,0.011258099701833623,,0.07837468578383841,,0.001
LSTM3_3656400e,LSTM3,loso_subject_S012,20,0.012543808765195567,,0.081199340843435,,0.001
LSTM3_3656400e,LSTM3,loso_subject_S012,21,0.011517021259100273,,0.0779859958666152,,0.001
LSTM3_3656400e,LSTM3,loso_subject_S012,22,0.011573293575503189,,0.0776376590004255,,0.001
LSTM3_3656400e,LSTM3,loso_subject_S012,23,0.011764295575819138,,0.07820718876760581,,0.001
LSTM3_3656400e,LSTM3,loso_subject_S012,24,0.010670562740415335,,0.07551542194239025,,0.001
LSTM3_3656400e,LSTM3,loso_subject_S012,25,0.01067667429592332,,0.07552563071507833,,0.001
LSTM3_3656400e,LSTM3,loso_subject_S012,26,0.011284156638229716,,0.07610156342130282,,0.001
LSTM3_3656400e,LSTM3,loso_subject_S012,27,0.01088272300067133,,0.07499224519164398,,0.001
LSTM3_3656400e,LSTM3,loso_subject_S012,28,0.010905990505526805,,0.07569587012303286,,0.001
LSTM3_3656400e,LSTM3,loso_subject_S012,29,0.0108384954951832,,0.07590252816163261,,0.001
LSTM3_3656400e,LSTM3,loso_subject_S012,30,0.011274644856116381,,0.07610999497360196,,0.001
LSTM3_3656400e,LSTM3,loso_subject_S012,31,0.010588482945579392,,0.07542099206355111,,0.001
LSTM3_3656400e,LSTM3,loso_subject_S012,32,0.010495551853793961,,0.07374114761578626,,0.001
LSTM3_3656400e,LSTM3,loso_subject_S012,33,0.010873468745307162,,0.07411978149722362,,0.001
LSTM3_3656400e,LSTM3,loso_subject_S012,34,0.010617592026768574,,0.07374284609124579,,0.001
LSTM3_3656400e,LSTM3,loso_subject_S012,35,0.010194356601428369,,0.0733646970756095,,0.001
LSTM3_3656400e,LSTM3,loso_subject_S012,36,0.010056833832942206,,0.07335529714052019,,0.001
LSTM3_3656400e,LSTM3,loso_subject_S012,37,0.011236978124762917,,0.07571661343862271,,0.001
LSTM3_3656400e,LSTM3,loso_subject_S012,38,0.009739512609767503,,0.07054800925583675,,0.001
LSTM3_3656400e,LSTM3,loso_subject_S012,39,0.009991065245764008,,0.07278980648723142,,0.001
LSTM3_3656400e,LSTM3,loso_subject_S012,40,0.009959186531667566,,0.07143444901910322,,0.001
LSTM3_3656400e,LSTM3,loso_subject_S012,41,0.010700062182250208,,0.0727731219396509,,0.001
LSTM3_3656400e,LSTM3,loso_subject_S012,42,0.009723175461564598,,0.06998220593507948,,0.001
LSTM3_3656400e,LSTM3,loso_subject_S012,43,0.009426840091252634,,0.06950743181695199,,0.001
LSTM3_3656400e,LSTM3,loso_subject_S012,44,0.010103176420169144,,0.07193174804079122,,0.001
LSTM3_3656400e,LSTM3,loso_subject_S012,45,0.010533768218010664,,0.07450320693696368,,0.001
LSTM3_3656400e,LSTM3,loso_subject_S012,46,0.009197837520583436,,0.0689616503900495,,0.001
LSTM3_3656400e,LSTM3,loso_subject_S012,47,0.01012422914359847,,0.07156596519052982,,0.001
LSTM3_3656400e,LSTM3,loso_subject_S012,48,0.009156160915655822,,0.06914643859811898,,0.001
LSTM3_3656400e,LSTM3,loso_subject_S012,49,0.009872246967178994,,0.07175063014287374,,0.001
LSTM3_3656400e,LSTM3,loso_subject_S012,50,0.0094901863164429,,0.07008044562976935,,0.001
LSTM3_3656400e,LSTM3,loso_subject_S012,51,0.009919559398409107,,0.07104629612174528,,0.001
LSTM3_3656400e,LSTM3,loso_subject_S012,52,0.009883612731535887,,0.0710065730943762,,0.001
LSTM3_3656400e,LSTM3,loso_subject_S012,53,0.009676947643787697,,0.0711245250342221,,0.001
LSTM3_3656400e,LSTM3,loso_subject_S012,54,0.009435518757151118,,0.0701545157694611,,0.001
LSTM3_3656400e,LSTM3,loso_subject_S012,55,0.009633780906683412,,0.06920796485039694,,0.001
LSTM3_3656400e,LSTM3,loso_subject_S012,56,0.009783601356220657,,0.07111094699337564,,0.001
LSTM3_3656400e,LSTM3,loso_subject_S012,57,0.008882110753771046,,0.06822748976791727,,0.001
LSTM3_3656400e,LSTM3,loso_subject_S012,58,0.009179732561561054,,0.06910485286137154,,0.001
LSTM3_3656400e,LSTM3,loso_subject_S012,59,0.009149227178944596,,0.06871080430674142,,0.001
LSTM3_3656400e,LSTM3,loso_subject_S012,60,0.009023663419266713,,0.06774184942759316,,0.001
LSTM3_3656400e,LSTM3,loso_subject_S012,61,0.00963720639942792,,0.07016377485003965,,0.001
LSTM3_3656400e,LSTM3,loso_subject_S012,62,0.009437764609425232,,0.07013032501884575,,0.001
LSTM3_3656400e,LSTM3,loso_subject_S012,63,0.00973263939296634,,0.07051063341827228,,0.001
LSTM3_3656400e,LSTM3,loso_subject_S012,64,0.009670985204264008,,0.06902390943262084,,0.001
LSTM3_3656400e,LSTM3,loso_subject_S012,65,0.009312590969533756,,0.06954242854282774,,0.001
LSTM3_3656400e,LSTM3,loso_subject_S012,66,0.009075573011269343,,0.06881664250174473,,0.001
LSTM3_3656400e,LSTM3,loso_subject_S012,67,0.009215843333894837,,0.06883394846628452,,0.001
LSTM3_3656400e,LSTM3,loso_subject_S012,68,0.008981599207517916,,0.06814274198279299,,0.001
LSTM3_3656400e,LSTM3,loso_subject_S012,69,0.00891455252462163,,0.0681407268576581,,0.001
LSTM3_3656400e,LSTM3,loso_subject_S012,70,0.00955257138462159,,0.06875926545210953,,0.001
LSTM3_3656400e,LSTM3,loso_subject_S012,71,0.009335382271493817,,0.0690826334316155,,0.001
LSTM3_3656400e,LSTM3,loso_subject_S012,72,0.00951375305684733,,0.07028667879258764,,0.001
LSTM3_3656400e,LSTM3,loso_subject_S012,73,0.00966551507309336,,0.07024808016059728,,0.001
LSTM3_3656400e,LSTM3,loso_subject_S012,74,0.009611723262110147,,0.0691899811399394,,0.001
LSTM3_3656400e,LSTM3,loso_subject_S012,75,0.009176743706559827,,0.06817954720865035,,0.001
LSTM3_3656400e,LSTM3,loso_subject_S012,76,0.00965310815432719,,0.06879942658646353,,0.001
LSTM3_3656400e,LSTM3,loso_subject_S012,77,0.008371366962694145,,0.06545750327922147,,0.001
LSTM3_3656400e,LSTM3,loso_subject_S012,78,0.00936703102920076,,0.06757004013092353,,0.001
LSTM3_3656400e,LSTM3,loso_subject_S012,79,0.009355751066950375,,0.06834635106397086,,0.001
LSTM3_3656400e,LSTM3,loso_subject_S012,80,0.009652706393008602,,0.06926919346482589,,0.001
LSTM3_3656400e,LSTM3,loso_subject_S013,1,0.29917254554020073,,0.3839848290024702,,0.001
LSTM3_3656400e,LSTM3,loso_subject_S013,2,0.04079575445554593,,0.147075281488268,,0.001
LSTM3_3656400e,LSTM3,loso_subject_S013,3,0.02706277264111838,,0.12275739139632175,,0.001
LSTM3_3656400e,LSTM3,loso_subject_S013,4,0.021540690970883146,,0.10888690426739299,,0.001
LSTM3_3656400e,LSTM3,loso_subject_S013,5,0.01877718663869885,,0.10249179670602661,,0.001
LSTM3_3656400e,LSTM3,loso_subject_S013,6,0.01711810948352982,,0.09780616298771962,,0.001
LSTM3_3656400e,LSTM3,loso_subject_S013,7,0.0170269729234175,,0.09637438657376245,,0.001
LSTM3_3656400e,LSTM3,loso_subject_S013,8,0.016104227799788075,,0.09325007415296628,,0.001
LSTM3_3656400e,LSTM3,loso_subject_S013,9,0.014375236261522506,,0.08790445780985243,,0.001
LSTM3_3656400e,LSTM3,loso_subject_S013,10,0.013813079520544022,,0.0860203785001406,,0.001
LSTM3_3656400e,LSTM3,loso_subject_S013,11,0.013926047373078041,,0.08649879559420483,,0.001
LSTM3_3656400e,LSTM3,loso_subject_S013,12,0.013242772327854693,,0.08471805989494614,,0.001
LSTM3_3656400e,LSTM3,loso_subject_S013,13,0.01321893082751049,,0.0838806882995978,,0.001
LSTM3_3656400e,LSTM3,loso_subject_S013,14,0.013123368991440848,,0.08343705645558576,,0.001
LSTM3_3656400e,LSTM3,loso_subject_S013,15,0.012313944425361639,,0.08085738157961837,,0.001
LSTM3_3656400e,LSTM3,loso_subject_S013,16,0.012223798366794957,,0.08241902772244324,,0.001
LSTM3_3656400e,LSTM3,loso_subject_S013,17,0.011962855382309066,,0.07971669179168105,,0.001
LSTM3_3656400e,LSTM3,loso_subject_S013,18,0.012637436945104863,,0.08202698331047624,,0.001
LSTM3_3656400e,LSTM3,loso_subject_S013,19,0.011679677050715504,,0.07927061601688987,,0.001
LSTM3_3656400e,LSTM3,loso_subject_S013,20,0.011456829987187712,,0.07677165424229365,,0.001
LSTM3_3656400e,LSTM3,loso_subject_S013,21,0.01165457402776483,,0.07866952915436012,,0.001
LSTM3_3656400e,LSTM3,loso_subject_S013,22,0.010991373482751053,,0.07697127369797462,,0.001
LSTM3_3656400e,LSTM3,loso_subject_S013,23,0.01128830030003248,,0.07713474439369344,,0.001
LSTM3_3656400e,LSTM3,loso_subject_S013,24,0.010648295382899426,,0.07414275585284194,,0.001
LSTM3_3656400e,LSTM3,loso_subject_S013,25,0.010405589618211886,,0.07404380598391852,,0.001
LSTM3_3656400e,LSTM3,loso_subject_S013,26,0.011320754817565722,,0.07646734040034445,,0.001
LSTM3_3656400e,LSTM3,loso_subject_S013,27,0.010675158156623801,,0.07483930210079844,,0.001
LSTM3_3656400e,LSTM3,loso_subject_S013,28,0.010977930802635209,,0.07560630417183827,,0.001
LSTM3_3656400e,LSTM3,loso_subject_S013,29,0.011226240345057606,,0.07663284334614666,,0.001
LSTM3_3656400e,LSTM3,loso_subject_S013,30,0.011528962049788056,,0.07725564931155572,,0.001
LSTM3_3656400e,LSTM3,loso_subject_S013,31,0.01110999382041663,,0.07520969307818902,,0.001
LSTM3_3656400e,LSTM3,loso_subject_S013,32,0.00945998145644024,,0.0703262666379646,,0.001
LSTM3_3656400e,LSTM3,loso_subject_S013,33,0.01081721056201121,,0.07482992233992283,,0.001
LSTM3_3656400e,LSTM3,loso_subject_S013,34,0.010123069789724997,,0.07321800454171411,,0.001
LSTM3_3656400e,LSTM3,loso_subject_S013,35,0.01082674948978457,,0.07506879925975508,,0.001
LSTM3_3656400e,LSTM3,loso_subject_S013,36,0.010023690753944032,,0.071453010974003,,0.001
LSTM3_3656400e,LSTM3,loso_subject_S013,37,0.010744947261097029,,0.0749696757984954,,0.001
LSTM3_3656400e,LSTM3,loso_subject_S013,38,0.010012205589531696,,0.07163792022625165,,0.001
LSTM3_3656400e,LSTM3,loso_subject_S013,39,0.010439659164408402,,0.07423066121224221,,0.001
LSTM3_3656400e,LSTM3,loso_subject_S013,40,0.010215737814099174,,0.07264629476948788,,0.001
LSTM3_3656400e,LSTM3,loso_subject_S013,41,0.010422855599104863,,0.07253850881742968,,0.001
LSTM3_3656400e,LSTM3,loso_subject_S013,42,0.010114734338137251,,0.07233001907198713,,0.001
LSTM3_3656400e,LSTM3,loso_subject_S013,43,0.009971094839378077,,0.07220109060943292,,0.001
LSTM3_3656400e,LSTM3,loso_subject_S013,44,0.00932081766204697,,0.06958350963539695,,0.001
LSTM3_3656400e,LSTM3,loso_subject_S013,45,0.010013395037058318,,0.07224273003864817,,0.001
LSTM3_3656400e,LSTM3,loso_subject_S013,46,0.009451170678965108,,0.069410424788903,,0.001
LSTM3_3656400e,LSTM3,loso_subject_S013,47,0.009527291041228745,,0.07022557467882654,,0.001
LSTM3_3656400e,LSTM3,loso_subject_S013,48,0.011101708030508743,,0.07524742169145732,,0.001
LSTM3_3656400e,LSTM3,loso_subject_S013,49,0.010126676447586339,,0.07164579151079595,,0.001
LSTM3_3656400e,LSTM3,loso_subject_S013,50,0.010011654414257184,,0.07028359889241137,,0.001
LSTM3_3656400e,LSTM3,loso_subject_S013,51,0.009380785463290119,,0.06939818506590878,,0.001
LSTM3_3656400e,LSTM3,loso_subject_S013,52,0.00992427167645204,,0.07026177633997475,,0.001
LSTM3_3656400e,LSTM3,loso_subject_S013,53,0.010034431058686443,,0.0706616876652036,,0.001
LSTM3_3656400e,LSTM3,loso_subject_S013,54,0.009401597374652891,,0.06901610135578053,,0.001
LSTM3_3656400e,LSTM3,loso_subject_S013,55,0.009129097210527126,,0.0683794259901192,,0.001
LSTM3_3656400e,LSTM3,loso_subject_S013,56,0.010050028398467893,,0.07336601122924825,,0.001
LSTM3_3656400e,LSTM3,loso_subject_S013,57,0.01066784290932222,,0.07205953054811155,,0.001
LSTM3_3656400e,LSTM3,loso_subject_S013,58,0.010127490071110284,,0.07123914820418133,,0.001
LSTM3_3656400e,LSTM3,loso_subject_S013,59,0.009507932725241227,,0.06971476915759393,,0.001
LSTM3_3656400e,LSTM3,loso_subject_S013,60,0.009211527744251357,,0.06913115270951778,,0.001
LSTM3_3656400e,LSTM3,loso_subject_S013,61,0.0094725612986967,,0.07012270979191128,,0.001
LSTM3_3656400e,LSTM3,loso_subject_S013,62,0.009693413285069024,,0.06952114779285447,,0.001
LSTM3_3656400e,LSTM3,loso_subject_S013,63,0.00977312044196677,,0.06955798198146503,,0.001
LSTM3_3656400e,LSTM3,loso_subject_S013,64,0.00956260644188383,,0.0696630308708986,,0.001
LSTM3_3656400e,LSTM3,loso_subject_S013,65,0.010120271887743738,,0.07088435860221735,,0.001
LSTM3_3656400e,LSTM3,loso_subject_S013,66,0.009975216865998763,,0.07030469779327636,,0.001
LSTM3_3656400e,LSTM3,loso_subject_S013,67,0.00957343181146314,,0.07014932923039571,,0.001
LSTM3_3656400e,LSTM3,loso_subject_S013,68,0.009468627126675894,,0.06909095437325269,,0.001
LSTM3_3656400e,LSTM3,loso_subject_S013,69,0.009287676200724704,,0.06806469021411483,,0.001
LSTM3_3656400e,LSTM3,loso_subject_S013,70,0.008992673814234806,,0.0679471160979152,,0.001
LSTM3_3656400e,LSTM3,loso_subject_S013,71,0.009216836687703707,,0.06851544916382127,,0.001
LSTM3_3656400e,LSTM3,loso_subject_S013,72,0.009873127087001325,,0.06934349706546092,,0.001
LSTM3_3656400e,LSTM3,loso_subject_S013,73,0.009255533340358668,,0.06824204210924639,,0.001
LSTM3_3656400e,LSTM3,loso_subject_S013,74,0.00985904618313438,,0.07125332370359151,,0.001
LSTM3_3656400e,LSTM3,loso_subject_S013,75,0.009092239294087623,,0.06764962568136133,,0.001
LSTM3_3656400e,LSTM3,loso_subject_S013,76,0.009611976454215037,,0.07041090498588091,,0.001
LSTM3_3656400e,LSTM3,loso_subject_S013,77,0.008869824071422509,,0.06834766082981616,,0.001
LSTM3_3656400e,LSTM3,loso_subject_S013,78,0.008661556312004284,,0.06584545163814381,,0.001
LSTM3_3656400e,LSTM3,loso_subject_S013,79,0.009556907505684447,,0.06846482395052579,,0.001
LSTM3_3656400e,LSTM3,loso_subject_S013,80,0.00922881200383327,,0.06842557334668749,,0.001
LSTM3_3656400e,LSTM3,loso_subject_S014,1,0.28823720356612875,,0.3813965093148382,,0.001
LSTM3_3656400e,LSTM3,loso_subject_S014,2,0.04144967749322716,,0.14911931583233046,,0.001
LSTM3_3656400e,LSTM3,loso_subject_S014,3,0.028412026565587313,,0.12320599626553685,,0.001
LSTM3_3656400e,LSTM3,loso_subject_S014,4,0.02285816776974682,,0.11224736534712608,,0.001
LSTM3_3656400e,LSTM3,loso_subject_S014,5,0.01915012494448507,,0.10323296761826466,,0.001
LSTM3_3656400e,LSTM3,loso_subject_S014,6,0.01858265985522354,,0.10157933216868785,,0.001
LSTM3_3656400e,LSTM3,loso_subject_S014,7,0.016727774845142113,,0.09600821059001119,,0.001
LSTM3_3656400e,LSTM3,loso_subject_S014,8,0.015722991392147122,,0.09284229641943648,,0.001
LSTM3_3656400e,LSTM3,loso_subject_S014,9,0.015389867028907725,,0.09221761673688889,,0.001
LSTM3_3656400e,LSTM3,loso_subject_S014,10,0.014969918460242058,,0.0898741401339832,,0.001
LSTM3_3656400e,LSTM3,loso_subject_S014,11,0.013763164758290114,,0.08675133985908408,,0.001
LSTM3_3656400e,LSTM3,loso_subject_S014,12,0.01369863323736609,,0.08525943546964411,,0.001
LSTM3_3656400e,LSTM3,loso_subject_S014,13,0.013177701884782627,,0.08333951411278624,,0.001
LSTM3_3656400e,LSTM3,loso_subject_S014,14,0.013511076226438346,,0.08575859692013055,,0.001
LSTM3_3656400e,LSTM3,loso_subject_S014,15,0.011841242168948315,,0.07920844375825765,,0.001
LSTM3_3656400e,LSTM3,loso_subject_S014,16,0.012584628504619264,,0.08115813959585993,,0.001
LSTM3_3656400e,LSTM3,loso_subject_S014,17,0.01286928174331,,0.08140659391095764,,0.001
LSTM3_3656400e,LSTM3,loso_subject_S014,18,0.011660006428300812,,0.07878335382331882,,0.001
LSTM3_3656400e,LSTM3,loso_subject_S014,19,0.012133695912269647,,0.07967299144519002,,0.001
LSTM3_3656400e,LSTM3,loso_subject_S014,20,0.011229076471767928,,0.07730005982152202,,0.001
LSTM3_3656400e,LSTM3,loso_subject_S014,21,0.011453926391703518,,0.07838305700243565,,0.001
LSTM3_3656400e,LSTM3,loso_subject_S014,22,0.011605884838980018,,0.07842162552109935,,0.001
LSTM3_3656400e,LSTM3,loso_subject_S014,23,0.011904896759803881,,0.07786930391663,,0.001
LSTM3_3656400e,LSTM3,loso_subject_S014,24,0.010994381900353912,,0.07695903576779783,,0.001
LSTM3_3656400e,LSTM3,loso_subject_S014,25,0.010665401130130417,,0.07513146912842467,,0.001
LSTM3_3656400e,LSTM3,loso_subject_S014,26,0.011562306491102566,,0.07568857792699546,,0.001
LSTM3_3656400e,LSTM3,loso_subject_S014,27,0.010535711120291237,,0.07437738370999955,,0.001
LSTM3_3656400e,LSTM3,loso_subject_S014,28,0.0112565773817008,,0.07799090745679119,,0.001
LSTM3_3656400e,LSTM3,loso_subject_S014,29,0.011236433822073434,,0.07685964155876845,,0.001
LSTM3_3656400e,LSTM3,loso_subject_S014,30,0.010748942431650664,,0.07433822149770301,,0.001
LSTM3_3656400e,LSTM3,loso_subject_S014,31,0.010808741191826891,,0.0740806751868181,,0.001
LSTM3_3656400e,LSTM3,loso_subject_S014,32,0.010321842433002434,,0.07312507581031114,,0.001
LSTM3_3656400e,LSTM3,loso_subject_S014,33,0.011308204015030673,,0.0761579379047218,,0.001
LSTM3_3656400e,LSTM3,loso_subject_S014,34,0.010938410581857488,,0.07595655309003696,,0.001
LSTM3_3656400e,LSTM3,loso_subject_S014,35,0.010850266553461552,,0.07538693862264617,,0.001
LSTM3_3656400e,LSTM3,loso_subject_S014,36,0.010180141523545771,,0.07375106757931542,,0.001
LSTM3_3656400e,LSTM3,loso_subject_S014,37,0.010694363693657675,,0.07301520706530203,,0.001
LSTM3_3656400e,LSTM3,loso_subject_S014,38,0.010072403783468823,,0.07195518806315306,,0.001
LSTM3_3656400e,LSTM3,loso_subject_S014,39,0.010105654785180824,,0.0715686207016309,,0.001
LSTM3_3656400e,LSTM3,loso_subject_S014,40,0.009758280410447665,,0.07139698134963973,,0.001
LSTM3_3656400e,LSTM3,loso_subject_S014,41,0.010475890784475365,,0.07313311694745432,,0.001
LSTM3_3656400e,LSTM3,loso_subject_S014,42,0.009175564840501338,,0.06961566621535703,,0.001
LSTM3_3656400e,LSTM3,loso_subject_S014,43,0.00928124642457094,,0.06964048606000449,,0.001
LSTM3_3656400e,LSTM3,loso_subject_S014,44,0.009084076236672047,,0.0686457423787368,,0.001
LSTM3_3656400e,LSTM3,loso_subject_S014,45,0.010545997618975346,,0.07391642491545594,,0.001
LSTM3_3656400e,LSTM3,loso_subject_S014,46,0.009853082578302476,,0.07123758879147078,,0.001
LSTM3_3656400e,LSTM3,loso_subject_S014,47,0.009861882016258804,,0.07198841797939518,,0.001
LSTM3_3656400e,LSTM3,loso_subject_S014,48,0.009473745098435566,,0.07052396316277354,,0.001
LSTM3_3656400e,LSTM3,loso_subject_S014,49,0.009786059916542288,,0.06972806031505267,,0.001
LSTM3_3656400e,LSTM3,loso_subject_S014,50,0.009846635783712069,,0.06967628230912644,,0.001
LSTM3_3656400e,LSTM3,loso_subject_S014,51,0.009839071622608523,,0.07152149290369268,,0.001
LSTM3_3656400e,LSTM3,loso_subject_S014,52,0.009974562693714049,,0.07138086718163993,,0.001
LSTM3_3656400e,LSTM3,loso_subject_S014,53,0.010038435516323437,,0.07180756526558023,,0.001
LSTM3_3656400e,LSTM3,loso_subject_S014,54,0.009427622638708144,,0.06976065889262316,,0.001
LSTM3_3656400e,LSTM3,loso_subject_S014,55,0.010036989229551534,,0.07040190337258473,,0.001
LSTM3_3656400e,LSTM3,loso_subject_S014,56,0.009537720578935063,,0.06958371877931711,,0.001
LSTM3_3656400e,LSTM3,loso_subject_S014,57,0.010108623433073885,,0.0706399873944751,,0.001
LSTM3_3656400e,LSTM3,loso_subject_S014,58,0.009460554155929569,,0.06774444989206498,,0.001
LSTM3_3656400e,LSTM3,loso_subject_S014,59,0.009897471176819843,,0.07039812494788253,,0.001
LSTM3_3656400e,LSTM3,loso_subject_S014,60,0.010295673543097158,,0.07212424872998606,,0.001
LSTM3_3656400e,LSTM3,loso_subject_S014,61,0.010180786856564513,,0.07122250437213663,,0.001
LSTM3_3656400e,LSTM3,loso_subject_S014,62,0.009068921845602361,,0.0694560150436142,,0.001
LSTM3_3656400e,LSTM3,loso_subject_S014,63,0.009832896275870633,,0.07085229201536429,,0.001
LSTM3_3656400e,LSTM3,loso_subject_S014,64,0.009335854597258986,,0.06812122215827306,,0.001
LSTM3_3656400e,LSTM3,loso_subject_S014,65,0.00958463851068365,,0.07050497019500063,,0.001
LSTM3_3656400e,LSTM3,loso_subject_S014,66,0.009597490075975657,,0.06993881410412621,,0.001
LSTM3_3656400e,LSTM3,loso_subject_S014,67,0.009074021171647729,,0.06803836568928602,,0.001
LSTM3_3656400e,LSTM3,loso_subject_S014,68,0.00946627976372838,,0.06945008072152473,,0.001
LSTM3_3656400e,LSTM3,loso_subject_S014,69,0.009088886141973106,,0.06835380719419111,,0.001
LSTM3_3656400e,LSTM3,loso_subject_S014,70,0.009557286759413648,,0.06978123922619903,,0.001
LSTM3_3656400e,LSTM3,loso_subject_S014,71,0.009242608890002757,,0.06846638429060317,,0.001
LSTM3_3656400e,LSTM3,loso_subject_S014,72,0.009482103963627628,,0.0694085590279939,,0.001
LSTM3_3656400e,LSTM3,loso_subject_S014,73,0.010135026452572722,,0.07055561035348658,,0.001
LSTM3_3656400e,LSTM3,loso_subject_S014,74,0.010122298769522132,,0.07091909209102915,,0.001
LSTM3_3656400e,LSTM3,loso_subject_S014,75,0.009073071982384774,,0.06784788858995103,,0.001
LSTM3_3656400e,LSTM3,loso_subject_S014,76,0.009321867292256732,,0.06903614737747009,,0.001
LSTM3_3656400e,LSTM3,loso_subject_S014,77,0.009969874432212427,,0.06962841376662254,,0.001
LSTM3_3656400e,LSTM3,loso_subject_S014,78,0.009079094526864458,,0.06726768351437752,,0.001
LSTM3_3656400e,LSTM3,loso_subject_S014,79,0.008945565846372853,,0.06712872423885162,,0.001
LSTM3_3656400e,LSTM3,loso_subject_S014,80,0.008932821411770164,,0.0662376497659767,,0.001
LSTM3_3656400e,LSTM3,loso_subject_S016,1,0.27971326960500803,,0.3653725218507763,,0.001
LSTM3_3656400e,LSTM3,loso_subject_S016,2,0.036257334814336455,,0.14177433333650397,,0.001
LSTM3_3656400e,LSTM3,loso_subject_S016,3,0.027895609107336315,,0.1223637793270721,,0.001
LSTM3_3656400e,LSTM3,loso_subject_S016,4,0.02272661149619005,,0.1113600361054591,,0.001
LSTM3_3656400e,LSTM3,loso_subject_S016,5,0.019657955207142818,,0.1044155482272485,,0.001
LSTM3_3656400e,LSTM3,loso_subject_S016,6,0.018432532050547065,,0.10022463951818594,,0.001
LSTM3_3656400e,LSTM3,loso_subject_S016,7,0.016319294641229366,,0.09463513702162242,,0.001
LSTM3_3656400e,LSTM3,loso_subject_S016,8,0.01575699978482038,,0.09350226674221834,,0.001
LSTM3_3656400e,LSTM3,loso_subject_S016,9,0.01500760471932782,,0.09027043714258513,,0.001
LSTM3_3656400e,LSTM3,loso_subject_S016,10,0.0149991352491006,,0.09008732283902679,,0.001
LSTM3_3656400e,LSTM3,loso_subject_S016,11,0.014619999047866886,,0.08860180086645938,,0.001
LSTM3_3656400e,LSTM3,loso_subject_S016,12,0.014363584991222172,,0.08726616189841627,,0.001
LSTM3_3656400e,LSTM3,loso_subject_S016,13,0.013564036233825011,,0.08640106680320794,,0.001
LSTM3_3656400e,LSTM3,loso_subject_S016,14,0.013025937420054604,,0.08344306819219721,,0.001
LSTM3_3656400e,LSTM3,loso_subject_S016,15,0.012983459355888051,,0.08328098803960698,,0.001
LSTM3_3656400e,LSTM3,loso_subject_S016,16,0.012417237637329626,,0.08178796479137473,,0.001
LSTM3_3656400e,LSTM3,loso_subject_S016,17,0.01193181839818299,,0.07973153222122908,,0.001
LSTM3_3656400e,LSTM3,loso_subject_S016,18,0.011572683834758011,,0.07922176702303198,,0.001
LSTM3_3656400e,LSTM3,loso_subject_S016,19,0.011663264242600288,,0.07841830613540704,,0.001
LSTM3_3656400e,LSTM3,loso_subject_S016,20,0.010912827445698813,,0.07669879368384873,,0.001
LSTM3_3656400e,LSTM3,loso_subject_S016,21,0.010535180619466926,,0.07544695364691748,,0.001
LSTM3_3656400e,LSTM3,loso_subject_S016,22,0.01108960095835445,,0.07788858210891768,,0.001
LSTM3_3656400e,LSTM3,loso_subject_S016,23,0.010956773457880473,,0.07669686009147027,,0.001
LSTM3_3656400e,LSTM3,loso_subject_S016,24,0.011084558284867495,,0.07672424768816336,,0.001
LSTM3_3656400e,LSTM3,loso_subject_S016,25,0.011743735969379838,,0.07806775888470023,,0.001
LSTM3_3656400e,LSTM3,loso_subject_S016,26,0.011978371231254682,,0.0782425347053814,,0.001
LSTM3_3656400e,LSTM3,loso_subject_S016,27,0.010202597735279421,,0.07237189997049215,,0.001
LSTM3_3656400e,LSTM3,loso_subject_S016,28,0.01166799641561631,,0.07808411127834873,,0.001
LSTM3_3656400e,LSTM3,loso_subject_S016,29,0.011775790854423616,,0.07918839843487527,,0.001
LSTM3_3656400e,LSTM3,loso_subject_S016,30,0.012291652069368723,,0.08026414626872343,,0.001
LSTM3_3656400e,LSTM3,loso_subject_S016,31,0.010409015751688063,,0.07448229150038797,,0.001
LSTM3_3656400e,LSTM3,loso_subject_S016,32,0.011322381811487762,,0.0766345732498046,,0.001
LSTM3_3656400e,LSTM3,loso_subject_S016,33,0.01090537269827325,,0.07605273256359754,,0.001
LSTM3_3656400e,LSTM3,loso_subject_S016,34,0.009575200804661033,,0.07151153641125196,,0.001
LSTM3_3656400e,LSTM3,loso_subject_S016,35,0.010429410985311034,,0.0730845249779088,,0.001
LSTM3_3656400e,LSTM3,loso_subject_S016,36,0.010125896811600475,,0.07235721271795278,,0.001
LSTM3_3656400e,LSTM3,loso_subject_S016,37,0.010600578378868807,,0.07289901061742843,,0.001
LSTM3_3656400e,LSTM3,loso_subject_S016,38,0.010112126406604499,,0.07147098397712318,,0.001
LSTM3_3656400e,LSTM3,loso_subject_S016,39,0.010539626936317865,,0.07260168397736995,,0.001
LSTM3_3656400e,LSTM3,loso_subject_S016,40,0.010357242277140116,,0.07363206024072279,,0.001
LSTM3_3656400e,LSTM3,loso_subject_S016,41,0.009443475279183102,,0.07038874998749321,,0.001
LSTM3_3656400e,LSTM3,loso_subject_S016,42,0.010129285213955055,,0.07252624997495796,,0.001
LSTM3_3656400e,LSTM3,loso_subject_S016,43,0.009993410812236685,,0.07167291960921235,,0.001
LSTM3_3656400e,LSTM3,loso_subject_S016,44,0.009767961571640218,,0.07175838301659988,,0.001
LSTM3_3656400e,LSTM3,loso_subject_S016,45,0.00957438042263594,,0.07046577616503545,,0.001
LSTM3_3656400e,LSTM3,loso_subject_S016,46,0.009894721281235056,,0.07128824796179041,,0.001
LSTM3_3656400e,LSTM3,loso_subject_S016,47,0.009898304920577894,,0.07035119387194623,,0.001
LSTM3_3656400e,LSTM3,loso_subject_S016,48,0.00925003277435434,,0.06856301428908283,,0.001
LSTM3_3656400e,LSTM3,loso_subject_S016,49,0.009293365381543904,,0.06982965388893272,,0.001
LSTM3_3656400e,LSTM3,loso_subject_S016,50,0.009633347092629295,,0.07052416719065827,,0.001
LSTM3_3656400e,LSTM3,loso_subject_S016,51,0.009925094453589134,,0.0714390380861218,,0.001
LSTM3_3656400e,LSTM3,loso_subject_S016,52,0.009596703666006448,,0.07091718372781004,,0.001
LSTM3_3656400e,LSTM3,loso_subject_S016,53,0.010773114047708116,,0.07530853251494914,,0.001
LSTM3_3656400e,LSTM3,loso_subject_S016,54,0.010511273970604671,,0.07370273706763134,,0.001
LSTM3_3656400e,LSTM3,loso_subject_S016,55,0.009325061314482902,,0.06923936300963802,,0.001
LSTM3_3656400e,LSTM3,loso_subject_S016,56,0.009666907938779742,,0.07001363135245811,,0.001
LSTM3_3656400e,LSTM3,loso_subject_S016,57,0.00930979287017926,,0.06817361813494272,,0.001
LSTM3_3656400e,LSTM3,loso_subject_S016,58,0.009636681580197159,,0.06991783394936724,,0.001
LSTM3_3656400e,LSTM3,loso_subject_S016,59,0.010024765211985764,,0.0714259677439532,,0.001
LSTM3_3656400e,LSTM3,loso_subject_S016,60,0.009515003483325186,,0.06971410436417826,,0.001
LSTM3_3656400e,LSTM3,loso_subject_S016,61,0.009136760169864994,,0.0681315283077598,,0.001
LSTM3_3656400e,LSTM3,loso_subject_S016,62,0.008832200478579508,,0.06771384441281904,,0.001
LSTM3_3656400e,LSTM3,loso_subject_S016,63,0.009022665371224668,,0.06775333786624248,,0.001
LSTM3_3656400e,LSTM3,loso_subject_S016,64,0.009686206139579661,,0.0698258901272067,,0.001
LSTM3_3656400e,LSTM3,loso_subject_S016,65,0.009397176050401442,,0.06870607958395758,,0.001
LSTM3_3656400e,LSTM3,loso_subject_S016,66,0.009283181271183117,,0.06795917382877566,,0.001
LSTM3_3656400e,LSTM3,loso_subject_S016,67,0.009574308924620467,,0.0704939202573489,,0.001
LSTM3_3656400e,LSTM3,loso_subject_S016,68,0.009892762985822104,,0.07057449058029656,,0.001
LSTM3_3656400e,LSTM3,loso_subject_S016,69,0.009628178870064442,,0.06993814187181459,,0.001
LSTM3_3656400e,LSTM3,loso_subject_S016,70,0.009070489994609682,,0.06693830561869862,,0.001
LSTM3_3656400e,LSTM3,loso_subject_S016,71,0.010075891206805335,,0.07222909450425925,,0.001
LSTM3_3656400e,LSTM3,loso_subject_S016,72,0.008969736737907661,,0.06722084098200763,,0.001
LSTM3_3656400e,LSTM3,loso_subject_S016,73,0.008977568155490034,,0.06833166916025406,,0.001
LSTM3_3656400e,LSTM3,loso_subject_S016,74,0.009290848346136598,,0.06793156247419298,,0.001
LSTM3_3656400e,LSTM3,loso_subject_S016,75,0.009072444767693469,,0.0679598220555576,,0.001
LSTM3_3656400e,LSTM3,loso_subject_S016,76,0.009277396250247413,,0.06943878456687487,,0.001
LSTM3_3656400e,LSTM3,loso_subject_S016,77,0.009057262664216748,,0.06785239862363482,,0.001
LSTM3_3656400e,LSTM3,loso_subject_S016,78,0.008869854533796812,,0.06710109562651717,,0.001
LSTM3_3656400e,LSTM3,loso_subject_S016,79,0.009887053917311405,,0.07044211066683392,,0.001
LSTM3_3656400e,LSTM3,loso_subject_S016,80,0.009801863642686795,,0.07037125910794732,,0.001
LSTM3_3656400e,LSTM3,loso_subject_S017,1,0.2857599230794125,,0.37814576392070676,,0.001
LSTM3_3656400e,LSTM3,loso_subject_S017,2,0.04159542065206558,,0.1510009047400449,,0.001
LSTM3_3656400e,LSTM3,loso_subject_S017,3,0.026827596236564746,,0.12077462215223271,,0.001
LSTM3_3656400e,LSTM3,loso_subject_S017,4,0.023861268833718,,0.11430954544121409,,0.001
LSTM3_3656400e,LSTM3,loso_subject_S017,5,0.02063553422978979,,0.10508693590327958,,0.001
LSTM3_3656400e,LSTM3,loso_subject_S017,6,0.020347457746126382,,0.10532869682425544,,0.001
LSTM3_3656400e,LSTM3,loso_subject_S017,7,0.01845675376745998,,0.10005858413300099,,0.001
LSTM3_3656400e,LSTM3,loso_subject_S017,8,0.015514196101606675,,0.09199814872788678,,0.001
LSTM3_3656400e,LSTM3,loso_subject_S017,9,0.014613605379654563,,0.08937132482115663,,0.001
LSTM3_3656400e,LSTM3,loso_subject_S017,10,0.014811044374606242,,0.0897173934789975,,0.001
LSTM3_3656400e,LSTM3,loso_subject_S017,11,0.01521359835295124,,0.09078382042281995,,0.001
LSTM3_3656400e,LSTM3,loso_subject_S017,12,0.01309573598772891,,0.08542924984416873,,0.001
LSTM3_3656400e,LSTM3,loso_subject_S017,13,0.012913644247034338,,0.08475012894970639,,0.001
LSTM3_3656400e,LSTM3,loso_subject_S017,14,0.0122441233601676,,0.08082996096337632,,0.001
LSTM3_3656400e,LSTM3,loso_subject_S017,15,0.0131418532521128,,0.08395698855589763,,0.001
LSTM3_3656400e,LSTM3,loso_subject_S017,16,0.012668445060507776,,0.0825099212325983,,0.001
LSTM3_3656400e,LSTM3,loso_subject_S017,17,0.01293312525631555,,0.08238802666734592,,0.001
LSTM3_3656400e,LSTM3,loso_subject_S017,18,0.01176101791090778,,0.07947568030192934,,0.001
LSTM3_3656400e,LSTM3,loso_subject_S017,19,0.011873662011207504,,0.07896932148026455,,0.001
LSTM3_3656400e,LSTM3,loso_subject_S017,20,0.01132984341035042,,0.07889016944819223,,0.001
LSTM3_3656400e,LSTM3,loso_subject_S017,21,0.012587167126125058,,0.08227318532654805,,0.001
LSTM3_3656400e,LSTM3,loso_subject_S017,22,0.0118201353643793,,0.07962084769566462,,0.001
LSTM3_3656400e,LSTM3,loso_subject_S017,23,0.011314623299593613,,0.07722593085217423,,0.001
LSTM3_3656400e,LSTM3,loso_subject_S017,24,0.011263739723420626,,0.07819214977474896,,0.001
LSTM3_3656400e,LSTM3,loso_subject_S017,25,0.011682510961175422,,0.07771424805214318,,0.001
LSTM3_3656400e,LSTM3,loso_subject_S017,26,0.010571071889290212,,0.07583082823330546,,0.001
LSTM3_3656400e,LSTM3,loso_subject_S017,27,0.010541275950183365,,0.07520346070288568,,0.001
LSTM3_3656400e,LSTM3,loso_subject_S017,28,0.01094713318505751,,0.0764847585638821,,0.001
LSTM3_3656400e,LSTM3,loso_subject_S017,29,0.011270150232837868,,0.07687671588184276,,0.001
LSTM3_3656400e,LSTM3,loso_subject_S017,30,0.01091292634663454,,0.07584895191129988,,0.001
LSTM3_3656400e,LSTM3,loso_subject_S017,31,0.010970042428163863,,0.07578788721372211,,0.001
LSTM3_3656400e,LSTM3,loso_subject_S017,32,0.010668658334598737,,0.07477467011234182,,0.001
LSTM3_3656400e,LSTM3,loso_subject_S017,33,0.01148953277018221,,0.0771313530536186,,0.001
LSTM3_3656400e,LSTM3,loso_subject_S017,34,0.01085839829533542,,0.07646291560254334,,0.001
LSTM3_3656400e,LSTM3,loso_subject_S017,35,0.011085704596510303,,0.07541636142677861,,0.001
LSTM3_3656400e,LSTM3,loso_subject_S017,36,0.010602791231766865,,0.07545123556164945,,0.001
LSTM3_3656400e,LSTM3,loso_subject_S017,37,0.010340442804779732,,0.07282522003475798,,0.001
LSTM3_3656400e,LSTM3,loso_subject_S017,38,0.010434294846897806,,0.07337857901511717,,0.001
LSTM3_3656400e,LSTM3,loso_subject_S017,39,0.011179764896272374,,0.07456114425741393,,0.001
LSTM3_3656400e,LSTM3,loso_subject_S017,40,0.010832474277964953,,0.07494970705088984,,0.001
LSTM3_3656400e,LSTM3,loso_subject_S017,41,0.012264836826792459,,0.07846785470900408,,0.001
LSTM3_3656400e,LSTM3,loso_subject_S017,42,0.010803876751569953,,0.07504162002307962,,0.001
LSTM3_3656400e,LSTM3,loso_subject_S017,43,0.0096951868032326,,0.07096434931449702,,0.001
LSTM3_3656400e,LSTM3,loso_subject_S017,44,0.00997842652860827,,0.07211932146816745,,0.001
LSTM3_3656400e,LSTM3,loso_subject_S017,45,0.010702506151992357,,0.07375695271347152,,0.001
LSTM3_3656400e,LSTM3,loso_subject_S017,46,0.009559247306826895,,0.07031267535983374,,0.001
LSTM3_3656400e,LSTM3,loso_subject_S017,47,0.00997063383536763,,0.07178461862820776,,0.001
LSTM3_3656400e,LSTM3,loso_subject_S017,48,0.010063598943302294,,0.0730916446183931,,0.001
LSTM3_3656400e,LSTM3,loso_subject_S017,49,0.009372791283028368,,0.07004849781135947,,0.001
LSTM3_3656400e,LSTM3,loso_subject_S017,50,0.009674943951950024,,0.07090205967132682,,0.001
LSTM3_3656400e,LSTM3,loso_subject_S017,51,0.009325896470068857,,0.06924269055171814,,0.001
LSTM3_3656400e,LSTM3,loso_subject_S017,52,0.009387547370468454,,0.06985408558495461,,0.001
LSTM3_3656400e,LSTM3,loso_subject_S017,53,0.009331010954151746,,0.06931482642464906,,0.001
LSTM3_3656400e,LSTM3,loso_subject_S017,54,0.008997346063388678,,0.06802232861804322,,0.001
LSTM3_3656400e,LSTM3,loso_subject_S017,55,0.00973396964032727,,0.0704098676535753,,0.001
LSTM3_3656400e,LSTM3,loso_subject_S017,56,0.009333038864709278,,0.0699185821272078,,0.001
LSTM3_3656400e,LSTM3,loso_subject_S017,57,0.009935341731578388,,0.07135040257951897,,0.001
LSTM3_3656400e,LSTM3,loso_subject_S017,58,0.010073888942917384,,0.07187425535626926,,0.001
LSTM3_3656400e,LSTM3,loso_subject_S017,59,0.01032521005974268,,0.07362098883598896,,0.001
LSTM3_3656400e,LSTM3,loso_subject_S017,60,0.009083795706325042,,0.06786725346302816,,0.001
LSTM3_3656400e,LSTM3,loso_subject_S017,61,0.010468561755626838,,0.0729347676034664,,0.001
LSTM3_3656400e,LSTM3,loso_subject_S017,62,0.009527721977015303,,0.06991410967050254,,0.001
LSTM3_3656400e,LSTM3,loso_subject_S017,63,0.009941558466258764,,0.07092437863382539,,0.001
LSTM3_3656400e,LSTM3,loso_subject_S017,64,0.009248990425100875,,0.06959880840341184,,0.001
LSTM3_3656400e,LSTM3,loso_subject_S017,65,0.008982861419649286,,0.06837048508597973,,0.001
LSTM3_3656400e,LSTM3,loso_subject_S017,66,0.009636620578794986,,0.07017879409498377,,0.001
LSTM3_3656400e,LSTM3,loso_subject_S017,67,0.009657250277873395,,0.06931304192291822,,0.001
LSTM3_3656400e,LSTM3,loso_subject_S017,68,0.009418092933129143,,0.06904017736856964,,0.001
LSTM3_3656400e,LSTM3,loso_subject_S017,69,0.011012080544529387,,0.07479303227008596,,0.001
LSTM3_3656400e,LSTM3,loso_subject_S017,70,0.009930123545465961,,0.07158083170570828,,0.001
LSTM3_3656400e,LSTM3,loso_subject_S017,71,0.00949068949315707,,0.06929672148321324,,0.001
LSTM3_3656400e,LSTM3,loso_subject_S017,72,0.009360213176264225,,0.06879446885513359,,0.001
LSTM3_3656400e,LSTM3,loso_subject_S017,73,0.00952573601547965,,0.0700204662069246,,0.001
LSTM3_3656400e,LSTM3,loso_subject_S017,74,0.00929935702051892,,0.06914135524172174,,0.001
LSTM3_3656400e,LSTM3,loso_subject_S017,75,0.010469473633338142,,0.07206774216714164,,0.001
LSTM3_3656400e,LSTM3,loso_subject_S017,76,0.009296311158584925,,0.06917017835310135,,0.001
LSTM3_3656400e,LSTM3,loso_subject_S017,77,0.009014783263997623,,0.0669479249407179,,0.001
LSTM3_3656400e,LSTM3,loso_subject_S017,78,0.009742303364250053,,0.0706741270524071,,0.001
LSTM3_3656400e,LSTM3,loso_subject_S017,79,0.009543534283657248,,0.06902181603662878,,0.001
LSTM3_3656400e,LSTM3,loso_subject_S017,80,0.009429339832281178,,0.06903833947305021,,0.001
LSTM3_3656400e,LSTM3,loso_subject_S018,1,0.27596060080915086,,0.3696834963566622,,0.001
LSTM3_3656400e,LSTM3,loso_subject_S018,2,0.037601906565889236,,0.14341979978546018,,0.001
LSTM3_3656400e,LSTM3,loso_subject_S018,3,0.027938382838587413,,0.12363341422990869,,0.001
LSTM3_3656400e,LSTM3,loso_subject_S018,4,0.02166375559701204,,0.10858608010347715,,0.001
LSTM3_3656400e,LSTM3,loso_subject_S018,5,0.018902038472020738,,0.1017369447818801,,0.001
LSTM3_3656400e,LSTM3,loso_subject_S018,6,0.019547039564513587,,0.10266257074604014,,0.001
LSTM3_3656400e,LSTM3,loso_subject_S018,7,0.019182437940201778,,0.10103472932855441,,0.001
LSTM3_3656400e,LSTM3,loso_subject_S018,8,0.015194636474258102,,0.09161402637463831,,0.001
LSTM3_3656400e,LSTM3,loso_subject_S018,9,0.015198765187628645,,0.090344623040801,,0.001
LSTM3_3656400e,LSTM3,loso_subject_S018,10,0.013586913773707512,,0.08581284076757546,,0.001
LSTM3_3656400e,LSTM3,loso_subject_S018,11,0.014445331753188304,,0.08947502494982645,,0.001
LSTM3_3656400e,LSTM3,loso_subject_S018,12,0.013675439774892316,,0.0863572572866641,,0.001
LSTM3_3656400e,LSTM3,loso_subject_S018,13,0.013844478264361408,,0.08733790054583301,,0.001
LSTM3_3656400e,LSTM3,loso_subject_S018,14,0.013451393134841068,,0.08481135486562504,,0.001
LSTM3_3656400e,LSTM3,loso_subject_S018,15,0.012662611717430538,,0.08088791747605495,,0.001
LSTM3_3656400e,LSTM3,loso_subject_S018,16,0.013040976926782145,,0.08232127749623334,,0.001
LSTM3_3656400e,LSTM3,loso_subject_S018,17,0.01231236292732632,,0.0818560912170457,,0.001
LSTM3_3656400e,LSTM3,loso_subject_S018,18,0.01383472778724925,,0.08573919132620732,,0.001
LSTM3_3656400e,LSTM3,loso_subject_S018,19,0.01134413269136107,,0.07770213965854077,,0.001
LSTM3_3656400e,LSTM3,loso_subject_S018,20,0.011800452059632836,,0.07961061778959516,,0.001
LSTM3_3656400e,LSTM3,loso_subject_S018,21,0.011306560249513391,,0.07877651794302848,,0.001
LSTM3_3656400e,LSTM3,loso_subject_S018,22,0.011428379232217668,,0.07657113729147653,,0.001
LSTM3_3656400e,LSTM3,loso_subject_S018,23,0.010934984377657149,,0.07633261477901611,,0.001
LSTM3_3656400e,LSTM3,loso_subject_S018,24,0.010770586876584621,,0.07572679674001324,,0.001
LSTM3_3656400e,LSTM3,loso_subject_S018,25,0.011019312135545264,,0.07652808284257656,,0.001
LSTM3_3656400e,LSTM3,loso_subject_S018,26,0.01049814131895071,,0.07464908973449824,,0.001
LSTM3_3656400e,LSTM3,loso_subject_S018,27,0.011248805026150527,,0.07594078650291726,,0.001
LSTM3_3656400e,LSTM3,loso_subject_S018,28,0.010433022863144526,,0.07548855370579684,,0.001
LSTM3_3656400e,LSTM3,loso_subject_S018,29,0.010371854019587063,,0.07385198193505008,,0.001
LSTM3_3656400e,LSTM3,loso_subject_S018,30,0.010955649312990914,,0.07502784426825629,,0.001
LSTM3_3656400e,LSTM3,loso_subject_S018,31,0.01004588762130191,,0.0735365396325806,,0.001
LSTM3_3656400e,LSTM3,loso_subject_S018,32,0.010812567426793037,,0.07598441289284635,,0.001
LSTM3_3656400e,LSTM3,loso_subject_S018,33,0.009920014684613511,,0.07263706806596998,,0.001
LSTM3_3656400e,LSTM3,loso_subject_S018,34,0.010171102685013663,,0.07254021559796613,,0.001
LSTM3_3656400e,LSTM3,loso_subject_S018,35,0.009791607095998956,,0.07184534982669673,,0.001
LSTM3_3656400e,LSTM3,loso_subject_S018,36,0.010038634237185113,,0.07154426988094084,,0.001
LSTM3_3656400e,LSTM3,loso_subject_S018,37,0.010060660562443889,,0.07333159638581999,,0.001
LSTM3_3656400e,LSTM3,loso_subject_S018,38,0.010412263780149457,,0.07294415936338373,,0.001
LSTM3_3656400e,LSTM3,loso_subject_S018,39,0.010001191959251482,,0.0724322941091101,,0.001
LSTM3_3656400e,LSTM3,loso_subject_S018,40,0.010003160603829197,,0.07199703622965815,,0.001
LSTM3_3656400e,LSTM3,loso_subject_S018,41,0.01023172740730319,,0.07279745246166085,,0.001
LSTM3_3656400e,LSTM3,loso_subject_S018,42,0.011059878401900246,,0.07482021925242759,,0.001
LSTM3_3656400e,LSTM3,loso_subject_S018,43,0.010584533645350338,,0.07285355234151006,,0.001
LSTM3_3656400e,LSTM3,loso_subject_S018,44,0.010210179637744819,,0.0719351649096978,,0.001
LSTM3_3656400e,LSTM3,loso_subject_S018,45,0.010612189954710935,,0.0736961103059217,,0.001
LSTM3_3656400e,LSTM3,loso_subject_S018,46,0.009732727408449854,,0.07123194937581505,,0.001
LSTM3_3656400e,LSTM3,loso_subject_S018,47,0.00949098465443798,,0.06988371945326936,,0.001
LSTM3_3656400e,LSTM3,loso_subject_S018,48,0.009721751360985475,,0.07013939191501214,,0.001
LSTM3_3656400e,LSTM3,loso_subject_S018,49,0.010253941861249633,,0.0724815388906191,,0.001
LSTM3_3656400e,LSTM3,loso_subject_S018,50,0.01010793605243951,,0.07179246785016317,,0.001
LSTM3_3656400e,LSTM3,loso_subject_S018,51,0.010130715791182873,,0.07264352323433426,,0.001
LSTM3_3656400e,LSTM3,loso_subject_S018,52,0.00958776663420564,,0.07026784645852788,,0.001
LSTM3_3656400e,LSTM3,loso_subject_S018,53,0.009796684250406648,,0.07056021122511388,,0.001
LSTM3_3656400e,LSTM3,loso_subject_S018,54,0.010604263630330546,,0.07363716395395646,,0.001
LSTM3_3656400e,LSTM3,loso_subject_S018,55,0.010320871921247018,,0.07264194183740022,,0.001
LSTM3_3656400e,LSTM3,loso_subject_S018,56,0.009468323109643977,,0.06913317570298862,,0.001
LSTM3_3656400e,LSTM3,loso_subject_S018,57,0.00980605535449011,,0.0704546872528444,,0.001
LSTM3_3656400e,LSTM3,loso_subject_S018,58,0.009800698844936945,,0.07037170839528037,,0.001
LSTM3_3656400e,LSTM3,loso_subject_S018,59,0.0105095085280068,,0.07416288733906014,,0.001
LSTM3_3656400e,LSTM3,loso_subject_S018,60,0.00960701906940548,,0.07049500452993085,,0.001
LSTM3_3656400e,LSTM3,loso_subject_S018,61,0.009839999403559107,,0.06990293527460932,,0.001
LSTM3_3656400e,LSTM3,loso_subject_S018,62,0.009383517097627785,,0.06951823651366966,,0.001
LSTM3_3656400e,LSTM3,loso_subject_S018,63,0.009611542957863924,,0.06982613346163141,,0.001
LSTM3_3656400e,LSTM3,loso_subject_S018,64,0.009783762501539462,,0.07030448878867304,,0.001
LSTM3_3656400e,LSTM3,loso_subject_S018,65,0.009417076755524854,,0.06919368927582423,,0.001
LSTM3_3656400e,LSTM3,loso_subject_S018,66,0.009669381410734878,,0.06959997905350045,,0.001
LSTM3_3656400e,LSTM3,loso_subject_S018,67,0.0099351557102533,,0.07075769067250555,,0.001
LSTM3_3656400e,LSTM3,loso_subject_S018,68,0.009411109610882824,,0.07011313066741949,,0.001
LSTM3_3656400e,LSTM3,loso_subject_S018,69,0.0093702729092529,,0.06951599955729867,,0.001
LSTM3_3656400e,LSTM3,loso_subject_S018,70,0.010523600338058452,,0.07139815301713297,,0.001
LSTM3_3656400e,LSTM3,loso_subject_S018,71,0.009506500116307564,,0.06919064158507551,,0.001
LSTM3_3656400e,LSTM3,loso_subject_S018,72,0.009545818676468353,,0.06881931253254185,,0.001
LSTM3_3656400e,LSTM3,loso_subject_S018,73,0.00925789372725621,,0.06902303468861692,,0.001
LSTM3_3656400e,LSTM3,loso_subject_S018,74,0.00913587972336434,,0.06758206070463406,,0.001
LSTM3_3656400e,LSTM3,loso_subject_S018,75,0.009326466255894611,,0.06919410498889174,,0.001
LSTM3_3656400e,LSTM3,loso_subject_S018,76,0.008964679450888396,,0.06774682360571417,,0.001
LSTM3_3656400e,LSTM3,loso_subject_S018,77,0.009524136886078031,,0.06923398107876863,,0.001
LSTM3_3656400e,LSTM3,loso_subject_S018,78,0.009107131216147514,,0.06864704656480373,,0.001
LSTM3_3656400e,LSTM3,loso_subject_S018,79,0.009511996824151754,,0.06984338516898009,,0.001
LSTM3_3656400e,LSTM3,loso_subject_S018,80,0.009356976453135449,,0.06882806572433767,,0.001
LSTM3_3656400e,LSTM3,loso_subject_S019,1,0.29855185223343134,,0.3829928740473512,,0.001
LSTM3_3656400e,LSTM3,loso_subject_S019,2,0.04581987749705567,,0.15418956869599254,,0.001
LSTM3_3656400e,LSTM3,loso_subject_S019,3,0.027782720290501554,,0.12288231626404418,,0.001
LSTM3_3656400e,LSTM3,loso_subject_S019,4,0.02360684499123602,,0.11393315032442992,,0.001
LSTM3_3656400e,LSTM3,loso_subject_S019,5,0.021034267719487236,,0.10695869623106162,,0.001
LSTM3_3656400e,LSTM3,loso_subject_S019,6,0.016968641476234246,,0.09679369418069939,,0.001
LSTM3_3656400e,LSTM3,loso_subject_S019,7,0.01613564017418399,,0.09452252570200288,,0.001
LSTM3_3656400e,LSTM3,loso_subject_S019,8,0.017108556775730293,,0.09613032882909539,,0.001
LSTM3_3656400e,LSTM3,loso_subject_S019,9,0.01687460155325813,,0.09523935537236346,,0.001
LSTM3_3656400e,LSTM3,loso_subject_S019,10,0.014531060211000077,,0.08862295057896956,,0.001
LSTM3_3656400e,LSTM3,loso_subject_S019,11,0.014047028582765228,,0.08753726878638209,,0.001
LSTM3_3656400e,LSTM3,loso_subject_S019,12,0.013096564511178717,,0.08440187395758784,,0.001
LSTM3_3656400e,LSTM3,loso_subject_S019,13,0.012826399864048536,,0.08284866380745166,,0.001
LSTM3_3656400e,LSTM3,loso_subject_S019,14,0.013598817378634543,,0.08474307479619711,,0.001
LSTM3_3656400e,LSTM3,loso_subject_S019,15,0.01260396362260336,,0.08106087448224174,,0.001
LSTM3_3656400e,LSTM3,loso_subject_S019,16,0.012422450854787676,,0.08156167590075054,,0.001
LSTM3_3656400e,LSTM3,loso_subject_S019,17,0.013042608929192491,,0.08359596444999944,,0.001
LSTM3_3656400e,LSTM3,loso_subject_S019,18,0.011752857120563062,,0.0784958417624805,,0.001
LSTM3_3656400e,LSTM3,loso_subject_S019,19,0.011268794714683757,,0.07746464493438283,,0.001
LSTM3_3656400e,LSTM3,loso_subject_S019,20,0.01060068417084901,,0.07483404297360688,,0.001
LSTM3_3656400e,LSTM3,loso_subject_S019,21,0.011729851251947867,,0.07825056028513593,,0.001
LSTM3_3656400e,LSTM3,loso_subject_S019,22,0.011827285013908543,,0.07936188770527244,,0.001
LSTM3_3656400e,LSTM3,loso_subject_S019,23,0.012059415730409936,,0.07933008335572662,,0.001
LSTM3_3656400e,LSTM3,loso_subject_S019,24,0.010570052516708492,,0.0740963334408332,,0.001
LSTM3_3656400e,LSTM3,loso_subject_S019,25,0.010828663291738561,,0.07609263996104422,,0.001
LSTM3_3656400e,LSTM3,loso_subject_S019,26,0.010775349483719459,,0.07458156851802285,,0.001
LSTM3_3656400e,LSTM3,loso_subject_S019,27,0.010902782377270465,,0.07536568692953434,,0.001
LSTM3_3656400e,LSTM3,loso_subject_S019,28,0.010528116268016759,,0.07283344544696593,,0.001
LSTM3_3656400e,LSTM3,loso_subject_S019,29,0.010408739690303266,,0.07427873007358127,,0.001
LSTM3_3656400e,LSTM3,loso_subject_S019,30,0.011107255164135762,,0.07462921277677517,,0.001
LSTM3_3656400e,LSTM3,loso_subject_S019,31,0.010120938919668995,,0.07365598268932647,,0.001
LSTM3_3656400e,LSTM3,loso_subject_S019,32,0.009897246229786036,,0.07080391615930907,,0.001
LSTM3_3656400e,LSTM3,loso_subject_S019,33,0.010112435510853479,,0.07258140313343739,,0.001
LSTM3_3656400e,LSTM3,loso_subject_S019,34,0.010397076614083737,,0.07389551822695341,,0.001
LSTM3_3656400e,LSTM3,loso_subject_S019,35,0.009886690915150502,,0.07204061106299925,,0.001
LSTM3_3656400e,LSTM3,loso_subject_S019,36,0.009910167383472147,,0.0707563310023502,,0.001
LSTM3_3656400e,LSTM3,loso_subject_S019,37,0.009784500762040824,,0.07145833181315787,,0.001
LSTM3_3656400e,LSTM3,loso_subject_S019,38,0.010598249192882844,,0.0736608943651578,,0.001
LSTM3_3656400e,LSTM3,loso_subject_S019,39,0.009754795471103642,,0.07174141141004584,,0.001
LSTM3_3656400e,LSTM3,loso_subject_S019,40,0.010087596264084292,,0.07158464267933731,,0.001
LSTM3_3656400e,LSTM3,loso_subject_S019,41,0.010131397917321951,,0.07183358876120521,,0.001
LSTM3_3656400e,LSTM3,loso_subject_S019,42,0.010188476450707768,,0.07240295939826322,,0.001
LSTM3_3656400e,LSTM3,loso_subject_S019,43,0.010615485303388872,,0.07348908771445432,,0.001
LSTM3_3656400e,LSTM3,loso_subject_S019,44,0.010602241091815706,,0.07334733617788493,,0.001
LSTM3_3656400e,LSTM3,loso_subject_S019,45,0.009588564092375094,,0.06990889583885067,,0.001
LSTM3_3656400e,LSTM3,loso_subject_S019,46,0.009703796884386525,,0.0710396164749551,,0.001
LSTM3_3656400e,LSTM3,loso_subject_S019,47,0.010179042016314206,,0.0734252114900722,,0.001
LSTM3_3656400e,LSTM3,loso_subject_S019,48,0.010466638612545215,,0.07166221623043913,,0.001
LSTM3_3656400e,LSTM3,loso_subject_S019,49,0.010566241341497418,,0.07326628809168315,,0.001
LSTM3_3656400e,LSTM3,loso_subject_S019,50,0.00955808001148218,,0.06998792837119344,,0.001
LSTM3_3656400e,LSTM3,loso_subject_S019,51,0.00981879869792338,,0.07041470693891577,,0.001
LSTM3_3656400e,LSTM3,loso_subject_S019,52,0.009794624880086148,,0.07045193337515851,,0.001
LSTM3_3656400e,LSTM3,loso_subject_S019,53,0.009717265440463281,,0.07090921856722762,,0.001
LSTM3_3656400e,LSTM3,loso_subject_S019,54,0.009713331153626785,,0.07012808838748154,,0.001
LSTM3_3656400e,LSTM3,loso_subject_S019,55,0.0102252063044966,,0.07122921873265364,,0.001
LSTM3_3656400e,LSTM3,loso_subject_S019,56,0.009687184074346744,,0.07101407375593154,,0.001
LSTM3_3656400e,LSTM3,loso_subject_S019,57,0.009612459950756672,,0.06964370817851162,,0.001
LSTM3_3656400e,LSTM3,loso_subject_S019,58,0.009383750934870358,,0.06839499738658239,,0.001
LSTM3_3656400e,LSTM3,loso_subject_S019,59,0.009471735649891995,,0.06889230733647256,,0.001
LSTM3_3656400e,LSTM3,loso_subject_S019,60,0.009625889017289616,,0.06972256353956777,,0.001
LSTM3_3656400e,LSTM3,loso_subject_S019,61,0.009615749478993855,,0.06994289326972848,,0.001
LSTM3_3656400e,LSTM3,loso_subject_S019,62,0.009440752081531105,,0.0697325888195644,,0.001
LSTM3_3656400e,LSTM3,loso_subject_S019,63,0.01045213090475854,,0.07263176907503431,,0.001
LSTM3_3656400e,LSTM3,loso_subject_S019,64,0.010053708631842826,,0.07292229529675537,,0.001
LSTM3_3656400e,LSTM3,loso_subject_S019,65,0.009604941009616121,,0.07001509136521374,,0.001
LSTM3_3656400e,LSTM3,loso_subject_S019,66,0.008932033441625577,,0.06680640558155905,,0.001
LSTM3_3656400e,LSTM3,loso_subject_S019,67,0.008953453609416066,,0.06612446303275091,,0.001
LSTM3_3656400e,LSTM3,loso_subject_S019,68,0.008430311588844948,,0.06506951064441281,,0.001
LSTM3_3656400e,LSTM3,loso_subject_S019,69,0.009911569732129238,,0.07101949650052562,,0.001
LSTM3_3656400e,LSTM3,loso_subject_S019,70,0.008728652158532087,,0.06617312600963966,,0.001
LSTM3_3656400e,LSTM3,loso_subject_S019,71,0.009274267129541382,,0.06796106137963864,,0.001
LSTM3_3656400e,LSTM3,loso_subject_S019,72,0.009794981029257598,,0.07028914799471674,,0.001
LSTM3_3656400e,LSTM3,loso_subject_S019,73,0.00955413727150524,,0.06954615885398117,,0.001
LSTM3_3656400e,LSTM3,loso_subject_S019,74,0.01010791574059006,,0.06991087961250537,,0.001
LSTM3_3656400e,LSTM3,loso_subject_S019,75,0.008691650853545748,,0.06659769544250115,,0.001
LSTM3_3656400e,LSTM3,loso_subject_S019,76,0.0100738644124301,,0.07097157451279118,,0.001
LSTM3_3656400e,LSTM3,loso_subject_S019,77,0.01087972544357851,,0.07341946485893397,,0.001
LSTM3_3656400e,LSTM3,loso_subject_S019,78,0.008811989080483518,,0.06692531688979024,,0.001
LSTM3_3656400e,LSTM3,loso_subject_S019,79,0.008764670399636769,,0.0670965433380534,,0.001
LSTM3_3656400e,LSTM3,loso_subject_S019,80,0.008683793972737677,,0.06707420166167016,,0.001
