model_id,architecture_id,fold_id,epoch,train_loss,val_loss,train_mae,val_mae,lr
LSTM3_c8a39384,LSTM3,loso_subject_S001,1,0.2653781366440963,,0.3612897272382989,,0.001
LSTM3_c8a39384,LSTM3,loso_subject_S001,2,0.04154284822298514,,0.15066338120299597,,0.001
LSTM3_c8a39384,LSTM3,loso_subject_S001,3,0.027289619963608954,,0.12197471565282152,,0.001
LSTM3_c8a39384,LSTM3,loso_subject_S001,4,0.02299177253753677,,0.11149713941105069,,0.001
LSTM3_c8a39384,LSTM3,loso_subject_S001,5,0.019919426008154547,,0.1052607612019395,,0.001
LSTM3_c8a39384,LSTM3,loso_subject_S001,6,0.017796916831535985,,0.09883544333802088,,0.001
LSTM3_c8a39384,LSTM3,loso_subject_S001,7,0.017152253497353998,,0.09556817973764219,,0.001
LSTM3_c8a39384,LSTM3,loso_subject_S001,8,0.015165404273576967,,0.0906612710612489,,0.001
LSTM3_c8a39384,LSTM3,loso_subject_S001,9,0.01469684975899032,,0.0898461697139656,,0.001
LSTM3_c8a39384,LSTM3,loso_subject_S001,10,0.014630035925097712,,0.08887125022182313,,0.001
LSTM3_c8a39384,LSTM3,loso_subject_S001,11,0.015149843150238639,,0.09147798933217981,,0.001
LSTM3_c8a39384,LSTM3,loso_subject_S001,12,0.013402724070507832,,0.08523423143680713,,0.001
LSTM3_c8a39384,LSTM3,loso_subject_S001,13,0.012613810721385949,,0.08343184250233884,,0.001
LSTM3_c8a39384,LSTM3,loso_subject_S001,14,0.01275198757950962,,0.08185875881130034,,0.001
LSTM3_c8a39384,LSTM3,loso_subject_S001,15,0.01282648744352291,,0.0829074426997374,,0.001
LSTM3_c8a39384,LSTM3,loso_subject_S001,16,0.01189151045730701,,0.08021569640026781,,0.001
LSTM3_c8a39384,LSTM3,loso_subject_S001,17,0.013059713412717111,,0.08402444007366838,,0.001
LSTM3_c8a39384,LSTM3,loso_subject_S001,18,0.012136768988040633,,0.07924167108033729,,0.001
LSTM3_c8a39384,LSTM3,loso_subject_S001,19,0.011982846261967797,,0.0796574409912678,,0.001
LSTM3_c8a39384,LSTM3,loso_subject_S001,20,0.01147051147492118,,0.07778675934597706,,0.001
LSTM3_c8a39384,LSTM3,loso_subject_S001,21,0.0117437458729657,,0.07860235144309094,,0.001
LSTM3_c8a39384,LSTM3,loso_subject_S001,22,0.010084655005900108,,0.07342528976333919,,0.001
LSTM3_c8a39384,LSTM3,loso_subject_S001,23,0.011822364278170497,,0.07823204037910514,,0.001
LSTM3_c8a39384,LSTM3,loso_subject_S001,24,0.011150005020246325,,0.07611903370640805,,0.001
LSTM3_c8a39384,LSTM3,loso_subject_S001,25,0.011906483446978732,,0.07928912489252776,,0.001
LSTM3_c8a39384,LSTM3,loso_subject_S001,26,0.010768488433264337,,0.0753612899534997,,0.001
LSTM3_c8a39384,LSTM3,loso_subject_S001,27,0.010392795598732721,,0.07406806570913324,,0.001
LSTM3_c8a39384,LSTM3,loso_subject_S001,28,0.01060460177971834,,0.07511528007154979,,0.001
LSTM3_c8a39384,LSTM3,loso_subject_S001,29,0.010957376994530983,,0.07478060497869778,,0.001
LSTM3_c8a39384,LSTM3,loso_subject_S001,30,0.010571682842091,,0.07370926464987038,,0.001
LSTM3_c8a39384,LSTM3,loso_subject_S001,31,0.010634774862571488,,0.07500143993739218,,0.001
LSTM3_c8a39384,LSTM3,loso_subject_S001,32,0.010524516001840022,,0.07358755872059616,,0.001
LSTM3_c8a39384,LSTM3,loso_subject_S001,33,0.010607272256837382,,0.0746956073176326,,0.001
LSTM3_c8a39384,LSTM3,loso_subject_S001,34,0.010208456326115075,,0.07331039789964633,,0.001
LSTM3_c8a39384,LSTM3,loso_subject_S001,35,0.011095288973542618,,0.07542614246075914,,0.001
LSTM3_c8a39384,LSTM3,loso_subject_S001,36,0.011223117929867663,,0.07609663056319914,,0.001
LSTM3_c8a39384,LSTM3,loso_subject_S001,37,0.010262160509426896,,0.0724077296991618,,0.001
LSTM3_c8a39384,LSTM3,loso_subject_S001,38,0.010197268999798212,,0.07220721159498454,,0.001
LSTM3_c8a39384,LSTM3,loso_subject_S001,39,0.010527393932664752,,0.07392881018438517,,0.001
LSTM3_c8a39384,LSTM3,loso_subject_S001,40,0.009850310335772001,,0.07228197139643487,,0.001
LSTM3_c8a39384,LSTM3,loso_subject_S001,41,0.01059694299123158,,0.07298172271033472,,0.001
LSTM3_c8a39384,LSTM3,loso_subject_S001,42,0.01056057895989276,,0.07378815463545432,,0.001
LSTM3_c8a39384,LSTM3,loso_subject_S001,43,0.010439273456002344,,0.0721969388214117,,0.001
LSTM3_c8a39384,LSTM3,loso_subject_S001,44,0.009630537807850175,,0.07034549527967432,,0.001
LSTM3_c8a39384,LSTM3,loso_subject_S001,45,0.010373558983936836,,0.0720122405075351,,0.001
LSTM3_c8a39384,LSTM3,loso_subject_S001,46,0.010280949904173489,,0.07283662459532354,,0.001
LSTM3_c8a39384,LSTM3,loso_subject_S001,47,0.009096209286280672,,0.0683168789985552,,0.001
LSTM3_c8a39384,LSTM3,loso_subject_S001,48,0.009105669578833174,,0.06867627211954848,,0.001
LSTM3_c8a39384,LSTM3,loso_subject_S001,49,0.008953393257394568,,0.06820393932848438,,0.001
LSTM3_c8a39384,LSTM3,loso_subject_S001,50,0.008990907009399786,,0.06961672457266765,,0.001
LSTM3_c8a39384,LSTM3,loso_subject_S001,51,0.009690033217434208,,0.07019975301757057,,0.001
LSTM3_c8a39384,LSTM3,loso_subject_S001,52,0.009182639553591285,,0.06813639780763356,,0.001
LSTM3_c8a39384,LSTM3,loso_subject_S001,53,0.009997326916582552,,0.07012423779020747,,0.001
LSTM3_c8a39384,LSTM3,loso_subject_S001,54,0.009298066065913057,,0.06891696832657779,,0.001
LSTM3_c8a39384,LSTM3,loso_subject_S001,55,0.009225249866999331,,0.06923745362564385,,0.001
LSTM3_c8a39384,LSTM3,loso_subject_S001,56,0.009559241648503991,,0.06950874798904265,,0.001
LSTM3_c8a39384,LSTM3,loso_subject_S001,57,0.009329779485551788,,0.06866666918249784,,0.001
LSTM3_c8a39384,LSTM3,loso_subject_S001,58,0.009400096692979549,,0.0700559400774676,,0.001
LSTM3_c8a39384,LSTM3,loso_subject_S001,59,0.008964609115174568,,0.0672008217718199,,0.001
LSTM3_c8a39384,LSTM3,loso_subject_S001,60,0.010266142515088781,,0.071913955688575,,0.001
LSTM3_c8a39384,LSTM3,loso_subject_S001,61,0.008971892172425059,,0.06628741360862427,,0.001
LSTM3_c8a39384,LSTM3,loso_subject_S001,62,0.009110200527502737,,0.0683449847439646,,0.001
LSTM3_c8a39384,LSTM3,loso_subject_S001,63,0.008977005342798328,,0.06847553734457135,,0.001
LSTM3_c8a39384,LSTM3,loso_subject_S001,64,0.009432852338202772,,0.06982737735319886,,0.001
LSTM3_c8a39384,LSTM3,loso_subject_S001,65,0.00940342866996354,,0.06919434166852023,,0.001
LSTM3_c8a39384,LSTM3,loso_subject_S001,66,0.008998177989193503,,0.0678241946338426,,0.001
LSTM3_c8a39384,LSTM3,loso_subject_S001,67,0.009571636031811687,,0.06899630434620391,,0.001
LSTM3_c8a39384,LSTM3,loso_subject_S001,68,0.009263335091148793,,0.06739663186888376,,0.001
LSTM3_c8a39384,LSTM3,loso_subject_S001,69,0.009769924079854234,,0.06847986541411584,,0.001
LSTM3_c8a39384,LSTM3,loso_subject_S001,70,0.009466459475018795,,0.06972848540523181,,0.001
LSTM3_c8a39384,LSTM3,loso_subject_S001,71,0.008938410183778321,,0.06636192035386296,,0.001
LSTM3_c8a39384,LSTM3,loso_subject_S001,72,0.008732695750171304,,0.06736358573433128,,0.001
LSTM3_c8a39384,LSTM3,loso_subject_S001,73,0.010047242900588903,,0.0703717487313811,,0.001
LSTM3_c8a39384,LSTM3,loso_subject_S001,74,0.009575104395898166,,0.06854184604350641,,0.001
LSTM3_c8a39384,LSTM3,loso_subject_S001,75,0.009766930297423157,,0.07018908532220997,,0.001
LSTM3_c8a39384,LSTM3,loso_subject_S001,76,0.009338366441190767,,0.0686284230943557,,0.001
LSTM3_c8a39384,LSTM3,loso_subject_S001,77,0.008698401765007307,,0.06636716594405323,,0.001
LSTM3_c8a39384,LSTM3,loso_subject_S001,78,0.00906838524569838,,0.0667726965239151,,0.001
LSTM3_c8a39384,LSTM3,loso_subject_S001,79,0.009565514822544603,,0.06929544763454484,,0.001
LSTM3_c8a39384,LSTM3,loso_subject_S001,80,0.009512369606583417,,0.06976582618118021,,0.001
LSTM3_c8a39384,LSTM3,loso_subject_S002,1,0.29402676248348475,,0.37608679336913653,,0.001
LSTM3_c8a39384,LSTM3,loso_subject_S002,2,0.03963510793290429,,0.1468224043157287,,0.001
LSTM3_c8a39384,LSTM3,loso_subject_S002,3,0.028952284703298133,,0.12490805777395307,,0.001
LSTM3_c8a39384,LSTM3,loso_subject_S002,4,0.021490917440416688,,0.107445324156819,,0.001
LSTM3_c8a39384,LSTM3,loso_subject_S002,5,0.020247321354881886,,0.10465435187689685,,0.001
LSTM3_c8a39384,LSTM3,loso_subject_S002,6,0.01712826425828186,,0.09795419411429733,,0.001
LSTM3_c8a39384,LSTM3,loso_subject_S002,7,0.016255764950304206,,0.09452216747099432,,0.001
LSTM3_c8a39384,LSTM3,loso_subject_S002,8,0.01604517425767803,,0.09353870000969694,,0.001
LSTM3_c8a39384,LSTM3,loso_subject_S002,9,0.014231825869582528,,0.08972873649018752,,0.001
LSTM3_c8a39384,LSTM3,loso_subject_S002,10,0.014791058816674833,,0.09000083924133183,,0.001
LSTM3_c8a39384,LSTM3,loso_subject_S002,11,0.015354330487435112,,0.09047242194117638,,0.001
LSTM3_c8a39384,LSTM3,loso_subject_S002,12,0.013794702464731174,,0.08659068939986489,,0.001
LSTM3_c8a39384,LSTM3,loso_subject_S002,13,0.013231188176051043,,0.08352282274695742,,0.001
LSTM3_c8a39384,LSTM3,loso_subject_S002,14,0.013493125775438798,,0.0852739266323992,,0.001
LSTM3_c8a39384,LSTM3,loso_subject_S002,15,0.012380440772515322,,0.08137846387107386,,0.001
LSTM3_c8a39384,LSTM3,loso_subject_S002,16,0.011884149505162542,,0.08029884057789119,,0.001
LSTM3_c8a39384,LSTM3,loso_subject_S002,17,0.012332389180521694,,0.08092692150511739,,0.001
LSTM3_c8a39384,LSTM3,loso_subject_S002,18,0.011929271912863856,,0.07962306166975752,,0.001
LSTM3_c8a39384,LSTM3,loso_subject_S002,19,0.01230138000155944,,0.08117244430497372,,0.001
LSTM3_c8a39384,LSTM3,loso_subject_S002,20,0.011300407345680923,,0.07703184067369565,,0.001
LSTM3_c8a39384,LSTM3,loso_subject_S002,21,0.01093475376066741,,0.0766302410810665,,0.001
LSTM3_c8a39384,LSTM3,loso_subject_S002,22,0.011505663179626934,,0.07857612373708525,,0.001
LSTM3_c8a39384,LSTM3,loso_subject_S002,23,0.011243519762645617,,0.07702934511584857,,0.001
LSTM3_c8a39384,LSTM3,loso_subject_S002,24,0.010942249656781358,,0.07600051288035455,,0.001
LSTM3_c8a39384,LSTM3,loso_subject_S002,25,0.010988657081283831,,0.07641038184614392,,0.001
LSTM3_c8a39384,LSTM3,loso_subject_S002,26,0.01088396968764763,,0.07550699797311948,,0.001
LSTM3_c8a39384,LSTM3,loso_subject_S002,27,0.010034096372294014,,0.07435316088604138,,0.001
LSTM3_c8a39384,LSTM3,loso_subject_S002,28,0.009661352385609789,,0.07230161153867892,,0.001
LSTM3_c8a39384,LSTM3,loso_subject_S002,29,0.010077086977738788,,0.07254547663043026,,0.001
LSTM3_c8a39384,LSTM3,loso_subject_S002,30,0.010460321847314345,,0.07433167807948175,,0.001
LSTM3_c8a39384,LSTM3,loso_subject_S002,31,0.010742146969061925,,0.07633643439097185,,0.001
LSTM3_c8a39384,LSTM3,loso_subject_S002,32,0.010193596475585619,,0.07244002491508193,,0.001
LSTM3_c8a39384,LSTM3,loso_subject_S002,33,0.012698956000317878,,0.08127032088340691,,0.001
LSTM3_c8a39384,LSTM3,loso_subject_S002,34,0.010893208014549155,,0.07495060932911926,,0.001
LSTM3_c8a39384,LSTM3,loso_subject_S002,35,0.010151258195743152,,0.07285000922363206,,0.001
LSTM3_c8a39384,LSTM3,loso_subject_S002,36,0.011213878452633618,,0.07625242000940058,,0.001
LSTM3_c8a39384,LSTM3,loso_subject_S002,37,0.010169976254542986,,0.0737718486716171,,0.001
LSTM3_c8a39384,LSTM3,loso_subject_S002,38,0.009879386567953412,,0.07262753834334408,,0.001
LSTM3_c8a39384,LSTM3,loso_subject_S002,39,0.009905595874549577,,0.07205479098551534,,0.001
LSTM3_c8a39384,LSTM3,loso_subject_S002,40,0.010005113036547313,,0.0722614510581358,,0.001
LSTM3_c8a39384,LSTM3,loso_subject_S002,41,0.009790071471824412,,0.07049372713210507,,0.001
LSTM3_c8a39384,LSTM3,loso_subject_S002,42,0.009568420131017163,,0.0707695445385903,,0.001
LSTM3_c8a39384,LSTM3,loso_subject_S002,43,0.010031089268055822,,0.07045742065820298,,0.001
LSTM3_c8a39384,LSTM3,loso_subject_S002,44,0.01047905390512706,,0.07315129602318426,,0.001
LSTM3_c8a39384,LSTM3,loso_subject_S002,45,0.010037125195455458,,0.07155370787006451,,0.001
LSTM3_c8a39384,LSTM3,loso_subject_S002,46,0.010535113159935239,,0.07404577454918172,,0.001
LSTM3_c8a39384,LSTM3,loso_subject_S002,47,0.009989016561456671,,0.07046049980546365,,0.001
LSTM3_c8a39384,LSTM3,loso_subject_S002,48,0.010099752325690835,,0.07246826101283804,,0.001
LSTM3_c8a39384,LSTM3,loso_subject_S002,49,0.010151185925461955,,0.072438830239826,,0.001
LSTM3_c8a39384,LSTM3,loso_subject_S002,50,0.010194344406496232,,0.07241163177815904,,0.001
LSTM3_c8a39384,LSTM3,loso_subject_S002,51,0.009958868059468674,,0.07157486234422203,,0.001
LSTM3_c8a39384,LSTM3,loso_subject_S002,52,0.010740167489821258,,0.07494296342170537,,0.001
LSTM3_c8a39384,LSTM3,loso_subject_S002,53,0.00985954898532503,,0.07133366969098773,,0.001
LSTM3_c8a39384,LSTM3,loso_subject_S002,54,0.011021959142742914,,0.07401290219893183,,0.001
LSTM3_c8a39384,LSTM3,loso_subject_S002,55,0.010382923566037351,,0.07279987355960124,,0.001
LSTM3_c8a39384,LSTM3,loso_subject_S002,56,0.009871068428856258,,0.07028614838025878,,0.001
LSTM3_c8a39384,LSTM3,loso_subject_S002,57,0.009692491624433208,,0.07073310730389351,,0.001
LSTM3_c8a39384,LSTM3,loso_subject_S002,58,0.010484533484110624,,0.07314248076126953,,0.001
LSTM3_c8a39384,LSTM3,loso_subject_S002,59,0.011143720161613517,,0.07626681828945996,,0.001
LSTM3_c8a39384,LSTM3,loso_subject_S002,60,0.009844864150656987,,0.07158828347532716,,0.001
LSTM3_c8a39384,LSTM3,loso_subject_S002,61,0.010162257516777188,,0.07047134187772698,,0.001
LSTM3_c8a39384,LSTM3,loso_subject_S002,62,0.009390757299842461,,0.0692380013810303,,0.001
LSTM3_c8a39384,LSTM3,loso_subject_S002,63,0.009295587042513377,,0.06834563105080389,,0.001
LSTM3_c8a39384,LSTM3,loso_subject_S002,64,0.009794502410638008,,0.07029100426561123,,0.001
LSTM3_c8a39384,LSTM3,loso_subject_S002,65,0.009481829314299943,,0.06988536472937919,,0.001
LSTM3_c8a39384,LSTM3,loso_subject_S002,66,0.009151720590378592,,0.06888308831442745,,0.001
LSTM3_c8a39384,LSTM3,loso_subject_S002,67,0.010141873942267022,,0.07196605691005624,,0.001
LSTM3_c8a39384,LSTM3,loso_subject_S002,68,0.009075404111454707,,0.06862022322243214,,0.001
LSTM3_c8a39384,LSTM3,loso_subject_S002,69,0.00913586184689457,,0.06772709306921489,,0.001
LSTM3_c8a39384,LSTM3,loso_subject_S002,70,0.009592561041483013,,0.06998796295249421,,0.001
LSTM3_c8a39384,LSTM3,loso_subject_S002,71,0.01004800472859795,,0.07156977759141793,,0.001
LSTM3_c8a39384,LSTM3,loso_subject_S002,72,0.009438303465278568,,0.06978579645645365,,0.001
LSTM3_c8a39384,LSTM3,loso_subject_S002,73,0.009520903221950332,,0.07030850531281435,,0.001
LSTM3_c8a39384,LSTM3,loso_subject_S002,74,0.009622351222118885,,0.0699035788686662,,0.001
LSTM3_c8a39384,LSTM3,loso_subject_S002,75,0.00939118810940627,,0.06853084852375566,,0.001
LSTM3_c8a39384,LSTM3,loso_subject_S002,76,0.009073997732040526,,0.06792205381706762,,0.001
LSTM3_c8a39384,LSTM3,loso_subject_S002,77,0.009591888421112194,,0.07092683063532018,,0.001
LSTM3_c8a39384,LSTM3,loso_subject_S002,78,0.009257871988668946,,0.06823824373912542,,0.001
LSTM3_c8a39384,LSTM3,loso_subject_S002,79,0.010414699216341462,,0.0709573304113857,,0.001
LSTM3_c8a39384,LSTM3,loso_subject_S002,80,0.008832472289628674,,0.06738791087480539,,0.001
LSTM3_c8a39384,LSTM3,loso_subject_S003,1,0.29935548177116766,,0.386435002306449,,0.001
LSTM3_c8a39384,LSTM3,loso_subject_S003,2,0.03923701775690836,,0.14499357936084606,,0.001
LSTM3_c8a39384,LSTM3,loso_subject_S003,3,0.02778511711147994,,0.12044318521518943,,0.001
LSTM3_c8a39384,LSTM3,loso_subject_S003,4,0.021179760767501037,,0.1064641588316189,,0.001
LSTM3_c8a39384,LSTM3,loso_subject_S003,5,0.01925212490457216,,0.10121388640359497,,0.001
LSTM3_c8a39384,LSTM3,loso_subject_S003,6,0.017118530071375072,,0.09529466532313247,,0.001
LSTM3_c8a39384,LSTM3,loso_subject_S003,7,0.01584959763476229,,0.09286354343889802,,0.001
LSTM3_c8a39384,LSTM3,loso_subject_S003,8,0.01702935910700947,,0.09478455991458035,,0.001
LSTM3_c8a39384,LSTM3,loso_subject_S003,9,0.015009177540700266,,0.08854656401682222,,0.001
LSTM3_c8a39384,LSTM3,loso_subject_S003,10,0.013613998777829152,,0.08535205525072675,,0.001
LSTM3_c8a39384,LSTM3,loso_subject_S003,11,0.013508398366591257,,0.08455091317606456,,0.001
LSTM3_c8a39384,LSTM3,loso_subject_S003,12,0.012945613605928837,,0.08305141924806064,,0.001
LSTM3_c8a39384,LSTM3,loso_subject_S003,13,0.012920750278866399,,0.08154386952435608,,0.001
LSTM3_c8a39384,LSTM3,loso_subject_S003,14,0.012677872421469276,,0.08307575412656111,,0.001
LSTM3_c8a39384,LSTM3,loso_subject_S003,15,0.01219647506270788,,0.08029679532494936,,0.001
LSTM3_c8a39384,LSTM3,loso_subject_S003,16,0.011541388744511405,,0.07877402569097126,,0.001
LSTM3_c8a39384,LSTM3,loso_subject_S003,17,0.01198408822555208,,0.07841693525306286,,0.001
LSTM3_c8a39384,LSTM3,loso_subject_S003,18,0.011794859750868901,,0.07692339407076852,,0.001
LSTM3_c8a39384,LSTM3,loso_subject_S003,19,0.01189658664380639,,0.07866720097606711,,0.001
LSTM3_c8a39384,LSTM3,loso_subject_S003,20,0.010339494226804198,,0.0748584089199389,,0.001
LSTM3_c8a39384,LSTM3,loso_subject_S003,21,0.011443023627500298,,0.0770371408862794,,0.001
LSTM3_c8a39384,LSTM3,loso_subject_S003,22,0.011228848275957949,,0.0765667794140305,,0.001
LSTM3_c8a39384,LSTM3,loso_subject_S003,23,0.011700846963007888,,0.07733288537229006,,0.001
LSTM3_c8a39384,LSTM3,loso_subject_S003,24,0.011104508151202824,,0.07602461181053026,,0.001
LSTM3_c8a39384,LSTM3,loso_subject_S003,25,0.010712111602391716,,0.07472788435234128,,0.001
LSTM3_c8a39384,LSTM3,loso_subject_S003,26,0.01048026559507753,,0.07410422916219259,,0.001
LSTM3_c8a39384,LSTM3,loso_subject_S003,27,0.010794751916009477,,0.07396376779129052,,0.001
LSTM3_c8a39384,LSTM3,loso_subject_S003,28,0.011052077045272387,,0.07567520273683846,,0.001
LSTM3_c8a39384,LSTM3,loso_subject_S003,29,0.010663191094382742,,0.07388489387502016,,0.001
LSTM3_c8a39384,LSTM3,loso_subject_S003,30,0.010412477010272285,,0.07264547618221244,,0.001
LSTM3_c8a39384,LSTM3,loso_subject_S003,31,0.010282766484080304,,0.0728022732276415,,0.001
LSTM3_c8a39384,LSTM3,loso_subject_S003,32,0.010184496740681717,,0.07272149290558458,,0.001
LSTM3_c8a39384,LSTM3,loso_subject_S003,33,0.010848796204637624,,0.0743795991094764,,0.001
LSTM3_c8a39384,LSTM3,loso_subject_S003,34,0.010091246508535405,,0.07142426749048136,,0.001
LSTM3_c8a39384,LSTM3,loso_subject_S003,35,0.009835670858776643,,0.07118548863516079,,0.001
LSTM3_c8a39384,LSTM3,loso_subject_S003,36,0.00983046524486472,,0.07136859266240364,,0.001
LSTM3_c8a39384,LSTM3,loso_subject_S003,37,0.010333200754268834,,0.07249632778633029,,0.001
LSTM3_c8a39384,LSTM3,loso_subject_S003,38,0.010850495743147266,,0.0747104304034946,,0.001
LSTM3_c8a39384,LSTM3,loso_subject_S003,39,0.010453886608095552,,0.07253316856074253,,0.001
LSTM3_c8a39384,LSTM3,loso_subject_S003,40,0.009561521190777002,,0.0692953640433747,,0.001
LSTM3_c8a39384,LSTM3,loso_subject_S003,41,0.0101084165050909,,0.07129823786067212,,0.001
LSTM3_c8a39384,LSTM3,loso_subject_S003,42,0.01021387863221198,,0.07181138856204476,,0.001
LSTM3_c8a39384,LSTM3,loso_subject_S003,43,0.009574357579442326,,0.07076870317333059,,0.001
LSTM3_c8a39384,LSTM3,loso_subject_S003,44,0.010381839731530076,,0.07206422372965228,,0.001
LSTM3_c8a39384,LSTM3,loso_subject_S003,45,0.009132121300955457,,0.06937696636812625,,0.001
LSTM3_c8a39384,LSTM3,loso_subject_S003,46,0.009627099093405951,,0.07019935375659887,,0.001
LSTM3_c8a39384,LSTM3,loso_subject_S003,47,0.009069719671348217,,0.06813721454317846,,0.001
LSTM3_c8a39384,LSTM3,loso_subject_S003,48,0.009586486830276566,,0.06935643189334226,,0.001
LSTM3_c8a39384,LSTM3,loso_subject_S003,49,0.00950417743264556,,0.06890639457411653,,0.001
LSTM3_c8a39384,LSTM3,loso_subject_S003,50,0.010050248013153521,,0.06969456659594322,,0.001
LSTM3_c8a39384,LSTM3,loso_subject_S003,51,0.009252949260569129,,0.06879041873597455,,0.001
LSTM3_c8a39384,LSTM3,loso_subject_S003,52,0.009276314061847426,,0.06820244562924244,,0.001
LSTM3_c8a39384,LSTM3,loso_subject_S003,53,0.009595848300417778,,0.06981907587988706,,0.001
LSTM3_c8a39384,LSTM3,loso_subject_S003,54,0.009615894373510498,,0.06898699219771258,,0.001
LSTM3_c8a39384,LSTM3,loso_subject_S003,55,0.009406114401478064,,0.06940792772512468,,0.001
LSTM3_c8a39384,LSTM3,loso_subject_S003,56,0.010414025296862535,,0.07281472608530884,,0.001
LSTM3_c8a39384,LSTM3,loso_subject_S003,57,0.010195243499200913,,0.07055871049518392,,0.001
LSTM3_c8a39384,LSTM3,loso_subject_S003,58,0.009520540121812856,,0.06952381517876388,,0.001
LSTM3_c8a39384,LSTM3,loso_subject_S003,59,0.009034545900440524,,0.06782619198375665,,0.001
LSTM3_c8a39384,LSTM3,loso_subject_S003,60,0.009706760651910734,,0.06960232728511866,,0.001
LSTM3_c8a39384,LSTM3,loso_subject_S003,61,0.010439681731524833,,0.07035867952824444,,0.001
LSTM3_c8a39384,LSTM3,loso_subject_S003,62,0.00949506031472919,,0.06933357598442329,,0.001
LSTM3_c8a39384,LSTM3,loso_subject_S003,63,0.009075684520584626,,0.06731234590184568,,0.001
LSTM3_c8a39384,LSTM3,loso_subject_S003,64,0.00953050003951694,,0.06923506437005691,,0.001
LSTM3_c8a39384,LSTM3,loso_subject_S003,65,0.008987098950075554,,0.06690375218576468,,0.001
LSTM3_c8a39384,LSTM3,loso_subject_S003,66,0.009671766063695013,,0.06810886542762225,,0.001
LSTM3_c8a39384,LSTM3,loso_subject_S003,67,0.009269240565799152,,0.06844434739667733,,0.001
LSTM3_c8a39384,LSTM3,loso_subject_S003,68,0.008922743877129895,,0.06689151663111084,,0.001
LSTM3_c8a39384,LSTM3,loso_subject_S003,69,0.010095567848948245,,0.07027589240613215,,0.001
LSTM3_c8a39384,LSTM3,loso_subject_S003,70,0.009141597903099988,,0.06857042308766877,,0.001
LSTM3_c8a39384,LSTM3,loso_subject_S003,71,0.008917797010609853,,0.06690656635554086,,0.001
LSTM3_c8a39384,LSTM3,loso_subject_S003,72,0.009113925890483725,,0.06842504093094537,,0.001
LSTM3_c8a39384,LSTM3,loso_subject_S003,73,0.009502074668651156,,0.06938894718248477,,0.001
LSTM3_c8a39384,LSTM3,loso_subject_S003,74,0.009545060844737848,,0.06937008519542767,,0.001
LSTM3_c8a39384,LSTM3,loso_subject_S003,75,0.009783183405735228,,0.07067222631755374,,0.001
LSTM3_c8a39384,LSTM3,loso_subject_S003,76,0.010076283040394665,,0.07044091921287125,,0.001
LSTM3_c8a39384,LSTM3,loso_subject_S003,77,0.00966424206785095,,0.06977286009606146,,0.001
LSTM3_c8a39384,LSTM3,loso_subject_S003,78,0.009192714394312206,,0.06754665613945478,,0.001
LSTM3_c8a39384,LSTM3,loso_subject_S003,79,0.009003226881526218,,0.06679351084328207,,0.001
LSTM3_c8a39384,LSTM3,loso_subject_S003,80,0.008259069519190807,,0.06460103647379023,,0.001
LSTM3_c8a39384,LSTM3,loso_subject_S004,1,0.2606592233303573,,0.35620724191512415,,0.001
LSTM3_c8a39384,LSTM3,loso_subject_S004,2,0.041772442050187646,,0.15153709399259127,,0.001
LSTM3_c8a39384,LSTM3,loso_subject_S004,3,0.029869627019391973,,0.12648938893627998,,0.001
LSTM3_c8a39384,LSTM3,loso_subject_S004,4,0.023631266131393498,,0.11219332633374544,,0.001
LSTM3_c8a39384,LSTM3,loso_subject_S004,5,0.021725267464108414,,0.11011851270706499,,0.001
LSTM3_c8a39384,LSTM3,loso_subject_S004,6,0.019359170585466323,,0.10331923199519254,,0.001
LSTM3_c8a39384,LSTM3,loso_subject_S004,7,0.017389212999328902,,0.0985577897609584,,0.001
LSTM3_c8a39384,LSTM3,loso_subject_S004,8,0.015884941032590447,,0.09216734408414785,,0.001
LSTM3_c8a39384,LSTM3,loso_subject_S004,9,0.013955371436752758,,0.08797552301984782,,0.001
LSTM3_c8a39384,LSTM3,loso_subject_S004,10,0.014508932228561047,,0.08934154013403679,,0.001
LSTM3_c8a39384,LSTM3,loso_subject_S004,11,0.013649441000519815,,0.08611211720718231,,0.001
LSTM3_c8a39384,LSTM3,loso_subject_S004,12,0.013131658390945046,,0.08355617414744454,,0.001
LSTM3_c8a39384,LSTM3,loso_subject_S004,13,0.01329895538458253,,0.08502782763555634,,0.001
LSTM3_c8a39384,LSTM3,loso_subject_S004,14,0.012192504482744691,,0.08088272485641605,,0.001
LSTM3_c8a39384,LSTM3,loso_subject_S004,15,0.012648367593852114,,0.08245377052829873,,0.001
LSTM3_c8a39384,LSTM3,loso_subject_S004,16,0.01231086944978631,,0.08225298930053096,,0.001
LSTM3_c8a39384,LSTM3,loso_subject_S004,17,0.012029212980742169,,0.07985568717383643,,0.001
LSTM3_c8a39384,LSTM3,loso_subject_S004,18,0.011614839875350811,,0.07928648974133799,,0.001
LSTM3_c8a39384,LSTM3,loso_subject_S004,19,0.012651326570407365,,0.08224135602877458,,0.001
LSTM3_c8a39384,LSTM3,loso_subject_S004,20,0.01216594933069661,,0.08020825359729893,,0.001
LSTM3_c8a39384,LSTM3,loso_subject_S004,21,0.011027580228476485,,0.07699307644814696,,0.001
LSTM3_c8a39384,LSTM3,loso_subject_S004,22,0.011437593279957223,,0.0774841921038316,,0.001
LSTM3_c8a39384,LSTM3,loso_subject_S004,23,0.010445353939984412,,0.07501628594948348,,0.001
LSTM3_c8a39384,LSTM3,loso_subject_S004,24,0.011752054005229502,,0.07764142385905026,,0.001
LSTM3_c8a39384,LSTM3,loso_subject_S004,25,0.010397681615323175,,0.07441662996604963,,0.001
LSTM3_c8a39384,LSTM3,loso_subject_S004,26,0.010336685925470617,,0.0744377349719884,,0.001
LSTM3_c8a39384,LSTM3,loso_subject_S004,27,0.0108189490487205,,0.0753730836206438,,0.001
LSTM3_c8a39384,LSTM3,loso_subject_S004,28,0.010866688119759117,,0.07615257988958271,,0.001
LSTM3_c8a39384,LSTM3,loso_subject_S004,29,0.010662574638682235,,0.07479200350201648,,0.001
LSTM3_c8a39384,LSTM3,loso_subject_S004,30,0.010827383062948882,,0.0740724903685545,,0.001
LSTM3_c8a39384,LSTM3,loso_subject_S004,31,0.011691763267210777,,0.07948278506366169,,0.001
LSTM3_c8a39384,LSTM3,loso_subject_S004,32,0.010893347378857403,,0.07587363153631675,,0.001
LSTM3_c8a39384,LSTM3,loso_subject_S004,33,0.010782097812612218,,0.07486834530166571,,0.001
LSTM3_c8a39384,LSTM3,loso_subject_S004,34,0.010798513714768357,,0.07514588417731329,,0.001
LSTM3_c8a39384,LSTM3,loso_subject_S004,35,0.010637232879100782,,0.0746113946497875,,0.001
LSTM3_c8a39384,LSTM3,loso_subject_S004,36,0.010224264329377297,,0.07366443336887228,,0.001
LSTM3_c8a39384,LSTM3,loso_subject_S004,37,0.010478638704587503,,0.07457038460391424,,0.001
LSTM3_c8a39384,LSTM3,loso_subject_S004,38,0.010009445042542805,,0.07155794163603993,,0.001
LSTM3_c8a39384,LSTM3,loso_subject_S004,39,0.010882024538946971,,0.07585974256355892,,0.001
LSTM3_c8a39384,LSTM3,loso_subject_S004,40,0.009896555782428809,,0.07230167267147412,,0.001
LSTM3_c8a39384,LSTM3,loso_subject_S004,41,0.009834580664914539,,0.07144443762003007,,0.001
LSTM3_c8a39384,LSTM3,loso_subject_S004,42,0.009871045638065934,,0.07065585540024583,,0.001
LSTM3_c8a39384,LSTM3,loso_subject_S004,43,0.009974773490337176,,0.07148959714835829,,0.001
LSTM3_c8a39384,LSTM3,loso_subject_S004,44,0.009939625450565127,,0.0712817198995027,,0.001
LSTM3_c8a39384,LSTM3,loso_subject_S004,45,0.009855922849387607,,0.07092466910779395,,0.001
LSTM3_c8a39384,LSTM3,loso_subject_S004,46,0.009840596939582712,,0.07212734493836177,,0.001
LSTM3_c8a39384,LSTM3,loso_subject_S004,47,0.00952348538329601,,0.06939975044919193,,0.001
LSTM3_c8a39384,LSTM3,loso_subject_S004,48,0.00949110041814875,,0.07056501342872494,,0.001
LSTM3_c8a39384,LSTM3,loso_subject_S004,49,0.009872194378310576,,0.07168947434183104,,0.001
LSTM3_c8a39384,LSTM3,loso_subject_S004,50,0.009193819302304987,,0.06980779373179795,,0.001
LSTM3_c8a39384,LSTM3,loso_subject_S004,51,0.009684417281091583,,0.07094244965782946,,0.001
LSTM3_c8a39384,LSTM3,loso_subject_S004,52,0.009791368775043557,,0.07106516164982284,,0.001
LSTM3_c8a39384,LSTM3,loso_subject_S004,53,0.01024018443970987,,0.07184914690664965,,0.001
LSTM3_c8a39384,LSTM3,loso_subject_S004,54,0.010767966651217119,,0.07441162195860486,,0.001
LSTM3_c8a39384,LSTM3,loso_subject_S004,55,0.010490303169488263,,0.07366487497522675,,0.001
LSTM3_c8a39384,LSTM3,loso_subject_S004,56,0.009703610030531305,,0.071482858336635,,0.001
LSTM3_c8a39384,LSTM3,loso_subject_S004,57,0.009974187642663853,,0.0707947183425543,,0.001
LSTM3_c8a39384,LSTM3,loso_subject_S004,58,0.009019264224247694,,0.06882933833765366,,0.001
LSTM3_c8a39384,LSTM3,loso_subject_S004,59,0.010134940960424641,,0.07229469157805676,,0.001
LSTM3_c8a39384,LSTM3,loso_subject_S004,60,0.010422871695454665,,0.07123612370437588,,0.001
LSTM3_c8a39384,LSTM3,loso_subject_S004,61,0.00882196588411046,,0.06822613234974519,,0.001
LSTM3_c8a39384,LSTM3,loso_subject_S004,62,0.009539495022072603,,0.06957750156815555,,0.001
LSTM3_c8a39384,LSTM3,loso_subject_S004,63,0.009859002239815036,,0.07032704975454994,,0.001
LSTM3_c8a39384,LSTM3,loso_subject_S004,64,0.009428406135505303,,0.0700699554410716,,0.001
LSTM3_c8a39384,LSTM3,loso_subject_S004,65,0.010171213037128903,,0.07296366974321082,,0.001
LSTM3_c8a39384,LSTM3,loso_subject_S004,66,0.009965051444161351,,0.07159076486604779,,0.001
LSTM3_c8a39384,LSTM3,loso_subject_S004,67,0.00906483984074213,,0.06820771328012364,,0.001
LSTM3_c8a39384,LSTM3,loso_subject_S004,68,0.009429013645042528,,0.06903391974884338,,0.001
LSTM3_c8a39384,LSTM3,loso_subject_S004,69,0.009228835625827006,,0.06872705754286014,,0.001
LSTM3_c8a39384,LSTM3,loso_subject_S004,70,0.010284994585756962,,0.07269291766641786,,0.001
LSTM3_c8a39384,LSTM3,loso_subject_S004,71,0.009880671113535315,,0.07213684022346124,,0.001
LSTM3_c8a39384,LSTM3,loso_subject_S004,72,0.009287774283665276,,0.0693506497106068,,0.001
LSTM3_c8a39384,LSTM3,loso_subject_S004,73,0.009597113584109153,,0.07014861895068736,,0.001
LSTM3_c8a39384,LSTM3,loso_subject_S004,74,0.008608028906830864,,0.06665567109070049,,0.001
LSTM3_c8a39384,LSTM3,loso_subject_S004,75,0.00860216445660522,,0.06679105794682491,,0.001
LSTM3_c8a39384,LSTM3,loso_subject_S004,76,0.009855765554839668,,0.07090380497310987,,0.001
LSTM3_c8a39384,LSTM3,loso_subject_S004,77,0.00882869784848761,,0.06764631929460037,,0.001
LSTM3_c8a39384,LSTM3,loso_subject_S004,78,0.009622991035003019,,0.06977055856393152,,0.001
LSTM3_c8a39384,LSTM3,loso_subject_S004,79,0.0093156962904223,,0.0677626893757293,,0.001
LSTM3_c8a39384,LSTM3,loso_subject_S004,80,0.009075309800438315,,0.06807649539204633,,0.001
LSTM3_c8a39384,LSTM3,loso_subject_S005,1,0.28216695891008736,,0.3731946768633747,,0.001
LSTM3_c8a39384,LSTM3,loso_subject_S005,2,0.046025213480358866,,0.15607584104234906,,0.001
LSTM3_c8a39384,LSTM3,loso_subject_S005,3,0.028300247544835924,,0.12442274099487705,,0.001
LSTM3_c8a39384,LSTM3,loso_subject_S005,4,0.023986967434223027,,0.11340674508710674,,0.001
LSTM3_c8a39384,LSTM3,loso_subject_S005,5,0.022015979054957273,,0.10772807990223772,,0.001
LSTM3_c8a39384,LSTM3,loso_subject_S005,6,0.019097175240223675,,0.10149123311265622,,0.001
LSTM3_c8a39384,LSTM3,loso_subject_S005,7,0.01587471921034044,,0.09392303878524501,,0.001
LSTM3_c8a39384,LSTM3,loso_subject_S005,8,0.015044363363865455,,0.0899276021662692,,0.001
LSTM3_c8a39384,LSTM3,loso_subject_S005,9,0.01473808183835892,,0.09024434491509184,,0.001
LSTM3_c8a39384,LSTM3,loso_subject_S005,10,0.013887373345218779,,0.08707431735168102,,0.001
LSTM3_c8a39384,LSTM3,loso_subject_S005,11,0.014115961226762348,,0.08707025232852512,,0.001
LSTM3_c8a39384,LSTM3,loso_subject_S005,12,0.013704492613297689,,0.08462917872600627,,0.001
LSTM3_c8a39384,LSTM3,loso_subject_S005,13,0.013824023018539265,,0.08592043334849817,,0.001
LSTM3_c8a39384,LSTM3,loso_subject_S005,14,0.013431987178423454,,0.08593159588634126,,0.001
LSTM3_c8a39384,LSTM3,loso_subject_S005,15,0.013062423596231354,,0.08334211417097558,,0.001
LSTM3_c8a39384,LSTM3,loso_subject_S005,16,0.011467929213142476,,0.07936131264947353,,0.001
LSTM3_c8a39384,LSTM3,loso_subject_S005,17,0.012270855253118206,,0.08162990976893582,,0.001
LSTM3_c8a39384,LSTM3,loso_subject_S005,18,0.012426922498856331,,0.0818001929576692,,0.001
LSTM3_c8a39384,LSTM3,loso_subject_S005,19,0.012519327826938266,,0.08158055468423979,,0.001
LSTM3_c8a39384,LSTM3,loso_subject_S005,20,0.013114308068702604,,0.08301992890610982,,0.001
LSTM3_c8a39384,LSTM3,loso_subject_S005,21,0.012305457118152747,,0.08092990248355467,,0.001
LSTM3_c8a39384,LSTM3,loso_subject_S005,22,0.011412277595405432,,0.07845409923962726,,0.001
LSTM3_c8a39384,LSTM3,loso_subject_S005,23,0.011821251118834726,,0.07893018615572646,,0.001
LSTM3_c8a39384,LSTM3,loso_subject_S005,24,0.011226249202091388,,0.07681158626345312,,0.001
LSTM3_c8a39384,LSTM3,loso_subject_S005,25,0.010763438405096118,,0.07528911129246785,,0.001
LSTM3_c8a39384,LSTM3,loso_subject_S005,26,0.011804357295630464,,0.0781662182088573,,0.001
LSTM3_c8a39384,LSTM3,loso_subject_S005,27,0.012106939268715491,,0.07980137338180418,,0.001
LSTM3_c8a39384,LSTM3,loso_subject_S005,28,0.010420800261230424,,0.07315510459609456,,0.001
LSTM3_c8a39384,LSTM3,loso_subject_S005,29,0.01108815019361714,,0.07631780354270509,,0.001
LSTM3_c8a39384,LSTM3,loso_subject_S005,30,0.010580981962694351,,0.07487042741584368,,0.001
LSTM3_c8a39384,LSTM3,loso_subject_S005,31,0.011146928912724518,,0.07552975413398015,,0.001
LSTM3_c8a39384,LSTM3,loso_subject_S005,32,0.011492604387207594,,0.07614331778703189,,0.001
LSTM3_c8a39384,LSTM3,loso_subject_S005,33,0.01067746073839094,,0.07463832373716137,,0.001
LSTM3_c8a39384,LSTM3,loso_subject_S005,34,0.01008816962410203,,0.07274703672803098,,0.001
LSTM3_c8a39384,LSTM3,loso_subject_S005,35,0.01096674520032322,,0.07409976097404115,,0.001
LSTM3_c8a39384,LSTM3,loso_subject_S005,36,0.010191365432074669,,0.07280724228451833,,0.001
LSTM3_c8a39384,LSTM3,loso_subject_S005,37,0.009656466355398236,,0.07074624336523483,,0.001
LSTM3_c8a39384,LSTM3,loso_subject_S005,38,0.009353588426517123,,0.06930704169724332,,0.001
LSTM3_c8a39384,LSTM3,loso_subject_S005,39,0.010600702227404064,,0.07321503221765842,,0.001
LSTM3_c8a39384,LSTM3,loso_subject_S005,40,0.010342995583035136,,0.07285719255423387,,0.001
LSTM3_c8a39384,LSTM3,loso_subject_S005,41,0.010247724565203559,,0.07377037406070877,,0.001
LSTM3_c8a39384,LSTM3,loso_subject_S005,42,0.010039357945237363,,0.07255501452264974,,0.001
LSTM3_c8a39384,LSTM3,loso_subject_S005,43,0.009409464246430157,,0.06962299286469104,,0.001
LSTM3_c8a39384,LSTM3,loso_subject_S005,44,0.010258737260827032,,0.07206014495077835,,0.001
LSTM3_c8a39384,LSTM3,loso_subject_S005,45,0.01048054856567238,,0.07334707171030237,,0.001
LSTM3_c8a39384,LSTM3,loso_subject_S005,46,0.010543256580243642,,0.07380060292625652,,0.001
LSTM3_c8a39384,LSTM3,loso_subject_S005,47,0.010590569741613348,,0.07446194896838138,,0.001
LSTM3_c8a39384,LSTM3,loso_subject_S005,48,0.010095994743642072,,0.07250097503963517,,0.001
LSTM3_c8a39384,LSTM3,loso_subject_S005,49,0.010417844967210443,,0.07253647265206312,,0.001
LSTM3_c8a39384,LSTM3,loso_subject_S005,50,0.010368117382757653,,0.07255807112488712,,0.001
LSTM3_c8a39384,LSTM3,loso_subject_S005,51,0.009300843105070877,,0.06930365229793548,,0.001
LSTM3_c8a39384,LSTM3,loso_subject_S005,52,0.010530805600561022,,0.07369612646966191,,0.001
LSTM3_c8a39384,LSTM3,loso_subject_S005,53,0.009317936213768047,,0.06907943796084813,,0.001
LSTM3_c8a39384,LSTM3,loso_subject_S005,54,0.009794435422321793,,0.07047866308368893,,0.001
LSTM3_c8a39384,LSTM3,loso_subject_S005,55,0.009479356026449748,,0.06978152344445382,,0.001
LSTM3_c8a39384,LSTM3,loso_subject_S005,56,0.010406730915655747,,0.07200859767562529,,0.001
LSTM3_c8a39384,LSTM3,loso_subject_S005,57,0.009841974704737595,,0.07090798352760676,,0.001
LSTM3_c8a39384,LSTM3,loso_subject_S005,58,0.009711787458849652,,0.07015050891234881,,0.001
LSTM3_c8a39384,LSTM3,loso_subject_S005,59,0.009769084226320454,,0.07130640104301614,,0.001
LSTM3_c8a39384,LSTM3,loso_subject_S005,60,0.009271493603660315,,0.06826308036516558,,0.001
LSTM3_c8a39384,LSTM3,loso_subject_S005,61,0.009374520984098906,,0.06855373082069174,,0.001
LSTM3_c8a39384,LSTM3,loso_subject_S005,62,0.009451758354408106,,0.06828440776766914,,0.001
LSTM3_c8a39384,LSTM3,loso_subject_S005,63,0.009964612591934317,,0.07187751775937079,,0.001
LSTM3_c8a39384,LSTM3,loso_subject_S005,64,0.009215302189966296,,0.06883028894662857,,0.001
LSTM3_c8a39384,LSTM3,loso_subject_S005,65,0.010219997499159781,,0.07306176662544107,,0.001
LSTM3_c8a39384,LSTM3,loso_subject_S005,66,0.009397948631716052,,0.06959534823539613,,0.001
LSTM3_c8a39384,LSTM3,loso_subject_S005,67,0.01003101404433401,,0.07149499861719007,,0.001
LSTM3_c8a39384,LSTM3,loso_subject_S005,68,0.0097095864339817,,0.0701486628695526,,0.001
LSTM3_c8a39384,LSTM3,loso_subject_S005,69,0.008955005718443087,,0.06642161511406777,,0.001
LSTM3_c8a39384,LSTM3,loso_subject_S005,70,0.009747716641928913,,0.07095205657569961,,0.001
LSTM3_c8a39384,LSTM3,loso_subject_S005,71,0.009777660312441058,,0.06965687087337517,,0.001
LSTM3_c8a39384,LSTM3,loso_subject_S005,72,0.008889197352234241,,0.06822359929187778,,0.001
LSTM3_c8a39384,LSTM3,loso_subject_S005,73,0.00899017001088266,,0.06717004015220562,,0.001
LSTM3_c8a39384,LSTM3,loso_subject_S005,74,0.009339486825483901,,0.06864081518644607,,0.001
LSTM3_c8a39384,LSTM3,loso_subject_S005,75,0.009189785822255707,,0.0685681328930557,,0.001
LSTM3_c8a39384,LSTM3,loso_subject_S005,76,0.009560636793036552,,0.06896854849179938,,0.001
LSTM3_c8a39384,LSTM3,loso_subject_S005,77,0.009363860211961077,,0.06884325355316126,,0.001
LSTM3_c8a39384,LSTM3,loso_subject_S005,78,0.009478176571789853,,0.0691320042045154,,0.001
LSTM3_c8a39384,LSTM3,loso_subject_S005,79,0.009273111219800302,,0.0689567347183283,,0.001
LSTM3_c8a39384,LSTM3,loso_subject_S005,80,0.009598565330830507,,0.0695621339195209,,0.001
LSTM3_c8a39384,LSTM3,loso_subject_S006,1,0.26538961436389985,,0.3636550433937726,,0.001
LSTM3_c8a39384,LSTM3,loso_subject_S006,2,0.04241897124870933,,0.15036347596225216,,0.001
LSTM3_c8a39384,LSTM3,loso_subject_S006,3,0.02747327056187133,,0.12265978589949278,,0.001
LSTM3_c8a39384,LSTM3,loso_subject_S006,4,0.023979880461438365,,0.11402674041285385,,0.001
LSTM3_c8a39384,LSTM3,loso_subject_S006,5,0.020307101717345462,,0.10457214718683557,,0.001
LSTM3_c8a39384,LSTM3,loso_subject_S006,6,0.020005400359668496,,0.10410756988517729,,0.001
LSTM3_c8a39384,LSTM3,loso_subject_S006,7,0.018786013860656543,,0.10146239065092773,,0.001
LSTM3_c8a39384,LSTM3,loso_subject_S006,8,0.01488263072993708,,0.09132030120605317,,0.001
LSTM3_c8a39384,LSTM3,loso_subject_S006,9,0.015406224216186369,,0.0917517755661473,,0.001
LSTM3_c8a39384,LSTM3,loso_subject_S006,10,0.014175023776830744,,0.08802165141719258,,0.001
LSTM3_c8a39384,LSTM3,loso_subject_S006,11,0.014102668495450705,,0.08831587573887514,,0.001
LSTM3_c8a39384,LSTM3,loso_subject_S006,12,0.013205438774492118,,0.08612638256593892,,0.001
LSTM3_c8a39384,LSTM3,loso_subject_S006,13,0.012967506107331982,,0.08388310545545628,,0.001
LSTM3_c8a39384,LSTM3,loso_subject_S006,14,0.013358956836383485,,0.08597902646742214,,0.001
LSTM3_c8a39384,LSTM3,loso_subject_S006,15,0.013563217601205617,,0.08342932295563008,,0.001
LSTM3_c8a39384,LSTM3,loso_subject_S006,16,0.01220801602061349,,0.08195997703966126,,0.001
LSTM3_c8a39384,LSTM3,loso_subject_S006,17,0.012107226751190045,,0.08081740799175907,,0.001
LSTM3_c8a39384,LSTM3,loso_subject_S006,18,0.012385360148336777,,0.08087782980799356,,0.001
LSTM3_c8a39384,LSTM3,loso_subject_S006,19,0.010915183771978296,,0.07659912855231193,,0.001
LSTM3_c8a39384,LSTM3,loso_subject_S006,20,0.011893132025097612,,0.07915310319024225,,0.001
LSTM3_c8a39384,LSTM3,loso_subject_S006,21,0.013266793147415865,,0.08321148612854247,,0.001
LSTM3_c8a39384,LSTM3,loso_subject_S006,22,0.011972381068911377,,0.0805206258262966,,0.001
LSTM3_c8a39384,LSTM3,loso_subject_S006,23,0.012117623016298073,,0.07962685386861271,,0.001
LSTM3_c8a39384,LSTM3,loso_subject_S006,24,0.012456732257366595,,0.08057735181534807,,0.001
LSTM3_c8a39384,LSTM3,loso_subject_S006,25,0.010746982767200272,,0.07568710711577645,,0.001
LSTM3_c8a39384,LSTM3,loso_subject_S006,26,0.011201510770544688,,0.07622639171032901,,0.001
LSTM3_c8a39384,LSTM3,loso_subject_S006,27,0.01079046296481548,,0.07530639044058533,,0.001
LSTM3_c8a39384,LSTM3,loso_subject_S006,28,0.01046442978850296,,0.07467584813988394,,0.001
LSTM3_c8a39384,LSTM3,loso_subject_S006,29,0.01012776001747129,,0.07378873845186218,,0.001
LSTM3_c8a39384,LSTM3,loso_subject_S006,30,0.009994863265607532,,0.07256632630853456,,0.001
LSTM3_c8a39384,LSTM3,loso_subject_S006,31,0.011007029312275186,,0.07539608505523071,,0.001
LSTM3_c8a39384,LSTM3,loso_subject_S006,32,0.010111419317408813,,0.07330253443730088,,0.001
LSTM3_c8a39384,LSTM3,loso_subject_S006,33,0.010391693572245885,,0.07374486560226444,,0.001
LSTM3_c8a39384,LSTM3,loso_subject_S006,34,0.010215049990152028,,0.07257030866780764,,0.001
LSTM3_c8a39384,LSTM3,loso_subject_S006,35,0.01009322965844875,,0.07278815679647224,,0.001
LSTM3_c8a39384,LSTM3,loso_subject_S006,36,0.010748350379482734,,0.07470077841707776,,0.001
LSTM3_c8a39384,LSTM3,loso_subject_S006,37,0.011151695769403907,,0.07589254840753522,,0.001
LSTM3_c8a39384,LSTM3,loso_subject_S006,38,0.010671961902933576,,0.07425767949711977,,0.001
LSTM3_c8a39384,LSTM3,loso_subject_S006,39,0.010069429572625759,,0.07185182005693776,,0.001
LSTM3_c8a39384,LSTM3,loso_subject_S006,40,0.009794489500009574,,0.07131308091312535,,0.001
LSTM3_c8a39384,LSTM3,loso_subject_S006,41,0.010341943746475561,,0.07264855545937983,,0.001
LSTM3_c8a39384,LSTM3,loso_subject_S006,42,0.010125750970483488,,0.07178668998257642,,0.001
LSTM3_c8a39384,LSTM3,loso_subject_S006,43,0.009904026182544984,,0.07183967323212555,,0.001
LSTM3_c8a39384,LSTM3,loso_subject_S006,44,0.01053597022298909,,0.07268503765626967,,0.001
LSTM3_c8a39384,LSTM3,loso_subject_S006,45,0.010318898219748908,,0.07237164264751361,,0.001
LSTM3_c8a39384,LSTM3,loso_subject_S006,46,0.009832173249428372,,0.07142287904589203,,0.001
LSTM3_c8a39384,LSTM3,loso_subject_S006,47,0.010212230222997064,,0.07228796469994452,,0.001
LSTM3_c8a39384,LSTM3,loso_subject_S006,48,0.00985465182468343,,0.07047592113058901,,0.001
LSTM3_c8a39384,LSTM3,loso_subject_S006,49,0.009952479502286943,,0.07305122895767871,,0.001
LSTM3_c8a39384,LSTM3,loso_subject_S006,50,0.00966290259473405,,0.06975852128020506,,0.001
LSTM3_c8a39384,LSTM3,loso_subject_S006,51,0.009189286231835002,,0.0688752921973567,,0.001
LSTM3_c8a39384,LSTM3,loso_subject_S006,52,0.010049617161648074,,0.07194405677616117,,0.001
LSTM3_c8a39384,LSTM3,loso_subject_S006,53,0.009646034704238958,,0.07120351206828518,,0.001
LSTM3_c8a39384,LSTM3,loso_subject_S006,54,0.0101410768937118,,0.07298948443791543,,0.001
LSTM3_c8a39384,LSTM3,loso_subject_S006,55,0.010787960268102135,,0.07526686094425934,,0.001
LSTM3_c8a39384,LSTM3,loso_subject_S006,56,0.010085391756655957,,0.07102458926050434,,0.001
LSTM3_c8a39384,LSTM3,loso_subject_S006,57,0.009422395844012499,,0.06921669328410675,,0.001
LSTM3_c8a39384,LSTM3,loso_subject_S006,58,0.009683991251358723,,0.07023524291450223,,0.001
LSTM3_c8a39384,LSTM3,loso_subject_S006,59,0.010001325821449126,,0.07146652469069292,,0.001
LSTM3_c8a39384,LSTM3,loso_subject_S006,60,0.009691394329266587,,0.0688671510393248,,0.001
LSTM3_c8a39384,LSTM3,loso_subject_S006,61,0.009534567709259957,,0.06957543592243573,,0.001
LSTM3_c8a39384,LSTM3,loso_subject_S006,62,0.010030815181789802,,0.07163743806048134,,0.001
LSTM3_c8a39384,LSTM3,loso_subject_S006,63,0.009392151772431195,,0.06919536292832294,,0.001
LSTM3_c8a39384,LSTM3,loso_subject_S006,64,0.010516496389419894,,0.07220093710382929,,0.001
LSTM3_c8a39384,LSTM3,loso_subject_S006,65,0.009013777365783317,,0.06837271529049814,,0.001
LSTM3_c8a39384,LSTM3,loso_subject_S006,66,0.009682146279639143,,0.07051482645023552,,0.001
LSTM3_c8a39384,LSTM3,loso_subject_S006,67,0.009643287036516048,,0.07069026655654698,,0.001
LSTM3_c8a39384,LSTM3,loso_subject_S006,68,0.009895784288034217,,0.07093477880868544,,0.001
LSTM3_c8a39384,LSTM3,loso_subject_S006,69,0.00954023110827438,,0.06886377369952061,,0.001
LSTM3_c8a39384,LSTM3,loso_subject_S006,70,0.010097416389651745,,0.07182756272639958,,0.001
LSTM3_c8a39384,LSTM3,loso_subject_S006,71,0.009693776341140206,,0.06789548151159133,,0.001
LSTM3_c8a39384,LSTM3,loso_subject_S006,72,0.009599806050743547,,0.06917336543230813,,0.001
LSTM3_c8a39384,LSTM3,loso_subject_S006,73,0.009161250807452661,,0.06788725103638232,,0.001
LSTM3_c8a39384,LSTM3,loso_subject_S006,74,0.009393964477090927,,0.0684720907793303,,0.001
LSTM3_c8a39384,LSTM3,loso_subject_S006,75,0.009499460451522404,,0.07015614326490587,,0.001
LSTM3_c8a39384,LSTM3,loso_subject_S006,76,0.00868778838065214,,0.06615018806294062,,0.001
LSTM3_c8a39384,LSTM3,loso_subject_S006,77,0.009025954650879608,,0.06767500338584073,,0.001
LSTM3_c8a39384,LSTM3,loso_subject_S006,78,0.009376958177445419,,0.06857043380006533,,0.001
LSTM3_c8a39384,LSTM3,loso_subject_S006,79,0.008405087275273926,,0.06529986555476079,,0.001
LSTM3_c8a39384,LSTM3,loso_subject_S006,80,0.00921873198338272,,0.06806647443937375,,0.001
LSTM3_c8a39384,LSTM3,loso_subject_S007,1,0.26578984494533453,,0.3694553545169663,,0.001
LSTM3_c8a39384,LSTM3,loso_subject_S007,2,0.037869616820101155,,0.14335429276290693,,0.001
LSTM3_c8a39384,LSTM3,loso_subject_S007,3,0.026558958908967804,,0.12100425872363542,,0.001
LSTM3_c8a39384,LSTM3,loso_subject_S007,4,0.022006484467470853,,0.10951955145911167,,0.001
LSTM3_c8a39384,LSTM3,loso_subject_S007,5,0.021261646526685933,,0.10713604197167513,,0.001
LSTM3_c8a39384,LSTM3,loso_subject_S007,6,0.02060192063646881,,0.1047347493861851,,0.001
LSTM3_c8a39384,LSTM3,loso_subject_S007,7,0.018071868146459263,,0.09886473129715836,,0.001
LSTM3_c8a39384,LSTM3,loso_subject_S007,8,0.015571012684519877,,0.09140107127135261,,0.001
LSTM3_c8a39384,LSTM3,loso_subject_S007,9,0.015577328064593306,,0.09238692869742711,,0.001
LSTM3_c8a39384,LSTM3,loso_subject_S007,10,0.01523272036329696,,0.08997221944624917,,0.001
LSTM3_c8a39384,LSTM3,loso_subject_S007,11,0.013999902349161474,,0.08763998119454634,,0.001
LSTM3_c8a39384,LSTM3,loso_subject_S007,12,0.013585233407323821,,0.08498824034866534,,0.001
LSTM3_c8a39384,LSTM3,loso_subject_S007,13,0.013424104970079242,,0.08410908915756042,,0.001
LSTM3_c8a39384,LSTM3,loso_subject_S007,14,0.01331434465879411,,0.08409503612079118,,0.001
LSTM3_c8a39384,LSTM3,loso_subject_S007,15,0.012442834299515215,,0.08142823778223574,,0.001
LSTM3_c8a39384,LSTM3,loso_subject_S007,16,0.011899057293735575,,0.08006757654641804,,0.001
LSTM3_c8a39384,LSTM3,loso_subject_S007,17,0.012804966379087745,,0.08143096567507375,,0.001
LSTM3_c8a39384,LSTM3,loso_subject_S007,18,0.011172125328397542,,0.07805791804403589,,0.001
LSTM3_c8a39384,LSTM3,loso_subject_S007,19,0.01150849152748522,,0.0792280132963992,,0.001
LSTM3_c8a39384,LSTM3,loso_subject_S007,20,0.011774647817538496,,0.07783684552761547,,0.001
LSTM3_c8a39384,LSTM3,loso_subject_S007,21,0.011733851420055879,,0.07856520271876402,,0.001
LSTM3_c8a39384,LSTM3,loso_subject_S007,22,0.011145494518834249,,0.07774546598656136,,0.001
LSTM3_c8a39384,LSTM3,loso_subject_S007,23,0.010710814109954395,,0.07522791264611378,,0.001
LSTM3_c8a39384,LSTM3,loso_subject_S007,24,0.010990472543135024,,0.07632126012130787,,0.001
LSTM3_c8a39384,LSTM3,loso_subject_S007,25,0.011479942920503387,,0.07736768854553239,,0.001
LSTM3_c8a39384,LSTM3,loso_subject_S007,26,0.010678662068880442,,0.07521533658891394,,0.001
LSTM3_c8a39384,LSTM3,loso_subject_S007,27,0.011134655345558074,,0.0765165548052704,,0.001
LSTM3_c8a39384,LSTM3,loso_subject_S007,28,0.010464330726678957,,0.0743474100896141,,0.001
LSTM3_c8a39384,LSTM3,loso_subject_S007,29,0.011103601725935414,,0.075930076994394,,0.001
LSTM3_c8a39384,LSTM3,loso_subject_S007,30,0.010321907678684383,,0.07311856713995599,,0.001
LSTM3_c8a39384,LSTM3,loso_subject_S007,31,0.010019203500920221,,0.0714277124457192,,0.001
LSTM3_c8a39384,LSTM3,loso_subject_S007,32,0.010977877745110737,,0.07615934554160687,,0.001
LSTM3_c8a39384,LSTM3,loso_subject_S007,33,0.010960083920508623,,0.07436259064758033,,0.001
LSTM3_c8a39384,LSTM3,loso_subject_S007,34,0.010057580036421617,,0.0719366882715309,,0.001
LSTM3_c8a39384,LSTM3,loso_subject_S007,35,0.010683595946287377,,0.07360381221300677,,0.001
LSTM3_c8a39384,LSTM3,loso_subject_S007,36,0.010288269414256016,,0.0727396768828233,,0.001
LSTM3_c8a39384,LSTM3,loso_subject_S007,37,0.009290679937980155,,0.0694209105220803,,0.001
LSTM3_c8a39384,LSTM3,loso_subject_S007,38,0.009596440557129028,,0.0702761534536094,,0.001
LSTM3_c8a39384,LSTM3,loso_subject_S007,39,0.01005251538988791,,0.07167756446359451,,0.001
LSTM3_c8a39384,LSTM3,loso_subject_S007,40,0.010137024441766635,,0.07178407325817827,,0.001
LSTM3_c8a39384,LSTM3,loso_subject_S007,41,0.009724603916861509,,0.07107641449884365,,0.001
LSTM3_c8a39384,LSTM3,loso_subject_S007,42,0.010453269645375641,,0.07354503392911795,,0.001
LSTM3_c8a39384,LSTM3,loso_subject_S007,43,0.009639146321110036,,0.07054308109116136,,0.001
LSTM3_c8a39384,LSTM3,loso_subject_S007,44,0.00989699679051052,,0.07207287312076803,,0.001
LSTM3_c8a39384,LSTM3,loso_subject_S007,45,0.010135343853841749,,0.07289901676408031,,0.001
LSTM3_c8a39384,LSTM3,loso_subject_S007,46,0.009765820283638803,,0.07087447350485283,,0.001
LSTM3_c8a39384,LSTM3,loso_subject_S007,47,0.009922376874703587,,0.07111481171950959,,0.001
LSTM3_c8a39384,LSTM3,loso_subject_S007,48,0.009376092805739557,,0.06932201582873077,,0.001
LSTM3_c8a39384,LSTM3,loso_subject_S007,49,0.00916095219323771,,0.06903351823750295,,0.001
LSTM3_c8a39384,LSTM3,loso_subject_S007,50,0.009699708398170116,,0.07029559071126737,,0.001
LSTM3_c8a39384,LSTM3,loso_subject_S007,51,0.009442320992157124,,0.07033499343353405,,0.001
LSTM3_c8a39384,LSTM3,loso_subject_S007,52,0.009854630771370833,,0.07004699575012191,,0.001
LSTM3_c8a39384,LSTM3,loso_subject_S007,53,0.010106019496002741,,0.07070039297666467,,0.001
LSTM3_c8a39384,LSTM3,loso_subject_S007,54,0.009728107805641597,,0.06997946362223542,,0.001
LSTM3_c8a39384,LSTM3,loso_subject_S007,55,0.009025092628833494,,0.06824266904017381,,0.001
LSTM3_c8a39384,LSTM3,loso_subject_S007,56,0.009210972907838592,,0.06834830572469193,,0.001
LSTM3_c8a39384,LSTM3,loso_subject_S007,57,0.009467712652526404,,0.06941398128605726,,0.001
LSTM3_c8a39384,LSTM3,loso_subject_S007,58,0.00913107931908024,,0.06913290336205248,,0.001
LSTM3_c8a39384,LSTM3,loso_subject_S007,59,0.009991623453076994,,0.0717564429761025,,0.001
LSTM3_c8a39384,LSTM3,loso_subject_S007,60,0.009133478111930583,,0.06873516503133272,,0.001
LSTM3_c8a39384,LSTM3,loso_subject_S007,61,0.009789869009533473,,0.07068596002564095,,0.001
LSTM3_c8a39384,LSTM3,loso_subject_S007,62,0.009509730095599304,,0.06956309328476588,,0.001
LSTM3_c8a39384,LSTM3,loso_subject_S007,63,0.010612886276488242,,0.07210422960812585,,0.001
LSTM3_c8a39384,LSTM3,loso_subject_S007,64,0.009260820371932104,,0.0685885296317569,,0.001
LSTM3_c8a39384,LSTM3,loso_subject_S007,65,0.009923939233678476,,0.07060772108665683,,0.001
LSTM3_c8a39384,LSTM3,loso_subject_S007,66,0.009113521821666182,,0.06816280417536434,,0.001
LSTM3_c8a39384,LSTM3,loso_subject_S007,67,0.009826605216387594,,0.0707950278332359,,0.001
LSTM3_c8a39384,LSTM3,loso_subject_S007,68,0.00947531913162062,,0.06838564548576087,,0.001
LSTM3_c8a39384,LSTM3,loso_subject_S007,69,0.008937517793751076,,0.06811919370502756,,0.001
LSTM3_c8a39384,LSTM3,loso_subject_S007,70,0.009778053230164866,,0.0693335493274948,,0.001
LSTM3_c8a39384,LSTM3,loso_subject_S007,71,0.009697318861359045,,0.06954464172584969,,0.001
LSTM3_c8a39384,LSTM3,loso_subject_S007,72,0.009866792202126561,,0.07046238895048175,,0.001
LSTM3_c8a39384,LSTM3,loso_subject_S007,73,0.009520265821106079,,0.0688162414651168,,0.001
LSTM3_c8a39384,LSTM3,loso_subject_S007,74,0.009305670220208796,,0.06735159835794516,,0.001
LSTM3_c8a39384,LSTM3,loso_subject_S007,75,0.009259879319487433,,0.06732884559192155,,0.001
LSTM3_c8a39384,LSTM3,loso_subject_S007,76,0.00921438282698785,,0.06777667391457055,,0.001
LSTM3_c8a39384,LSTM3,loso_subject_S007,77,0.008815033222434291,,0.06686531817703917,,0.001
LSTM3_c8a39384,LSTM3,loso_subject_S007,78,0.009582556963881902,,0.06899455045921761,,0.001
LSTM3_c8a39384,LSTM3,loso_subject_S007,79,0.010148246339603997,,0.06979269063786457,,0.001
LSTM3_c8a39384,LSTM3,loso_subject_S007,80,0.009553263854366122,,0.06818904400917522,,0.001
LSTM3_c8a39384,LSTM3,loso_subject_S008,1,0.2939406037140613,,0.38493097682127214,,0.001
LSTM3_c8a39384,LSTM3,loso_subject_S008,2,0.040165897089012914,,0.14753316687857546,,0.001
LSTM3_c8a39384,LSTM3,loso_subject_S008,3,0.02727875264699027,,0.12259656740114992,,0.001
LSTM3_c8a39384,LSTM3,loso_subject_S008,4,0.02413812658830777,,0.11447426361325604,,0.001
LSTM3_c8a39384,LSTM3,loso_subject_S008,5,0.02054756142299047,,0.10555360806468349,,0.001
LSTM3_c8a39384,LSTM3,loso_subject_S008,6,0.01778664292855151,,0.09922993947595558,,0.001
LSTM3_c8a39384,LSTM3,loso_subject_S008,7,0.01725098439361025,,0.09762233296096726,,0.001
LSTM3_c8a39384,LSTM3,loso_subject_S008,8,0.016494567170239133,,0.09436011159580025,,0.001
LSTM3_c8a39384,LSTM3,loso_subject_S008,9,0.014532591344276131,,0.08871704536796417,,0.001
LSTM3_c8a39384,LSTM3,loso_subject_S008,10,0.015012270026158967,,0.09001371255457001,,0.001
LSTM3_c8a39384,LSTM3,loso_subject_S008,11,0.013169368770248538,,0.08515373694816691,,0.001
LSTM3_c8a39384,LSTM3,loso_subject_S008,12,0.012336310839292987,,0.08267134852457367,,0.001
LSTM3_c8a39384,LSTM3,loso_subject_S008,13,0.01355007528358658,,0.08544855864056004,,0.001
LSTM3_c8a39384,LSTM3,loso_subject_S008,14,0.012791727240253615,,0.08336465480543623,,0.001
LSTM3_c8a39384,LSTM3,loso_subject_S008,15,0.011826918509182514,,0.08035900717613681,,0.001
LSTM3_c8a39384,LSTM3,loso_subject_S008,16,0.012421923556533836,,0.08203538085590273,,0.001
LSTM3_c8a39384,LSTM3,loso_subject_S008,17,0.012731991079729676,,0.08295279532070927,,0.001
LSTM3_c8a39384,LSTM3,loso_subject_S008,18,0.012242725586031107,,0.0797682876674921,,0.001
LSTM3_c8a39384,LSTM3,loso_subject_S008,19,0.012003835202163499,,0.07901948466997019,,0.001
LSTM3_c8a39384,LSTM3,loso_subject_S008,20,0.01220841313943567,,0.08031766942883498,,0.001
LSTM3_c8a39384,LSTM3,loso_subject_S008,21,0.011088511878187024,,0.07700471151695155,,0.001
LSTM3_c8a39384,LSTM3,loso_subject_S008,22,0.010919177885223555,,0.07557329909713477,,0.001
LSTM3_c8a39384,LSTM3,loso_subject_S008,23,0.0105027511754642,,0.07507589999961373,,0.001
LSTM3_c8a39384,LSTM3,loso_subject_S008,24,0.012347717925206126,,0.08037389577035135,,0.001
LSTM3_c8a39384,LSTM3,loso_subject_S008,25,0.01036695653397665,,0.07452490091823892,,0.001
LSTM3_c8a39384,LSTM3,loso_subject_S008,26,0.010689137261485893,,0.07413291271100908,,0.001
LSTM3_c8a39384,LSTM3,loso_subject_S008,27,0.01080779889523483,,0.07634992756299525,,0.001
LSTM3_c8a39384,LSTM3,loso_subject_S008,28,0.010588824413216754,,0.07322124710419034,,0.001
LSTM3_c8a39384,LSTM3,loso_subject_S008,29,0.011446353948656344,,0.07728072406161551,,0.001
LSTM3_c8a39384,LSTM3,loso_subject_S008,30,0.010266151944637899,,0.07425713398212555,,0.001
LSTM3_c8a39384,LSTM3,loso_subject_S008,31,0.00994819594284632,,0.07296424722111465,,0.001
LSTM3_c8a39384,LSTM3,loso_subject_S008,32,0.01179283795440757,,0.07741429035495592,,0.001
LSTM3_c8a39384,LSTM3,loso_subject_S008,33,0.0103637621691763,,0.07304883175248268,,0.001
LSTM3_c8a39384,LSTM3,loso_subject_S008,34,0.01004238751335632,,0.07174360306671002,,0.001
LSTM3_c8a39384,LSTM3,loso_subject_S008,35,0.010396758068177924,,0.07302295828225629,,0.001
LSTM3_c8a39384,LSTM3,loso_subject_S008,36,0.009459920258029995,,0.0700827645355423,,0.001
LSTM3_c8a39384,LSTM3,loso_subject_S008,37,0.010716838535896485,,0.0758067721928526,,0.001
LSTM3_c8a39384,LSTM3,loso_subject_S008,38,0.010693043568265318,,0.0749413238555793,,0.001
LSTM3_c8a39384,LSTM3,loso_subject_S008,39,0.01043044009039666,,0.0739020664639921,,0.001
LSTM3_c8a39384,LSTM3,loso_subject_S008,40,0.010043728873633698,,0.07224429795606024,,0.001
LSTM3_c8a39384,LSTM3,loso_subject_S008,41,0.010228470601141453,,0.07168749805764864,,0.001
LSTM3_c8a39384,LSTM3,loso_subject_S008,42,0.010024556726117262,,0.0718292876818036,,0.001
LSTM3_c8a39384,LSTM3,loso_subject_S008,43,0.010813758123866063,,0.0731542543886892,,0.001
LSTM3_c8a39384,LSTM3,loso_subject_S008,44,0.010730450155350986,,0.07342772259608212,,0.001
LSTM3_c8a39384,LSTM3,loso_subject_S008,45,0.010717894404301508,,0.07461518624684954,,0.001
LSTM3_c8a39384,LSTM3,loso_subject_S008,46,0.010837266423533227,,0.0752973550068052,,0.001
LSTM3_c8a39384,LSTM3,loso_subject_S008,47,0.010195447543523455,,0.0717547935347429,,0.001
LSTM3_c8a39384,LSTM3,loso_subject_S008,48,0.009774333349110296,,0.07167285585163424,,0.001
LSTM3_c8a39384,LSTM3,loso_subject_S008,49,0.009619709862108599,,0.07092954929242998,,0.001
LSTM3_c8a39384,LSTM3,loso_subject_S008,50,0.010909409761028803,,0.07489310665618654,,0.001
LSTM3_c8a39384,LSTM3,loso_subject_S008,51,0.010698669858201839,,0.07440240535460063,,0.001
LSTM3_c8a39384,LSTM3,loso_subject_S008,52,0.00983947468559014,,0.07111322107731095,,0.001
LSTM3_c8a39384,LSTM3,loso_subject_S008,53,0.00910807118294823,,0.06932904173463783,,0.001
LSTM3_c8a39384,LSTM3,loso_subject_S008,54,0.009498641024149905,,0.06946961487299644,,0.001
LSTM3_c8a39384,LSTM3,loso_subject_S008,55,0.009662846732734634,,0.07135602361703879,,0.001
LSTM3_c8a39384,LSTM3,loso_subject_S008,56,0.009550521542949464,,0.0707824681699276,,0.001
LSTM3_c8a39384,LSTM3,loso_subject_S008,57,0.009547667510607498,,0.06986335999013593,,0.001
LSTM3_c8a39384,LSTM3,loso_subject_S008,58,0.009381423003771561,,0.0700650332198047,,0.001
LSTM3_c8a39384,LSTM3,loso_subject_S008,59,0.00970412841129223,,0.07012410291589347,,0.001
LSTM3_c8a39384,LSTM3,loso_subject_S008,60,0.008724732281602669,,0.0669331206061296,,0.001
LSTM3_c8a39384,LSTM3,loso_subject_S008,61,0.01035441404146036,,0.07171063393954463,,0.001
LSTM3_c8a39384,LSTM3,loso_subject_S008,62,0.009658910156346408,,0.0698717205696458,,0.001
LSTM3_c8a39384,LSTM3,loso_subject_S008,63,0.010300763461913838,,0.07193257662673924,,0.001
LSTM3_c8a39384,LSTM3,loso_subject_S008,64,0.010154651979847043,,0.07196081454121826,,0.001
LSTM3_c8a39384,LSTM3,loso_subject_S008,65,0.009818821091879934,,0.07174600472186236,,0.001
LSTM3_c8a39384,LSTM3,loso_subject_S008,66,0.010007611813911256,,0.07063986269819657,,0.001
LSTM3_c8a39384,LSTM3,loso_subject_S008,67,0.008907089165893178,,0.06675995607304093,,0.001
LSTM3_c8a39384,LSTM3,loso_subject_S008,68,0.009332122066552007,,0.06876824465574034,,0.001
LSTM3_c8a39384,LSTM3,loso_subject_S008,69,0.009131155266557764,,0.06873115916980194,,0.001
LSTM3_c8a39384,LSTM3,loso_subject_S008,70,0.010134569450387819,,0.07145742899819509,,0.001
LSTM3_c8a39384,LSTM3,loso_subject_S008,71,0.00945644831109867,,0.06949872485643266,,0.001
LSTM3_c8a39384,LSTM3,loso_subject_S008,72,0.009205679169937269,,0.0683806380699545,,0.001
LSTM3_c8a39384,LSTM3,loso_subject_S008,73,0.009250816516328178,,0.06884389799113241,,0.001
LSTM3_c8a39384,LSTM3,loso_subject_S008,74,0.009439539767851765,,0.06896737974362085,,0.001
LSTM3_c8a39384,LSTM3,loso_subject_S008,75,0.009740756154060363,,0.07059904265323741,,0.001
LSTM3_c8a39384,LSTM3,loso_subject_S008,76,0.009641483783621917,,0.07035633527592525,,0.001
LSTM3_c8a39384,LSTM3,loso_subject_S008,77,0.009228290926490053,,0.06832379013899989,,0.001
LSTM3_c8a39384,LSTM3,loso_subject_S008,78,0.009407855366800456,,0.0686289850717423,,0.001
LSTM3_c8a39384,LSTM3,loso_subject_S008,79,0.009937654220617858,,0.07046731459214384,,0.001
LSTM3_c8a39384,LSTM3,loso_subject_S008,80,0.009544660015244212,,0.0690707837715245,,0.001
LSTM3_c8a39384,LSTM3,loso_subject_S009,1,0.2526040282539767,,0.3542576242099604,,0.001
LSTM3_c8a39384,LSTM3,loso_subject_S009,2,0.04246698342195947,,0.1526204285765785,,0.001
LSTM3_c8a39384,LSTM3,loso_subject_S009,3,0.028471985528561568,,0.12483511073289862,,0.001
LSTM3_c8a39384,LSTM3,loso_subject_S009,4,0.022895458073131095,,0.11069214428714406,,0.001
LSTM3_c8a39384,LSTM3,loso_subject_S009,5,0.01923841102147736,,0.1033678687039713,,0.001
LSTM3_c8a39384,LSTM3,loso_subject_S009,6,0.019327734060041367,,0.10289646925007155,,0.001
LSTM3_c8a39384,LSTM3,loso_subject_S009,7,0.017615430509080328,,0.09896472996906924,,0.001
LSTM3_c8a39384,LSTM3,loso_subject_S009,8,0.016930251007274525,,0.09719933790683272,,0.001
LSTM3_c8a39384,LSTM3,loso_subject_S009,9,0.01521804626728322,,0.09233398733194256,,0.001
LSTM3_c8a39384,LSTM3,loso_subject_S009,10,0.014134131370651669,,0.08755412443934533,,0.001
LSTM3_c8a39384,LSTM3,loso_subject_S009,11,0.013828946427558846,,0.08752356011671382,,0.001
LSTM3_c8a39384,LSTM3,loso_subject_S009,12,0.013660970724363258,,0.08622962119109118,,0.001
LSTM3_c8a39384,LSTM3,loso_subject_S009,13,0.01274736880918403,,0.08354950751066546,,0.001
LSTM3_c8a39384,LSTM3,loso_subject_S009,14,0.012880778854274045,,0.08372206828215814,,0.001
LSTM3_c8a39384,LSTM3,loso_subject_S009,15,0.013136774670987957,,0.08474328973375284,,0.001
LSTM3_c8a39384,LSTM3,loso_subject_S009,16,0.012141485659352129,,0.08060122796226611,,0.001
LSTM3_c8a39384,LSTM3,loso_subject_S009,17,0.013118326412018946,,0.08388268811674272,,0.001
LSTM3_c8a39384,LSTM3,loso_subject_S009,18,0.011864333298680845,,0.0809728124685232,,0.001
LSTM3_c8a39384,LSTM3,loso_subject_S009,19,0.010874507859567327,,0.07652401008213675,,0.001
LSTM3_c8a39384,LSTM3,loso_subject_S009,20,0.01108800972573423,,0.07785929245945743,,0.001
LSTM3_c8a39384,LSTM3,loso_subject_S009,21,0.011051621182463613,,0.07658700953981659,,0.001
LSTM3_c8a39384,LSTM3,loso_subject_S009,22,0.010955502002273187,,0.07743341365205053,,0.001
LSTM3_c8a39384,LSTM3,loso_subject_S009,23,0.01042711008133689,,0.07445164235072164,,0.001
LSTM3_c8a39384,LSTM3,loso_subject_S009,24,0.011001222150023941,,0.07715333565862113,,0.001
LSTM3_c8a39384,LSTM3,loso_subject_S009,25,0.011172086227252237,,0.07728861431975227,,0.001
LSTM3_c8a39384,LSTM3,loso_subject_S009,26,0.010327128036057247,,0.07510426340497126,,0.001
LSTM3_c8a39384,LSTM3,loso_subject_S009,27,0.01115294413508238,,0.0777712841350167,,0.001
LSTM3_c8a39384,LSTM3,loso_subject_S009,28,0.010736543286097392,,0.07533513887780877,,0.001
LSTM3_c8a39384,LSTM3,loso_subject_S009,29,0.010226232929562271,,0.07408134708073573,,0.001
LSTM3_c8a39384,LSTM3,loso_subject_S009,30,0.010771048691681618,,0.07560178783700255,,0.001
LSTM3_c8a39384,LSTM3,loso_subject_S009,31,0.01057426249367561,,0.07620723079334236,,0.001
LSTM3_c8a39384,LSTM3,loso_subject_S009,32,0.009792607454289282,,0.07226771762121906,,0.001
LSTM3_c8a39384,LSTM3,loso_subject_S009,33,0.010807923365222372,,0.074767750936938,,0.001
LSTM3_c8a39384,LSTM3,loso_subject_S009,34,0.009567559973563566,,0.07208751973254872,,0.001
LSTM3_c8a39384,LSTM3,loso_subject_S009,35,0.009573494969981236,,0.07090032086703682,,0.001
LSTM3_c8a39384,LSTM3,loso_subject_S009,36,0.010368165578063271,,0.07318649812791794,,0.001
LSTM3_c8a39384,LSTM3,loso_subject_S009,37,0.010047267608076723,,0.07293906632379972,,0.001
LSTM3_c8a39384,LSTM3,loso_subject_S009,38,0.01046786282654046,,0.07501011000298817,,0.001
LSTM3_c8a39384,LSTM3,loso_subject_S009,39,0.010379407028729823,,0.07370626243611024,,0.001
LSTM3_c8a39384,LSTM3,loso_subject_S009,40,0.009936750163547812,,0.07201526190796573,,0.001
LSTM3_c8a39384,LSTM3,loso_subject_S009,41,0.010125499954973815,,0.07236864072680643,,0.001
LSTM3_c8a39384,LSTM3,loso_subject_S009,42,0.00985470313010364,,0.0716151723462975,,0.001
LSTM3_c8a39384,LSTM3,loso_subject_S009,43,0.009762102654920989,,0.0707132903015827,,0.001
LSTM3_c8a39384,LSTM3,loso_subject_S009,44,0.009342761973882981,,0.069849298661932,,0.001
LSTM3_c8a39384,LSTM3,loso_subject_S009,45,0.009360249723808252,,0.06936124879173441,,0.001
LSTM3_c8a39384,LSTM3,loso_subject_S009,46,0.009679280738069713,,0.07151964951955517,,0.001
LSTM3_c8a39384,LSTM3,loso_subject_S009,47,0.009982846478414733,,0.07125583709209404,,0.001
LSTM3_c8a39384,LSTM3,loso_subject_S009,48,0.009801557485800756,,0.0703895141998622,,0.001
LSTM3_c8a39384,LSTM3,loso_subject_S009,49,0.00924143838212127,,0.06931493000682358,,0.001
LSTM3_c8a39384,LSTM3,loso_subject_S009,50,0.009951813495023222,,0.07214708112203523,,0.001
LSTM3_c8a39384,LSTM3,loso_subject_S009,51,0.008890811415321958,,0.06837812770908615,,0.001
LSTM3_c8a39384,LSTM3,loso_subject_S009,52,0.008760604874817663,,0.06887264409570674,,0.001
LSTM3_c8a39384,LSTM3,loso_subject_S009,53,0.009529817517519709,,0.07034908694726698,,0.001
LSTM3_c8a39384,LSTM3,loso_subject_S009,54,0.009741696012747596,,0.06986625764850325,,0.001
LSTM3_c8a39384,LSTM3,loso_subject_S009,55,0.009667631708462406,,0.06966005429269814,,0.001
LSTM3_c8a39384,LSTM3,loso_subject_S009,56,0.009509452777584148,,0.07074747743356563,,0.001
LSTM3_c8a39384,LSTM3,loso_subject_S009,57,0.010719363306656704,,0.07457074145891003,,0.001
LSTM3_c8a39384,LSTM3,loso_subject_S009,58,0.009518056001930234,,0.07018701950446486,,0.001
LSTM3_c8a39384,LSTM3,loso_subject_S009,59,0.008866163973177011,,0.06815324946878037,,0.001
LSTM3_c8a39384,LSTM3,loso_subject_S009,60,0.008822193538384211,,0.06703744594110417,,0.001
LSTM3_c8a39384,LSTM3,loso_subject_S009,61,0.009296336574106773,,0.06940116040127017,,0.001
LSTM3_c8a39384,LSTM3,loso_subject_S009,62,0.009528022513278389,,0.07134066581827701,,0.001
LSTM3_c8a39384,LSTM3,loso_subject_S009,63,0.00915528855117953,,0.07000526741811856,,0.001
LSTM3_c8a39384,LSTM3,loso_subject_S009,64,0.009037756537327834,,0.0678563672614118,,0.001
LSTM3_c8a39384,LSTM3,loso_subject_S009,65,0.010124173594686873,,0.07192068931290155,,0.001
LSTM3_c8a39384,LSTM3,loso_subject_S009,66,0.008806760146055803,,0.0680881278268076,,0.001
LSTM3_c8a39384,LSTM3,loso_subject_S009,67,0.009230495693067336,,0.06846202927731289,,0.001
LSTM3_c8a39384,LSTM3,loso_subject_S009,68,0.009410665309653173,,0.0703684700699007,,0.001
LSTM3_c8a39384,LSTM3,loso_subject_S009,69,0.009174802052886623,,0.06987375423892311,,0.001
LSTM3_c8a39384,LSTM3,loso_subject_S009,70,0.008908151845974648,,0.06804027559109187,,0.001
LSTM3_c8a39384,LSTM3,loso_subject_S009,71,0.009512689950049948,,0.07057424714409279,,0.001
LSTM3_c8a39384,LSTM3,loso_subject_S009,72,0.009073258404474167,,0.06768439603007696,,0.001
LSTM3_c8a39384,LSTM3,loso_subject_S009,73,0.008804092544963851,,0.06746501381566966,,0.001
LSTM3_c8a39384,LSTM3,loso_subject_S009,74,0.009088895742552004,,0.06887371052383665,,0.001
LSTM3_c8a39384,LSTM3,loso_subject_S009,75,0.009284641230322736,,0.06874714216096187,,0.001
LSTM3_c8a39384,LSTM3,loso_subject_S009,76,0.009231940841576988,,0.06880899479559248,,0.001
LSTM3_c8a39384,LSTM3,loso_subject_S009,77,0.009281588481693113,,0.0701211012495482,,0.001
LSTM3_c8a39384,LSTM3,loso_subject_S009,78,0.009546109561737744,,0.07063703476942274,,0.001
LSTM3_c8a39384,LSTM3,loso_subject_S009,79,0.008589812234979897,,0.06574054389268913,,0.001
LSTM3_c8a39384,LSTM3,loso_subject_S009,80,0.009580453208844307,,0.07007772203415218,,0.001
LSTM3_c8a39384,LSTM3,loso_subject_S010,1,0.2751693451894989,,0.35964374078225486,,0.001
LSTM3_c8a39384,LSTM3,loso_subject_S010,2,0.04281785060951562,,0.15035193413705597,,0.001
LSTM3_c8a39384,LSTM3,loso_subject_S010,3,0.029277699207559585,,0.12569061261398715,,0.001
LSTM3_c8a39384,LSTM3,loso_subject_S010,4,0.024249649356982542,,0.11497452223644646,,0.001
LSTM3_c8a39384,LSTM3,loso_subject_S010,5,0.020856979212156495,,0.10711194696179925,,0.001
LSTM3_c8a39384,LSTM3,loso_subject_S010,6,0.018331381094376077,,0.10012289004402992,,0.001
LSTM3_c8a39384,LSTM3,loso_subject_S010,7,0.017174095152215782,,0.09729579166940161,,0.001
LSTM3_c8a39384,LSTM3,loso_subject_S010,8,0.01672644597987753,,0.09489276636124663,,0.001
LSTM3_c8a39384,LSTM3,loso_subject_S010,9,0.014838194607923386,,0.09058470731462272,,0.001
LSTM3_c8a39384,LSTM3,loso_subject_S010,10,0.014927425997596333,,0.09137688942264069,,0.001
LSTM3_c8a39384,LSTM3,loso_subject_S010,11,0.014033392468485693,,0.08896169887355276,,0.001
LSTM3_c8a39384,LSTM3,loso_subject_S010,12,0.013352903903300878,,0.08507509948541679,,0.001
LSTM3_c8a39384,LSTM3,loso_subject_S010,13,0.012880627678395491,,0.08400793167567287,,0.001
LSTM3_c8a39384,LSTM3,loso_subject_S010,14,0.012425379209356636,,0.08151059225306397,,0.001
LSTM3_c8a39384,LSTM3,loso_subject_S010,15,0.013253964970488254,,0.08265783986294152,,0.001
LSTM3_c8a39384,LSTM3,loso_subject_S010,16,0.011396414871981208,,0.07919860979969157,,0.001
LSTM3_c8a39384,LSTM3,loso_subject_S010,17,0.011530235273116458,,0.07842330976419476,,0.001
LSTM3_c8a39384,LSTM3,loso_subject_S010,18,0.012207563572501667,,0.07973918607969324,,0.001
LSTM3_c8a39384,LSTM3,loso_subject_S010,19,0.011857708286279196,,0.07861705716442625,,0.001
LSTM3_c8a39384,LSTM3,loso_subject_S010,20,0.01182239797705085,,0.0782921270542004,,0.001
LSTM3_c8a39384,LSTM3,loso_subject_S010,21,0.01190357621282381,,0.07756648637071441,,0.001
LSTM3_c8a39384,LSTM3,loso_subject_S010,22,0.01171918138128125,,0.07782753314691924,,0.001
LSTM3_c8a39384,LSTM3,loso_subject_S010,23,0.011381265534672221,,0.0781460711410277,,0.001
LSTM3_c8a39384,LSTM3,loso_subject_S010,24,0.0107569603948905,,0.07477328260697728,,0.001
LSTM3_c8a39384,LSTM3,loso_subject_S010,25,0.01119939992413889,,0.07594106753792944,,0.001
LSTM3_c8a39384,LSTM3,loso_subject_S010,26,0.011122880255182583,,0.07552983142781358,,0.001
LSTM3_c8a39384,LSTM3,loso_subject_S010,27,0.011223149507106105,,0.0751549833099215,,0.001
LSTM3_c8a39384,LSTM3,loso_subject_S010,28,0.0104408205860149,,0.07387948715862845,,0.001
LSTM3_c8a39384,LSTM3,loso_subject_S010,29,0.010444869062799107,,0.07428024911050556,,0.001
LSTM3_c8a39384,LSTM3,loso_subject_S010,30,0.010002990152671115,,0.07252510108692904,,0.001
LSTM3_c8a39384,LSTM3,loso_subject_S010,31,0.010682013768928045,,0.07534187138918919,,0.001
LSTM3_c8a39384,LSTM3,loso_subject_S010,32,0.012206219283552151,,0.07836429453055399,,0.001
LSTM3_c8a39384,LSTM3,loso_subject_S010,33,0.010843436644738736,,0.07520437095990161,,0.001
LSTM3_c8a39384,LSTM3,loso_subject_S010,34,0.010206412446440188,,0.072345685376229,,0.001
LSTM3_c8a39384,LSTM3,loso_subject_S010,35,0.01028186106732123,,0.07254905271043925,,0.001
LSTM3_c8a39384,LSTM3,loso_subject_S010,36,0.010263800922304434,,0.07289488378456373,,0.001
LSTM3_c8a39384,LSTM3,loso_subject_S010,37,0.009922263124478265,,0.07146996596065755,,0.001
LSTM3_c8a39384,LSTM3,loso_subject_S010,38,0.01006688832995677,,0.0721723088337064,,0.001
LSTM3_c8a39384,LSTM3,loso_subject_S010,39,0.009673313745566016,,0.0712287877661434,,0.001
LSTM3_c8a39384,LSTM3,loso_subject_S010,40,0.010963524426117477,,0.0753369952409244,,0.001
LSTM3_c8a39384,LSTM3,loso_subject_S010,41,0.009742575334502927,,0.07114770782563924,,0.001
LSTM3_c8a39384,LSTM3,loso_subject_S010,42,0.009646647133499007,,0.0717240498098643,,0.001
LSTM3_c8a39384,LSTM3,loso_subject_S010,43,0.010571782278360697,,0.07299405318146517,,0.001
LSTM3_c8a39384,LSTM3,loso_subject_S010,44,0.009728532453341364,,0.07085825721464747,,0.001
LSTM3_c8a39384,LSTM3,loso_subject_S010,45,0.01072178106288702,,0.07330195371234467,,0.001
LSTM3_c8a39384,LSTM3,loso_subject_S010,46,0.010050039551890181,,0.07265872049516096,,0.001
LSTM3_c8a39384,LSTM3,loso_subject_S010,47,0.010677459460071455,,0.07544899356935263,,0.001
LSTM3_c8a39384,LSTM3,loso_subject_S010,48,0.009991148731680444,,0.07069321376194262,,0.001
LSTM3_c8a39384,LSTM3,loso_subject_S010,49,0.009988616880962073,,0.0718009562107162,,0.001
LSTM3_c8a39384,LSTM3,loso_subject_S010,50,0.009557964171920856,,0.07011359098318927,,0.001
LSTM3_c8a39384,LSTM3,loso_subject_S010,51,0.01044847936632764,,0.07192666938871606,,0.001
LSTM3_c8a39384,LSTM3,loso_subject_S010,52,0.009969360970416527,,0.07014249886599606,,0.001
LSTM3_c8a39384,LSTM3,loso_subject_S010,53,0.010254083651362928,,0.07350044252793665,,0.001
LSTM3_c8a39384,LSTM3,loso_subject_S010,54,0.010298898341933215,,0.07237828502381737,,0.001
LSTM3_c8a39384,LSTM3,loso_subject_S010,55,0.009823172249203828,,0.07066444932953382,,0.001
LSTM3_c8a39384,LSTM3,loso_subject_S010,56,0.009672504554747613,,0.06999803426061166,,0.001
LSTM3_c8a39384,LSTM3,loso_subject_S010,57,0.009577779495321036,,0.06928873089379231,,0.001
LSTM3_c8a39384,LSTM3,loso_subject_S010,58,0.010154687724588373,,0.0712975902794618,,0.001
LSTM3_c8a39384,LSTM3,loso_subject_S010,59,0.00885897987062418,,0.06720826502171583,,0.001
LSTM3_c8a39384,LSTM3,loso_subject_S010,60,0.008885333225335376,,0.06688936086248412,,0.001
LSTM3_c8a39384,LSTM3,loso_subject_S010,61,0.00910805765769946,,0.06872213454772987,,0.001
LSTM3_c8a39384,LSTM3,loso_subject_S010,62,0.00955094392876417,,0.06897921049142186,,0.001
LSTM3_c8a39384,LSTM3,loso_subject_S010,63,0.009651646008073193,,0.06995050347974699,,0.001
LSTM3_c8a39384,LSTM3,loso_subject_S010,64,0.00914150587559459,,0.06822332205609766,,0.001
LSTM3_c8a39384,LSTM3,loso_subject_S010,65,0.009211075131201124,,0.06811403822462937,,0.001
LSTM3_c8a39384,LSTM3,loso_subject_S010,66,0.009590848212021648,,0.06941543008540083,,0.001
LSTM3_c8a39384,LSTM3,loso_subject_S010,67,0.009120779085521875,,0.06881918726297706,,0.001
LSTM3_c8a39384,LSTM3,loso_subject_S010,68,0.009198702931529862,,0.06938102725269757,,0.001
LSTM3_c8a39384,LSTM3,loso_subject_S010,69,0.010011134343025302,,0.07158520003956247,,0.001
LSTM3_c8a39384,LSTM3,loso_subject_S010,70,0.009531649045447088,,0.06891247466437089,,0.001
LSTM3_c8a39384,LSTM3,loso_subject_S010,71,0.008682258653489849,,0.06597470456915062,,0.001
LSTM3_c8a39384,LSTM3,loso_subject_S010,72,0.009201573184920597,,0.06842531687390117,,0.001
LSTM3_c8a39384,LSTM3,loso_subject_S010,73,0.008570992811969396,,0.0659801927192134,,0.001
LSTM3_c8a39384,LSTM3,loso_subject_S010,74,0.008686074072759698,,0.06595497873681172,,0.001
LSTM3_c8a39384,LSTM3,loso_subject_S010,75,0.008846710609997794,,0.06739195902555468,,0.001
LSTM3_c8a39384,LSTM3,loso_subject_S010,76,0.009764140186000893,,0.0695727717293801,,0.001
LSTM3_c8a39384,LSTM3,loso_subject_S010,77,0.009229818720150471,,0.06854799314914206,,0.001
LSTM3_c8a39384,LSTM3,loso_subject_S010,78,0.009217234477060212,,0.06828237965430556,,0.001
LSTM3_c8a39384,LSTM3,loso_subject_S010,79,0.008613852271613692,,0.06583737952925485,,0.001
LSTM3_c8a39384,LSTM3,loso_subject_S010,80,0.009233663764909307,,0.06745793438724827,,0.001
LSTM3_c8a39384,LSTM3,loso_subject_S011,1,0.30542891079465073,,0.39481100901751454,,0.001
LSTM3_c8a39384,LSTM3,loso_subject_S011,2,0.03989753157772197,,0.14820589682133717,,0.001
LSTM3_c8a39384,LSTM3,loso_subject_S011,3,0.029245962244524082,,0.1268633376254033,,0.001
LSTM3_c8a39384,LSTM3,loso_subject_S011,4,0.023098671800766708,,0.11362528036533172,,0.001
LSTM3_c8a39384,LSTM3,loso_subject_S011,5,0.019948612051014007,,0.10498993869624701,,0.001
LSTM3_c8a39384,LSTM3,loso_subject_S011,6,0.01900985935160069,,0.10388182745368613,,0.001
LSTM3_c8a39384,LSTM3,loso_subject_S011,7,0.016947103359555887,,0.09598152532382492,,0.001
LSTM3_c8a39384,LSTM3,loso_subject_S011,8,0.015513153232125524,,0.0936594978539941,,0.001
LSTM3_c8a39384,LSTM3,loso_subject_S011,9,0.01483121453476656,,0.08997364282478879,,0.001
LSTM3_c8a39384,LSTM3,loso_subject_S011,10,0.014851995456241322,,0.0897382861679321,,0.001
LSTM3_c8a39384,LSTM3,loso_subject_S011,11,0.01426370155857321,,0.08954587307549763,,0.001
LSTM3_c8a39384,LSTM3,loso_subject_S011,12,0.013693726166501594,,0.08739331875597797,,0.001
LSTM3_c8a39384,LSTM3,loso_subject_S011,13,0.012657930107861919,,0.0824222535960465,,0.001
LSTM3_c8a39384,LSTM3,loso_subject_S011,14,0.012789068932272695,,0.08369050791662666,,0.001
LSTM3_c8a39384,LSTM3,loso_subject_S011,15,0.012955295332664077,,0.08382804263161166,,0.001
LSTM3_c8a39384,LSTM3,loso_subject_S011,16,0.01225062996504237,,0.08144999299509166,,0.001
LSTM3_c8a39384,LSTM3,loso_subject_S011,17,0.012645631291997394,,0.08228101385182188,,0.001
LSTM3_c8a39384,LSTM3,loso_subject_S011,18,0.01214123560713033,,0.07974292810517944,,0.001
LSTM3_c8a39384,LSTM3,loso_subject_S011,19,0.011876141135848227,,0.08000853681938878,,0.001
LSTM3_c8a39384,LSTM3,loso_subject_S011,20,0.011810229710814819,,0.07968010652491486,,0.001
LSTM3_c8a39384,LSTM3,loso_subject_S011,21,0.011053983768890182,,0.0771584233848271,,0.001
LSTM3_c8a39384,LSTM3,loso_subject_S011,22,0.012303447698465956,,0.08008626582886003,,0.001
LSTM3_c8a39384,LSTM3,loso_subject_S011,23,0.0112929254475646,,0.07749765459145394,,0.001
LSTM3_c8a39384,LSTM3,loso_subject_S011,24,0.010928769260927437,,0.07557511778461584,,0.001
LSTM3_c8a39384,LSTM3,loso_subject_S011,25,0.011132778378883589,,0.07671567144625106,,0.001
LSTM3_c8a39384,LSTM3,loso_subject_S011,26,0.011203423194902045,,0.07562387241444117,,0.001
LSTM3_c8a39384,LSTM3,loso_subject_S011,27,0.010920463981488287,,0.0755587886667781,,0.001
LSTM3_c8a39384,LSTM3,loso_subject_S011,28,0.011087514976198953,,0.0764782486618663,,0.001
LSTM3_c8a39384,LSTM3,loso_subject_S011,29,0.010395401059564118,,0.07514285370465348,,0.001
LSTM3_c8a39384,LSTM3,loso_subject_S011,30,0.011812778468266985,,0.07906034085112558,,0.001
LSTM3_c8a39384,LSTM3,loso_subject_S011,31,0.0111103803827503,,0.07662465483079364,,0.001
LSTM3_c8a39384,LSTM3,loso_subject_S011,32,0.010387487707504214,,0.07393903404732567,,0.001
LSTM3_c8a39384,LSTM3,loso_subject_S011,33,0.009891432899687105,,0.07249102932789472,,0.001
LSTM3_c8a39384,LSTM3,loso_subject_S011,34,0.010173023431153236,,0.07324704740959283,,0.001
LSTM3_c8a39384,LSTM3,loso_subject_S011,35,0.011459679531492495,,0.0772284970478531,,0.001
LSTM3_c8a39384,LSTM3,loso_subject_S011,36,0.009779080533637451,,0.07211770024453315,,0.001
LSTM3_c8a39384,LSTM3,loso_subject_S011,37,0.00980643019078144,,0.07115116522507187,,0.001
LSTM3_c8a39384,LSTM3,loso_subject_S011,38,0.010031464011211631,,0.07283147308220714,,0.001
LSTM3_c8a39384,LSTM3,loso_subject_S011,39,0.009366392440496583,,0.06960212561995081,,0.001
LSTM3_c8a39384,LSTM3,loso_subject_S011,40,0.009634426724315012,,0.07050754637623918,,0.001
LSTM3_c8a39384,LSTM3,loso_subject_S011,41,0.011359228230891739,,0.07591081034484948,,0.001
LSTM3_c8a39384,LSTM3,loso_subject_S011,42,0.010681918493793916,,0.07454227442214445,,0.001
LSTM3_c8a39384,LSTM3,loso_subject_S011,43,0.010317393468606124,,0.07343839051631781,,0.001
LSTM3_c8a39384,LSTM3,loso_subject_S011,44,0.010387248853029822,,0.07163156284057694,,0.001
LSTM3_c8a39384,LSTM3,loso_subject_S011,45,0.009405030951182381,,0.07021992970843227,,0.001
LSTM3_c8a39384,LSTM3,loso_subject_S011,46,0.009955147446263359,,0.07203938924220117,,0.001
LSTM3_c8a39384,LSTM3,loso_subject_S011,47,0.009828665259951082,,0.06959745614009456,,0.001
LSTM3_c8a39384,LSTM3,loso_subject_S011,48,0.010339238495240039,,0.07239085051633684,,0.001
LSTM3_c8a39384,LSTM3,loso_subject_S011,49,0.009817998114678674,,0.06996707316338693,,0.001
LSTM3_c8a39384,LSTM3,loso_subject_S011,50,0.010098055965657611,,0.07224633405842734,,0.001
LSTM3_c8a39384,LSTM3,loso_subject_S011,51,0.009285633227225889,,0.0691535907231457,,0.001
LSTM3_c8a39384,LSTM3,loso_subject_S011,52,0.011160623640395127,,0.07673807526138467,,0.001
LSTM3_c8a39384,LSTM3,loso_subject_S011,53,0.010463214514702397,,0.0727953686422284,,0.001
LSTM3_c8a39384,LSTM3,loso_subject_S011,54,0.010544865982423365,,0.07343626316971795,,0.001
LSTM3_c8a39384,LSTM3,loso_subject_S011,55,0.010000044662598217,,0.0723889570033434,,0.001
LSTM3_c8a39384,LSTM3,loso_subject_S011,56,0.010083235826500704,,0.07239040339270754,,0.001
LSTM3_c8a39384,LSTM3,loso_subject_S011,57,0.010184858248085751,,0.0708183743713478,,0.001
LSTM3_c8a39384,LSTM3,loso_subject_S011,58,0.00986919788601339,,0.07085906700478344,,0.001
LSTM3_c8a39384,LSTM3,loso_subject_S011,59,0.009780004715904157,,0.0706030700763411,,0.001
LSTM3_c8a39384,LSTM3,loso_subject_S011,60,0.010277418862172642,,0.071785554241385,,0.001
LSTM3_c8a39384,LSTM3,loso_subject_S011,61,0.010230559739662599,,0.07251480795273543,,0.001
LSTM3_c8a39384,LSTM3,loso_subject_S011,62,0.009613950371556589,,0.07048116000379281,,0.001
LSTM3_c8a39384,LSTM3,loso_subject_S011,63,0.009384622213149186,,0.06953610062502316,,0.001
LSTM3_c8a39384,LSTM3,loso_subject_S011,64,0.009386369383380317,,0.0696587826439128,,0.001
LSTM3_c8a39384,LSTM3,loso_subject_S011,65,0.009866022467027991,,0.07088603589477932,,0.001
LSTM3_c8a39384,LSTM3,loso_subject_S011,66,0.009557716581740398,,0.06996871441408975,,0.001
LSTM3_c8a39384,LSTM3,loso_subject_S011,67,0.009285315037790771,,0.0691088379511079,,0.001
LSTM3_c8a39384,LSTM3,loso_subject_S011,68,0.009005928455467537,,0.06820741771263265,,0.001
LSTM3_c8a39384,LSTM3,loso_subject_S011,69,0.010050306696029035,,0.07195340196237791,,0.001
LSTM3_c8a39384,LSTM3,loso_subject_S011,70,0.009485382842503384,,0.06944916505499754,,0.001
LSTM3_c8a39384,LSTM3,loso_subject_S011,71,0.00917711268801682,,0.0677438965339702,,0.001
LSTM3_c8a39384,LSTM3,loso_subject_S011,72,0.010154136714857487,,0.07174862900250395,,0.001
LSTM3_c8a39384,LSTM3,loso_subject_S011,73,0.009567058084175427,,0.07034828594582053,,0.001
LSTM3_c8a39384,LSTM3,loso_subject_S011,74,0.008798743804507079,,0.0679849194986332,,0.001
LSTM3_c8a39384,LSTM3,loso_subject_S011,75,0.00812947327817991,,0.0651674487043822,,0.001
LSTM3_c8a39384,LSTM3,loso_subject_S011,76,0.00994301348508922,,0.07029447334849821,,0.001
LSTM3_c8a39384,LSTM3,loso_subject_S011,77,0.00966857884680592,,0.06999502556634621,,0.001
LSTM3_c8a39384,LSTM3,loso_subject_S011,78,0.009728564606335737,,0.07062364583542391,,0.001
LSTM3_c8a39384,LSTM3,loso_subject_S011,79,0.00909561088726425,,0.068834796983785,,0.001
LSTM3_c8a39384,LSTM3,loso_subject_S011,80,0.009124583496085548,,0.06796922234824393,,0.001
LSTM3_c8a39384,LSTM3,loso_subject_S012,1,0.2827231902629137,,0.3697447979758526,,0.001
LSTM3_c8a39384,LSTM3,loso_subject_S012,2,0.038426707884104086,,0.14362296924508852,,0.001
LSTM3_c8a39384,LSTM3,loso_subject_S012,3,0.028758344641918766,,0.12261635733061824,,0.001
LSTM3_c8a39384,LSTM3,loso_subject_S012,4,0.022682068050549977,,0.10988645615248845,,0.001
LSTM3_c8a39384,LSTM3,loso_subject_S012,5,0.02056368787227006,,0.1059985613000804,,0.001
LSTM3_c8a39384,LSTM3,loso_subject_S012,6,0.018001689350810545,,0.09956113595900865,,0.001
LSTM3_c8a39384,LSTM3,loso_subject_S012,7,0.016006449333809573,,0.09374078671480048,,0.001
LSTM3_c8a39384,LSTM3,loso_subject_S012,8,0.015008118870700228,,0.09042226176323562,,0.001
LSTM3_c8a39384,LSTM3,loso_subject_S012,9,0.01537804986382353,,0.09302292096203771,,0.001
LSTM3_c8a39384,LSTM3,loso_subject_S012,10,0.014672934230224326,,0.08802511003510706,,0.001
LSTM3_c8a39384,LSTM3,loso_subject_S012,11,0.013394599073919756,,0.08563776057342003,,0.001
LSTM3_c8a39384,LSTM3,loso_subject_S012,12,0.012978841968137643,,0.08365939416248223,,0.001
LSTM3_c8a39384,LSTM3,loso_subject_S012,13,0.012559960524005622,,0.0822087955372087,,0.001
LSTM3_c8a39384,LSTM3,loso_subject_S012,14,0.012612472762000459,,0.08225599175383305,,0.001
LSTM3_c8a39384,LSTM3,loso_subject_S012,15,0.011998155049915457,,0.08077269741173448,,0.001
LSTM3_c8a39384,LSTM3,loso_subject_S012,16,0.012606552834140843,,0.08193127881607105,,0.001
LSTM3_c8a39384,LSTM3,loso_subject_S012,17,0.01176349049562524,,0.07800205462965472,,0.001
LSTM3_c8a39384,LSTM3,loso_subject_S012,18,0.011165284615909231,,0.07640013676779024,,0.001
LSTM3_c8a39384,LSTM3,loso_subject_S012,19,0.011258101050645626,,0.07837469079371157,,0.001
LSTM3_c8a39384,LSTM3,loso_subject_S012,20,0.012543809391429713,,0.08119934752326587,,0.001
LSTM3_c8a39384,LSTM3,loso_subject_S012,21,0.01151702058469427,,0.07798599361859519,,0.001
LSTM3_c8a39384,LSTM3,loso_subject_S012,22,0.01157329349521676,,0.0776376585508215,,0.001
LSTM3_c8a39384,LSTM3,loso_subject_S012,23,0.011764296258253783,,0.07820719075870924,,0.001
LSTM3_c8a39384,LSTM3,loso_subject_S012,24,0.010670562234610832,,0.07551541963014109,,0.001
LSTM3_c8a39384,LSTM3,loso_subject_S012,25,0.010676674625097677,,0.07552563142159889,,0.001
LSTM3_c8a39384,LSTM3,loso_subject_S012,26,0.011284156999518645,,0.07610156380667768,,0.001
LSTM3_c8a39384,LSTM3,loso_subject_S012,27,0.01088272328167383,,0.07499224891693428,,0.001
LSTM3_c8a39384,LSTM3,loso_subject_S012,28,0.010905989606318802,,0.07569586800347114,,0.001
LSTM3_c8a39384,LSTM3,loso_subject_S012,29,0.010838496498763561,,0.07590253220806861,,0.001
LSTM3_c8a39384,LSTM3,loso_subject_S012,30,0.011274643868593306,,0.07610999169791567,,0.001
LSTM3_c8a39384,LSTM3,loso_subject_S012,31,0.010588482704720107,,0.0754209930912174,,0.001
LSTM3_c8a39384,LSTM3,loso_subject_S012,32,0.010495552407770321,,0.07374115018495198,,0.001
LSTM3_c8a39384,LSTM3,loso_subject_S012,33,0.010873468319789088,,0.07411977867114133,,0.001
LSTM3_c8a39384,LSTM3,loso_subject_S012,34,0.010617592363971574,,0.0737428477612035,,0.001
LSTM3_c8a39384,LSTM3,loso_subject_S012,35,0.010194356336483154,,0.07336469431375635,,0.001
LSTM3_c8a39384,LSTM3,loso_subject_S012,36,0.010056833455595991,,0.07335529463558361,,0.001
LSTM3_c8a39384,LSTM3,loso_subject_S012,37,0.011236978750997063,,0.07571661530126786,,0.001
LSTM3_c8a39384,LSTM3,loso_subject_S012,38,0.009739513019228289,,0.07054801086156533,,0.001
LSTM3_c8a39384,LSTM3,loso_subject_S012,39,0.009991064892503721,,0.07278980494573198,,0.001
LSTM3_c8a39384,LSTM3,loso_subject_S012,40,0.009959186668154495,,0.07143444953293636,,0.001
LSTM3_c8a39384,LSTM3,loso_subject_S012,41,0.010700063065400925,,0.07277312316000462,,0.001
LSTM3_c8a39384,LSTM3,loso_subject_S012,42,0.0097231759673691,,0.06998220773349548,,0.001
LSTM3_c8a39384,LSTM3,loso_subject_S012,43,0.009426841086804354,,0.06950743470726342,,0.001
LSTM3_c8a39384,LSTM3,loso_subject_S012,44,0.010103175809992284,,0.07193174874731179,,0.001
LSTM3_c8a39384,LSTM3,loso_subject_S012,45,0.010533767969122735,,0.07450320552392252,,0.001
LSTM3_c8a39384,LSTM3,loso_subject_S012,46,0.009197837215495008,,0.06896164910546665,,0.001
LSTM3_c8a39384,LSTM3,loso_subject_S012,47,0.01012422886259597,,0.07156596596127954,,0.001
LSTM3_c8a39384,LSTM3,loso_subject_S012,48,0.009156161525832682,,0.0691464392404104,,0.001
LSTM3_c8a39384,LSTM3,loso_subject_S012,49,0.009872246967178994,,0.07175063020710287,,0.001
LSTM3_c8a39384,LSTM3,loso_subject_S012,50,0.009490185738380614,,0.0700804419687082,,0.001
LSTM3_c8a39384,LSTM3,loso_subject_S012,51,0.009919559021062892,,0.07104629714941156,,0.001
LSTM3_c8a39384,LSTM3,loso_subject_S012,52,0.009883613654829818,,0.07100657720504136,,0.001
LSTM3_c8a39384,LSTM3,loso_subject_S012,53,0.009676948470737913,,0.07112452805299184,,0.001
LSTM3_c8a39384,LSTM3,loso_subject_S012,54,0.00943551745651097,,0.07015451223685823,,0.001
LSTM3_c8a39384,LSTM3,loso_subject_S012,55,0.009633781805891415,,0.06920796664881296,,0.001
LSTM3_c8a39384,LSTM3,loso_subject_S012,56,0.009783601139447299,,0.0711109460299385,,0.001
LSTM3_c8a39384,LSTM3,loso_subject_S012,57,0.008882110665455974,,0.0682274899606047,,0.001
LSTM3_c8a39384,LSTM3,loso_subject_S012,58,0.00917973371768563,,0.06910485498093326,,0.001
LSTM3_c8a39384,LSTM3,loso_subject_S012,59,0.009149228070123956,,0.06871080835317743,,0.001
LSTM3_c8a39384,LSTM3,loso_subject_S012,60,0.00902366318643607,,0.06774184981296802,,0.001
LSTM3_c8a39384,LSTM3,loso_subject_S012,61,0.00963720701763342,,0.0701637743362065,,0.001
LSTM3_c8a39384,LSTM3,loso_subject_S012,62,0.009437762979610726,,0.0701303180820983,,0.001
LSTM3_c8a39384,LSTM3,loso_subject_S012,63,0.009732639216336197,,0.07051063393210542,,0.001
LSTM3_c8a39384,LSTM3,loso_subject_S012,64,0.009670984947347435,,0.06902390923993341,,0.001
LSTM3_c8a39384,LSTM3,loso_subject_S012,65,0.009312591387023186,,0.06954243194697232,,0.001
LSTM3_c8a39384,LSTM3,loso_subject_S012,66,0.00907557205586084,,0.06881663794147558,,0.001
LSTM3_c8a39384,LSTM3,loso_subject_S012,67,0.009215842836118978,,0.06883394820936795,,0.001
LSTM3_c8a39384,LSTM3,loso_subject_S012,68,0.00898159955274956,,0.06814274313891756,,0.001
LSTM3_c8a39384,LSTM3,loso_subject_S012,69,0.00891455252462163,,0.06814072711457467,,0.001
LSTM3_c8a39384,LSTM3,loso_subject_S012,70,0.00955257182619695,,0.0687592667366924,,0.001
LSTM3_c8a39384,LSTM3,loso_subject_S012,71,0.009335382183178746,,0.06908263169742863,,0.001
LSTM3_c8a39384,LSTM3,loso_subject_S012,72,0.009513752350326756,,0.07028667558113048,,0.001
LSTM3_c8a39384,LSTM3,loso_subject_S012,73,0.009665514173885358,,0.07024807579301555,,0.001
LSTM3_c8a39384,LSTM3,loso_subject_S012,74,0.009611722643904645,,0.06918997966266911,,0.001
LSTM3_c8a39384,LSTM3,loso_subject_S012,75,0.009176744918884903,,0.06817955048433666,,0.001
LSTM3_c8a39384,LSTM3,loso_subject_S012,76,0.009653109623568839,,0.06879943204594069,,0.001
LSTM3_c8a39384,LSTM3,loso_subject_S012,77,0.008371366436818036,,0.06545750295807576,,0.001
LSTM3_c8a39384,LSTM3,loso_subject_S012,78,0.009367030033649042,,0.06757003595602923,,0.001
LSTM3_c8a39384,LSTM3,loso_subject_S012,79,0.009355751074979017,,0.06834635099974172,,0.001
LSTM3_c8a39384,LSTM3,loso_subject_S012,80,0.009652706409065888,,0.06926919494209618,,0.001
LSTM3_c8a39384,LSTM3,loso_subject_S013,1,0.29917254347839184,,0.3839848304802031,,0.001
LSTM3_c8a39384,LSTM3,loso_subject_S013,2,0.0407957529819408,,0.14707527979589236,,0.001
LSTM3_c8a39384,LSTM3,loso_subject_S013,3,0.027062772175199108,,0.12275739147474891,,0.001
LSTM3_c8a39384,LSTM3,loso_subject_S013,4,0.021540690197962804,,0.10888690257501735,,0.001
LSTM3_c8a39384,LSTM3,loso_subject_S013,5,0.01877718538076841,,0.10249179422525158,,0.001
LSTM3_c8a39384,LSTM3,loso_subject_S013,6,0.017118109146602598,,0.09780616269464969,,0.001
LSTM3_c8a39384,LSTM3,loso_subject_S013,7,0.01702697161492218,,0.09637438234695107,,0.001
LSTM3_c8a39384,LSTM3,loso_subject_S013,8,0.01610422646755822,,0.09325007150708144,,0.001
LSTM3_c8a39384,LSTM3,loso_subject_S013,9,0.01437523529098635,,0.08790445593585598,,0.001
LSTM3_c8a39384,LSTM3,loso_subject_S013,10,0.013813079906488224,,0.08602037886750995,,0.001
LSTM3_c8a39384,LSTM3,loso_subject_S013,11,0.01392604697836238,,0.08649879478103896,,0.001
LSTM3_c8a39384,LSTM3,loso_subject_S013,12,0.01324277214674986,,0.0847180601632496,,0.001
LSTM3_c8a39384,LSTM3,loso_subject_S013,13,0.013218930626282897,,0.08388068676820422,,0.001
LSTM3_c8a39384,LSTM3,loso_subject_S013,14,0.013123368483212185,,0.0834370542266032,,0.001
LSTM3_c8a39384,LSTM3,loso_subject_S013,15,0.012313944280890547,,0.08085738087790165,,0.001
LSTM3_c8a39384,LSTM3,loso_subject_S013,16,0.012223798978217256,,0.08241902901855531,,0.001
LSTM3_c8a39384,LSTM3,loso_subject_S013,17,0.01196285605771142,,0.07971669422292313,,0.001
LSTM3_c8a39384,LSTM3,loso_subject_S013,18,0.01263743693788131,,0.08202698270369765,,0.001
LSTM3_c8a39384,LSTM3,loso_subject_S013,19,0.011679677529018011,,0.07927061914572095,,0.001
LSTM3_c8a39384,LSTM3,loso_subject_S013,20,0.011456830580035158,,0.07677165601309646,,0.001
LSTM3_c8a39384,LSTM3,loso_subject_S013,21,0.0116545735984793,,0.07866952671073481,,0.001
LSTM3_c8a39384,LSTM3,loso_subject_S013,22,0.010991373628254083,,0.0769712737516353,,0.001
LSTM3_c8a39384,LSTM3,loso_subject_S013,23,0.011288300413545478,,0.07713474460420847,,0.001
LSTM3_c8a39384,LSTM3,loso_subject_S013,24,0.010648296383361738,,0.0741427596710065,,0.001
LSTM3_c8a39384,LSTM3,loso_subject_S013,25,0.010405590213123204,,0.07404380936866982,,0.001
LSTM3_c8a39384,LSTM3,loso_subject_S013,26,0.011320754822725404,,0.0764673384726873,,0.001
LSTM3_c8a39384,LSTM3,loso_subject_S013,27,0.010675158016280455,,0.07483929887702921,,0.001
LSTM3_c8a39384,LSTM3,loso_subject_S013,28,0.01097792985841343,,0.07560629996979336,,0.001
LSTM3_c8a39384,LSTM3,loso_subject_S013,29,0.011226239895391333,,0.07663284235548774,,0.001
LSTM3_c8a39384,LSTM3,loso_subject_S013,30,0.011528961100406594,,0.07725564615383043,,0.001
LSTM3_c8a39384,LSTM3,loso_subject_S013,31,0.011109992804991241,,0.07520969195544225,,0.001
LSTM3_c8a39384,LSTM3,loso_subject_S013,32,0.009459981873342535,,0.07032626648111026,,0.001
LSTM3_c8a39384,LSTM3,loso_subject_S013,33,0.010817210700290686,,0.07482992293431819,,0.001
LSTM3_c8a39384,LSTM3,loso_subject_S013,34,0.010123069785081283,,0.07321800398859621,,0.001
LSTM3_c8a39384,LSTM3,loso_subject_S013,35,0.010826749456762607,,0.07506879945788687,,0.001
LSTM3_c8a39384,LSTM3,loso_subject_S013,36,0.01002369035355272,,0.07145301108545213,,0.001
LSTM3_c8a39384,LSTM3,loso_subject_S013,37,0.010744947864005852,,0.07496967754453172,,0.001
LSTM3_c8a39384,LSTM3,loso_subject_S013,38,0.010012205746386026,,0.07163791734714918,,0.001
LSTM3_c8a39384,LSTM3,loso_subject_S013,39,0.010439658686105895,,0.07423065951161108,,0.001
LSTM3_c8a39384,LSTM3,loso_subject_S013,40,0.010215739539496786,,0.07264630085791247,,0.001
LSTM3_c8a39384,LSTM3,loso_subject_S013,41,0.010422856645488343,,0.07253851544658893,,0.001
LSTM3_c8a39384,LSTM3,loso_subject_S013,42,0.010114734002757931,,0.0723300154024214,,0.001
LSTM3_c8a39384,LSTM3,loso_subject_S013,43,0.009971095386304354,,0.0722010919963554,,0.001
LSTM3_c8a39384,LSTM3,loso_subject_S013,44,0.009320817308350778,,0.06958350720415485,,0.001
LSTM3_c8a39384,LSTM3,loso_subject_S013,45,0.010013394188290652,,0.07224272600996857,,0.001
LSTM3_c8a39384,LSTM3,loso_subject_S013,46,0.009451169914300258,,0.069410422502132,,0.001
LSTM3_c8a39384,LSTM3,loso_subject_S013,47,0.009527290728036056,,0.07022557251176015,,0.001
LSTM3_c8a39384,LSTM3,loso_subject_S013,48,0.011101708263468379,,0.07524742451896298,,0.001
LSTM3_c8a39384,LSTM3,loso_subject_S013,49,0.010126676019332747,,0.07164578829115448,,0.001
LSTM3_c8a39384,LSTM3,loso_subject_S013,50,0.010011653928731122,,0.07028359664691783,,0.001
LSTM3_c8a39384,LSTM3,loso_subject_S013,51,0.009380784679534446,,0.06939818349323774,,0.001
LSTM3_c8a39384,LSTM3,loso_subject_S013,52,0.009924271105275259,,0.07026177563000253,,0.001
LSTM3_c8a39384,LSTM3,loso_subject_S013,53,0.010034431349434516,,0.07066168967541565,,0.001
LSTM3_c8a39384,LSTM3,loso_subject_S013,54,0.009401598284046818,,0.06901610412756162,,0.001
LSTM3_c8a39384,LSTM3,loso_subject_S013,55,0.009129097107591473,,0.06837942691060644,,0.001
LSTM3_c8a39384,LSTM3,loso_subject_S013,56,0.01005002823439001,,0.0733660110971604,,0.001
LSTM3_c8a39384,LSTM3,loso_subject_S013,57,0.010667843378337302,,0.07205953034997976,,0.001
LSTM3_c8a39384,LSTM3,loso_subject_S013,58,0.010127490747544574,,0.07123915133301241,,0.001
LSTM3_c8a39384,LSTM3,loso_subject_S013,59,0.00950793359284173,,0.06971477307069665,,0.001
LSTM3_c8a39384,LSTM3,loso_subject_S013,60,0.009211527800233906,,0.06913115130814819,,0.001
LSTM3_c8a39384,LSTM3,loso_subject_S013,61,0.009472561196792984,,0.07012271185165628,,0.001
LSTM3_c8a39384,LSTM3,loso_subject_S013,62,0.009693412761877284,,0.06952114815196832,,0.001
LSTM3_c8a39384,LSTM3,loso_subject_S013,63,0.009773119137083229,,0.06955797779180337,,0.001
LSTM3_c8a39384,LSTM3,loso_subject_S013,64,0.009562605841296862,,0.06966302815071433,,0.001
LSTM3_c8a39384,LSTM3,loso_subject_S013,65,0.010120271488126378,,0.07088435894482023,,0.001
LSTM3_c8a39384,LSTM3,loso_subject_S013,66,0.009975217793838552,,0.07030470087051062,,0.001
LSTM3_c8a39384,LSTM3,loso_subject_S013,67,0.009573431595788438,,0.07014932954823211,,0.001
LSTM3_c8a39384,LSTM3,loso_subject_S013,68,0.009468627718491402,,0.06909095599545666,,0.001
LSTM3_c8a39384,LSTM3,loso_subject_S013,69,0.009287676049030058,,0.06806469021411483,,0.001
LSTM3_c8a39384,LSTM3,loso_subject_S013,70,0.00899267334986344,,0.06794711671707702,,0.001
LSTM3_c8a39384,LSTM3,loso_subject_S013,71,0.009216835675374128,,0.06851544610103412,,0.001
LSTM3_c8a39384,LSTM3,loso_subject_S013,72,0.009873127434247914,,0.06934349788275451,,0.001
LSTM3_c8a39384,LSTM3,loso_subject_S013,73,0.009255532272304525,,0.06824203724676223,,0.001
LSTM3_c8a39384,LSTM3,loso_subject_S013,74,0.009859046463821073,,0.0712533240379389,,0.001
LSTM3_c8a39384,LSTM3,loso_subject_S013,75,0.009092239201471333,,0.06764962722720201,,0.001
LSTM3_c8a39384,LSTM3,loso_subject_S013,76,0.009611976289105217,,0.07041090536976125,,0.001
LSTM3_c8a39384,LSTM3,loso_subject_S013,77,0.008869824281937527,,0.06834766243138142,,0.001
LSTM3_c8a39384,LSTM3,loso_subject_S013,78,0.008661555686650843,,0.06584544812130466,,0.001
LSTM3_c8a39384,LSTM3,loso_subject_S013,79,0.009556906780749146,,0.06846482202080478,,0.001
LSTM3_c8a39384,LSTM3,loso_subject_S013,80,0.009228811800541805,,0.06842557250049966,,0.001
LSTM3_c8a39384,LSTM3,loso_subject_S014,1,0.288237200821178,,0.38139650879199044,,0.001
LSTM3_c8a39384,LSTM3,loso_subject_S014,2,0.04144967703573536,,0.14911931478663495,,0.001
LSTM3_c8a39384,LSTM3,loso_subject_S014,3,0.028412026728977236,,0.12320599652696074,,0.001
LSTM3_c8a39384,LSTM3,loso_subject_S014,4,0.022858167998492718,,0.11224736626210965,,0.001
LSTM3_c8a39384,LSTM3,loso_subject_S014,5,0.019150125124213987,,0.10323296761826466,,0.001
LSTM3_c8a39384,LSTM3,loso_subject_S014,6,0.01858265934871477,,0.10157933216868785,,0.001
LSTM3_c8a39384,LSTM3,loso_subject_S014,7,0.016727774469345286,,0.09600820836790822,,0.001
LSTM3_c8a39384,LSTM3,loso_subject_S014,8,0.015722990362790592,,0.09284229380519766,,0.001
LSTM3_c8a39384,LSTM3,loso_subject_S014,9,0.015389866211958099,,0.09221761477620978,,0.001
LSTM3_c8a39384,LSTM3,loso_subject_S014,10,0.014969917945563793,,0.08987413948042351,,0.001
LSTM3_c8a39384,LSTM3,loso_subject_S014,11,0.013763164170086384,,0.08675133985908408,,0.001
LSTM3_c8a39384,LSTM3,loso_subject_S014,12,0.013698633564145942,,0.08525943455466053,,0.001
LSTM3_c8a39384,LSTM3,loso_subject_S014,13,0.013177700602171714,,0.08333951247888699,,0.001
LSTM3_c8a39384,LSTM3,loso_subject_S014,14,0.013511075817963533,,0.08575859705084249,,0.001
LSTM3_c8a39384,LSTM3,loso_subject_S014,15,0.011841241466371636,,0.07920844134008675,,0.001
LSTM3_c8a39384,LSTM3,loso_subject_S014,16,0.012584628635331205,,0.08115813776589277,,0.001
LSTM3_c8a39384,LSTM3,loso_subject_S014,17,0.012869282315174738,,0.0814065955448569,,0.001
LSTM3_c8a39384,LSTM3,loso_subject_S014,18,0.011660006934809581,,0.07878335552257404,,0.001
LSTM3_c8a39384,LSTM3,loso_subject_S014,19,0.012133696394269927,,0.07967299392871689,,0.001
LSTM3_c8a39384,LSTM3,loso_subject_S014,20,0.011229077084480147,,0.07730006256647277,,0.001
LSTM3_c8a39384,LSTM3,loso_subject_S014,21,0.01145392595055072,,0.07838305654494386,,0.001
LSTM3_c8a39384,LSTM3,loso_subject_S014,22,0.011605884928844477,,0.07842162395255607,,0.001
LSTM3_c8a39384,LSTM3,loso_subject_S014,23,0.011904895942854253,,0.07786929953777999,,0.001
LSTM3_c8a39384,LSTM3,loso_subject_S014,24,0.010994382439540666,,0.07695903576779783,,0.001
LSTM3_c8a39384,LSTM3,loso_subject_S014,25,0.01066540134253732,,0.07513146919378064,,0.001
LSTM3_c8a39384,LSTM3,loso_subject_S014,26,0.011562306123475233,,0.0756885756395365,,0.001
LSTM3_c8a39384,LSTM3,loso_subject_S014,27,0.010535711920901872,,0.07437738567067866,,0.001
LSTM3_c8a39384,LSTM3,loso_subject_S014,28,0.011256577324514327,,0.07799090817570686,,0.001
LSTM3_c8a39384,LSTM3,loso_subject_S014,29,0.01123643315217474,,0.07685964051307294,,0.001
LSTM3_c8a39384,LSTM3,loso_subject_S014,30,0.010748942431650664,,0.07433822300089032,,0.001
LSTM3_c8a39384,LSTM3,loso_subject_S014,31,0.01080874231104788,,0.0740806771474972,,0.001
LSTM3_c8a39384,LSTM3,loso_subject_S014,32,0.010321842588222864,,0.07312507574495516,,0.001
LSTM3_c8a39384,LSTM3,loso_subject_S014,33,0.011308203794454274,,0.07615793855828151,,0.001
LSTM3_c8a39384,LSTM3,loso_subject_S014,34,0.010938409969145269,,0.07595655014901831,,0.001
LSTM3_c8a39384,LSTM3,loso_subject_S014,35,0.010850266341054649,,0.07538693803444244,,0.001
LSTM3_c8a39384,LSTM3,loso_subject_S014,36,0.010180141213104912,,0.07375106633755199,,0.001
LSTM3_c8a39384,LSTM3,loso_subject_S014,37,0.010694363881556089,,0.07301520680387814,,0.001
LSTM3_c8a39384,LSTM3,loso_subject_S014,38,0.010072404477876006,,0.07195519002383216,,0.001
LSTM3_c8a39384,LSTM3,loso_subject_S014,39,0.010105654425722988,,0.07156861841417196,,0.001
LSTM3_c8a39384,LSTM3,loso_subject_S014,40,0.00975828066370205,,0.07139698259140316,,0.001
LSTM3_c8a39384,LSTM3,loso_subject_S014,41,0.010475890743627883,,0.07313311668603044,,0.001
LSTM3_c8a39384,LSTM3,loso_subject_S014,42,0.009175564799653856,,0.06961566752247643,,0.001
LSTM3_c8a39384,LSTM3,loso_subject_S014,43,0.009281247078130642,,0.06964048494895299,,0.001
LSTM3_c8a39384,LSTM3,loso_subject_S014,44,0.009084075779180256,,0.06864573904558231,,0.001
LSTM3_c8a39384,LSTM3,loso_subject_S014,45,0.010545996965415645,,0.07391642288942087,,0.001
LSTM3_c8a39384,LSTM3,loso_subject_S014,46,0.00985308145091199,,0.07123758487011257,,0.001
LSTM3_c8a39384,LSTM3,loso_subject_S014,47,0.009861882449242106,,0.07198841784868323,,0.001
LSTM3_c8a39384,LSTM3,loso_subject_S014,48,0.009473744273316442,,0.07052396002568696,,0.001
LSTM3_c8a39384,LSTM3,loso_subject_S014,49,0.009786059418203015,,0.06972805841972954,,0.001
LSTM3_c8a39384,LSTM3,loso_subject_S014,50,0.009846636339237816,,0.06967628276661823,,0.001
LSTM3_c8a39384,LSTM3,loso_subject_S014,51,0.009839070879184363,,0.07152148721772328,,0.001
LSTM3_c8a39384,LSTM3,loso_subject_S014,52,0.009974563069510878,,0.07138086633201231,,0.001
LSTM3_c8a39384,LSTM3,loso_subject_S014,53,0.010038436186222131,,0.07180756755303919,,0.001
LSTM3_c8a39384,LSTM3,loso_subject_S014,54,0.009427623480166259,,0.06976066438252465,,0.001
LSTM3_c8a39384,LSTM3,loso_subject_S014,55,0.010036988878263193,,0.07040190376472055,,0.001
LSTM3_c8a39384,LSTM3,loso_subject_S014,56,0.009537719704798962,,0.06958371590365443,,0.001
LSTM3_c8a39384,LSTM3,loso_subject_S014,57,0.010108623841548698,,0.07063998817874674,,0.001
LSTM3_c8a39384,LSTM3,loso_subject_S014,58,0.00946055400070914,,0.06774444799674184,,0.001
LSTM3_c8a39384,LSTM3,loso_subject_S014,59,0.009897470604955104,,0.07039812259506761,,0.001
LSTM3_c8a39384,LSTM3,loso_subject_S014,60,0.010295674106792399,,0.07212424977568158,,0.001
LSTM3_c8a39384,LSTM3,loso_subject_S014,61,0.01018078585988597,,0.07122250077755828,,0.001
LSTM3_c8a39384,LSTM3,loso_subject_S014,62,0.009068921600517473,,0.0694560143900545,,0.001
LSTM3_c8a39384,LSTM3,loso_subject_S014,63,0.00983289538539554,,0.07085228992397324,,0.001
LSTM3_c8a39384,LSTM3,loso_subject_S014,64,0.009335853584241448,,0.06812121830227082,,0.001
LSTM3_c8a39384,LSTM3,loso_subject_S014,65,0.009584638339124228,,0.07050496973750885,,0.001
LSTM3_c8a39384,LSTM3,loso_subject_S014,66,0.009597489569466888,,0.0699388130584307,,0.001
LSTM3_c8a39384,LSTM3,loso_subject_S014,67,0.009074021923241386,,0.06803836967600019,,0.001
LSTM3_c8a39384,LSTM3,loso_subject_S014,68,0.009466280057830246,,0.06945008091759264,,0.001
LSTM3_c8a39384,LSTM3,loso_subject_S014,69,0.00908888606844764,,0.06835380712883514,,0.001
LSTM3_c8a39384,LSTM3,loso_subject_S014,70,0.009557287854126148,,0.0697812428207774,,0.001
LSTM3_c8a39384,LSTM3,loso_subject_S014,71,0.00924260997654576,,0.06846638873480913,,0.001
LSTM3_c8a39384,LSTM3,loso_subject_S014,72,0.009482103301898429,,0.06940855706731479,,0.001
LSTM3_c8a39384,LSTM3,loso_subject_S014,73,0.010135026101284382,,0.07055560708568807,,0.001
LSTM3_c8a39384,LSTM3,loso_subject_S014,74,0.010122297731996105,,0.0709190898035702,,0.001
LSTM3_c8a39384,LSTM3,loso_subject_S014,75,0.00907307106740119,,0.06784788584500029,,0.001
LSTM3_c8a39384,LSTM3,loso_subject_S014,76,0.009321867373951694,,0.06903614626641859,,0.001
LSTM3_c8a39384,LSTM3,loso_subject_S014,77,0.00996987366427978,,0.06962841187129941,,0.001
LSTM3_c8a39384,LSTM3,loso_subject_S014,78,0.009079094175576117,,0.06726768122691858,,0.001
LSTM3_c8a39384,LSTM3,loso_subject_S014,79,0.008945566169067956,,0.06712872508847922,,0.001
LSTM3_c8a39384,LSTM3,loso_subject_S014,80,0.008932822245058784,,0.06623765205343564,,0.001
LSTM3_c8a39384,LSTM3,loso_subject_S016,1,0.27971326788432205,,0.36537252221047345,,0.001
LSTM3_c8a39384,LSTM3,loso_subject_S016,2,0.03625733428287383,,0.14177433256052813,,0.001
LSTM3_c8a39384,LSTM3,loso_subject_S016,3,0.027895607645308903,,0.12236377699914455,,0.001
LSTM3_c8a39384,LSTM3,loso_subject_S016,4,0.022726612126670428,,0.11136003672381485,,0.001
LSTM3_c8a39384,LSTM3,loso_subject_S016,5,0.0196579552970671,,0.10441554763112121,,0.001
LSTM3_c8a39384,LSTM3,loso_subject_S016,6,0.018432532116601,,0.100224640772074,,0.001
LSTM3_c8a39384,LSTM3,loso_subject_S016,7,0.016319294576564714,,0.09463513598698796,,0.001
LSTM3_c8a39384,LSTM3,loso_subject_S016,8,0.015757000005589546,,0.09350226646133125,,0.001
LSTM3_c8a39384,LSTM3,loso_subject_S016,9,0.015007604285619964,,0.09027043584929206,,0.001
LSTM3_c8a39384,LSTM3,loso_subject_S016,10,0.014999134210929788,,0.09008731844183032,,0.001
LSTM3_c8a39384,LSTM3,loso_subject_S016,11,0.014619999646014934,,0.0886018012827381,,0.001
LSTM3_c8a39384,LSTM3,loso_subject_S016,12,0.014363585526473741,,0.08726616247231507,,0.001
LSTM3_c8a39384,LSTM3,loso_subject_S016,13,0.013564036896637714,,0.08640106796717172,,0.001
LSTM3_c8a39384,LSTM3,loso_subject_S016,14,0.013025937026762158,,0.08344306709289809,,0.001
LSTM3_c8a39384,LSTM3,loso_subject_S016,15,0.012983459252323566,,0.08328098752835206,,0.001
LSTM3_c8a39384,LSTM3,loso_subject_S016,16,0.012417238118778182,,0.08178795982027946,,0.001
LSTM3_c8a39384,LSTM3,loso_subject_S016,17,0.011931818534584995,,0.07973153260921702,,0.001
LSTM3_c8a39384,LSTM3,loso_subject_S016,18,0.011572683142138943,,0.07922176354528605,,0.001
LSTM3_c8a39384,LSTM3,loso_subject_S016,19,0.011663263623739343,,0.07841830416717664,,0.001
LSTM3_c8a39384,LSTM3,loso_subject_S016,20,0.010912826406012424,,0.07669878840357558,,0.001
LSTM3_c8a39384,LSTM3,loso_subject_S016,21,0.010535180683121195,,0.07544695327307495,,0.001
LSTM3_c8a39384,LSTM3,loso_subject_S016,22,0.011089601649963131,,0.07788858447321909,,0.001
LSTM3_c8a39384,LSTM3,loso_subject_S016,23,0.010956774402843247,,0.07669686342574149,,0.001
LSTM3_c8a39384,LSTM3,loso_subject_S016,24,0.011084553061428516,,0.07672424933307048,,0.001
LSTM3_c8a39384,LSTM3,loso_subject_S016,25,0.011743786827119783,,0.07806799892595799,,0.001
LSTM3_c8a39384,LSTM3,loso_subject_S016,26,0.011978399862035409,,0.07824276127416266,,0.001
LSTM3_c8a39384,LSTM3,loso_subject_S016,27,0.010202584019047492,,0.07237238106339289,,0.001
LSTM3_c8a39384,LSTM3,loso_subject_S016,28,0.01166787984393737,,0.0780838976667475,,0.001
LSTM3_c8a39384,LSTM3,loso_subject_S016,29,0.011775879989091962,,0.07918863747181011,,0.001
LSTM3_c8a39384,LSTM3,loso_subject_S016,30,0.012291566259499235,,0.08026378082956664,,0.001
LSTM3_c8a39384,LSTM3,loso_subject_S016,31,0.010408176774786018,,0.0744793971327058,,0.001
LSTM3_c8a39384,LSTM3,loso_subject_S016,32,0.011322171937806644,,0.07663307101512493,,0.001
LSTM3_c8a39384,LSTM3,loso_subject_S016,33,0.01090522675924276,,0.07605240207871738,,0.001
LSTM3_c8a39384,LSTM3,loso_subject_S016,34,0.009575211239540669,,0.0715122307631295,,0.001
LSTM3_c8a39384,LSTM3,loso_subject_S016,35,0.010429836099586951,,0.07308599997664456,,0.001
LSTM3_c8a39384,LSTM3,loso_subject_S016,36,0.010125421364227139,,0.07235651112161325,,0.001
LSTM3_c8a39384,LSTM3,loso_subject_S016,37,0.010600559180034089,,0.07290032045859647,,0.001
LSTM3_c8a39384,LSTM3,loso_subject_S016,38,0.010112268377347047,,0.07147184179215241,,0.001
LSTM3_c8a39384,LSTM3,loso_subject_S016,39,0.010539924592393012,,0.07260247630832284,,0.001
LSTM3_c8a39384,LSTM3,loso_subject_S016,40,0.010357263220404913,,0.07363292259642319,,0.001
LSTM3_c8a39384,LSTM3,loso_subject_S016,41,0.009442521449646265,,0.07038766989883026,,0.001
LSTM3_c8a39384,LSTM3,loso_subject_S016,42,0.010129351538671916,,0.07252778154718284,,0.001
LSTM3_c8a39384,LSTM3,loso_subject_S016,43,0.00999314618300205,,0.07167044212849184,,0.001
LSTM3_c8a39384,LSTM3,loso_subject_S016,44,0.009768030087630018,,0.07175767737770908,,0.001
LSTM3_c8a39384,LSTM3,loso_subject_S016,45,0.009573093386367469,,0.07046205623382018,,0.001
LSTM3_c8a39384,LSTM3,loso_subject_S016,46,0.00989541718935842,,0.07127812715332651,,0.001
LSTM3_c8a39384,LSTM3,loso_subject_S016,47,0.00991575483910705,,0.07040640979536446,,0.001
LSTM3_c8a39384,LSTM3,loso_subject_S016,48,0.009253869253504493,,0.06859454753067812,,0.001
LSTM3_c8a39384,LSTM3,loso_subject_S016,49,0.009295448211607998,,0.06986862087810722,,0.001
LSTM3_c8a39384,LSTM3,loso_subject_S016,50,0.009631537000267509,,0.07052146982889626,,0.001
LSTM3_c8a39384,LSTM3,loso_subject_S016,51,0.009932087867965067,,0.07148116144799009,,0.001
LSTM3_c8a39384,LSTM3,loso_subject_S016,52,0.009591906250396135,,0.07089865021963317,,0.001
LSTM3_c8a39384,LSTM3,loso_subject_S016,53,0.010771734019373131,,0.07530660784427215,,0.001
LSTM3_c8a39384,LSTM3,loso_subject_S016,54,0.010507715794990097,,0.0736827630310208,,0.001
LSTM3_c8a39384,LSTM3,loso_subject_S016,55,0.009324251480121696,,0.06923919146441496,,0.001
LSTM3_c8a39384,LSTM3,loso_subject_S016,56,0.009668341335409341,,0.07003115302753507,,0.001
LSTM3_c8a39384,LSTM3,loso_subject_S016,57,0.009312423980982526,,0.06818666106434997,,0.001
LSTM3_c8a39384,LSTM3,loso_subject_S016,58,0.009634574483206093,,0.06991670870153698,,0.001
LSTM3_c8a39384,LSTM3,loso_subject_S016,59,0.010020501057485764,,0.07141870292672013,,0.001
LSTM3_c8a39384,LSTM3,loso_subject_S016,60,0.009518243584621234,,0.06971376028153384,,0.001
LSTM3_c8a39384,LSTM3,loso_subject_S016,61,0.009134642475195975,,0.06813524755191311,,0.001
LSTM3_c8a39384,LSTM3,loso_subject_S016,62,0.008836717097781313,,0.06773443528556358,,0.001
LSTM3_c8a39384,LSTM3,loso_subject_S016,63,0.009031983999879478,,0.06779296014075005,,0.001
LSTM3_c8a39384,LSTM3,loso_subject_S016,64,0.009681525952651277,,0.06982602820240905,,0.001
LSTM3_c8a39384,LSTM3,loso_subject_S016,65,0.009397712554848303,,0.06871063459047237,,0.001
LSTM3_c8a39384,LSTM3,loso_subject_S016,66,0.009285154885425254,,0.06798909125020583,,0.001
LSTM3_c8a39384,LSTM3,loso_subject_S016,67,0.009594686317113856,,0.07057468633738061,,0.001
LSTM3_c8a39384,LSTM3,loso_subject_S016,68,0.009881993411788335,,0.0705479778266548,,0.001
LSTM3_c8a39384,LSTM3,loso_subject_S016,69,0.009627824416573548,,0.06993302806973425,,0.001
LSTM3_c8a39384,LSTM3,loso_subject_S016,70,0.00907101004569106,,0.06694123704630021,,0.001
LSTM3_c8a39384,LSTM3,loso_subject_S016,71,0.01008317749775544,,0.07226204883245585,,0.001
LSTM3_c8a39384,LSTM3,loso_subject_S016,72,0.008976979348136621,,0.06726796995188636,,0.001
LSTM3_c8a39384,LSTM3,loso_subject_S016,73,0.00897174180405235,,0.0683002179255646,,0.001
LSTM3_c8a39384,LSTM3,loso_subject_S016,74,0.009291455326467987,,0.06794600130736035,,0.001
LSTM3_c8a39384,LSTM3,loso_subject_S016,75,0.009069315498330533,,0.06796462885411024,,0.001
LSTM3_c8a39384,LSTM3,loso_subject_S016,76,0.009279999914820323,,0.06944767066944671,,0.001
LSTM3_c8a39384,LSTM3,loso_subject_S016,77,0.00906430247522929,,0.06786598826844194,,0.001
LSTM3_c8a39384,LSTM3,loso_subject_S016,78,0.008869824496812458,,0.06708478474959727,,0.001
LSTM3_c8a39384,LSTM3,loso_subject_S016,79,0.009894508969747005,,0.070474511146311,,0.001
LSTM3_c8a39384,LSTM3,loso_subject_S016,80,0.009813914535219086,,0.07043608081819308,,0.001
LSTM3_c8a39384,LSTM3,loso_subject_S017,1,0.2857599196620143,,0.37814576413276485,,0.001
LSTM3_c8a39384,LSTM3,loso_subject_S017,2,0.0415954213728593,,0.151000904752279,,0.001
LSTM3_c8a39384,LSTM3,loso_subject_S017,3,0.026827595848131356,,0.12077462281695336,,0.001
LSTM3_c8a39384,LSTM3,loso_subject_S017,4,0.02386126977676494,,0.11430954673395304,,0.001
LSTM3_c8a39384,LSTM3,loso_subject_S017,5,0.020635534639632892,,0.10508693892918589,,0.001
LSTM3_c8a39384,LSTM3,loso_subject_S017,6,0.020347456127144174,,0.10532869510332221,,0.001
LSTM3_c8a39384,LSTM3,loso_subject_S017,7,0.01845675272615774,,0.10005858256703332,,0.001
LSTM3_c8a39384,LSTM3,loso_subject_S017,8,0.015514196439064553,,0.09199814719454343,,0.001
LSTM3_c8a39384,LSTM3,loso_subject_S017,9,0.014613605112542888,,0.08937132364668086,,0.001
LSTM3_c8a39384,LSTM3,loso_subject_S017,10,0.014811044729395796,,0.08971739491038982,,0.001
LSTM3_c8a39384,LSTM3,loso_subject_S017,11,0.015213597651273338,,0.09078381760693276,,0.001
LSTM3_c8a39384,LSTM3,loso_subject_S017,12,0.013095735359200866,,0.08542924578244006,,0.001
LSTM3_c8a39384,LSTM3,loso_subject_S017,13,0.012913642069360534,,0.08475012523053314,,0.001
LSTM3_c8a39384,LSTM3,loso_subject_S017,14,0.01224412304462919,,0.08082995753782202,,0.001
LSTM3_c8a39384,LSTM3,loso_subject_S017,15,0.013141852596567737,,0.08395698521394317,,0.001
LSTM3_c8a39384,LSTM3,loso_subject_S017,16,0.012668445532541003,,0.08250992412189023,,0.001
LSTM3_c8a39384,LSTM3,loso_subject_S017,17,0.012933124682841059,,0.08238802429188714,,0.001
LSTM3_c8a39384,LSTM3,loso_subject_S017,18,0.011761017972078392,,0.07947567708435513,,0.001
LSTM3_c8a39384,LSTM3,loso_subject_S017,19,0.011873661189992031,,0.07896931765506225,,0.001
LSTM3_c8a39384,LSTM3,loso_subject_S017,20,0.011329841126647554,,0.07889015796442925,,0.001
LSTM3_c8a39384,LSTM3,loso_subject_S017,21,0.012587155373211385,,0.08227310105791233,,0.001
LSTM3_c8a39384,LSTM3,loso_subject_S017,22,0.011820138538114576,,0.07962085392283297,,0.001
LSTM3_c8a39384,LSTM3,loso_subject_S017,23,0.011314621267072575,,0.0772259349730345,,0.001
LSTM3_c8a39384,LSTM3,loso_subject_S017,24,0.011263744391757867,,0.07819216236773904,,0.001
LSTM3_c8a39384,LSTM3,loso_subject_S017,25,0.011682509474219784,,0.07771425114329812,,0.001
LSTM3_c8a39384,LSTM3,loso_subject_S017,26,0.010571075219520306,,0.07583083890553831,,0.001
LSTM3_c8a39384,LSTM3,loso_subject_S017,27,0.010541274540073309,,0.07520345143553789,,0.001
LSTM3_c8a39384,LSTM3,loso_subject_S017,28,0.010947133734063757,,0.07648475697344617,,0.001
LSTM3_c8a39384,LSTM3,loso_subject_S017,29,0.011270148616914189,,0.07687670547468256,,0.001
LSTM3_c8a39384,LSTM3,loso_subject_S017,30,0.010912928539600996,,0.07584895688243165,,0.001
LSTM3_c8a39384,LSTM3,loso_subject_S017,31,0.010970041726740841,,0.07578788158602576,,0.001
LSTM3_c8a39384,LSTM3,loso_subject_S017,32,0.010668657888308144,,0.07477466646249528,,0.001
LSTM3_c8a39384,LSTM3,loso_subject_S017,33,0.011489533092347435,,0.07713135094527149,,0.001
LSTM3_c8a39384,LSTM3,loso_subject_S017,34,0.010858403358732864,,0.07646293093597686,,0.001
LSTM3_c8a39384,LSTM3,loso_subject_S017,35,0.01108570547023055,,0.07541635711221141,,0.001
LSTM3_c8a39384,LSTM3,loso_subject_S017,36,0.010602789286668827,,0.07545121904966214,,0.001
LSTM3_c8a39384,LSTM3,loso_subject_S017,37,0.010340440877650563,,0.07282520010537245,,0.001
LSTM3_c8a39384,LSTM3,loso_subject_S017,38,0.010434295677798624,,0.07337857304486539,,0.001
LSTM3_c8a39384,LSTM3,loso_subject_S017,39,0.011179766315430582,,0.07456114097051302,,0.001
LSTM3_c8a39384,LSTM3,loso_subject_S017,40,0.010832474265730831,,0.0749497078257176,,0.001
LSTM3_c8a39384,LSTM3,loso_subject_S017,41,0.012264837732117524,,0.07846785386484963,,0.001
LSTM3_c8a39384,LSTM3,loso_subject_S017,42,0.010803881511153357,,0.07504164257464542,,0.001
LSTM3_c8a39384,LSTM3,loso_subject_S017,43,0.009695186030443862,,0.07096434884960037,,0.001
LSTM3_c8a39384,LSTM3,loso_subject_S017,44,0.009978427315415274,,0.072119325219965,,0.001
LSTM3_c8a39384,LSTM3,loso_subject_S017,45,0.010702506104330255,,0.07375694626201093,,0.001
LSTM3_c8a39384,LSTM3,loso_subject_S017,46,0.009559249057835676,,0.07031267695842575,,0.001
LSTM3_c8a39384,LSTM3,loso_subject_S017,47,0.00997063345853117,,0.07178461910635804,,0.001
LSTM3_c8a39384,LSTM3,loso_subject_S017,48,0.010063601372540242,,0.07309165600428309,,0.001
LSTM3_c8a39384,LSTM3,loso_subject_S017,49,0.00937279180552735,,0.07004850055995898,,0.001
LSTM3_c8a39384,LSTM3,loso_subject_S017,50,0.009674947311491036,,0.07090207142831853,,0.001
LSTM3_c8a39384,LSTM3,loso_subject_S017,51,0.009325892415221885,,0.06924268176354015,,0.001
LSTM3_c8a39384,LSTM3,loso_subject_S017,52,0.009387548128219417,,0.06985409000962892,,0.001
LSTM3_c8a39384,LSTM3,loso_subject_S017,53,0.009331007761045777,,0.0693148130038167,,0.001
LSTM3_c8a39384,LSTM3,loso_subject_S017,54,0.008997345460603268,,0.06802232692973433,,0.001
LSTM3_c8a39384,LSTM3,loso_subject_S017,55,0.009733968828924583,,0.07040986963346413,,0.001
LSTM3_c8a39384,LSTM3,loso_subject_S017,56,0.009333038936584747,,0.06991857738648534,,0.001
LSTM3_c8a39384,LSTM3,loso_subject_S017,57,0.009935341339066959,,0.07135039840768319,,0.001
LSTM3_c8a39384,LSTM3,loso_subject_S017,58,0.010073890668948164,,0.07187426088201458,,0.001
LSTM3_c8a39384,LSTM3,loso_subject_S017,59,0.010325204900511274,,0.0736209711515649,,0.001
LSTM3_c8a39384,LSTM3,loso_subject_S017,60,0.009083795646683695,,0.06786725241089363,,0.001
LSTM3_c8a39384,LSTM3,loso_subject_S017,61,0.010468564781533135,,0.07293477589004536,,0.001
LSTM3_c8a39384,LSTM3,loso_subject_S017,62,0.009527723048010776,,0.06991411109781683,,0.001
LSTM3_c8a39384,LSTM3,loso_subject_S017,63,0.009941561429337744,,0.07092439304562169,,0.001
LSTM3_c8a39384,LSTM3,loso_subject_S017,64,0.009248992535232127,,0.06959881759123784,,0.001
LSTM3_c8a39384,LSTM3,loso_subject_S017,65,0.00898286062806333,,0.06837048096511947,,0.001
LSTM3_c8a39384,LSTM3,loso_subject_S017,66,0.009636620368775883,,0.07017879462512909,,0.001
LSTM3_c8a39384,LSTM3,loso_subject_S017,67,0.009657251274444624,,0.06931304404349946,,0.001
LSTM3_c8a39384,LSTM3,loso_subject_S017,68,0.009418092050233303,,0.0690401750767107,,0.001
LSTM3_c8a39384,LSTM3,loso_subject_S017,69,0.011012080508846531,,0.07479302572483043,,0.001
LSTM3_c8a39384,LSTM3,loso_subject_S017,70,0.00993012467202474,,0.07158083343071955,,0.001
LSTM3_c8a39384,LSTM3,loso_subject_S017,71,0.009490690327626176,,0.06929672310015643,,0.001
LSTM3_c8a39384,LSTM3,loso_subject_S017,72,0.009360213933250554,,0.06879447307590585,,0.001
LSTM3_c8a39384,LSTM3,loso_subject_S017,73,0.0095257338281205,,0.0700204586462369,,0.001
LSTM3_c8a39384,LSTM3,loso_subject_S017,74,0.00929936243004008,,0.06914138430999679,,0.001
LSTM3_c8a39384,LSTM3,loso_subject_S017,75,0.010469480084798737,,0.07206776638254808,,0.001
LSTM3_c8a39384,LSTM3,loso_subject_S017,76,0.00929631160156211,,0.069170177617015,,0.001
LSTM3_c8a39384,LSTM3,loso_subject_S017,77,0.00901478315694905,,0.06694793173473391,,0.001
LSTM3_c8a39384,LSTM3,loso_subject_S017,78,0.009742307511872455,,0.07067414311988796,,0.001
LSTM3_c8a39384,LSTM3,loso_subject_S017,79,0.009543535701795948,,0.06902182162354471,,0.001
LSTM3_c8a39384,LSTM3,loso_subject_S017,80,0.009429340840576774,,0.06903834895857319,,0.001
LSTM3_c8a39384,LSTM3,loso_subject_S018,1,0.27596060132547734,,0.36968349168426423,,0.001
LSTM3_c8a39384,LSTM3,loso_subject_S018,2,0.03760190692436441,,0.1434198017000435,,0.001
LSTM3_c8a39384,LSTM3,loso_subject_S018,3,0.027938382766281338,,0.12363341513424378,,0.001
LSTM3_c8a39384,LSTM3,loso_subject_S018,4,0.02166375457403388,,0.10858607523962081,,0.001
LSTM3_c8a39384,LSTM3,loso_subject_S018,5,0.018902038054478633,,0.10173694417899003,,0.001
LSTM3_c8a39384,LSTM3,loso_subject_S018,6,0.01954703914493469,,0.10266256835892136,,0.001
LSTM3_c8a39384,LSTM3,loso_subject_S018,7,0.019182437917797078,,0.10103472938965813,,0.001
LSTM3_c8a39384,LSTM3,loso_subject_S018,8,0.015194636594428757,,0.09161402686550488,,0.001
LSTM3_c8a39384,LSTM3,loso_subject_S018,9,0.015198764391752655,,0.09034461908942693,,0.001
LSTM3_c8a39384,LSTM3,loso_subject_S018,10,0.013586913550678923,,0.08581284052723415,,0.001
LSTM3_c8a39384,LSTM3,loso_subject_S018,11,0.014445330571340466,,0.0894750209088336,,0.001
LSTM3_c8a39384,LSTM3,loso_subject_S018,12,0.01367544111204545,,0.08635726167798499,,0.001
LSTM3_c8a39384,LSTM3,loso_subject_S018,13,0.01384447873587847,,0.08733790138906439,,0.001
LSTM3_c8a39384,LSTM3,loso_subject_S018,14,0.013451393260358298,,0.08481135655616137,,0.001
LSTM3_c8a39384,LSTM3,loso_subject_S018,15,0.012662610794255126,,0.08088791602178634,,0.001
LSTM3_c8a39384,LSTM3,loso_subject_S018,16,0.013040977352980612,,0.08232127862868902,,0.001
LSTM3_c8a39384,LSTM3,loso_subject_S018,17,0.012312363252703644,,0.08185609169772833,,0.001
LSTM3_c8a39384,LSTM3,loso_subject_S018,18,0.013834726729900248,,0.08573918863764352,,0.001
LSTM3_c8a39384,LSTM3,loso_subject_S018,19,0.011344132413339132,,0.07770214067286256,,0.001
LSTM3_c8a39384,LSTM3,loso_subject_S018,20,0.011800453025071655,,0.07961062045371747,,0.001
LSTM3_c8a39384,LSTM3,loso_subject_S018,21,0.01130656069047859,,0.07877651946247438,,0.001
LSTM3_c8a39384,LSTM3,loso_subject_S018,22,0.01142837914972764,,0.07657113694114852,,0.001
LSTM3_c8a39384,LSTM3,loso_subject_S018,23,0.010934984383767521,,0.0763326144510928,,0.001
LSTM3_c8a39384,LSTM3,loso_subject_S018,24,0.010770585892178188,,0.07572679245867907,,0.001
LSTM3_c8a39384,LSTM3,loso_subject_S018,25,0.011019312358064656,,0.07652808301366698,,0.001
LSTM3_c8a39384,LSTM3,loso_subject_S018,26,0.010498140339254355,,0.07464908628417469,,0.001
LSTM3_c8a39384,LSTM3,loso_subject_S018,27,0.011248805174708953,,0.0759407832746039,,0.001
LSTM3_c8a39384,LSTM3,loso_subject_S018,28,0.01043302212837226,,0.07548855243891299,,0.001
LSTM3_c8a39384,LSTM3,loso_subject_S018,29,0.010371854649973802,,0.07385198380889757,,0.001
LSTM3_c8a39384,LSTM3,loso_subject_S018,30,0.010955649094035907,,0.07502784499742739,,0.001
LSTM3_c8a39384,LSTM3,loso_subject_S018,31,0.01004588862900414,,0.0735365445005105,,0.001
LSTM3_c8a39384,LSTM3,loso_subject_S018,32,0.010812567318843126,,0.0759844109619687,,0.001
LSTM3_c8a39384,LSTM3,loso_subject_S018,33,0.009920015152056991,,0.07263706998055329,,0.001
LSTM3_c8a39384,LSTM3,loso_subject_S018,34,0.010171102324756298,,0.0725402142801625,,0.001
LSTM3_c8a39384,LSTM3,loso_subject_S018,35,0.009791607916189134,,0.0718453511791258,,0.001
LSTM3_c8a39384,LSTM3,loso_subject_S018,36,0.010038633576755709,,0.07154426731865807,,0.001
LSTM3_c8a39384,LSTM3,loso_subject_S018,37,0.010060660543094378,,0.07333159786453007,,0.001
LSTM3_c8a39384,LSTM3,loso_subject_S018,38,0.010412263252175102,,0.07294415870753711,,0.001
LSTM3_c8a39384,LSTM3,loso_subject_S018,39,0.010001192155419893,,0.07243229375878209,,0.001
LSTM3_c8a39384,LSTM3,loso_subject_S018,40,0.010003160633362663,,0.07199703610337713,,0.001
LSTM3_c8a39384,LSTM3,loso_subject_S018,41,0.010231726981613922,,0.07279745274681156,,0.001
LSTM3_c8a39384,LSTM3,loso_subject_S018,42,0.01105987834410631,,0.07482021977791961,,0.001
LSTM3_c8a39384,LSTM3,loso_subject_S018,43,0.010584533740061108,,0.07285355066319447,,0.001
LSTM3_c8a39384,LSTM3,loso_subject_S018,44,0.010210179541888353,,0.07193516560220667,,0.001
LSTM3_c8a39384,LSTM3,loso_subject_S018,45,0.01061219054856274,,0.07369611215125413,,0.001
LSTM3_c8a39384,LSTM3,loso_subject_S018,46,0.00973272770480291,,0.07123195236786067,,0.001
LSTM3_c8a39384,LSTM3,loso_subject_S018,47,0.00949098556692024,,0.06988372162448832,,0.001
LSTM3_c8a39384,LSTM3,loso_subject_S018,48,0.009721751083472735,,0.07013939179687828,,0.001
LSTM3_c8a39384,LSTM3,loso_subject_S018,49,0.01025394367348421,,0.07248154563239652,,0.001
LSTM3_c8a39384,LSTM3,loso_subject_S018,50,0.010107935558517753,,0.0717924678460896,,0.001
LSTM3_c8a39384,LSTM3,loso_subject_S018,51,0.010130717234758323,,0.07264352747900621,,0.001
LSTM3_c8a39384,LSTM3,loso_subject_S018,52,0.009587764623383963,,0.07026783957417511,,0.001
LSTM3_c8a39384,LSTM3,loso_subject_S018,53,0.00979668496837539,,0.07056020896020257,,0.001
LSTM3_c8a39384,LSTM3,loso_subject_S018,54,0.010604268600863795,,0.07363719364425535,,0.001
LSTM3_c8a39384,LSTM3,loso_subject_S018,55,0.010320870892158489,,0.0726419388433178,,0.001
LSTM3_c8a39384,LSTM3,loso_subject_S018,56,0.009468322814054717,,0.06913317217526702,,0.001
LSTM3_c8a39384,LSTM3,loso_subject_S018,57,0.009806054753382238,,0.07045468748402016,,0.001
LSTM3_c8a39384,LSTM3,loso_subject_S018,58,0.009800698620635363,,0.07037170468832118,,0.001
LSTM3_c8a39384,LSTM3,loso_subject_S018,59,0.010509507983165273,,0.07416288336324457,,0.001
LSTM3_c8a39384,LSTM3,loso_subject_S018,60,0.00960701812357077,,0.0704950035278298,,0.001
LSTM3_c8a39384,LSTM3,loso_subject_S018,61,0.009839999874185072,,0.0699029371973398,,0.001
LSTM3_c8a39384,LSTM3,loso_subject_S018,62,0.00938351792978411,,0.06951823853823969,,0.001
LSTM3_c8a39384,LSTM3,loso_subject_S018,63,0.009611542273756827,,0.06982612921899625,,0.001
LSTM3_c8a39384,LSTM3,loso_subject_S018,64,0.00978376265429877,,0.07030449476461713,,0.001
LSTM3_c8a39384,LSTM3,loso_subject_S018,65,0.009417075289035508,,0.06919368597214962,,0.001
LSTM3_c8a39384,LSTM3,loso_subject_S018,66,0.009669380044048279,,0.0695999715458897,,0.001
LSTM3_c8a39384,LSTM3,loso_subject_S018,67,0.009935155250447787,,0.07075768905529368,,0.001
LSTM3_c8a39384,LSTM3,loso_subject_S018,68,0.009411108829773567,,0.07011312454482647,,0.001
LSTM3_c8a39384,LSTM3,loso_subject_S018,69,0.009370272017265846,,0.06951599550815864,,0.001
LSTM3_c8a39384,LSTM3,loso_subject_S018,70,0.010523601285675352,,0.07139815443270255,,0.001
LSTM3_c8a39384,LSTM3,loso_subject_S018,71,0.009506500442957882,,0.0691906420066912,,0.001
LSTM3_c8a39384,LSTM3,loso_subject_S018,72,0.009545817468906032,,0.0688193097238074,,0.001
LSTM3_c8a39384,LSTM3,loso_subject_S018,73,0.009257893459418225,,0.06902303454604157,,0.001
LSTM3_c8a39384,LSTM3,loso_subject_S018,74,0.00913587902449051,,0.0675820601424798,,0.001
LSTM3_c8a39384,LSTM3,loso_subject_S018,75,0.009326467603868197,,0.06919410943622437,,0.001
LSTM3_c8a39384,LSTM3,loso_subject_S018,76,0.00896467933122694,,0.06774682495406965,,0.001
LSTM3_c8a39384,LSTM3,loso_subject_S018,77,0.009524133657764678,,0.06923396541992129,,0.001
LSTM3_c8a39384,LSTM3,loso_subject_S018,78,0.009107133149571142,,0.06864705513154568,,0.001
LSTM3_c8a39384,LSTM3,loso_subject_S018,79,0.009511993069709887,,0.06984337966760826,,0.001
LSTM3_c8a39384,LSTM3,loso_subject_S018,80,0.009356983314574319,,0.06882810068788783,,0.001
LSTM3_c8a39384,LSTM3,loso_subject_S019,1,0.29855185351570224,,0.3829928710972901,,0.001
LSTM3_c8a39384,LSTM3,loso_subject_S019,2,0.045819878469234916,,0.15418956842780515,,0.001
LSTM3_c8a39384,LSTM3,loso_subject_S019,3,0.027782720780781606,,0.12288231597909509,,0.001
LSTM3_c8a39384,LSTM3,loso_subject_S019,4,0.023606845160948346,,0.11393315139717942,,0.001
LSTM3_c8a39384,LSTM3,loso_subject_S019,5,0.02103426796881769,,0.106958696499249,,0.001
LSTM3_c8a39384,LSTM3,loso_subject_S019,6,0.016968642037751572,,0.09679369573115766,,0.001
LSTM3_c8a39384,LSTM3,loso_subject_S019,7,0.016135639987709956,,0.09452252529972181,,0.001
LSTM3_c8a39384,LSTM3,loso_subject_S019,8,0.017108556983156466,,0.09613032737082652,,0.001
LSTM3_c8a39384,LSTM3,loso_subject_S019,9,0.016874601629733435,,0.09523935610149789,,0.001
LSTM3_c8a39384,LSTM3,loso_subject_S019,10,0.014531060646804567,,0.08862295249818548,,0.001
LSTM3_c8a39384,LSTM3,loso_subject_S019,11,0.01404702833867281,,0.08753726825000734,,0.001
LSTM3_c8a39384,LSTM3,loso_subject_S019,12,0.013096564368704173,,0.0844018733038811,,0.001
LSTM3_c8a39384,LSTM3,loso_subject_S019,13,0.012826400045284538,,0.08284866386611765,,0.001
LSTM3_c8a39384,LSTM3,loso_subject_S019,14,0.013598817638441065,,0.0847430761958,,0.001
LSTM3_c8a39384,LSTM3,loso_subject_S019,15,0.012603963103514118,,0.08106087448224174,,0.001
LSTM3_c8a39384,LSTM3,loso_subject_S019,16,0.012422451085261204,,0.08156167616893792,,0.001
LSTM3_c8a39384,LSTM3,loso_subject_S019,17,0.013042609389615743,,0.08359596521265729,,0.001
LSTM3_c8a39384,LSTM3,loso_subject_S019,18,0.011752857689413632,,0.07849584043830532,,0.001
LSTM3_c8a39384,LSTM3,loso_subject_S019,19,0.011268795357914422,,0.07746464526961705,,0.001
LSTM3_c8a39384,LSTM3,loso_subject_S019,20,0.010600684663224273,,0.07483404403797553,,0.001
LSTM3_c8a39384,LSTM3,loso_subject_S019,21,0.011729851839131559,,0.07825056080474896,,0.001
LSTM3_c8a39384,LSTM3,loso_subject_S019,22,0.011827284870386392,,0.07936188809917265,,0.001
LSTM3_c8a39384,LSTM3,loso_subject_S019,23,0.012059414459662712,,0.07933008055652087,,0.001
LSTM3_c8a39384,LSTM3,loso_subject_S019,24,0.010570053197653006,,0.07409633503319576,,0.001
LSTM3_c8a39384,LSTM3,loso_subject_S019,25,0.010828663188549276,,0.07609263783230691,,0.001
LSTM3_c8a39384,LSTM3,loso_subject_S019,26,0.010775348887631106,,0.07458156871916338,,0.001
LSTM3_c8a39384,LSTM3,loso_subject_S019,27,0.010902783221641663,,0.07536569008073603,,0.001
LSTM3_c8a39384,LSTM3,loso_subject_S019,28,0.010528117306195241,,0.07283344864845276,,0.001
LSTM3_c8a39384,LSTM3,loso_subject_S019,29,0.010408739830682598,,0.07427873121337762,,0.001
LSTM3_c8a39384,LSTM3,loso_subject_S019,30,0.01110725489071035,,0.07462921198897475,,0.001
LSTM3_c8a39384,LSTM3,loso_subject_S019,31,0.010120938984620624,,0.07365598195181118,,0.001
LSTM3_c8a39384,LSTM3,loso_subject_S019,32,0.009897246793398573,,0.07080391654482843,,0.001
LSTM3_c8a39384,LSTM3,loso_subject_S019,33,0.010112435746565042,,0.07258140442408914,,0.001
LSTM3_c8a39384,LSTM3,loso_subject_S019,34,0.010397076469513978,,0.07389551883875586,,0.001
LSTM3_c8a39384,LSTM3,loso_subject_S019,35,0.009886690316966937,,0.07204060843979146,,0.001
LSTM3_c8a39384,LSTM3,loso_subject_S019,36,0.009910167658992775,,0.07075633434631157,,0.001
LSTM3_c8a39384,LSTM3,loso_subject_S019,37,0.009784500685565517,,0.0714583320729644,,0.001
LSTM3_c8a39384,LSTM3,loso_subject_S019,38,0.01059824939297577,,0.07366089550495417,,0.001
LSTM3_c8a39384,LSTM3,loso_subject_S019,39,0.009754795312914993,,0.07174140978415985,,0.001
LSTM3_c8a39384,LSTM3,loso_subject_S019,40,0.010087596229513263,,0.07158464340009088,,0.001
LSTM3_c8a39384,LSTM3,loso_subject_S019,41,0.010131398302841307,,0.07183359155622054,,0.001
LSTM3_c8a39384,LSTM3,loso_subject_S019,42,0.010188477198699126,,0.07240296095710236,,0.001
LSTM3_c8a39384,LSTM3,loso_subject_S019,43,0.010615485473101198,,0.0734890887369187,,0.001
LSTM3_c8a39384,LSTM3,loso_subject_S019,44,0.010602240019066194,,0.07334733377257938,,0.001
LSTM3_c8a39384,LSTM3,loso_subject_S019,45,0.009588563470096569,,0.0699088956628527,,0.001
LSTM3_c8a39384,LSTM3,loso_subject_S019,46,0.009703797811780573,,0.07103961796674739,,0.001
LSTM3_c8a39384,LSTM3,loso_subject_S019,47,0.010179042527546396,,0.07342521169121273,,0.001
LSTM3_c8a39384,LSTM3,loso_subject_S019,48,0.01046663842659498,,0.0716622181747976,,0.001
LSTM3_c8a39384,LSTM3,loso_subject_S019,49,0.010566241333116563,,0.07326628827606196,,0.001
LSTM3_c8a39384,LSTM3,loso_subject_S019,50,0.009558079271871677,,0.06998792614188586,,0.001
LSTM3_c8a39384,LSTM3,loso_subject_S019,51,0.009818798266309318,,0.07041470714843716,,0.001
LSTM3_c8a39384,LSTM3,loso_subject_S019,52,0.009794624811467893,,0.07045193217669617,,0.001
LSTM3_c8a39384,LSTM3,loso_subject_S019,53,0.009717265360845155,,0.0709092194388366,,0.001
LSTM3_c8a39384,LSTM3,loso_subject_S019,54,0.00971333085558261,,0.07012808864728806,,0.001
LSTM3_c8a39384,LSTM3,loso_subject_S019,55,0.010225206754967587,,0.071229219118173,,0.001
LSTM3_c8a39384,LSTM3,loso_subject_S019,56,0.009687184885194518,,0.07101407918672593,,0.001
LSTM3_c8a39384,LSTM3,loso_subject_S019,57,0.009612459928756926,,0.06964370900821631,,0.001
LSTM3_c8a39384,LSTM3,loso_subject_S019,58,0.009383751316199286,,0.06839500122920467,,0.001
LSTM3_c8a39384,LSTM3,loso_subject_S019,59,0.009471736247027953,,0.06889230835893694,,0.001
LSTM3_c8a39384,LSTM3,loso_subject_S019,60,0.00962588866948411,,0.06972256307023984,,0.001
LSTM3_c8a39384,LSTM3,loso_subject_S019,61,0.009615748750907028,,0.06994289118289546,,0.001
LSTM3_c8a39384,LSTM3,loso_subject_S019,62,0.009440752799141862,,0.06973258969117338,,0.001
LSTM3_c8a39384,LSTM3,loso_subject_S019,63,0.010452130453239946,,0.07263176822018703,,0.001
LSTM3_c8a39384,LSTM3,loso_subject_S019,64,0.010053707663854008,,0.072922293461348,,0.001
LSTM3_c8a39384,LSTM3,loso_subject_S019,65,0.009604941221756527,,0.07001509301205186,,0.001
LSTM3_c8a39384,LSTM3,loso_subject_S019,66,0.008932032780585594,,0.06680640304215982,,0.001
LSTM3_c8a39384,LSTM3,loso_subject_S019,67,0.00895345345148932,,0.06612446074477733,,0.001
LSTM3_c8a39384,LSTM3,loso_subject_S019,68,0.008430311058755835,,0.06506950942918877,,0.001
LSTM3_c8a39384,LSTM3,loso_subject_S019,69,0.009911568609094593,,0.07101949496682905,,0.001
LSTM3_c8a39384,LSTM3,loso_subject_S019,70,0.008728652166912942,,0.06617312682258265,,0.001
LSTM3_c8a39384,LSTM3,loso_subject_S019,71,0.009274266819449727,,0.06796106186572827,,0.001
LSTM3_c8a39384,LSTM3,loso_subject_S019,72,0.00979498128906412,,0.07028914849756807,,0.001
LSTM3_c8a39384,LSTM3,loso_subject_S019,73,0.00955413768950041,,0.06954616068100768,,0.001
LSTM3_c8a39384,LSTM3,loso_subject_S019,74,0.010107914068609376,,0.06991087491922625,,0.001
LSTM3_c8a39384,LSTM3,loso_subject_S019,75,0.008691651470062435,,0.06659769570230767,,0.001
LSTM3_c8a39384,LSTM3,loso_subject_S019,76,0.01007386488909126,,0.07097157667505191,,0.001
LSTM3_c8a39384,LSTM3,loso_subject_S019,77,0.01087972524139037,,0.07341946472484027,,0.001
LSTM3_c8a39384,LSTM3,loso_subject_S019,78,0.0088119890322936,,0.06692531429591543,,0.001
LSTM3_c8a39384,LSTM3,loso_subject_S019,79,0.008764670102640199,,0.06709654085312973,,0.001
LSTM3_c8a39384,LSTM3,loso_subject_S019,80,0.008683794569873636,,0.06707420266737284,,0.001
