model_id,architecture_id,fold_id,epoch,train_loss,val_loss,train_mae,val_mae,lr
TCN1_ebffa5b7,TCN1,loso_subject_S001,1,0.22511231146657248,,0.3219668769216634,,0.001
TCN1_ebffa5b7,TCN1,loso_subject_S001,2,0.03456137611189257,,0.13471049299761703,,0.0009996530663083252
TCN1_ebffa5b7,TCN1,loso_subject_S001,3,0.019758381082183963,,0.10261703098971324,,0.0009986128001799074
TCN1_ebffa5b7,TCN1,loso_subject_S001,4,0.011999594075334869,,0.08089628054494394,,0.0009968808056297167
TCN1_ebffa5b7,TCN1,loso_subject_S001,5,0.008815311489074638,,0.06870216467266224,,0.0009944597532678117
TCN1_ebffa5b7,TCN1,loso_subject_S001,6,0.007772997846408098,,0.06450447674833143,,0.0009913533761814533
TCN1_ebffa5b7,TCN1,loso_subject_S001,7,0.005846848594091435,,0.055957520198250524,,0.000987566464178954
TCN1_ebffa5b7,TCN1,loso_subject_S001,8,0.00579510709842457,,0.05498191746232237,,0.0009831048564041408
TCN1_ebffa5b7,TCN1,loso_subject_S001,9,0.004583642056814265,,0.04852208473759274,,0.0009779754323328187
TCN1_ebffa5b7,TCN1,loso_subject_S001,10,0.0035862665573747517,,0.04406152560974922,,0.0009721861011651174
TCN1_ebffa5b7,TCN1,loso_subject_S001,11,0.0034631398394213363,,0.04263475244760433,,0.0009657457896300785
TCN1_ebffa5b7,TCN1,loso_subject_S001,12,0.0027817907839998413,,0.03799102411861358,,0.000958664428221286
TCN1_ebffa5b7,TCN1,loso_subject_S001,13,0.002830033062106397,,0.03784006450181873,,0.000950952935884765
TCN1_ebffa5b7,TCN1,loso_subject_S001,14,0.002531177769581725,,0.03565719127554414,,0.0009426232031827582
TCN1_ebffa5b7,TCN1,loso_subject_S001,15,0.0022565837129497755,,0.03360851010927713,,0.0009336880739593409
TCN1_ebffa5b7,TCN1,loso_subject_S001,16,0.0020338926043934934,,0.03232571749541101,,0.0009241613255361449
TCN1_ebffa5b7,TCN1,loso_subject_S001,17,0.0019994552719176,,0.03194717961004423,,0.0009140576474687258
TCN1_ebffa5b7,TCN1,loso_subject_S001,18,0.0018053074001984208,,0.030904852455025344,,0.0009033926188963346
TCN1_ebffa5b7,TCN1,loso_subject_S001,19,0.0018307423257758837,,0.030150187830016228,,0.0008921826845200134
TCN1_ebffa5b7,TCN1,loso_subject_S001,20,0.0018279018197497913,,0.030144656998917187,,0.000880445129246058
TCN1_ebffa5b7,TCN1,loso_subject_S001,21,0.0015029320559369439,,0.0267364737476492,,0.0008681980515339459
TCN1_ebffa5b7,TCN1,loso_subject_S001,22,0.0014180071119930919,,0.027113689800157166,,0.0008554603354898234
TCN1_ebffa5b7,TCN1,loso_subject_S001,23,0.0013864152789823988,,0.026041342651095443,,0.0008422516217485822
TCN1_ebffa5b7,TCN1,loso_subject_S001,24,0.0013606379441866636,,0.026063930220615213,,0.0008285922771894248
TCN1_ebffa5b7,TCN1,loso_subject_S001,25,0.0012384645664353228,,0.024651837647766135,,0.0008145033635316124
TCN1_ebffa5b7,TCN1,loso_subject_S001,26,0.0011426762494262984,,0.023626421756192208,,0.0008000066048588205
TCN1_ebffa5b7,TCN1,loso_subject_S001,27,0.0011944712216228216,,0.02457150314091268,,0.0007851243541221765
TCN1_ebffa5b7,TCN1,loso_subject_S001,28,0.001108144400521841,,0.023112502511261204,,0.0007698795586736293
TCN1_ebffa5b7,TCN1,loso_subject_S001,29,0.0011067840160335401,,0.023580457263102327,,0.0007542957248827956
TCN1_ebffa5b7,TCN1,loso_subject_S001,30,0.0009885756857591008,,0.02210302668158908,,0.0007383968818918422
TCN1_ebffa5b7,TCN1,loso_subject_S001,31,0.0009614097823138593,,0.021684564739355035,,0.00072220754456429
TCN1_ebffa5b7,TCN1,loso_subject_S001,32,0.0009514305461229534,,0.02132101313592734,,0.0007057526756848715
TCN1_ebffa5b7,TCN1,loso_subject_S001,33,0.000880471586515771,,0.02042953556077775,,0.000689057647468726
TCN1_ebffa5b7,TCN1,loso_subject_S001,34,0.0008810841933378269,,0.020624778383762993,,0.000672148202439283
TCN1_ebffa5b7,TCN1,loso_subject_S001,35,0.0008073759316416441,,0.019696822691806903,,0.0006550504137351571
TCN1_ebffa5b7,TCN1,loso_subject_S001,36,0.0008325802466415805,,0.019358136914393774,,0.0006377906449072574
TCN1_ebffa5b7,TCN1,loso_subject_S001,37,0.0007695405093788256,,0.019449831863801115,,0.0006203955092681036
TCN1_ebffa5b7,TCN1,loso_subject_S001,38,0.0008735684725908081,,0.02058547860983656,,0.0006028918288560267
TCN1_ebffa5b7,TCN1,loso_subject_S001,39,0.0008079088359044904,,0.019699065137974,,0.00058530659307753
TCN1_ebffa5b7,TCN1,loso_subject_S001,40,0.0008169382433756019,,0.019639247332892653,,0.0005676669170915806
TCN1_ebffa5b7,TCN1,loso_subject_S001,41,0.0007299125483583415,,0.01882241811203361,,0.0005499999999999997
TCN1_ebffa5b7,TCN1,loso_subject_S001,42,0.0006957741513276683,,0.017771971031550537,,0.000532333082908419
TCN1_ebffa5b7,TCN1,loso_subject_S001,43,0.0006984204198041985,,0.017896689506025028,,0.0005146934069224697
TCN1_ebffa5b7,TCN1,loso_subject_S001,44,0.0007185721323840511,,0.01815340835047706,,0.000497108171143973
TCN1_ebffa5b7,TCN1,loso_subject_S001,45,0.0006342743670647734,,0.016787489120276854,,0.00047960449073189616
TCN1_ebffa5b7,TCN1,loso_subject_S001,46,0.0006268972333345832,,0.01706147986507593,,0.00046220935509274226
TCN1_ebffa5b7,TCN1,loso_subject_S001,47,0.0006261068101262373,,0.016928957158965006,,0.00044494958626484254
TCN1_ebffa5b7,TCN1,loso_subject_S001,48,0.0006526037187951917,,0.01733764325904331,,0.00042785179756071645
TCN1_ebffa5b7,TCN1,loso_subject_S001,49,0.000600616262491024,,0.016555362624404883,,0.0004109423525312737
TCN1_ebffa5b7,TCN1,loso_subject_S001,50,0.0006340897849909986,,0.01659823846572521,,0.0003942473243151282
TCN1_ebffa5b7,TCN1,loso_subject_S001,51,0.0005964165490212147,,0.016921159649075364,,0.0003777924554357096
TCN1_ebffa5b7,TCN1,loso_subject_S001,52,0.0005416444893913805,,0.015661220245470796,,0.0003616031181081575
TCN1_ebffa5b7,TCN1,loso_subject_S001,53,0.0005786243783428593,,0.016804183167351973,,0.000345704275117204
TCN1_ebffa5b7,TCN1,loso_subject_S001,54,0.0005216159820511049,,0.015358501519557595,,0.00033012044132637024
TCN1_ebffa5b7,TCN1,loso_subject_S001,55,0.0005067077785753001,,0.015300908038527235,,0.00031487564587782306
TCN1_ebffa5b7,TCN1,loso_subject_S001,56,0.000537508042775419,,0.015397088707831564,,0.00029999339514117897
TCN1_ebffa5b7,TCN1,loso_subject_S001,57,0.0005329382593037937,,0.015212190597821819,,0.0002854966364683872
TCN1_ebffa5b7,TCN1,loso_subject_S001,58,0.0004905120503508903,,0.014675354652967024,,0.0002714077228105749
TCN1_ebffa5b7,TCN1,loso_subject_S001,59,0.0005424199040432365,,0.015361384079262744,,0.00025774837825141746
TCN1_ebffa5b7,TCN1,loso_subject_S001,60,0.0005175211933532015,,0.014921033377636533,,0.0002445396645101764
TCN1_ebffa5b7,TCN1,loso_subject_S001,61,0.0004854028030532267,,0.014543531911547001,,0.0002318019484660537
TCN1_ebffa5b7,TCN1,loso_subject_S001,62,0.00046934263769040106,,0.014458762383708513,,0.00021955487075394156
TCN1_ebffa5b7,TCN1,loso_subject_S001,63,0.00043929415231419366,,0.014111796687033272,,0.0002078173154799862
TCN1_ebffa5b7,TCN1,loso_subject_S001,64,0.00046423120252554766,,0.01434687146153565,,0.00019660738110366478
TCN1_ebffa5b7,TCN1,loso_subject_S001,65,0.0004815488449561332,,0.014229195282381382,,0.00018594235253127373
TCN1_ebffa5b7,TCN1,loso_subject_S001,66,0.0005043938538722397,,0.014456630863656795,,0.00017583867446385477
TCN1_ebffa5b7,TCN1,loso_subject_S001,67,0.000511584910503598,,0.014867476924655206,,0.00016631192604065853
TCN1_ebffa5b7,TCN1,loso_subject_S001,68,0.00039869166328689644,,0.013336714885369255,,0.00015737679681724137
TCN1_ebffa5b7,TCN1,loso_subject_S001,69,0.00043017196374760464,,0.013675604013702219,,0.0001490470641152345
TCN1_ebffa5b7,TCN1,loso_subject_S001,70,0.0004069520878168653,,0.013334957229389805,,0.00014133557177871338
TCN1_ebffa5b7,TCN1,loso_subject_S001,71,0.00041667800457207365,,0.01368196376025234,,0.00013425421036992097
TCN1_ebffa5b7,TCN1,loso_subject_S001,72,0.00040074715640060706,,0.013453774750333313,,0.00012781389883488212
TCN1_ebffa5b7,TCN1,loso_subject_S001,73,0.0004639471722307699,,0.01353966315251138,,0.0001220245676671809
TCN1_ebffa5b7,TCN1,loso_subject_S001,74,0.0004053303272313873,,0.013336738677170935,,0.00011689514359585877
TCN1_ebffa5b7,TCN1,loso_subject_S001,75,0.0004245287936905891,,0.013516712133885235,,0.00011243353582104555
TCN1_ebffa5b7,TCN1,loso_subject_S001,76,0.0004006854489009109,,0.013144207353012576,,0.0001086466238185463
TCN1_ebffa5b7,TCN1,loso_subject_S001,77,0.0003736209079560652,,0.012883055264068608,,0.00010554024673218805
TCN1_ebffa5b7,TCN1,loso_subject_S001,78,0.00038946518321709603,,0.012857162066629051,,0.00010311919437028317
TCN1_ebffa5b7,TCN1,loso_subject_S001,79,0.00040636406714830215,,0.013126571067205802,,0.00010138719982009242
TCN1_ebffa5b7,TCN1,loso_subject_S001,80,0.00039490701216930154,,0.013128449780656469,,0.0001003469336916747
TCN1_ebffa5b7,TCN1,loso_subject_S002,1,0.2470489348030454,,0.3485497808385275,,0.001
TCN1_ebffa5b7,TCN1,loso_subject_S002,2,0.0352515869771454,,0.13909406853291337,,0.0009996530663083252
TCN1_ebffa5b7,TCN1,loso_subject_S002,3,0.01900058363215993,,0.10403502971645376,,0.0009986128001799074
TCN1_ebffa5b7,TCN1,loso_subject_S002,4,0.013621715169192467,,0.08792646996064275,,0.0009968808056297167
TCN1_ebffa5b7,TCN1,loso_subject_S002,5,0.010113886858902337,,0.07439415931543558,,0.0009944597532678117
TCN1_ebffa5b7,TCN1,loso_subject_S002,6,0.008582026357404314,,0.06831377808903825,,0.0009913533761814533
TCN1_ebffa5b7,TCN1,loso_subject_S002,7,0.006299088315652876,,0.05895379724213236,,0.000987566464178954
TCN1_ebffa5b7,TCN1,loso_subject_S002,8,0.0052539211097581,,0.05351810256113108,,0.0009831048564041408
TCN1_ebffa5b7,TCN1,loso_subject_S002,9,0.005218602568084073,,0.053299807832237894,,0.0009779754323328187
TCN1_ebffa5b7,TCN1,loso_subject_S002,10,0.004456737184333825,,0.04889151406541111,,0.0009721861011651174
TCN1_ebffa5b7,TCN1,loso_subject_S002,11,0.003831946047082227,,0.04645697912818873,,0.0009657457896300785
TCN1_ebffa5b7,TCN1,loso_subject_S002,12,0.003249638991502042,,0.04253942870710351,,0.000958664428221286
TCN1_ebffa5b7,TCN1,loso_subject_S002,13,0.0029645832243130913,,0.04009442500750329,,0.000950952935884765
TCN1_ebffa5b7,TCN1,loso_subject_S002,14,0.003029723171841363,,0.040906667620417926,,0.0009426232031827582
TCN1_ebffa5b7,TCN1,loso_subject_S002,15,0.002446985806014873,,0.03591988187787229,,0.0009336880739593409
TCN1_ebffa5b7,TCN1,loso_subject_S002,16,0.002246461917068167,,0.034884728580238965,,0.0009241613255361449
TCN1_ebffa5b7,TCN1,loso_subject_S002,17,0.002122705615809884,,0.033994784030262924,,0.0009140576474687258
TCN1_ebffa5b7,TCN1,loso_subject_S002,18,0.0022093060850079324,,0.034423132671601575,,0.0009033926188963346
TCN1_ebffa5b7,TCN1,loso_subject_S002,19,0.0019087214066105986,,0.03199102109006609,,0.0008921826845200134
TCN1_ebffa5b7,TCN1,loso_subject_S002,20,0.001883748665560699,,0.03205817672041114,,0.000880445129246058
TCN1_ebffa5b7,TCN1,loso_subject_S002,21,0.0016735092760248984,,0.029698925097757057,,0.0008681980515339459
TCN1_ebffa5b7,TCN1,loso_subject_S002,22,0.0014787612153113442,,0.028513693287771008,,0.0008554603354898234
TCN1_ebffa5b7,TCN1,loso_subject_S002,23,0.0014693360956044824,,0.027404360097662523,,0.0008422516217485822
TCN1_ebffa5b7,TCN1,loso_subject_S002,24,0.001488518016165819,,0.027876865919135924,,0.0008285922771894248
TCN1_ebffa5b7,TCN1,loso_subject_S002,25,0.001277653828376919,,0.025611422234647154,,0.0008145033635316124
TCN1_ebffa5b7,TCN1,loso_subject_S002,26,0.0012932942192989158,,0.02541666154796628,,0.0008000066048588205
TCN1_ebffa5b7,TCN1,loso_subject_S002,27,0.0011790643729620294,,0.02483067108165048,,0.0007851243541221765
TCN1_ebffa5b7,TCN1,loso_subject_S002,28,0.0011612841530903107,,0.02445918561233608,,0.0007698795586736293
TCN1_ebffa5b7,TCN1,loso_subject_S002,29,0.000999112466513241,,0.022464556644228473,,0.0007542957248827956
TCN1_ebffa5b7,TCN1,loso_subject_S002,30,0.0010927783699572799,,0.02412639537564323,,0.0007383968818918422
TCN1_ebffa5b7,TCN1,loso_subject_S002,31,0.001077109466699651,,0.023708814567335406,,0.00072220754456429
TCN1_ebffa5b7,TCN1,loso_subject_S002,32,0.0010054750395481738,,0.02317959767338926,,0.0007057526756848715
TCN1_ebffa5b7,TCN1,loso_subject_S002,33,0.0009729644111962865,,0.022337131708643005,,0.000689057647468726
TCN1_ebffa5b7,TCN1,loso_subject_S002,34,0.000877066217399936,,0.02058753078749072,,0.000672148202439283
TCN1_ebffa5b7,TCN1,loso_subject_S002,35,0.000833467368854195,,0.020228527402332355,,0.0006550504137351571
TCN1_ebffa5b7,TCN1,loso_subject_S002,36,0.0007882653003736382,,0.020287976350724223,,0.0006377906449072574
TCN1_ebffa5b7,TCN1,loso_subject_S002,37,0.0007802960728431017,,0.01980108074073134,,0.0006203955092681036
TCN1_ebffa5b7,TCN1,loso_subject_S002,38,0.0008469331214100676,,0.0202116977314734,,0.0006028918288560267
TCN1_ebffa5b7,TCN1,loso_subject_S002,39,0.0007245448972709941,,0.018789875941148487,,0.00058530659307753
TCN1_ebffa5b7,TCN1,loso_subject_S002,40,0.0007324398815476234,,0.019029820797376987,,0.0005676669170915806
TCN1_ebffa5b7,TCN1,loso_subject_S002,41,0.0007468638657555181,,0.019061296955936783,,0.0005499999999999997
TCN1_ebffa5b7,TCN1,loso_subject_S002,42,0.0006816153803936623,,0.01809397328457244,,0.000532333082908419
TCN1_ebffa5b7,TCN1,loso_subject_S002,43,0.0006378719836982357,,0.01787058609866337,,0.0005146934069224697
TCN1_ebffa5b7,TCN1,loso_subject_S002,44,0.0006635255405024084,,0.017555215176125738,,0.000497108171143973
TCN1_ebffa5b7,TCN1,loso_subject_S002,45,0.0006283911191166653,,0.017339433619964977,,0.00047960449073189616
TCN1_ebffa5b7,TCN1,loso_subject_S002,46,0.0006075549156797817,,0.01659498903752164,,0.00046220935509274226
TCN1_ebffa5b7,TCN1,loso_subject_S002,47,0.000605738238100795,,0.016693301865737146,,0.00044494958626484254
TCN1_ebffa5b7,TCN1,loso_subject_S002,48,0.0005524034989342792,,0.016276052429165386,,0.00042785179756071645
TCN1_ebffa5b7,TCN1,loso_subject_S002,49,0.0005463707175560354,,0.01628043750592505,,0.0004109423525312737
TCN1_ebffa5b7,TCN1,loso_subject_S002,50,0.0005861709290554633,,0.01686582751374504,,0.0003942473243151282
TCN1_ebffa5b7,TCN1,loso_subject_S002,51,0.0005371190245641242,,0.01607555630233939,,0.0003777924554357096
TCN1_ebffa5b7,TCN1,loso_subject_S002,52,0.0005312009266174993,,0.015551778490331509,,0.0003616031181081575
TCN1_ebffa5b7,TCN1,loso_subject_S002,53,0.0005431981134754593,,0.015826114554659758,,0.000345704275117204
TCN1_ebffa5b7,TCN1,loso_subject_S002,54,0.0005669775377250022,,0.016227255271505613,,0.00033012044132637024
TCN1_ebffa5b7,TCN1,loso_subject_S002,55,0.0004929617333407477,,0.015037704036825531,,0.00031487564587782306
TCN1_ebffa5b7,TCN1,loso_subject_S002,56,0.0005113233031522216,,0.015316185815660011,,0.00029999339514117897
TCN1_ebffa5b7,TCN1,loso_subject_S002,57,0.0004814784868561048,,0.014970851308648878,,0.0002854966364683872
TCN1_ebffa5b7,TCN1,loso_subject_S002,58,0.0005079666804151723,,0.015279778632624396,,0.0002714077228105749
TCN1_ebffa5b7,TCN1,loso_subject_S002,59,0.0005080736328233824,,0.01538428298101343,,0.00025774837825141746
TCN1_ebffa5b7,TCN1,loso_subject_S002,60,0.00043980793498483653,,0.014427658363149083,,0.0002445396645101764
TCN1_ebffa5b7,TCN1,loso_subject_S002,61,0.0005057074211566248,,0.015141673218113041,,0.0002318019484660537
TCN1_ebffa5b7,TCN1,loso_subject_S002,62,0.0004531148602180578,,0.014200252881001888,,0.00021955487075394156
TCN1_ebffa5b7,TCN1,loso_subject_S002,63,0.0004362458258687237,,0.013781905137200096,,0.0002078173154799862
TCN1_ebffa5b7,TCN1,loso_subject_S002,64,0.0004343522742850118,,0.013679704572066704,,0.00019660738110366478
TCN1_ebffa5b7,TCN1,loso_subject_S002,65,0.0004309479736065892,,0.014319455705642385,,0.00018594235253127373
TCN1_ebffa5b7,TCN1,loso_subject_S002,66,0.00043655079848130556,,0.014054493188107045,,0.00017583867446385477
TCN1_ebffa5b7,TCN1,loso_subject_S002,67,0.00041907662553564504,,0.013593511720155847,,0.00016631192604065853
TCN1_ebffa5b7,TCN1,loso_subject_S002,68,0.0003910576237615109,,0.013269888301347864,,0.00015737679681724137
TCN1_ebffa5b7,TCN1,loso_subject_S002,69,0.00039739827968214765,,0.01311615998770261,,0.0001490470641152345
TCN1_ebffa5b7,TCN1,loso_subject_S002,70,0.00041968328241395964,,0.013236449591677132,,0.00014133557177871338
TCN1_ebffa5b7,TCN1,loso_subject_S002,71,0.00039068363174309443,,0.01303366301408339,,0.00013425421036992097
TCN1_ebffa5b7,TCN1,loso_subject_S002,72,0.00040453417659832896,,0.013233573242666235,,0.00012781389883488212
TCN1_ebffa5b7,TCN1,loso_subject_S002,73,0.00040490891101531716,,0.013372988729127523,,0.0001220245676671809
TCN1_ebffa5b7,TCN1,loso_subject_S002,74,0.00041098946928409786,,0.013005276309420164,,0.00011689514359585877
TCN1_ebffa5b7,TCN1,loso_subject_S002,75,0.0003566153186668465,,0.012440336542080505,,0.00011243353582104555
TCN1_ebffa5b7,TCN1,loso_subject_S002,76,0.0003663591904051859,,0.012940715202957946,,0.0001086466238185463
TCN1_ebffa5b7,TCN1,loso_subject_S002,77,0.00040918063943333607,,0.013392858335684085,,0.00010554024673218805
TCN1_ebffa5b7,TCN1,loso_subject_S002,78,0.0003824950068394236,,0.01300441936172288,,0.00010311919437028317
TCN1_ebffa5b7,TCN1,loso_subject_S002,79,0.00036264060062679907,,0.012727805773977101,,0.00010138719982009242
TCN1_ebffa5b7,TCN1,loso_subject_S002,80,0.00035581068646543183,,0.012704070301761045,,0.0001003469336916747
TCN1_ebffa5b7,TCN1,loso_subject_S003,1,0.2800843637178338,,0.3730791316808771,,0.001
TCN1_ebffa5b7,TCN1,loso_subject_S003,2,0.03933584307220505,,0.14752550124505256,,0.0009996530663083252
TCN1_ebffa5b7,TCN1,loso_subject_S003,3,0.021995623242951706,,0.11165330443619942,,0.0009986128001799074
TCN1_ebffa5b7,TCN1,loso_subject_S003,4,0.01434812221866295,,0.09094485563681265,,0.0009968808056297167
TCN1_ebffa5b7,TCN1,loso_subject_S003,5,0.010038277345043539,,0.07571909280841455,,0.0009944597532678117
TCN1_ebffa5b7,TCN1,loso_subject_S003,6,0.0076995639300096565,,0.0663338489046628,,0.0009913533761814533
TCN1_ebffa5b7,TCN1,loso_subject_S003,7,0.005755827741947368,,0.058083270882359456,,0.000987566464178954
TCN1_ebffa5b7,TCN1,loso_subject_S003,8,0.00510583750880476,,0.05448948188706405,,0.0009831048564041408
TCN1_ebffa5b7,TCN1,loso_subject_S003,9,0.004836669680831113,,0.052379957631245776,,0.0009779754323328187
TCN1_ebffa5b7,TCN1,loso_subject_S003,10,0.00390691642318417,,0.047165725849216744,,0.0009721861011651174
TCN1_ebffa5b7,TCN1,loso_subject_S003,11,0.003252698703842169,,0.04290228578827121,,0.0009657457896300785
TCN1_ebffa5b7,TCN1,loso_subject_S003,12,0.0029341332714332615,,0.04073225595660973,,0.000958664428221286
TCN1_ebffa5b7,TCN1,loso_subject_S003,13,0.0028472410062541295,,0.040101013830938434,,0.000950952935884765
TCN1_ebffa5b7,TCN1,loso_subject_S003,14,0.002468756428319304,,0.037256014337053216,,0.0009426232031827582
TCN1_ebffa5b7,TCN1,loso_subject_S003,15,0.0021287566737572864,,0.034986388655305525,,0.0009336880739593409
TCN1_ebffa5b7,TCN1,loso_subject_S003,16,0.002050590436083527,,0.03424998512604024,,0.0009241613255361449
TCN1_ebffa5b7,TCN1,loso_subject_S003,17,0.002012476466669052,,0.03408598283350098,,0.0009140576474687258
TCN1_ebffa5b7,TCN1,loso_subject_S003,18,0.0018550106767589428,,0.03251757766124955,,0.0009033926188963346
TCN1_ebffa5b7,TCN1,loso_subject_S003,19,0.0016067835169665389,,0.02990739380220538,,0.0008921826845200134
TCN1_ebffa5b7,TCN1,loso_subject_S003,20,0.0014250120819488778,,0.02855208261557265,,0.000880445129246058
TCN1_ebffa5b7,TCN1,loso_subject_S003,21,0.0014136658631513817,,0.02817846357015422,,0.0008681980515339459
TCN1_ebffa5b7,TCN1,loso_subject_S003,22,0.001284969459183735,,0.02682402879629373,,0.0008554603354898234
TCN1_ebffa5b7,TCN1,loso_subject_S003,23,0.0011636662009948298,,0.02559201726667447,,0.0008422516217485822
TCN1_ebffa5b7,TCN1,loso_subject_S003,24,0.0011082146346563279,,0.02508967218418786,,0.0008285922771894248
TCN1_ebffa5b7,TCN1,loso_subject_S003,25,0.001145938179889715,,0.025106336460771664,,0.0008145033635316124
TCN1_ebffa5b7,TCN1,loso_subject_S003,26,0.0009778677588685315,,0.023574297220959217,,0.0008000066048588205
TCN1_ebffa5b7,TCN1,loso_subject_S003,27,0.001053026161584187,,0.024263469141880042,,0.0007851243541221765
TCN1_ebffa5b7,TCN1,loso_subject_S003,28,0.0007892584019151354,,0.021299135872195327,,0.0007698795586736293
TCN1_ebffa5b7,TCN1,loso_subject_S003,29,0.0008042094275781325,,0.0213926597644529,,0.0007542957248827956
TCN1_ebffa5b7,TCN1,loso_subject_S003,30,0.0008888331499874654,,0.02196469060272215,,0.0007383968818918422
TCN1_ebffa5b7,TCN1,loso_subject_S003,31,0.0007727841947278474,,0.020694529604926196,,0.00072220754456429
TCN1_ebffa5b7,TCN1,loso_subject_S003,32,0.0007317109745168989,,0.020245583728598332,,0.0007057526756848715
TCN1_ebffa5b7,TCN1,loso_subject_S003,33,0.0006655317908454919,,0.01903265558964489,,0.000689057647468726
TCN1_ebffa5b7,TCN1,loso_subject_S003,34,0.0006834301341521974,,0.019464013511433852,,0.000672148202439283
TCN1_ebffa5b7,TCN1,loso_subject_S003,35,0.0006759456131781897,,0.019257493970562936,,0.0006550504137351571
TCN1_ebffa5b7,TCN1,loso_subject_S003,36,0.0006416332222192499,,0.018702475468442743,,0.0006377906449072574
TCN1_ebffa5b7,TCN1,loso_subject_S003,37,0.0006381404208579647,,0.018915779388112296,,0.0006203955092681036
TCN1_ebffa5b7,TCN1,loso_subject_S003,38,0.000597617399456187,,0.01818859391364199,,0.0006028918288560267
TCN1_ebffa5b7,TCN1,loso_subject_S003,39,0.000542818819086423,,0.01722832775773386,,0.00058530659307753
TCN1_ebffa5b7,TCN1,loso_subject_S003,40,0.0005755208397095252,,0.01783486123178469,,0.0005676669170915806
TCN1_ebffa5b7,TCN1,loso_subject_S003,41,0.0006057965517917564,,0.01782171782549495,,0.0005499999999999997
TCN1_ebffa5b7,TCN1,loso_subject_S003,42,0.0005509212245307246,,0.01735761259091686,,0.000532333082908419
TCN1_ebffa5b7,TCN1,loso_subject_S003,43,0.0004916353976911704,,0.016316660496439348,,0.0005146934069224697
TCN1_ebffa5b7,TCN1,loso_subject_S003,44,0.00048613892109594306,,0.016229934905594323,,0.000497108171143973
TCN1_ebffa5b7,TCN1,loso_subject_S003,45,0.0004870073410969744,,0.016114728969257426,,0.00047960449073189616
TCN1_ebffa5b7,TCN1,loso_subject_S003,46,0.00047760205559812234,,0.015880753987485806,,0.00046220935509274226
TCN1_ebffa5b7,TCN1,loso_subject_S003,47,0.0004628210399356401,,0.015844583111388203,,0.00044494958626484254
TCN1_ebffa5b7,TCN1,loso_subject_S003,48,0.0004510067275476492,,0.015347768874179088,,0.00042785179756071645
TCN1_ebffa5b7,TCN1,loso_subject_S003,49,0.00042186396761052694,,0.014992806849735857,,0.0004109423525312737
TCN1_ebffa5b7,TCN1,loso_subject_S003,50,0.0004375508616205527,,0.015348667068784095,,0.0003942473243151282
TCN1_ebffa5b7,TCN1,loso_subject_S003,51,0.0004027163612753636,,0.014492603342063922,,0.0003777924554357096
TCN1_ebffa5b7,TCN1,loso_subject_S003,52,0.00044138347514999487,,0.015049693327899552,,0.0003616031181081575
TCN1_ebffa5b7,TCN1,loso_subject_S003,53,0.000383869037887272,,0.014294943592352737,,0.000345704275117204
TCN1_ebffa5b7,TCN1,loso_subject_S003,54,0.0003774565325393918,,0.013965472181286841,,0.00033012044132637024
TCN1_ebffa5b7,TCN1,loso_subject_S003,55,0.00038975246161922477,,0.014267189827853336,,0.00031487564587782306
TCN1_ebffa5b7,TCN1,loso_subject_S003,56,0.0003499013424009951,,0.01357318290514745,,0.00029999339514117897
TCN1_ebffa5b7,TCN1,loso_subject_S003,57,0.00035314375405187296,,0.013762380860337268,,0.0002854966364683872
TCN1_ebffa5b7,TCN1,loso_subject_S003,58,0.0003236682752799307,,0.013080238102170343,,0.0002714077228105749
TCN1_ebffa5b7,TCN1,loso_subject_S003,59,0.0003420217505718988,,0.013378974842501945,,0.00025774837825141746
TCN1_ebffa5b7,TCN1,loso_subject_S003,60,0.00036096799402965456,,0.01354281715380504,,0.0002445396645101764
TCN1_ebffa5b7,TCN1,loso_subject_S003,61,0.0003155632613985499,,0.013014507178627096,,0.0002318019484660537
TCN1_ebffa5b7,TCN1,loso_subject_S003,62,0.00032003268254520876,,0.01293531858573323,,0.00021955487075394156
TCN1_ebffa5b7,TCN1,loso_subject_S003,63,0.0003164229932937947,,0.01301749932241413,,0.0002078173154799862
TCN1_ebffa5b7,TCN1,loso_subject_S003,64,0.0003288675344729987,,0.012998147912274645,,0.00019660738110366478
TCN1_ebffa5b7,TCN1,loso_subject_S003,65,0.0003077631880860601,,0.012832554367253002,,0.00018594235253127373
TCN1_ebffa5b7,TCN1,loso_subject_S003,66,0.00032078442988792263,,0.012694614693630396,,0.00017583867446385477
TCN1_ebffa5b7,TCN1,loso_subject_S003,67,0.0002949521396191558,,0.012464058796209215,,0.00016631192604065853
TCN1_ebffa5b7,TCN1,loso_subject_S003,68,0.00029787801130124706,,0.01255823070489875,,0.00015737679681724137
TCN1_ebffa5b7,TCN1,loso_subject_S003,69,0.00029214153614983595,,0.012285316942845,,0.0001490470641152345
TCN1_ebffa5b7,TCN1,loso_subject_S003,70,0.0002685694639313524,,0.01191334208880274,,0.00014133557177871338
TCN1_ebffa5b7,TCN1,loso_subject_S003,71,0.00032860367371483534,,0.013070526619889318,,0.00013425421036992097
TCN1_ebffa5b7,TCN1,loso_subject_S003,72,0.00028311880962479354,,0.01227321601194908,,0.00012781389883488212
TCN1_ebffa5b7,TCN1,loso_subject_S003,73,0.00027623873715553653,,0.011990053811158424,,0.0001220245676671809
TCN1_ebffa5b7,TCN1,loso_subject_S003,74,0.00027322992428764734,,0.012009922223549211,,0.00011689514359585877
TCN1_ebffa5b7,TCN1,loso_subject_S003,75,0.00027420080663785227,,0.011977722681673303,,0.00011243353582104555
TCN1_ebffa5b7,TCN1,loso_subject_S003,76,0.00027490592086483684,,0.011902918686711837,,0.0001086466238185463
TCN1_ebffa5b7,TCN1,loso_subject_S003,77,0.000295055561471122,,0.012508767195015107,,0.00010554024673218805
TCN1_ebffa5b7,TCN1,loso_subject_S003,78,0.00027726561058218367,,0.011797972373656668,,0.00010311919437028317
TCN1_ebffa5b7,TCN1,loso_subject_S003,79,0.000248444158228369,,0.011634180795179026,,0.00010138719982009242
TCN1_ebffa5b7,TCN1,loso_subject_S003,80,0.0002991153299003353,,0.012326556707502039,,0.0001003469336916747
TCN1_ebffa5b7,TCN1,loso_subject_S004,1,0.1840117924816606,,0.3015922663937565,,0.001
TCN1_ebffa5b7,TCN1,loso_subject_S004,2,0.031924640155288425,,0.13158551443669844,,0.0009996530663083252
TCN1_ebffa5b7,TCN1,loso_subject_S004,3,0.016170624808043054,,0.09539066759328849,,0.0009986128001799074
TCN1_ebffa5b7,TCN1,loso_subject_S004,4,0.011935115496416026,,0.08256163762901593,,0.0009968808056297167
TCN1_ebffa5b7,TCN1,loso_subject_S004,5,0.008842615294929685,,0.07147929490963167,,0.0009944597532678117
TCN1_ebffa5b7,TCN1,loso_subject_S004,6,0.006567924935463785,,0.06140373745776145,,0.0009913533761814533
TCN1_ebffa5b7,TCN1,loso_subject_S004,7,0.006043718086747389,,0.0577584993279167,,0.000987566464178954
TCN1_ebffa5b7,TCN1,loso_subject_S004,8,0.005050413083826322,,0.052904344592411015,,0.0009831048564041408
TCN1_ebffa5b7,TCN1,loso_subject_S004,9,0.004643531931736139,,0.050649289736913385,,0.0009779754323328187
TCN1_ebffa5b7,TCN1,loso_subject_S004,10,0.003998533767356014,,0.04677825794120464,,0.0009721861011651174
TCN1_ebffa5b7,TCN1,loso_subject_S004,11,0.0034984366508043732,,0.04264703315025725,,0.0009657457896300785
TCN1_ebffa5b7,TCN1,loso_subject_S004,12,0.0029939703787008214,,0.04004792379626867,,0.000958664428221286
TCN1_ebffa5b7,TCN1,loso_subject_S004,13,0.002610772209222125,,0.037473823862775334,,0.000950952935884765
TCN1_ebffa5b7,TCN1,loso_subject_S004,14,0.002519493685803764,,0.03677802502249964,,0.0009426232031827582
TCN1_ebffa5b7,TCN1,loso_subject_S004,15,0.0023159941084098267,,0.034972431341118514,,0.0009336880739593409
TCN1_ebffa5b7,TCN1,loso_subject_S004,16,0.002104954118250755,,0.033231769970524155,,0.0009241613255361449
TCN1_ebffa5b7,TCN1,loso_subject_S004,17,0.002004010438740934,,0.032227814093266915,,0.0009140576474687258
TCN1_ebffa5b7,TCN1,loso_subject_S004,18,0.0019131611140974932,,0.031710827912451306,,0.0009033926188963346
TCN1_ebffa5b7,TCN1,loso_subject_S004,19,0.0017039774815740933,,0.029562308155409854,,0.0008921826845200134
TCN1_ebffa5b7,TCN1,loso_subject_S004,20,0.0016841502753975504,,0.029541217330663214,,0.000880445129246058
TCN1_ebffa5b7,TCN1,loso_subject_S004,21,0.0014698866315487672,,0.027544903294895538,,0.0008681980515339459
TCN1_ebffa5b7,TCN1,loso_subject_S004,22,0.0014730549255439994,,0.027308753391517396,,0.0008554603354898234
TCN1_ebffa5b7,TCN1,loso_subject_S004,23,0.0011927959567304578,,0.02458784129422174,,0.0008422516217485822
TCN1_ebffa5b7,TCN1,loso_subject_S004,24,0.0011741506380424083,,0.02435671543824756,,0.0008285922771894248
TCN1_ebffa5b7,TCN1,loso_subject_S004,25,0.0013484656818906855,,0.025998914461013118,,0.0008145033635316124
TCN1_ebffa5b7,TCN1,loso_subject_S004,26,0.001221917400988311,,0.02474218801902815,,0.0008000066048588205
TCN1_ebffa5b7,TCN1,loso_subject_S004,27,0.0011465153494360709,,0.024026823129848773,,0.0007851243541221765
TCN1_ebffa5b7,TCN1,loso_subject_S004,28,0.00113626407567686,,0.02371523174637558,,0.0007698795586736293
TCN1_ebffa5b7,TCN1,loso_subject_S004,29,0.001077281216966961,,0.023082815814528694,,0.0007542957248827956
TCN1_ebffa5b7,TCN1,loso_subject_S004,30,0.0009902206561075053,,0.021934989526351464,,0.0007383968818918422
TCN1_ebffa5b7,TCN1,loso_subject_S004,31,0.0009486416253295095,,0.021587870824524697,,0.00072220754456429
TCN1_ebffa5b7,TCN1,loso_subject_S004,32,0.000967862432939272,,0.02215701100993399,,0.0007057526756848715
TCN1_ebffa5b7,TCN1,loso_subject_S004,33,0.0009094980289973071,,0.021340905737426034,,0.000689057647468726
TCN1_ebffa5b7,TCN1,loso_subject_S004,34,0.0008710885495465697,,0.020790780610809897,,0.000672148202439283
TCN1_ebffa5b7,TCN1,loso_subject_S004,35,0.0009341504939698969,,0.021220818004933684,,0.0006550504137351571
TCN1_ebffa5b7,TCN1,loso_subject_S004,36,0.000846170252155291,,0.020165854747202627,,0.0006377906449072574
TCN1_ebffa5b7,TCN1,loso_subject_S004,37,0.0008108197951415335,,0.0199842800053258,,0.0006203955092681036
TCN1_ebffa5b7,TCN1,loso_subject_S004,38,0.0007853812687980338,,0.0187021633532545,,0.0006028918288560267
TCN1_ebffa5b7,TCN1,loso_subject_S004,39,0.0007250332597166614,,0.018483151919750005,,0.00058530659307753
TCN1_ebffa5b7,TCN1,loso_subject_S004,40,0.0007236798381791641,,0.018603353381593878,,0.0005676669170915806
TCN1_ebffa5b7,TCN1,loso_subject_S004,41,0.000697515213471657,,0.018236963180790978,,0.0005499999999999997
TCN1_ebffa5b7,TCN1,loso_subject_S004,42,0.0006892911731617718,,0.018035017146354356,,0.000532333082908419
TCN1_ebffa5b7,TCN1,loso_subject_S004,43,0.0006219599473691101,,0.017314158214932082,,0.0005146934069224697
TCN1_ebffa5b7,TCN1,loso_subject_S004,44,0.0006605912263165186,,0.017767309754595326,,0.000497108171143973
TCN1_ebffa5b7,TCN1,loso_subject_S004,45,0.0006195389233634772,,0.017261519542746608,,0.00047960449073189616
TCN1_ebffa5b7,TCN1,loso_subject_S004,46,0.0006212432216992555,,0.01686721211513433,,0.00046220935509274226
TCN1_ebffa5b7,TCN1,loso_subject_S004,47,0.0005779539271827597,,0.016707974180991313,,0.00044494958626484254
TCN1_ebffa5b7,TCN1,loso_subject_S004,48,0.0006188470204970596,,0.016983719505382078,,0.00042785179756071645
TCN1_ebffa5b7,TCN1,loso_subject_S004,49,0.0005376141448179369,,0.015924519774842584,,0.0004109423525312737
TCN1_ebffa5b7,TCN1,loso_subject_S004,50,0.0005938680065026608,,0.01581670348530946,,0.0003942473243151282
TCN1_ebffa5b7,TCN1,loso_subject_S004,51,0.0005622266970631648,,0.016152911014812702,,0.0003777924554357096
TCN1_ebffa5b7,TCN1,loso_subject_S004,52,0.0005839568039421606,,0.015941388154031833,,0.0003616031181081575
TCN1_ebffa5b7,TCN1,loso_subject_S004,53,0.0004945999445753362,,0.015245155121923804,,0.000345704275117204
TCN1_ebffa5b7,TCN1,loso_subject_S004,54,0.0005535301151497662,,0.01572330874260248,,0.00033012044132637024
TCN1_ebffa5b7,TCN1,loso_subject_S004,55,0.0005297983760286963,,0.015735434062880742,,0.00031487564587782306
TCN1_ebffa5b7,TCN1,loso_subject_S004,56,0.0005065867714105954,,0.01494301735339404,,0.00029999339514117897
TCN1_ebffa5b7,TCN1,loso_subject_S004,57,0.0005030891283451567,,0.014705092854728324,,0.0002854966364683872
TCN1_ebffa5b7,TCN1,loso_subject_S004,58,0.0004739839318219258,,0.014775642185164408,,0.0002714077228105749
TCN1_ebffa5b7,TCN1,loso_subject_S004,59,0.00048087704898992794,,0.014342953925173369,,0.00025774837825141746
TCN1_ebffa5b7,TCN1,loso_subject_S004,60,0.00048240762155751923,,0.014229253782297682,,0.0002445396645101764
TCN1_ebffa5b7,TCN1,loso_subject_S004,61,0.0004949064333092233,,0.01448915322782625,,0.0002318019484660537
TCN1_ebffa5b7,TCN1,loso_subject_S004,62,0.0004600110466203161,,0.014044587638183201,,0.00021955487075394156
TCN1_ebffa5b7,TCN1,loso_subject_S004,63,0.00047469364979176514,,0.01423492665119874,,0.0002078173154799862
TCN1_ebffa5b7,TCN1,loso_subject_S004,64,0.00043573972872811874,,0.01356960637994565,,0.00019660738110366478
TCN1_ebffa5b7,TCN1,loso_subject_S004,65,0.00043056625515962396,,0.013601293581296149,,0.00018594235253127373
TCN1_ebffa5b7,TCN1,loso_subject_S004,66,0.00046022679447925717,,0.013955142607826147,,0.00017583867446385477
TCN1_ebffa5b7,TCN1,loso_subject_S004,67,0.0004157742275838979,,0.013454812260761097,,0.00016631192604065853
TCN1_ebffa5b7,TCN1,loso_subject_S004,68,0.00044736771001315266,,0.013690787193733766,,0.00015737679681724137
TCN1_ebffa5b7,TCN1,loso_subject_S004,69,0.0004413935131778502,,0.0136818990895884,,0.0001490470641152345
TCN1_ebffa5b7,TCN1,loso_subject_S004,70,0.0004039921753433735,,0.013144483076335886,,0.00014133557177871338
TCN1_ebffa5b7,TCN1,loso_subject_S004,71,0.0004012190980697252,,0.013156766896171793,,0.00013425421036992097
TCN1_ebffa5b7,TCN1,loso_subject_S004,72,0.00040348518258243087,,0.012847495956736798,,0.00012781389883488212
TCN1_ebffa5b7,TCN1,loso_subject_S004,73,0.00041474071291657194,,0.013302271535216034,,0.0001220245676671809
TCN1_ebffa5b7,TCN1,loso_subject_S004,74,0.0003973137888646511,,0.01310768250843975,,0.00011689514359585877
TCN1_ebffa5b7,TCN1,loso_subject_S004,75,0.0004022597074091263,,0.012934390804613978,,0.00011243353582104555
TCN1_ebffa5b7,TCN1,loso_subject_S004,76,0.000390605342759883,,0.012959995428370221,,0.0001086466238185463
TCN1_ebffa5b7,TCN1,loso_subject_S004,77,0.0003897579862829732,,0.013014451617990105,,0.00010554024673218805
TCN1_ebffa5b7,TCN1,loso_subject_S004,78,0.00034889471681102095,,0.012626174834868146,,0.00010311919437028317
TCN1_ebffa5b7,TCN1,loso_subject_S004,79,0.0003775496156108825,,0.012366151005484013,,0.00010138719982009242
TCN1_ebffa5b7,TCN1,loso_subject_S004,80,0.00037377207611042913,,0.01265354807526171,,0.0001003469336916747
TCN1_ebffa5b7,TCN1,loso_subject_S005,1,0.20932375350808122,,0.32606168686326453,,0.001
TCN1_ebffa5b7,TCN1,loso_subject_S005,2,0.03784033557838751,,0.14195255120459677,,0.0009996530663083252
TCN1_ebffa5b7,TCN1,loso_subject_S005,3,0.01910792060717686,,0.10307553737541922,,0.0009986128001799074
TCN1_ebffa5b7,TCN1,loso_subject_S005,4,0.013771209348336422,,0.0859219221887735,,0.0009968808056297167
TCN1_ebffa5b7,TCN1,loso_subject_S005,5,0.010273629103695064,,0.07461348615154471,,0.0009944597532678117
TCN1_ebffa5b7,TCN1,loso_subject_S005,6,0.007208079319612565,,0.06297396353538126,,0.0009913533761814533
TCN1_ebffa5b7,TCN1,loso_subject_S005,7,0.006125127697051995,,0.05775819257562885,,0.000987566464178954
TCN1_ebffa5b7,TCN1,loso_subject_S005,8,0.005379251830610399,,0.05397545240387168,,0.0009831048564041408
TCN1_ebffa5b7,TCN1,loso_subject_S005,9,0.00509822737670316,,0.05147513781798171,,0.0009779754323328187
TCN1_ebffa5b7,TCN1,loso_subject_S005,10,0.003699326745644466,,0.045253608439359244,,0.0009721861011651174
TCN1_ebffa5b7,TCN1,loso_subject_S005,11,0.0040210262055384825,,0.045805487041790736,,0.0009657457896300785
TCN1_ebffa5b7,TCN1,loso_subject_S005,12,0.0033292235002404798,,0.04200177550722715,,0.000958664428221286
TCN1_ebffa5b7,TCN1,loso_subject_S005,13,0.0031043249579725007,,0.040309030328696094,,0.000950952935884765
TCN1_ebffa5b7,TCN1,loso_subject_S005,14,0.0027099184343057333,,0.03775640818395305,,0.0009426232031827582
TCN1_ebffa5b7,TCN1,loso_subject_S005,15,0.0025647607984803237,,0.03630542032954636,,0.0009336880739593409
TCN1_ebffa5b7,TCN1,loso_subject_S005,16,0.00219322708641964,,0.03362737146457308,,0.0009241613255361449
TCN1_ebffa5b7,TCN1,loso_subject_S005,17,0.002200429967156398,,0.03338580528216964,,0.0009140576474687258
TCN1_ebffa5b7,TCN1,loso_subject_S005,18,0.0021524203961886747,,0.03288962697616616,,0.0009033926188963346
TCN1_ebffa5b7,TCN1,loso_subject_S005,19,0.0018883185499306424,,0.030822194286275643,,0.0008921826845200134
TCN1_ebffa5b7,TCN1,loso_subject_S005,20,0.001637593730839141,,0.028649383727397528,,0.000880445129246058
TCN1_ebffa5b7,TCN1,loso_subject_S005,21,0.001898519851826767,,0.030143565275156457,,0.0008681980515339459
TCN1_ebffa5b7,TCN1,loso_subject_S005,22,0.0018259020086772001,,0.030072192262870865,,0.0008554603354898234
TCN1_ebffa5b7,TCN1,loso_subject_S005,23,0.0014593108721655942,,0.026971850427242677,,0.0008422516217485822
TCN1_ebffa5b7,TCN1,loso_subject_S005,24,0.001398002624165254,,0.025806737757278382,,0.0008285922771894248
TCN1_ebffa5b7,TCN1,loso_subject_S005,25,0.001418765823344093,,0.02598636892112449,,0.0008145033635316124
TCN1_ebffa5b7,TCN1,loso_subject_S005,26,0.001243449812723203,,0.024232079726945827,,0.0008000066048588205
TCN1_ebffa5b7,TCN1,loso_subject_S005,27,0.0012275992179092388,,0.024608012792295155,,0.0007851243541221765
TCN1_ebffa5b7,TCN1,loso_subject_S005,28,0.0010850316848059157,,0.02241539674280243,,0.0007698795586736293
TCN1_ebffa5b7,TCN1,loso_subject_S005,29,0.0010514540532635646,,0.02269701083975847,,0.0007542957248827956
TCN1_ebffa5b7,TCN1,loso_subject_S005,30,0.0009329610587647598,,0.020800433023085773,,0.0007383968818918422
TCN1_ebffa5b7,TCN1,loso_subject_S005,31,0.0010176391583953193,,0.021643144638617696,,0.00072220754456429
TCN1_ebffa5b7,TCN1,loso_subject_S005,32,0.0010018128262429082,,0.021779455397112783,,0.0007057526756848715
TCN1_ebffa5b7,TCN1,loso_subject_S005,33,0.0009144532024612453,,0.02079197844369623,,0.000689057647468726
TCN1_ebffa5b7,TCN1,loso_subject_S005,34,0.0008624135942513015,,0.02057519427567415,,0.000672148202439283
TCN1_ebffa5b7,TCN1,loso_subject_S005,35,0.0008088208220854605,,0.01952077993684458,,0.0006550504137351571
TCN1_ebffa5b7,TCN1,loso_subject_S005,36,0.0007363997606811695,,0.018575468058014487,,0.0006377906449072574
TCN1_ebffa5b7,TCN1,loso_subject_S005,37,0.0007895295031816912,,0.018699623240037176,,0.0006203955092681036
TCN1_ebffa5b7,TCN1,loso_subject_S005,38,0.0007337196359773239,,0.017884673972839788,,0.0006028918288560267
TCN1_ebffa5b7,TCN1,loso_subject_S005,39,0.0007556729259465284,,0.01847561587716227,,0.00058530659307753
TCN1_ebffa5b7,TCN1,loso_subject_S005,40,0.0007402547423762775,,0.018433246545417316,,0.0005676669170915806
TCN1_ebffa5b7,TCN1,loso_subject_S005,41,0.0006911091113529794,,0.017651807048291272,,0.0005499999999999997
TCN1_ebffa5b7,TCN1,loso_subject_S005,42,0.000677920930936246,,0.017527643080686342,,0.000532333082908419
TCN1_ebffa5b7,TCN1,loso_subject_S005,43,0.0006242188445646825,,0.017254533268409582,,0.0005146934069224697
TCN1_ebffa5b7,TCN1,loso_subject_S005,44,0.0006298232482708101,,0.017163590823678434,,0.000497108171143973
TCN1_ebffa5b7,TCN1,loso_subject_S005,45,0.0006235119417260493,,0.017078675069042034,,0.00047960449073189616
TCN1_ebffa5b7,TCN1,loso_subject_S005,46,0.0006204197679109134,,0.017107423129189545,,0.00046220935509274226
TCN1_ebffa5b7,TCN1,loso_subject_S005,47,0.0006326151599927961,,0.016779029618554556,,0.00044494958626484254
TCN1_ebffa5b7,TCN1,loso_subject_S005,48,0.000583944827359513,,0.016050317110461995,,0.00042785179756071645
TCN1_ebffa5b7,TCN1,loso_subject_S005,49,0.0005158645714555292,,0.01521854591476429,,0.0004109423525312737
TCN1_ebffa5b7,TCN1,loso_subject_S005,50,0.0005969211662588673,,0.016176018488844507,,0.0003942473243151282
TCN1_ebffa5b7,TCN1,loso_subject_S005,51,0.0005047567870941509,,0.01543785464845013,,0.0003777924554357096
TCN1_ebffa5b7,TCN1,loso_subject_S005,52,0.0006127746945402804,,0.016253610374882765,,0.0003616031181081575
TCN1_ebffa5b7,TCN1,loso_subject_S005,53,0.0005903160555920732,,0.01607215558798545,,0.000345704275117204
TCN1_ebffa5b7,TCN1,loso_subject_S005,54,0.0005303214473805609,,0.014854738348300343,,0.00033012044132637024
TCN1_ebffa5b7,TCN1,loso_subject_S005,55,0.0005155327568568111,,0.015216746989879185,,0.00031487564587782306
TCN1_ebffa5b7,TCN1,loso_subject_S005,56,0.00044872365403624806,,0.014609954310358587,,0.00029999339514117897
TCN1_ebffa5b7,TCN1,loso_subject_S005,57,0.0005303823323952154,,0.015023501120736575,,0.0002854966364683872
TCN1_ebffa5b7,TCN1,loso_subject_S005,58,0.0005435067037066426,,0.014982062978701787,,0.0002714077228105749
TCN1_ebffa5b7,TCN1,loso_subject_S005,59,0.000483244044289832,,0.014688346100138316,,0.00025774837825141746
TCN1_ebffa5b7,TCN1,loso_subject_S005,60,0.00047115890745076737,,0.014218049420762184,,0.0002445396645101764
TCN1_ebffa5b7,TCN1,loso_subject_S005,61,0.0004746113431007433,,0.014319227148902701,,0.0002318019484660537
TCN1_ebffa5b7,TCN1,loso_subject_S005,62,0.00047601958022193836,,0.013746327622682365,,0.00021955487075394156
TCN1_ebffa5b7,TCN1,loso_subject_S005,63,0.0004846635726741404,,0.014185756780588586,,0.0002078173154799862
TCN1_ebffa5b7,TCN1,loso_subject_S005,64,0.00044001248256309727,,0.013675464174166678,,0.00019660738110366478
TCN1_ebffa5b7,TCN1,loso_subject_S005,65,0.0004424734567546321,,0.013880695403893653,,0.00018594235253127373
TCN1_ebffa5b7,TCN1,loso_subject_S005,66,0.00044444094522484283,,0.013968339620901863,,0.00017583867446385477
TCN1_ebffa5b7,TCN1,loso_subject_S005,67,0.00042611145796437043,,0.013074633998497558,,0.00016631192604065853
TCN1_ebffa5b7,TCN1,loso_subject_S005,68,0.0004084713814252473,,0.013252644997357102,,0.00015737679681724137
TCN1_ebffa5b7,TCN1,loso_subject_S005,69,0.0004085489622843309,,0.012948923203903458,,0.0001490470641152345
TCN1_ebffa5b7,TCN1,loso_subject_S005,70,0.0004049698540101737,,0.013484442930147306,,0.00014133557177871338
TCN1_ebffa5b7,TCN1,loso_subject_S005,71,0.0004688520686551547,,0.013720530248644409,,0.00013425421036992097
TCN1_ebffa5b7,TCN1,loso_subject_S005,72,0.00041581381892280035,,0.013153256874518793,,0.00012781389883488212
TCN1_ebffa5b7,TCN1,loso_subject_S005,73,0.0004697950699612174,,0.01373736250115743,,0.0001220245676671809
TCN1_ebffa5b7,TCN1,loso_subject_S005,74,0.00040656317991113973,,0.012764330873895221,,0.00011689514359585877
TCN1_ebffa5b7,TCN1,loso_subject_S005,75,0.0004337079954927997,,0.013403820051929242,,0.00011243353582104555
TCN1_ebffa5b7,TCN1,loso_subject_S005,76,0.0004206065670289131,,0.013175438720186212,,0.0001086466238185463
TCN1_ebffa5b7,TCN1,loso_subject_S005,77,0.00043681365310265316,,0.013085676413093003,,0.00010554024673218805
TCN1_ebffa5b7,TCN1,loso_subject_S005,78,0.00041015675498423746,,0.013164442729319322,,0.00010311919437028317
TCN1_ebffa5b7,TCN1,loso_subject_S005,79,0.0004167294902123079,,0.012949224248681052,,0.00010138719982009242
TCN1_ebffa5b7,TCN1,loso_subject_S005,80,0.0004047619560618214,,0.012831157329571736,,0.0001003469336916747
TCN1_ebffa5b7,TCN1,loso_subject_S006,1,0.20816926257970583,,0.3257136143146667,,0.001
TCN1_ebffa5b7,TCN1,loso_subject_S006,2,0.03583641418973946,,0.13832081708330715,,0.0009996530663083252
TCN1_ebffa5b7,TCN1,loso_subject_S006,3,0.019755552813204277,,0.10316791496273708,,0.0009986128001799074
TCN1_ebffa5b7,TCN1,loso_subject_S006,4,0.012140544732563697,,0.08279234740215731,,0.0009968808056297167
TCN1_ebffa5b7,TCN1,loso_subject_S006,5,0.010225497381144066,,0.07434563383248646,,0.0009944597532678117
TCN1_ebffa5b7,TCN1,loso_subject_S006,6,0.007815428843727278,,0.06577211851822547,,0.0009913533761814533
TCN1_ebffa5b7,TCN1,loso_subject_S006,7,0.005661880799653073,,0.055729755248686376,,0.000987566464178954
TCN1_ebffa5b7,TCN1,loso_subject_S006,8,0.00601913500346762,,0.05617277097806251,,0.0009831048564041408
TCN1_ebffa5b7,TCN1,loso_subject_S006,9,0.004818569787377593,,0.05132263174439688,,0.0009779754323328187
TCN1_ebffa5b7,TCN1,loso_subject_S006,10,0.004084329903420738,,0.04714352731552701,,0.0009721861011651174
TCN1_ebffa5b7,TCN1,loso_subject_S006,11,0.0032194176503969954,,0.042455457589711657,,0.0009657457896300785
TCN1_ebffa5b7,TCN1,loso_subject_S006,12,0.0031035646078146377,,0.0404297098129034,,0.000958664428221286
TCN1_ebffa5b7,TCN1,loso_subject_S006,13,0.002633628066406711,,0.03804385182129712,,0.000950952935884765
TCN1_ebffa5b7,TCN1,loso_subject_S006,14,0.0024613996087203215,,0.03653255391451774,,0.0009426232031827582
TCN1_ebffa5b7,TCN1,loso_subject_S006,15,0.002301480524157119,,0.03488219873958179,,0.0009336880739593409
TCN1_ebffa5b7,TCN1,loso_subject_S006,16,0.0021140390105778427,,0.03353571385410665,,0.0009241613255361449
TCN1_ebffa5b7,TCN1,loso_subject_S006,17,0.001958116590183969,,0.032531204805790845,,0.0009140576474687258
TCN1_ebffa5b7,TCN1,loso_subject_S006,18,0.0017989571815426055,,0.03140056923189127,,0.0009033926188963346
TCN1_ebffa5b7,TCN1,loso_subject_S006,19,0.001694903134445791,,0.02945561505822174,,0.0008921826845200134
TCN1_ebffa5b7,TCN1,loso_subject_S006,20,0.001586164516209081,,0.02917818988620232,,0.000880445129246058
TCN1_ebffa5b7,TCN1,loso_subject_S006,21,0.001372850141928942,,0.026916974671221887,,0.0008681980515339459
TCN1_ebffa5b7,TCN1,loso_subject_S006,22,0.001402129556457363,,0.026838337731554106,,0.0008554603354898234
TCN1_ebffa5b7,TCN1,loso_subject_S006,23,0.0012808289851187365,,0.02579597017845475,,0.0008422516217485822
TCN1_ebffa5b7,TCN1,loso_subject_S006,24,0.001173503201145154,,0.02499896774319818,,0.0008285922771894248
TCN1_ebffa5b7,TCN1,loso_subject_S006,25,0.0011707193657312007,,0.024337418971958725,,0.0008145033635316124
TCN1_ebffa5b7,TCN1,loso_subject_S006,26,0.0010735279508595668,,0.023077149314087476,,0.0008000066048588205
TCN1_ebffa5b7,TCN1,loso_subject_S006,27,0.0010845200972717916,,0.022838285836261792,,0.0007851243541221765
TCN1_ebffa5b7,TCN1,loso_subject_S006,28,0.0010587522652951483,,0.022701771444994717,,0.0007698795586736293
TCN1_ebffa5b7,TCN1,loso_subject_S006,29,0.0011357441682418295,,0.02363970338024939,,0.0007542957248827956
TCN1_ebffa5b7,TCN1,loso_subject_S006,30,0.0009694391711304995,,0.021837173805319212,,0.0007383968818918422
TCN1_ebffa5b7,TCN1,loso_subject_S006,31,0.0009922835918196242,,0.021951015767033285,,0.00072220754456429
TCN1_ebffa5b7,TCN1,loso_subject_S006,32,0.0008413127882427471,,0.0201095221579537,,0.0007057526756848715
TCN1_ebffa5b7,TCN1,loso_subject_S006,33,0.0008022806358435943,,0.019696676484805373,,0.000689057647468726
TCN1_ebffa5b7,TCN1,loso_subject_S006,34,0.0008793445427422554,,0.020039494315924933,,0.000672148202439283
TCN1_ebffa5b7,TCN1,loso_subject_S006,35,0.0008120302233663094,,0.01986698140686729,,0.0006550504137351571
TCN1_ebffa5b7,TCN1,loso_subject_S006,36,0.0008338581756178593,,0.02015631494190051,,0.0006377906449072574
TCN1_ebffa5b7,TCN1,loso_subject_S006,37,0.0007221406479983728,,0.018622457628983038,,0.0006203955092681036
TCN1_ebffa5b7,TCN1,loso_subject_S006,38,0.0008034027045101347,,0.018968603502761135,,0.0006028918288560267
TCN1_ebffa5b7,TCN1,loso_subject_S006,39,0.0007437730090279674,,0.0189934668639083,,0.00058530659307753
TCN1_ebffa5b7,TCN1,loso_subject_S006,40,0.0007101868711121126,,0.018533683204375078,,0.0005676669170915806
TCN1_ebffa5b7,TCN1,loso_subject_S006,41,0.0006563656986587356,,0.016998147779995167,,0.0005499999999999997
TCN1_ebffa5b7,TCN1,loso_subject_S006,42,0.0006587999274540006,,0.01712486538108093,,0.000532333082908419
TCN1_ebffa5b7,TCN1,loso_subject_S006,43,0.000696180740554016,,0.018286391909881634,,0.0005146934069224697
TCN1_ebffa5b7,TCN1,loso_subject_S006,44,0.0006516127861365313,,0.017524977668158706,,0.000497108171143973
TCN1_ebffa5b7,TCN1,loso_subject_S006,45,0.0005829767491106167,,0.01646839837500342,,0.00047960449073189616
TCN1_ebffa5b7,TCN1,loso_subject_S006,46,0.0005899089233447324,,0.01613122388365313,,0.00046220935509274226
TCN1_ebffa5b7,TCN1,loso_subject_S006,47,0.0005578832777741841,,0.015685714023259658,,0.00044494958626484254
TCN1_ebffa5b7,TCN1,loso_subject_S006,48,0.0005504867043229406,,0.015931223687220823,,0.00042785179756071645
TCN1_ebffa5b7,TCN1,loso_subject_S006,49,0.0006192509774300333,,0.016478318500746422,,0.0004109423525312737
TCN1_ebffa5b7,TCN1,loso_subject_S006,50,0.000514193851688489,,0.015452955978827601,,0.0003942473243151282
TCN1_ebffa5b7,TCN1,loso_subject_S006,51,0.0005056953707475465,,0.01522992737929259,,0.0003777924554357096
TCN1_ebffa5b7,TCN1,loso_subject_S006,52,0.0005768558681796264,,0.01543080799787971,,0.0003616031181081575
TCN1_ebffa5b7,TCN1,loso_subject_S006,53,0.000497771898553873,,0.01519792370101193,,0.000345704275117204
TCN1_ebffa5b7,TCN1,loso_subject_S006,54,0.0004959208368251843,,0.014794844783736865,,0.00033012044132637024
TCN1_ebffa5b7,TCN1,loso_subject_S006,55,0.0005324100490092723,,0.015464373389507865,,0.00031487564587782306
TCN1_ebffa5b7,TCN1,loso_subject_S006,56,0.0004775656754834192,,0.01456688354894917,,0.00029999339514117897
TCN1_ebffa5b7,TCN1,loso_subject_S006,57,0.0005284767961908465,,0.015204891058545977,,0.0002854966364683872
TCN1_ebffa5b7,TCN1,loso_subject_S006,58,0.00048777738541745067,,0.014692671659686156,,0.0002714077228105749
TCN1_ebffa5b7,TCN1,loso_subject_S006,59,0.0004963479125018055,,0.014671066440998309,,0.00025774837825141746
TCN1_ebffa5b7,TCN1,loso_subject_S006,60,0.0004928086760395653,,0.014978706283007506,,0.0002445396645101764
TCN1_ebffa5b7,TCN1,loso_subject_S006,61,0.0004783419762122442,,0.01477381456194735,,0.0002318019484660537
TCN1_ebffa5b7,TCN1,loso_subject_S006,62,0.00043606104930163446,,0.014033315635674348,,0.00021955487075394156
TCN1_ebffa5b7,TCN1,loso_subject_S006,63,0.0004313651202262678,,0.013445513852368345,,0.0002078173154799862
TCN1_ebffa5b7,TCN1,loso_subject_S006,64,0.0004449205592361315,,0.013851485412699364,,0.00019660738110366478
TCN1_ebffa5b7,TCN1,loso_subject_S006,65,0.00044715527633815903,,0.013918077247171208,,0.00018594235253127373
TCN1_ebffa5b7,TCN1,loso_subject_S006,66,0.0004091593207647724,,0.01337976184778385,,0.00017583867446385477
TCN1_ebffa5b7,TCN1,loso_subject_S006,67,0.0004095215095858191,,0.01315200157587686,,0.00016631192604065853
TCN1_ebffa5b7,TCN1,loso_subject_S006,68,0.0004090280937537055,,0.0132402558787964,,0.00015737679681724137
TCN1_ebffa5b7,TCN1,loso_subject_S006,69,0.00039598891800466133,,0.012975319843593012,,0.0001490470641152345
TCN1_ebffa5b7,TCN1,loso_subject_S006,70,0.00043318833767414016,,0.0131602588551213,,0.00014133557177871338
TCN1_ebffa5b7,TCN1,loso_subject_S006,71,0.0004290296673254365,,0.013301378977584863,,0.00013425421036992097
TCN1_ebffa5b7,TCN1,loso_subject_S006,72,0.0003775710478271854,,0.012707098386874493,,0.00012781389883488212
TCN1_ebffa5b7,TCN1,loso_subject_S006,73,0.00037540893393662566,,0.012794164765573343,,0.0001220245676671809
TCN1_ebffa5b7,TCN1,loso_subject_S006,74,0.00041701036631917816,,0.013051172177310688,,0.00011689514359585877
TCN1_ebffa5b7,TCN1,loso_subject_S006,75,0.0003895099957597097,,0.01261427486607272,,0.00011243353582104555
TCN1_ebffa5b7,TCN1,loso_subject_S006,76,0.0004129130713783293,,0.012845282842006003,,0.0001086466238185463
TCN1_ebffa5b7,TCN1,loso_subject_S006,77,0.0003777007953439268,,0.012676665132926148,,0.00010554024673218805
TCN1_ebffa5b7,TCN1,loso_subject_S006,78,0.0004212105795100432,,0.013043669516700638,,0.00010311919437028317
TCN1_ebffa5b7,TCN1,loso_subject_S006,79,0.0004103851997410984,,0.01307830882834222,,0.00010138719982009242
TCN1_ebffa5b7,TCN1,loso_subject_S006,80,0.0003578185406308028,,0.012353850122699739,,0.0001003469336916747
TCN1_ebffa5b7,TCN1,loso_subject_S008,1,0.18782524954377225,,0.3144555419466497,,0.001
TCN1_ebffa5b7,TCN1,loso_subject_S008,2,0.038046973245249215,,0.14388567013487288,,0.0009996530663083252
TCN1_ebffa5b7,TCN1,loso_subject_S008,3,0.018825973699043163,,0.10255382832295054,,0.0009986128001799074
TCN1_ebffa5b7,TCN1,loso_subject_S008,4,0.01274126889350535,,0.08411817380839196,,0.0009968808056297167
TCN1_ebffa5b7,TCN1,loso_subject_S008,5,0.009862103301620026,,0.07462057650266776,,0.0009944597532678117
TCN1_ebffa5b7,TCN1,loso_subject_S008,6,0.0077508908783071465,,0.06603015265486084,,0.0009913533761814533
TCN1_ebffa5b7,TCN1,loso_subject_S008,7,0.006235536472646311,,0.05912733260446002,,0.000987566464178954
TCN1_ebffa5b7,TCN1,loso_subject_S008,8,0.005527718430434303,,0.054465205865356796,,0.0009831048564041408
TCN1_ebffa5b7,TCN1,loso_subject_S008,9,0.004582594643753148,,0.04994814004933968,,0.0009779754323328187
TCN1_ebffa5b7,TCN1,loso_subject_S008,10,0.004002421499247842,,0.046691642853497355,,0.0009721861011651174
TCN1_ebffa5b7,TCN1,loso_subject_S008,11,0.0037553867947403897,,0.04498095966476151,,0.0009657457896300785
TCN1_ebffa5b7,TCN1,loso_subject_S008,12,0.004055044134557346,,0.04698087627340594,,0.000958664428221286
TCN1_ebffa5b7,TCN1,loso_subject_S008,13,0.0031500821834532415,,0.04113462778864753,,0.000950952935884765
TCN1_ebffa5b7,TCN1,loso_subject_S008,14,0.0027732910285750063,,0.038181756951610114,,0.0009426232031827582
TCN1_ebffa5b7,TCN1,loso_subject_S008,15,0.0024345101584316107,,0.03592895636794821,,0.0009336880739593409
TCN1_ebffa5b7,TCN1,loso_subject_S008,16,0.002343387018474994,,0.03517665385874512,,0.0009241613255361449
TCN1_ebffa5b7,TCN1,loso_subject_S008,17,0.002203618475525072,,0.03379658990786771,,0.0009140576474687258
TCN1_ebffa5b7,TCN1,loso_subject_S008,18,0.0021272489658438537,,0.03334277548995498,,0.0009033926188963346
TCN1_ebffa5b7,TCN1,loso_subject_S008,19,0.0018579836329691787,,0.03069744700187488,,0.0008921826845200134
TCN1_ebffa5b7,TCN1,loso_subject_S008,20,0.0018277722025631597,,0.030356204838625726,,0.000880445129246058
TCN1_ebffa5b7,TCN1,loso_subject_S008,21,0.0015159817017253653,,0.02790400125258889,,0.0008681980515339459
TCN1_ebffa5b7,TCN1,loso_subject_S008,22,0.0016005592487379847,,0.02809689435207986,,0.0008554603354898234
TCN1_ebffa5b7,TCN1,loso_subject_S008,23,0.0014412549731440591,,0.026667620393760073,,0.0008422516217485822
TCN1_ebffa5b7,TCN1,loso_subject_S008,24,0.0013864709939289909,,0.026573517937324126,,0.0008285922771894248
TCN1_ebffa5b7,TCN1,loso_subject_S008,25,0.0012663813563440337,,0.02526569398875705,,0.0008145033635316124
TCN1_ebffa5b7,TCN1,loso_subject_S008,26,0.0012871038671311739,,0.02513045409828681,,0.0008000066048588205
TCN1_ebffa5b7,TCN1,loso_subject_S008,27,0.0011938218646450121,,0.024671159671714453,,0.0007851243541221765
TCN1_ebffa5b7,TCN1,loso_subject_S008,28,0.001130010013457469,,0.024144729127223565,,0.0007698795586736293
TCN1_ebffa5b7,TCN1,loso_subject_S008,29,0.001122081227456346,,0.023639942879938352,,0.0007542957248827956
TCN1_ebffa5b7,TCN1,loso_subject_S008,30,0.001001507492126092,,0.022732849826408805,,0.0007383968818918422
TCN1_ebffa5b7,TCN1,loso_subject_S008,31,0.000926325790104712,,0.021907376204349203,,0.00072220754456429
TCN1_ebffa5b7,TCN1,loso_subject_S008,32,0.0009374627539748419,,0.021947276613950573,,0.0007057526756848715
TCN1_ebffa5b7,TCN1,loso_subject_S008,33,0.0009284315595237204,,0.021572584213601448,,0.000689057647468726
TCN1_ebffa5b7,TCN1,loso_subject_S008,34,0.0009507019872346327,,0.0212981317705129,,0.000672148202439283
TCN1_ebffa5b7,TCN1,loso_subject_S008,35,0.0009319704591264562,,0.02149046807716928,,0.0006550504137351571
TCN1_ebffa5b7,TCN1,loso_subject_S008,36,0.0008761950917497294,,0.020834026640018512,,0.0006377906449072574
TCN1_ebffa5b7,TCN1,loso_subject_S008,37,0.0008058983452456635,,0.01972670958905643,,0.0006203955092681036
TCN1_ebffa5b7,TCN1,loso_subject_S008,38,0.0007779142069656521,,0.02002074682751016,,0.0006028918288560267
TCN1_ebffa5b7,TCN1,loso_subject_S008,39,0.0007674789835995065,,0.0191173950181861,,0.00058530659307753
TCN1_ebffa5b7,TCN1,loso_subject_S008,40,0.0007033408959232848,,0.018616977749943416,,0.0005676669170915806
TCN1_ebffa5b7,TCN1,loso_subject_S008,41,0.0007657925960243249,,0.01883131573204762,,0.0005499999999999997
TCN1_ebffa5b7,TCN1,loso_subject_S008,42,0.0006654747016527606,,0.01771033488948719,,0.000532333082908419
TCN1_ebffa5b7,TCN1,loso_subject_S008,43,0.000668910327748088,,0.01773263986544803,,0.0005146934069224697
TCN1_ebffa5b7,TCN1,loso_subject_S008,44,0.0006879950311277764,,0.018258861977974362,,0.000497108171143973
TCN1_ebffa5b7,TCN1,loso_subject_S008,45,0.0005995592418178228,,0.017101367716113515,,0.00047960449073189616
TCN1_ebffa5b7,TCN1,loso_subject_S008,46,0.0006434817518453372,,0.017575127155841145,,0.00046220935509274226
TCN1_ebffa5b7,TCN1,loso_subject_S008,47,0.0006566871567271787,,0.017614431801904796,,0.00044494958626484254
TCN1_ebffa5b7,TCN1,loso_subject_S008,48,0.0006276694000881994,,0.017123362486460878,,0.00042785179756071645
TCN1_ebffa5b7,TCN1,loso_subject_S008,49,0.0006155423882772097,,0.016931218147514516,,0.0004109423525312737
TCN1_ebffa5b7,TCN1,loso_subject_S008,50,0.0006174886221122206,,0.016678583684354566,,0.0003942473243151282
TCN1_ebffa5b7,TCN1,loso_subject_S008,51,0.0006592281292637035,,0.017819612299928518,,0.0003777924554357096
TCN1_ebffa5b7,TCN1,loso_subject_S008,52,0.0005295135161981497,,0.01602248164432519,,0.0003616031181081575
TCN1_ebffa5b7,TCN1,loso_subject_S008,53,0.0005437471208681583,,0.015703785830454113,,0.000345704275117204
TCN1_ebffa5b7,TCN1,loso_subject_S008,54,0.0005767802846108574,,0.016184036449229063,,0.00033012044132637024
TCN1_ebffa5b7,TCN1,loso_subject_S008,55,0.0005569801149485494,,0.01585276987006694,,0.00031487564587782306
TCN1_ebffa5b7,TCN1,loso_subject_S008,56,0.0005388572342547574,,0.015037940077306142,,0.00029999339514117897
TCN1_ebffa5b7,TCN1,loso_subject_S008,57,0.0005221810618565405,,0.015466385048861577,,0.0002854966364683872
TCN1_ebffa5b7,TCN1,loso_subject_S008,58,0.0004535602384826574,,0.014829064959760023,,0.0002714077228105749
TCN1_ebffa5b7,TCN1,loso_subject_S008,59,0.0004855244095376517,,0.014929979110123068,,0.00025774837825141746
TCN1_ebffa5b7,TCN1,loso_subject_S008,60,0.0005033801074083069,,0.015427221128042765,,0.0002445396645101764
TCN1_ebffa5b7,TCN1,loso_subject_S008,61,0.00048676358127854345,,0.014912135401046647,,0.0002318019484660537
TCN1_ebffa5b7,TCN1,loso_subject_S008,62,0.0004641942041254252,,0.014689479519389348,,0.00021955487075394156
TCN1_ebffa5b7,TCN1,loso_subject_S008,63,0.0005146955252575123,,0.015167116615884277,,0.0002078173154799862
TCN1_ebffa5b7,TCN1,loso_subject_S008,64,0.0004685092866587934,,0.015060357263152722,,0.00019660738110366478
TCN1_ebffa5b7,TCN1,loso_subject_S008,65,0.0004293167094977709,,0.014273888867873574,,0.00018594235253127373
TCN1_ebffa5b7,TCN1,loso_subject_S008,66,0.000412018383283157,,0.01414728269947435,,0.00017583867446385477
TCN1_ebffa5b7,TCN1,loso_subject_S008,67,0.0004340028395103679,,0.014488260539077237,,0.00016631192604065853
TCN1_ebffa5b7,TCN1,loso_subject_S008,68,0.0004250967066360127,,0.01385303912160414,,0.00015737679681724137
TCN1_ebffa5b7,TCN1,loso_subject_S008,69,0.00046081510028838225,,0.01423987641333942,,0.0001490470641152345
TCN1_ebffa5b7,TCN1,loso_subject_S008,70,0.00042580586051738507,,0.013946755789836694,,0.00014133557177871338
TCN1_ebffa5b7,TCN1,loso_subject_S008,71,0.00044568384082095414,,0.014159009359841076,,0.00013425421036992097
TCN1_ebffa5b7,TCN1,loso_subject_S008,72,0.0004253994066200868,,0.01395252391986899,,0.00012781389883488212
TCN1_ebffa5b7,TCN1,loso_subject_S008,73,0.0004193188465729819,,0.013876724645525,,0.0001220245676671809
TCN1_ebffa5b7,TCN1,loso_subject_S008,74,0.0004609687098625229,,0.014501070326365516,,0.00011689514359585877
TCN1_ebffa5b7,TCN1,loso_subject_S008,75,0.0003976380702486899,,0.013734813512091522,,0.00011243353582104555
TCN1_ebffa5b7,TCN1,loso_subject_S008,76,0.00042038764736031427,,0.013542595687417855,,0.0001086466238185463
TCN1_ebffa5b7,TCN1,loso_subject_S008,77,0.0004279339248958598,,0.013896851716556942,,0.00010554024673218805
TCN1_ebffa5b7,TCN1,loso_subject_S008,78,0.00040370860730062414,,0.01358657561780048,,0.00010311919437028317
TCN1_ebffa5b7,TCN1,loso_subject_S008,79,0.000438330396656212,,0.013720060711015265,,0.00010138719982009242
TCN1_ebffa5b7,TCN1,loso_subject_S008,80,0.0003986928438179782,,0.01346786326188212,,0.0001003469336916747
TCN1_ebffa5b7,TCN1,loso_subject_S009,1,0.24517476855015213,,0.3504868400367824,,0.001
TCN1_ebffa5b7,TCN1,loso_subject_S009,2,0.042947036044841465,,0.1504127484830943,,0.0009996530663083252
TCN1_ebffa5b7,TCN1,loso_subject_S009,3,0.023878466126255014,,0.1128562389110977,,0.0009986128001799074
TCN1_ebffa5b7,TCN1,loso_subject_S009,4,0.015567405868998983,,0.09219906936314973,,0.0009968808056297167
TCN1_ebffa5b7,TCN1,loso_subject_S009,5,0.011410102481022477,,0.07850044034421444,,0.0009944597532678117
TCN1_ebffa5b7,TCN1,loso_subject_S009,6,0.008980540738610382,,0.0697500379756093,,0.0009913533761814533
TCN1_ebffa5b7,TCN1,loso_subject_S009,7,0.008428575259379366,,0.06691423287107186,,0.000987566464178954
TCN1_ebffa5b7,TCN1,loso_subject_S009,8,0.006440434970003976,,0.05804100361737338,,0.0009831048564041408
TCN1_ebffa5b7,TCN1,loso_subject_S009,9,0.00576026851459491,,0.054824039340019226,,0.0009779754323328187
TCN1_ebffa5b7,TCN1,loso_subject_S009,10,0.00454378213246607,,0.04975928349251097,,0.0009721861011651174
TCN1_ebffa5b7,TCN1,loso_subject_S009,11,0.004101705287625505,,0.046088245273991066,,0.0009657457896300785
TCN1_ebffa5b7,TCN1,loso_subject_S009,12,0.004239137467018075,,0.04595918563956564,,0.000958664428221286
TCN1_ebffa5b7,TCN1,loso_subject_S009,13,0.0034133368780286137,,0.04228362855924801,,0.000950952935884765
TCN1_ebffa5b7,TCN1,loso_subject_S009,14,0.0030190248428632253,,0.040077597072178665,,0.0009426232031827582
TCN1_ebffa5b7,TCN1,loso_subject_S009,15,0.0028201233786107464,,0.03894646668976003,,0.0009336880739593409
TCN1_ebffa5b7,TCN1,loso_subject_S009,16,0.002694353585618294,,0.03700352887707678,,0.0009241613255361449
TCN1_ebffa5b7,TCN1,loso_subject_S009,17,0.00240442161554132,,0.034975791053677145,,0.0009140576474687258
TCN1_ebffa5b7,TCN1,loso_subject_S009,18,0.0024167666243473914,,0.03514403058215976,,0.0009033926188963346
TCN1_ebffa5b7,TCN1,loso_subject_S009,19,0.0021096666936169972,,0.032745817210525274,,0.0008921826845200134
TCN1_ebffa5b7,TCN1,loso_subject_S009,20,0.0020770316213284705,,0.03294832962141796,,0.000880445129246058
TCN1_ebffa5b7,TCN1,loso_subject_S009,21,0.0019434428183806383,,0.03153131868351589,,0.0008681980515339459
TCN1_ebffa5b7,TCN1,loso_subject_S009,22,0.001746833967362446,,0.030127968766133894,,0.0008554603354898234
TCN1_ebffa5b7,TCN1,loso_subject_S009,23,0.0017126196431821552,,0.02940634782002731,,0.0008422516217485822
TCN1_ebffa5b7,TCN1,loso_subject_S009,24,0.0017007530510785398,,0.028679742647165603,,0.0008285922771894248
TCN1_ebffa5b7,TCN1,loso_subject_S009,25,0.00145416410735131,,0.026595003056255253,,0.0008145033635316124
TCN1_ebffa5b7,TCN1,loso_subject_S009,26,0.0014088559070263398,,0.026156159414147787,,0.0008000066048588205
TCN1_ebffa5b7,TCN1,loso_subject_S009,27,0.0013457844959868287,,0.025938751429996708,,0.0007851243541221765
TCN1_ebffa5b7,TCN1,loso_subject_S009,28,0.0013800147862639278,,0.02598062390461564,,0.0007698795586736293
TCN1_ebffa5b7,TCN1,loso_subject_S009,29,0.0011991970042634587,,0.024627606977115978,,0.0007542957248827956
TCN1_ebffa5b7,TCN1,loso_subject_S009,30,0.0012616718119137329,,0.024816663427786392,,0.0007383968818918422
TCN1_ebffa5b7,TCN1,loso_subject_S009,31,0.0013592496953523632,,0.025544480081986298,,0.00072220754456429
TCN1_ebffa5b7,TCN1,loso_subject_S009,32,0.001308717487104745,,0.02523672157390551,,0.0007057526756848715
TCN1_ebffa5b7,TCN1,loso_subject_S009,33,0.0011266811217699962,,0.023364634549414568,,0.000689057647468726
TCN1_ebffa5b7,TCN1,loso_subject_S009,34,0.001025191820438274,,0.021713968027721752,,0.000672148202439283
TCN1_ebffa5b7,TCN1,loso_subject_S009,35,0.0010532427589747715,,0.022450259463353592,,0.0006550504137351571
TCN1_ebffa5b7,TCN1,loso_subject_S009,36,0.0010189849774840034,,0.02223523149520836,,0.0006377906449072574
TCN1_ebffa5b7,TCN1,loso_subject_S009,37,0.0008986157898272558,,0.02068408235738223,,0.0006203955092681036
TCN1_ebffa5b7,TCN1,loso_subject_S009,38,0.0009369031454711644,,0.020716702734882183,,0.0006028918288560267
TCN1_ebffa5b7,TCN1,loso_subject_S009,39,0.0009539068804852749,,0.021074864674698223,,0.00058530659307753
TCN1_ebffa5b7,TCN1,loso_subject_S009,40,0.0008094401769498786,,0.01990115786479278,,0.0005676669170915806
TCN1_ebffa5b7,TCN1,loso_subject_S009,41,0.0008329323364622807,,0.01967472523789514,,0.0005499999999999997
TCN1_ebffa5b7,TCN1,loso_subject_S009,42,0.001002477927779017,,0.021022945727137,,0.000532333082908419
TCN1_ebffa5b7,TCN1,loso_subject_S009,43,0.0008065111396717839,,0.019320877417075364,,0.0005146934069224697
TCN1_ebffa5b7,TCN1,loso_subject_S009,44,0.0008893953841338357,,0.020002067237245767,,0.000497108171143973
TCN1_ebffa5b7,TCN1,loso_subject_S009,45,0.0008049928371540525,,0.0199972264976664,,0.00047960449073189616
TCN1_ebffa5b7,TCN1,loso_subject_S009,46,0.0007854836545778777,,0.01890082435089756,,0.00046220935509274226
TCN1_ebffa5b7,TCN1,loso_subject_S009,47,0.0007286120327824557,,0.01903135155920278,,0.00044494958626484254
TCN1_ebffa5b7,TCN1,loso_subject_S009,48,0.0007001627745921724,,0.01814680677753958,,0.00042785179756071645
TCN1_ebffa5b7,TCN1,loso_subject_S009,49,0.0007064941773106428,,0.018576335754584183,,0.0004109423525312737
TCN1_ebffa5b7,TCN1,loso_subject_S009,50,0.0007251187231635082,,0.018039837013930082,,0.0003942473243151282
TCN1_ebffa5b7,TCN1,loso_subject_S009,51,0.0007105705061059615,,0.017669758463109083,,0.0003777924554357096
TCN1_ebffa5b7,TCN1,loso_subject_S009,52,0.0007757470904669555,,0.018125837774608623,,0.0003616031181081575
TCN1_ebffa5b7,TCN1,loso_subject_S009,53,0.0006619380427847235,,0.017517812465402214,,0.000345704275117204
TCN1_ebffa5b7,TCN1,loso_subject_S009,54,0.0006438214781651782,,0.01721537900580601,,0.00033012044132637024
TCN1_ebffa5b7,TCN1,loso_subject_S009,55,0.0006433270179761828,,0.016733788229017096,,0.00031487564587782306
TCN1_ebffa5b7,TCN1,loso_subject_S009,56,0.0006659022573413412,,0.0168085821099918,,0.00029999339514117897
TCN1_ebffa5b7,TCN1,loso_subject_S009,57,0.000614976240533658,,0.016796307003294878,,0.0002854966364683872
TCN1_ebffa5b7,TCN1,loso_subject_S009,58,0.0006450514450658706,,0.016934096495705573,,0.0002714077228105749
TCN1_ebffa5b7,TCN1,loso_subject_S009,59,0.000651538651171987,,0.016780162674628875,,0.00025774837825141746
TCN1_ebffa5b7,TCN1,loso_subject_S009,60,0.0005773184397681193,,0.015893974277952857,,0.0002445396645101764
TCN1_ebffa5b7,TCN1,loso_subject_S009,61,0.0006629827211409892,,0.01663080348887227,,0.0002318019484660537
TCN1_ebffa5b7,TCN1,loso_subject_S009,62,0.0006052372072273018,,0.01613063350404528,,0.00021955487075394156
TCN1_ebffa5b7,TCN1,loso_subject_S009,63,0.0005643317305260676,,0.015701271572404286,,0.0002078173154799862
TCN1_ebffa5b7,TCN1,loso_subject_S009,64,0.0005589432767010294,,0.0158281059385362,,0.00019660738110366478
TCN1_ebffa5b7,TCN1,loso_subject_S009,65,0.0005713792230711657,,0.015590733404017308,,0.00018594235253127373
TCN1_ebffa5b7,TCN1,loso_subject_S009,66,0.0005732264795700427,,0.015531613046980718,,0.00017583867446385477
TCN1_ebffa5b7,TCN1,loso_subject_S009,67,0.0005422224904495207,,0.015259644101289186,,0.00016631192604065853
TCN1_ebffa5b7,TCN1,loso_subject_S009,68,0.0005214786473185417,,0.015068435956808653,,0.00015737679681724137
TCN1_ebffa5b7,TCN1,loso_subject_S009,69,0.0005084592485218309,,0.015019440832971171,,0.0001490470641152345
TCN1_ebffa5b7,TCN1,loso_subject_S009,70,0.0005457238975478421,,0.01511330760761418,,0.00014133557177871338
TCN1_ebffa5b7,TCN1,loso_subject_S009,71,0.0005065666704137005,,0.014903028072281317,,0.00013425421036992097
TCN1_ebffa5b7,TCN1,loso_subject_S009,72,0.0005333655591874214,,0.015301348429850557,,0.00012781389883488212
TCN1_ebffa5b7,TCN1,loso_subject_S009,73,0.000515211681142153,,0.01490517077036202,,0.0001220245676671809
TCN1_ebffa5b7,TCN1,loso_subject_S009,74,0.0005225888479882004,,0.014809916621412744,,0.00011689514359585877
TCN1_ebffa5b7,TCN1,loso_subject_S009,75,0.0005546534689942332,,0.01496935144744136,,0.00011243353582104555
TCN1_ebffa5b7,TCN1,loso_subject_S009,76,0.0005533403388901868,,0.01503442045809193,,0.0001086466238185463
TCN1_ebffa5b7,TCN1,loso_subject_S009,77,0.0005106467178848106,,0.014714516445317051,,0.00010554024673218805
TCN1_ebffa5b7,TCN1,loso_subject_S009,78,0.0005187009135790339,,0.014758857940746979,,0.00010311919437028317
TCN1_ebffa5b7,TCN1,loso_subject_S009,79,0.0005283292643567124,,0.014912174951115792,,0.00010138719982009242
TCN1_ebffa5b7,TCN1,loso_subject_S009,80,0.00046656029801604086,,0.014442479364912619,,0.0001003469336916747
TCN1_ebffa5b7,TCN1,loso_subject_S010,1,0.23167869354615206,,0.33145330672845935,,0.001
TCN1_ebffa5b7,TCN1,loso_subject_S010,2,0.0353021217708647,,0.1374716753921201,,0.0009996530663083252
TCN1_ebffa5b7,TCN1,loso_subject_S010,3,0.020752040891376486,,0.1060200178000402,,0.0009986128001799074
TCN1_ebffa5b7,TCN1,loso_subject_S010,4,0.014778200910540317,,0.08847687927402588,,0.0009968808056297167
TCN1_ebffa5b7,TCN1,loso_subject_S010,5,0.01065133021475661,,0.07592323854523822,,0.0009944597532678117
TCN1_ebffa5b7,TCN1,loso_subject_S010,6,0.008312193164797853,,0.06688345732561836,,0.0009913533761814533
TCN1_ebffa5b7,TCN1,loso_subject_S010,7,0.006406279494999,,0.05918385404022345,,0.000987566464178954
TCN1_ebffa5b7,TCN1,loso_subject_S010,8,0.005933024503844483,,0.056045552718271545,,0.0009831048564041408
TCN1_ebffa5b7,TCN1,loso_subject_S010,9,0.004985159507927813,,0.05116773313655927,,0.0009779754323328187
TCN1_ebffa5b7,TCN1,loso_subject_S010,10,0.003996857782880688,,0.045887013205012296,,0.0009721861011651174
TCN1_ebffa5b7,TCN1,loso_subject_S010,11,0.003492721829623465,,0.04278179688632572,,0.0009657457896300785
TCN1_ebffa5b7,TCN1,loso_subject_S010,12,0.0031198053000309357,,0.04073939962524184,,0.000958664428221286
TCN1_ebffa5b7,TCN1,loso_subject_S010,13,0.00302498833260657,,0.03959577710355983,,0.000950952935884765
TCN1_ebffa5b7,TCN1,loso_subject_S010,14,0.002580252813281776,,0.037241179545685586,,0.0009426232031827582
TCN1_ebffa5b7,TCN1,loso_subject_S010,15,0.0021817527011266766,,0.03414404656095391,,0.0009336880739593409
TCN1_ebffa5b7,TCN1,loso_subject_S010,16,0.002243389324729199,,0.03416312818231288,,0.0009241613255361449
TCN1_ebffa5b7,TCN1,loso_subject_S010,17,0.0018996324724560867,,0.03108719179895282,,0.0009140576474687258
TCN1_ebffa5b7,TCN1,loso_subject_S010,18,0.0017659787724100232,,0.030665634777318544,,0.0009033926188963346
TCN1_ebffa5b7,TCN1,loso_subject_S010,19,0.0017651170328896895,,0.029889444053841842,,0.0008921826845200134
TCN1_ebffa5b7,TCN1,loso_subject_S010,20,0.0017893587139162115,,0.030098679482017294,,0.000880445129246058
TCN1_ebffa5b7,TCN1,loso_subject_S010,21,0.0015753027604211013,,0.028221839743693782,,0.0008681980515339459
TCN1_ebffa5b7,TCN1,loso_subject_S010,22,0.0014441653447379822,,0.0272133554375063,,0.0008554603354898234
TCN1_ebffa5b7,TCN1,loso_subject_S010,23,0.0015355528645455147,,0.027882519346592638,,0.0008422516217485822
TCN1_ebffa5b7,TCN1,loso_subject_S010,24,0.0013586436328935328,,0.025768729467545787,,0.0008285922771894248
TCN1_ebffa5b7,TCN1,loso_subject_S010,25,0.0012933016515651726,,0.025204225687563503,,0.0008145033635316124
TCN1_ebffa5b7,TCN1,loso_subject_S010,26,0.0012088412325731302,,0.024504530947618865,,0.0008000066048588205
TCN1_ebffa5b7,TCN1,loso_subject_S010,27,0.0010798031258165606,,0.022990360678412636,,0.0007851243541221765
TCN1_ebffa5b7,TCN1,loso_subject_S010,28,0.0010187380527881553,,0.02234258056784161,,0.0007698795586736293
TCN1_ebffa5b7,TCN1,loso_subject_S010,29,0.001038713546092315,,0.02278580421223965,,0.0007542957248827956
TCN1_ebffa5b7,TCN1,loso_subject_S010,30,0.0009215752554007219,,0.021929068062428336,,0.0007383968818918422
TCN1_ebffa5b7,TCN1,loso_subject_S010,31,0.0010715558231667176,,0.02352623198426957,,0.00072220754456429
TCN1_ebffa5b7,TCN1,loso_subject_S010,32,0.0009514357315684664,,0.021181487769599047,,0.0007057526756848715
TCN1_ebffa5b7,TCN1,loso_subject_S010,33,0.0009955763193121674,,0.02225393657722781,,0.000689057647468726
TCN1_ebffa5b7,TCN1,loso_subject_S010,34,0.0009714582047410842,,0.0211523476162557,,0.000672148202439283
TCN1_ebffa5b7,TCN1,loso_subject_S010,35,0.0008788491408392881,,0.02069661506095073,,0.0006550504137351571
TCN1_ebffa5b7,TCN1,loso_subject_S010,36,0.0008493618697429606,,0.020498254157466943,,0.0006377906449072574
TCN1_ebffa5b7,TCN1,loso_subject_S010,37,0.0008165752224566684,,0.020022427793827333,,0.0006203955092681036
TCN1_ebffa5b7,TCN1,loso_subject_S010,38,0.0008110918847877966,,0.01961485338286297,,0.0006028918288560267
TCN1_ebffa5b7,TCN1,loso_subject_S010,39,0.0008063972802724307,,0.019185643718900552,,0.00058530659307753
TCN1_ebffa5b7,TCN1,loso_subject_S010,40,0.0007990022917470122,,0.018549661274847862,,0.0005676669170915806
TCN1_ebffa5b7,TCN1,loso_subject_S010,41,0.0006984725160942887,,0.01819809244587746,,0.0005499999999999997
TCN1_ebffa5b7,TCN1,loso_subject_S010,42,0.0006970435503065627,,0.018120247504946896,,0.000532333082908419
TCN1_ebffa5b7,TCN1,loso_subject_S010,43,0.0006342236785156728,,0.017078840015730384,,0.0005146934069224697
TCN1_ebffa5b7,TCN1,loso_subject_S010,44,0.0006836385252757513,,0.017827721443262376,,0.000497108171143973
TCN1_ebffa5b7,TCN1,loso_subject_S010,45,0.0005837339792122378,,0.016935872648115077,,0.00047960449073189616
TCN1_ebffa5b7,TCN1,loso_subject_S010,46,0.0006132057494370248,,0.016959777867309175,,0.00046220935509274226
TCN1_ebffa5b7,TCN1,loso_subject_S010,47,0.0006092493468250617,,0.016223472535223563,,0.00044494958626484254
TCN1_ebffa5b7,TCN1,loso_subject_S010,48,0.0006662797580210578,,0.016687017124862022,,0.00042785179756071645
TCN1_ebffa5b7,TCN1,loso_subject_S010,49,0.00056700795988662,,0.01619963809785134,,0.0004109423525312737
TCN1_ebffa5b7,TCN1,loso_subject_S010,50,0.0007054725221275295,,0.017814826599072776,,0.0003942473243151282
TCN1_ebffa5b7,TCN1,loso_subject_S010,51,0.0005858106661762985,,0.016324134232661835,,0.0003777924554357096
TCN1_ebffa5b7,TCN1,loso_subject_S010,52,0.0005797254590485454,,0.015941019115125733,,0.0003616031181081575
TCN1_ebffa5b7,TCN1,loso_subject_S010,53,0.0005014193450658469,,0.015351804652542586,,0.000345704275117204
TCN1_ebffa5b7,TCN1,loso_subject_S010,54,0.0005375225241276401,,0.015542844784554475,,0.00033012044132637024
TCN1_ebffa5b7,TCN1,loso_subject_S010,55,0.0005533304998176342,,0.015326442577070224,,0.00031487564587782306
TCN1_ebffa5b7,TCN1,loso_subject_S010,56,0.0005262901791473289,,0.015325526133451355,,0.00029999339514117897
TCN1_ebffa5b7,TCN1,loso_subject_S010,57,0.0005195369730657162,,0.01488940881860415,,0.0002854966364683872
TCN1_ebffa5b7,TCN1,loso_subject_S010,58,0.0004941560543326107,,0.014714293500609685,,0.0002714077228105749
TCN1_ebffa5b7,TCN1,loso_subject_S010,59,0.00045702122160831796,,0.014239185026012163,,0.00025774837825141746
TCN1_ebffa5b7,TCN1,loso_subject_S010,60,0.0005532294056420103,,0.015262942445081714,,0.0002445396645101764
TCN1_ebffa5b7,TCN1,loso_subject_S010,61,0.0005316817772158044,,0.015101173976214202,,0.0002318019484660537
TCN1_ebffa5b7,TCN1,loso_subject_S010,62,0.0004449349196678678,,0.014368923693153417,,0.00021955487075394156
TCN1_ebffa5b7,TCN1,loso_subject_S010,63,0.00043435999356225904,,0.013767822686096897,,0.0002078173154799862
TCN1_ebffa5b7,TCN1,loso_subject_S010,64,0.0005036147369210952,,0.014373595780610704,,0.00019660738110366478
TCN1_ebffa5b7,TCN1,loso_subject_S010,65,0.0004894297867477839,,0.014372080708181205,,0.00018594235253127373
TCN1_ebffa5b7,TCN1,loso_subject_S010,66,0.00046609421478627515,,0.014051901544921027,,0.00017583867446385477
TCN1_ebffa5b7,TCN1,loso_subject_S010,67,0.000463741639388012,,0.013685236145516264,,0.00016631192604065853
TCN1_ebffa5b7,TCN1,loso_subject_S010,68,0.00042899471058132754,,0.013676443910500529,,0.00015737679681724137
TCN1_ebffa5b7,TCN1,loso_subject_S010,69,0.0004690384677105791,,0.01375099019438739,,0.0001490470641152345
TCN1_ebffa5b7,TCN1,loso_subject_S010,70,0.00041198284849511437,,0.013405214654226874,,0.00014133557177871338
TCN1_ebffa5b7,TCN1,loso_subject_S010,71,0.00045375159622736925,,0.013761958125639096,,0.00013425421036992097
TCN1_ebffa5b7,TCN1,loso_subject_S010,72,0.0004181125182140851,,0.013000300568156205,,0.00012781389883488212
TCN1_ebffa5b7,TCN1,loso_subject_S010,73,0.00040320506808250037,,0.013098925434387333,,0.0001220245676671809
TCN1_ebffa5b7,TCN1,loso_subject_S010,74,0.00037582807687305825,,0.01308810253213532,,0.00011689514359585877
TCN1_ebffa5b7,TCN1,loso_subject_S010,75,0.0004127839711655733,,0.013139468292492804,,0.00011243353582104555
TCN1_ebffa5b7,TCN1,loso_subject_S010,76,0.0004126696757087941,,0.013332762888686268,,0.0001086466238185463
TCN1_ebffa5b7,TCN1,loso_subject_S010,77,0.00044915696108376745,,0.013405074792565336,,0.00010554024673218805
TCN1_ebffa5b7,TCN1,loso_subject_S010,78,0.00039370169954212463,,0.012970790444634239,,0.00010311919437028317
TCN1_ebffa5b7,TCN1,loso_subject_S010,79,0.00037729162809361935,,0.01278158324818959,,0.00010138719982009242
TCN1_ebffa5b7,TCN1,loso_subject_S010,80,0.0004023644611677664,,0.012926739826014718,,0.0001003469336916747
TCN1_ebffa5b7,TCN1,loso_subject_S011,1,0.16241795604306344,,0.2854401432438892,,0.001
TCN1_ebffa5b7,TCN1,loso_subject_S011,2,0.032455419967005225,,0.13312259677631794,,0.0009996530663083252
TCN1_ebffa5b7,TCN1,loso_subject_S011,3,0.018602035282252623,,0.10092004630608717,,0.0009986128001799074
TCN1_ebffa5b7,TCN1,loso_subject_S011,4,0.010831699954011181,,0.07875486821005998,,0.0009968808056297167
TCN1_ebffa5b7,TCN1,loso_subject_S011,5,0.008964375296764028,,0.07112944712155078,,0.0009944597532678117
TCN1_ebffa5b7,TCN1,loso_subject_S011,6,0.00618390520622062,,0.05947734945721354,,0.0009913533761814533
TCN1_ebffa5b7,TCN1,loso_subject_S011,7,0.005168317475889904,,0.05363026804606346,,0.000987566464178954
TCN1_ebffa5b7,TCN1,loso_subject_S011,8,0.004487659475884836,,0.05046981716557824,,0.0009831048564041408
TCN1_ebffa5b7,TCN1,loso_subject_S011,9,0.0037225210668712944,,0.045923107069056744,,0.0009779754323328187
TCN1_ebffa5b7,TCN1,loso_subject_S011,10,0.003589084591279065,,0.04419079392290945,,0.0009721861011651174
TCN1_ebffa5b7,TCN1,loso_subject_S011,11,0.0027971580708240507,,0.03944597756705104,,0.0009657457896300785
TCN1_ebffa5b7,TCN1,loso_subject_S011,12,0.0029386444883181145,,0.038998057500559895,,0.000958664428221286
TCN1_ebffa5b7,TCN1,loso_subject_S011,13,0.0025637383838693615,,0.037017441583082566,,0.000950952935884765
TCN1_ebffa5b7,TCN1,loso_subject_S011,14,0.002249432912619218,,0.034463746222057,,0.0009426232031827582
TCN1_ebffa5b7,TCN1,loso_subject_S011,15,0.002239863370635879,,0.03425197252070836,,0.0009336880739593409
TCN1_ebffa5b7,TCN1,loso_subject_S011,16,0.0019286832410057614,,0.031876323684830656,,0.0009241613255361449
TCN1_ebffa5b7,TCN1,loso_subject_S011,17,0.001800421672658518,,0.03116217944814673,,0.0009140576474687258
TCN1_ebffa5b7,TCN1,loso_subject_S011,18,0.001686012208403807,,0.029868636844887227,,0.0009033926188963346
TCN1_ebffa5b7,TCN1,loso_subject_S011,19,0.0014687447967434626,,0.027629957582045055,,0.0008921826845200134
TCN1_ebffa5b7,TCN1,loso_subject_S011,20,0.0014285185904128058,,0.026786957818524977,,0.000880445129246058
TCN1_ebffa5b7,TCN1,loso_subject_S011,21,0.001278118094357398,,0.02555610945865178,,0.0008681980515339459
TCN1_ebffa5b7,TCN1,loso_subject_S011,22,0.0011330751835235528,,0.024001263070187268,,0.0008554603354898234
TCN1_ebffa5b7,TCN1,loso_subject_S011,23,0.001161949068715116,,0.023867136152886794,,0.0008422516217485822
TCN1_ebffa5b7,TCN1,loso_subject_S011,24,0.0011154582265402416,,0.023417067143526434,,0.0008285922771894248
TCN1_ebffa5b7,TCN1,loso_subject_S011,25,0.001039014954566108,,0.022690644236602445,,0.0008145033635316124
TCN1_ebffa5b7,TCN1,loso_subject_S011,26,0.0010174622806700495,,0.022461401488084825,,0.0008000066048588205
TCN1_ebffa5b7,TCN1,loso_subject_S011,27,0.0009564404107032636,,0.02176968360493597,,0.0007851243541221765
TCN1_ebffa5b7,TCN1,loso_subject_S011,28,0.0009900540515664228,,0.022463635808525576,,0.0007698795586736293
TCN1_ebffa5b7,TCN1,loso_subject_S011,29,0.0009539930869904015,,0.021535679301033256,,0.0007542957248827956
TCN1_ebffa5b7,TCN1,loso_subject_S011,30,0.0008315379476754569,,0.020490961697098402,,0.0007383968818918422
TCN1_ebffa5b7,TCN1,loso_subject_S011,31,0.0008385155866263443,,0.020358382491472773,,0.00072220754456429
TCN1_ebffa5b7,TCN1,loso_subject_S011,32,0.0008236518764051095,,0.019656549659350438,,0.0007057526756848715
TCN1_ebffa5b7,TCN1,loso_subject_S011,33,0.000738842243970708,,0.0187146286774575,,0.000689057647468726
TCN1_ebffa5b7,TCN1,loso_subject_S011,34,0.0006874945725242032,,0.01828887405209854,,0.000672148202439283
TCN1_ebffa5b7,TCN1,loso_subject_S011,35,0.0006687469242107,,0.017706552845064154,,0.0006550504137351571
TCN1_ebffa5b7,TCN1,loso_subject_S011,36,0.0007640427630963337,,0.01862624040457388,,0.0006377906449072574
TCN1_ebffa5b7,TCN1,loso_subject_S011,37,0.0007200717654207882,,0.018567018439590074,,0.0006203955092681036
TCN1_ebffa5b7,TCN1,loso_subject_S011,38,0.0007006260558039601,,0.018768472917310645,,0.0006028918288560267
TCN1_ebffa5b7,TCN1,loso_subject_S011,39,0.0006830933230762224,,0.017897974214288813,,0.00058530659307753
TCN1_ebffa5b7,TCN1,loso_subject_S011,40,0.0006391053683250362,,0.01763277759045791,,0.0005676669170915806
TCN1_ebffa5b7,TCN1,loso_subject_S011,41,0.0006081990042709776,,0.01656670556377212,,0.0005499999999999997
TCN1_ebffa5b7,TCN1,loso_subject_S011,42,0.0006194064326863362,,0.01712570959024752,,0.000532333082908419
TCN1_ebffa5b7,TCN1,loso_subject_S011,43,0.0005963564019708799,,0.01660501309344903,,0.0005146934069224697
TCN1_ebffa5b7,TCN1,loso_subject_S011,44,0.0006015523532034711,,0.01665559769930569,,0.000497108171143973
TCN1_ebffa5b7,TCN1,loso_subject_S011,45,0.000555128347551682,,0.015841494614427288,,0.00047960449073189616
TCN1_ebffa5b7,TCN1,loso_subject_S011,46,0.0005510789320024286,,0.01588339921287686,,0.00046220935509274226
TCN1_ebffa5b7,TCN1,loso_subject_S011,47,0.0005540986749938386,,0.015412866915945386,,0.00044494958626484254
TCN1_ebffa5b7,TCN1,loso_subject_S011,48,0.000504326539964117,,0.015229213322887018,,0.00042785179756071645
TCN1_ebffa5b7,TCN1,loso_subject_S011,49,0.0005073132352785395,,0.014975658712946639,,0.0004109423525312737
TCN1_ebffa5b7,TCN1,loso_subject_S011,50,0.0005530886112318327,,0.015649464483039163,,0.0003942473243151282
TCN1_ebffa5b7,TCN1,loso_subject_S011,51,0.0005205643763525773,,0.015121545296133701,,0.0003777924554357096
TCN1_ebffa5b7,TCN1,loso_subject_S011,52,0.0004938346344590319,,0.015308685253030602,,0.0003616031181081575
TCN1_ebffa5b7,TCN1,loso_subject_S011,53,0.00046899774328435656,,0.014494092175945784,,0.000345704275117204
TCN1_ebffa5b7,TCN1,loso_subject_S011,54,0.00045011140292092243,,0.014105751411911435,,0.00033012044132637024
TCN1_ebffa5b7,TCN1,loso_subject_S011,55,0.00043362285911654585,,0.013577120123738308,,0.00031487564587782306
TCN1_ebffa5b7,TCN1,loso_subject_S011,56,0.0004342135865155292,,0.013536818115200813,,0.00029999339514117897
TCN1_ebffa5b7,TCN1,loso_subject_S011,57,0.0004455449794981206,,0.013839607131061405,,0.0002854966364683872
TCN1_ebffa5b7,TCN1,loso_subject_S011,58,0.00041834185437193217,,0.01351857097185687,,0.0002714077228105749
TCN1_ebffa5b7,TCN1,loso_subject_S011,59,0.00044865297227515255,,0.013839260855419814,,0.00025774837825141746
TCN1_ebffa5b7,TCN1,loso_subject_S011,60,0.0004218387605594212,,0.01331167749333946,,0.0002445396645101764
TCN1_ebffa5b7,TCN1,loso_subject_S011,61,0.00042321691417488013,,0.013273736988261278,,0.0002318019484660537
TCN1_ebffa5b7,TCN1,loso_subject_S011,62,0.00040230567474899685,,0.013024548180812615,,0.00021955487075394156
TCN1_ebffa5b7,TCN1,loso_subject_S011,63,0.0003922022025190623,,0.012999008299066854,,0.0002078173154799862
TCN1_ebffa5b7,TCN1,loso_subject_S011,64,0.00040803280143719543,,0.01318950074490854,,0.00019660738110366478
TCN1_ebffa5b7,TCN1,loso_subject_S011,65,0.0003883059991826794,,0.012835731673156908,,0.00018594235253127373
TCN1_ebffa5b7,TCN1,loso_subject_S011,66,0.00038236049038368005,,0.012894036951569878,,0.00017583867446385477
TCN1_ebffa5b7,TCN1,loso_subject_S011,67,0.00040282692943518003,,0.012661329143412359,,0.00016631192604065853
TCN1_ebffa5b7,TCN1,loso_subject_S011,68,0.00039073025327549443,,0.013031900082034045,,0.00015737679681724137
TCN1_ebffa5b7,TCN1,loso_subject_S011,69,0.00038089277136093457,,0.012287006469480208,,0.0001490470641152345
TCN1_ebffa5b7,TCN1,loso_subject_S011,70,0.0003662693449539871,,0.012504180440259801,,0.00014133557177871338
TCN1_ebffa5b7,TCN1,loso_subject_S011,71,0.0003444038064676462,,0.012582397985145296,,0.00013425421036992097
TCN1_ebffa5b7,TCN1,loso_subject_S011,72,0.00034904557284293024,,0.01233613229234877,,0.00012781389883488212
TCN1_ebffa5b7,TCN1,loso_subject_S011,73,0.0003658104967088344,,0.012191661346582873,,0.0001220245676671809
TCN1_ebffa5b7,TCN1,loso_subject_S011,74,0.0003130382163736467,,0.01175987726191477,,0.00011689514359585877
TCN1_ebffa5b7,TCN1,loso_subject_S011,75,0.0003596419653154669,,0.012080973851148322,,0.00011243353582104555
TCN1_ebffa5b7,TCN1,loso_subject_S011,76,0.0003224531889358126,,0.012147455718636254,,0.0001086466238185463
TCN1_ebffa5b7,TCN1,loso_subject_S011,77,0.00036391756064534266,,0.012145189565907717,,0.00010554024673218805
TCN1_ebffa5b7,TCN1,loso_subject_S011,78,0.0003512567247651385,,0.01184316032387593,,0.00010311919437028317
TCN1_ebffa5b7,TCN1,loso_subject_S011,79,0.0003425214137316782,,0.011820838226123214,,0.00010138719982009242
TCN1_ebffa5b7,TCN1,loso_subject_S011,80,0.0003465443135200392,,0.01188603115937021,,0.0001003469336916747
TCN1_ebffa5b7,TCN1,loso_subject_S012,1,0.15968595457538554,,0.2802312435324147,,0.001
TCN1_ebffa5b7,TCN1,loso_subject_S012,2,0.02986070240875661,,0.12849410108531104,,0.0009996530663083252
TCN1_ebffa5b7,TCN1,loso_subject_S012,3,0.01656844904807224,,0.09601022383825214,,0.0009986128001799074
TCN1_ebffa5b7,TCN1,loso_subject_S012,4,0.010734117617669688,,0.07831851888946934,,0.0009968808056297167
TCN1_ebffa5b7,TCN1,loso_subject_S012,5,0.008128981028295665,,0.06869727743547516,,0.0009944597532678117
TCN1_ebffa5b7,TCN1,loso_subject_S012,6,0.006831939442557335,,0.06174012758122524,,0.0009913533761814533
TCN1_ebffa5b7,TCN1,loso_subject_S012,7,0.005653681275773708,,0.05584032470580152,,0.000987566464178954
TCN1_ebffa5b7,TCN1,loso_subject_S012,8,0.005027145275848599,,0.052820476514233744,,0.0009831048564041408
TCN1_ebffa5b7,TCN1,loso_subject_S012,9,0.0043676148583060865,,0.049126573211531105,,0.0009779754323328187
TCN1_ebffa5b7,TCN1,loso_subject_S012,10,0.0037553021217699156,,0.04581334848228029,,0.0009721861011651174
TCN1_ebffa5b7,TCN1,loso_subject_S012,11,0.0037378539371803457,,0.044289925558775436,,0.0009657457896300785
TCN1_ebffa5b7,TCN1,loso_subject_S012,12,0.003988164324151218,,0.04528624923691159,,0.000958664428221286
TCN1_ebffa5b7,TCN1,loso_subject_S012,13,0.0031834098907161583,,0.04230882837036275,,0.000950952935884765
TCN1_ebffa5b7,TCN1,loso_subject_S012,14,0.0025829341543151885,,0.03608389046747608,,0.0009426232031827582
TCN1_ebffa5b7,TCN1,loso_subject_S012,15,0.002281803237814388,,0.03471869856228104,,0.0009336880739593409
TCN1_ebffa5b7,TCN1,loso_subject_S012,16,0.002114610731143327,,0.034007179787603474,,0.0009241613255361449
TCN1_ebffa5b7,TCN1,loso_subject_S012,17,0.0020064319770505554,,0.03305021728905541,,0.0009140576474687258
TCN1_ebffa5b7,TCN1,loso_subject_S012,18,0.0018858364087066528,,0.03176959145699042,,0.0009033926188963346
TCN1_ebffa5b7,TCN1,loso_subject_S012,19,0.001624979259660291,,0.029315491091495893,,0.0008921826845200134
TCN1_ebffa5b7,TCN1,loso_subject_S012,20,0.001787649154148212,,0.030767708392823088,,0.000880445129246058
TCN1_ebffa5b7,TCN1,loso_subject_S012,21,0.001707602921886021,,0.030455258864031633,,0.0008681980515339459
TCN1_ebffa5b7,TCN1,loso_subject_S012,22,0.0015960873241919959,,0.029131164717967426,,0.0008554603354898234
TCN1_ebffa5b7,TCN1,loso_subject_S012,23,0.0013900004731157592,,0.027019654305007378,,0.0008422516217485822
TCN1_ebffa5b7,TCN1,loso_subject_S012,24,0.0012723145420572642,,0.026123804496783837,,0.0008285922771894248
TCN1_ebffa5b7,TCN1,loso_subject_S012,25,0.0013312128493152152,,0.02599760304657317,,0.0008145033635316124
TCN1_ebffa5b7,TCN1,loso_subject_S012,26,0.0011587757320103355,,0.024372838737165146,,0.0008000066048588205
TCN1_ebffa5b7,TCN1,loso_subject_S012,27,0.002191227069270147,,0.033092774319545736,,0.0007851243541221765
TCN1_ebffa5b7,TCN1,loso_subject_S012,28,0.0011969132519281606,,0.02484029383903407,,0.0007698795586736293
TCN1_ebffa5b7,TCN1,loso_subject_S012,29,0.0013768879064393127,,0.02705539524773103,,0.0007542957248827956
TCN1_ebffa5b7,TCN1,loso_subject_S012,30,0.0011419909535887284,,0.024087016271094858,,0.0007383968818918422
TCN1_ebffa5b7,TCN1,loso_subject_S012,31,0.0010582780116972792,,0.0230728082381122,,0.00072220754456429
TCN1_ebffa5b7,TCN1,loso_subject_S012,32,0.0012161777631045623,,0.024755110244253378,,0.0007057526756848715
TCN1_ebffa5b7,TCN1,loso_subject_S012,33,0.0009191941424873718,,0.021527927662296997,,0.000689057647468726
TCN1_ebffa5b7,TCN1,loso_subject_S012,34,0.001218086300940122,,0.025077639207684663,,0.000672148202439283
TCN1_ebffa5b7,TCN1,loso_subject_S012,35,0.0008571165574541369,,0.020831616822569503,,0.0006550504137351571
TCN1_ebffa5b7,TCN1,loso_subject_S012,36,0.0009996385121904994,,0.02270569568379213,,0.0006377906449072574
TCN1_ebffa5b7,TCN1,loso_subject_S012,37,0.001092879644107566,,0.02357447361799521,,0.0006203955092681036
TCN1_ebffa5b7,TCN1,loso_subject_S012,38,0.0008711199322846945,,0.020601194900367378,,0.0006028918288560267
TCN1_ebffa5b7,TCN1,loso_subject_S012,39,0.0009104005327725185,,0.021287363048564878,,0.00058530659307753
TCN1_ebffa5b7,TCN1,loso_subject_S012,40,0.0007550682396663441,,0.01912285761406906,,0.0005676669170915806
TCN1_ebffa5b7,TCN1,loso_subject_S012,41,0.0007465253472091191,,0.01885546462089764,,0.0005499999999999997
TCN1_ebffa5b7,TCN1,loso_subject_S012,42,0.0007050936824517388,,0.01839044590097759,,0.000532333082908419
TCN1_ebffa5b7,TCN1,loso_subject_S012,43,0.0009650034043421152,,0.0219064259931975,,0.0005146934069224697
TCN1_ebffa5b7,TCN1,loso_subject_S012,44,0.0007636004689244695,,0.019234438791707647,,0.000497108171143973
TCN1_ebffa5b7,TCN1,loso_subject_S012,45,0.0007512281808994558,,0.019290535067275894,,0.00047960449073189616
TCN1_ebffa5b7,TCN1,loso_subject_S012,46,0.0007001000448425965,,0.017967747310817184,,0.00046220935509274226
TCN1_ebffa5b7,TCN1,loso_subject_S012,47,0.0007203453013372965,,0.01846453530640252,,0.00044494958626484254
TCN1_ebffa5b7,TCN1,loso_subject_S012,48,0.0006704322916077421,,0.018190784078374895,,0.00042785179756071645
TCN1_ebffa5b7,TCN1,loso_subject_S012,49,0.0006965843782448275,,0.018492524045058047,,0.0004109423525312737
TCN1_ebffa5b7,TCN1,loso_subject_S012,50,0.0006542747891538607,,0.017743520054875835,,0.0003942473243151282
TCN1_ebffa5b7,TCN1,loso_subject_S012,51,0.0005985297738040846,,0.017205607815809366,,0.0003777924554357096
TCN1_ebffa5b7,TCN1,loso_subject_S012,52,0.000579164635954942,,0.016372812580689913,,0.0003616031181081575
TCN1_ebffa5b7,TCN1,loso_subject_S012,53,0.0005699516262332812,,0.01629970579764977,,0.000345704275117204
TCN1_ebffa5b7,TCN1,loso_subject_S012,54,0.0005492782095037001,,0.016007119098269056,,0.00033012044132637024
TCN1_ebffa5b7,TCN1,loso_subject_S012,55,0.0006268899244107533,,0.016964765834467637,,0.00031487564587782306
TCN1_ebffa5b7,TCN1,loso_subject_S012,56,0.0005780194551866691,,0.015987068632584783,,0.00029999339514117897
TCN1_ebffa5b7,TCN1,loso_subject_S012,57,0.0005701064310020503,,0.016088775193505052,,0.0002854966364683872
TCN1_ebffa5b7,TCN1,loso_subject_S012,58,0.0005541321873256174,,0.015814945621718677,,0.0002714077228105749
TCN1_ebffa5b7,TCN1,loso_subject_S012,59,0.0005067301204537673,,0.01548005476589019,,0.00025774837825141746
TCN1_ebffa5b7,TCN1,loso_subject_S012,60,0.0005287860178211614,,0.015616185782398644,,0.0002445396645101764
TCN1_ebffa5b7,TCN1,loso_subject_S012,61,0.0005129293121600845,,0.015359634010448691,,0.0002318019484660537
TCN1_ebffa5b7,TCN1,loso_subject_S012,62,0.0005825405799962587,,0.016365077241948175,,0.00021955487075394156
TCN1_ebffa5b7,TCN1,loso_subject_S012,63,0.0005085996218033423,,0.015167034951980504,,0.0002078173154799862
TCN1_ebffa5b7,TCN1,loso_subject_S012,64,0.0005173366473496812,,0.01530716172798641,,0.00019660738110366478
TCN1_ebffa5b7,TCN1,loso_subject_S012,65,0.0005162200962268986,,0.015332911033573322,,0.00018594235253127373
TCN1_ebffa5b7,TCN1,loso_subject_S012,66,0.0004686485655001973,,0.014896251169618636,,0.00017583867446385477
TCN1_ebffa5b7,TCN1,loso_subject_S012,67,0.00047611969142238853,,0.014735030414565689,,0.00016631192604065853
TCN1_ebffa5b7,TCN1,loso_subject_S012,68,0.00047708765843004877,,0.014300966726343034,,0.00015737679681724137
TCN1_ebffa5b7,TCN1,loso_subject_S012,69,0.00046975972784934095,,0.014417532453825403,,0.0001490470641152345
TCN1_ebffa5b7,TCN1,loso_subject_S012,70,0.0004888494329753809,,0.014363384773739947,,0.00014133557177871338
TCN1_ebffa5b7,TCN1,loso_subject_S012,71,0.0004529819547482579,,0.014478658393753372,,0.00013425421036992097
TCN1_ebffa5b7,TCN1,loso_subject_S012,72,0.0004617225376972059,,0.014244641743454278,,0.00012781389883488212
TCN1_ebffa5b7,TCN1,loso_subject_S012,73,0.0004591790616608866,,0.013841735262853356,,0.0001220245676671809
TCN1_ebffa5b7,TCN1,loso_subject_S012,74,0.0004660474390581364,,0.014586379942841687,,0.00011689514359585877
TCN1_ebffa5b7,TCN1,loso_subject_S012,75,0.0006663708715619449,,0.01705945696930586,,0.00011243353582104555
TCN1_ebffa5b7,TCN1,loso_subject_S012,76,0.0005539338060785623,,0.01568243419581293,,0.0001086466238185463
TCN1_ebffa5b7,TCN1,loso_subject_S012,77,0.0006031444077879259,,0.01601104010435068,,0.00010554024673218805
TCN1_ebffa5b7,TCN1,loso_subject_S012,78,0.00045212907925359263,,0.014050282535461065,,0.00010311919437028317
TCN1_ebffa5b7,TCN1,loso_subject_S012,79,0.00042861761433309476,,0.013848939600399698,,0.00010138719982009242
TCN1_ebffa5b7,TCN1,loso_subject_S012,80,0.00044181381514693833,,0.014186599635729246,,0.0001003469336916747
TCN1_ebffa5b7,TCN1,loso_subject_S013,1,0.22281176652752907,,0.3297555833019503,,0.001
TCN1_ebffa5b7,TCN1,loso_subject_S013,2,0.03630400010383658,,0.14345678367235834,,0.0009996530663083252
TCN1_ebffa5b7,TCN1,loso_subject_S013,3,0.020275110483943575,,0.1086421252286307,,0.0009986128001799074
TCN1_ebffa5b7,TCN1,loso_subject_S013,4,0.013191066630758757,,0.08612447931957606,,0.0009968808056297167
TCN1_ebffa5b7,TCN1,loso_subject_S013,5,0.010100074813069758,,0.07649997789393514,,0.0009944597532678117
TCN1_ebffa5b7,TCN1,loso_subject_S013,6,0.008056842542269774,,0.06705136294084232,,0.0009913533761814533
TCN1_ebffa5b7,TCN1,loso_subject_S013,7,0.006733877585459492,,0.061599058988765214,,0.000987566464178954
TCN1_ebffa5b7,TCN1,loso_subject_S013,8,0.00573775376230709,,0.05661802879356214,,0.0009831048564041408
TCN1_ebffa5b7,TCN1,loso_subject_S013,9,0.0049041727644919654,,0.0525884154196002,,0.0009779754323328187
TCN1_ebffa5b7,TCN1,loso_subject_S013,10,0.004300872440711638,,0.04938793654601968,,0.0009721861011651174
TCN1_ebffa5b7,TCN1,loso_subject_S013,11,0.0035222256309466547,,0.044351796489843276,,0.0009657457896300785
TCN1_ebffa5b7,TCN1,loso_subject_S013,12,0.003126443129053354,,0.04153038461387957,,0.000958664428221286
TCN1_ebffa5b7,TCN1,loso_subject_S013,13,0.0028444253667352236,,0.039969443356074295,,0.000950952935884765
TCN1_ebffa5b7,TCN1,loso_subject_S013,14,0.0027595045129756696,,0.03800021426827177,,0.0009426232031827582
TCN1_ebffa5b7,TCN1,loso_subject_S013,15,0.002463165111703613,,0.03595639754882538,,0.0009336880739593409
TCN1_ebffa5b7,TCN1,loso_subject_S013,16,0.0021339746864559336,,0.03401382346799335,,0.0009241613255361449
TCN1_ebffa5b7,TCN1,loso_subject_S013,17,0.0021220991851462066,,0.03340994695468707,,0.0009140576474687258
TCN1_ebffa5b7,TCN1,loso_subject_S013,18,0.0018635676886359666,,0.03128839332109306,,0.0009033926188963346
TCN1_ebffa5b7,TCN1,loso_subject_S013,19,0.00182849064632407,,0.03127623394536611,,0.0008921826845200134
TCN1_ebffa5b7,TCN1,loso_subject_S013,20,0.0017300535164488974,,0.03041513243803545,,0.000880445129246058
TCN1_ebffa5b7,TCN1,loso_subject_S013,21,0.0016310074299991663,,0.029379605424231913,,0.0008681980515339459
TCN1_ebffa5b7,TCN1,loso_subject_S013,22,0.0015183334297455377,,0.028306450286644982,,0.0008554603354898234
TCN1_ebffa5b7,TCN1,loso_subject_S013,23,0.001362917409026159,,0.026857897873787197,,0.0008422516217485822
TCN1_ebffa5b7,TCN1,loso_subject_S013,24,0.0012760092258036243,,0.026014222116006132,,0.0008285922771894248
TCN1_ebffa5b7,TCN1,loso_subject_S013,25,0.0013041717447145062,,0.026053120889920404,,0.0008145033635316124
TCN1_ebffa5b7,TCN1,loso_subject_S013,26,0.001151923196623182,,0.024040209532481187,,0.0008000066048588205
TCN1_ebffa5b7,TCN1,loso_subject_S013,27,0.00107591501377258,,0.023348502946763175,,0.0007851243541221765
TCN1_ebffa5b7,TCN1,loso_subject_S013,28,0.0010727808024376402,,0.023493889166285052,,0.0007698795586736293
TCN1_ebffa5b7,TCN1,loso_subject_S013,29,0.0010796628347708546,,0.023195029794785382,,0.0007542957248827956
TCN1_ebffa5b7,TCN1,loso_subject_S013,30,0.0010438273140393635,,0.022916808956353,,0.0007383968818918422
TCN1_ebffa5b7,TCN1,loso_subject_S013,31,0.0009699133614838728,,0.021543326398398115,,0.00072220754456429
TCN1_ebffa5b7,TCN1,loso_subject_S013,32,0.000995190008621122,,0.02182138738573869,,0.0007057526756848715
TCN1_ebffa5b7,TCN1,loso_subject_S013,33,0.0008704757725494447,,0.020811022019336056,,0.000689057647468726
TCN1_ebffa5b7,TCN1,loso_subject_S013,34,0.0008765596104369315,,0.020808701482571027,,0.000672148202439283
TCN1_ebffa5b7,TCN1,loso_subject_S013,35,0.0008608388760665993,,0.020534017329922154,,0.0006550504137351571
TCN1_ebffa5b7,TCN1,loso_subject_S013,36,0.0008520937095156582,,0.020584290572302752,,0.0006377906449072574
TCN1_ebffa5b7,TCN1,loso_subject_S013,37,0.0007499930472898104,,0.0189408167356021,,0.0006203955092681036
TCN1_ebffa5b7,TCN1,loso_subject_S013,38,0.0007615754706941265,,0.019253165324323973,,0.0006028918288560267
TCN1_ebffa5b7,TCN1,loso_subject_S013,39,0.0007596100130851122,,0.01942603383821989,,0.00058530659307753
TCN1_ebffa5b7,TCN1,loso_subject_S013,40,0.0007272275055356267,,0.01818084499968833,,0.0005676669170915806
TCN1_ebffa5b7,TCN1,loso_subject_S013,41,0.0006850373552068376,,0.018279937214157528,,0.0005499999999999997
TCN1_ebffa5b7,TCN1,loso_subject_S013,42,0.0007087424169343393,,0.018104276011464398,,0.000532333082908419
TCN1_ebffa5b7,TCN1,loso_subject_S013,43,0.0006402406267268986,,0.017837567462822623,,0.0005146934069224697
TCN1_ebffa5b7,TCN1,loso_subject_S013,44,0.0006570212544782771,,0.017203197750449692,,0.000497108171143973
TCN1_ebffa5b7,TCN1,loso_subject_S013,45,0.0006494240208860842,,0.017293483952440302,,0.00047960449073189616
TCN1_ebffa5b7,TCN1,loso_subject_S013,46,0.0006559434924866571,,0.01707650527504145,,0.00046220935509274226
TCN1_ebffa5b7,TCN1,loso_subject_S013,47,0.0006225982795329781,,0.01702595223350073,,0.00044494958626484254
TCN1_ebffa5b7,TCN1,loso_subject_S013,48,0.0005581256096977913,,0.015933066310497505,,0.00042785179756071645
TCN1_ebffa5b7,TCN1,loso_subject_S013,49,0.0005766042157036733,,0.016343648448371172,,0.0004109423525312737
TCN1_ebffa5b7,TCN1,loso_subject_S013,50,0.0005567864828091403,,0.016236024741166682,,0.0003942473243151282
TCN1_ebffa5b7,TCN1,loso_subject_S013,51,0.0005595761028592262,,0.01580848165322896,,0.0003777924554357096
TCN1_ebffa5b7,TCN1,loso_subject_S013,52,0.0005546564158673087,,0.015878116185281912,,0.0003616031181081575
TCN1_ebffa5b7,TCN1,loso_subject_S013,53,0.0005768254055259708,,0.01601736041475991,,0.000345704275117204
TCN1_ebffa5b7,TCN1,loso_subject_S013,54,0.000512535644995592,,0.01531080427023095,,0.00033012044132637024
TCN1_ebffa5b7,TCN1,loso_subject_S013,55,0.0005407043070573069,,0.01569395267257565,,0.00031487564587782306
TCN1_ebffa5b7,TCN1,loso_subject_S013,56,0.0005644899215297739,,0.01544958773531381,,0.00029999339514117897
TCN1_ebffa5b7,TCN1,loso_subject_S013,57,0.0005048756845243208,,0.014996941282763427,,0.0002854966364683872
TCN1_ebffa5b7,TCN1,loso_subject_S013,58,0.0005077650943506056,,0.015177993516501464,,0.0002714077228105749
TCN1_ebffa5b7,TCN1,loso_subject_S013,59,0.0005374143820899623,,0.014984899609614615,,0.00025774837825141746
TCN1_ebffa5b7,TCN1,loso_subject_S013,60,0.000484646322019206,,0.014768110119167743,,0.0002445396645101764
TCN1_ebffa5b7,TCN1,loso_subject_S013,61,0.00043843338724307773,,0.014138582174092439,,0.0002318019484660537
TCN1_ebffa5b7,TCN1,loso_subject_S013,62,0.0004867469878950726,,0.014326469773778421,,0.00021955487075394156
TCN1_ebffa5b7,TCN1,loso_subject_S013,63,0.0004417480117613197,,0.014015100137716641,,0.0002078173154799862
TCN1_ebffa5b7,TCN1,loso_subject_S013,64,0.0004595262151252187,,0.014038354268289224,,0.00019660738110366478
TCN1_ebffa5b7,TCN1,loso_subject_S013,65,0.0004178266514771553,,0.013492569886083902,,0.00018594235253127373
TCN1_ebffa5b7,TCN1,loso_subject_S013,66,0.0004426428623807286,,0.013808839595939107,,0.00017583867446385477
TCN1_ebffa5b7,TCN1,loso_subject_S013,67,0.0004283866208351189,,0.01386808854949702,,0.00016631192604065853
TCN1_ebffa5b7,TCN1,loso_subject_S013,68,0.00044699436567771324,,0.013697951773869076,,0.00015737679681724137
TCN1_ebffa5b7,TCN1,loso_subject_S013,69,0.00039893455165372675,,0.013231910601781126,,0.0001490470641152345
TCN1_ebffa5b7,TCN1,loso_subject_S013,70,0.0004289868995424752,,0.013645082090651,,0.00014133557177871338
TCN1_ebffa5b7,TCN1,loso_subject_S013,71,0.0004476731193998696,,0.013858801136475722,,0.00013425421036992097
TCN1_ebffa5b7,TCN1,loso_subject_S013,72,0.00042974329382445636,,0.013350546541667022,,0.00012781389883488212
TCN1_ebffa5b7,TCN1,loso_subject_S013,73,0.00041259117913456446,,0.013519315962113585,,0.0001220245676671809
TCN1_ebffa5b7,TCN1,loso_subject_S013,74,0.00043414977400688283,,0.01338001082311402,,0.00011689514359585877
TCN1_ebffa5b7,TCN1,loso_subject_S013,75,0.0004134828818948843,,0.01323138939688962,,0.00011243353582104555
TCN1_ebffa5b7,TCN1,loso_subject_S013,76,0.00042950893596055303,,0.01363677682280079,,0.0001086466238185463
TCN1_ebffa5b7,TCN1,loso_subject_S013,77,0.00039436486720674236,,0.013129630928271551,,0.00010554024673218805
TCN1_ebffa5b7,TCN1,loso_subject_S013,78,0.000416171316686655,,0.012996458522796036,,0.00010311919437028317
TCN1_ebffa5b7,TCN1,loso_subject_S013,79,0.00042723980442925806,,0.013436632325067362,,0.00010138719982009242
TCN1_ebffa5b7,TCN1,loso_subject_S013,80,0.00046069935126528705,,0.013640852373684134,,0.0001003469336916747
TCN1_ebffa5b7,TCN1,loso_subject_S014,1,0.1588240564299561,,0.2779166301361369,,0.001
TCN1_ebffa5b7,TCN1,loso_subject_S014,2,0.0264158024869271,,0.1213918891948836,,0.0009996530663083252
TCN1_ebffa5b7,TCN1,loso_subject_S014,3,0.014500240245375447,,0.09034569805870639,,0.0009986128001799074
TCN1_ebffa5b7,TCN1,loso_subject_S014,4,0.010452089237969477,,0.07734838442810525,,0.0009968808056297167
TCN1_ebffa5b7,TCN1,loso_subject_S014,5,0.008291256155137603,,0.0686901330947876,,0.0009944597532678117
TCN1_ebffa5b7,TCN1,loso_subject_S014,6,0.006763327516854941,,0.06171731822357113,,0.0009913533761814533
TCN1_ebffa5b7,TCN1,loso_subject_S014,7,0.0050434636214593065,,0.05367123553425023,,0.000987566464178954
TCN1_ebffa5b7,TCN1,loso_subject_S014,8,0.005475702369980931,,0.05487414228086358,,0.0009831048564041408
TCN1_ebffa5b7,TCN1,loso_subject_S014,9,0.004172181906668763,,0.048206160712120694,,0.0009779754323328187
TCN1_ebffa5b7,TCN1,loso_subject_S014,10,0.0037408715889739306,,0.045098389490351005,,0.0009721861011651174
TCN1_ebffa5b7,TCN1,loso_subject_S014,11,0.003109764529736823,,0.04149034297526996,,0.0009657457896300785
TCN1_ebffa5b7,TCN1,loso_subject_S014,12,0.0029866840684049604,,0.04043018356446297,,0.000958664428221286
TCN1_ebffa5b7,TCN1,loso_subject_S014,13,0.0027430540462639592,,0.038631985062047056,,0.000950952935884765
TCN1_ebffa5b7,TCN1,loso_subject_S014,14,0.0026003962790621966,,0.037449179683355,,0.0009426232031827582
TCN1_ebffa5b7,TCN1,loso_subject_S014,15,0.002481775677587129,,0.03734140839358137,,0.0009336880739593409
TCN1_ebffa5b7,TCN1,loso_subject_S014,16,0.001887546035762345,,0.03206359857917844,,0.0009241613255361449
TCN1_ebffa5b7,TCN1,loso_subject_S014,17,0.0018686621643089752,,0.03136175935661044,,0.0009140576474687258
TCN1_ebffa5b7,TCN1,loso_subject_S014,18,0.0016766616701447295,,0.030206838488604094,,0.0009033926188963346
TCN1_ebffa5b7,TCN1,loso_subject_S014,19,0.0015311184864971908,,0.0286440425898709,,0.0008921826845200134
TCN1_ebffa5b7,TCN1,loso_subject_S014,20,0.0016869492239061053,,0.029613387060995214,,0.000880445129246058
TCN1_ebffa5b7,TCN1,loso_subject_S014,21,0.0017067291700478457,,0.029421306324328954,,0.0008681980515339459
TCN1_ebffa5b7,TCN1,loso_subject_S014,22,0.0013282894335943313,,0.026392732441728912,,0.0008554603354898234
TCN1_ebffa5b7,TCN1,loso_subject_S014,23,0.001665982516191533,,0.029198985704946598,,0.0008422516217485822
TCN1_ebffa5b7,TCN1,loso_subject_S014,24,0.0013056496193028467,,0.02593195102413158,,0.0008285922771894248
TCN1_ebffa5b7,TCN1,loso_subject_S014,25,0.002138458400558222,,0.03111728225377703,,0.0008145033635316124
TCN1_ebffa5b7,TCN1,loso_subject_S014,26,0.0012244755642153386,,0.024573734417836005,,0.0008000066048588205
TCN1_ebffa5b7,TCN1,loso_subject_S014,27,0.00115924131744644,,0.02435333610896546,,0.0007851243541221765
TCN1_ebffa5b7,TCN1,loso_subject_S014,28,0.001100618862396767,,0.023851120390997273,,0.0007698795586736293
TCN1_ebffa5b7,TCN1,loso_subject_S014,29,0.0015980522264133514,,0.027697132560717028,,0.0007542957248827956
TCN1_ebffa5b7,TCN1,loso_subject_S014,30,0.0013727309650306985,,0.026164400868484646,,0.0007383968818918422
TCN1_ebffa5b7,TCN1,loso_subject_S014,31,0.0010941863866578843,,0.023415421255578005,,0.00072220754456429
TCN1_ebffa5b7,TCN1,loso_subject_S014,32,0.0009025100433897759,,0.021163831684099597,,0.0007057526756848715
TCN1_ebffa5b7,TCN1,loso_subject_S014,33,0.0008244048428313779,,0.020210933826977612,,0.000689057647468726
TCN1_ebffa5b7,TCN1,loso_subject_S014,34,0.0008017706189995024,,0.020336628547143853,,0.000672148202439283
TCN1_ebffa5b7,TCN1,loso_subject_S014,35,0.0007654621209696264,,0.019582283051592788,,0.0006550504137351571
TCN1_ebffa5b7,TCN1,loso_subject_S014,36,0.0007724514865687635,,0.019167924979749073,,0.0006377906449072574
TCN1_ebffa5b7,TCN1,loso_subject_S014,37,0.0007595121044213353,,0.019173178952092428,,0.0006203955092681036
TCN1_ebffa5b7,TCN1,loso_subject_S014,38,0.0008789289344840562,,0.02067535198807514,,0.0006028918288560267
TCN1_ebffa5b7,TCN1,loso_subject_S014,39,0.0007031543280356935,,0.01822077910240316,,0.00058530659307753
TCN1_ebffa5b7,TCN1,loso_subject_S014,40,0.000698418620907545,,0.018543642303939588,,0.0005676669170915806
TCN1_ebffa5b7,TCN1,loso_subject_S014,41,0.0006680310082602898,,0.017833977097768735,,0.0005499999999999997
TCN1_ebffa5b7,TCN1,loso_subject_S014,42,0.0008197109321606346,,0.019874250038775198,,0.000532333082908419
TCN1_ebffa5b7,TCN1,loso_subject_S014,43,0.0006307452621675354,,0.017392835962144953,,0.0005146934069224697
TCN1_ebffa5b7,TCN1,loso_subject_S014,44,0.0006406299434665509,,0.017052592263764155,,0.000497108171143973
TCN1_ebffa5b7,TCN1,loso_subject_S014,45,0.0013900688739175472,,0.02444919598729987,,0.00047960449073189616
TCN1_ebffa5b7,TCN1,loso_subject_S014,46,0.0007004077229466991,,0.017947541766741484,,0.00046220935509274226
TCN1_ebffa5b7,TCN1,loso_subject_S014,47,0.0009506201774408845,,0.020762837044451962,,0.00044494958626484254
TCN1_ebffa5b7,TCN1,loso_subject_S014,48,0.0006065569207684455,,0.017054269957420983,,0.00042785179756071645
TCN1_ebffa5b7,TCN1,loso_subject_S014,49,0.0006086353641260375,,0.016579996094942498,,0.0004109423525312737
TCN1_ebffa5b7,TCN1,loso_subject_S014,50,0.0005628873368686442,,0.016067933929998723,,0.0003942473243151282
TCN1_ebffa5b7,TCN1,loso_subject_S014,51,0.0005639507975140729,,0.016297900474334614,,0.0003777924554357096
TCN1_ebffa5b7,TCN1,loso_subject_S014,52,0.0005607075524968625,,0.016114657338082487,,0.0003616031181081575
TCN1_ebffa5b7,TCN1,loso_subject_S014,53,0.0006234730385241521,,0.016969778030756576,,0.000345704275117204
TCN1_ebffa5b7,TCN1,loso_subject_S014,54,0.0005583586124377167,,0.01593301427789374,,0.00033012044132637024
TCN1_ebffa5b7,TCN1,loso_subject_S014,55,0.0005217059702318556,,0.01536623420658662,,0.00031487564587782306
TCN1_ebffa5b7,TCN1,loso_subject_S014,56,0.0005002792725461679,,0.01534016772927574,,0.00029999339514117897
TCN1_ebffa5b7,TCN1,loso_subject_S014,57,0.0004843799607623297,,0.014982055830935266,,0.0002854966364683872
TCN1_ebffa5b7,TCN1,loso_subject_S014,58,0.0004693711901590361,,0.014628934617358274,,0.0002714077228105749
TCN1_ebffa5b7,TCN1,loso_subject_S014,59,0.00048686178851357214,,0.014816384890285939,,0.00025774837825141746
TCN1_ebffa5b7,TCN1,loso_subject_S014,60,0.0004968675810856356,,0.015396742181178872,,0.0002445396645101764
TCN1_ebffa5b7,TCN1,loso_subject_S014,61,0.000479697771362752,,0.014619745827692677,,0.0002318019484660537
TCN1_ebffa5b7,TCN1,loso_subject_S014,62,0.00045912275854912717,,0.014309690014818124,,0.00021955487075394156
TCN1_ebffa5b7,TCN1,loso_subject_S014,63,0.000434728828357637,,0.014004055126008842,,0.0002078173154799862
TCN1_ebffa5b7,TCN1,loso_subject_S014,64,0.00047565336182637613,,0.014725554313238692,,0.00019660738110366478
TCN1_ebffa5b7,TCN1,loso_subject_S014,65,0.0005870064665960284,,0.016219154379768567,,0.00018594235253127373
TCN1_ebffa5b7,TCN1,loso_subject_S014,66,0.0004605116914527727,,0.014539059495683033,,0.00017583867446385477
TCN1_ebffa5b7,TCN1,loso_subject_S014,67,0.00046407813488968697,,0.014376306149267382,,0.00016631192604065853
TCN1_ebffa5b7,TCN1,loso_subject_S014,68,0.00041255579551987046,,0.01355692459893348,,0.00015737679681724137
TCN1_ebffa5b7,TCN1,loso_subject_S014,69,0.0004498931508335792,,0.014139302618839543,,0.0001490470641152345
TCN1_ebffa5b7,TCN1,loso_subject_S014,70,0.0005108438739557912,,0.01481539962247191,,0.00014133557177871338
TCN1_ebffa5b7,TCN1,loso_subject_S014,71,0.00042096833779339414,,0.013782285490343648,,0.00013425421036992097
TCN1_ebffa5b7,TCN1,loso_subject_S014,72,0.00044447914133929916,,0.013677944053211115,,0.00012781389883488212
TCN1_ebffa5b7,TCN1,loso_subject_S014,73,0.0003859398749392916,,0.013047504769116387,,0.0001220245676671809
TCN1_ebffa5b7,TCN1,loso_subject_S014,74,0.00045413805154009514,,0.014089567491275547,,0.00011689514359585877
TCN1_ebffa5b7,TCN1,loso_subject_S014,75,0.00038680924637897766,,0.013368342672624895,,0.00011243353582104555
TCN1_ebffa5b7,TCN1,loso_subject_S014,76,0.0004115292783577552,,0.013520557103213713,,0.0001086466238185463
TCN1_ebffa5b7,TCN1,loso_subject_S014,77,0.0003943451854569524,,0.01342502087607651,,0.00010554024673218805
TCN1_ebffa5b7,TCN1,loso_subject_S014,78,0.0004634246329913518,,0.014197170289141617,,0.00010311919437028317
TCN1_ebffa5b7,TCN1,loso_subject_S014,79,0.0003802808801721029,,0.013250151271528622,,0.00010138719982009242
TCN1_ebffa5b7,TCN1,loso_subject_S014,80,0.0003745104330706,,0.01313471003279014,,0.0001003469336916747
TCN1_ebffa5b7,TCN1,loso_subject_S016,1,0.19551032092472184,,0.31729602174528804,,0.001
TCN1_ebffa5b7,TCN1,loso_subject_S016,2,0.038653505971061,,0.1446807982934384,,0.0009996530663083252
TCN1_ebffa5b7,TCN1,loso_subject_S016,3,0.02090567356130313,,0.10714072965824573,,0.0009986128001799074
TCN1_ebffa5b7,TCN1,loso_subject_S016,4,0.012660574142998409,,0.08382783558509305,,0.0009968808056297167
TCN1_ebffa5b7,TCN1,loso_subject_S016,5,0.009479599607853724,,0.07299933602519074,,0.0009944597532678117
TCN1_ebffa5b7,TCN1,loso_subject_S016,6,0.0073024202487743575,,0.06341862928212168,,0.0009913533761814533
TCN1_ebffa5b7,TCN1,loso_subject_S016,7,0.005992111513995373,,0.056717421240285636,,0.000987566464178954
TCN1_ebffa5b7,TCN1,loso_subject_S016,8,0.005297639047672058,,0.053434420227205466,,0.0009831048564041408
TCN1_ebffa5b7,TCN1,loso_subject_S016,9,0.004170840141680541,,0.04788583283370046,,0.0009779754323328187
TCN1_ebffa5b7,TCN1,loso_subject_S016,10,0.0036196945823139784,,0.044823521483519764,,0.0009721861011651174
TCN1_ebffa5b7,TCN1,loso_subject_S016,11,0.0034700898714513386,,0.04350954269236278,,0.0009657457896300785
TCN1_ebffa5b7,TCN1,loso_subject_S016,12,0.003038431714406242,,0.04063709309928858,,0.000958664428221286
TCN1_ebffa5b7,TCN1,loso_subject_S016,13,0.002690801380736499,,0.038484056737403766,,0.000950952935884765
TCN1_ebffa5b7,TCN1,loso_subject_S016,14,0.002667472918765075,,0.03757190100109609,,0.0009426232031827582
TCN1_ebffa5b7,TCN1,loso_subject_S016,15,0.002620399135586883,,0.03766932125745127,,0.0009336880739593409
TCN1_ebffa5b7,TCN1,loso_subject_S016,16,0.0022223718744021,,0.03465370068840942,,0.0009241613255361449
TCN1_ebffa5b7,TCN1,loso_subject_S016,17,0.0018244127558179738,,0.03149074644609367,,0.0009140576474687258
TCN1_ebffa5b7,TCN1,loso_subject_S016,18,0.001713288523476501,,0.029897976337105597,,0.0009033926188963346
TCN1_ebffa5b7,TCN1,loso_subject_S016,19,0.0016829512539586857,,0.03004191887262839,,0.0008921826845200134
TCN1_ebffa5b7,TCN1,loso_subject_S016,20,0.0015469307748441042,,0.028068318923101347,,0.000880445129246058
TCN1_ebffa5b7,TCN1,loso_subject_S016,21,0.0015029883550245304,,0.028468395685702162,,0.0008681980515339459
TCN1_ebffa5b7,TCN1,loso_subject_S016,22,0.001239921809948142,,0.02548940335437855,,0.0008554603354898234
TCN1_ebffa5b7,TCN1,loso_subject_S016,23,0.0013208881931269577,,0.025539405613977852,,0.0008422516217485822
TCN1_ebffa5b7,TCN1,loso_subject_S016,24,0.0014390049024108028,,0.026724774430408556,,0.0008285922771894248
TCN1_ebffa5b7,TCN1,loso_subject_S016,25,0.001181708950294686,,0.02430190528485794,,0.0008145033635316124
TCN1_ebffa5b7,TCN1,loso_subject_S016,26,0.0012382226421849818,,0.02438612451062765,,0.0008000066048588205
TCN1_ebffa5b7,TCN1,loso_subject_S016,27,0.0011839330089952666,,0.024471564258351404,,0.0007851243541221765
TCN1_ebffa5b7,TCN1,loso_subject_S016,28,0.0009718890658931822,,0.02236312191843507,,0.0007698795586736293
TCN1_ebffa5b7,TCN1,loso_subject_S016,29,0.0010121792605416425,,0.022276147770578035,,0.0007542957248827956
TCN1_ebffa5b7,TCN1,loso_subject_S016,30,0.0009850315341099238,,0.0215911811052874,,0.0007383968818918422
TCN1_ebffa5b7,TCN1,loso_subject_S016,31,0.000865754839931752,,0.0204544566451864,,0.00072220754456429
TCN1_ebffa5b7,TCN1,loso_subject_S016,32,0.0008275126498417265,,0.020222529738981667,,0.0007057526756848715
TCN1_ebffa5b7,TCN1,loso_subject_S016,33,0.0008553422810497317,,0.020439439123601282,,0.000689057647468726
TCN1_ebffa5b7,TCN1,loso_subject_S016,34,0.0009570841224309826,,0.021219484897545132,,0.000672148202439283
TCN1_ebffa5b7,TCN1,loso_subject_S016,35,0.0007420855670438295,,0.01865803207652818,,0.0006550504137351571
TCN1_ebffa5b7,TCN1,loso_subject_S016,36,0.0007405642680037298,,0.018454262891899165,,0.0006377906449072574
TCN1_ebffa5b7,TCN1,loso_subject_S016,37,0.0007240706212049595,,0.018462828108316773,,0.0006203955092681036
TCN1_ebffa5b7,TCN1,loso_subject_S016,38,0.0008059450919582601,,0.019924781317685308,,0.0006028918288560267
TCN1_ebffa5b7,TCN1,loso_subject_S016,39,0.0006621246987357037,,0.01762045785564999,,0.00058530659307753
TCN1_ebffa5b7,TCN1,loso_subject_S016,40,0.0006514025968967639,,0.017614922101731753,,0.0005676669170915806
TCN1_ebffa5b7,TCN1,loso_subject_S016,41,0.0006147805133512389,,0.016593417839394338,,0.0005499999999999997
TCN1_ebffa5b7,TCN1,loso_subject_S016,42,0.0006449247888931081,,0.017746829315420768,,0.000532333082908419
TCN1_ebffa5b7,TCN1,loso_subject_S016,43,0.0006256549467455007,,0.01736662120885408,,0.0005146934069224697
TCN1_ebffa5b7,TCN1,loso_subject_S016,44,0.0006123172556519529,,0.016389726443920314,,0.000497108171143973
TCN1_ebffa5b7,TCN1,loso_subject_S016,45,0.000618735509025727,,0.016834497257028444,,0.00047960449073189616
TCN1_ebffa5b7,TCN1,loso_subject_S016,46,0.0005373782884009961,,0.015924021551740074,,0.00046220935509274226
TCN1_ebffa5b7,TCN1,loso_subject_S016,47,0.0005358797691552712,,0.015771976095342123,,0.00044494958626484254
TCN1_ebffa5b7,TCN1,loso_subject_S016,48,0.0005340600815718999,,0.016030692408016155,,0.00042785179756071645
TCN1_ebffa5b7,TCN1,loso_subject_S016,49,0.0005762684060667639,,0.015984692318669592,,0.0004109423525312737
TCN1_ebffa5b7,TCN1,loso_subject_S016,50,0.0005268444107088882,,0.01559606511595262,,0.0003942473243151282
TCN1_ebffa5b7,TCN1,loso_subject_S016,51,0.0005241188613308379,,0.015642096650544505,,0.0003777924554357096
TCN1_ebffa5b7,TCN1,loso_subject_S016,52,0.000528026358305599,,0.015026480658604057,,0.0003616031181081575
TCN1_ebffa5b7,TCN1,loso_subject_S016,53,0.000504455230312407,,0.014869684842852102,,0.000345704275117204
TCN1_ebffa5b7,TCN1,loso_subject_S016,54,0.0005098386321543908,,0.014630097751043757,,0.00033012044132637024
TCN1_ebffa5b7,TCN1,loso_subject_S016,55,0.0004972654910403586,,0.014952287135331145,,0.00031487564587782306
TCN1_ebffa5b7,TCN1,loso_subject_S016,56,0.0004634466903950849,,0.014275878508033446,,0.00029999339514117897
TCN1_ebffa5b7,TCN1,loso_subject_S016,57,0.00046003015069590616,,0.01421919778668529,,0.0002854966364683872
TCN1_ebffa5b7,TCN1,loso_subject_S016,58,0.0004721130788277575,,0.014290655221560365,,0.0002714077228105749
TCN1_ebffa5b7,TCN1,loso_subject_S016,59,0.0004513584693454346,,0.014113097838637977,,0.00025774837825141746
TCN1_ebffa5b7,TCN1,loso_subject_S016,60,0.00047146378110921955,,0.014007021960160687,,0.0002445396645101764
TCN1_ebffa5b7,TCN1,loso_subject_S016,61,0.0004498112091423829,,0.013873530561778565,,0.0002318019484660537
TCN1_ebffa5b7,TCN1,loso_subject_S016,62,0.00045905850378886347,,0.013878368755088416,,0.00021955487075394156
TCN1_ebffa5b7,TCN1,loso_subject_S016,63,0.00043624181184298474,,0.01368748924717427,,0.0002078173154799862
TCN1_ebffa5b7,TCN1,loso_subject_S016,64,0.00041823143741220794,,0.013432191100580762,,0.00019660738110366478
TCN1_ebffa5b7,TCN1,loso_subject_S016,65,0.00041778102996521915,,0.01346053913655134,,0.00018594235253127373
TCN1_ebffa5b7,TCN1,loso_subject_S016,66,0.00040614586332862843,,0.013091098192589853,,0.00017583867446385477
TCN1_ebffa5b7,TCN1,loso_subject_S016,67,0.00042459646011415577,,0.013451361769046285,,0.00016631192604065853
TCN1_ebffa5b7,TCN1,loso_subject_S016,68,0.0004172463181625862,,0.013083037982717276,,0.00015737679681724137
TCN1_ebffa5b7,TCN1,loso_subject_S016,69,0.0003639560791051475,,0.012438729028379789,,0.0001490470641152345
TCN1_ebffa5b7,TCN1,loso_subject_S016,70,0.000410675402791876,,0.012857058857025793,,0.00014133557177871338
TCN1_ebffa5b7,TCN1,loso_subject_S016,71,0.00041244278135072767,,0.013066170307690273,,0.00013425421036992097
TCN1_ebffa5b7,TCN1,loso_subject_S016,72,0.00040323037954406867,,0.012676354687431222,,0.00012781389883488212
TCN1_ebffa5b7,TCN1,loso_subject_S016,73,0.0003666365670537122,,0.012464000731107377,,0.0001220245676671809
TCN1_ebffa5b7,TCN1,loso_subject_S016,74,0.0003733490585928768,,0.012276433705384705,,0.00011689514359585877
TCN1_ebffa5b7,TCN1,loso_subject_S016,75,0.00040356597799780323,,0.012750711946201388,,0.00011243353582104555
TCN1_ebffa5b7,TCN1,loso_subject_S016,76,0.0003735200602164237,,0.012484014616035743,,0.0001086466238185463
TCN1_ebffa5b7,TCN1,loso_subject_S016,77,0.0003547776782190447,,0.012268848712218991,,0.00010554024673218805
TCN1_ebffa5b7,TCN1,loso_subject_S016,78,0.00038119173867299643,,0.012616760124909334,,0.00010311919437028317
TCN1_ebffa5b7,TCN1,loso_subject_S016,79,0.0003725932994526599,,0.012656675691618996,,0.00010138719982009242
TCN1_ebffa5b7,TCN1,loso_subject_S016,80,0.0003470686511211497,,0.01226125958178382,,0.0001003469336916747
TCN1_ebffa5b7,TCN1,loso_subject_S017,1,0.29092112970792494,,0.376007639040829,,0.001
TCN1_ebffa5b7,TCN1,loso_subject_S017,2,0.04255352716928305,,0.1530428294235066,,0.0009996530663083252
TCN1_ebffa5b7,TCN1,loso_subject_S017,3,0.021302186986238966,,0.11058416724538286,,0.0009986128001799074
TCN1_ebffa5b7,TCN1,loso_subject_S017,4,0.01491952080548476,,0.09127969058720954,,0.0009968808056297167
TCN1_ebffa5b7,TCN1,loso_subject_S017,5,0.011142443907196261,,0.0794016273836793,,0.0009944597532678117
TCN1_ebffa5b7,TCN1,loso_subject_S017,6,0.00947597251415394,,0.07278090958543165,,0.0009913533761814533
TCN1_ebffa5b7,TCN1,loso_subject_S017,7,0.0071017237336594785,,0.06383821185172028,,0.000987566464178954
TCN1_ebffa5b7,TCN1,loso_subject_S017,8,0.00639053450986334,,0.05935694865304226,,0.0009831048564041408
TCN1_ebffa5b7,TCN1,loso_subject_S017,9,0.005342605266081291,,0.05465583647157895,,0.0009779754323328187
TCN1_ebffa5b7,TCN1,loso_subject_S017,10,0.0042138939318778915,,0.048853281605136634,,0.0009721861011651174
TCN1_ebffa5b7,TCN1,loso_subject_S017,11,0.003667571729519955,,0.044718844359737456,,0.0009657457896300785
TCN1_ebffa5b7,TCN1,loso_subject_S017,12,0.0033918297309138107,,0.04362939122934254,,0.000958664428221286
TCN1_ebffa5b7,TCN1,loso_subject_S017,13,0.003140885997236959,,0.04200654294024945,,0.000950952935884765
TCN1_ebffa5b7,TCN1,loso_subject_S017,14,0.00281455565009393,,0.039427746196508774,,0.0009426232031827582
TCN1_ebffa5b7,TCN1,loso_subject_S017,15,0.002616671758291404,,0.03753616940072333,,0.0009336880739593409
TCN1_ebffa5b7,TCN1,loso_subject_S017,16,0.002337177641828955,,0.03579986063553313,,0.0009241613255361449
TCN1_ebffa5b7,TCN1,loso_subject_S017,17,0.0022162920239143847,,0.03488424228853349,,0.0009140576474687258
TCN1_ebffa5b7,TCN1,loso_subject_S017,18,0.0020508898469619135,,0.03356552570275596,,0.0009033926188963346
TCN1_ebffa5b7,TCN1,loso_subject_S017,19,0.0019150478965574412,,0.03240305176733793,,0.0008921826845200134
TCN1_ebffa5b7,TCN1,loso_subject_S017,20,0.0018096366252305799,,0.031457849497039295,,0.000880445129246058
TCN1_ebffa5b7,TCN1,loso_subject_S017,21,0.0015285763878623666,,0.029208223476516155,,0.0008681980515339459
TCN1_ebffa5b7,TCN1,loso_subject_S017,22,0.0015456228482201493,,0.028738000806041063,,0.0008554603354898234
TCN1_ebffa5b7,TCN1,loso_subject_S017,23,0.0016368489147915676,,0.029523541969703197,,0.0008422516217485822
TCN1_ebffa5b7,TCN1,loso_subject_S017,24,0.0015558053671358067,,0.02849539669665471,,0.0008285922771894248
TCN1_ebffa5b7,TCN1,loso_subject_S017,25,0.001379708149322059,,0.027088245964583525,,0.0008145033635316124
TCN1_ebffa5b7,TCN1,loso_subject_S017,26,0.0013154240704241916,,0.026047693646911525,,0.0008000066048588205
TCN1_ebffa5b7,TCN1,loso_subject_S017,27,0.0012614659297099967,,0.025509995764663607,,0.0007851243541221765
TCN1_ebffa5b7,TCN1,loso_subject_S017,28,0.001137962472632651,,0.024731783583250257,,0.0007698795586736293
TCN1_ebffa5b7,TCN1,loso_subject_S017,29,0.0011650149673334742,,0.02453949591583597,,0.0007542957248827956
TCN1_ebffa5b7,TCN1,loso_subject_S017,30,0.0011153876533839435,,0.024448405926645066,,0.0007383968818918422
TCN1_ebffa5b7,TCN1,loso_subject_S017,31,0.0011907707690056166,,0.025091039062288607,,0.00072220754456429
TCN1_ebffa5b7,TCN1,loso_subject_S017,32,0.0010084176503682982,,0.022625252037674886,,0.0007057526756848715
TCN1_ebffa5b7,TCN1,loso_subject_S017,33,0.0010470498948495599,,0.022981062903242852,,0.000689057647468726
TCN1_ebffa5b7,TCN1,loso_subject_S017,34,0.0010017782154009226,,0.02235300899667887,,0.000672148202439283
TCN1_ebffa5b7,TCN1,loso_subject_S017,35,0.0009553947467678828,,0.02235701472016562,,0.0006550504137351571
TCN1_ebffa5b7,TCN1,loso_subject_S017,36,0.0009330017288221455,,0.02181101931806279,,0.0006377906449072574
TCN1_ebffa5b7,TCN1,loso_subject_S017,37,0.0009712925052305955,,0.022069934151513784,,0.0006203955092681036
TCN1_ebffa5b7,TCN1,loso_subject_S017,38,0.0008497053003391508,,0.02059494434552591,,0.0006028918288560267
TCN1_ebffa5b7,TCN1,loso_subject_S017,39,0.0008816266612708221,,0.020912660739341355,,0.00058530659307753
TCN1_ebffa5b7,TCN1,loso_subject_S017,40,0.000823858275713531,,0.02046849530522236,,0.0005676669170915806
TCN1_ebffa5b7,TCN1,loso_subject_S017,41,0.0008028614775875964,,0.01950293737051801,,0.0005499999999999997
TCN1_ebffa5b7,TCN1,loso_subject_S017,42,0.0007867238528743104,,0.01966466813628167,,0.000532333082908419
TCN1_ebffa5b7,TCN1,loso_subject_S017,43,0.0007132262996317751,,0.019308001994682706,,0.0005146934069224697
TCN1_ebffa5b7,TCN1,loso_subject_S017,44,0.0007609096602492555,,0.019616545948049388,,0.000497108171143973
TCN1_ebffa5b7,TCN1,loso_subject_S017,45,0.0007121339375056928,,0.01867462172839186,,0.00047960449073189616
TCN1_ebffa5b7,TCN1,loso_subject_S017,46,0.0006275804455290125,,0.01788305244034567,,0.00046220935509274226
TCN1_ebffa5b7,TCN1,loso_subject_S017,47,0.0007139651154277461,,0.018586945787870006,,0.00044494958626484254
TCN1_ebffa5b7,TCN1,loso_subject_S017,48,0.0007118510107177786,,0.018908353408174327,,0.00042785179756071645
TCN1_ebffa5b7,TCN1,loso_subject_S017,49,0.0006759919113383614,,0.017991102867709583,,0.0004109423525312737
TCN1_ebffa5b7,TCN1,loso_subject_S017,50,0.0005962731464049091,,0.01705638463859819,,0.0003942473243151282
TCN1_ebffa5b7,TCN1,loso_subject_S017,51,0.0006601815073866421,,0.017457671345456782,,0.0003777924554357096
TCN1_ebffa5b7,TCN1,loso_subject_S017,52,0.0006660686471845553,,0.017937511525687143,,0.0003616031181081575
TCN1_ebffa5b7,TCN1,loso_subject_S017,53,0.0006102735824797458,,0.01692293309463016,,0.000345704275117204
TCN1_ebffa5b7,TCN1,loso_subject_S017,54,0.0005621961479896433,,0.016703679060019988,,0.00033012044132637024
TCN1_ebffa5b7,TCN1,loso_subject_S017,55,0.0005568153561113111,,0.01615728137895379,,0.00031487564587782306
TCN1_ebffa5b7,TCN1,loso_subject_S017,56,0.0005305758385497083,,0.016003835504487668,,0.00029999339514117897
TCN1_ebffa5b7,TCN1,loso_subject_S017,57,0.0005468887590462126,,0.016145000310304792,,0.0002854966364683872
TCN1_ebffa5b7,TCN1,loso_subject_S017,58,0.0005710448962475338,,0.016510022616046074,,0.0002714077228105749
TCN1_ebffa5b7,TCN1,loso_subject_S017,59,0.0005094644676919829,,0.01565277790735936,,0.00025774837825141746
TCN1_ebffa5b7,TCN1,loso_subject_S017,60,0.0005201055424082621,,0.01549610964100529,,0.0002445396645101764
TCN1_ebffa5b7,TCN1,loso_subject_S017,61,0.000527496941016868,,0.015680141278969578,,0.0002318019484660537
TCN1_ebffa5b7,TCN1,loso_subject_S017,62,0.0005074199877472002,,0.01532502460976105,,0.00021955487075394156
TCN1_ebffa5b7,TCN1,loso_subject_S017,63,0.0005571108368971464,,0.015961469855173407,,0.0002078173154799862
TCN1_ebffa5b7,TCN1,loso_subject_S017,64,0.00048192929527310444,,0.014806285505575958,,0.00019660738110366478
TCN1_ebffa5b7,TCN1,loso_subject_S017,65,0.0005744691961910418,,0.016318650240213013,,0.00018594235253127373
TCN1_ebffa5b7,TCN1,loso_subject_S017,66,0.0004881477649314963,,0.014983672467832018,,0.00017583867446385477
TCN1_ebffa5b7,TCN1,loso_subject_S017,67,0.0004662475395571426,,0.014927311150293377,,0.00016631192604065853
TCN1_ebffa5b7,TCN1,loso_subject_S017,68,0.0004891146063592862,,0.014338028101835643,,0.00015737679681724137
TCN1_ebffa5b7,TCN1,loso_subject_S017,69,0.0004550681790917741,,0.014571416998734639,,0.0001490470641152345
TCN1_ebffa5b7,TCN1,loso_subject_S017,70,0.00046624523997730117,,0.014481525124003022,,0.00014133557177871338
TCN1_ebffa5b7,TCN1,loso_subject_S017,71,0.00046515684274020687,,0.014668115616029034,,0.00013425421036992097
TCN1_ebffa5b7,TCN1,loso_subject_S017,72,0.0004294760113887196,,0.014010001435340643,,0.00012781389883488212
TCN1_ebffa5b7,TCN1,loso_subject_S017,73,0.0004873804027898779,,0.014471113436259847,,0.0001220245676671809
TCN1_ebffa5b7,TCN1,loso_subject_S017,74,0.00044056342591057237,,0.014007626797262893,,0.00011689514359585877
TCN1_ebffa5b7,TCN1,loso_subject_S017,75,0.0004692944835053513,,0.014335414728952016,,0.00011243353582104555
TCN1_ebffa5b7,TCN1,loso_subject_S017,76,0.0004326645282721409,,0.01411091262220286,,0.0001086466238185463
TCN1_ebffa5b7,TCN1,loso_subject_S017,77,0.0004195347335122517,,0.01393422943873502,,0.00010554024673218805
TCN1_ebffa5b7,TCN1,loso_subject_S017,78,0.00041893164107744226,,0.013826199323418624,,0.00010311919437028317
TCN1_ebffa5b7,TCN1,loso_subject_S017,79,0.0004359479658784167,,0.013983502523908571,,0.00010138719982009242
TCN1_ebffa5b7,TCN1,loso_subject_S017,80,0.0004539864857435168,,0.013904461231914588,,0.0001003469336916747
TCN1_ebffa5b7,TCN1,loso_subject_S018,1,0.20353451580913873,,0.31605645414597394,,0.001
TCN1_ebffa5b7,TCN1,loso_subject_S018,2,0.031495240809110696,,0.13193574760985938,,0.0009996530663083252
TCN1_ebffa5b7,TCN1,loso_subject_S018,3,0.016081663696399857,,0.09279989652810802,,0.0009986128001799074
TCN1_ebffa5b7,TCN1,loso_subject_S018,4,0.011516926787231646,,0.07955309616955943,,0.0009968808056297167
TCN1_ebffa5b7,TCN1,loso_subject_S018,5,0.008660949038823433,,0.06994476285122404,,0.0009944597532678117
TCN1_ebffa5b7,TCN1,loso_subject_S018,6,0.00662869814929259,,0.06068736029557906,,0.0009913533761814533
TCN1_ebffa5b7,TCN1,loso_subject_S018,7,0.005310812320285252,,0.05398952896568373,,0.000987566464178954
TCN1_ebffa5b7,TCN1,loso_subject_S018,8,0.0046696615922899405,,0.05036874633076199,,0.0009831048564041408
TCN1_ebffa5b7,TCN1,loso_subject_S018,9,0.0039813123639177335,,0.04651433632004489,,0.0009779754323328187
TCN1_ebffa5b7,TCN1,loso_subject_S018,10,0.003444724235811514,,0.04359045342170486,,0.0009721861011651174
TCN1_ebffa5b7,TCN1,loso_subject_S018,11,0.003256111304637789,,0.04150629733523608,,0.0009657457896300785
TCN1_ebffa5b7,TCN1,loso_subject_S018,12,0.003049703519164252,,0.0403326782085877,,0.000958664428221286
TCN1_ebffa5b7,TCN1,loso_subject_S018,13,0.002499877208453088,,0.03711494240956848,,0.000950952935884765
TCN1_ebffa5b7,TCN1,loso_subject_S018,14,0.002252177699077386,,0.03481697220826813,,0.0009426232031827582
TCN1_ebffa5b7,TCN1,loso_subject_S018,15,0.0021532665794249777,,0.033332160633333524,,0.0009336880739593409
TCN1_ebffa5b7,TCN1,loso_subject_S018,16,0.0020222539516625937,,0.0317004618821946,,0.0009241613255361449
TCN1_ebffa5b7,TCN1,loso_subject_S018,17,0.0018222327320565137,,0.030471570821772622,,0.0009140576474687258
TCN1_ebffa5b7,TCN1,loso_subject_S018,18,0.0018339780665884038,,0.030880794459733813,,0.0009033926188963346
TCN1_ebffa5b7,TCN1,loso_subject_S018,19,0.0015091609470419616,,0.02823270920588095,,0.0008921826845200134
TCN1_ebffa5b7,TCN1,loso_subject_S018,20,0.0015473148332005467,,0.02897236812057793,,0.000880445129246058
TCN1_ebffa5b7,TCN1,loso_subject_S018,21,0.0014774628109934804,,0.02715364904448935,,0.0008681980515339459
TCN1_ebffa5b7,TCN1,loso_subject_S018,22,0.001423829861024323,,0.02673760607992997,,0.0008554603354898234
TCN1_ebffa5b7,TCN1,loso_subject_S018,23,0.001379353013351667,,0.02662462058005865,,0.0008422516217485822
TCN1_ebffa5b7,TCN1,loso_subject_S018,24,0.0012698101944297036,,0.02500333435599493,,0.0008285922771894248
TCN1_ebffa5b7,TCN1,loso_subject_S018,25,0.0012260602046435596,,0.02502374805440097,,0.0008145033635316124
TCN1_ebffa5b7,TCN1,loso_subject_S018,26,0.0011383723245800088,,0.02400256347848243,,0.0008000066048588205
TCN1_ebffa5b7,TCN1,loso_subject_S018,27,0.0011556687893976984,,0.023302402339487372,,0.0007851243541221765
TCN1_ebffa5b7,TCN1,loso_subject_S018,28,0.0011136487658340913,,0.023018233151850132,,0.0007698795586736293
TCN1_ebffa5b7,TCN1,loso_subject_S018,29,0.00101097075306464,,0.022502591402030814,,0.0007542957248827956
TCN1_ebffa5b7,TCN1,loso_subject_S018,30,0.000989967466670222,,0.021413092525279728,,0.0007383968818918422
TCN1_ebffa5b7,TCN1,loso_subject_S018,31,0.0009871593606560294,,0.02173728482268917,,0.00072220754456429
TCN1_ebffa5b7,TCN1,loso_subject_S018,32,0.0010058931401971754,,0.022375738125821464,,0.0007057526756848715
TCN1_ebffa5b7,TCN1,loso_subject_S018,33,0.0008753680766110304,,0.020742579788698003,,0.000689057647468726
TCN1_ebffa5b7,TCN1,loso_subject_S018,34,0.0008888102939135919,,0.020731784487743137,,0.000672148202439283
TCN1_ebffa5b7,TCN1,loso_subject_S018,35,0.000896932737049024,,0.020244970429880445,,0.0006550504137351571
TCN1_ebffa5b7,TCN1,loso_subject_S018,36,0.0007951471033663175,,0.019871087038425824,,0.0006377906449072574
TCN1_ebffa5b7,TCN1,loso_subject_S018,37,0.0008229981924266386,,0.019877520481208336,,0.0006203955092681036
TCN1_ebffa5b7,TCN1,loso_subject_S018,38,0.0007755124695221002,,0.019234371196397804,,0.0006028918288560267
TCN1_ebffa5b7,TCN1,loso_subject_S018,39,0.0007503228728726835,,0.01855505004587896,,0.00058530659307753
TCN1_ebffa5b7,TCN1,loso_subject_S018,40,0.0006589423759744553,,0.01783035287145717,,0.0005676669170915806
TCN1_ebffa5b7,TCN1,loso_subject_S018,41,0.0006391176850536181,,0.017331860116545767,,0.0005499999999999997
TCN1_ebffa5b7,TCN1,loso_subject_S018,42,0.0006398795034336008,,0.017138679987908027,,0.000532333082908419
TCN1_ebffa5b7,TCN1,loso_subject_S018,43,0.0006052854722243631,,0.017141946904691688,,0.0005146934069224697
TCN1_ebffa5b7,TCN1,loso_subject_S018,44,0.000676732779941505,,0.01754818268798053,,0.000497108171143973
TCN1_ebffa5b7,TCN1,loso_subject_S018,45,0.0006614430766376612,,0.017374699827381306,,0.00047960449073189616
TCN1_ebffa5b7,TCN1,loso_subject_S018,46,0.00063722345743382,,0.017135101230317584,,0.00046220935509274226
TCN1_ebffa5b7,TCN1,loso_subject_S018,47,0.0005744953551466853,,0.01644971881600868,,0.00044494958626484254
TCN1_ebffa5b7,TCN1,loso_subject_S018,48,0.0005611353179175113,,0.01584090289800597,,0.00042785179756071645
TCN1_ebffa5b7,TCN1,loso_subject_S018,49,0.0006275299517302142,,0.016545655201323384,,0.0004109423525312737
TCN1_ebffa5b7,TCN1,loso_subject_S018,50,0.0006019428973340942,,0.016324619010365794,,0.0003942473243151282
TCN1_ebffa5b7,TCN1,loso_subject_S018,51,0.0005721475650947879,,0.01587135714318093,,0.0003777924554357096
TCN1_ebffa5b7,TCN1,loso_subject_S018,52,0.0006110612748291159,,0.01622116201858414,,0.0003616031181081575
TCN1_ebffa5b7,TCN1,loso_subject_S018,53,0.0005723547739942772,,0.015568161397743047,,0.000345704275117204
TCN1_ebffa5b7,TCN1,loso_subject_S018,54,0.0005239397608179855,,0.015323613559560082,,0.00033012044132637024
TCN1_ebffa5b7,TCN1,loso_subject_S018,55,0.0005435197409144029,,0.015354951932560803,,0.00031487564587782306
TCN1_ebffa5b7,TCN1,loso_subject_S018,56,0.0005238357070961128,,0.01552335869830841,,0.00029999339514117897
TCN1_ebffa5b7,TCN1,loso_subject_S018,57,0.0005620919402192252,,0.01539455244469002,,0.0002854966364683872
TCN1_ebffa5b7,TCN1,loso_subject_S018,58,0.0005415925454713438,,0.01492347192548652,,0.0002714077228105749
TCN1_ebffa5b7,TCN1,loso_subject_S018,59,0.00047229869852459685,,0.014754081520593525,,0.00025774837825141746
TCN1_ebffa5b7,TCN1,loso_subject_S018,60,0.0005125938591219961,,0.014690053811753286,,0.0002445396645101764
TCN1_ebffa5b7,TCN1,loso_subject_S018,61,0.00047967571026291943,,0.014349943551504138,,0.0002318019484660537
TCN1_ebffa5b7,TCN1,loso_subject_S018,62,0.0004516936265529194,,0.013990007060817836,,0.00021955487075394156
TCN1_ebffa5b7,TCN1,loso_subject_S018,63,0.0004598759882474757,,0.014110842909315385,,0.0002078173154799862
TCN1_ebffa5b7,TCN1,loso_subject_S018,64,0.0004829270894075094,,0.014114871307877072,,0.00019660738110366478
TCN1_ebffa5b7,TCN1,loso_subject_S018,65,0.0004305287875420803,,0.013650535772273884,,0.00018594235253127373
TCN1_ebffa5b7,TCN1,loso_subject_S018,66,0.000494092432347899,,0.014067748591048156,,0.00017583867446385477
TCN1_ebffa5b7,TCN1,loso_subject_S018,67,0.00045766070035583824,,0.013640126756124991,,0.00016631192604065853
TCN1_ebffa5b7,TCN1,loso_subject_S018,68,0.0004505731104252415,,0.013572378002659485,,0.00015737679681724137
TCN1_ebffa5b7,TCN1,loso_subject_S018,69,0.0004065201868857949,,0.0132554975739572,,0.0001490470641152345
TCN1_ebffa5b7,TCN1,loso_subject_S018,70,0.00044205057794536023,,0.013758061723237904,,0.00014133557177871338
TCN1_ebffa5b7,TCN1,loso_subject_S018,71,0.0004575581593359388,,0.013650604103432287,,0.00013425421036992097
TCN1_ebffa5b7,TCN1,loso_subject_S018,72,0.0004222840778864305,,0.013552231029129483,,0.00012781389883488212
TCN1_ebffa5b7,TCN1,loso_subject_S018,73,0.00041368430650216555,,0.013238223854484933,,0.0001220245676671809
TCN1_ebffa5b7,TCN1,loso_subject_S018,74,0.0004165968578256059,,0.013392716891009586,,0.00011689514359585877
TCN1_ebffa5b7,TCN1,loso_subject_S018,75,0.00039965691959007387,,0.01318717855169004,,0.00011243353582104555
TCN1_ebffa5b7,TCN1,loso_subject_S018,76,0.0004016942363901696,,0.012989002811174035,,0.0001086466238185463
TCN1_ebffa5b7,TCN1,loso_subject_S018,77,0.00041140281062319336,,0.01287219110440961,,0.00010554024673218805
TCN1_ebffa5b7,TCN1,loso_subject_S018,78,0.0004141310138657132,,0.01365900121559291,,0.00010311919437028317
TCN1_ebffa5b7,TCN1,loso_subject_S018,79,0.0004129962686313013,,0.013123731649555832,,0.00010138719982009242
TCN1_ebffa5b7,TCN1,loso_subject_S018,80,0.0004225927300053773,,0.013101625016852176,,0.0001003469336916747
TCN1_ebffa5b7,TCN1,loso_subject_S019,1,0.20133815350352444,,0.3138770703324259,,0.001
TCN1_ebffa5b7,TCN1,loso_subject_S019,2,0.04301543287864974,,0.14826130002601248,,0.0009996530663083252
TCN1_ebffa5b7,TCN1,loso_subject_S019,3,0.022849679555348293,,0.10850736650821413,,0.0009986128001799074
TCN1_ebffa5b7,TCN1,loso_subject_S019,4,0.01502599777660995,,0.08840689506764333,,0.0009968808056297167
TCN1_ebffa5b7,TCN1,loso_subject_S019,5,0.011424560620995611,,0.07851563852255569,,0.0009944597532678117
TCN1_ebffa5b7,TCN1,loso_subject_S019,6,0.00884769735430213,,0.06863810319441727,,0.0009913533761814533
TCN1_ebffa5b7,TCN1,loso_subject_S019,7,0.007028298493301058,,0.06152028179783968,,0.000987566464178954
TCN1_ebffa5b7,TCN1,loso_subject_S019,8,0.006004582847675189,,0.057261421887384895,,0.0009831048564041408
TCN1_ebffa5b7,TCN1,loso_subject_S019,9,0.005610685386520977,,0.05354394011337883,,0.0009779754323328187
TCN1_ebffa5b7,TCN1,loso_subject_S019,10,0.004928476091956115,,0.05057940700787057,,0.0009721861011651174
TCN1_ebffa5b7,TCN1,loso_subject_S019,11,0.003940184095001538,,0.04549055483585235,,0.0009657457896300785
TCN1_ebffa5b7,TCN1,loso_subject_S019,12,0.0034137608859977917,,0.04252309813087462,,0.000958664428221286
TCN1_ebffa5b7,TCN1,loso_subject_S019,13,0.0031224661030115537,,0.04047051615179985,,0.000950952935884765
TCN1_ebffa5b7,TCN1,loso_subject_S019,14,0.0031133683357887883,,0.03975402398111316,,0.0009426232031827582
TCN1_ebffa5b7,TCN1,loso_subject_S019,15,0.0025784387993010964,,0.036980378607668625,,0.0009336880739593409
TCN1_ebffa5b7,TCN1,loso_subject_S019,16,0.002405270018736916,,0.0351443047992052,,0.0009241613255361449
TCN1_ebffa5b7,TCN1,loso_subject_S019,17,0.0024572080277073627,,0.03577550773009726,,0.0009140576474687258
TCN1_ebffa5b7,TCN1,loso_subject_S019,18,0.0021666240967928322,,0.033321659235741395,,0.0009033926188963346
TCN1_ebffa5b7,TCN1,loso_subject_S019,19,0.002002782783163545,,0.03198718376616992,,0.0008921826845200134
TCN1_ebffa5b7,TCN1,loso_subject_S019,20,0.001853370249302078,,0.03081865800244951,,0.000880445129246058
TCN1_ebffa5b7,TCN1,loso_subject_S019,21,0.0017550554773824135,,0.02996726476617061,,0.0008681980515339459
TCN1_ebffa5b7,TCN1,loso_subject_S019,22,0.0015746413665124086,,0.028457547875843967,,0.0008554603354898234
TCN1_ebffa5b7,TCN1,loso_subject_S019,23,0.001473371791940599,,0.02755197063950209,,0.0008422516217485822
TCN1_ebffa5b7,TCN1,loso_subject_S019,24,0.0017071054444367263,,0.02886155273542043,,0.0008285922771894248
TCN1_ebffa5b7,TCN1,loso_subject_S019,25,0.001441708979209251,,0.027095667104495645,,0.0008145033635316124
TCN1_ebffa5b7,TCN1,loso_subject_S019,26,0.0015192119752083337,,0.02742108543881023,,0.0008000066048588205
TCN1_ebffa5b7,TCN1,loso_subject_S019,27,0.001366594227582877,,0.026017061657642133,,0.0007851243541221765
TCN1_ebffa5b7,TCN1,loso_subject_S019,28,0.0013940459833984109,,0.026290519636345044,,0.0007698795586736293
TCN1_ebffa5b7,TCN1,loso_subject_S019,29,0.001291824366446536,,0.025864659425013533,,0.0007542957248827956
TCN1_ebffa5b7,TCN1,loso_subject_S019,30,0.0012487207655754115,,0.02454861056724223,,0.0007383968818918422
TCN1_ebffa5b7,TCN1,loso_subject_S019,31,0.0012324610688321128,,0.02438652454237227,,0.00072220754456429
TCN1_ebffa5b7,TCN1,loso_subject_S019,32,0.0012255002480041715,,0.02459501810868059,,0.0007057526756848715
TCN1_ebffa5b7,TCN1,loso_subject_S019,33,0.0010966038054897938,,0.023306585694906422,,0.000689057647468726
TCN1_ebffa5b7,TCN1,loso_subject_S019,34,0.001098500076039765,,0.023072537637351273,,0.000672148202439283
TCN1_ebffa5b7,TCN1,loso_subject_S019,35,0.0009518060003659635,,0.021650884472828685,,0.0006550504137351571
TCN1_ebffa5b7,TCN1,loso_subject_S019,36,0.0010642934263080928,,0.022594336465345824,,0.0006377906449072574
TCN1_ebffa5b7,TCN1,loso_subject_S019,37,0.0009124634287258381,,0.02126377148640561,,0.0006203955092681036
TCN1_ebffa5b7,TCN1,loso_subject_S019,38,0.0008856333454388928,,0.02063965206705308,,0.0006028918288560267
TCN1_ebffa5b7,TCN1,loso_subject_S019,39,0.0008611197805680436,,0.02030412205114642,,0.00058530659307753
TCN1_ebffa5b7,TCN1,loso_subject_S019,40,0.0009046749372127973,,0.020972203375178182,,0.0005676669170915806
TCN1_ebffa5b7,TCN1,loso_subject_S019,41,0.0008976257532587568,,0.020398315990881002,,0.0005499999999999997
TCN1_ebffa5b7,TCN1,loso_subject_S019,42,0.0008483318906649392,,0.01986630195200109,,0.000532333082908419
TCN1_ebffa5b7,TCN1,loso_subject_S019,43,0.0006820626489219412,,0.0183906597840997,,0.0005146934069224697
TCN1_ebffa5b7,TCN1,loso_subject_S019,44,0.0008591060529362125,,0.01997870582952714,,0.000497108171143973
TCN1_ebffa5b7,TCN1,loso_subject_S019,45,0.0007877725880411726,,0.019558101588885615,,0.00047960449073189616
TCN1_ebffa5b7,TCN1,loso_subject_S019,46,0.000769276597105878,,0.018731774539643323,,0.00046220935509274226
TCN1_ebffa5b7,TCN1,loso_subject_S019,47,0.000764972419765916,,0.01837200411460586,,0.00044494958626484254
TCN1_ebffa5b7,TCN1,loso_subject_S019,48,0.0007148143743392363,,0.018255573958863597,,0.00042785179756071645
TCN1_ebffa5b7,TCN1,loso_subject_S019,49,0.0006809524317016408,,0.01785395458298861,,0.0004109423525312737
TCN1_ebffa5b7,TCN1,loso_subject_S019,50,0.0007199774494176274,,0.018439656524709074,,0.0003942473243151282
TCN1_ebffa5b7,TCN1,loso_subject_S019,51,0.0006647015732193683,,0.01740073783357771,,0.0003777924554357096
TCN1_ebffa5b7,TCN1,loso_subject_S019,52,0.0006643992193087954,,0.017467297790549195,,0.0003616031181081575
TCN1_ebffa5b7,TCN1,loso_subject_S019,53,0.0006027833778739055,,0.0168259310925525,,0.000345704275117204
TCN1_ebffa5b7,TCN1,loso_subject_S019,54,0.0006386830701879228,,0.01683010692491767,,0.00033012044132637024
TCN1_ebffa5b7,TCN1,loso_subject_S019,55,0.0006066051571838207,,0.016653558542273607,,0.00031487564587782306
TCN1_ebffa5b7,TCN1,loso_subject_S019,56,0.0006248392519298542,,0.017082536695580543,,0.00029999339514117897
TCN1_ebffa5b7,TCN1,loso_subject_S019,57,0.0005772098965154189,,0.016434418851012853,,0.0002854966364683872
TCN1_ebffa5b7,TCN1,loso_subject_S019,58,0.0005708871974806959,,0.016498316574581895,,0.0002714077228105749
TCN1_ebffa5b7,TCN1,loso_subject_S019,59,0.0005551961050171352,,0.016358458876735153,,0.00025774837825141746
TCN1_ebffa5b7,TCN1,loso_subject_S019,60,0.0005842240423037055,,0.016199546759700697,,0.0002445396645101764
TCN1_ebffa5b7,TCN1,loso_subject_S019,61,0.000527693723991322,,0.015395978924972088,,0.0002318019484660537
TCN1_ebffa5b7,TCN1,loso_subject_S019,62,0.0005632404606572924,,0.015607572717234999,,0.00021955487075394156
TCN1_ebffa5b7,TCN1,loso_subject_S019,63,0.0005251174401372732,,0.015499375491898247,,0.0002078173154799862
TCN1_ebffa5b7,TCN1,loso_subject_S019,64,0.0005301145941456157,,0.015569666177269412,,0.00019660738110366478
TCN1_ebffa5b7,TCN1,loso_subject_S019,65,0.0005124887961167871,,0.015214826673062964,,0.00018594235253127373
TCN1_ebffa5b7,TCN1,loso_subject_S019,66,0.0005283608738307851,,0.015288933150240446,,0.00017583867446385477
TCN1_ebffa5b7,TCN1,loso_subject_S019,67,0.0005757670559727121,,0.015513051299935176,,0.00016631192604065853
TCN1_ebffa5b7,TCN1,loso_subject_S019,68,0.000517721067704528,,0.015033920465609796,,0.00015737679681724137
TCN1_ebffa5b7,TCN1,loso_subject_S019,69,0.0005323961715005362,,0.015106153987476043,,0.0001490470641152345
TCN1_ebffa5b7,TCN1,loso_subject_S019,70,0.0005335966380362984,,0.014837595362893917,,0.00014133557177871338
TCN1_ebffa5b7,TCN1,loso_subject_S019,71,0.000520013342803273,,0.014917979522876225,,0.00013425421036992097
TCN1_ebffa5b7,TCN1,loso_subject_S019,72,0.0005417618615885095,,0.015093700695212289,,0.00012781389883488212
TCN1_ebffa5b7,TCN1,loso_subject_S019,73,0.0005760206892346077,,0.015283552397015092,,0.0001220245676671809
TCN1_ebffa5b7,TCN1,loso_subject_S019,74,0.0005118004925922147,,0.01478838751466649,,0.00011689514359585877
TCN1_ebffa5b7,TCN1,loso_subject_S019,75,0.0004735579285119414,,0.01433388383969628,,0.00011243353582104555
TCN1_ebffa5b7,TCN1,loso_subject_S019,76,0.0004882394667741602,,0.01446245896280376,,0.0001086466238185463
TCN1_ebffa5b7,TCN1,loso_subject_S019,77,0.0005053120728274804,,0.014615833049309053,,0.00010554024673218805
TCN1_ebffa5b7,TCN1,loso_subject_S019,78,0.00048671578856226207,,0.014458136408450391,,0.00010311919437028317
TCN1_ebffa5b7,TCN1,loso_subject_S019,79,0.0004807915500295177,,0.014123534800042782,,0.00010138719982009242
TCN1_ebffa5b7,TCN1,loso_subject_S019,80,0.0005088302961661968,,0.014901418382510193,,0.0001003469336916747
