model_id,architecture_id,fold_id,epoch,train_loss,val_loss,train_mae,val_mae,lr
TCN3_1759fa72,TCN3,loso_subject_S001,1,0.3204892128605363,,0.41333782793620727,,0.001
TCN3_1759fa72,TCN3,loso_subject_S001,2,0.06395891351043011,,0.19019558860754981,,0.0009996530663083252
TCN3_1759fa72,TCN3,loso_subject_S001,3,0.03413282683688913,,0.13761504448240952,,0.0009986128001799074
TCN3_1759fa72,TCN3,loso_subject_S001,4,0.02138900477690704,,0.10996586118575127,,0.0009968808056297167
TCN3_1759fa72,TCN3,loso_subject_S001,5,0.01663634993493114,,0.09599162858535437,,0.0009944597532678117
TCN3_1759fa72,TCN3,loso_subject_S001,6,0.012444387759150563,,0.08350472567272219,,0.0009913533761814533
TCN3_1759fa72,TCN3,loso_subject_S001,7,0.011181702066381423,,0.07878597050522888,,0.000987566464178954
TCN3_1759fa72,TCN3,loso_subject_S001,8,0.009085658759257273,,0.070637190449105,,0.0009831048564041408
TCN3_1759fa72,TCN3,loso_subject_S001,9,0.007081722223138906,,0.0626747541426405,,0.0009779754323328187
TCN3_1759fa72,TCN3,loso_subject_S001,10,0.006800910813424542,,0.060840152254344484,,0.0009721861011651174
TCN3_1759fa72,TCN3,loso_subject_S001,11,0.005774229795751863,,0.0558186637176041,,0.0009657457896300785
TCN3_1759fa72,TCN3,loso_subject_S001,12,0.005166679193755608,,0.05304721346946281,,0.000958664428221286
TCN3_1759fa72,TCN3,loso_subject_S001,13,0.004264664182855743,,0.04818204046553409,,0.000950952935884765
TCN3_1759fa72,TCN3,loso_subject_S001,14,0.003952710059516077,,0.04585257371300221,,0.0009426232031827582
TCN3_1759fa72,TCN3,loso_subject_S001,15,0.0035279854568655952,,0.043324946190037496,,0.0009336880739593409
TCN3_1759fa72,TCN3,loso_subject_S001,16,0.0037420709624667674,,0.04479480030205023,,0.0009241613255361449
TCN3_1759fa72,TCN3,loso_subject_S001,17,0.003024126319475673,,0.04059598827200069,,0.0009140576474687258
TCN3_1759fa72,TCN3,loso_subject_S001,18,0.0029127773543307905,,0.03895164896268083,,0.0009033926188963346
TCN3_1759fa72,TCN3,loso_subject_S001,19,0.0028195152971654588,,0.03792764193892157,,0.0008921826845200134
TCN3_1759fa72,TCN3,loso_subject_S001,20,0.0028658580164828166,,0.03796360595308994,,0.000880445129246058
TCN3_1759fa72,TCN3,loso_subject_S001,21,0.002455986464606154,,0.03493016294174143,,0.0008681980515339459
TCN3_1759fa72,TCN3,loso_subject_S001,22,0.002169815110401763,,0.03353097650507348,,0.0008554603354898234
TCN3_1759fa72,TCN3,loso_subject_S001,23,0.0021669192350948084,,0.032957503512994736,,0.0008422516217485822
TCN3_1759fa72,TCN3,loso_subject_S001,24,0.0020601071194405393,,0.03244984017120351,,0.0008285922771894248
TCN3_1759fa72,TCN3,loso_subject_S001,25,0.0018277013138915078,,0.03061576238169934,,0.0008145033635316124
TCN3_1759fa72,TCN3,loso_subject_S001,26,0.001875696956430946,,0.030648996146706454,,0.0008000066048588205
TCN3_1759fa72,TCN3,loso_subject_S001,27,0.001636781441038355,,0.029082797429977762,,0.0007851243541221765
TCN3_1759fa72,TCN3,loso_subject_S001,28,0.001681295927096118,,0.02872447124672934,,0.0007698795586736293
TCN3_1759fa72,TCN3,loso_subject_S001,29,0.0015854072236065463,,0.02737644490340044,,0.0007542957248827956
TCN3_1759fa72,TCN3,loso_subject_S001,30,0.0014961417298292356,,0.027704476173225082,,0.0007383968818918422
TCN3_1759fa72,TCN3,loso_subject_S001,31,0.0013547762963514597,,0.026364646737566274,,0.00072220754456429
TCN3_1759fa72,TCN3,loso_subject_S001,32,0.001432026649578767,,0.026965564868936743,,0.0007057526756848715
TCN3_1759fa72,TCN3,loso_subject_S001,33,0.0012867040699505066,,0.02516753016735234,,0.000689057647468726
TCN3_1759fa72,TCN3,loso_subject_S001,34,0.0013492754218781683,,0.025764925635541152,,0.000672148202439283
TCN3_1759fa72,TCN3,loso_subject_S001,35,0.0012695587694973186,,0.024744588127114497,,0.0006550504137351571
TCN3_1759fa72,TCN3,loso_subject_S001,36,0.001251932571341512,,0.024402712620819927,,0.0006377906449072574
TCN3_1759fa72,TCN3,loso_subject_S001,37,0.001212557086089543,,0.02405175745265859,,0.0006203955092681036
TCN3_1759fa72,TCN3,loso_subject_S001,38,0.0011814898025379048,,0.023980118545585995,,0.0006028918288560267
TCN3_1759fa72,TCN3,loso_subject_S001,39,0.001123998317207857,,0.023941792281071614,,0.00058530659307753
TCN3_1759fa72,TCN3,loso_subject_S001,40,0.00112442085145269,,0.023208891228344453,,0.0005676669170915806
TCN3_1759fa72,TCN3,loso_subject_S001,41,0.0010074255058094156,,0.022271182355367194,,0.0005499999999999997
TCN3_1759fa72,TCN3,loso_subject_S001,42,0.0010800393192386185,,0.022583218628463915,,0.000532333082908419
TCN3_1759fa72,TCN3,loso_subject_S001,43,0.0010560478434293009,,0.022173979337239774,,0.0005146934069224697
TCN3_1759fa72,TCN3,loso_subject_S001,44,0.0010026036011800924,,0.02168731666613398,,0.000497108171143973
TCN3_1759fa72,TCN3,loso_subject_S001,45,0.0009730664095391723,,0.02118324331944251,,0.00047960449073189616
TCN3_1759fa72,TCN3,loso_subject_S001,46,0.0009596676222867144,,0.021559568049711885,,0.00046220935509274226
TCN3_1759fa72,TCN3,loso_subject_S001,47,0.0008886886023190615,,0.020956015332547255,,0.00044494958626484254
TCN3_1759fa72,TCN3,loso_subject_S001,48,0.0009009119280117798,,0.020560786349398313,,0.00042785179756071645
TCN3_1759fa72,TCN3,loso_subject_S001,49,0.0008895086684370518,,0.020394238850238916,,0.0004109423525312737
TCN3_1759fa72,TCN3,loso_subject_S001,50,0.0008921070089771247,,0.02064979702214145,,0.0003942473243151282
TCN3_1759fa72,TCN3,loso_subject_S001,51,0.0008670147567730244,,0.020325959560126165,,0.0003777924554357096
TCN3_1759fa72,TCN3,loso_subject_S001,52,0.0008670014675434963,,0.020200030595205025,,0.0003616031181081575
TCN3_1759fa72,TCN3,loso_subject_S001,53,0.0008190574858654108,,0.020156495578732947,,0.000345704275117204
TCN3_1759fa72,TCN3,loso_subject_S001,54,0.0007615055030554213,,0.019295380939399368,,0.00033012044132637024
TCN3_1759fa72,TCN3,loso_subject_S001,55,0.0007619342296953382,,0.01935597921040596,,0.00031487564587782306
TCN3_1759fa72,TCN3,loso_subject_S001,56,0.0008116153719579357,,0.0195436038581213,,0.00029999339514117897
TCN3_1759fa72,TCN3,loso_subject_S001,57,0.0007196017535488894,,0.01857679102074287,,0.0002854966364683872
TCN3_1759fa72,TCN3,loso_subject_S001,58,0.0007693828119536966,,0.019072745050694152,,0.0002714077228105749
TCN3_1759fa72,TCN3,loso_subject_S001,59,0.0007447131522610446,,0.01890895650127826,,0.00025774837825141746
TCN3_1759fa72,TCN3,loso_subject_S001,60,0.0007461670738271363,,0.019061075581349608,,0.0002445396645101764
TCN3_1759fa72,TCN3,loso_subject_S001,61,0.0007594209794014199,,0.018582688094916013,,0.0002318019484660537
TCN3_1759fa72,TCN3,loso_subject_S001,62,0.0007719597922277101,,0.01892313753442737,,0.00021955487075394156
TCN3_1759fa72,TCN3,loso_subject_S001,63,0.0006891704819389668,,0.017952012699311203,,0.0002078173154799862
TCN3_1759fa72,TCN3,loso_subject_S001,64,0.0007250398645604471,,0.018158671962428062,,0.00019660738110366478
TCN3_1759fa72,TCN3,loso_subject_S001,65,0.000729856764431414,,0.018441980309749195,,0.00018594235253127373
TCN3_1759fa72,TCN3,loso_subject_S001,66,0.0007211639570854579,,0.018080854383445043,,0.00017583867446385477
TCN3_1759fa72,TCN3,loso_subject_S001,67,0.0006694025781768413,,0.017756583463403117,,0.00016631192604065853
TCN3_1759fa72,TCN3,loso_subject_S001,68,0.0006582655113930566,,0.017470746891602,,0.00015737679681724137
TCN3_1759fa72,TCN3,loso_subject_S001,69,0.0006933904812305884,,0.017875077797805516,,0.0001490470641152345
TCN3_1759fa72,TCN3,loso_subject_S001,70,0.0006350930753544603,,0.01738396212823342,,0.00014133557177871338
TCN3_1759fa72,TCN3,loso_subject_S001,71,0.0006911520224258274,,0.017501099045205405,,0.00013425421036992097
TCN3_1759fa72,TCN3,loso_subject_S001,72,0.0006374474491250867,,0.01735444179409706,,0.00012781389883488212
TCN3_1759fa72,TCN3,loso_subject_S001,73,0.0006559892363169034,,0.017641686308049898,,0.0001220245676671809
TCN3_1759fa72,TCN3,loso_subject_S001,74,0.0006679875137223715,,0.017416178395344067,,0.00011689514359585877
TCN3_1759fa72,TCN3,loso_subject_S001,75,0.0006343165492742862,,0.017015644409527134,,0.00011243353582104555
TCN3_1759fa72,TCN3,loso_subject_S001,76,0.0006713837006768862,,0.017341477128599722,,0.0001086466238185463
TCN3_1759fa72,TCN3,loso_subject_S001,77,0.0006723040614637454,,0.017433844624963828,,0.00010554024673218805
TCN3_1759fa72,TCN3,loso_subject_S001,78,0.0006263575257516827,,0.017154062517077878,,0.00010311919437028317
TCN3_1759fa72,TCN3,loso_subject_S001,79,0.0006409505166642866,,0.017331742309914258,,0.00010138719982009242
TCN3_1759fa72,TCN3,loso_subject_S001,80,0.0005849159380768795,,0.016709657624907222,,0.0001003469336916747
TCN3_1759fa72,TCN3,loso_subject_S002,1,0.2994314643507453,,0.40218356087685264,,0.001
TCN3_1759fa72,TCN3,loso_subject_S002,2,0.05533112646315237,,0.1719608656291304,,0.0009996530663083252
TCN3_1759fa72,TCN3,loso_subject_S002,3,0.028987258178643904,,0.12522313785331635,,0.0009986128001799074
TCN3_1759fa72,TCN3,loso_subject_S002,4,0.017442643024837622,,0.09856463822508997,,0.0009968808056297167
TCN3_1759fa72,TCN3,loso_subject_S002,5,0.013923784599340563,,0.08864932627829696,,0.0009944597532678117
TCN3_1759fa72,TCN3,loso_subject_S002,6,0.010395200097987759,,0.076722766225787,,0.0009913533761814533
TCN3_1759fa72,TCN3,loso_subject_S002,7,0.007816952937319677,,0.06645732712919579,,0.000987566464178954
TCN3_1759fa72,TCN3,loso_subject_S002,8,0.006702891765878751,,0.06159682014576636,,0.0009831048564041408
TCN3_1759fa72,TCN3,loso_subject_S002,9,0.005989938023295106,,0.058103997210925074,,0.0009779754323328187
TCN3_1759fa72,TCN3,loso_subject_S002,10,0.004767382438405755,,0.05208054726414718,,0.0009721861011651174
TCN3_1759fa72,TCN3,loso_subject_S002,11,0.004492783687381316,,0.05002935698122497,,0.0009657457896300785
TCN3_1759fa72,TCN3,loso_subject_S002,12,0.0040408380302435045,,0.04719062057627607,,0.000958664428221286
TCN3_1759fa72,TCN3,loso_subject_S002,13,0.003643747095502814,,0.044598910888405,,0.000950952935884765
TCN3_1759fa72,TCN3,loso_subject_S002,14,0.003344877000184191,,0.042505663629393994,,0.0009426232031827582
TCN3_1759fa72,TCN3,loso_subject_S002,15,0.0028808559760431555,,0.03953460035771527,,0.0009336880739593409
TCN3_1759fa72,TCN3,loso_subject_S002,16,0.00293827042711123,,0.03978856413845042,,0.0009241613255361449
TCN3_1759fa72,TCN3,loso_subject_S002,17,0.0025935838374479695,,0.037221798747382684,,0.0009140576474687258
TCN3_1759fa72,TCN3,loso_subject_S002,18,0.0024452257780382897,,0.03598519359327438,,0.0009033926188963346
TCN3_1759fa72,TCN3,loso_subject_S002,19,0.0022305767675639384,,0.0342639432701255,,0.0008921826845200134
TCN3_1759fa72,TCN3,loso_subject_S002,20,0.002149903149077229,,0.03375262688025239,,0.000880445129246058
TCN3_1759fa72,TCN3,loso_subject_S002,21,0.001947676873486736,,0.0316680161484989,,0.0008681980515339459
TCN3_1759fa72,TCN3,loso_subject_S002,22,0.001874444466479498,,0.03151624527233665,,0.0008554603354898234
TCN3_1759fa72,TCN3,loso_subject_S002,23,0.001796434494476538,,0.0309522822153426,,0.0008422516217485822
TCN3_1759fa72,TCN3,loso_subject_S002,24,0.001722646726478158,,0.030095001865445146,,0.0008285922771894248
TCN3_1759fa72,TCN3,loso_subject_S002,25,0.0016821498972726912,,0.029497730399948848,,0.0008145033635316124
TCN3_1759fa72,TCN3,loso_subject_S002,26,0.0015962305437064476,,0.02857748362228314,,0.0008000066048588205
TCN3_1759fa72,TCN3,loso_subject_S002,27,0.001475971715990454,,0.027426829037876597,,0.0007851243541221765
TCN3_1759fa72,TCN3,loso_subject_S002,28,0.0014052623124800583,,0.027072774014121975,,0.0007698795586736293
TCN3_1759fa72,TCN3,loso_subject_S002,29,0.0013339626942501855,,0.026362043131014395,,0.0007542957248827956
TCN3_1759fa72,TCN3,loso_subject_S002,30,0.0013777958136545964,,0.026363536582108518,,0.0007383968818918422
TCN3_1759fa72,TCN3,loso_subject_S002,31,0.0012820167232314693,,0.025495462149223536,,0.00072220754456429
TCN3_1759fa72,TCN3,loso_subject_S002,32,0.0012025455851601907,,0.024777703738180966,,0.0007057526756848715
TCN3_1759fa72,TCN3,loso_subject_S002,33,0.001173599436014535,,0.024416335203761446,,0.000689057647468726
TCN3_1759fa72,TCN3,loso_subject_S002,34,0.0011355975667195054,,0.024087726447326117,,0.000672148202439283
TCN3_1759fa72,TCN3,loso_subject_S002,35,0.001133692341045148,,0.023583550653383332,,0.0006550504137351571
TCN3_1759fa72,TCN3,loso_subject_S002,36,0.0010323314360881457,,0.022926792976710776,,0.0006377906449072574
TCN3_1759fa72,TCN3,loso_subject_S002,37,0.0010402329938933351,,0.02295785066758132,,0.0006203955092681036
TCN3_1759fa72,TCN3,loso_subject_S002,38,0.0009411292191377448,,0.022027001985464867,,0.0006028918288560267
TCN3_1759fa72,TCN3,loso_subject_S002,39,0.0009139463808344287,,0.021028454195638868,,0.00058530659307753
TCN3_1759fa72,TCN3,loso_subject_S002,40,0.0009160530759609583,,0.021424429451636674,,0.0005676669170915806
TCN3_1759fa72,TCN3,loso_subject_S002,41,0.0009118853297778739,,0.021540842219119994,,0.0005499999999999997
TCN3_1759fa72,TCN3,loso_subject_S002,42,0.0008990197381948366,,0.021093908865350626,,0.000532333082908419
TCN3_1759fa72,TCN3,loso_subject_S002,43,0.0008742294516828188,,0.02093247268398339,,0.0005146934069224697
TCN3_1759fa72,TCN3,loso_subject_S002,44,0.0008821053467802111,,0.020659260787761497,,0.000497108171143973
TCN3_1759fa72,TCN3,loso_subject_S002,45,0.0008545612291968983,,0.020617929754151273,,0.00047960449073189616
TCN3_1759fa72,TCN3,loso_subject_S002,46,0.0008306733557376368,,0.020196929158993678,,0.00046220935509274226
TCN3_1759fa72,TCN3,loso_subject_S002,47,0.0007420320552341462,,0.019558501669479936,,0.00044494958626484254
TCN3_1759fa72,TCN3,loso_subject_S002,48,0.0007925913113339826,,0.01971695833501038,,0.00042785179756071645
TCN3_1759fa72,TCN3,loso_subject_S002,49,0.0007709178275957367,,0.019828069451158812,,0.0004109423525312737
TCN3_1759fa72,TCN3,loso_subject_S002,50,0.000742987939820499,,0.019130595151918003,,0.0003942473243151282
TCN3_1759fa72,TCN3,loso_subject_S002,51,0.0007479339868907349,,0.018915202275946223,,0.0003777924554357096
TCN3_1759fa72,TCN3,loso_subject_S002,52,0.0007270411447750341,,0.018700621246461525,,0.0003616031181081575
TCN3_1759fa72,TCN3,loso_subject_S002,53,0.0007165976865180034,,0.018880733432104953,,0.000345704275117204
TCN3_1759fa72,TCN3,loso_subject_S002,54,0.000678631147960774,,0.01845598073098166,,0.00033012044132637024
TCN3_1759fa72,TCN3,loso_subject_S002,55,0.0006938969364558996,,0.01837221193139686,,0.00031487564587782306
TCN3_1759fa72,TCN3,loso_subject_S002,56,0.0006935429849337035,,0.018270490434149217,,0.00029999339514117897
TCN3_1759fa72,TCN3,loso_subject_S002,57,0.0006694825411223329,,0.01810790148788485,,0.0002854966364683872
TCN3_1759fa72,TCN3,loso_subject_S002,58,0.0006360988643246429,,0.017549057491123676,,0.0002714077228105749
TCN3_1759fa72,TCN3,loso_subject_S002,59,0.0006521604011830842,,0.01745305195529834,,0.00025774837825141746
TCN3_1759fa72,TCN3,loso_subject_S002,60,0.0006196732354592483,,0.01718585719342099,,0.0002445396645101764
TCN3_1759fa72,TCN3,loso_subject_S002,61,0.0006195624425033952,,0.017390140265582096,,0.0002318019484660537
TCN3_1759fa72,TCN3,loso_subject_S002,62,0.0005969388720169367,,0.017158764481188762,,0.00021955487075394156
TCN3_1759fa72,TCN3,loso_subject_S002,63,0.0005799991338679305,,0.017123407192666588,,0.0002078173154799862
TCN3_1759fa72,TCN3,loso_subject_S002,64,0.0006295516448937213,,0.01736996163779608,,0.00019660738110366478
TCN3_1759fa72,TCN3,loso_subject_S002,65,0.0005756827302595763,,0.01647335245454343,,0.00018594235253127373
TCN3_1759fa72,TCN3,loso_subject_S002,66,0.0006287423108700682,,0.017041818058459134,,0.00017583867446385477
TCN3_1759fa72,TCN3,loso_subject_S002,67,0.000581879680497641,,0.016664824060680695,,0.00016631192604065853
TCN3_1759fa72,TCN3,loso_subject_S002,68,0.0005825767579978821,,0.01658605048507057,,0.00015737679681724137
TCN3_1759fa72,TCN3,loso_subject_S002,69,0.0005757134744421324,,0.016457488955509917,,0.0001490470641152345
TCN3_1759fa72,TCN3,loso_subject_S002,70,0.0005542792803521419,,0.016275944079541717,,0.00014133557177871338
TCN3_1759fa72,TCN3,loso_subject_S002,71,0.0005551295488361339,,0.016129288338223566,,0.00013425421036992097
TCN3_1759fa72,TCN3,loso_subject_S002,72,0.0005733658840931675,,0.016546040234855064,,0.00012781389883488212
TCN3_1759fa72,TCN3,loso_subject_S002,73,0.0005660373231967965,,0.016476053784080145,,0.0001220245676671809
TCN3_1759fa72,TCN3,loso_subject_S002,74,0.0005452652396671277,,0.015807292742817725,,0.00011689514359585877
TCN3_1759fa72,TCN3,loso_subject_S002,75,0.0005664569448490704,,0.016396526770977506,,0.00011243353582104555
TCN3_1759fa72,TCN3,loso_subject_S002,76,0.0005436294675997362,,0.016053949559319873,,0.0001086466238185463
TCN3_1759fa72,TCN3,loso_subject_S002,77,0.000538813250401213,,0.01570021917929858,,0.00010554024673218805
TCN3_1759fa72,TCN3,loso_subject_S002,78,0.0005478816629086056,,0.015991306357303097,,0.00010311919437028317
TCN3_1759fa72,TCN3,loso_subject_S002,79,0.000546849027198223,,0.01610389732773013,,0.00010138719982009242
TCN3_1759fa72,TCN3,loso_subject_S002,80,0.0005473200916077951,,0.015757993466420893,,0.0001003469336916747
TCN3_1759fa72,TCN3,loso_subject_S003,1,0.2229922725419087,,0.3430240194924579,,0.001
TCN3_1759fa72,TCN3,loso_subject_S003,2,0.05339320301084364,,0.17080445595859206,,0.0009996530663083252
TCN3_1759fa72,TCN3,loso_subject_S003,3,0.028310511148784974,,0.12402771564959328,,0.0009986128001799074
TCN3_1759fa72,TCN3,loso_subject_S003,4,0.017884542686571105,,0.09975626691019342,,0.0009968808056297167
TCN3_1759fa72,TCN3,loso_subject_S003,5,0.012766592113655183,,0.08342303052960942,,0.0009944597532678117
TCN3_1759fa72,TCN3,loso_subject_S003,6,0.00916753701316967,,0.07180007155849713,,0.0009913533761814533
TCN3_1759fa72,TCN3,loso_subject_S003,7,0.007461245314203005,,0.06400061298255552,,0.000987566464178954
TCN3_1759fa72,TCN3,loso_subject_S003,8,0.006179794597511108,,0.058220982252163656,,0.0009831048564041408
TCN3_1759fa72,TCN3,loso_subject_S003,9,0.00507072650309602,,0.05307546159411225,,0.0009779754323328187
TCN3_1759fa72,TCN3,loso_subject_S003,10,0.004315803231377181,,0.04872251150884806,,0.0009721861011651174
TCN3_1759fa72,TCN3,loso_subject_S003,11,0.0040122071967279346,,0.0464985927347789,,0.0009657457896300785
TCN3_1759fa72,TCN3,loso_subject_S003,12,0.0036617525854903245,,0.04353493686589384,,0.000958664428221286
TCN3_1759fa72,TCN3,loso_subject_S003,13,0.003211331847024212,,0.04116683053935384,,0.000950952935884765
TCN3_1759fa72,TCN3,loso_subject_S003,14,0.002935232388724005,,0.03876815627259339,,0.0009426232031827582
TCN3_1759fa72,TCN3,loso_subject_S003,15,0.0026213164281783667,,0.037717358275050336,,0.0009336880739593409
TCN3_1759fa72,TCN3,loso_subject_S003,16,0.002442711588098414,,0.03653545805971739,,0.0009241613255361449
TCN3_1759fa72,TCN3,loso_subject_S003,17,0.0021698401229556944,,0.03380055400462922,,0.0009140576474687258
TCN3_1759fa72,TCN3,loso_subject_S003,18,0.0022209255098197874,,0.03413704072490525,,0.0009033926188963346
TCN3_1759fa72,TCN3,loso_subject_S003,19,0.0020006744756221016,,0.03223725979188447,,0.0008921826845200134
TCN3_1759fa72,TCN3,loso_subject_S003,20,0.0018229793665481512,,0.031866013238520695,,0.000880445129246058
TCN3_1759fa72,TCN3,loso_subject_S003,21,0.001712618330270296,,0.029989039477201197,,0.0008681980515339459
TCN3_1759fa72,TCN3,loso_subject_S003,22,0.0015590495666297536,,0.028491638169057535,,0.0008554603354898234
TCN3_1759fa72,TCN3,loso_subject_S003,23,0.0015896513109643457,,0.028754946583301785,,0.0008422516217485822
TCN3_1759fa72,TCN3,loso_subject_S003,24,0.0014716319283192625,,0.027970533032213134,,0.0008285922771894248
TCN3_1759fa72,TCN3,loso_subject_S003,25,0.0013640230855184584,,0.02672544596173838,,0.0008145033635316124
TCN3_1759fa72,TCN3,loso_subject_S003,26,0.0013174580913853052,,0.026739861432587577,,0.0008000066048588205
TCN3_1759fa72,TCN3,loso_subject_S003,27,0.0012476521069863403,,0.02585272786598466,,0.0007851243541221765
TCN3_1759fa72,TCN3,loso_subject_S003,28,0.001320159573822111,,0.026278885307574978,,0.0007698795586736293
TCN3_1759fa72,TCN3,loso_subject_S003,29,0.0011836093983434014,,0.02465936675328516,,0.0007542957248827956
TCN3_1759fa72,TCN3,loso_subject_S003,30,0.0011081317802173127,,0.024248657925436727,,0.0007383968818918422
TCN3_1759fa72,TCN3,loso_subject_S003,31,0.001005028420292251,,0.023042606390953558,,0.00072220754456429
TCN3_1759fa72,TCN3,loso_subject_S003,32,0.0010156759828461284,,0.022957482623535832,,0.0007057526756848715
TCN3_1759fa72,TCN3,loso_subject_S003,33,0.0010396738663210883,,0.023116234689950943,,0.000689057647468726
TCN3_1759fa72,TCN3,loso_subject_S003,34,0.0009506047181404417,,0.022160878111989014,,0.000672148202439283
TCN3_1759fa72,TCN3,loso_subject_S003,35,0.0009700797117476985,,0.022361655255041378,,0.0006550504137351571
TCN3_1759fa72,TCN3,loso_subject_S003,36,0.0008975573620723933,,0.02174147156784558,,0.0006377906449072574
TCN3_1759fa72,TCN3,loso_subject_S003,37,0.0009218532996319322,,0.022127511008042184,,0.0006203955092681036
TCN3_1759fa72,TCN3,loso_subject_S003,38,0.000813219587297075,,0.02072713114629638,,0.0006028918288560267
TCN3_1759fa72,TCN3,loso_subject_S003,39,0.0008632351488367149,,0.02124247482035562,,0.00058530659307753
TCN3_1759fa72,TCN3,loso_subject_S003,40,0.0007951827718201342,,0.020406770396871006,,0.0005676669170915806
TCN3_1759fa72,TCN3,loso_subject_S003,41,0.0007208863365684455,,0.019522334858916492,,0.0005499999999999997
TCN3_1759fa72,TCN3,loso_subject_S003,42,0.0007661016344000586,,0.01983299710642946,,0.000532333082908419
TCN3_1759fa72,TCN3,loso_subject_S003,43,0.0007084031577001025,,0.019548547621552965,,0.0005146934069224697
TCN3_1759fa72,TCN3,loso_subject_S003,44,0.0006562087885815703,,0.018777715580338094,,0.000497108171143973
TCN3_1759fa72,TCN3,loso_subject_S003,45,0.0007162953213900688,,0.01958651340554689,,0.00047960449073189616
TCN3_1759fa72,TCN3,loso_subject_S003,46,0.0006790463302052211,,0.018840314359084495,,0.00046220935509274226
TCN3_1759fa72,TCN3,loso_subject_S003,47,0.000670634210310496,,0.018527804928818583,,0.00044494958626484254
TCN3_1759fa72,TCN3,loso_subject_S003,48,0.0006603466591075102,,0.018716945727659366,,0.00042785179756071645
TCN3_1759fa72,TCN3,loso_subject_S003,49,0.0006073672891055241,,0.017744266953307747,,0.0004109423525312737
TCN3_1759fa72,TCN3,loso_subject_S003,50,0.0006360758901219131,,0.018276314905524334,,0.0003942473243151282
TCN3_1759fa72,TCN3,loso_subject_S003,51,0.0005778699453957713,,0.01754133821063183,,0.0003777924554357096
TCN3_1759fa72,TCN3,loso_subject_S003,52,0.0005957941362369585,,0.01783828177303333,,0.0003616031181081575
TCN3_1759fa72,TCN3,loso_subject_S003,53,0.0005923797378341258,,0.017781360838825682,,0.000345704275117204
TCN3_1759fa72,TCN3,loso_subject_S003,54,0.0005357496603709305,,0.01713808568238842,,0.00033012044132637024
TCN3_1759fa72,TCN3,loso_subject_S003,55,0.000543516391380515,,0.0168139648486588,,0.00031487564587782306
TCN3_1759fa72,TCN3,loso_subject_S003,56,0.0005467491898323959,,0.017123784789595163,,0.00029999339514117897
TCN3_1759fa72,TCN3,loso_subject_S003,57,0.0005629225240900814,,0.01686038891262805,,0.0002854966364683872
TCN3_1759fa72,TCN3,loso_subject_S003,58,0.0005339119068072886,,0.016608461147484575,,0.0002714077228105749
TCN3_1759fa72,TCN3,loso_subject_S003,59,0.0005149161555152483,,0.016458776639726252,,0.00025774837825141746
TCN3_1759fa72,TCN3,loso_subject_S003,60,0.0005253803989843239,,0.01665816653491598,,0.0002445396645101764
TCN3_1759fa72,TCN3,loso_subject_S003,61,0.0004926821340905729,,0.016272667028259188,,0.0002318019484660537
TCN3_1759fa72,TCN3,loso_subject_S003,62,0.0005028099933488661,,0.016288364443268786,,0.00021955487075394156
TCN3_1759fa72,TCN3,loso_subject_S003,63,0.0005003059709848783,,0.01606072097626091,,0.0002078173154799862
TCN3_1759fa72,TCN3,loso_subject_S003,64,0.0004920698756597587,,0.015871076867763092,,0.00019660738110366478
TCN3_1759fa72,TCN3,loso_subject_S003,65,0.00048823548721328827,,0.01588523452738496,,0.00018594235253127373
TCN3_1759fa72,TCN3,loso_subject_S003,66,0.0004659412058609049,,0.015571869987186151,,0.00017583867446385477
TCN3_1759fa72,TCN3,loso_subject_S003,67,0.00047663970072545715,,0.015824057100126767,,0.00016631192604065853
TCN3_1759fa72,TCN3,loso_subject_S003,68,0.0004523756064960644,,0.01538508056292568,,0.00015737679681724137
TCN3_1759fa72,TCN3,loso_subject_S003,69,0.0004206854909004354,,0.015251375639714139,,0.0001490470641152345
TCN3_1759fa72,TCN3,loso_subject_S003,70,0.0004197577954923381,,0.015131047318704623,,0.00014133557177871338
TCN3_1759fa72,TCN3,loso_subject_S003,71,0.000467273093780574,,0.015519920174994935,,0.00013425421036992097
TCN3_1759fa72,TCN3,loso_subject_S003,72,0.0004264631536667161,,0.014875707863892675,,0.00012781389883488212
TCN3_1759fa72,TCN3,loso_subject_S003,73,0.00042740917480010995,,0.015013527671256202,,0.0001220245676671809
TCN3_1759fa72,TCN3,loso_subject_S003,74,0.0004225659977500759,,0.014837893031578654,,0.00011689514359585877
TCN3_1759fa72,TCN3,loso_subject_S003,75,0.0004302390785162601,,0.015062883416291618,,0.00011243353582104555
TCN3_1759fa72,TCN3,loso_subject_S003,76,0.00042081510104966956,,0.01495696962260098,,0.0001086466238185463
TCN3_1759fa72,TCN3,loso_subject_S003,77,0.00041712532810614324,,0.014827654739728094,,0.00010554024673218805
TCN3_1759fa72,TCN3,loso_subject_S003,78,0.00042173381387020765,,0.014660814008571107,,0.00010311919437028317
TCN3_1759fa72,TCN3,loso_subject_S003,79,0.0004316887328521358,,0.014848161650042197,,0.00010138719982009242
TCN3_1759fa72,TCN3,loso_subject_S003,80,0.00042337598479903846,,0.014796710459090751,,0.0001003469336916747
TCN3_1759fa72,TCN3,loso_subject_S004,1,0.2583580790897561,,0.3714311037638393,,0.001
TCN3_1759fa72,TCN3,loso_subject_S004,2,0.05807390950076463,,0.17602287908666572,,0.0009996530663083252
TCN3_1759fa72,TCN3,loso_subject_S004,3,0.030540194151993195,,0.12666701739458433,,0.0009986128001799074
TCN3_1759fa72,TCN3,loso_subject_S004,4,0.018610155677267093,,0.0974539005132724,,0.0009968808056297167
TCN3_1759fa72,TCN3,loso_subject_S004,5,0.01412616860740922,,0.08569514433152275,,0.0009944597532678117
TCN3_1759fa72,TCN3,loso_subject_S004,6,0.0107804768864948,,0.0758222400551238,,0.0009913533761814533
TCN3_1759fa72,TCN3,loso_subject_S004,7,0.00840908868774593,,0.06567631732276462,,0.000987566464178954
TCN3_1759fa72,TCN3,loso_subject_S004,8,0.007277361208232233,,0.060500303949317866,,0.0009831048564041408
TCN3_1759fa72,TCN3,loso_subject_S004,9,0.006464302363864126,,0.057280853497449734,,0.0009779754323328187
TCN3_1759fa72,TCN3,loso_subject_S004,10,0.005561672827934611,,0.052400568030310325,,0.0009721861011651174
TCN3_1759fa72,TCN3,loso_subject_S004,11,0.004822170020815672,,0.04895070914560181,,0.0009657457896300785
TCN3_1759fa72,TCN3,loso_subject_S004,12,0.003914869873157911,,0.044965498380286024,,0.000958664428221286
TCN3_1759fa72,TCN3,loso_subject_S004,13,0.0037365668535981078,,0.042646972055992896,,0.000950952935884765
TCN3_1759fa72,TCN3,loso_subject_S004,14,0.003463747733642224,,0.04238205593388424,,0.0009426232031827582
TCN3_1759fa72,TCN3,loso_subject_S004,15,0.002870955478253513,,0.038168029743595865,,0.0009336880739593409
TCN3_1759fa72,TCN3,loso_subject_S004,16,0.002801022153771031,,0.03807012108053735,,0.0009241613255361449
TCN3_1759fa72,TCN3,loso_subject_S004,17,0.0027991971291194493,,0.037428580447956945,,0.0009140576474687258
TCN3_1759fa72,TCN3,loso_subject_S004,18,0.0024873965234557456,,0.03583108671866072,,0.0009033926188963346
TCN3_1759fa72,TCN3,loso_subject_S004,19,0.0020946270174240418,,0.03296377652835862,,0.0008921826845200134
TCN3_1759fa72,TCN3,loso_subject_S004,20,0.00209727253299672,,0.03239533168495556,,0.000880445129246058
TCN3_1759fa72,TCN3,loso_subject_S004,21,0.0018223468469138052,,0.030569642198156294,,0.0008681980515339459
TCN3_1759fa72,TCN3,loso_subject_S004,22,0.0017096342213088146,,0.029506232489554616,,0.0008554603354898234
TCN3_1759fa72,TCN3,loso_subject_S004,23,0.001737873672268123,,0.029585419557256246,,0.0008422516217485822
TCN3_1759fa72,TCN3,loso_subject_S004,24,0.0015822919473931522,,0.0286952367189605,,0.0008285922771894248
TCN3_1759fa72,TCN3,loso_subject_S004,25,0.0014251850936470272,,0.026623919716068246,,0.0008145033635316124
TCN3_1759fa72,TCN3,loso_subject_S004,26,0.0013939734702994714,,0.02678708041006726,,0.0008000066048588205
TCN3_1759fa72,TCN3,loso_subject_S004,27,0.0012850943603358916,,0.02554303563396381,,0.0007851243541221765
TCN3_1759fa72,TCN3,loso_subject_S004,28,0.0013277219670959084,,0.02583172417350389,,0.0007698795586736293
TCN3_1759fa72,TCN3,loso_subject_S004,29,0.0011875905884865525,,0.024522054958461683,,0.0007542957248827956
TCN3_1759fa72,TCN3,loso_subject_S004,30,0.0011726171469357161,,0.024026852223360512,,0.0007383968818918422
TCN3_1759fa72,TCN3,loso_subject_S004,31,0.0011582116506635642,,0.02397726449875862,,0.00072220754456429
TCN3_1759fa72,TCN3,loso_subject_S004,32,0.0010761950183343248,,0.022873400717040214,,0.0007057526756848715
TCN3_1759fa72,TCN3,loso_subject_S004,33,0.0010561704172169983,,0.02321828778439643,,0.000689057647468726
TCN3_1759fa72,TCN3,loso_subject_S004,34,0.0009549272180944855,,0.02178385080592766,,0.000672148202439283
TCN3_1759fa72,TCN3,loso_subject_S004,35,0.0009940800827116976,,0.022261092200954728,,0.0006550504137351571
TCN3_1759fa72,TCN3,loso_subject_S004,36,0.0009499891686400039,,0.021492681785380194,,0.0006377906449072574
TCN3_1759fa72,TCN3,loso_subject_S004,37,0.0008637250559894826,,0.020855275316363133,,0.0006203955092681036
TCN3_1759fa72,TCN3,loso_subject_S004,38,0.0008402301334857913,,0.020345379068692777,,0.0006028918288560267
TCN3_1759fa72,TCN3,loso_subject_S004,39,0.0008117418536788826,,0.019880003640003023,,0.00058530659307753
TCN3_1759fa72,TCN3,loso_subject_S004,40,0.0008567681247697412,,0.020388533341704866,,0.0005676669170915806
TCN3_1759fa72,TCN3,loso_subject_S004,41,0.0007974489218582855,,0.01971356792549855,,0.0005499999999999997
TCN3_1759fa72,TCN3,loso_subject_S004,42,0.0008585375811025173,,0.020660472156772292,,0.000532333082908419
TCN3_1759fa72,TCN3,loso_subject_S004,43,0.0007195257194062011,,0.018623105863215365,,0.0005146934069224697
TCN3_1759fa72,TCN3,loso_subject_S004,44,0.000730973142180598,,0.018711254379896076,,0.000497108171143973
TCN3_1759fa72,TCN3,loso_subject_S004,45,0.000681955278686613,,0.018427869835691585,,0.00047960449073189616
TCN3_1759fa72,TCN3,loso_subject_S004,46,0.0006964032387178452,,0.018609375551079797,,0.00046220935509274226
TCN3_1759fa72,TCN3,loso_subject_S004,47,0.0006940099006110317,,0.017872606203337384,,0.00044494958626484254
TCN3_1759fa72,TCN3,loso_subject_S004,48,0.0007023653348719143,,0.018361153360983803,,0.00042785179756071645
TCN3_1759fa72,TCN3,loso_subject_S004,49,0.0006614673206730386,,0.01779081793027157,,0.0004109423525312737
TCN3_1759fa72,TCN3,loso_subject_S004,50,0.0006159469622607202,,0.017455887763522956,,0.0003942473243151282
TCN3_1759fa72,TCN3,loso_subject_S004,51,0.0006418418989660171,,0.017313305960744072,,0.0003777924554357096
TCN3_1759fa72,TCN3,loso_subject_S004,52,0.0006314166073044356,,0.017325229939074566,,0.0003616031181081575
TCN3_1759fa72,TCN3,loso_subject_S004,53,0.0005824642323652827,,0.0170394472032413,,0.000345704275117204
TCN3_1759fa72,TCN3,loso_subject_S004,54,0.0005768452811371275,,0.016635526427847075,,0.00033012044132637024
TCN3_1759fa72,TCN3,loso_subject_S004,55,0.0006322914829950311,,0.017214797048027895,,0.00031487564587782306
TCN3_1759fa72,TCN3,loso_subject_S004,56,0.000572800362525416,,0.016955848772392815,,0.00029999339514117897
TCN3_1759fa72,TCN3,loso_subject_S004,57,0.0005682589666062475,,0.016312182563773217,,0.0002854966364683872
TCN3_1759fa72,TCN3,loso_subject_S004,58,0.000560202262876695,,0.01632446781240257,,0.0002714077228105749
TCN3_1759fa72,TCN3,loso_subject_S004,59,0.000540430176435926,,0.015874252948501595,,0.00025774837825141746
TCN3_1759fa72,TCN3,loso_subject_S004,60,0.0005583275652309629,,0.016243298376964078,,0.0002445396645101764
TCN3_1759fa72,TCN3,loso_subject_S004,61,0.0005564818621575224,,0.0159213672013769,,0.0002318019484660537
TCN3_1759fa72,TCN3,loso_subject_S004,62,0.0005171428061874322,,0.015511855672981611,,0.00021955487075394156
TCN3_1759fa72,TCN3,loso_subject_S004,63,0.0005476134272264481,,0.01621028509609195,,0.0002078173154799862
TCN3_1759fa72,TCN3,loso_subject_S004,64,0.0005148701261706813,,0.015408547614384238,,0.00019660738110366478
TCN3_1759fa72,TCN3,loso_subject_S004,65,0.0005413518223699873,,0.015808548080657014,,0.00018594235253127373
TCN3_1759fa72,TCN3,loso_subject_S004,66,0.0005013173241449892,,0.015630870919720565,,0.00017583867446385477
TCN3_1759fa72,TCN3,loso_subject_S004,67,0.0005292803179157693,,0.015417698147603966,,0.00016631192604065853
TCN3_1759fa72,TCN3,loso_subject_S004,68,0.00048095402885423906,,0.014805406662835674,,0.00015737679681724137
TCN3_1759fa72,TCN3,loso_subject_S004,69,0.0004849782093526297,,0.014961144854635825,,0.0001490470641152345
TCN3_1759fa72,TCN3,loso_subject_S004,70,0.0005122147869157038,,0.015109245270311891,,0.00014133557177871338
TCN3_1759fa72,TCN3,loso_subject_S004,71,0.00046714593921932344,,0.015258654060139532,,0.00013425421036992097
TCN3_1759fa72,TCN3,loso_subject_S004,72,0.00047867472130080305,,0.014976265891438046,,0.00012781389883488212
TCN3_1759fa72,TCN3,loso_subject_S004,73,0.000476330915508312,,0.01492140715198839,,0.0001220245676671809
TCN3_1759fa72,TCN3,loso_subject_S004,74,0.00047701302371867636,,0.014703685481390508,,0.00011689514359585877
TCN3_1759fa72,TCN3,loso_subject_S004,75,0.0004659171472470376,,0.014795287060081184,,0.00011243353582104555
TCN3_1759fa72,TCN3,loso_subject_S004,76,0.0004605702194458936,,0.014495376459025256,,0.0001086466238185463
TCN3_1759fa72,TCN3,loso_subject_S004,77,0.0004485811996597999,,0.01448718136966586,,0.00010554024673218805
TCN3_1759fa72,TCN3,loso_subject_S004,78,0.0004475032625776076,,0.014627655347705543,,0.00010311919437028317
TCN3_1759fa72,TCN3,loso_subject_S004,79,0.0004629429656470996,,0.014416495093536432,,0.00010138719982009242
TCN3_1759fa72,TCN3,loso_subject_S004,80,0.00044919827107932223,,0.014470097841307029,,0.0001003469336916747
TCN3_1759fa72,TCN3,loso_subject_S005,1,0.3568960140640418,,0.4397797444778091,,0.001
TCN3_1759fa72,TCN3,loso_subject_S005,2,0.05457194027564021,,0.17753758793601404,,0.0009996530663083252
TCN3_1759fa72,TCN3,loso_subject_S005,3,0.02967562717178983,,0.128474407493051,,0.0009986128001799074
TCN3_1759fa72,TCN3,loso_subject_S005,4,0.01895371487319673,,0.10386929695109866,,0.0009968808056297167
TCN3_1759fa72,TCN3,loso_subject_S005,5,0.013207830567510462,,0.08637476573625115,,0.0009944597532678117
TCN3_1759fa72,TCN3,loso_subject_S005,6,0.010288138003581212,,0.07647514783176546,,0.0009913533761814533
TCN3_1759fa72,TCN3,loso_subject_S005,7,0.008606643019937004,,0.0696733119392151,,0.000987566464178954
TCN3_1759fa72,TCN3,loso_subject_S005,8,0.00759722177867393,,0.06509061358589362,,0.0009831048564041408
TCN3_1759fa72,TCN3,loso_subject_S005,9,0.006193229875212643,,0.058491188768335575,,0.0009779754323328187
TCN3_1759fa72,TCN3,loso_subject_S005,10,0.005399548958783569,,0.055018508233409695,,0.0009721861011651174
TCN3_1759fa72,TCN3,loso_subject_S005,11,0.004766608545645664,,0.05041843233916133,,0.0009657457896300785
TCN3_1759fa72,TCN3,loso_subject_S005,12,0.004244535813050872,,0.04916435085211598,,0.000958664428221286
TCN3_1759fa72,TCN3,loso_subject_S005,13,0.0036517548409796003,,0.044441881061312284,,0.000950952935884765
TCN3_1759fa72,TCN3,loso_subject_S005,14,0.003379475517649801,,0.04272004798715839,,0.0009426232031827582
TCN3_1759fa72,TCN3,loso_subject_S005,15,0.0031404167905596083,,0.04035766192365425,,0.0009336880739593409
TCN3_1759fa72,TCN3,loso_subject_S005,16,0.0029446906864693955,,0.03971782930119046,,0.0009241613255361449
TCN3_1759fa72,TCN3,loso_subject_S005,17,0.002726722930783705,,0.03808419958468997,,0.0009140576474687258
TCN3_1759fa72,TCN3,loso_subject_S005,18,0.002458398220361347,,0.03646685477002896,,0.0009033926188963346
TCN3_1759fa72,TCN3,loso_subject_S005,19,0.002330138436725217,,0.03570759896532261,,0.0008921826845200134
TCN3_1759fa72,TCN3,loso_subject_S005,20,0.002246924757293136,,0.03481134938222353,,0.000880445129246058
TCN3_1759fa72,TCN3,loso_subject_S005,21,0.0019966404292249334,,0.032751776143247355,,0.0008681980515339459
TCN3_1759fa72,TCN3,loso_subject_S005,22,0.0018582596402272023,,0.031248017757775026,,0.0008554603354898234
TCN3_1759fa72,TCN3,loso_subject_S005,23,0.0016554641054224847,,0.02924839205175333,,0.0008422516217485822
TCN3_1759fa72,TCN3,loso_subject_S005,24,0.0014915320570119768,,0.028057738890674335,,0.0008285922771894248
TCN3_1759fa72,TCN3,loso_subject_S005,25,0.0016056417470079539,,0.028077024661335114,,0.0008145033635316124
TCN3_1759fa72,TCN3,loso_subject_S005,26,0.0014628236276596632,,0.02749675961128681,,0.0008000066048588205
TCN3_1759fa72,TCN3,loso_subject_S005,27,0.0013611432977430776,,0.026142515634971674,,0.0007851243541221765
TCN3_1759fa72,TCN3,loso_subject_S005,28,0.0014263322923345166,,0.026876310999076114,,0.0007698795586736293
TCN3_1759fa72,TCN3,loso_subject_S005,29,0.001308147045592984,,0.025056932691115974,,0.0007542957248827956
TCN3_1759fa72,TCN3,loso_subject_S005,30,0.0012708172348324756,,0.025279083115655816,,0.0007383968818918422
TCN3_1759fa72,TCN3,loso_subject_S005,31,0.0011450957498948626,,0.024270413356988912,,0.00072220754456429
TCN3_1759fa72,TCN3,loso_subject_S005,32,0.0011324030669793842,,0.02397421659971667,,0.0007057526756848715
TCN3_1759fa72,TCN3,loso_subject_S005,33,0.0010753668831588235,,0.02357003055131476,,0.000689057647468726
TCN3_1759fa72,TCN3,loso_subject_S005,34,0.001057499894751522,,0.022565787119008984,,0.000672148202439283
TCN3_1759fa72,TCN3,loso_subject_S005,35,0.0010270093195776076,,0.022583060932851083,,0.0006550504137351571
TCN3_1759fa72,TCN3,loso_subject_S005,36,0.0010081025113831607,,0.022388548164949482,,0.0006377906449072574
TCN3_1759fa72,TCN3,loso_subject_S005,37,0.0009623031770022198,,0.022008652598581216,,0.0006203955092681036
TCN3_1759fa72,TCN3,loso_subject_S005,38,0.0009525635766037088,,0.02185793314701258,,0.0006028918288560267
TCN3_1759fa72,TCN3,loso_subject_S005,39,0.0009126392503844339,,0.02124990075826645,,0.00058530659307753
TCN3_1759fa72,TCN3,loso_subject_S005,40,0.0008976893169716408,,0.020808013831185808,,0.0005676669170915806
TCN3_1759fa72,TCN3,loso_subject_S005,41,0.0008719607720424901,,0.020598473760963708,,0.0005499999999999997
TCN3_1759fa72,TCN3,loso_subject_S005,42,0.0008032618665037861,,0.01970431380507889,,0.000532333082908419
TCN3_1759fa72,TCN3,loso_subject_S005,43,0.0008509114865013382,,0.020741431346423797,,0.0005146934069224697
TCN3_1759fa72,TCN3,loso_subject_S005,44,0.000848025460441441,,0.020137547920283196,,0.000497108171143973
TCN3_1759fa72,TCN3,loso_subject_S005,45,0.0008575664136285414,,0.01961236699093324,,0.00047960449073189616
TCN3_1759fa72,TCN3,loso_subject_S005,46,0.0007684338258169337,,0.019271246186193754,,0.00046220935509274226
TCN3_1759fa72,TCN3,loso_subject_S005,47,0.0007817720554915254,,0.019185331386256544,,0.00044494958626484254
TCN3_1759fa72,TCN3,loso_subject_S005,48,0.0007136990028153787,,0.01889186457130079,,0.00042785179756071645
TCN3_1759fa72,TCN3,loso_subject_S005,49,0.0007184843426258796,,0.018620722279359455,,0.0004109423525312737
TCN3_1759fa72,TCN3,loso_subject_S005,50,0.0006962977701189385,,0.01844368541657721,,0.0003942473243151282
TCN3_1759fa72,TCN3,loso_subject_S005,51,0.0006839093470106811,,0.018236388700915686,,0.0003777924554357096
TCN3_1759fa72,TCN3,loso_subject_S005,52,0.0006861561802438375,,0.017940571803739452,,0.0003616031181081575
TCN3_1759fa72,TCN3,loso_subject_S005,53,0.0006967128139647175,,0.01836524411730799,,0.000345704275117204
TCN3_1759fa72,TCN3,loso_subject_S005,54,0.0006732105062130215,,0.01797660189861934,,0.00033012044132637024
TCN3_1759fa72,TCN3,loso_subject_S005,55,0.0006407328983037749,,0.01767335020819418,,0.00031487564587782306
TCN3_1759fa72,TCN3,loso_subject_S005,56,0.0006474194266283471,,0.017401941341853387,,0.00029999339514117897
TCN3_1759fa72,TCN3,loso_subject_S005,57,0.0006413173337138032,,0.01736060231161199,,0.0002854966364683872
TCN3_1759fa72,TCN3,loso_subject_S005,58,0.0005922213928224105,,0.017007117317957683,,0.0002714077228105749
TCN3_1759fa72,TCN3,loso_subject_S005,59,0.0006402883822902554,,0.017200602999166825,,0.00025774837825141746
TCN3_1759fa72,TCN3,loso_subject_S005,60,0.0005956498947536491,,0.016961929127065394,,0.0002445396645101764
TCN3_1759fa72,TCN3,loso_subject_S005,61,0.0005802012892573462,,0.016642221720704852,,0.0002318019484660537
TCN3_1759fa72,TCN3,loso_subject_S005,62,0.0005963041308636335,,0.016447211486691093,,0.00021955487075394156
TCN3_1759fa72,TCN3,loso_subject_S005,63,0.0006219475499891482,,0.016778822525471145,,0.0002078173154799862
TCN3_1759fa72,TCN3,loso_subject_S005,64,0.000553505810664223,,0.01630774706525811,,0.00019660738110366478
TCN3_1759fa72,TCN3,loso_subject_S005,65,0.0005748027093698979,,0.016316997384455422,,0.00018594235253127373
TCN3_1759fa72,TCN3,loso_subject_S005,66,0.0005626746713987999,,0.01603281690449845,,0.00017583867446385477
TCN3_1759fa72,TCN3,loso_subject_S005,67,0.0005495952235681002,,0.01601692070428015,,0.00016631192604065853
TCN3_1759fa72,TCN3,loso_subject_S005,68,0.0005321780101669501,,0.015950514785563988,,0.00015737679681724137
TCN3_1759fa72,TCN3,loso_subject_S005,69,0.0005314561109290595,,0.015892221781809785,,0.0001490470641152345
TCN3_1759fa72,TCN3,loso_subject_S005,70,0.0005639761200003046,,0.01598177032589709,,0.00014133557177871338
TCN3_1759fa72,TCN3,loso_subject_S005,71,0.0005524971639004825,,0.015749438494799893,,0.00013425421036992097
TCN3_1759fa72,TCN3,loso_subject_S005,72,0.0005803601563798499,,0.016007951260528466,,0.00012781389883488212
TCN3_1759fa72,TCN3,loso_subject_S005,73,0.0005445594147225975,,0.01591759966908868,,0.0001220245676671809
TCN3_1759fa72,TCN3,loso_subject_S005,74,0.0005168441978760808,,0.015362858301848682,,0.00011689514359585877
TCN3_1759fa72,TCN3,loso_subject_S005,75,0.0005418814792823834,,0.015662736002571957,,0.00011243353582104555
TCN3_1759fa72,TCN3,loso_subject_S005,76,0.0005485411373613904,,0.015584208071867557,,0.0001086466238185463
TCN3_1759fa72,TCN3,loso_subject_S005,77,0.000539269203990825,,0.015472352523801677,,0.00010554024673218805
TCN3_1759fa72,TCN3,loso_subject_S005,78,0.0005493780699361484,,0.015587280431298266,,0.00010311919437028317
TCN3_1759fa72,TCN3,loso_subject_S005,79,0.0005139979944284687,,0.015255739441325843,,0.00010138719982009242
TCN3_1759fa72,TCN3,loso_subject_S005,80,0.0004927443650331819,,0.01516117123384728,,0.0001003469336916747
TCN3_1759fa72,TCN3,loso_subject_S006,1,0.2763915227677554,,0.38737594555781957,,0.001
TCN3_1759fa72,TCN3,loso_subject_S006,2,0.04828197226888205,,0.16322689715567615,,0.0009996530663083252
TCN3_1759fa72,TCN3,loso_subject_S006,3,0.025115977870119124,,0.11958680754937343,,0.0009986128001799074
TCN3_1759fa72,TCN3,loso_subject_S006,4,0.016711691610148856,,0.09697163172609458,,0.0009968808056297167
TCN3_1759fa72,TCN3,loso_subject_S006,5,0.011688667155018108,,0.08105425629795522,,0.0009944597532678117
TCN3_1759fa72,TCN3,loso_subject_S006,6,0.008664422501978583,,0.0692411990168267,,0.0009913533761814533
TCN3_1759fa72,TCN3,loso_subject_S006,7,0.007360970721887661,,0.06404524537910136,,0.000987566464178954
TCN3_1759fa72,TCN3,loso_subject_S006,8,0.006283791746215355,,0.05913950643231475,,0.0009831048564041408
TCN3_1759fa72,TCN3,loso_subject_S006,9,0.00524474412610884,,0.0540443481941972,,0.0009779754323328187
TCN3_1759fa72,TCN3,loso_subject_S006,10,0.0047345253592372405,,0.05060955071136606,,0.0009721861011651174
TCN3_1759fa72,TCN3,loso_subject_S006,11,0.004108724372227301,,0.04648055329781206,,0.0009657457896300785
TCN3_1759fa72,TCN3,loso_subject_S006,12,0.0037943783857749365,,0.04460221977983714,,0.000958664428221286
TCN3_1759fa72,TCN3,loso_subject_S006,13,0.003127735383600901,,0.040651839743305336,,0.000950952935884765
TCN3_1759fa72,TCN3,loso_subject_S006,14,0.0029804462842589184,,0.03962330544488495,,0.0009426232031827582
TCN3_1759fa72,TCN3,loso_subject_S006,15,0.0027946672951252604,,0.038114603949297145,,0.0009336880739593409
TCN3_1759fa72,TCN3,loso_subject_S006,16,0.0025403435665871965,,0.03665982625569813,,0.0009241613255361449
TCN3_1759fa72,TCN3,loso_subject_S006,17,0.002391649498697954,,0.03492828738896889,,0.0009140576474687258
TCN3_1759fa72,TCN3,loso_subject_S006,18,0.0022058677439802487,,0.03347768696133786,,0.0009033926188963346
TCN3_1759fa72,TCN3,loso_subject_S006,19,0.002056579597949421,,0.032241236589325414,,0.0008921826845200134
TCN3_1759fa72,TCN3,loso_subject_S006,20,0.002081175717028643,,0.03246831867127323,,0.000880445129246058
TCN3_1759fa72,TCN3,loso_subject_S006,21,0.0019984740341949933,,0.03226380481706402,,0.0008681980515339459
TCN3_1759fa72,TCN3,loso_subject_S006,22,0.0018172831190762294,,0.03069984551220493,,0.0008554603354898234
TCN3_1759fa72,TCN3,loso_subject_S006,23,0.0015934964166281248,,0.028942684772329454,,0.0008422516217485822
TCN3_1759fa72,TCN3,loso_subject_S006,24,0.0016033136092955373,,0.028913707115648408,,0.0008285922771894248
TCN3_1759fa72,TCN3,loso_subject_S006,25,0.0014349463040421492,,0.026412594381317923,,0.0008145033635316124
TCN3_1759fa72,TCN3,loso_subject_S006,26,0.001388039399357528,,0.026752944754240577,,0.0008000066048588205
TCN3_1759fa72,TCN3,loso_subject_S006,27,0.001389370279250521,,0.026384532765040734,,0.0007851243541221765
TCN3_1759fa72,TCN3,loso_subject_S006,28,0.0013353493160777733,,0.025688206354178875,,0.0007698795586736293
TCN3_1759fa72,TCN3,loso_subject_S006,29,0.0013217992728950315,,0.026280883459988226,,0.0007542957248827956
TCN3_1759fa72,TCN3,loso_subject_S006,30,0.0011694571160407463,,0.0242110724032112,,0.0007383968818918422
TCN3_1759fa72,TCN3,loso_subject_S006,31,0.0010920023713543573,,0.023408414945325928,,0.00072220754456429
TCN3_1759fa72,TCN3,loso_subject_S006,32,0.0011301883420199788,,0.023868758527605654,,0.0007057526756848715
TCN3_1759fa72,TCN3,loso_subject_S006,33,0.0010850873398381008,,0.02299496640442956,,0.000689057647468726
TCN3_1759fa72,TCN3,loso_subject_S006,34,0.0011964847305652856,,0.024570877378955802,,0.000672148202439283
TCN3_1759fa72,TCN3,loso_subject_S006,35,0.000997569432963916,,0.022089829917902485,,0.0006550504137351571
TCN3_1759fa72,TCN3,loso_subject_S006,36,0.000943348084051618,,0.02165643823081434,,0.0006377906449072574
TCN3_1759fa72,TCN3,loso_subject_S006,37,0.0009615819107560446,,0.021661444687284835,,0.0006203955092681036
TCN3_1759fa72,TCN3,loso_subject_S006,38,0.0009108179307864448,,0.02095656800205186,,0.0006028918288560267
TCN3_1759fa72,TCN3,loso_subject_S006,39,0.0008730483321268363,,0.020734922286873996,,0.00058530659307753
TCN3_1759fa72,TCN3,loso_subject_S006,40,0.0008400114062965821,,0.020146757159634064,,0.0005676669170915806
TCN3_1759fa72,TCN3,loso_subject_S006,41,0.0008148718559436982,,0.02017676948711979,,0.0005499999999999997
TCN3_1759fa72,TCN3,loso_subject_S006,42,0.0008172969013810188,,0.019721201231075725,,0.000532333082908419
TCN3_1759fa72,TCN3,loso_subject_S006,43,0.0008095120904747186,,0.01990851617523622,,0.0005146934069224697
TCN3_1759fa72,TCN3,loso_subject_S006,44,0.0007496913516689958,,0.018920497226438796,,0.000497108171143973
TCN3_1759fa72,TCN3,loso_subject_S006,45,0.0007630835525365501,,0.019529360787422498,,0.00047960449073189616
TCN3_1759fa72,TCN3,loso_subject_S006,46,0.0006958603978128468,,0.018315112123008372,,0.00046220935509274226
TCN3_1759fa72,TCN3,loso_subject_S006,47,0.0007674346622516696,,0.019153144501557702,,0.00044494958626484254
TCN3_1759fa72,TCN3,loso_subject_S006,48,0.0007715026991050389,,0.01919408095555017,,0.00042785179756071645
TCN3_1759fa72,TCN3,loso_subject_S006,49,0.0007223068649383739,,0.018356508768650023,,0.0004109423525312737
TCN3_1759fa72,TCN3,loso_subject_S006,50,0.0006970541318148775,,0.01821338372930014,,0.0003942473243151282
TCN3_1759fa72,TCN3,loso_subject_S006,51,0.0007095862093883349,,0.018335815542446666,,0.0003777924554357096
TCN3_1759fa72,TCN3,loso_subject_S006,52,0.0006579941053589341,,0.018103938954426035,,0.0003616031181081575
TCN3_1759fa72,TCN3,loso_subject_S006,53,0.0006597101090292172,,0.01767356505206378,,0.000345704275117204
TCN3_1759fa72,TCN3,loso_subject_S006,54,0.0006920498014315262,,0.018441122746711437,,0.00033012044132637024
TCN3_1759fa72,TCN3,loso_subject_S006,55,0.0006660206378362298,,0.017720882916968675,,0.00031487564587782306
TCN3_1759fa72,TCN3,loso_subject_S006,56,0.0006215184683305728,,0.01725312301146093,,0.00029999339514117897
TCN3_1759fa72,TCN3,loso_subject_S006,57,0.0006268633634129466,,0.017284972920119074,,0.0002854966364683872
TCN3_1759fa72,TCN3,loso_subject_S006,58,0.0006009909482282583,,0.01674945223849133,,0.0002714077228105749
TCN3_1759fa72,TCN3,loso_subject_S006,59,0.0006333640103662557,,0.017187730089955815,,0.00025774837825141746
TCN3_1759fa72,TCN3,loso_subject_S006,60,0.0005884986992227758,,0.01652532428532534,,0.0002445396645101764
TCN3_1759fa72,TCN3,loso_subject_S006,61,0.0006091962169976589,,0.016816791098445645,,0.0002318019484660537
TCN3_1759fa72,TCN3,loso_subject_S006,62,0.0005921649286216656,,0.01651845787105211,,0.00021955487075394156
TCN3_1759fa72,TCN3,loso_subject_S006,63,0.0005477860325908074,,0.01614164406847281,,0.0002078173154799862
TCN3_1759fa72,TCN3,loso_subject_S006,64,0.0005447503137984505,,0.016233730057075606,,0.00019660738110366478
TCN3_1759fa72,TCN3,loso_subject_S006,65,0.0005443534887545899,,0.016141107531724708,,0.00018594235253127373
TCN3_1759fa72,TCN3,loso_subject_S006,66,0.000547475041022708,,0.015940169752484815,,0.00017583867446385477
TCN3_1759fa72,TCN3,loso_subject_S006,67,0.0005612561071661207,,0.01620868282132674,,0.00016631192604065853
TCN3_1759fa72,TCN3,loso_subject_S006,68,0.0005350774913877698,,0.01601890223859728,,0.00015737679681724137
TCN3_1759fa72,TCN3,loso_subject_S006,69,0.000554583249554494,,0.01593059691788241,,0.0001490470641152345
TCN3_1759fa72,TCN3,loso_subject_S006,70,0.000506894599583494,,0.015592550573098074,,0.00014133557177871338
TCN3_1759fa72,TCN3,loso_subject_S006,71,0.0004869277326560526,,0.015210104150945244,,0.00013425421036992097
TCN3_1759fa72,TCN3,loso_subject_S006,72,0.0005269517511059783,,0.015400442725255795,,0.00012781389883488212
TCN3_1759fa72,TCN3,loso_subject_S006,73,0.0005173038418046179,,0.015074536694119725,,0.0001220245676671809
TCN3_1759fa72,TCN3,loso_subject_S006,74,0.0005033155170871398,,0.01512252209976645,,0.00011689514359585877
TCN3_1759fa72,TCN3,loso_subject_S006,75,0.0005288741578167769,,0.015621108622101226,,0.00011243353582104555
TCN3_1759fa72,TCN3,loso_subject_S006,76,0.0005164276015178458,,0.015377883214954592,,0.0001086466238185463
TCN3_1759fa72,TCN3,loso_subject_S006,77,0.0005075444129863091,,0.015330383344238464,,0.00010554024673218805
TCN3_1759fa72,TCN3,loso_subject_S006,78,0.0005262458610888577,,0.015314940712837172,,0.00010311919437028317
TCN3_1759fa72,TCN3,loso_subject_S006,79,0.0004920527794772002,,0.015070595094858518,,0.00010138719982009242
TCN3_1759fa72,TCN3,loso_subject_S006,80,0.0005007148488146336,,0.015024602544072712,,0.0001003469336916747
TCN3_1759fa72,TCN3,loso_subject_S008,1,0.2702105967371098,,0.37865158146300276,,0.001
TCN3_1759fa72,TCN3,loso_subject_S008,2,0.05168250347854364,,0.1643930260587575,,0.0009996530663083252
TCN3_1759fa72,TCN3,loso_subject_S008,3,0.027514214830844114,,0.1195468243130148,,0.0009986128001799074
TCN3_1759fa72,TCN3,loso_subject_S008,4,0.01874036499817469,,0.09967666488661031,,0.0009968808056297167
TCN3_1759fa72,TCN3,loso_subject_S008,5,0.012797230604387607,,0.08398506215950419,,0.0009944597532678117
TCN3_1759fa72,TCN3,loso_subject_S008,6,0.010502866819417098,,0.07609906756645161,,0.0009913533761814533
TCN3_1759fa72,TCN3,loso_subject_S008,7,0.008371452956252702,,0.06728395311288846,,0.000987566464178954
TCN3_1759fa72,TCN3,loso_subject_S008,8,0.006400943656090196,,0.05928573229557864,,0.0009831048564041408
TCN3_1759fa72,TCN3,loso_subject_S008,9,0.005553574045897541,,0.05449860884970107,,0.0009779754323328187
TCN3_1759fa72,TCN3,loso_subject_S008,10,0.0050159846299989265,,0.052501227151945204,,0.0009721861011651174
TCN3_1759fa72,TCN3,loso_subject_S008,11,0.0044090844984187895,,0.04894408365695544,,0.0009657457896300785
TCN3_1759fa72,TCN3,loso_subject_S008,12,0.004134848678125837,,0.04723675478518522,,0.000958664428221286
TCN3_1759fa72,TCN3,loso_subject_S008,13,0.0034054469586547874,,0.04301149216631562,,0.000950952935884765
TCN3_1759fa72,TCN3,loso_subject_S008,14,0.003049701026349293,,0.04028014258082776,,0.0009426232031827582
TCN3_1759fa72,TCN3,loso_subject_S008,15,0.0029483315000812258,,0.03950975648442457,,0.0009336880739593409
TCN3_1759fa72,TCN3,loso_subject_S008,16,0.002910242501561839,,0.03940198233956379,,0.0009241613255361449
TCN3_1759fa72,TCN3,loso_subject_S008,17,0.0024424932730210975,,0.0361706021813211,,0.0009140576474687258
TCN3_1759fa72,TCN3,loso_subject_S008,18,0.0023427346508954924,,0.034870912770239584,,0.0009033926188963346
TCN3_1759fa72,TCN3,loso_subject_S008,19,0.0021510563593870615,,0.03407151047522504,,0.0008921826845200134
TCN3_1759fa72,TCN3,loso_subject_S008,20,0.0019996756661410887,,0.03308948970872547,,0.000880445129246058
TCN3_1759fa72,TCN3,loso_subject_S008,21,0.0019324370816289579,,0.03173256210100169,,0.0008681980515339459
TCN3_1759fa72,TCN3,loso_subject_S008,22,0.00190072079508243,,0.03147852837713959,,0.0008554603354898234
TCN3_1759fa72,TCN3,loso_subject_S008,23,0.001884555865635739,,0.031732332317650436,,0.0008422516217485822
TCN3_1759fa72,TCN3,loso_subject_S008,24,0.0016899938176772517,,0.029749915908595572,,0.0008285922771894248
TCN3_1759fa72,TCN3,loso_subject_S008,25,0.0016510687336389748,,0.02986665047867893,,0.0008145033635316124
TCN3_1759fa72,TCN3,loso_subject_S008,26,0.0014463843488316888,,0.027564208515723127,,0.0008000066048588205
TCN3_1759fa72,TCN3,loso_subject_S008,27,0.0013388186645577585,,0.026333811614615565,,0.0007851243541221765
TCN3_1759fa72,TCN3,loso_subject_S008,28,0.0013756285067373414,,0.02637727626535886,,0.0007698795586736293
TCN3_1759fa72,TCN3,loso_subject_S008,29,0.0013172453487246322,,0.026129919641129155,,0.0007542957248827956
TCN3_1759fa72,TCN3,loso_subject_S008,30,0.0012718812971404235,,0.025448665647840832,,0.0007383968818918422
TCN3_1759fa72,TCN3,loso_subject_S008,31,0.0012447145439836633,,0.025921763685820987,,0.00072220754456429
TCN3_1759fa72,TCN3,loso_subject_S008,32,0.0012188678292846054,,0.02464824611435735,,0.0007057526756848715
TCN3_1759fa72,TCN3,loso_subject_S008,33,0.0011312840709833813,,0.024247686595000786,,0.000689057647468726
TCN3_1759fa72,TCN3,loso_subject_S008,34,0.0010837759807929928,,0.023960983993338875,,0.000672148202439283
TCN3_1759fa72,TCN3,loso_subject_S008,35,0.0010986609977203428,,0.023484743701344606,,0.0006550504137351571
TCN3_1759fa72,TCN3,loso_subject_S008,36,0.0009528577365018156,,0.02217118974471826,,0.0006377906449072574
TCN3_1759fa72,TCN3,loso_subject_S008,37,0.0009324524160548502,,0.021900946199203627,,0.0006203955092681036
TCN3_1759fa72,TCN3,loso_subject_S008,38,0.0010320766929151524,,0.022534700029194946,,0.0006028918288560267
TCN3_1759fa72,TCN3,loso_subject_S008,39,0.000935251733451813,,0.021794366837040943,,0.00058530659307753
TCN3_1759fa72,TCN3,loso_subject_S008,40,0.0009411926228201114,,0.022208256973662494,,0.0005676669170915806
TCN3_1759fa72,TCN3,loso_subject_S008,41,0.0009263338820674733,,0.021481701953818592,,0.0005499999999999997
TCN3_1759fa72,TCN3,loso_subject_S008,42,0.0008351805949340803,,0.020589339033429944,,0.000532333082908419
TCN3_1759fa72,TCN3,loso_subject_S008,43,0.0008665409982238337,,0.020691029506801455,,0.0005146934069224697
TCN3_1759fa72,TCN3,loso_subject_S008,44,0.0008289908074889724,,0.020079515052775648,,0.000497108171143973
TCN3_1759fa72,TCN3,loso_subject_S008,45,0.000799538088017245,,0.02015548882960366,,0.00047960449073189616
TCN3_1759fa72,TCN3,loso_subject_S008,46,0.000792737099725194,,0.01988325403937928,,0.00046220935509274226
TCN3_1759fa72,TCN3,loso_subject_S008,47,0.0007953850038471052,,0.01968703919332561,,0.00044494958626484254
TCN3_1759fa72,TCN3,loso_subject_S008,48,0.0008038476316255537,,0.02023816508907285,,0.00042785179756071645
TCN3_1759fa72,TCN3,loso_subject_S008,49,0.0007114161498500077,,0.019017442603534534,,0.0004109423525312737
TCN3_1759fa72,TCN3,loso_subject_S008,50,0.0007043669341308633,,0.018643383946316594,,0.0003942473243151282
TCN3_1759fa72,TCN3,loso_subject_S008,51,0.0006882384369592968,,0.018251947957521872,,0.0003777924554357096
TCN3_1759fa72,TCN3,loso_subject_S008,52,0.0006939566254734126,,0.018553671518908993,,0.0003616031181081575
TCN3_1759fa72,TCN3,loso_subject_S008,53,0.0007006438946891342,,0.01839533919736023,,0.000345704275117204
TCN3_1759fa72,TCN3,loso_subject_S008,54,0.0006642029739549281,,0.017938970847019568,,0.00033012044132637024
TCN3_1759fa72,TCN3,loso_subject_S008,55,0.0007058670507771074,,0.01798251756201273,,0.00031487564587782306
TCN3_1759fa72,TCN3,loso_subject_S008,56,0.0006502580318617198,,0.017787577013634908,,0.00029999339514117897
TCN3_1759fa72,TCN3,loso_subject_S008,57,0.0006462549665156311,,0.0175027652507405,,0.0002854966364683872
TCN3_1759fa72,TCN3,loso_subject_S008,58,0.000660536998399354,,0.017759442826194294,,0.0002714077228105749
TCN3_1759fa72,TCN3,loso_subject_S008,59,0.0006116619467683516,,0.0174488990902309,,0.00025774837825141746
TCN3_1759fa72,TCN3,loso_subject_S008,60,0.000618472204245177,,0.017283999047369693,,0.0002445396645101764
TCN3_1759fa72,TCN3,loso_subject_S008,61,0.0005921367468410384,,0.01669784595611709,,0.0002318019484660537
TCN3_1759fa72,TCN3,loso_subject_S008,62,0.000597608893036332,,0.016650160205070347,,0.00021955487075394156
TCN3_1759fa72,TCN3,loso_subject_S008,63,0.0006083419592635031,,0.016881227121003647,,0.0002078173154799862
TCN3_1759fa72,TCN3,loso_subject_S008,64,0.0005634996091529683,,0.01686851883246696,,0.00019660738110366478
TCN3_1759fa72,TCN3,loso_subject_S008,65,0.0005881809699803672,,0.01686780420110409,,0.00018594235253127373
TCN3_1759fa72,TCN3,loso_subject_S008,66,0.0006165784093105092,,0.016604585264896336,,0.00017583867446385477
TCN3_1759fa72,TCN3,loso_subject_S008,67,0.00057495054728407,,0.016795198296268875,,0.00016631192604065853
TCN3_1759fa72,TCN3,loso_subject_S008,68,0.000544438730542561,,0.016218116937154654,,0.00015737679681724137
TCN3_1759fa72,TCN3,loso_subject_S008,69,0.0005618661385822195,,0.01620966675589607,,0.0001490470641152345
TCN3_1759fa72,TCN3,loso_subject_S008,70,0.0005521644580592158,,0.01620866020637226,,0.00014133557177871338
TCN3_1759fa72,TCN3,loso_subject_S008,71,0.0005371204466942061,,0.01613483383381292,,0.00013425421036992097
TCN3_1759fa72,TCN3,loso_subject_S008,72,0.0005314465386950652,,0.01577325054141739,,0.00012781389883488212
TCN3_1759fa72,TCN3,loso_subject_S008,73,0.0005065436942653017,,0.015457830540367423,,0.0001220245676671809
TCN3_1759fa72,TCN3,loso_subject_S008,74,0.0005694709703088002,,0.01618741819552441,,0.00011689514359585877
TCN3_1759fa72,TCN3,loso_subject_S008,75,0.0005313611222559884,,0.015976841554099917,,0.00011243353582104555
TCN3_1759fa72,TCN3,loso_subject_S008,76,0.000525390079373945,,0.015885154478138524,,0.0001086466238185463
TCN3_1759fa72,TCN3,loso_subject_S008,77,0.0005297778543578103,,0.015730628168085882,,0.00010554024673218805
TCN3_1759fa72,TCN3,loso_subject_S008,78,0.0005006953968508089,,0.015519905774986641,,0.00010311919437028317
TCN3_1759fa72,TCN3,loso_subject_S008,79,0.0005274752407384978,,0.015509347770360627,,0.00010138719982009242
TCN3_1759fa72,TCN3,loso_subject_S008,80,0.0005002217644846842,,0.015561253265715017,,0.0001003469336916747
TCN3_1759fa72,TCN3,loso_subject_S009,1,0.28356097147546033,,0.3902212232351303,,0.001
TCN3_1759fa72,TCN3,loso_subject_S009,2,0.05590337214314125,,0.17554050734774632,,0.0009996530663083252
TCN3_1759fa72,TCN3,loso_subject_S009,3,0.029479852115566082,,0.12690305438908664,,0.0009986128001799074
TCN3_1759fa72,TCN3,loso_subject_S009,4,0.0193901347970082,,0.10362675769085233,,0.0009968808056297167
TCN3_1759fa72,TCN3,loso_subject_S009,5,0.013777877775613557,,0.08702827939255671,,0.0009944597532678117
TCN3_1759fa72,TCN3,loso_subject_S009,6,0.010365316845391962,,0.07540192937647755,,0.0009913533761814533
TCN3_1759fa72,TCN3,loso_subject_S009,7,0.008105888200754469,,0.0684018623591824,,0.000987566464178954
TCN3_1759fa72,TCN3,loso_subject_S009,8,0.00666116837369786,,0.06049494792453267,,0.0009831048564041408
TCN3_1759fa72,TCN3,loso_subject_S009,9,0.006338186816058375,,0.05918937921524048,,0.0009779754323328187
TCN3_1759fa72,TCN3,loso_subject_S009,10,0.00520689950578592,,0.052962500009347095,,0.0009721861011651174
TCN3_1759fa72,TCN3,loso_subject_S009,11,0.004723128561057489,,0.04993263157931241,,0.0009657457896300785
TCN3_1759fa72,TCN3,loso_subject_S009,12,0.0038787183320065114,,0.046582860448821026,,0.000958664428221286
TCN3_1759fa72,TCN3,loso_subject_S009,13,0.003605158533900976,,0.04381425805728544,,0.000950952935884765
TCN3_1759fa72,TCN3,loso_subject_S009,14,0.0031722683501853185,,0.041238942691548305,,0.0009426232031827582
TCN3_1759fa72,TCN3,loso_subject_S009,15,0.003128843498416245,,0.04069883439859206,,0.0009336880739593409
TCN3_1759fa72,TCN3,loso_subject_S009,16,0.002913774210769175,,0.038510281931270256,,0.0009241613255361449
TCN3_1759fa72,TCN3,loso_subject_S009,17,0.002691253673137081,,0.037111077711663464,,0.0009140576474687258
TCN3_1759fa72,TCN3,loso_subject_S009,18,0.00240782666051845,,0.03525844279846007,,0.0009033926188963346
TCN3_1759fa72,TCN3,loso_subject_S009,19,0.0020128375326748937,,0.032596833876926794,,0.0008921826845200134
TCN3_1759fa72,TCN3,loso_subject_S009,20,0.0020055913932579147,,0.03179742298512296,,0.000880445129246058
TCN3_1759fa72,TCN3,loso_subject_S009,21,0.0021484484975437886,,0.032430646433071655,,0.0008681980515339459
TCN3_1759fa72,TCN3,loso_subject_S009,22,0.0019945749584373766,,0.03117860277945345,,0.0008554603354898234
TCN3_1759fa72,TCN3,loso_subject_S009,23,0.0017495504276170818,,0.029441137036139316,,0.0008422516217485822
TCN3_1759fa72,TCN3,loso_subject_S009,24,0.0017134836022953757,,0.029565971514040775,,0.0008285922771894248
TCN3_1759fa72,TCN3,loso_subject_S009,25,0.0017251579371407968,,0.02922653140161525,,0.0008145033635316124
TCN3_1759fa72,TCN3,loso_subject_S009,26,0.0015451106010004878,,0.027835320004008034,,0.0008000066048588205
TCN3_1759fa72,TCN3,loso_subject_S009,27,0.0014285981160355732,,0.027114123106002808,,0.0007851243541221765
TCN3_1759fa72,TCN3,loso_subject_S009,28,0.0014656489762604576,,0.027537298134782097,,0.0007698795586736293
TCN3_1759fa72,TCN3,loso_subject_S009,29,0.0014683258248789405,,0.025910388297316702,,0.0007542957248827956
TCN3_1759fa72,TCN3,loso_subject_S009,30,0.0012977084287823263,,0.025844602887942034,,0.0007383968818918422
TCN3_1759fa72,TCN3,loso_subject_S009,31,0.001282398346864449,,0.025020624383945356,,0.00072220754456429
TCN3_1759fa72,TCN3,loso_subject_S009,32,0.0012063318995801224,,0.024169496641579,,0.0007057526756848715
TCN3_1759fa72,TCN3,loso_subject_S009,33,0.0011627879284787923,,0.024167086844417183,,0.000689057647468726
TCN3_1759fa72,TCN3,loso_subject_S009,34,0.0012019085076066074,,0.024028234437785366,,0.000672148202439283
TCN3_1759fa72,TCN3,loso_subject_S009,35,0.0011579481638777493,,0.02392968696288087,,0.0006550504137351571
TCN3_1759fa72,TCN3,loso_subject_S009,36,0.0010792876035504212,,0.0230787665667859,,0.0006377906449072574
TCN3_1759fa72,TCN3,loso_subject_S009,37,0.001056543681691189,,0.022136941298165104,,0.0006203955092681036
TCN3_1759fa72,TCN3,loso_subject_S009,38,0.0009510843394144268,,0.02200408855622465,,0.0006028918288560267
TCN3_1759fa72,TCN3,loso_subject_S009,39,0.0009269755868114192,,0.021880131553519856,,0.00058530659307753
TCN3_1759fa72,TCN3,loso_subject_S009,40,0.0009672693585426631,,0.02188601666553454,,0.0005676669170915806
TCN3_1759fa72,TCN3,loso_subject_S009,41,0.0009094771667150781,,0.02137795365838842,,0.0005499999999999997
TCN3_1759fa72,TCN3,loso_subject_S009,42,0.0008497936968606981,,0.020811580671844156,,0.000532333082908419
TCN3_1759fa72,TCN3,loso_subject_S009,43,0.0009203307279015214,,0.0207886361009018,,0.0005146934069224697
TCN3_1759fa72,TCN3,loso_subject_S009,44,0.000859922705620358,,0.020781163168563085,,0.000497108171143973
TCN3_1759fa72,TCN3,loso_subject_S009,45,0.0008370437433107079,,0.01960436112924733,,0.00047960449073189616
TCN3_1759fa72,TCN3,loso_subject_S009,46,0.000960368452731266,,0.021079704101959414,,0.00046220935509274226
TCN3_1759fa72,TCN3,loso_subject_S009,47,0.0008526847728221169,,0.020191997289657593,,0.00044494958626484254
TCN3_1759fa72,TCN3,loso_subject_S009,48,0.0007880072430866262,,0.01928090782497417,,0.00042785179756071645
TCN3_1759fa72,TCN3,loso_subject_S009,49,0.0008073131294540045,,0.01951853575354273,,0.0004109423525312737
TCN3_1759fa72,TCN3,loso_subject_S009,50,0.0008421027020879344,,0.019834713946858592,,0.0003942473243151282
TCN3_1759fa72,TCN3,loso_subject_S009,51,0.0007343945537947795,,0.018768866842781954,,0.0003777924554357096
TCN3_1759fa72,TCN3,loso_subject_S009,52,0.0007567905181944793,,0.01862149571322582,,0.0003616031181081575
TCN3_1759fa72,TCN3,loso_subject_S009,53,0.0007096201483033259,,0.01848814033225856,,0.000345704275117204
TCN3_1759fa72,TCN3,loso_subject_S009,54,0.0006943147964193486,,0.01834105490706861,,0.00033012044132637024
TCN3_1759fa72,TCN3,loso_subject_S009,55,0.0007045454734576527,,0.01800969052551822,,0.00031487564587782306
TCN3_1759fa72,TCN3,loso_subject_S009,56,0.0006903543875192885,,0.017982083309272475,,0.00029999339514117897
TCN3_1759fa72,TCN3,loso_subject_S009,57,0.000686408345328263,,0.017879731064154344,,0.0002854966364683872
TCN3_1759fa72,TCN3,loso_subject_S009,58,0.0006690271382632835,,0.017885818125002763,,0.0002714077228105749
TCN3_1759fa72,TCN3,loso_subject_S009,59,0.0006726472287978554,,0.01792565229433504,,0.00025774837825141746
TCN3_1759fa72,TCN3,loso_subject_S009,60,0.0006649855495197698,,0.01763974295251749,,0.0002445396645101764
TCN3_1759fa72,TCN3,loso_subject_S009,61,0.0007005026491242461,,0.017551704161715777,,0.0002318019484660537
TCN3_1759fa72,TCN3,loso_subject_S009,62,0.0006490639570984058,,0.017553154019300233,,0.00021955487075394156
TCN3_1759fa72,TCN3,loso_subject_S009,63,0.0006829681621060114,,0.018128853375938805,,0.0002078173154799862
TCN3_1759fa72,TCN3,loso_subject_S009,64,0.000650259790497578,,0.017162425866858524,,0.00019660738110366478
TCN3_1759fa72,TCN3,loso_subject_S009,65,0.0006113508193679577,,0.016775061312893576,,0.00018594235253127373
TCN3_1759fa72,TCN3,loso_subject_S009,66,0.0006336249782841398,,0.01689663736826994,,0.00017583867446385477
TCN3_1759fa72,TCN3,loso_subject_S009,67,0.0005747861746799158,,0.016536336476829918,,0.00016631192604065853
TCN3_1759fa72,TCN3,loso_subject_S009,68,0.0006478046284014868,,0.016758076888932424,,0.00015737679681724137
TCN3_1759fa72,TCN3,loso_subject_S009,69,0.0005980894242053513,,0.016841276167807253,,0.0001490470641152345
TCN3_1759fa72,TCN3,loso_subject_S009,70,0.0006210248472846367,,0.016526666046543556,,0.00014133557177871338
TCN3_1759fa72,TCN3,loso_subject_S009,71,0.0005923710222387771,,0.016464347718283534,,0.00013425421036992097
TCN3_1759fa72,TCN3,loso_subject_S009,72,0.0006011800644707612,,0.01640084561553191,,0.00012781389883488212
TCN3_1759fa72,TCN3,loso_subject_S009,73,0.000560042247260836,,0.016431191491640428,,0.0001220245676671809
TCN3_1759fa72,TCN3,loso_subject_S009,74,0.0005408215960911052,,0.015983656196939675,,0.00011689514359585877
TCN3_1759fa72,TCN3,loso_subject_S009,75,0.0005735681433262388,,0.016047749541361223,,0.00011243353582104555
TCN3_1759fa72,TCN3,loso_subject_S009,76,0.0005558269007120874,,0.01609859257851812,,0.0001086466238185463
TCN3_1759fa72,TCN3,loso_subject_S009,77,0.0005677880928322503,,0.01594188176518814,,0.00010554024673218805
TCN3_1759fa72,TCN3,loso_subject_S009,78,0.000557580295042664,,0.01584301901642572,,0.00010311919437028317
TCN3_1759fa72,TCN3,loso_subject_S009,79,0.0006041028080455197,,0.016242011132734744,,0.00010138719982009242
TCN3_1759fa72,TCN3,loso_subject_S009,80,0.0005573965890190183,,0.01596030474386432,,0.0001003469336916747
TCN3_1759fa72,TCN3,loso_subject_S010,1,0.20839325326585,,0.32880875919677766,,0.001
TCN3_1759fa72,TCN3,loso_subject_S010,2,0.04628828055059425,,0.1611935834898019,,0.0009996530663083252
TCN3_1759fa72,TCN3,loso_subject_S010,3,0.026164439975755578,,0.12029544179436201,,0.0009986128001799074
TCN3_1759fa72,TCN3,loso_subject_S010,4,0.017333946338375355,,0.09823435437336543,,0.0009968808056297167
TCN3_1759fa72,TCN3,loso_subject_S010,5,0.012465469948006964,,0.08315852160080954,,0.0009944597532678117
TCN3_1759fa72,TCN3,loso_subject_S010,6,0.009174539970147827,,0.07051317295553307,,0.0009913533761814533
TCN3_1759fa72,TCN3,loso_subject_S010,7,0.007311819628048244,,0.06336479695699325,,0.000987566464178954
TCN3_1759fa72,TCN3,loso_subject_S010,8,0.006375742805821281,,0.059039757523011695,,0.0009831048564041408
TCN3_1759fa72,TCN3,loso_subject_S010,9,0.00553815807039532,,0.05533661897624693,,0.0009779754323328187
TCN3_1759fa72,TCN3,loso_subject_S010,10,0.004759965682608633,,0.0505709879591455,,0.0009721861011651174
TCN3_1759fa72,TCN3,loso_subject_S010,11,0.0042790116345167665,,0.04851664526996739,,0.0009657457896300785
TCN3_1759fa72,TCN3,loso_subject_S010,12,0.00400167657388962,,0.045951660132090476,,0.000958664428221286
TCN3_1759fa72,TCN3,loso_subject_S010,13,0.0036117689158939883,,0.04395361200790084,,0.000950952935884765
TCN3_1759fa72,TCN3,loso_subject_S010,14,0.0031433548767845895,,0.04073915960787055,,0.0009426232031827582
TCN3_1759fa72,TCN3,loso_subject_S010,15,0.0029792482391598034,,0.03932183408302478,,0.0009336880739593409
TCN3_1759fa72,TCN3,loso_subject_S010,16,0.0027796829130427407,,0.03842885962584243,,0.0009241613255361449
TCN3_1759fa72,TCN3,loso_subject_S010,17,0.002534157752619761,,0.03608563349570499,,0.0009140576474687258
TCN3_1759fa72,TCN3,loso_subject_S010,18,0.002359789457213954,,0.03494932261644373,,0.0009033926188963346
TCN3_1759fa72,TCN3,loso_subject_S010,19,0.0021835218459958154,,0.03362339003557577,,0.0008921826845200134
TCN3_1759fa72,TCN3,loso_subject_S010,20,0.0021170769930134044,,0.03274403817606842,,0.000880445129246058
TCN3_1759fa72,TCN3,loso_subject_S010,21,0.0017864740855970942,,0.03066012420042367,,0.0008681980515339459
TCN3_1759fa72,TCN3,loso_subject_S010,22,0.0018215627041495135,,0.03091582629782622,,0.0008554603354898234
TCN3_1759fa72,TCN3,loso_subject_S010,23,0.0017989444855645007,,0.03046269789024623,,0.0008422516217485822
TCN3_1759fa72,TCN3,loso_subject_S010,24,0.0016435121031292566,,0.028884318240540725,,0.0008285922771894248
TCN3_1759fa72,TCN3,loso_subject_S010,25,0.0014754199686748868,,0.02767791255242694,,0.0008145033635316124
TCN3_1759fa72,TCN3,loso_subject_S010,26,0.0015260926289431657,,0.02790770573909871,,0.0008000066048588205
TCN3_1759fa72,TCN3,loso_subject_S010,27,0.0014816554792899362,,0.02683296067663697,,0.0007851243541221765
TCN3_1759fa72,TCN3,loso_subject_S010,28,0.001290100136494883,,0.02574611654006164,,0.0007698795586736293
TCN3_1759fa72,TCN3,loso_subject_S010,29,0.0013147866889588837,,0.025971257366856553,,0.0007542957248827956
TCN3_1759fa72,TCN3,loso_subject_S010,30,0.0013442839907944662,,0.02623333722917261,,0.0007383968818918422
TCN3_1759fa72,TCN3,loso_subject_S010,31,0.0012561460665647896,,0.02516558757221632,,0.00072220754456429
TCN3_1759fa72,TCN3,loso_subject_S010,32,0.0011998092929400284,,0.024369511301374536,,0.0007057526756848715
TCN3_1759fa72,TCN3,loso_subject_S010,33,0.0012098662926669156,,0.023758593557446903,,0.000689057647468726
TCN3_1759fa72,TCN3,loso_subject_S010,34,0.0010546535579422371,,0.023126256329544296,,0.000672148202439283
TCN3_1759fa72,TCN3,loso_subject_S010,35,0.0010243635703835684,,0.022736953618462088,,0.0006550504137351571
TCN3_1759fa72,TCN3,loso_subject_S010,36,0.0009521847466061736,,0.022051440005884264,,0.0006377906449072574
TCN3_1759fa72,TCN3,loso_subject_S010,37,0.0009432413031903538,,0.021488783081672135,,0.0006203955092681036
TCN3_1759fa72,TCN3,loso_subject_S010,38,0.0009261925868379137,,0.021320124724971294,,0.0006028918288560267
TCN3_1759fa72,TCN3,loso_subject_S010,39,0.000965606571445542,,0.022015980963411036,,0.00058530659307753
TCN3_1759fa72,TCN3,loso_subject_S010,40,0.0009538423386565703,,0.02174482776732465,,0.0005676669170915806
TCN3_1759fa72,TCN3,loso_subject_S010,41,0.0009562173864979239,,0.021846091727429653,,0.0005499999999999997
TCN3_1759fa72,TCN3,loso_subject_S010,42,0.0008322947811587422,,0.020394601387613117,,0.000532333082908419
TCN3_1759fa72,TCN3,loso_subject_S010,43,0.0008175676467477084,,0.02007583972866037,,0.0005146934069224697
TCN3_1759fa72,TCN3,loso_subject_S010,44,0.0008622556715827503,,0.020464652237517637,,0.000497108171143973
TCN3_1759fa72,TCN3,loso_subject_S010,45,0.0007804617510885157,,0.01944130060340044,,0.00047960449073189616
TCN3_1759fa72,TCN3,loso_subject_S010,46,0.0008371882673730449,,0.019985096774692287,,0.00046220935509274226
TCN3_1759fa72,TCN3,loso_subject_S010,47,0.0008202802652243635,,0.0199446833756495,,0.00044494958626484254
TCN3_1759fa72,TCN3,loso_subject_S010,48,0.0007474856091294892,,0.019112966411327748,,0.00042785179756071645
TCN3_1759fa72,TCN3,loso_subject_S010,49,0.0007860574111744741,,0.01909376449391852,,0.0004109423525312737
TCN3_1759fa72,TCN3,loso_subject_S010,50,0.0007282532242957508,,0.018788923314794752,,0.0003942473243151282
TCN3_1759fa72,TCN3,loso_subject_S010,51,0.0006892660333200907,,0.018351090894319733,,0.0003777924554357096
TCN3_1759fa72,TCN3,loso_subject_S010,52,0.0006788504057855124,,0.018441377711831103,,0.0003616031181081575
TCN3_1759fa72,TCN3,loso_subject_S010,53,0.0006671773229280244,,0.017929751279686813,,0.000345704275117204
TCN3_1759fa72,TCN3,loso_subject_S010,54,0.0006811422080589853,,0.018106190337529107,,0.00033012044132637024
TCN3_1759fa72,TCN3,loso_subject_S010,55,0.0006607040829191096,,0.017714449263283614,,0.00031487564587782306
TCN3_1759fa72,TCN3,loso_subject_S010,56,0.000675777865993055,,0.017805253553921343,,0.00029999339514117897
TCN3_1759fa72,TCN3,loso_subject_S010,57,0.0006231828018804805,,0.017437160139195464,,0.0002854966364683872
TCN3_1759fa72,TCN3,loso_subject_S010,58,0.0006543127508448021,,0.017468173071209125,,0.0002714077228105749
TCN3_1759fa72,TCN3,loso_subject_S010,59,0.0006598491430005678,,0.017608359526597266,,0.00025774837825141746
TCN3_1759fa72,TCN3,loso_subject_S010,60,0.0006124263409385392,,0.01703636317421143,,0.0002445396645101764
TCN3_1759fa72,TCN3,loso_subject_S010,61,0.0005775542377408066,,0.016619661289984346,,0.0002318019484660537
TCN3_1759fa72,TCN3,loso_subject_S010,62,0.0005824741317422311,,0.01659987448632383,,0.00021955487075394156
TCN3_1759fa72,TCN3,loso_subject_S010,63,0.0005988439642674019,,0.01680040001858752,,0.0002078173154799862
TCN3_1759fa72,TCN3,loso_subject_S010,64,0.000540617745886276,,0.016212246577982984,,0.00019660738110366478
TCN3_1759fa72,TCN3,loso_subject_S010,65,0.0005588981808769957,,0.01601718088055518,,0.00018594235253127373
TCN3_1759fa72,TCN3,loso_subject_S010,66,0.0005690219805890702,,0.016112365403315797,,0.00017583867446385477
TCN3_1759fa72,TCN3,loso_subject_S010,67,0.0005664879406036921,,0.016201207079881538,,0.00016631192604065853
TCN3_1759fa72,TCN3,loso_subject_S010,68,0.0005594672611767627,,0.016217293800344642,,0.00015737679681724137
TCN3_1759fa72,TCN3,loso_subject_S010,69,0.0005757662595094928,,0.016123455838100438,,0.0001490470641152345
TCN3_1759fa72,TCN3,loso_subject_S010,70,0.0005370972305879148,,0.016017323513978995,,0.00014133557177871338
TCN3_1759fa72,TCN3,loso_subject_S010,71,0.0005586384850303377,,0.016195313529559472,,0.00013425421036992097
TCN3_1759fa72,TCN3,loso_subject_S010,72,0.0005309447686306787,,0.015663507427147696,,0.00012781389883488212
TCN3_1759fa72,TCN3,loso_subject_S010,73,0.0005524504698256519,,0.015898440877004393,,0.0001220245676671809
TCN3_1759fa72,TCN3,loso_subject_S010,74,0.000501027317898254,,0.015812294159298777,,0.00011689514359585877
TCN3_1759fa72,TCN3,loso_subject_S010,75,0.0005844465756839792,,0.01616618693460087,,0.00011243353582104555
TCN3_1759fa72,TCN3,loso_subject_S010,76,0.0005435206614523541,,0.0157044041773819,,0.0001086466238185463
TCN3_1759fa72,TCN3,loso_subject_S010,77,0.0005429183461293213,,0.015501141913893514,,0.00010554024673218805
TCN3_1759fa72,TCN3,loso_subject_S010,78,0.0005265412896905528,,0.015720118014834205,,0.00010311919437028317
TCN3_1759fa72,TCN3,loso_subject_S010,79,0.0004980646471883501,,0.015385166144972932,,0.00010138719982009242
TCN3_1759fa72,TCN3,loso_subject_S010,80,0.0005213376444040799,,0.015612280906699232,,0.0001003469336916747
TCN3_1759fa72,TCN3,loso_subject_S011,1,0.2746208547354343,,0.3887759390913072,,0.001
TCN3_1759fa72,TCN3,loso_subject_S011,2,0.050136185620402604,,0.1659562890098501,,0.0009996530663083252
TCN3_1759fa72,TCN3,loso_subject_S011,3,0.028011392669265545,,0.12591388215634608,,0.0009986128001799074
TCN3_1759fa72,TCN3,loso_subject_S011,4,0.017495921453072816,,0.099235508053767,,0.0009968808056297167
TCN3_1759fa72,TCN3,loso_subject_S011,5,0.012249081110467717,,0.08173573801313287,,0.0009944597532678117
TCN3_1759fa72,TCN3,loso_subject_S011,6,0.009852824421701083,,0.07382519271470264,,0.0009913533761814533
TCN3_1759fa72,TCN3,loso_subject_S011,7,0.007510147526718155,,0.06407501195442442,,0.000987566464178954
TCN3_1759fa72,TCN3,loso_subject_S011,8,0.0070910162958274445,,0.06159969100428888,,0.0009831048564041408
TCN3_1759fa72,TCN3,loso_subject_S011,9,0.005756773173001427,,0.05547095348266464,,0.0009779754323328187
TCN3_1759fa72,TCN3,loso_subject_S011,10,0.004804120857007465,,0.051276421904135165,,0.0009721861011651174
TCN3_1759fa72,TCN3,loso_subject_S011,11,0.004394274722976693,,0.04845301279603099,,0.0009657457896300785
TCN3_1759fa72,TCN3,loso_subject_S011,12,0.003922612477588106,,0.04558974384698193,,0.000958664428221286
TCN3_1759fa72,TCN3,loso_subject_S011,13,0.003284500027558364,,0.042328451276224324,,0.000950952935884765
TCN3_1759fa72,TCN3,loso_subject_S011,14,0.0031587294515224803,,0.04065470289913816,,0.0009426232031827582
TCN3_1759fa72,TCN3,loso_subject_S011,15,0.002776921389318502,,0.03829071248637549,,0.0009336880739593409
TCN3_1759fa72,TCN3,loso_subject_S011,16,0.002617790269825574,,0.03785503853091272,,0.0009241613255361449
TCN3_1759fa72,TCN3,loso_subject_S011,17,0.0024146516847104215,,0.03578962882567545,,0.0009140576474687258
TCN3_1759fa72,TCN3,loso_subject_S011,18,0.00245945713175576,,0.035924648892853565,,0.0009033926188963346
TCN3_1759fa72,TCN3,loso_subject_S011,19,0.001988939670942457,,0.03208605313219327,,0.0008921826845200134
TCN3_1759fa72,TCN3,loso_subject_S011,20,0.0019302183071879858,,0.031043007598448934,,0.000880445129246058
TCN3_1759fa72,TCN3,loso_subject_S011,21,0.00203476601788776,,0.03281195348894548,,0.0008681980515339459
TCN3_1759fa72,TCN3,loso_subject_S011,22,0.0018228227928123169,,0.030235874260641452,,0.0008554603354898234
TCN3_1759fa72,TCN3,loso_subject_S011,23,0.0017074130685995627,,0.029483132086153333,,0.0008422516217485822
TCN3_1759fa72,TCN3,loso_subject_S011,24,0.0014970073320330506,,0.027721909063940824,,0.0008285922771894248
TCN3_1759fa72,TCN3,loso_subject_S011,25,0.0014630062412906795,,0.027720404725911904,,0.0008145033635316124
TCN3_1759fa72,TCN3,loso_subject_S011,26,0.0013862127246485954,,0.026489932946275014,,0.0008000066048588205
TCN3_1759fa72,TCN3,loso_subject_S011,27,0.0012846047557585375,,0.025637299958435777,,0.0007851243541221765
TCN3_1759fa72,TCN3,loso_subject_S011,28,0.0013166545111819661,,0.025836316425591338,,0.0007698795586736293
TCN3_1759fa72,TCN3,loso_subject_S011,29,0.0012138057346669188,,0.024965692294076677,,0.0007542957248827956
TCN3_1759fa72,TCN3,loso_subject_S011,30,0.0010958982951092845,,0.023940683231281172,,0.0007383968818918422
TCN3_1759fa72,TCN3,loso_subject_S011,31,0.0011632696191607964,,0.024153048588868447,,0.00072220754456429
TCN3_1759fa72,TCN3,loso_subject_S011,32,0.00107002369913825,,0.0235895358472215,,0.0007057526756848715
TCN3_1759fa72,TCN3,loso_subject_S011,33,0.0010350603032212202,,0.022969005173885452,,0.000689057647468726
TCN3_1759fa72,TCN3,loso_subject_S011,34,0.001066738749969864,,0.022882960298665395,,0.000672148202439283
TCN3_1759fa72,TCN3,loso_subject_S011,35,0.0009734164919145219,,0.022124086040847674,,0.0006550504137351571
TCN3_1759fa72,TCN3,loso_subject_S011,36,0.0009543274465559487,,0.02213579561161273,,0.0006377906449072574
TCN3_1759fa72,TCN3,loso_subject_S011,37,0.000955982564704841,,0.02122564596495089,,0.0006203955092681036
TCN3_1759fa72,TCN3,loso_subject_S011,38,0.0009124633156145774,,0.02151734198017657,,0.0006028918288560267
TCN3_1759fa72,TCN3,loso_subject_S011,39,0.0008248002320564174,,0.020321849771604245,,0.00058530659307753
TCN3_1759fa72,TCN3,loso_subject_S011,40,0.0007902792149076008,,0.01989812469349812,,0.0005676669170915806
TCN3_1759fa72,TCN3,loso_subject_S011,41,0.000782278871502417,,0.02005207583410419,,0.0005499999999999997
TCN3_1759fa72,TCN3,loso_subject_S011,42,0.000809387636075576,,0.019730259386735963,,0.000532333082908419
TCN3_1759fa72,TCN3,loso_subject_S011,43,0.000732573291704192,,0.01897665534969874,,0.0005146934069224697
TCN3_1759fa72,TCN3,loso_subject_S011,44,0.0007608735326857656,,0.019595513907976276,,0.000497108171143973
TCN3_1759fa72,TCN3,loso_subject_S011,45,0.000773473291758117,,0.01958526009316726,,0.00047960449073189616
TCN3_1759fa72,TCN3,loso_subject_S011,46,0.0006944778916002562,,0.01823291967957265,,0.00046220935509274226
TCN3_1759fa72,TCN3,loso_subject_S011,47,0.0006937905671566509,,0.018424780016740694,,0.00044494958626484254
TCN3_1759fa72,TCN3,loso_subject_S011,48,0.0006658157627827368,,0.018165094979847703,,0.00042785179756071645
TCN3_1759fa72,TCN3,loso_subject_S011,49,0.0006869342425425577,,0.01871802130269741,,0.0004109423525312737
TCN3_1759fa72,TCN3,loso_subject_S011,50,0.0006520092250648717,,0.017901326210931937,,0.0003942473243151282
TCN3_1759fa72,TCN3,loso_subject_S011,51,0.0006622675331781487,,0.017817166793123063,,0.0003777924554357096
TCN3_1759fa72,TCN3,loso_subject_S011,52,0.0006329159346755312,,0.017458081959571357,,0.0003616031181081575
TCN3_1759fa72,TCN3,loso_subject_S011,53,0.0006022760223528117,,0.01736107238781177,,0.000345704275117204
TCN3_1759fa72,TCN3,loso_subject_S011,54,0.0006314462371570594,,0.017438311572879922,,0.00033012044132637024
TCN3_1759fa72,TCN3,loso_subject_S011,55,0.0005890793231630298,,0.01725751567942297,,0.00031487564587782306
TCN3_1759fa72,TCN3,loso_subject_S011,56,0.0005840924054361798,,0.016687666992951333,,0.00029999339514117897
TCN3_1759fa72,TCN3,loso_subject_S011,57,0.0005990747202221428,,0.016554865893256946,,0.0002854966364683872
TCN3_1759fa72,TCN3,loso_subject_S011,58,0.0005662867551458848,,0.016533483544538437,,0.0002714077228105749
TCN3_1759fa72,TCN3,loso_subject_S011,59,0.000563621466916912,,0.0164176880984292,,0.00025774837825141746
TCN3_1759fa72,TCN3,loso_subject_S011,60,0.0005297193987006505,,0.015979118875451274,,0.0002445396645101764
TCN3_1759fa72,TCN3,loso_subject_S011,61,0.000524142787841603,,0.01600233044359408,,0.0002318019484660537
TCN3_1759fa72,TCN3,loso_subject_S011,62,0.0005734943996338431,,0.015904343503475308,,0.00021955487075394156
TCN3_1759fa72,TCN3,loso_subject_S011,63,0.0005282861362470799,,0.015862890477138007,,0.0002078173154799862
TCN3_1759fa72,TCN3,loso_subject_S011,64,0.000529008652528361,,0.015610777469792466,,0.00019660738110366478
TCN3_1759fa72,TCN3,loso_subject_S011,65,0.0005164595493204286,,0.015577810764743976,,0.00018594235253127373
TCN3_1759fa72,TCN3,loso_subject_S011,66,0.0005397350972637661,,0.015639297979487828,,0.00017583867446385477
TCN3_1759fa72,TCN3,loso_subject_S011,67,0.0004893236647094558,,0.01514682799170162,,0.00016631192604065853
TCN3_1759fa72,TCN3,loso_subject_S011,68,0.0005044345418349601,,0.015168040423747807,,0.00015737679681724137
TCN3_1759fa72,TCN3,loso_subject_S011,69,0.0005120471786649529,,0.01542802745281314,,0.0001490470641152345
TCN3_1759fa72,TCN3,loso_subject_S011,70,0.000499078521745151,,0.015214330888474493,,0.00014133557177871338
TCN3_1759fa72,TCN3,loso_subject_S011,71,0.000477672447104991,,0.0150092216267778,,0.00013425421036992097
TCN3_1759fa72,TCN3,loso_subject_S011,72,0.0005004322932347314,,0.015019946473012823,,0.00012781389883488212
TCN3_1759fa72,TCN3,loso_subject_S011,73,0.0004884233101196781,,0.014554421213328061,,0.0001220245676671809
TCN3_1759fa72,TCN3,loso_subject_S011,74,0.00048146414964741194,,0.014766067439081399,,0.00011689514359585877
TCN3_1759fa72,TCN3,loso_subject_S011,75,0.0004973506259580207,,0.01483692470084229,,0.00011243353582104555
TCN3_1759fa72,TCN3,loso_subject_S011,76,0.0004875929543901018,,0.014715295526151993,,0.0001086466238185463
TCN3_1759fa72,TCN3,loso_subject_S011,77,0.0004598747114110308,,0.014578373453060433,,0.00010554024673218805
TCN3_1759fa72,TCN3,loso_subject_S011,78,0.0004565946443834273,,0.014553428030245357,,0.00010311919437028317
TCN3_1759fa72,TCN3,loso_subject_S011,79,0.0004643878737725031,,0.014605006051002716,,0.00010138719982009242
TCN3_1759fa72,TCN3,loso_subject_S011,80,0.0004665355606687898,,0.014577349534463269,,0.0001003469336916747
TCN3_1759fa72,TCN3,loso_subject_S012,1,0.25358849921179877,,0.3640023941361714,,0.001
TCN3_1759fa72,TCN3,loso_subject_S012,2,0.04753642243755026,,0.16232430668477799,,0.0009996530663083252
TCN3_1759fa72,TCN3,loso_subject_S012,3,0.026644932383861713,,0.12148222533243762,,0.0009986128001799074
TCN3_1759fa72,TCN3,loso_subject_S012,4,0.017910197054693055,,0.1014114809654289,,0.0009968808056297167
TCN3_1759fa72,TCN3,loso_subject_S012,5,0.012966748430599482,,0.08579420063851402,,0.0009944597532678117
TCN3_1759fa72,TCN3,loso_subject_S012,6,0.009455849598740663,,0.07357040335863442,,0.0009913533761814533
TCN3_1759fa72,TCN3,loso_subject_S012,7,0.007989566737659654,,0.06757798328767904,,0.000987566464178954
TCN3_1759fa72,TCN3,loso_subject_S012,8,0.006622082896163237,,0.06151996759450804,,0.0009831048564041408
TCN3_1759fa72,TCN3,loso_subject_S012,9,0.006050030230558436,,0.05761111790890629,,0.0009779754323328187
TCN3_1759fa72,TCN3,loso_subject_S012,10,0.0054204253567836595,,0.0552202440128498,,0.0009721861011651174
TCN3_1759fa72,TCN3,loso_subject_S012,11,0.004378543992391309,,0.04938926939236916,,0.0009657457896300785
TCN3_1759fa72,TCN3,loso_subject_S012,12,0.003808668239370865,,0.04561694879078635,,0.000958664428221286
TCN3_1759fa72,TCN3,loso_subject_S012,13,0.00422460990860359,,0.047865085841096805,,0.000950952935884765
TCN3_1759fa72,TCN3,loso_subject_S012,14,0.003250140488307444,,0.04229810701212086,,0.0009426232031827582
TCN3_1759fa72,TCN3,loso_subject_S012,15,0.0035403634729646903,,0.044104080078965525,,0.0009336880739593409
TCN3_1759fa72,TCN3,loso_subject_S012,16,0.0028079501949208915,,0.03929581710293112,,0.0009241613255361449
TCN3_1759fa72,TCN3,loso_subject_S012,17,0.0029578498355275463,,0.0401395003674394,,0.0009140576474687258
TCN3_1759fa72,TCN3,loso_subject_S012,18,0.002574700927089475,,0.03796702855130136,,0.0009033926188963346
TCN3_1759fa72,TCN3,loso_subject_S012,19,0.002333025220919607,,0.03576523666763749,,0.0008921826845200134
TCN3_1759fa72,TCN3,loso_subject_S012,20,0.0021499853395908295,,0.03403059578132059,,0.000880445129246058
TCN3_1759fa72,TCN3,loso_subject_S012,21,0.0018384397990448198,,0.03161336486028175,,0.0008681980515339459
TCN3_1759fa72,TCN3,loso_subject_S012,22,0.0020445728015540563,,0.03287377041334645,,0.0008554603354898234
TCN3_1759fa72,TCN3,loso_subject_S012,23,0.0019812266039230197,,0.032398522118073675,,0.0008422516217485822
TCN3_1759fa72,TCN3,loso_subject_S012,24,0.0016263885398615655,,0.0296814861032962,,0.0008285922771894248
TCN3_1759fa72,TCN3,loso_subject_S012,25,0.0016338426187843698,,0.029392336364915974,,0.0008145033635316124
TCN3_1759fa72,TCN3,loso_subject_S012,26,0.0019516050742596006,,0.031583175365217264,,0.0008000066048588205
TCN3_1759fa72,TCN3,loso_subject_S012,27,0.0013676306909713467,,0.026961950021314636,,0.0007851243541221765
TCN3_1759fa72,TCN3,loso_subject_S012,28,0.0015017519364998256,,0.027918320650593232,,0.0007698795586736293
TCN3_1759fa72,TCN3,loso_subject_S012,29,0.0014504556145705345,,0.027868534231867335,,0.0007542957248827956
TCN3_1759fa72,TCN3,loso_subject_S012,30,0.0013771479630441368,,0.026802046111193398,,0.0007383968818918422
TCN3_1759fa72,TCN3,loso_subject_S012,31,0.0012930473949508798,,0.025391832682412106,,0.00072220754456429
TCN3_1759fa72,TCN3,loso_subject_S012,32,0.0012659840484252822,,0.025300272361271085,,0.0007057526756848715
TCN3_1759fa72,TCN3,loso_subject_S012,33,0.0015654337421842984,,0.02829169939823347,,0.000689057647468726
TCN3_1759fa72,TCN3,loso_subject_S012,34,0.001159728542885297,,0.02478202194688565,,0.000672148202439283
TCN3_1759fa72,TCN3,loso_subject_S012,35,0.0010589418017040453,,0.02306943290968122,,0.0006550504137351571
TCN3_1759fa72,TCN3,loso_subject_S012,36,0.0010786199203007849,,0.023134191137645362,,0.0006377906449072574
TCN3_1759fa72,TCN3,loso_subject_S012,37,0.001012878273581639,,0.022635906469231627,,0.0006203955092681036
TCN3_1759fa72,TCN3,loso_subject_S012,38,0.0010070368332644778,,0.022575271212805066,,0.0006028918288560267
TCN3_1759fa72,TCN3,loso_subject_S012,39,0.0009098902879231453,,0.021806274430226473,,0.00058530659307753
TCN3_1759fa72,TCN3,loso_subject_S012,40,0.001397148556950053,,0.02640811136272826,,0.0005676669170915806
TCN3_1759fa72,TCN3,loso_subject_S012,41,0.0011164465812045737,,0.02427402516067444,,0.0005499999999999997
TCN3_1759fa72,TCN3,loso_subject_S012,42,0.0009873715319787422,,0.02279226508161165,,0.000532333082908419
TCN3_1759fa72,TCN3,loso_subject_S012,43,0.0009896269400035186,,0.022450122376857465,,0.0005146934069224697
TCN3_1759fa72,TCN3,loso_subject_S012,44,0.0008549221688065952,,0.020993297046187232,,0.000497108171143973
TCN3_1759fa72,TCN3,loso_subject_S012,45,0.0009038615587524774,,0.02132584202642178,,0.00047960449073189616
TCN3_1759fa72,TCN3,loso_subject_S012,46,0.0008866165870018786,,0.021063420461009768,,0.00046220935509274226
TCN3_1759fa72,TCN3,loso_subject_S012,47,0.0008930458330184694,,0.021383287221064556,,0.00044494958626484254
TCN3_1759fa72,TCN3,loso_subject_S012,48,0.0008110570906919584,,0.02004946061605312,,0.00042785179756071645
TCN3_1759fa72,TCN3,loso_subject_S012,49,0.0007913820228709678,,0.01946950984896517,,0.0004109423525312737
TCN3_1759fa72,TCN3,loso_subject_S012,50,0.0007832643447557434,,0.019579855705979417,,0.0003942473243151282
TCN3_1759fa72,TCN3,loso_subject_S012,51,0.00078853940642363,,0.019853082228911283,,0.0003777924554357096
TCN3_1759fa72,TCN3,loso_subject_S012,52,0.0008111482028785663,,0.020366172847576657,,0.0003616031181081575
TCN3_1759fa72,TCN3,loso_subject_S012,53,0.0007618808508334522,,0.019836214520520014,,0.000345704275117204
TCN3_1759fa72,TCN3,loso_subject_S012,54,0.0006881655011168851,,0.018641152366842294,,0.00033012044132637024
TCN3_1759fa72,TCN3,loso_subject_S012,55,0.0006776022035639391,,0.018090782544073293,,0.00031487564587782306
TCN3_1759fa72,TCN3,loso_subject_S012,56,0.0007117916120244313,,0.01873410702861001,,0.00029999339514117897
TCN3_1759fa72,TCN3,loso_subject_S012,57,0.0006666205125615068,,0.01800426651608235,,0.0002854966364683872
TCN3_1759fa72,TCN3,loso_subject_S012,58,0.00067998479587913,,0.018043861199193875,,0.0002714077228105749
TCN3_1759fa72,TCN3,loso_subject_S012,59,0.0007498506381169913,,0.018982654891167815,,0.00025774837825141746
TCN3_1759fa72,TCN3,loso_subject_S012,60,0.0008039335088420028,,0.019898862458812554,,0.0002445396645101764
TCN3_1759fa72,TCN3,loso_subject_S012,61,0.0006233077641490174,,0.017689452248778048,,0.0002318019484660537
TCN3_1759fa72,TCN3,loso_subject_S012,62,0.0006569313557814315,,0.018074493207738185,,0.00021955487075394156
TCN3_1759fa72,TCN3,loso_subject_S012,63,0.0006128492508310764,,0.017478025644948294,,0.0002078173154799862
TCN3_1759fa72,TCN3,loso_subject_S012,64,0.0006514825461922606,,0.018108887861003984,,0.00019660738110366478
TCN3_1759fa72,TCN3,loso_subject_S012,65,0.0006691199925366941,,0.01813685139297607,,0.00018594235253127373
TCN3_1759fa72,TCN3,loso_subject_S012,66,0.0006392332603852106,,0.017560260265758562,,0.00017583867446385477
TCN3_1759fa72,TCN3,loso_subject_S012,67,0.0005860065499084778,,0.01669783782784667,,0.00016631192604065853
TCN3_1759fa72,TCN3,loso_subject_S012,68,0.0008242577279169805,,0.019689118180729773,,0.00015737679681724137
TCN3_1759fa72,TCN3,loso_subject_S012,69,0.0006218668747649659,,0.017711682745926244,,0.0001490470641152345
TCN3_1759fa72,TCN3,loso_subject_S012,70,0.0005972546567190107,,0.017366514327954753,,0.00014133557177871338
TCN3_1759fa72,TCN3,loso_subject_S012,71,0.0005723871131478346,,0.016706832191523385,,0.00013425421036992097
TCN3_1759fa72,TCN3,loso_subject_S012,72,0.0005775116719292893,,0.016653156005175418,,0.00012781389883488212
TCN3_1759fa72,TCN3,loso_subject_S012,73,0.0005766256274992636,,0.016671358092990418,,0.0001220245676671809
TCN3_1759fa72,TCN3,loso_subject_S012,74,0.0005780159913303053,,0.016622734549196903,,0.00011689514359585877
TCN3_1759fa72,TCN3,loso_subject_S012,75,0.0006232897930898653,,0.0171105796542426,,0.00011243353582104555
TCN3_1759fa72,TCN3,loso_subject_S012,76,0.0006028861635775354,,0.016684331398503095,,0.0001086466238185463
TCN3_1759fa72,TCN3,loso_subject_S012,77,0.0005513940912746599,,0.016599896600690937,,0.00010554024673218805
TCN3_1759fa72,TCN3,loso_subject_S012,78,0.0005600077756871189,,0.016473917974590583,,0.00010311919437028317
TCN3_1759fa72,TCN3,loso_subject_S012,79,0.0005467867728956311,,0.016078254735996732,,0.00010138719982009242
TCN3_1759fa72,TCN3,loso_subject_S012,80,0.0005670794964952229,,0.01628699390624361,,0.0001003469336916747
TCN3_1759fa72,TCN3,loso_subject_S013,1,0.3691851301423085,,0.4431301503040801,,0.001
TCN3_1759fa72,TCN3,loso_subject_S013,2,0.053862339505265165,,0.17443675774405573,,0.0009996530663083252
TCN3_1759fa72,TCN3,loso_subject_S013,3,0.028706030159583812,,0.12622113418222336,,0.0009986128001799074
TCN3_1759fa72,TCN3,loso_subject_S013,4,0.01745500206328367,,0.09861554152107666,,0.0009968808056297167
TCN3_1759fa72,TCN3,loso_subject_S013,5,0.01191022451025106,,0.08193980563094946,,0.0009944597532678117
TCN3_1759fa72,TCN3,loso_subject_S013,6,0.008866882408220395,,0.07004379378558025,,0.0009913533761814533
TCN3_1759fa72,TCN3,loso_subject_S013,7,0.006984429801248801,,0.06291367368862971,,0.000987566464178954
TCN3_1759fa72,TCN3,loso_subject_S013,8,0.006117436460257448,,0.05798049399255681,,0.0009831048564041408
TCN3_1759fa72,TCN3,loso_subject_S013,9,0.004820390145583024,,0.05155718683591609,,0.0009779754323328187
TCN3_1759fa72,TCN3,loso_subject_S013,10,0.004532302709601981,,0.04954612326731705,,0.0009721861011651174
TCN3_1759fa72,TCN3,loso_subject_S013,11,0.004114869202698296,,0.04696588595226371,,0.0009657457896300785
TCN3_1759fa72,TCN3,loso_subject_S013,12,0.0035650436097668247,,0.044119412300510426,,0.000958664428221286
TCN3_1759fa72,TCN3,loso_subject_S013,13,0.003476581794773954,,0.04328448638976092,,0.000950952935884765
TCN3_1759fa72,TCN3,loso_subject_S013,14,0.0029573091991389275,,0.03927117215657218,,0.0009426232031827582
TCN3_1759fa72,TCN3,loso_subject_S013,15,0.002702366172886762,,0.03771522349386761,,0.0009336880739593409
TCN3_1759fa72,TCN3,loso_subject_S013,16,0.002557080953648185,,0.03699352561858539,,0.0009241613255361449
TCN3_1759fa72,TCN3,loso_subject_S013,17,0.002402440469877331,,0.03559032204042893,,0.0009140576474687258
TCN3_1759fa72,TCN3,loso_subject_S013,18,0.0021636810664396374,,0.03337791451872277,,0.0009033926188963346
TCN3_1759fa72,TCN3,loso_subject_S013,19,0.0020118572089710893,,0.03218707918869616,,0.0008921826845200134
TCN3_1759fa72,TCN3,loso_subject_S013,20,0.0018899493128247751,,0.03158638204855119,,0.000880445129246058
TCN3_1759fa72,TCN3,loso_subject_S013,21,0.0019354107925052602,,0.03146310372192875,,0.0008681980515339459
TCN3_1759fa72,TCN3,loso_subject_S013,22,0.0016939572900716929,,0.029643597962327704,,0.0008554603354898234
TCN3_1759fa72,TCN3,loso_subject_S013,23,0.0016165100717881844,,0.02870801321349687,,0.0008422516217485822
TCN3_1759fa72,TCN3,loso_subject_S013,24,0.0016598473021893216,,0.028675412759825582,,0.0008285922771894248
TCN3_1759fa72,TCN3,loso_subject_S013,25,0.0015802843190488058,,0.02880708507534807,,0.0008145033635316124
TCN3_1759fa72,TCN3,loso_subject_S013,26,0.0014565474344359786,,0.027382544324181315,,0.0008000066048588205
TCN3_1759fa72,TCN3,loso_subject_S013,27,0.0015234121447925638,,0.028122229691265495,,0.0007851243541221765
TCN3_1759fa72,TCN3,loso_subject_S013,28,0.0013297719153773269,,0.02634603980291759,,0.0007698795586736293
TCN3_1759fa72,TCN3,loso_subject_S013,29,0.0012401038084639217,,0.025180104433065186,,0.0007542957248827956
TCN3_1759fa72,TCN3,loso_subject_S013,30,0.0012125897166083077,,0.02459165164486399,,0.0007383968818918422
TCN3_1759fa72,TCN3,loso_subject_S013,31,0.001194946418018479,,0.0244110878531337,,0.00072220754456429
TCN3_1759fa72,TCN3,loso_subject_S013,32,0.0011435032611226488,,0.02397335583672804,,0.0007057526756848715
TCN3_1759fa72,TCN3,loso_subject_S013,33,0.0011362577906268638,,0.024025622086351502,,0.000689057647468726
TCN3_1759fa72,TCN3,loso_subject_S013,34,0.0011003734436394576,,0.023472058745360597,,0.000672148202439283
TCN3_1759fa72,TCN3,loso_subject_S013,35,0.0010382711985593806,,0.023087518033387325,,0.0006550504137351571
TCN3_1759fa72,TCN3,loso_subject_S013,36,0.0009592783892521456,,0.021892962465975798,,0.0006377906449072574
TCN3_1759fa72,TCN3,loso_subject_S013,37,0.000966020283868487,,0.021907813635619187,,0.0006203955092681036
TCN3_1759fa72,TCN3,loso_subject_S013,38,0.0009863815900456707,,0.022047448611783333,,0.0006028918288560267
TCN3_1759fa72,TCN3,loso_subject_S013,39,0.0008925601875580563,,0.021353730218088375,,0.00058530659307753
TCN3_1759fa72,TCN3,loso_subject_S013,40,0.000995309761202198,,0.022049139564236004,,0.0005676669170915806
TCN3_1759fa72,TCN3,loso_subject_S013,41,0.000890136405099651,,0.02111567307672408,,0.0005499999999999997
TCN3_1759fa72,TCN3,loso_subject_S013,42,0.0009282131895887796,,0.021217448159534576,,0.000532333082908419
TCN3_1759fa72,TCN3,loso_subject_S013,43,0.0008092309759723457,,0.0200371174497378,,0.0005146934069224697
TCN3_1759fa72,TCN3,loso_subject_S013,44,0.0008376925046939184,,0.02055970907575247,,0.000497108171143973
TCN3_1759fa72,TCN3,loso_subject_S013,45,0.0007895012233966317,,0.01986800376832034,,0.00047960449073189616
TCN3_1759fa72,TCN3,loso_subject_S013,46,0.000770554204154561,,0.01942752836298391,,0.00046220935509274226
TCN3_1759fa72,TCN3,loso_subject_S013,47,0.0007497190775458343,,0.01962021679085967,,0.00044494958626484254
TCN3_1759fa72,TCN3,loso_subject_S013,48,0.0007583371636177095,,0.019614024128153596,,0.00042785179756071645
TCN3_1759fa72,TCN3,loso_subject_S013,49,0.0007342504845060072,,0.019148136087987055,,0.0004109423525312737
TCN3_1759fa72,TCN3,loso_subject_S013,50,0.0006604266717695507,,0.018125171742059538,,0.0003942473243151282
TCN3_1759fa72,TCN3,loso_subject_S013,51,0.0007056327925694323,,0.018540289231851866,,0.0003777924554357096
TCN3_1759fa72,TCN3,loso_subject_S013,52,0.0006838641293324616,,0.018320343651628428,,0.0003616031181081575
TCN3_1759fa72,TCN3,loso_subject_S013,53,0.0007005170963853239,,0.01862871128518556,,0.000345704275117204
TCN3_1759fa72,TCN3,loso_subject_S013,54,0.0006477479595429222,,0.01788010706501623,,0.00033012044132637024
TCN3_1759fa72,TCN3,loso_subject_S013,55,0.0006337354410523667,,0.017845841637890405,,0.00031487564587782306
TCN3_1759fa72,TCN3,loso_subject_S013,56,0.0006370936909209621,,0.017669677694648823,,0.00029999339514117897
TCN3_1759fa72,TCN3,loso_subject_S013,57,0.0006498480178425386,,0.017653697395538973,,0.0002854966364683872
TCN3_1759fa72,TCN3,loso_subject_S013,58,0.0006118014340789038,,0.017279128625086793,,0.0002714077228105749
TCN3_1759fa72,TCN3,loso_subject_S013,59,0.0006282508224207238,,0.017379441942172565,,0.00025774837825141746
TCN3_1759fa72,TCN3,loso_subject_S013,60,0.0005970058903954461,,0.017103369267978414,,0.0002445396645101764
TCN3_1759fa72,TCN3,loso_subject_S013,61,0.000626345239180013,,0.01725258215836409,,0.0002318019484660537
TCN3_1759fa72,TCN3,loso_subject_S013,62,0.000606129364473191,,0.016932958671659754,,0.00021955487075394156
TCN3_1759fa72,TCN3,loso_subject_S013,63,0.0005692376771476921,,0.016532889420264645,,0.0002078173154799862
TCN3_1759fa72,TCN3,loso_subject_S013,64,0.0006003950289392118,,0.01702327086354116,,0.00019660738110366478
TCN3_1759fa72,TCN3,loso_subject_S013,65,0.0005964716530048891,,0.016734295543558743,,0.00018594235253127373
TCN3_1759fa72,TCN3,loso_subject_S013,66,0.0005477854873612459,,0.016361196961421756,,0.00017583867446385477
TCN3_1759fa72,TCN3,loso_subject_S013,67,0.0005489033651687167,,0.016146556516877967,,0.00016631192604065853
TCN3_1759fa72,TCN3,loso_subject_S013,68,0.0005687966366797637,,0.016369355446811205,,0.00015737679681724137
TCN3_1759fa72,TCN3,loso_subject_S013,69,0.0005703279173490535,,0.0162309832899153,,0.0001490470641152345
TCN3_1759fa72,TCN3,loso_subject_S013,70,0.0005326745531260313,,0.016000050383722163,,0.00014133557177871338
TCN3_1759fa72,TCN3,loso_subject_S013,71,0.0005522158711843992,,0.015958171526862658,,0.00013425421036992097
TCN3_1759fa72,TCN3,loso_subject_S013,72,0.0005453130971809505,,0.016070126494668914,,0.00012781389883488212
TCN3_1759fa72,TCN3,loso_subject_S013,73,0.0005264715849408142,,0.015789643495808487,,0.0001220245676671809
TCN3_1759fa72,TCN3,loso_subject_S013,74,0.0005493068174238945,,0.01595174156495866,,0.00011689514359585877
TCN3_1759fa72,TCN3,loso_subject_S013,75,0.000541152927616376,,0.01606858808721541,,0.00011243353582104555
TCN3_1759fa72,TCN3,loso_subject_S013,76,0.0005636904734768464,,0.016316175583197687,,0.0001086466238185463
TCN3_1759fa72,TCN3,loso_subject_S013,77,0.0005037094979224349,,0.015528044114892102,,0.00010554024673218805
TCN3_1759fa72,TCN3,loso_subject_S013,78,0.0005083735711574792,,0.015849803065631884,,0.00010311919437028317
TCN3_1759fa72,TCN3,loso_subject_S013,79,0.0005240404606432137,,0.01590878843888256,,0.00010138719982009242
TCN3_1759fa72,TCN3,loso_subject_S013,80,0.00048712567048785505,,0.015115941639849933,,0.0001003469336916747
TCN3_1759fa72,TCN3,loso_subject_S014,1,0.2765444138136349,,0.3866996293865359,,0.001
TCN3_1759fa72,TCN3,loso_subject_S014,2,0.051859713858072545,,0.16906693232686895,,0.0009996530663083252
TCN3_1759fa72,TCN3,loso_subject_S014,3,0.02556248354398282,,0.11977057638111666,,0.0009986128001799074
TCN3_1759fa72,TCN3,loso_subject_S014,4,0.0158030237931385,,0.09391922100695366,,0.0009968808056297167
TCN3_1759fa72,TCN3,loso_subject_S014,5,0.013272390284074283,,0.0862546801971863,,0.0009944597532678117
TCN3_1759fa72,TCN3,loso_subject_S014,6,0.009630951609348654,,0.07341972128037483,,0.0009913533761814533
TCN3_1759fa72,TCN3,loso_subject_S014,7,0.007403466784741559,,0.06380605997173006,,0.000987566464178954
TCN3_1759fa72,TCN3,loso_subject_S014,8,0.007742896159962199,,0.06522240140846913,,0.0009831048564041408
TCN3_1759fa72,TCN3,loso_subject_S014,9,0.006281674315963977,,0.058326050974365405,,0.0009779754323328187
TCN3_1759fa72,TCN3,loso_subject_S014,10,0.0051093857569382535,,0.05253997751731419,,0.0009721861011651174
TCN3_1759fa72,TCN3,loso_subject_S014,11,0.004411699794903271,,0.04889186248309746,,0.0009657457896300785
TCN3_1759fa72,TCN3,loso_subject_S014,12,0.004903681613410015,,0.05150810745252211,,0.000958664428221286
TCN3_1759fa72,TCN3,loso_subject_S014,13,0.0040264235352283,,0.047146623486776305,,0.000950952935884765
TCN3_1759fa72,TCN3,loso_subject_S014,14,0.0033269562026017768,,0.042323364264289065,,0.0009426232031827582
TCN3_1759fa72,TCN3,loso_subject_S014,15,0.00292705941848664,,0.03951829860084935,,0.0009336880739593409
TCN3_1759fa72,TCN3,loso_subject_S014,16,0.0027770620042909607,,0.038463235184777976,,0.0009241613255361449
TCN3_1759fa72,TCN3,loso_subject_S014,17,0.0025332709908776354,,0.036452920327567084,,0.0009140576474687258
TCN3_1759fa72,TCN3,loso_subject_S014,18,0.002597584721803466,,0.036847058641890314,,0.0009033926188963346
TCN3_1759fa72,TCN3,loso_subject_S014,19,0.0023003087311837637,,0.03436478303021202,,0.0008921826845200134
TCN3_1759fa72,TCN3,loso_subject_S014,20,0.002337443847606799,,0.03485027029477882,,0.000880445129246058
TCN3_1759fa72,TCN3,loso_subject_S014,21,0.0019205847464925617,,0.03198655082738258,,0.0008681980515339459
TCN3_1759fa72,TCN3,loso_subject_S014,22,0.002083809579448246,,0.03275401199612836,,0.0008554603354898234
TCN3_1759fa72,TCN3,loso_subject_S014,23,0.0019212061404594472,,0.031565486514507614,,0.0008422516217485822
TCN3_1759fa72,TCN3,loso_subject_S014,24,0.0019353455150954188,,0.03183916402389319,,0.0008285922771894248
TCN3_1759fa72,TCN3,loso_subject_S014,25,0.001693151606294413,,0.029281098470218314,,0.0008145033635316124
TCN3_1759fa72,TCN3,loso_subject_S014,26,0.001663469470781704,,0.028772164524512298,,0.0008000066048588205
TCN3_1759fa72,TCN3,loso_subject_S014,27,0.0017303355994244172,,0.029625557517357716,,0.0007851243541221765
TCN3_1759fa72,TCN3,loso_subject_S014,28,0.001463523524116048,,0.027160817273403873,,0.0007698795586736293
TCN3_1759fa72,TCN3,loso_subject_S014,29,0.001516604070462356,,0.027965971731370495,,0.0007542957248827956
TCN3_1759fa72,TCN3,loso_subject_S014,30,0.0013967299483066617,,0.026612373468021786,,0.0007383968818918422
TCN3_1759fa72,TCN3,loso_subject_S014,31,0.001447786100632519,,0.02729717901890468,,0.00072220754456429
TCN3_1759fa72,TCN3,loso_subject_S014,32,0.001318796876923091,,0.026256789821113107,,0.0007057526756848715
TCN3_1759fa72,TCN3,loso_subject_S014,33,0.001263539472370328,,0.025094202560560813,,0.000689057647468726
TCN3_1759fa72,TCN3,loso_subject_S014,34,0.0018532616640413448,,0.02978514969247711,,0.000672148202439283
TCN3_1759fa72,TCN3,loso_subject_S014,35,0.001246618849736463,,0.02512275302349408,,0.0006550504137351571
TCN3_1759fa72,TCN3,loso_subject_S014,36,0.0012758193500064265,,0.02539850325657273,,0.0006377906449072574
TCN3_1759fa72,TCN3,loso_subject_S014,37,0.0011234682228247017,,0.023531277849637794,,0.0006203955092681036
TCN3_1759fa72,TCN3,loso_subject_S014,38,0.0011477685122641028,,0.023849128566189006,,0.0006028918288560267
TCN3_1759fa72,TCN3,loso_subject_S014,39,0.0010433558727249326,,0.022481906322955277,,0.00058530659307753
TCN3_1759fa72,TCN3,loso_subject_S014,40,0.0016817128270244016,,0.028510714589233918,,0.0005676669170915806
TCN3_1759fa72,TCN3,loso_subject_S014,41,0.0010912322463168872,,0.022865447690409997,,0.0005499999999999997
TCN3_1759fa72,TCN3,loso_subject_S014,42,0.001146311971638826,,0.023926076702836818,,0.000532333082908419
TCN3_1759fa72,TCN3,loso_subject_S014,43,0.0010383674347771612,,0.022619722350951162,,0.0005146934069224697
TCN3_1759fa72,TCN3,loso_subject_S014,44,0.0010542168049833536,,0.022692463444530055,,0.000497108171143973
TCN3_1759fa72,TCN3,loso_subject_S014,45,0.0009484092932980923,,0.021339207169155515,,0.00047960449073189616
TCN3_1759fa72,TCN3,loso_subject_S014,46,0.0009468980897249612,,0.02139705255349342,,0.00046220935509274226
TCN3_1759fa72,TCN3,loso_subject_S014,47,0.001240317090698338,,0.025105690045348655,,0.00044494958626484254
TCN3_1759fa72,TCN3,loso_subject_S014,48,0.0008575855863961693,,0.020617272594788686,,0.00042785179756071645
TCN3_1759fa72,TCN3,loso_subject_S014,49,0.000921026629490951,,0.021393335604303357,,0.0004109423525312737
TCN3_1759fa72,TCN3,loso_subject_S014,50,0.0008134482563623498,,0.020078763654155115,,0.0003942473243151282
TCN3_1759fa72,TCN3,loso_subject_S014,51,0.001053397600928002,,0.022397499699746408,,0.0003777924554357096
TCN3_1759fa72,TCN3,loso_subject_S014,52,0.0010181487784586556,,0.022734915501800176,,0.0003616031181081575
TCN3_1759fa72,TCN3,loso_subject_S014,53,0.0008945029043272439,,0.021070323021788347,,0.000345704275117204
TCN3_1759fa72,TCN3,loso_subject_S014,54,0.0008005820879244667,,0.020064634581828562,,0.00033012044132637024
TCN3_1759fa72,TCN3,loso_subject_S014,55,0.0007682372904824392,,0.018928106531424918,,0.00031487564587782306
TCN3_1759fa72,TCN3,loso_subject_S014,56,0.0007843719562910914,,0.019484632873373244,,0.00029999339514117897
TCN3_1759fa72,TCN3,loso_subject_S014,57,0.0008428616081189533,,0.0207110628004997,,0.0002854966364683872
TCN3_1759fa72,TCN3,loso_subject_S014,58,0.0007310325865663829,,0.018799509419245308,,0.0002714077228105749
TCN3_1759fa72,TCN3,loso_subject_S014,59,0.0008329909231003013,,0.020426112443765274,,0.00025774837825141746
TCN3_1759fa72,TCN3,loso_subject_S014,60,0.0007451468602893914,,0.018903920069615183,,0.0002445396645101764
TCN3_1759fa72,TCN3,loso_subject_S014,61,0.0007458360695733938,,0.01888143787562139,,0.0002318019484660537
TCN3_1759fa72,TCN3,loso_subject_S014,62,0.0007268363164013635,,0.018672918898950005,,0.00021955487075394156
TCN3_1759fa72,TCN3,loso_subject_S014,63,0.0009268446607462443,,0.021267166951313893,,0.0002078173154799862
TCN3_1759fa72,TCN3,loso_subject_S014,64,0.0007116182859835226,,0.018523614151570913,,0.00019660738110366478
TCN3_1759fa72,TCN3,loso_subject_S014,65,0.0007932239297875448,,0.01949604379300958,,0.00018594235253127373
TCN3_1759fa72,TCN3,loso_subject_S014,66,0.0007442538038980064,,0.018941064945505917,,0.00017583867446385477
TCN3_1759fa72,TCN3,loso_subject_S014,67,0.0006697226422071989,,0.017868075225065845,,0.00016631192604065853
TCN3_1759fa72,TCN3,loso_subject_S014,68,0.0006994234227337392,,0.018125737129579374,,0.00015737679681724137
TCN3_1759fa72,TCN3,loso_subject_S014,69,0.0006419367185527893,,0.017673746414216953,,0.0001490470641152345
TCN3_1759fa72,TCN3,loso_subject_S014,70,0.0006572551302583317,,0.017552855524830584,,0.00014133557177871338
TCN3_1759fa72,TCN3,loso_subject_S014,71,0.0006233047919683095,,0.01722159575930273,,0.00013425421036992097
TCN3_1759fa72,TCN3,loso_subject_S014,72,0.0006804158116559576,,0.017952240383685748,,0.00012781389883488212
TCN3_1759fa72,TCN3,loso_subject_S014,73,0.0006891740188168611,,0.01816154198629342,,0.0001220245676671809
TCN3_1759fa72,TCN3,loso_subject_S014,74,0.0006833409559667895,,0.017986745898357272,,0.00011689514359585877
TCN3_1759fa72,TCN3,loso_subject_S014,75,0.0006648056172645819,,0.01768595642569919,,0.00011243353582104555
TCN3_1759fa72,TCN3,loso_subject_S014,76,0.0006615792327115379,,0.017648930015304903,,0.0001086466238185463
TCN3_1759fa72,TCN3,loso_subject_S014,77,0.0006601597823280484,,0.017404420883829607,,0.00010554024673218805
TCN3_1759fa72,TCN3,loso_subject_S014,78,0.0006305472363883088,,0.017187604394145246,,0.00010311919437028317
TCN3_1759fa72,TCN3,loso_subject_S014,79,0.0006146971973474335,,0.01695852759333742,,0.00010138719982009242
TCN3_1759fa72,TCN3,loso_subject_S014,80,0.0006235515850634474,,0.017006105389477645,,0.0001003469336916747
TCN3_1759fa72,TCN3,loso_subject_S016,1,0.3229357341738872,,0.41320916738650754,,0.001
TCN3_1759fa72,TCN3,loso_subject_S016,2,0.06281052294109846,,0.1826713397579602,,0.0009996530663083252
TCN3_1759fa72,TCN3,loso_subject_S016,3,0.03473475570453396,,0.13480809720447812,,0.0009986128001799074
TCN3_1759fa72,TCN3,loso_subject_S016,4,0.02298484869481092,,0.1127226801324466,,0.0009968808056297167
TCN3_1759fa72,TCN3,loso_subject_S016,5,0.015534317340631907,,0.0936215606195997,,0.0009944597532678117
TCN3_1759fa72,TCN3,loso_subject_S016,6,0.010855295775263464,,0.0777051006581125,,0.0009913533761814533
TCN3_1759fa72,TCN3,loso_subject_S016,7,0.00843636919532081,,0.06879692869235939,,0.000987566464178954
TCN3_1759fa72,TCN3,loso_subject_S016,8,0.007248364431389056,,0.06400834002979,,0.0009831048564041408
TCN3_1759fa72,TCN3,loso_subject_S016,9,0.006095314236113118,,0.05868090438499208,,0.0009779754323328187
TCN3_1759fa72,TCN3,loso_subject_S016,10,0.005035115842864756,,0.05355107544574277,,0.0009721861011651174
TCN3_1759fa72,TCN3,loso_subject_S016,11,0.004534649404250185,,0.0509215988638254,,0.0009657457896300785
TCN3_1759fa72,TCN3,loso_subject_S016,12,0.003951358617640452,,0.04657011018721412,,0.000958664428221286
TCN3_1759fa72,TCN3,loso_subject_S016,13,0.0036856844957578357,,0.04455687856706154,,0.000950952935884765
TCN3_1759fa72,TCN3,loso_subject_S016,14,0.003191498357268305,,0.04136604565038438,,0.0009426232031827582
TCN3_1759fa72,TCN3,loso_subject_S016,15,0.003063642067195543,,0.0406233932293612,,0.0009336880739593409
TCN3_1759fa72,TCN3,loso_subject_S016,16,0.002903659063973152,,0.03944042512782457,,0.0009241613255361449
TCN3_1759fa72,TCN3,loso_subject_S016,17,0.002479451563678702,,0.03668512146290761,,0.0009140576474687258
TCN3_1759fa72,TCN3,loso_subject_S016,18,0.002428157577770525,,0.03553708120381544,,0.0009033926188963346
TCN3_1759fa72,TCN3,loso_subject_S016,19,0.0022529217229791524,,0.03430641859010781,,0.0008921826845200134
TCN3_1759fa72,TCN3,loso_subject_S016,20,0.0022909271779867142,,0.0348655524346528,,0.000880445129246058
TCN3_1759fa72,TCN3,loso_subject_S016,21,0.0019323842895863923,,0.031541408551482346,,0.0008681980515339459
TCN3_1759fa72,TCN3,loso_subject_S016,22,0.0018016112164342052,,0.030835992309586932,,0.0008554603354898234
TCN3_1759fa72,TCN3,loso_subject_S016,23,0.0017816994926610078,,0.03040570687832206,,0.0008422516217485822
TCN3_1759fa72,TCN3,loso_subject_S016,24,0.0015503058747460832,,0.028373950373271516,,0.0008285922771894248
TCN3_1759fa72,TCN3,loso_subject_S016,25,0.0016157924398610083,,0.029017763197342127,,0.0008145033635316124
TCN3_1759fa72,TCN3,loso_subject_S016,26,0.001597798369661343,,0.02956571646693884,,0.0008000066048588205
TCN3_1759fa72,TCN3,loso_subject_S016,27,0.0013783929982514747,,0.026699215583203626,,0.0007851243541221765
TCN3_1759fa72,TCN3,loso_subject_S016,28,0.0013399701780856814,,0.026414556743392357,,0.0007698795586736293
TCN3_1759fa72,TCN3,loso_subject_S016,29,0.0013573482931009805,,0.026605984340883772,,0.0007542957248827956
TCN3_1759fa72,TCN3,loso_subject_S016,30,0.0013151235716796952,,0.025836208490679795,,0.0007383968818918422
TCN3_1759fa72,TCN3,loso_subject_S016,31,0.0011965626246488127,,0.024767718599964402,,0.00072220754456429
TCN3_1759fa72,TCN3,loso_subject_S016,32,0.0011429730745034926,,0.024387707314566378,,0.0007057526756848715
TCN3_1759fa72,TCN3,loso_subject_S016,33,0.001200343437565256,,0.024337128598752353,,0.000689057647468726
TCN3_1759fa72,TCN3,loso_subject_S016,34,0.0010885964648675763,,0.023039098589334027,,0.000672148202439283
TCN3_1759fa72,TCN3,loso_subject_S016,35,0.0011282416382659697,,0.02369180477995815,,0.0006550504137351571
TCN3_1759fa72,TCN3,loso_subject_S016,36,0.001015586397596872,,0.022387556901486246,,0.0006377906449072574
TCN3_1759fa72,TCN3,loso_subject_S016,37,0.0010259406533137203,,0.022737190516880307,,0.0006203955092681036
TCN3_1759fa72,TCN3,loso_subject_S016,38,0.0010905394732612548,,0.023585189663213317,,0.0006028918288560267
TCN3_1759fa72,TCN3,loso_subject_S016,39,0.0009297423316577784,,0.021508548009251782,,0.00058530659307753
TCN3_1759fa72,TCN3,loso_subject_S016,40,0.0009357917928399053,,0.021688205367278796,,0.0005676669170915806
TCN3_1759fa72,TCN3,loso_subject_S016,41,0.0009633735235500831,,0.021842363317953997,,0.0005499999999999997
TCN3_1759fa72,TCN3,loso_subject_S016,42,0.0008635367845789338,,0.020996153444531138,,0.000532333082908419
TCN3_1759fa72,TCN3,loso_subject_S016,43,0.0008904017742421108,,0.020716152391109327,,0.0005146934069224697
TCN3_1759fa72,TCN3,loso_subject_S016,44,0.0009062858647978977,,0.021268835725717188,,0.000497108171143973
TCN3_1759fa72,TCN3,loso_subject_S016,45,0.000832076311010328,,0.02025447164140342,,0.00047960449073189616
TCN3_1759fa72,TCN3,loso_subject_S016,46,0.0007747264470325798,,0.019398024884968917,,0.00046220935509274226
TCN3_1759fa72,TCN3,loso_subject_S016,47,0.0007682905139791063,,0.019712061169320075,,0.00044494958626484254
TCN3_1759fa72,TCN3,loso_subject_S016,48,0.0007609366810688344,,0.019561050245014016,,0.00042785179756071645
TCN3_1759fa72,TCN3,loso_subject_S016,49,0.0007405262687006321,,0.019060365006767072,,0.0004109423525312737
TCN3_1759fa72,TCN3,loso_subject_S016,50,0.0007694587492241697,,0.019471279974657314,,0.0003942473243151282
TCN3_1759fa72,TCN3,loso_subject_S016,51,0.0007467161451751022,,0.019006482258079518,,0.0003777924554357096
TCN3_1759fa72,TCN3,loso_subject_S016,52,0.0007015979978637945,,0.01859146224749312,,0.0003616031181081575
TCN3_1759fa72,TCN3,loso_subject_S016,53,0.0007763782835405709,,0.01942143498872464,,0.000345704275117204
TCN3_1759fa72,TCN3,loso_subject_S016,54,0.0007134085513611422,,0.01835650841308503,,0.00033012044132637024
TCN3_1759fa72,TCN3,loso_subject_S016,55,0.0006933976857406125,,0.018277220273185672,,0.00031487564587782306
TCN3_1759fa72,TCN3,loso_subject_S016,56,0.0007187060161460011,,0.018356206295038036,,0.00029999339514117897
TCN3_1759fa72,TCN3,loso_subject_S016,57,0.0006506918762852975,,0.01779513665782063,,0.0002854966364683872
TCN3_1759fa72,TCN3,loso_subject_S016,58,0.0006472238691538652,,0.017692130905433732,,0.0002714077228105749
TCN3_1759fa72,TCN3,loso_subject_S016,59,0.0006355586820331979,,0.017432040777107347,,0.00025774837825141746
TCN3_1759fa72,TCN3,loso_subject_S016,60,0.0006256947911378176,,0.017394576334062436,,0.0002445396645101764
TCN3_1759fa72,TCN3,loso_subject_S016,61,0.0006268704017460716,,0.01722111177927847,,0.0002318019484660537
TCN3_1759fa72,TCN3,loso_subject_S016,62,0.0005774962723295107,,0.016959203209917763,,0.00021955487075394156
TCN3_1759fa72,TCN3,loso_subject_S016,63,0.0006202790668002023,,0.016847619182622463,,0.0002078173154799862
TCN3_1759fa72,TCN3,loso_subject_S016,64,0.0006525104868708892,,0.017427357472978713,,0.00019660738110366478
TCN3_1759fa72,TCN3,loso_subject_S016,65,0.0005955791794357887,,0.016864129539389393,,0.00018594235253127373
TCN3_1759fa72,TCN3,loso_subject_S016,66,0.0005656918055120726,,0.016449065369631265,,0.00017583867446385477
TCN3_1759fa72,TCN3,loso_subject_S016,67,0.000592533033497222,,0.016735407955764767,,0.00016631192604065853
TCN3_1759fa72,TCN3,loso_subject_S016,68,0.0005862889076388334,,0.016615813862702163,,0.00015737679681724137
TCN3_1759fa72,TCN3,loso_subject_S016,69,0.0006055378412201141,,0.0165374823159291,,0.0001490470641152345
TCN3_1759fa72,TCN3,loso_subject_S016,70,0.0005488410492517534,,0.0160774846259135,,0.00014133557177871338
TCN3_1759fa72,TCN3,loso_subject_S016,71,0.0005581433069892228,,0.016345859567657234,,0.00013425421036992097
TCN3_1759fa72,TCN3,loso_subject_S016,72,0.0005641271524542029,,0.016200902155193504,,0.00012781389883488212
TCN3_1759fa72,TCN3,loso_subject_S016,73,0.0005320070550811973,,0.015835129463640678,,0.0001220245676671809
TCN3_1759fa72,TCN3,loso_subject_S016,74,0.0005426827843747934,,0.01592896861740795,,0.00011689514359585877
TCN3_1759fa72,TCN3,loso_subject_S016,75,0.0005190948697135362,,0.015641210063912434,,0.00011243353582104555
TCN3_1759fa72,TCN3,loso_subject_S016,76,0.0005275271016787288,,0.015812273739010656,,0.0001086466238185463
TCN3_1759fa72,TCN3,loso_subject_S016,77,0.0005140228222883319,,0.01563595620860363,,0.00010554024673218805
TCN3_1759fa72,TCN3,loso_subject_S016,78,0.0005441765850547191,,0.015977330361031016,,0.00010311919437028317
TCN3_1759fa72,TCN3,loso_subject_S016,79,0.0005329899526083837,,0.015709799097666153,,0.00010138719982009242
TCN3_1759fa72,TCN3,loso_subject_S016,80,0.0005412650075816018,,0.015877105780045725,,0.0001003469336916747
TCN3_1759fa72,TCN3,loso_subject_S017,1,0.2833948565570632,,0.3893700160846109,,0.001
TCN3_1759fa72,TCN3,loso_subject_S017,2,0.053360588636510616,,0.16630053662599364,,0.0009996530663083252
TCN3_1759fa72,TCN3,loso_subject_S017,3,0.028143774303037994,,0.12157334669066137,,0.0009986128001799074
TCN3_1759fa72,TCN3,loso_subject_S017,4,0.019710673460177006,,0.103281773866657,,0.0009968808056297167
TCN3_1759fa72,TCN3,loso_subject_S017,5,0.013144693297931437,,0.08444338040921859,,0.0009944597532678117
TCN3_1759fa72,TCN3,loso_subject_S017,6,0.010057146252721222,,0.07393234824905029,,0.0009913533761814533
TCN3_1759fa72,TCN3,loso_subject_S017,7,0.008317646010479345,,0.06594541167221163,,0.000987566464178954
TCN3_1759fa72,TCN3,loso_subject_S017,8,0.007202870994698987,,0.06010547896101692,,0.0009831048564041408
TCN3_1759fa72,TCN3,loso_subject_S017,9,0.006007074128163543,,0.05628234637577386,,0.0009779754323328187
TCN3_1759fa72,TCN3,loso_subject_S017,10,0.005552586356106286,,0.05421224472175126,,0.0009721861011651174
TCN3_1759fa72,TCN3,loso_subject_S017,11,0.004309090236072488,,0.047632287056647654,,0.0009657457896300785
TCN3_1759fa72,TCN3,loso_subject_S017,12,0.004015975365884191,,0.046426878323679414,,0.000958664428221286
TCN3_1759fa72,TCN3,loso_subject_S017,13,0.003743161428410475,,0.044134823416060856,,0.000950952935884765
TCN3_1759fa72,TCN3,loso_subject_S017,14,0.0031284289992367393,,0.040429988918274956,,0.0009426232031827582
TCN3_1759fa72,TCN3,loso_subject_S017,15,0.002794566760917413,,0.03816694001026858,,0.0009336880739593409
TCN3_1759fa72,TCN3,loso_subject_S017,16,0.0026590084871954164,,0.03704261778649012,,0.0009241613255361449
TCN3_1759fa72,TCN3,loso_subject_S017,17,0.0026051730169371523,,0.03720421788652886,,0.0009140576474687258
TCN3_1759fa72,TCN3,loso_subject_S017,18,0.0023931489907623583,,0.0354408785159236,,0.0009033926188963346
TCN3_1759fa72,TCN3,loso_subject_S017,19,0.002121903312887071,,0.03327101023797664,,0.0008921826845200134
TCN3_1759fa72,TCN3,loso_subject_S017,20,0.0019516079499670603,,0.0313798481745564,,0.000880445129246058
TCN3_1759fa72,TCN3,loso_subject_S017,21,0.0018725943196106036,,0.03079170616983014,,0.0008681980515339459
TCN3_1759fa72,TCN3,loso_subject_S017,22,0.0018469285548442765,,0.030679409323062626,,0.0008554603354898234
TCN3_1759fa72,TCN3,loso_subject_S017,23,0.0016553928202661325,,0.029838723634530308,,0.0008422516217485822
TCN3_1759fa72,TCN3,loso_subject_S017,24,0.0015696392018885754,,0.02833178534255477,,0.0008285922771894248
TCN3_1759fa72,TCN3,loso_subject_S017,25,0.0014117049357150998,,0.027416998825358845,,0.0008145033635316124
TCN3_1759fa72,TCN3,loso_subject_S017,26,0.0013433390552864762,,0.026541288966083883,,0.0008000066048588205
TCN3_1759fa72,TCN3,loso_subject_S017,27,0.0013050862141677044,,0.025762228222935633,,0.0007851243541221765
TCN3_1759fa72,TCN3,loso_subject_S017,28,0.001223507202512852,,0.02530149005982117,,0.0007698795586736293
TCN3_1759fa72,TCN3,loso_subject_S017,29,0.001182496034086883,,0.025285809041104734,,0.0007542957248827956
TCN3_1759fa72,TCN3,loso_subject_S017,30,0.0011665303223518328,,0.024340367364412807,,0.0007383968818918422
TCN3_1759fa72,TCN3,loso_subject_S017,31,0.0012058619113060826,,0.024669063175605216,,0.00072220754456429
TCN3_1759fa72,TCN3,loso_subject_S017,32,0.0011949140816743596,,0.02521744102646096,,0.0007057526756848715
TCN3_1759fa72,TCN3,loso_subject_S017,33,0.0011209629489325418,,0.023906795643787594,,0.000689057647468726
TCN3_1759fa72,TCN3,loso_subject_S017,34,0.0010845792745781278,,0.023790786306647396,,0.000672148202439283
TCN3_1759fa72,TCN3,loso_subject_S017,35,0.0009796892092137947,,0.022304194993887038,,0.0006550504137351571
TCN3_1759fa72,TCN3,loso_subject_S017,36,0.000925481634687756,,0.021970877994479304,,0.0006377906449072574
TCN3_1759fa72,TCN3,loso_subject_S017,37,0.0009039608805141498,,0.0218747754353097,,0.0006203955092681036
TCN3_1759fa72,TCN3,loso_subject_S017,38,0.00089009205058977,,0.021632851594733975,,0.0006028918288560267
TCN3_1759fa72,TCN3,loso_subject_S017,39,0.000994244370707672,,0.02275191195500413,,0.00058530659307753
TCN3_1759fa72,TCN3,loso_subject_S017,40,0.0008407662782321962,,0.020655271281926603,,0.0005676669170915806
TCN3_1759fa72,TCN3,loso_subject_S017,41,0.0007913812651707321,,0.019782008291406777,,0.0005499999999999997
TCN3_1759fa72,TCN3,loso_subject_S017,42,0.0008448698132924397,,0.020292330322448215,,0.000532333082908419
TCN3_1759fa72,TCN3,loso_subject_S017,43,0.0007672030928735478,,0.01992101691725122,,0.0005146934069224697
TCN3_1759fa72,TCN3,loso_subject_S017,44,0.0007452495386057903,,0.019403955321323465,,0.000497108171143973
TCN3_1759fa72,TCN3,loso_subject_S017,45,0.0006795030226232721,,0.01871960803769183,,0.00047960449073189616
TCN3_1759fa72,TCN3,loso_subject_S017,46,0.0007756867283414444,,0.019369295346624807,,0.00046220935509274226
TCN3_1759fa72,TCN3,loso_subject_S017,47,0.0007272534606071276,,0.018972459585938926,,0.00044494958626484254
TCN3_1759fa72,TCN3,loso_subject_S017,48,0.0007944818310280527,,0.020013160305492193,,0.00042785179756071645
TCN3_1759fa72,TCN3,loso_subject_S017,49,0.0007264680520934976,,0.0190336718298154,,0.0004109423525312737
TCN3_1759fa72,TCN3,loso_subject_S017,50,0.0007002784923072153,,0.01852882742914597,,0.0003942473243151282
TCN3_1759fa72,TCN3,loso_subject_S017,51,0.0006513952700341052,,0.017998263029042682,,0.0003777924554357096
TCN3_1759fa72,TCN3,loso_subject_S017,52,0.0006940762359479783,,0.018578307460759988,,0.0003616031181081575
TCN3_1759fa72,TCN3,loso_subject_S017,53,0.000648104891203715,,0.018145587585010555,,0.000345704275117204
TCN3_1759fa72,TCN3,loso_subject_S017,54,0.0006713098892334549,,0.018171990242313626,,0.00033012044132637024
TCN3_1759fa72,TCN3,loso_subject_S017,55,0.0006535487309437036,,0.017954530734070193,,0.00031487564587782306
TCN3_1759fa72,TCN3,loso_subject_S017,56,0.0006187550187000758,,0.017551848640263344,,0.00029999339514117897
TCN3_1759fa72,TCN3,loso_subject_S017,57,0.000629672874983725,,0.017491480242492526,,0.0002854966364683872
TCN3_1759fa72,TCN3,loso_subject_S017,58,0.0005989576976321687,,0.0170275800492487,,0.0002714077228105749
TCN3_1759fa72,TCN3,loso_subject_S017,59,0.0005778656963647795,,0.016833097858260402,,0.00025774837825141746
TCN3_1759fa72,TCN3,loso_subject_S017,60,0.0005722991138333657,,0.01682603012887816,,0.0002445396645101764
TCN3_1759fa72,TCN3,loso_subject_S017,61,0.0006113965909491615,,0.016920514041838787,,0.0002318019484660537
TCN3_1759fa72,TCN3,loso_subject_S017,62,0.0005654753726759218,,0.016544410066066235,,0.00021955487075394156
TCN3_1759fa72,TCN3,loso_subject_S017,63,0.0005663325517483009,,0.016525377542782802,,0.0002078173154799862
TCN3_1759fa72,TCN3,loso_subject_S017,64,0.0005514723321928914,,0.01624761402394884,,0.00019660738110366478
TCN3_1759fa72,TCN3,loso_subject_S017,65,0.0005538106013755483,,0.016246130982851305,,0.00018594235253127373
TCN3_1759fa72,TCN3,loso_subject_S017,66,0.0005596718036642084,,0.01621156684096154,,0.00017583867446385477
TCN3_1759fa72,TCN3,loso_subject_S017,67,0.0005504022246791269,,0.01619176243746515,,0.00016631192604065853
TCN3_1759fa72,TCN3,loso_subject_S017,68,0.0005255482025998851,,0.01625920729620129,,0.00015737679681724137
TCN3_1759fa72,TCN3,loso_subject_S017,69,0.000558461947135816,,0.016038787461910682,,0.0001490470641152345
TCN3_1759fa72,TCN3,loso_subject_S017,70,0.0005267166116640827,,0.015788004685651544,,0.00014133557177871338
TCN3_1759fa72,TCN3,loso_subject_S017,71,0.0005280057867127841,,0.01587131727576478,,0.00013425421036992097
TCN3_1759fa72,TCN3,loso_subject_S017,72,0.0004983493407118512,,0.015477116559595829,,0.00012781389883488212
TCN3_1759fa72,TCN3,loso_subject_S017,73,0.0005190890306338317,,0.015820828887849532,,0.0001220245676671809
TCN3_1759fa72,TCN3,loso_subject_S017,74,0.00049736684407132,,0.015400063053975264,,0.00011689514359585877
TCN3_1759fa72,TCN3,loso_subject_S017,75,0.0004975270030420651,,0.015309914477265455,,0.00011243353582104555
TCN3_1759fa72,TCN3,loso_subject_S017,76,0.0004982411726164779,,0.01532219046908606,,0.0001086466238185463
TCN3_1759fa72,TCN3,loso_subject_S017,77,0.0004893788091470849,,0.015415141947557364,,0.00010554024673218805
TCN3_1759fa72,TCN3,loso_subject_S017,78,0.00048418430652341106,,0.015169543443895908,,0.00010311919437028317
TCN3_1759fa72,TCN3,loso_subject_S017,79,0.0005045526660032007,,0.015505463860093315,,0.00010138719982009242
TCN3_1759fa72,TCN3,loso_subject_S017,80,0.0004743929377732791,,0.015122446144439637,,0.0001003469336916747
TCN3_1759fa72,TCN3,loso_subject_S018,1,0.2157613754093975,,0.3350015969849899,,0.001
TCN3_1759fa72,TCN3,loso_subject_S018,2,0.041352653593143315,,0.1521128012297338,,0.0009996530663083252
TCN3_1759fa72,TCN3,loso_subject_S018,3,0.022467313325300924,,0.1105826184558768,,0.0009986128001799074
TCN3_1759fa72,TCN3,loso_subject_S018,4,0.014911609602016937,,0.09027607448087922,,0.0009968808056297167
TCN3_1759fa72,TCN3,loso_subject_S018,5,0.011014319305371778,,0.07631221106085974,,0.0009944597532678117
TCN3_1759fa72,TCN3,loso_subject_S018,6,0.008828566415149775,,0.06818012139820559,,0.0009913533761814533
TCN3_1759fa72,TCN3,loso_subject_S018,7,0.0069411245209981065,,0.06091539589244982,,0.000987566464178954
TCN3_1759fa72,TCN3,loso_subject_S018,8,0.0063079971543945285,,0.057267697515341796,,0.0009831048564041408
TCN3_1759fa72,TCN3,loso_subject_S018,9,0.005142840517455077,,0.05121141578670496,,0.0009779754323328187
TCN3_1759fa72,TCN3,loso_subject_S018,10,0.004385224665617935,,0.04770821921090819,,0.0009721861011651174
TCN3_1759fa72,TCN3,loso_subject_S018,11,0.0039839558365162946,,0.04536024147723631,,0.0009657457896300785
TCN3_1759fa72,TCN3,loso_subject_S018,12,0.003219358961156085,,0.0412170554044834,,0.000958664428221286
TCN3_1759fa72,TCN3,loso_subject_S018,13,0.003321026445855771,,0.040590240824189765,,0.000950952935884765
TCN3_1759fa72,TCN3,loso_subject_S018,14,0.002934000569110204,,0.03804864646736068,,0.0009426232031827582
TCN3_1759fa72,TCN3,loso_subject_S018,15,0.0027342439234478645,,0.03760516830451977,,0.0009336880739593409
TCN3_1759fa72,TCN3,loso_subject_S018,16,0.002510524893988451,,0.0354681433769116,,0.0009241613255361449
TCN3_1759fa72,TCN3,loso_subject_S018,17,0.002427727726553306,,0.03521540005624719,,0.0009140576474687258
TCN3_1759fa72,TCN3,loso_subject_S018,18,0.0022046940336977734,,0.03288985845865305,,0.0009033926188963346
TCN3_1759fa72,TCN3,loso_subject_S018,19,0.0018709257057325703,,0.03132433770179228,,0.0008921826845200134
TCN3_1759fa72,TCN3,loso_subject_S018,20,0.0018190205428543099,,0.030727064867126164,,0.000880445129246058
TCN3_1759fa72,TCN3,loso_subject_S018,21,0.0017936990449223733,,0.029691896537923628,,0.0008681980515339459
TCN3_1759fa72,TCN3,loso_subject_S018,22,0.0017113521929249028,,0.02957544912360717,,0.0008554603354898234
TCN3_1759fa72,TCN3,loso_subject_S018,23,0.0016720321472398346,,0.029099429006347304,,0.0008422516217485822
TCN3_1759fa72,TCN3,loso_subject_S018,24,0.0016760240610549934,,0.029054878730605475,,0.0008285922771894248
TCN3_1759fa72,TCN3,loso_subject_S018,25,0.001533766291191691,,0.02697016726654685,,0.0008145033635316124
TCN3_1759fa72,TCN3,loso_subject_S018,26,0.001444140085297754,,0.026574263150187787,,0.0008000066048588205
TCN3_1759fa72,TCN3,loso_subject_S018,27,0.0013672860775172456,,0.026045579865439768,,0.0007851243541221765
TCN3_1759fa72,TCN3,loso_subject_S018,28,0.0013494677015186182,,0.02628369573244446,,0.0007698795586736293
TCN3_1759fa72,TCN3,loso_subject_S018,29,0.00131575356540745,,0.025037481633758768,,0.0007542957248827956
TCN3_1759fa72,TCN3,loso_subject_S018,30,0.001204234344478336,,0.024102517479337816,,0.0007383968818918422
TCN3_1759fa72,TCN3,loso_subject_S018,31,0.0013886717860297504,,0.02621949677421615,,0.00072220754456429
TCN3_1759fa72,TCN3,loso_subject_S018,32,0.0011802187723711534,,0.023948828788946344,,0.0007057526756848715
TCN3_1759fa72,TCN3,loso_subject_S018,33,0.0011719203743735113,,0.023871508098634635,,0.000689057647468726
TCN3_1759fa72,TCN3,loso_subject_S018,34,0.0012250826537293133,,0.02452515453575363,,0.000672148202439283
TCN3_1759fa72,TCN3,loso_subject_S018,35,0.0011272796894714306,,0.02332101772304452,,0.0006550504137351571
TCN3_1759fa72,TCN3,loso_subject_S018,36,0.0010356654747762058,,0.021977306848923128,,0.0006377906449072574
TCN3_1759fa72,TCN3,loso_subject_S018,37,0.001034617840660499,,0.022485182112563423,,0.0006203955092681036
TCN3_1759fa72,TCN3,loso_subject_S018,38,0.0009643662891527967,,0.021797740266966795,,0.0006028918288560267
TCN3_1759fa72,TCN3,loso_subject_S018,39,0.0009501267491525365,,0.021246668728000333,,0.00058530659307753
TCN3_1759fa72,TCN3,loso_subject_S018,40,0.001018478784604042,,0.021648277457129342,,0.0005676669170915806
TCN3_1759fa72,TCN3,loso_subject_S018,41,0.0009115913169209473,,0.02093109217622821,,0.0005499999999999997
TCN3_1759fa72,TCN3,loso_subject_S018,42,0.0009402817004350007,,0.02043564449157596,,0.000532333082908419
TCN3_1759fa72,TCN3,loso_subject_S018,43,0.0008883533425199205,,0.020597641410257255,,0.0005146934069224697
TCN3_1759fa72,TCN3,loso_subject_S018,44,0.0009069558338244955,,0.020730392031152105,,0.000497108171143973
TCN3_1759fa72,TCN3,loso_subject_S018,45,0.0008958967825200068,,0.020683252129326285,,0.00047960449073189616
TCN3_1759fa72,TCN3,loso_subject_S018,46,0.0008633237958049981,,0.019971529202757046,,0.00046220935509274226
TCN3_1759fa72,TCN3,loso_subject_S018,47,0.0008191143190210842,,0.01945470280670336,,0.00044494958626484254
TCN3_1759fa72,TCN3,loso_subject_S018,48,0.00079386092551279,,0.019558844257564597,,0.00042785179756071645
TCN3_1759fa72,TCN3,loso_subject_S018,49,0.0008537971532529606,,0.02031929205015287,,0.0004109423525312737
TCN3_1759fa72,TCN3,loso_subject_S018,50,0.0007897908264759345,,0.01928604776253782,,0.0003942473243151282
TCN3_1759fa72,TCN3,loso_subject_S018,51,0.0008499584274070127,,0.020390326032995714,,0.0003777924554357096
TCN3_1759fa72,TCN3,loso_subject_S018,52,0.0007975124539572272,,0.019463430971929888,,0.0003616031181081575
TCN3_1759fa72,TCN3,loso_subject_S018,53,0.0007182291114034102,,0.018281684423817637,,0.000345704275117204
TCN3_1759fa72,TCN3,loso_subject_S018,54,0.0007592720301733188,,0.01847976337914503,,0.00033012044132637024
TCN3_1759fa72,TCN3,loso_subject_S018,55,0.0007049237893990493,,0.01822851666762783,,0.00031487564587782306
TCN3_1759fa72,TCN3,loso_subject_S018,56,0.0007530762677416872,,0.018570695385667316,,0.00029999339514117897
TCN3_1759fa72,TCN3,loso_subject_S018,57,0.0006870541219741549,,0.01806353515646592,,0.0002854966364683872
TCN3_1759fa72,TCN3,loso_subject_S018,58,0.0006944767367578657,,0.01803942931609155,,0.0002714077228105749
TCN3_1759fa72,TCN3,loso_subject_S018,59,0.0006936007496852165,,0.01788888854906566,,0.00025774837825141746
TCN3_1759fa72,TCN3,loso_subject_S018,60,0.0007266399003857763,,0.018117419799488894,,0.0002445396645101764
TCN3_1759fa72,TCN3,loso_subject_S018,61,0.0006383440058593065,,0.017455784080555502,,0.0002318019484660537
TCN3_1759fa72,TCN3,loso_subject_S018,62,0.0006706462307736957,,0.01774882706344687,,0.00021955487075394156
TCN3_1759fa72,TCN3,loso_subject_S018,63,0.0006583630863232517,,0.017249977657515358,,0.0002078173154799862
TCN3_1759fa72,TCN3,loso_subject_S018,64,0.0006430456846429794,,0.017213204820113067,,0.00019660738110366478
TCN3_1759fa72,TCN3,loso_subject_S018,65,0.0006800165557949697,,0.017398627165870185,,0.00018594235253127373
TCN3_1759fa72,TCN3,loso_subject_S018,66,0.0006282522097228752,,0.01694889779073901,,0.00017583867446385477
TCN3_1759fa72,TCN3,loso_subject_S018,67,0.0006574106724976054,,0.01701417133874176,,0.00016631192604065853
TCN3_1759fa72,TCN3,loso_subject_S018,68,0.0006908997976244962,,0.017564801566179764,,0.00015737679681724137
TCN3_1759fa72,TCN3,loso_subject_S018,69,0.0006295694409489425,,0.016644707689463956,,0.0001490470641152345
TCN3_1759fa72,TCN3,loso_subject_S018,70,0.0006177940582431426,,0.01666646071354831,,0.00014133557177871338
TCN3_1759fa72,TCN3,loso_subject_S018,71,0.000660670981863794,,0.017293502720161506,,0.00013425421036992097
TCN3_1759fa72,TCN3,loso_subject_S018,72,0.0006337241157265269,,0.016822104645285763,,0.00012781389883488212
TCN3_1759fa72,TCN3,loso_subject_S018,73,0.0006160927689509143,,0.01640759873441814,,0.0001220245676671809
TCN3_1759fa72,TCN3,loso_subject_S018,74,0.0005946307840473514,,0.016572065513029904,,0.00011689514359585877
TCN3_1759fa72,TCN3,loso_subject_S018,75,0.0005908460948801611,,0.016328980884517463,,0.00011243353582104555
TCN3_1759fa72,TCN3,loso_subject_S018,76,0.0005860449168320073,,0.016196052369855492,,0.0001086466238185463
TCN3_1759fa72,TCN3,loso_subject_S018,77,0.000606261282514732,,0.016463949538311474,,0.00010554024673218805
TCN3_1759fa72,TCN3,loso_subject_S018,78,0.0005870461617691418,,0.016242038725108612,,0.00010311919437028317
TCN3_1759fa72,TCN3,loso_subject_S018,79,0.000559591747761284,,0.01592733999566522,,0.00010138719982009242
TCN3_1759fa72,TCN3,loso_subject_S018,80,0.0005506444143493699,,0.015954360699021206,,0.0001003469336916747
TCN3_1759fa72,TCN3,loso_subject_S019,1,0.30043663367070195,,0.3975295708173624,,0.001
TCN3_1759fa72,TCN3,loso_subject_S019,2,0.0650157947315225,,0.19036337123747002,,0.0009996530663083252
TCN3_1759fa72,TCN3,loso_subject_S019,3,0.03245916112453069,,0.13429380679366634,,0.0009986128001799074
TCN3_1759fa72,TCN3,loso_subject_S019,4,0.021439997539710275,,0.10965636183755506,,0.0009968808056297167
TCN3_1759fa72,TCN3,loso_subject_S019,5,0.015753938809632627,,0.09223177718554218,,0.0009944597532678117
TCN3_1759fa72,TCN3,loso_subject_S019,6,0.012328203200191897,,0.08315683220102835,,0.0009913533761814533
TCN3_1759fa72,TCN3,loso_subject_S019,7,0.009895919120971399,,0.07414787890480311,,0.000987566464178954
TCN3_1759fa72,TCN3,loso_subject_S019,8,0.0076552275176523365,,0.06480223606113714,,0.0009831048564041408
TCN3_1759fa72,TCN3,loso_subject_S019,9,0.006855239786953256,,0.06155384498293509,,0.0009779754323328187
TCN3_1759fa72,TCN3,loso_subject_S019,10,0.0055267577147051885,,0.05498920796687796,,0.0009721861011651174
TCN3_1759fa72,TCN3,loso_subject_S019,11,0.005245903522054323,,0.05275806690355037,,0.0009657457896300785
TCN3_1759fa72,TCN3,loso_subject_S019,12,0.004656872266816688,,0.05001882674571426,,0.000958664428221286
TCN3_1759fa72,TCN3,loso_subject_S019,13,0.003921731782958298,,0.04599697726507417,,0.000950952935884765
TCN3_1759fa72,TCN3,loso_subject_S019,14,0.0037827443457484414,,0.044373796716765945,,0.0009426232031827582
TCN3_1759fa72,TCN3,loso_subject_S019,15,0.003370515705692483,,0.04275968189155725,,0.0009336880739593409
TCN3_1759fa72,TCN3,loso_subject_S019,16,0.0031494260848853365,,0.04096037161050451,,0.0009241613255361449
TCN3_1759fa72,TCN3,loso_subject_S019,17,0.002903120155546447,,0.038401828753663034,,0.0009140576474687258
TCN3_1759fa72,TCN3,loso_subject_S019,18,0.0025248757501590124,,0.036747438145642776,,0.0009033926188963346
TCN3_1759fa72,TCN3,loso_subject_S019,19,0.0025305537986962463,,0.03582119053674296,,0.0008921826845200134
TCN3_1759fa72,TCN3,loso_subject_S019,20,0.0022668430141897667,,0.03431257385469365,,0.000880445129246058
TCN3_1759fa72,TCN3,loso_subject_S019,21,0.002251946551351825,,0.03447865404233028,,0.0008681980515339459
TCN3_1759fa72,TCN3,loso_subject_S019,22,0.0020738622722324654,,0.0331950107758458,,0.0008554603354898234
TCN3_1759fa72,TCN3,loso_subject_S019,23,0.002136306269691726,,0.03276989702102681,,0.0008422516217485822
TCN3_1759fa72,TCN3,loso_subject_S019,24,0.0018611251244525814,,0.03110053002849989,,0.0008285922771894248
TCN3_1759fa72,TCN3,loso_subject_S019,25,0.0017218504712616263,,0.029272809598557038,,0.0008145033635316124
TCN3_1759fa72,TCN3,loso_subject_S019,26,0.001750125171230826,,0.029634115012944308,,0.0008000066048588205
TCN3_1759fa72,TCN3,loso_subject_S019,27,0.0015869649248560018,,0.02862468886176432,,0.0007851243541221765
TCN3_1759fa72,TCN3,loso_subject_S019,28,0.0016945808143082378,,0.029280028715625253,,0.0007698795586736293
TCN3_1759fa72,TCN3,loso_subject_S019,29,0.0014408251113635989,,0.027086392674390114,,0.0007542957248827956
TCN3_1759fa72,TCN3,loso_subject_S019,30,0.0014460134639909385,,0.027145639723287606,,0.0007383968818918422
TCN3_1759fa72,TCN3,loso_subject_S019,31,0.0013422168677204634,,0.026092348050990734,,0.00072220754456429
TCN3_1759fa72,TCN3,loso_subject_S019,32,0.0016276716986113537,,0.029126969347272134,,0.0007057526756848715
TCN3_1759fa72,TCN3,loso_subject_S019,33,0.0013958346133753317,,0.026664305595198598,,0.000689057647468726
TCN3_1759fa72,TCN3,loso_subject_S019,34,0.001302530251141759,,0.02526996628264774,,0.000672148202439283
TCN3_1759fa72,TCN3,loso_subject_S019,35,0.0012062615760872347,,0.025227975495266695,,0.0006550504137351571
TCN3_1759fa72,TCN3,loso_subject_S019,36,0.0011280337763766445,,0.023821392117144558,,0.0006377906449072574
TCN3_1759fa72,TCN3,loso_subject_S019,37,0.0011794834992540834,,0.02396722662380462,,0.0006203955092681036
TCN3_1759fa72,TCN3,loso_subject_S019,38,0.0011584020660513777,,0.024160673200060434,,0.0006028918288560267
TCN3_1759fa72,TCN3,loso_subject_S019,39,0.0010446428763908665,,0.023344606606376578,,0.00058530659307753
TCN3_1759fa72,TCN3,loso_subject_S019,40,0.000998418800297131,,0.022619404164435065,,0.0005676669170915806
TCN3_1759fa72,TCN3,loso_subject_S019,41,0.001023711378655445,,0.022682599316599533,,0.0005499999999999997
TCN3_1759fa72,TCN3,loso_subject_S019,42,0.0010251861388879625,,0.022441808800900187,,0.000532333082908419
TCN3_1759fa72,TCN3,loso_subject_S019,43,0.0010018539447268838,,0.022377153559526852,,0.0005146934069224697
TCN3_1759fa72,TCN3,loso_subject_S019,44,0.0009588452727774461,,0.021904562219005906,,0.000497108171143973
TCN3_1759fa72,TCN3,loso_subject_S019,45,0.0009525463967938257,,0.021709391233552727,,0.00047960449073189616
TCN3_1759fa72,TCN3,loso_subject_S019,46,0.0009112159712249893,,0.021556044569976115,,0.00046220935509274226
TCN3_1759fa72,TCN3,loso_subject_S019,47,0.0009409733221249552,,0.02204168981148137,,0.00044494958626484254
TCN3_1759fa72,TCN3,loso_subject_S019,48,0.0008581288525032625,,0.02087880501995641,,0.00042785179756071645
TCN3_1759fa72,TCN3,loso_subject_S019,49,0.0007977892315492447,,0.02001910025428209,,0.0004109423525312737
TCN3_1759fa72,TCN3,loso_subject_S019,50,0.0008137786800180203,,0.02043790443151761,,0.0003942473243151282
TCN3_1759fa72,TCN3,loso_subject_S019,51,0.0007711589935344546,,0.01956934602085672,,0.0003777924554357096
TCN3_1759fa72,TCN3,loso_subject_S019,52,0.0007921969991397991,,0.020164950793531332,,0.0003616031181081575
TCN3_1759fa72,TCN3,loso_subject_S019,53,0.00083097441380963,,0.02050999376845807,,0.000345704275117204
TCN3_1759fa72,TCN3,loso_subject_S019,54,0.0007974074142354208,,0.019636741880480237,,0.00033012044132637024
TCN3_1759fa72,TCN3,loso_subject_S019,55,0.0007899509234186765,,0.019799809531421984,,0.00031487564587782306
TCN3_1759fa72,TCN3,loso_subject_S019,56,0.0007494782885817939,,0.01959353088849455,,0.00029999339514117897
TCN3_1759fa72,TCN3,loso_subject_S019,57,0.000761519065498914,,0.019541968886936042,,0.0002854966364683872
TCN3_1759fa72,TCN3,loso_subject_S019,58,0.0007093978786721559,,0.01875981263414187,,0.0002714077228105749
TCN3_1759fa72,TCN3,loso_subject_S019,59,0.0007079779335915914,,0.018882404639076505,,0.00025774837825141746
TCN3_1759fa72,TCN3,loso_subject_S019,60,0.0007265906709468641,,0.01902460593363297,,0.0002445396645101764
TCN3_1759fa72,TCN3,loso_subject_S019,61,0.000724298394603581,,0.018720978277200383,,0.0002318019484660537
TCN3_1759fa72,TCN3,loso_subject_S019,62,0.0006366523238030499,,0.017901465557241415,,0.00021955487075394156
TCN3_1759fa72,TCN3,loso_subject_S019,63,0.0006830916541935064,,0.018435652125881424,,0.0002078173154799862
TCN3_1759fa72,TCN3,loso_subject_S019,64,0.0006879292426412468,,0.018561260795623556,,0.00019660738110366478
TCN3_1759fa72,TCN3,loso_subject_S019,65,0.0006774999006048087,,0.01818021281814621,,0.00018594235253127373
TCN3_1759fa72,TCN3,loso_subject_S019,66,0.0006617411990351962,,0.0182949579041745,,0.00017583867446385477
TCN3_1759fa72,TCN3,loso_subject_S019,67,0.0006473434633327941,,0.017940154769208152,,0.00016631192604065853
TCN3_1759fa72,TCN3,loso_subject_S019,68,0.0006697352116589969,,0.017991356436741632,,0.00015737679681724137
TCN3_1759fa72,TCN3,loso_subject_S019,69,0.0005847647865668469,,0.01715810671892661,,0.0001490470641152345
TCN3_1759fa72,TCN3,loso_subject_S019,70,0.0006030869888394086,,0.017419993266322258,,0.00014133557177871338
TCN3_1759fa72,TCN3,loso_subject_S019,71,0.0006300181715905567,,0.017675295483243914,,0.00013425421036992097
TCN3_1759fa72,TCN3,loso_subject_S019,72,0.0006166913233977497,,0.017674909787082145,,0.00012781389883488212
TCN3_1759fa72,TCN3,loso_subject_S019,73,0.0006452718406027431,,0.01752284073290117,,0.0001220245676671809
TCN3_1759fa72,TCN3,loso_subject_S019,74,0.0006217888219252979,,0.017464355584867284,,0.00011689514359585877
TCN3_1759fa72,TCN3,loso_subject_S019,75,0.0006385188781281902,,0.017487092438498966,,0.00011243353582104555
TCN3_1759fa72,TCN3,loso_subject_S019,76,0.0006309454791423141,,0.017386984078770474,,0.0001086466238185463
TCN3_1759fa72,TCN3,loso_subject_S019,77,0.0006660516439712467,,0.01770626664059834,,0.00010554024673218805
TCN3_1759fa72,TCN3,loso_subject_S019,78,0.0005943249845619405,,0.01729396746526193,,0.00010311919437028317
TCN3_1759fa72,TCN3,loso_subject_S019,79,0.0005853044268532496,,0.016858729818177105,,0.00010138719982009242
TCN3_1759fa72,TCN3,loso_subject_S019,80,0.0005793445017299775,,0.016911555085523146,,0.0001003469336916747
