model_id,architecture_id,fold_id,epoch,train_loss,val_loss,train_mae,val_mae,lr
TCN1_c672f2b1,TCN1,loso_subject_S001,1,0.2510481578620241,,0.34749418885964184,,0.001
TCN1_c672f2b1,TCN1,loso_subject_S001,2,0.04104040105976658,,0.15129683074350736,,0.0009996530663083252
TCN1_c672f2b1,TCN1,loso_subject_S001,3,0.02408456166599917,,0.1158557432762653,,0.0009986128001799074
TCN1_c672f2b1,TCN1,loso_subject_S001,4,0.01931957116128331,,0.1019282287368016,,0.0009968808056297167
TCN1_c672f2b1,TCN1,loso_subject_S001,5,0.012764170093788314,,0.08355165674119354,,0.0009944597532678117
TCN1_c672f2b1,TCN1,loso_subject_S001,6,0.010877171188177314,,0.07798193156916719,,0.0009913533761814533
TCN1_c672f2b1,TCN1,loso_subject_S001,7,0.00865487551771993,,0.06787314627412844,,0.000987566464178954
TCN1_c672f2b1,TCN1,loso_subject_S001,8,0.007700918007961616,,0.06413486358573844,,0.0009831048564041408
TCN1_c672f2b1,TCN1,loso_subject_S001,9,0.00635885721983303,,0.05905924369752495,,0.0009779754323328187
TCN1_c672f2b1,TCN1,loso_subject_S001,10,0.005611224693077478,,0.05404748317946039,,0.0009721861011651174
TCN1_c672f2b1,TCN1,loso_subject_S001,11,0.005244122052480177,,0.05389932488833331,,0.0009657457896300785
TCN1_c672f2b1,TCN1,loso_subject_S001,12,0.004156491171099885,,0.047768315445187344,,0.000958664428221286
TCN1_c672f2b1,TCN1,loso_subject_S001,13,0.004049543199501108,,0.04608261973346105,,0.000950952935884765
TCN1_c672f2b1,TCN1,loso_subject_S001,14,0.003528425133783152,,0.04348721338987394,,0.0009426232031827582
TCN1_c672f2b1,TCN1,loso_subject_S001,15,0.0034330237381652666,,0.042441999156779674,,0.0009336880739593409
TCN1_c672f2b1,TCN1,loso_subject_S001,16,0.0030018586661277095,,0.04051185781588786,,0.0009241613255361449
TCN1_c672f2b1,TCN1,loso_subject_S001,17,0.003205494513917213,,0.04013181283126348,,0.0009140576474687258
TCN1_c672f2b1,TCN1,loso_subject_S001,18,0.002733398584953464,,0.03766263667850677,,0.0009033926188963346
TCN1_c672f2b1,TCN1,loso_subject_S001,19,0.0026855141453380493,,0.037379141188664186,,0.0008921826845200134
TCN1_c672f2b1,TCN1,loso_subject_S001,20,0.002545167923190347,,0.036450049716194706,,0.000880445129246058
TCN1_c672f2b1,TCN1,loso_subject_S001,21,0.0021702100971332356,,0.03400333601438244,,0.0008681980515339459
TCN1_c672f2b1,TCN1,loso_subject_S001,22,0.002679410634976599,,0.03745214468052004,,0.0008554603354898234
TCN1_c672f2b1,TCN1,loso_subject_S001,23,0.002101987208252079,,0.03288254181419627,,0.0008422516217485822
TCN1_c672f2b1,TCN1,loso_subject_S001,24,0.001972267100507248,,0.03171628970153553,,0.0008285922771894248
TCN1_c672f2b1,TCN1,loso_subject_S001,25,0.0017568474649197925,,0.030491841062135303,,0.0008145033635316124
TCN1_c672f2b1,TCN1,loso_subject_S001,26,0.002656255714288077,,0.0373962848500756,,0.0008000066048588205
TCN1_c672f2b1,TCN1,loso_subject_S001,27,0.0017459648352703395,,0.029820204976073773,,0.0007851243541221765
TCN1_c672f2b1,TCN1,loso_subject_S001,28,0.0016005445153257688,,0.028929162842382037,,0.0007698795586736293
TCN1_c672f2b1,TCN1,loso_subject_S001,29,0.001445722319350327,,0.02790468453219783,,0.0007542957248827956
TCN1_c672f2b1,TCN1,loso_subject_S001,30,0.0013462425136543668,,0.026380229792358774,,0.0007383968818918422
TCN1_c672f2b1,TCN1,loso_subject_S001,31,0.0014379500711833254,,0.02702212902293465,,0.00072220754456429
TCN1_c672f2b1,TCN1,loso_subject_S001,32,0.0015331317570515866,,0.028037200845086697,,0.0007057526756848715
TCN1_c672f2b1,TCN1,loso_subject_S001,33,0.0013098078786734277,,0.025967215834424143,,0.000689057647468726
TCN1_c672f2b1,TCN1,loso_subject_S001,34,0.001302406624911438,,0.025939552553974652,,0.000672148202439283
TCN1_c672f2b1,TCN1,loso_subject_S001,35,0.0012197316660228924,,0.025015653063034275,,0.0006550504137351571
TCN1_c672f2b1,TCN1,loso_subject_S001,36,0.0011679350737954144,,0.02443894874716016,,0.0006377906449072574
TCN1_c672f2b1,TCN1,loso_subject_S001,37,0.0010737162326333635,,0.02381545156679378,,0.0006203955092681036
TCN1_c672f2b1,TCN1,loso_subject_S001,38,0.0010718319582888672,,0.02345237229814937,,0.0006028918288560267
TCN1_c672f2b1,TCN1,loso_subject_S001,39,0.0009703493320804216,,0.02246890567539367,,0.00058530659307753
TCN1_c672f2b1,TCN1,loso_subject_S001,40,0.0012772022092245815,,0.02573822557662829,,0.0005676669170915806
TCN1_c672f2b1,TCN1,loso_subject_S001,41,0.0009555762854510362,,0.022449209887276517,,0.0005499999999999997
TCN1_c672f2b1,TCN1,loso_subject_S001,42,0.0010302705890176728,,0.022709701760001318,,0.000532333082908419
TCN1_c672f2b1,TCN1,loso_subject_S001,43,0.0009556716601822089,,0.02237424178046225,,0.0005146934069224697
TCN1_c672f2b1,TCN1,loso_subject_S001,44,0.0008905005015656407,,0.021291749194725273,,0.000497108171143973
TCN1_c672f2b1,TCN1,loso_subject_S001,45,0.0009361741726876672,,0.021628185669687168,,0.00047960449073189616
TCN1_c672f2b1,TCN1,loso_subject_S001,46,0.0008111598363094065,,0.02004920613783273,,0.00046220935509274226
TCN1_c672f2b1,TCN1,loso_subject_S001,47,0.0008438235606219131,,0.020821494465372875,,0.00044494958626484254
TCN1_c672f2b1,TCN1,loso_subject_S001,48,0.0008290200073145802,,0.020499530987092604,,0.00042785179756071645
TCN1_c672f2b1,TCN1,loso_subject_S001,49,0.0008508397440291634,,0.020312967962847366,,0.0004109423525312737
TCN1_c672f2b1,TCN1,loso_subject_S001,50,0.0007903918299667293,,0.020343051190228806,,0.0003942473243151282
TCN1_c672f2b1,TCN1,loso_subject_S001,51,0.0007694412014256499,,0.019537145550608283,,0.0003777924554357096
TCN1_c672f2b1,TCN1,loso_subject_S001,52,0.0007203932479996919,,0.019198115661586683,,0.0003616031181081575
TCN1_c672f2b1,TCN1,loso_subject_S001,53,0.0007220822395407295,,0.018987732274328883,,0.000345704275117204
TCN1_c672f2b1,TCN1,loso_subject_S001,54,0.0006932108032403806,,0.01843233907373076,,0.00033012044132637024
TCN1_c672f2b1,TCN1,loso_subject_S001,55,0.0006846945182473806,,0.018492346870354948,,0.00031487564587782306
TCN1_c672f2b1,TCN1,loso_subject_S001,56,0.0006482732635017468,,0.018143947757451366,,0.00029999339514117897
TCN1_c672f2b1,TCN1,loso_subject_S001,57,0.000674629637636162,,0.01826238148463053,,0.0002854966364683872
TCN1_c672f2b1,TCN1,loso_subject_S001,58,0.0006604649747697162,,0.018623882843200695,,0.0002714077228105749
TCN1_c672f2b1,TCN1,loso_subject_S001,59,0.0006154287827478252,,0.017936406742139487,,0.00025774837825141746
TCN1_c672f2b1,TCN1,loso_subject_S001,60,0.0006203735158635565,,0.0176942279397761,,0.0002445396645101764
TCN1_c672f2b1,TCN1,loso_subject_S001,61,0.0006091136366243965,,0.01772095682168042,,0.0002318019484660537
TCN1_c672f2b1,TCN1,loso_subject_S001,62,0.0005513375677649804,,0.016904980247080415,,0.00021955487075394156
TCN1_c672f2b1,TCN1,loso_subject_S001,63,0.0006500719796827774,,0.017905762444616505,,0.0002078173154799862
TCN1_c672f2b1,TCN1,loso_subject_S001,64,0.0005567773736739704,,0.016974168822487517,,0.00019660738110366478
TCN1_c672f2b1,TCN1,loso_subject_S001,65,0.0005725151597760859,,0.01685796618236665,,0.00018594235253127373
TCN1_c672f2b1,TCN1,loso_subject_S001,66,0.0005926903858623126,,0.017095987360502028,,0.00017583867446385477
TCN1_c672f2b1,TCN1,loso_subject_S001,67,0.0005372233225998986,,0.01642979487107411,,0.00016631192604065853
TCN1_c672f2b1,TCN1,loso_subject_S001,68,0.0005314480719825737,,0.01645366672360625,,0.00015737679681724137
TCN1_c672f2b1,TCN1,loso_subject_S001,69,0.00054173251889668,,0.01649942520199363,,0.0001490470641152345
TCN1_c672f2b1,TCN1,loso_subject_S001,70,0.0006593173889262226,,0.017764876156891745,,0.00014133557177871338
TCN1_c672f2b1,TCN1,loso_subject_S001,71,0.0005674062031984743,,0.016815176057260326,,0.00013425421036992097
TCN1_c672f2b1,TCN1,loso_subject_S001,72,0.0005829676642945545,,0.01667501467564013,,0.00012781389883488212
TCN1_c672f2b1,TCN1,loso_subject_S001,73,0.0005358147533131772,,0.016286003076099682,,0.0001220245676671809
TCN1_c672f2b1,TCN1,loso_subject_S001,74,0.0005429507940995612,,0.01647186722573502,,0.00011689514359585877
TCN1_c672f2b1,TCN1,loso_subject_S001,75,0.0005426892866973734,,0.016569385736280935,,0.00011243353582104555
TCN1_c672f2b1,TCN1,loso_subject_S001,76,0.0005071883384950681,,0.015946018063656666,,0.0001086466238185463
TCN1_c672f2b1,TCN1,loso_subject_S001,77,0.0005229082117638988,,0.01621012535407064,,0.00010554024673218805
TCN1_c672f2b1,TCN1,loso_subject_S001,78,0.0005058853702540119,,0.01592827260230883,,0.00010311919437028317
TCN1_c672f2b1,TCN1,loso_subject_S001,79,0.0005330896396886019,,0.01630376747882046,,0.00010138719982009242
TCN1_c672f2b1,TCN1,loso_subject_S001,80,0.0005423096636109965,,0.01625041271311633,,0.0001003469336916747
TCN1_c672f2b1,TCN1,loso_subject_S002,1,0.14960147885306577,,0.2746040410983155,,0.001
TCN1_c672f2b1,TCN1,loso_subject_S002,2,0.03134438055772115,,0.13143868029066216,,0.0009996530663083252
TCN1_c672f2b1,TCN1,loso_subject_S002,3,0.018538749561942333,,0.10104370998372227,,0.0009986128001799074
TCN1_c672f2b1,TCN1,loso_subject_S002,4,0.013018805088453407,,0.08416031975875946,,0.0009968808056297167
TCN1_c672f2b1,TCN1,loso_subject_S002,5,0.009384650464686844,,0.07178107712870527,,0.0009944597532678117
TCN1_c672f2b1,TCN1,loso_subject_S002,6,0.008164852034087601,,0.06563991021832595,,0.0009913533761814533
TCN1_c672f2b1,TCN1,loso_subject_S002,7,0.006704576019731722,,0.05958097921435568,,0.000987566464178954
TCN1_c672f2b1,TCN1,loso_subject_S002,8,0.005658539429979056,,0.05397971133259787,,0.0009831048564041408
TCN1_c672f2b1,TCN1,loso_subject_S002,9,0.00483335636588789,,0.050272958243468543,,0.0009779754323328187
TCN1_c672f2b1,TCN1,loso_subject_S002,10,0.0042896464974580654,,0.047877705052679076,,0.0009721861011651174
TCN1_c672f2b1,TCN1,loso_subject_S002,11,0.0036457838662904045,,0.0438384488332001,,0.0009657457896300785
TCN1_c672f2b1,TCN1,loso_subject_S002,12,0.0031656274280123706,,0.04067810510542844,,0.000958664428221286
TCN1_c672f2b1,TCN1,loso_subject_S002,13,0.002885008297959079,,0.038592172508882194,,0.000950952935884765
TCN1_c672f2b1,TCN1,loso_subject_S002,14,0.002800370880761268,,0.03786358558962106,,0.0009426232031827582
TCN1_c672f2b1,TCN1,loso_subject_S002,15,0.0025060951202884167,,0.036040070231525556,,0.0009336880739593409
TCN1_c672f2b1,TCN1,loso_subject_S002,16,0.0024655665911352052,,0.03555678894930069,,0.0009241613255361449
TCN1_c672f2b1,TCN1,loso_subject_S002,17,0.002216743680155421,,0.03301078513911044,,0.0009140576474687258
TCN1_c672f2b1,TCN1,loso_subject_S002,18,0.001896959909717361,,0.03125658818659461,,0.0009033926188963346
TCN1_c672f2b1,TCN1,loso_subject_S002,19,0.0018440937705885665,,0.030649776690626445,,0.0008921826845200134
TCN1_c672f2b1,TCN1,loso_subject_S002,20,0.001649952224591954,,0.02919288648517695,,0.000880445129246058
TCN1_c672f2b1,TCN1,loso_subject_S002,21,0.00166741373595059,,0.029024001472051444,,0.0008681980515339459
TCN1_c672f2b1,TCN1,loso_subject_S002,22,0.0015985617554644634,,0.02802195285276516,,0.0008554603354898234
TCN1_c672f2b1,TCN1,loso_subject_S002,23,0.0013914737253034094,,0.026803259777118678,,0.0008422516217485822
TCN1_c672f2b1,TCN1,loso_subject_S002,24,0.0014670248817185865,,0.027424429953997246,,0.0008285922771894248
TCN1_c672f2b1,TCN1,loso_subject_S002,25,0.0014924607105891326,,0.02667619846386664,,0.0008145033635316124
TCN1_c672f2b1,TCN1,loso_subject_S002,26,0.0012677211030976325,,0.024952119465139328,,0.0008000066048588205
TCN1_c672f2b1,TCN1,loso_subject_S002,27,0.0011740669353480625,,0.025014755458144817,,0.0007851243541221765
TCN1_c672f2b1,TCN1,loso_subject_S002,28,0.001222615018345178,,0.024904081868144228,,0.0007698795586736293
TCN1_c672f2b1,TCN1,loso_subject_S002,29,0.0010657335004625593,,0.023863602190443544,,0.0007542957248827956
TCN1_c672f2b1,TCN1,loso_subject_S002,30,0.0011634452390749113,,0.024396500407074143,,0.0007383968818918422
TCN1_c672f2b1,TCN1,loso_subject_S002,31,0.0010643526239195425,,0.023674709813364857,,0.00072220754456429
TCN1_c672f2b1,TCN1,loso_subject_S002,32,0.0009767795932719724,,0.02245540130659788,,0.0007057526756848715
TCN1_c672f2b1,TCN1,loso_subject_S002,33,0.0009196169447786282,,0.021886908191052087,,0.000689057647468726
TCN1_c672f2b1,TCN1,loso_subject_S002,34,0.000856801002112203,,0.020891749180470244,,0.000672148202439283
TCN1_c672f2b1,TCN1,loso_subject_S002,35,0.0008984032554294582,,0.021520353534254355,,0.0006550504137351571
TCN1_c672f2b1,TCN1,loso_subject_S002,36,0.0009278572991589891,,0.021409416413408214,,0.0006377906449072574
TCN1_c672f2b1,TCN1,loso_subject_S002,37,0.0009825928884995012,,0.02220425196045502,,0.0006203955092681036
TCN1_c672f2b1,TCN1,loso_subject_S002,38,0.0008215764202019674,,0.02025069234664243,,0.0006028918288560267
TCN1_c672f2b1,TCN1,loso_subject_S002,39,0.0006989371476649994,,0.01953135981098464,,0.00058530659307753
TCN1_c672f2b1,TCN1,loso_subject_S002,40,0.000724404795374641,,0.019298862891699246,,0.0005676669170915806
TCN1_c672f2b1,TCN1,loso_subject_S002,41,0.0007180517360595336,,0.019064934565735187,,0.0005499999999999997
TCN1_c672f2b1,TCN1,loso_subject_S002,42,0.0006896026256402991,,0.018399816774274897,,0.000532333082908419
TCN1_c672f2b1,TCN1,loso_subject_S002,43,0.0006760987487943462,,0.018590999992991856,,0.0005146934069224697
TCN1_c672f2b1,TCN1,loso_subject_S002,44,0.0005901832843795462,,0.017620799699153443,,0.000497108171143973
TCN1_c672f2b1,TCN1,loso_subject_S002,45,0.0006971693182304176,,0.018749249561298375,,0.00047960449073189616
TCN1_c672f2b1,TCN1,loso_subject_S002,46,0.0007666826540260707,,0.019389478866994398,,0.00046220935509274226
TCN1_c672f2b1,TCN1,loso_subject_S002,47,0.0005777732280221588,,0.01719786511630856,,0.00044494958626484254
TCN1_c672f2b1,TCN1,loso_subject_S002,48,0.0005870077339517628,,0.01721813114714739,,0.00042785179756071645
TCN1_c672f2b1,TCN1,loso_subject_S002,49,0.0006062341209862748,,0.01747530143728324,,0.0004109423525312737
TCN1_c672f2b1,TCN1,loso_subject_S002,50,0.0005571254570294236,,0.016695536101593845,,0.0003942473243151282
TCN1_c672f2b1,TCN1,loso_subject_S002,51,0.0005589142153704423,,0.01674741287297026,,0.0003777924554357096
TCN1_c672f2b1,TCN1,loso_subject_S002,52,0.0005498567760417158,,0.016469109680367695,,0.0003616031181081575
TCN1_c672f2b1,TCN1,loso_subject_S002,53,0.0005688091968394885,,0.016715181249021816,,0.000345704275117204
TCN1_c672f2b1,TCN1,loso_subject_S002,54,0.0005438613106505461,,0.016472122535383486,,0.00033012044132637024
TCN1_c672f2b1,TCN1,loso_subject_S002,55,0.0005284484832822373,,0.016775810873819234,,0.00031487564587782306
TCN1_c672f2b1,TCN1,loso_subject_S002,56,0.00048284294178425256,,0.015538509099866529,,0.00029999339514117897
TCN1_c672f2b1,TCN1,loso_subject_S002,57,0.000480136751162899,,0.015956371765518472,,0.0002854966364683872
TCN1_c672f2b1,TCN1,loso_subject_S002,58,0.0004382888184586383,,0.015018940331771246,,0.0002714077228105749
TCN1_c672f2b1,TCN1,loso_subject_S002,59,0.0004885239841061179,,0.01540972667948777,,0.00025774837825141746
TCN1_c672f2b1,TCN1,loso_subject_S002,60,0.0004673624507106597,,0.015273660610257912,,0.0002445396645101764
TCN1_c672f2b1,TCN1,loso_subject_S002,61,0.00042891565824380477,,0.014590543944145698,,0.0002318019484660537
TCN1_c672f2b1,TCN1,loso_subject_S002,62,0.00048043178083499906,,0.014942281084342254,,0.00021955487075394156
TCN1_c672f2b1,TCN1,loso_subject_S002,63,0.0004656962631307077,,0.015212795920819857,,0.0002078173154799862
TCN1_c672f2b1,TCN1,loso_subject_S002,64,0.00044814485521510586,,0.014960264191523739,,0.00019660738110366478
TCN1_c672f2b1,TCN1,loso_subject_S002,65,0.0004303336895176784,,0.01485324019972311,,0.00018594235253127373
TCN1_c672f2b1,TCN1,loso_subject_S002,66,0.00042520475071389094,,0.014795792569732468,,0.00017583867446385477
TCN1_c672f2b1,TCN1,loso_subject_S002,67,0.00042649988962560907,,0.01441260969629621,,0.00016631192604065853
TCN1_c672f2b1,TCN1,loso_subject_S002,68,0.0003754430810781236,,0.013794451245127893,,0.00015737679681724137
TCN1_c672f2b1,TCN1,loso_subject_S002,69,0.00041506382918584083,,0.01408802047778532,,0.0001490470641152345
TCN1_c672f2b1,TCN1,loso_subject_S002,70,0.0004096812211366087,,0.014322542135155054,,0.00014133557177871338
TCN1_c672f2b1,TCN1,loso_subject_S002,71,0.000414932351340014,,0.01420042612444084,,0.00013425421036992097
TCN1_c672f2b1,TCN1,loso_subject_S002,72,0.0003837633028154092,,0.013897811228779157,,0.00012781389883488212
TCN1_c672f2b1,TCN1,loso_subject_S002,73,0.0003673357477948924,,0.01355607154720544,,0.0001220245676671809
TCN1_c672f2b1,TCN1,loso_subject_S002,74,0.0003702547396298755,,0.013752589421493933,,0.00011689514359585877
TCN1_c672f2b1,TCN1,loso_subject_S002,75,0.0003625225209855362,,0.013741187721328194,,0.00011243353582104555
TCN1_c672f2b1,TCN1,loso_subject_S002,76,0.0003647929581130473,,0.01353625306087479,,0.0001086466238185463
TCN1_c672f2b1,TCN1,loso_subject_S002,77,0.0003744016527014987,,0.01376903814249462,,0.00010554024673218805
TCN1_c672f2b1,TCN1,loso_subject_S002,78,0.0004002289320045268,,0.013667322085253708,,0.00010311919437028317
TCN1_c672f2b1,TCN1,loso_subject_S002,79,0.00035844004925830557,,0.01334170312603309,,0.00010138719982009242
TCN1_c672f2b1,TCN1,loso_subject_S002,80,0.00035789727804524447,,0.013404111328934225,,0.0001003469336916747
TCN1_c672f2b1,TCN1,loso_subject_S003,1,0.1838714035026922,,0.2913233651731875,,0.001
TCN1_c672f2b1,TCN1,loso_subject_S003,2,0.03187295540296004,,0.13023533387813602,,0.0009996530663083252
TCN1_c672f2b1,TCN1,loso_subject_S003,3,0.019037312437848126,,0.10116116120073003,,0.0009986128001799074
TCN1_c672f2b1,TCN1,loso_subject_S003,4,0.012785190659686878,,0.08423424958104897,,0.0009968808056297167
TCN1_c672f2b1,TCN1,loso_subject_S003,5,0.009808955507520239,,0.0728212658668441,,0.0009944597532678117
TCN1_c672f2b1,TCN1,loso_subject_S003,6,0.007370559693184457,,0.06274618149576164,,0.0009913533761814533
TCN1_c672f2b1,TCN1,loso_subject_S003,7,0.0061066358068406655,,0.05688264289889945,,0.000987566464178954
TCN1_c672f2b1,TCN1,loso_subject_S003,8,0.004921982164206707,,0.05130613540906084,,0.0009831048564041408
TCN1_c672f2b1,TCN1,loso_subject_S003,9,0.004713917483989376,,0.04857620228847658,,0.0009779754323328187
TCN1_c672f2b1,TCN1,loso_subject_S003,10,0.003916495592830756,,0.04519478995588761,,0.0009721861011651174
TCN1_c672f2b1,TCN1,loso_subject_S003,11,0.0032802507861766058,,0.04096188374883156,,0.0009657457896300785
TCN1_c672f2b1,TCN1,loso_subject_S003,12,0.0033890038537565505,,0.04128672185928222,,0.000958664428221286
TCN1_c672f2b1,TCN1,loso_subject_S003,13,0.0026573538767581447,,0.03732538388086558,,0.000950952935884765
TCN1_c672f2b1,TCN1,loso_subject_S003,14,0.002777933253810672,,0.03682607179704095,,0.0009426232031827582
TCN1_c672f2b1,TCN1,loso_subject_S003,15,0.002205555718936668,,0.032867701664665794,,0.0009336880739593409
TCN1_c672f2b1,TCN1,loso_subject_S003,16,0.0020319957268155435,,0.03166996243265539,,0.0009241613255361449
TCN1_c672f2b1,TCN1,loso_subject_S003,17,0.0019320590128799908,,0.03133907841182818,,0.0009140576474687258
TCN1_c672f2b1,TCN1,loso_subject_S003,18,0.0017378095479462028,,0.029633816470846203,,0.0009033926188963346
TCN1_c672f2b1,TCN1,loso_subject_S003,19,0.0017948617681247901,,0.029556060593851435,,0.0008921826845200134
TCN1_c672f2b1,TCN1,loso_subject_S003,20,0.001613302707810779,,0.028762512938571377,,0.000880445129246058
TCN1_c672f2b1,TCN1,loso_subject_S003,21,0.0015639092640854719,,0.02836476136144922,,0.0008681980515339459
TCN1_c672f2b1,TCN1,loso_subject_S003,22,0.0014136978524729763,,0.02657520676378639,,0.0008554603354898234
TCN1_c672f2b1,TCN1,loso_subject_S003,23,0.00125232658622929,,0.02501757301259932,,0.0008422516217485822
TCN1_c672f2b1,TCN1,loso_subject_S003,24,0.001226369969405328,,0.024501297245674496,,0.0008285922771894248
TCN1_c672f2b1,TCN1,loso_subject_S003,25,0.0011598308848353544,,0.024095546832558545,,0.0008145033635316124
TCN1_c672f2b1,TCN1,loso_subject_S003,26,0.0010512980713602773,,0.022658731838920664,,0.0008000066048588205
TCN1_c672f2b1,TCN1,loso_subject_S003,27,0.0010365097862940604,,0.02224567857800549,,0.0007851243541221765
TCN1_c672f2b1,TCN1,loso_subject_S003,28,0.0009520155891134432,,0.021957801458453326,,0.0007698795586736293
TCN1_c672f2b1,TCN1,loso_subject_S003,29,0.0008731973372936482,,0.020806051899621182,,0.0007542957248827956
TCN1_c672f2b1,TCN1,loso_subject_S003,30,0.0010113896862556006,,0.021323722888810438,,0.0007383968818918422
TCN1_c672f2b1,TCN1,loso_subject_S003,31,0.0009406966954341126,,0.021338943791737966,,0.00072220754456429
TCN1_c672f2b1,TCN1,loso_subject_S003,32,0.0009562425509616149,,0.021456817575944268,,0.0007057526756848715
TCN1_c672f2b1,TCN1,loso_subject_S003,33,0.0008724179308195702,,0.02074780462802606,,0.000689057647468726
TCN1_c672f2b1,TCN1,loso_subject_S003,34,0.0008060177592007693,,0.019758344572340603,,0.000672148202439283
TCN1_c672f2b1,TCN1,loso_subject_S003,35,0.0008244804448249956,,0.019870058205057297,,0.0006550504137351571
TCN1_c672f2b1,TCN1,loso_subject_S003,36,0.0007559979285388307,,0.01929760615679875,,0.0006377906449072574
TCN1_c672f2b1,TCN1,loso_subject_S003,37,0.0007224306044566785,,0.01864867855700978,,0.0006203955092681036
TCN1_c672f2b1,TCN1,loso_subject_S003,38,0.0007464949177317614,,0.018936277313843917,,0.0006028918288560267
TCN1_c672f2b1,TCN1,loso_subject_S003,39,0.000670972120598118,,0.018300344995736646,,0.00058530659307753
TCN1_c672f2b1,TCN1,loso_subject_S003,40,0.0006653337792808896,,0.018307075748751147,,0.0005676669170915806
TCN1_c672f2b1,TCN1,loso_subject_S003,41,0.0006975830627903971,,0.01851391419431508,,0.0005499999999999997
TCN1_c672f2b1,TCN1,loso_subject_S003,42,0.0006735233761647502,,0.01789624659954208,,0.000532333082908419
TCN1_c672f2b1,TCN1,loso_subject_S003,43,0.0006143306470417146,,0.017060514165603877,,0.0005146934069224697
TCN1_c672f2b1,TCN1,loso_subject_S003,44,0.000631482640678914,,0.017612899367873247,,0.000497108171143973
TCN1_c672f2b1,TCN1,loso_subject_S003,45,0.0005637379632288767,,0.016990959358015933,,0.00047960449073189616
TCN1_c672f2b1,TCN1,loso_subject_S003,46,0.0005587585419836056,,0.016424179626174044,,0.00046220935509274226
TCN1_c672f2b1,TCN1,loso_subject_S003,47,0.0005479427981496333,,0.0162017106226207,,0.00044494958626484254
TCN1_c672f2b1,TCN1,loso_subject_S003,48,0.0005602098898009204,,0.01653093955243223,,0.00042785179756071645
TCN1_c672f2b1,TCN1,loso_subject_S003,49,0.0005195810975809483,,0.015561473558108408,,0.0004109423525312737
TCN1_c672f2b1,TCN1,loso_subject_S003,50,0.0004384746052294738,,0.01513066381719042,,0.0003942473243151282
TCN1_c672f2b1,TCN1,loso_subject_S003,51,0.00047991678581209296,,0.015119111546578539,,0.0003777924554357096
TCN1_c672f2b1,TCN1,loso_subject_S003,52,0.0004559427441633629,,0.014890183791217313,,0.0003616031181081575
TCN1_c672f2b1,TCN1,loso_subject_S003,53,0.0004918821824904286,,0.01519218130197742,,0.000345704275117204
TCN1_c672f2b1,TCN1,loso_subject_S003,54,0.00047396813427935105,,0.015219257239559962,,0.00033012044132637024
TCN1_c672f2b1,TCN1,loso_subject_S003,55,0.00044542034506427845,,0.014645737621118104,,0.00031487564587782306
TCN1_c672f2b1,TCN1,loso_subject_S003,56,0.000417360285664176,,0.014371912500351183,,0.00029999339514117897
TCN1_c672f2b1,TCN1,loso_subject_S003,57,0.0004186242376713811,,0.014041192859361838,,0.0002854966364683872
TCN1_c672f2b1,TCN1,loso_subject_S003,58,0.0004454249500656571,,0.014653302162140159,,0.0002714077228105749
TCN1_c672f2b1,TCN1,loso_subject_S003,59,0.0004578847937896958,,0.014593530220617868,,0.00025774837825141746
TCN1_c672f2b1,TCN1,loso_subject_S003,60,0.0004107324640914144,,0.013986505612937567,,0.0002445396645101764
TCN1_c672f2b1,TCN1,loso_subject_S003,61,0.00038861982535482164,,0.013720572137932341,,0.0002318019484660537
TCN1_c672f2b1,TCN1,loso_subject_S003,62,0.00042276209552870303,,0.014164969698941945,,0.00021955487075394156
TCN1_c672f2b1,TCN1,loso_subject_S003,63,0.0004505410183911875,,0.013976915918555585,,0.0002078173154799862
TCN1_c672f2b1,TCN1,loso_subject_S003,64,0.0003879207636448911,,0.013626037463613164,,0.00019660738110366478
TCN1_c672f2b1,TCN1,loso_subject_S003,65,0.00038032873230944196,,0.01342504364205384,,0.00018594235253127373
TCN1_c672f2b1,TCN1,loso_subject_S003,66,0.00036231154068460156,,0.013343789296436913,,0.00017583867446385477
TCN1_c672f2b1,TCN1,loso_subject_S003,67,0.00039368045382178374,,0.013292634346022205,,0.00016631192604065853
TCN1_c672f2b1,TCN1,loso_subject_S003,68,0.0003594917285487936,,0.013117948794011038,,0.00015737679681724137
TCN1_c672f2b1,TCN1,loso_subject_S003,69,0.0003968751640199398,,0.014065775741846033,,0.0001490470641152345
TCN1_c672f2b1,TCN1,loso_subject_S003,70,0.00034385887135677444,,0.01318707196474201,,0.00014133557177871338
TCN1_c672f2b1,TCN1,loso_subject_S003,71,0.00035628260538470946,,0.012833619843932647,,0.00013425421036992097
TCN1_c672f2b1,TCN1,loso_subject_S003,72,0.0003348217802453447,,0.012760034714605954,,0.00012781389883488212
TCN1_c672f2b1,TCN1,loso_subject_S003,73,0.00032306072905150505,,0.012702974294339807,,0.0001220245676671809
TCN1_c672f2b1,TCN1,loso_subject_S003,74,0.0003490029578995366,,0.012936584635190283,,0.00011689514359585877
TCN1_c672f2b1,TCN1,loso_subject_S003,75,0.00031789020649432536,,0.012656890205037458,,0.00011243353582104555
TCN1_c672f2b1,TCN1,loso_subject_S003,76,0.00033836203299479915,,0.01269515734974288,,0.0001086466238185463
TCN1_c672f2b1,TCN1,loso_subject_S003,77,0.0003759036926857761,,0.012668264584616949,,0.00010554024673218805
TCN1_c672f2b1,TCN1,loso_subject_S003,78,0.00034200671140191264,,0.012860920233062552,,0.00010311919437028317
TCN1_c672f2b1,TCN1,loso_subject_S003,79,0.00032474517280643163,,0.01238796345366366,,0.00010138719982009242
TCN1_c672f2b1,TCN1,loso_subject_S003,80,0.00034362943200231714,,0.012419654267507192,,0.0001003469336916747
TCN1_c672f2b1,TCN1,loso_subject_S004,1,0.1854813692223114,,0.30025295128381957,,0.001
TCN1_c672f2b1,TCN1,loso_subject_S004,2,0.0401217258730191,,0.14644409960611557,,0.0009996530663083252
TCN1_c672f2b1,TCN1,loso_subject_S004,3,0.022426713434347687,,0.11064168282745548,,0.0009986128001799074
TCN1_c672f2b1,TCN1,loso_subject_S004,4,0.015484530612568319,,0.09126385560025384,,0.0009968808056297167
TCN1_c672f2b1,TCN1,loso_subject_S004,5,0.011704954299484453,,0.08000571162239642,,0.0009944597532678117
TCN1_c672f2b1,TCN1,loso_subject_S004,6,0.00987239878417717,,0.07158242496964219,,0.0009913533761814533
TCN1_c672f2b1,TCN1,loso_subject_S004,7,0.008447536297443539,,0.06669064648610688,,0.000987566464178954
TCN1_c672f2b1,TCN1,loso_subject_S004,8,0.00737899845381352,,0.0619729097572412,,0.0009831048564041408
TCN1_c672f2b1,TCN1,loso_subject_S004,9,0.005586129782316886,,0.05445889650506719,,0.0009779754323328187
TCN1_c672f2b1,TCN1,loso_subject_S004,10,0.005049003034824718,,0.05176422775092751,,0.0009721861011651174
TCN1_c672f2b1,TCN1,loso_subject_S004,11,0.004730618081470846,,0.05003343605762953,,0.0009657457896300785
TCN1_c672f2b1,TCN1,loso_subject_S004,12,0.004400360762056979,,0.04788284054265222,,0.000958664428221286
TCN1_c672f2b1,TCN1,loso_subject_S004,13,0.0039301404494974995,,0.045256258383887846,,0.000950952935884765
TCN1_c672f2b1,TCN1,loso_subject_S004,14,0.003288253525763879,,0.041708274665698514,,0.0009426232031827582
TCN1_c672f2b1,TCN1,loso_subject_S004,15,0.002937897051917053,,0.03941115349058121,,0.0009336880739593409
TCN1_c672f2b1,TCN1,loso_subject_S004,16,0.0028319003385683847,,0.038286779903703265,,0.0009241613255361449
TCN1_c672f2b1,TCN1,loso_subject_S004,17,0.0028545898287577224,,0.038229668009784314,,0.0009140576474687258
TCN1_c672f2b1,TCN1,loso_subject_S004,18,0.0024508122148457242,,0.03623107753876828,,0.0009033926188963346
TCN1_c672f2b1,TCN1,loso_subject_S004,19,0.0024165310992349965,,0.03448483596998032,,0.0008921826845200134
TCN1_c672f2b1,TCN1,loso_subject_S004,20,0.002235314647652327,,0.03423257925551691,,0.000880445129246058
TCN1_c672f2b1,TCN1,loso_subject_S004,21,0.0023580051703219976,,0.03347966199119886,,0.0008681980515339459
TCN1_c672f2b1,TCN1,loso_subject_S004,22,0.0020688865564946314,,0.032723645796034415,,0.0008554603354898234
TCN1_c672f2b1,TCN1,loso_subject_S004,23,0.0019402291446999468,,0.03143965377328544,,0.0008422516217485822
TCN1_c672f2b1,TCN1,loso_subject_S004,24,0.0017746375848318775,,0.030787307330142455,,0.0008285922771894248
TCN1_c672f2b1,TCN1,loso_subject_S004,25,0.0018256120071282764,,0.030345435968424164,,0.0008145033635316124
TCN1_c672f2b1,TCN1,loso_subject_S004,26,0.001655836860699012,,0.029352235766651826,,0.0008000066048588205
TCN1_c672f2b1,TCN1,loso_subject_S004,27,0.0016436401341032522,,0.02896272274967912,,0.0007851243541221765
TCN1_c672f2b1,TCN1,loso_subject_S004,28,0.0016006340104065201,,0.02831663124607325,,0.0007698795586736293
TCN1_c672f2b1,TCN1,loso_subject_S004,29,0.0015325740124213188,,0.028124633776010544,,0.0007542957248827956
TCN1_c672f2b1,TCN1,loso_subject_S004,30,0.0014063990412852465,,0.027102425803052742,,0.0007383968818918422
TCN1_c672f2b1,TCN1,loso_subject_S004,31,0.0012501660181736254,,0.025305720892819492,,0.00072220754456429
TCN1_c672f2b1,TCN1,loso_subject_S004,32,0.001274940116777156,,0.02623690635094911,,0.0007057526756848715
TCN1_c672f2b1,TCN1,loso_subject_S004,33,0.001315422338657995,,0.025550053062248022,,0.000689057647468726
TCN1_c672f2b1,TCN1,loso_subject_S004,34,0.001248734961243677,,0.02527034211618904,,0.000672148202439283
TCN1_c672f2b1,TCN1,loso_subject_S004,35,0.001237704049648709,,0.025190535849995085,,0.0006550504137351571
TCN1_c672f2b1,TCN1,loso_subject_S004,36,0.0011155479892679795,,0.02417762912433557,,0.0006377906449072574
TCN1_c672f2b1,TCN1,loso_subject_S004,37,0.0010057676846596908,,0.02296778622471753,,0.0006203955092681036
TCN1_c672f2b1,TCN1,loso_subject_S004,38,0.0012119388669422824,,0.02449229933203213,,0.0006028918288560267
TCN1_c672f2b1,TCN1,loso_subject_S004,39,0.001055829365392354,,0.0234372698904847,,0.00058530659307753
TCN1_c672f2b1,TCN1,loso_subject_S004,40,0.00108291045836513,,0.023480202005517602,,0.0005676669170915806
TCN1_c672f2b1,TCN1,loso_subject_S004,41,0.0009561388571928073,,0.021753675980872408,,0.0005499999999999997
TCN1_c672f2b1,TCN1,loso_subject_S004,42,0.0009718270271191371,,0.022174025793569255,,0.000532333082908419
TCN1_c672f2b1,TCN1,loso_subject_S004,43,0.0008186857735645429,,0.02082094925295825,,0.0005146934069224697
TCN1_c672f2b1,TCN1,loso_subject_S004,44,0.0009522596944471577,,0.02143458157218724,,0.000497108171143973
TCN1_c672f2b1,TCN1,loso_subject_S004,45,0.0009992587979490537,,0.022374433579533476,,0.00047960449073189616
TCN1_c672f2b1,TCN1,loso_subject_S004,46,0.000878141132009674,,0.021138114321165184,,0.00046220935509274226
TCN1_c672f2b1,TCN1,loso_subject_S004,47,0.0008390757435338752,,0.02034477213932494,,0.00044494958626484254
TCN1_c672f2b1,TCN1,loso_subject_S004,48,0.0008062777650867781,,0.020661955910585658,,0.00042785179756071645
TCN1_c672f2b1,TCN1,loso_subject_S004,49,0.0008393665579615314,,0.020751959015850467,,0.0004109423525312737
TCN1_c672f2b1,TCN1,loso_subject_S004,50,0.0007760907038018204,,0.019703824678099946,,0.0003942473243151282
TCN1_c672f2b1,TCN1,loso_subject_S004,51,0.0007376678689095039,,0.01928202145656337,,0.0003777924554357096
TCN1_c672f2b1,TCN1,loso_subject_S004,52,0.0007294180435864295,,0.018630244060383213,,0.0003616031181081575
TCN1_c672f2b1,TCN1,loso_subject_S004,53,0.0006618062683352918,,0.0184622778972506,,0.000345704275117204
TCN1_c672f2b1,TCN1,loso_subject_S004,54,0.0006290825725144009,,0.017640233740834104,,0.00033012044132637024
TCN1_c672f2b1,TCN1,loso_subject_S004,55,0.0007084215307154009,,0.018967143456420685,,0.00031487564587782306
TCN1_c672f2b1,TCN1,loso_subject_S004,56,0.0006284162741235738,,0.018244788358673387,,0.00029999339514117897
TCN1_c672f2b1,TCN1,loso_subject_S004,57,0.0006299757551197581,,0.017600477408633863,,0.0002854966364683872
TCN1_c672f2b1,TCN1,loso_subject_S004,58,0.0006597195351650887,,0.018275912972046185,,0.0002714077228105749
TCN1_c672f2b1,TCN1,loso_subject_S004,59,0.0006271772554129481,,0.01789224814048405,,0.00025774837825141746
TCN1_c672f2b1,TCN1,loso_subject_S004,60,0.0005867616657566139,,0.01725774412574233,,0.0002445396645101764
TCN1_c672f2b1,TCN1,loso_subject_S004,61,0.0006216182303917292,,0.017193233130384147,,0.0002318019484660537
TCN1_c672f2b1,TCN1,loso_subject_S004,62,0.0005498889830748955,,0.01699154552443203,,0.00021955487075394156
TCN1_c672f2b1,TCN1,loso_subject_S004,63,0.0006286419035388428,,0.01756286947553894,,0.0002078173154799862
TCN1_c672f2b1,TCN1,loso_subject_S004,64,0.0005686149701671298,,0.01717343314794063,,0.00019660738110366478
TCN1_c672f2b1,TCN1,loso_subject_S004,65,0.0006214322382181044,,0.01721885928677188,,0.00018594235253127373
TCN1_c672f2b1,TCN1,loso_subject_S004,66,0.0005451022426921654,,0.016837816763921907,,0.00017583867446385477
TCN1_c672f2b1,TCN1,loso_subject_S004,67,0.000537074849088132,,0.01663974881612979,,0.00016631192604065853
TCN1_c672f2b1,TCN1,loso_subject_S004,68,0.0005159756845376666,,0.01627082841048853,,0.00015737679681724137
TCN1_c672f2b1,TCN1,loso_subject_S004,69,0.000540927900641439,,0.016260467437438635,,0.0001490470641152345
TCN1_c672f2b1,TCN1,loso_subject_S004,70,0.0004942009389779462,,0.016019754535095257,,0.00014133557177871338
TCN1_c672f2b1,TCN1,loso_subject_S004,71,0.0005486351130029635,,0.01595568698555403,,0.00013425421036992097
TCN1_c672f2b1,TCN1,loso_subject_S004,72,0.0004999776056518813,,0.01611230940884584,,0.00012781389883488212
TCN1_c672f2b1,TCN1,loso_subject_S004,73,0.0004829917269275748,,0.015585862179145668,,0.0001220245676671809
TCN1_c672f2b1,TCN1,loso_subject_S004,74,0.000505758887386987,,0.016015842226891636,,0.00011689514359585877
TCN1_c672f2b1,TCN1,loso_subject_S004,75,0.0004964742550623374,,0.015724276209419425,,0.00011243353582104555
TCN1_c672f2b1,TCN1,loso_subject_S004,76,0.0004865524379541885,,0.015610575520609536,,0.0001086466238185463
TCN1_c672f2b1,TCN1,loso_subject_S004,77,0.0004930365626093115,,0.01580233696020312,,0.00010554024673218805
TCN1_c672f2b1,TCN1,loso_subject_S004,78,0.0004932011042057683,,0.015581150864174356,,0.00010311919437028317
TCN1_c672f2b1,TCN1,loso_subject_S004,79,0.0005237008053974032,,0.01576781647782477,,0.00010138719982009242
TCN1_c672f2b1,TCN1,loso_subject_S004,80,0.00047838862847286837,,0.015485201078274894,,0.0001003469336916747
TCN1_c672f2b1,TCN1,loso_subject_S005,1,0.18485414010262474,,0.30537010024677497,,0.001
TCN1_c672f2b1,TCN1,loso_subject_S005,2,0.039365295733811416,,0.14798600729162814,,0.0009996530663083252
TCN1_c672f2b1,TCN1,loso_subject_S005,3,0.02302366785656494,,0.11331779021176676,,0.0009986128001799074
TCN1_c672f2b1,TCN1,loso_subject_S005,4,0.015683775076854135,,0.09268021156579,,0.0009968808056297167
TCN1_c672f2b1,TCN1,loso_subject_S005,5,0.011510386993170332,,0.08016492771865563,,0.0009944597532678117
TCN1_c672f2b1,TCN1,loso_subject_S005,6,0.009358169501710858,,0.07202154484332014,,0.0009913533761814533
TCN1_c672f2b1,TCN1,loso_subject_S005,7,0.007943897544255321,,0.06581610446730107,,0.000987566464178954
TCN1_c672f2b1,TCN1,loso_subject_S005,8,0.006573207418246843,,0.06042535293912485,,0.0009831048564041408
TCN1_c672f2b1,TCN1,loso_subject_S005,9,0.0057708858325967016,,0.055115053428542955,,0.0009779754323328187
TCN1_c672f2b1,TCN1,loso_subject_S005,10,0.0050643051625471015,,0.05191201157923131,,0.0009721861011651174
TCN1_c672f2b1,TCN1,loso_subject_S005,11,0.004136211664702775,,0.0468548737629793,,0.0009657457896300785
TCN1_c672f2b1,TCN1,loso_subject_S005,12,0.0036068360704741985,,0.044226549182549944,,0.000958664428221286
TCN1_c672f2b1,TCN1,loso_subject_S005,13,0.003575025123162728,,0.0433823489328626,,0.000950952935884765
TCN1_c672f2b1,TCN1,loso_subject_S005,14,0.0032091606508102737,,0.040810050621182564,,0.0009426232031827582
TCN1_c672f2b1,TCN1,loso_subject_S005,15,0.003268029705546476,,0.041396076570375716,,0.0009336880739593409
TCN1_c672f2b1,TCN1,loso_subject_S005,16,0.002750584030448794,,0.03786433382324815,,0.0009241613255361449
TCN1_c672f2b1,TCN1,loso_subject_S005,17,0.002568121856476658,,0.03664939662923701,,0.0009140576474687258
TCN1_c672f2b1,TCN1,loso_subject_S005,18,0.0022109028708431045,,0.03447640075309938,,0.0009033926188963346
TCN1_c672f2b1,TCN1,loso_subject_S005,19,0.00216149773484324,,0.03331567799816614,,0.0008921826845200134
TCN1_c672f2b1,TCN1,loso_subject_S005,20,0.0022214501665442908,,0.03303152131203318,,0.000880445129246058
TCN1_c672f2b1,TCN1,loso_subject_S005,21,0.001922865073452545,,0.03129931573755763,,0.0008681980515339459
TCN1_c672f2b1,TCN1,loso_subject_S005,22,0.0018393046004085267,,0.03109738211708821,,0.0008554603354898234
TCN1_c672f2b1,TCN1,loso_subject_S005,23,0.001998766026351399,,0.032401311242488524,,0.0008422516217485822
TCN1_c672f2b1,TCN1,loso_subject_S005,24,0.0015950068526548158,,0.029212268111355362,,0.0008285922771894248
TCN1_c672f2b1,TCN1,loso_subject_S005,25,0.0015934497184124812,,0.02920383134933579,,0.0008145033635316124
TCN1_c672f2b1,TCN1,loso_subject_S005,26,0.0016426526724059645,,0.028536239205430247,,0.0008000066048588205
TCN1_c672f2b1,TCN1,loso_subject_S005,27,0.0017148458049321984,,0.028675440543687664,,0.0007851243541221765
TCN1_c672f2b1,TCN1,loso_subject_S005,28,0.0014836661793524053,,0.027641608639601745,,0.0007698795586736293
TCN1_c672f2b1,TCN1,loso_subject_S005,29,0.0014081478825119524,,0.026425699181269368,,0.0007542957248827956
TCN1_c672f2b1,TCN1,loso_subject_S005,30,0.0012362223349993713,,0.02552101755470011,,0.0007383968818918422
TCN1_c672f2b1,TCN1,loso_subject_S005,31,0.0011506442266996544,,0.024143857532974666,,0.00072220754456429
TCN1_c672f2b1,TCN1,loso_subject_S005,32,0.0011757748287981235,,0.02431887125702983,,0.0007057526756848715
TCN1_c672f2b1,TCN1,loso_subject_S005,33,0.0011380389930896865,,0.023863751415838096,,0.000689057647468726
TCN1_c672f2b1,TCN1,loso_subject_S005,34,0.0012037934243042336,,0.02471971158087342,,0.000672148202439283
TCN1_c672f2b1,TCN1,loso_subject_S005,35,0.0010567813729778983,,0.023296160652698978,,0.0006550504137351571
TCN1_c672f2b1,TCN1,loso_subject_S005,36,0.0010716465089275213,,0.023400611842474703,,0.0006377906449072574
TCN1_c672f2b1,TCN1,loso_subject_S005,37,0.0010070673392239594,,0.022233300601852034,,0.0006203955092681036
TCN1_c672f2b1,TCN1,loso_subject_S005,38,0.0010826974158958617,,0.023287831132763788,,0.0006028918288560267
TCN1_c672f2b1,TCN1,loso_subject_S005,39,0.0009332505041863709,,0.022026789030339045,,0.00058530659307753
TCN1_c672f2b1,TCN1,loso_subject_S005,40,0.0011180972784957518,,0.0239706075383892,,0.0005676669170915806
TCN1_c672f2b1,TCN1,loso_subject_S005,41,0.0008954963350147804,,0.02115336837500484,,0.0005499999999999997
TCN1_c672f2b1,TCN1,loso_subject_S005,42,0.0008583902494393493,,0.020606931322716727,,0.000532333082908419
TCN1_c672f2b1,TCN1,loso_subject_S005,43,0.0007861427661439301,,0.01985173823470413,,0.0005146934069224697
TCN1_c672f2b1,TCN1,loso_subject_S005,44,0.0008163800583758193,,0.020602602506398254,,0.000497108171143973
TCN1_c672f2b1,TCN1,loso_subject_S005,45,0.0008376136304395924,,0.02027806093799778,,0.00047960449073189616
TCN1_c672f2b1,TCN1,loso_subject_S005,46,0.0007407471392873323,,0.0195382932024869,,0.00046220935509274226
TCN1_c672f2b1,TCN1,loso_subject_S005,47,0.0007227116494679483,,0.01893767896291943,,0.00044494958626484254
TCN1_c672f2b1,TCN1,loso_subject_S005,48,0.0007716527113703673,,0.019967621082996108,,0.00042785179756071645
TCN1_c672f2b1,TCN1,loso_subject_S005,49,0.0007124432988559814,,0.01868944296631559,,0.0004109423525312737
TCN1_c672f2b1,TCN1,loso_subject_S005,50,0.0007240349895512316,,0.019282487717233742,,0.0003942473243151282
TCN1_c672f2b1,TCN1,loso_subject_S005,51,0.000703475420697894,,0.018760278967882595,,0.0003777924554357096
TCN1_c672f2b1,TCN1,loso_subject_S005,52,0.0006246177094648287,,0.018072541062591728,,0.0003616031181081575
TCN1_c672f2b1,TCN1,loso_subject_S005,53,0.0005927637528397282,,0.017395517779715753,,0.000345704275117204
TCN1_c672f2b1,TCN1,loso_subject_S005,54,0.0006344259217223541,,0.018195167790215905,,0.00033012044132637024
TCN1_c672f2b1,TCN1,loso_subject_S005,55,0.0006188702235958383,,0.01787320704478522,,0.00031487564587782306
TCN1_c672f2b1,TCN1,loso_subject_S005,56,0.000615088495836181,,0.017411728715648327,,0.00029999339514117897
TCN1_c672f2b1,TCN1,loso_subject_S005,57,0.0006092734187973258,,0.01722614809190382,,0.0002854966364683872
TCN1_c672f2b1,TCN1,loso_subject_S005,58,0.0005600241295988634,,0.016857044972874734,,0.0002714077228105749
TCN1_c672f2b1,TCN1,loso_subject_S005,59,0.0005886472248306055,,0.01719923318039848,,0.00025774837825141746
TCN1_c672f2b1,TCN1,loso_subject_S005,60,0.0005924470694960677,,0.017515890781259345,,0.0002445396645101764
TCN1_c672f2b1,TCN1,loso_subject_S005,61,0.0005420967614501295,,0.016416069458680835,,0.0002318019484660537
TCN1_c672f2b1,TCN1,loso_subject_S005,62,0.0005961191988396332,,0.016570024794255313,,0.00021955487075394156
TCN1_c672f2b1,TCN1,loso_subject_S005,63,0.0005413692078129034,,0.016287594234028025,,0.0002078173154799862
TCN1_c672f2b1,TCN1,loso_subject_S005,64,0.0005237381929252684,,0.016127880372210846,,0.00019660738110366478
TCN1_c672f2b1,TCN1,loso_subject_S005,65,0.0005873627432446961,,0.01679509889700011,,0.00018594235253127373
TCN1_c672f2b1,TCN1,loso_subject_S005,66,0.0005141780809125883,,0.01602232752198322,,0.00017583867446385477
TCN1_c672f2b1,TCN1,loso_subject_S005,67,0.0005305841844487496,,0.016079172788570552,,0.00016631192604065853
TCN1_c672f2b1,TCN1,loso_subject_S005,68,0.0005186502953931654,,0.015893394790982993,,0.00015737679681724137
TCN1_c672f2b1,TCN1,loso_subject_S005,69,0.0004944842815734092,,0.015654011817553472,,0.0001490470641152345
TCN1_c672f2b1,TCN1,loso_subject_S005,70,0.0005197611978773045,,0.015620996666701636,,0.00014133557177871338
TCN1_c672f2b1,TCN1,loso_subject_S005,71,0.0005261712700365735,,0.01566633337480782,,0.00013425421036992097
TCN1_c672f2b1,TCN1,loso_subject_S005,72,0.0004756333637903087,,0.01557298573526437,,0.00012781389883488212
TCN1_c672f2b1,TCN1,loso_subject_S005,73,0.0005033430839979384,,0.015451740612392694,,0.0001220245676671809
TCN1_c672f2b1,TCN1,loso_subject_S005,74,0.0004745839069127482,,0.015184640845191645,,0.00011689514359585877
TCN1_c672f2b1,TCN1,loso_subject_S005,75,0.00047544294749705517,,0.015330379961620108,,0.00011243353582104555
TCN1_c672f2b1,TCN1,loso_subject_S005,76,0.00046621787274066386,,0.01528978153506585,,0.0001086466238185463
TCN1_c672f2b1,TCN1,loso_subject_S005,77,0.00044045351475909054,,0.015155197736654477,,0.00010554024673218805
TCN1_c672f2b1,TCN1,loso_subject_S005,78,0.0004911784461199389,,0.015542739043064722,,0.00010311919437028317
TCN1_c672f2b1,TCN1,loso_subject_S005,79,0.00048724449654752425,,0.015342019859777602,,0.00010138719982009242
TCN1_c672f2b1,TCN1,loso_subject_S005,80,0.0004574966966571453,,0.014924570462499957,,0.0001003469336916747
TCN1_c672f2b1,TCN1,loso_subject_S006,1,0.19263441436998632,,0.3126956506779319,,0.001
TCN1_c672f2b1,TCN1,loso_subject_S006,2,0.03954402245666397,,0.14663879863184703,,0.0009996530663083252
TCN1_c672f2b1,TCN1,loso_subject_S006,3,0.022312113444067246,,0.11094575097413575,,0.0009986128001799074
TCN1_c672f2b1,TCN1,loso_subject_S006,4,0.01544315649251916,,0.09166933500657638,,0.0009968808056297167
TCN1_c672f2b1,TCN1,loso_subject_S006,5,0.011098315998980056,,0.07705243963330506,,0.0009944597532678117
TCN1_c672f2b1,TCN1,loso_subject_S006,6,0.008505596618383305,,0.0671698369716616,,0.0009913533761814533
TCN1_c672f2b1,TCN1,loso_subject_S006,7,0.007315716906546592,,0.06181930603131277,,0.000987566464178954
TCN1_c672f2b1,TCN1,loso_subject_S006,8,0.006847930554240874,,0.058999196743460484,,0.0009831048564041408
TCN1_c672f2b1,TCN1,loso_subject_S006,9,0.0051838180574522415,,0.051276592337430475,,0.0009779754323328187
TCN1_c672f2b1,TCN1,loso_subject_S006,10,0.004878737327580935,,0.05018163280608452,,0.0009721861011651174
TCN1_c672f2b1,TCN1,loso_subject_S006,11,0.00425775195269481,,0.047331473996832935,,0.0009657457896300785
TCN1_c672f2b1,TCN1,loso_subject_S006,12,0.0039558046187318915,,0.04485111789313279,,0.000958664428221286
TCN1_c672f2b1,TCN1,loso_subject_S006,13,0.0034463602657380855,,0.042567760297853835,,0.000950952935884765
TCN1_c672f2b1,TCN1,loso_subject_S006,14,0.0033565239471466508,,0.041276864204513125,,0.0009426232031827582
TCN1_c672f2b1,TCN1,loso_subject_S006,15,0.00329217750225344,,0.04100237159352554,,0.0009336880739593409
TCN1_c672f2b1,TCN1,loso_subject_S006,16,0.0029351499381323836,,0.03927622582908353,,0.0009241613255361449
TCN1_c672f2b1,TCN1,loso_subject_S006,17,0.00276238102576689,,0.037271008526296855,,0.0009140576474687258
TCN1_c672f2b1,TCN1,loso_subject_S006,18,0.002312621218951534,,0.034568510906988204,,0.0009033926188963346
TCN1_c672f2b1,TCN1,loso_subject_S006,19,0.002284192441785772,,0.03378461062635382,,0.0008921826845200134
TCN1_c672f2b1,TCN1,loso_subject_S006,20,0.0020548797255697357,,0.032664072932142685,,0.000880445129246058
TCN1_c672f2b1,TCN1,loso_subject_S006,21,0.0018745013976201109,,0.030551192595770483,,0.0008681980515339459
TCN1_c672f2b1,TCN1,loso_subject_S006,22,0.0017792323984640482,,0.030199652409833137,,0.0008554603354898234
TCN1_c672f2b1,TCN1,loso_subject_S006,23,0.0016288195525720136,,0.029204478696227346,,0.0008422516217485822
TCN1_c672f2b1,TCN1,loso_subject_S006,24,0.0017163790517339581,,0.02948251520912216,,0.0008285922771894248
TCN1_c672f2b1,TCN1,loso_subject_S006,25,0.0015368244655481465,,0.02811352488343994,,0.0008145033635316124
TCN1_c672f2b1,TCN1,loso_subject_S006,26,0.0014913731821529243,,0.027023461039947426,,0.0008000066048588205
TCN1_c672f2b1,TCN1,loso_subject_S006,27,0.0015995476983095471,,0.028443226765508783,,0.0007851243541221765
TCN1_c672f2b1,TCN1,loso_subject_S006,28,0.0013458333950536645,,0.026166234131331303,,0.0007698795586736293
TCN1_c672f2b1,TCN1,loso_subject_S006,29,0.0014230832044627663,,0.026716242013690945,,0.0007542957248827956
TCN1_c672f2b1,TCN1,loso_subject_S006,30,0.0012747305280207157,,0.025234225041976782,,0.0007383968818918422
TCN1_c672f2b1,TCN1,loso_subject_S006,31,0.0012453017368469412,,0.024695725843003467,,0.00072220754456429
TCN1_c672f2b1,TCN1,loso_subject_S006,32,0.0012457367454738583,,0.02533186477709144,,0.0007057526756848715
TCN1_c672f2b1,TCN1,loso_subject_S006,33,0.0012204855999076052,,0.02462214523888016,,0.000689057647468726
TCN1_c672f2b1,TCN1,loso_subject_S006,34,0.0011612902516904085,,0.02399545568691511,,0.000672148202439283
TCN1_c672f2b1,TCN1,loso_subject_S006,35,0.0010784661234303184,,0.02331921794969648,,0.0006550504137351571
TCN1_c672f2b1,TCN1,loso_subject_S006,36,0.0009520168906904637,,0.02205074699148024,,0.0006377906449072574
TCN1_c672f2b1,TCN1,loso_subject_S006,37,0.0009835169187616941,,0.022204195769414202,,0.0006203955092681036
TCN1_c672f2b1,TCN1,loso_subject_S006,38,0.0009236502911612067,,0.02144265845758964,,0.0006028918288560267
TCN1_c672f2b1,TCN1,loso_subject_S006,39,0.000935790060009185,,0.021636603975527892,,0.00058530659307753
TCN1_c672f2b1,TCN1,loso_subject_S006,40,0.0009519903589193486,,0.02176706605000545,,0.0005676669170915806
TCN1_c672f2b1,TCN1,loso_subject_S006,41,0.0008301038056072828,,0.02108477296849001,,0.0005499999999999997
TCN1_c672f2b1,TCN1,loso_subject_S006,42,0.0007779437725462053,,0.020036879381339665,,0.000532333082908419
TCN1_c672f2b1,TCN1,loso_subject_S006,43,0.0008205082632486177,,0.020145525567625697,,0.0005146934069224697
TCN1_c672f2b1,TCN1,loso_subject_S006,44,0.0007625500745090999,,0.019569142595854176,,0.000497108171143973
TCN1_c672f2b1,TCN1,loso_subject_S006,45,0.0007807781594300332,,0.019570457546607307,,0.00047960449073189616
TCN1_c672f2b1,TCN1,loso_subject_S006,46,0.0007744783227112426,,0.01948921338525053,,0.00046220935509274226
TCN1_c672f2b1,TCN1,loso_subject_S006,47,0.0007823704675562442,,0.01965590456854424,,0.00044494958626484254
TCN1_c672f2b1,TCN1,loso_subject_S006,48,0.0007092501709474255,,0.018442039371593867,,0.00042785179756071645
TCN1_c672f2b1,TCN1,loso_subject_S006,49,0.0006257606091114183,,0.017923455335864757,,0.0004109423525312737
TCN1_c672f2b1,TCN1,loso_subject_S006,50,0.0007430508312421853,,0.0189766916584914,,0.0003942473243151282
TCN1_c672f2b1,TCN1,loso_subject_S006,51,0.000665571173499562,,0.01844381076418017,,0.0003777924554357096
TCN1_c672f2b1,TCN1,loso_subject_S006,52,0.0005747453675624538,,0.017248106221039727,,0.0003616031181081575
TCN1_c672f2b1,TCN1,loso_subject_S006,53,0.0006199698681832298,,0.017754154983115143,,0.000345704275117204
TCN1_c672f2b1,TCN1,loso_subject_S006,54,0.0005578478268540552,,0.01700243612781201,,0.00033012044132637024
TCN1_c672f2b1,TCN1,loso_subject_S006,55,0.0005457302203398727,,0.016623959192490413,,0.00031487564587782306
TCN1_c672f2b1,TCN1,loso_subject_S006,56,0.0005638099623709764,,0.016504823867427677,,0.00029999339514117897
TCN1_c672f2b1,TCN1,loso_subject_S006,57,0.0005965413167663516,,0.016899447001567966,,0.0002854966364683872
TCN1_c672f2b1,TCN1,loso_subject_S006,58,0.0005055431104600813,,0.01572151944356666,,0.0002714077228105749
TCN1_c672f2b1,TCN1,loso_subject_S006,59,0.0005335894979918013,,0.01571293827359409,,0.00025774837825141746
TCN1_c672f2b1,TCN1,loso_subject_S006,60,0.00046619773983318165,,0.01541904894127862,,0.0002445396645101764
TCN1_c672f2b1,TCN1,loso_subject_S006,61,0.0004580315668402278,,0.015388674023870199,,0.0002318019484660537
TCN1_c672f2b1,TCN1,loso_subject_S006,62,0.0004576718481577234,,0.015126969780372264,,0.00021955487075394156
TCN1_c672f2b1,TCN1,loso_subject_S006,63,0.00046351743568730214,,0.015046736538768224,,0.0002078173154799862
TCN1_c672f2b1,TCN1,loso_subject_S006,64,0.0004778206815945253,,0.015313474621274243,,0.00019660738110366478
TCN1_c672f2b1,TCN1,loso_subject_S006,65,0.00046090213278227526,,0.015211880675919814,,0.00018594235253127373
TCN1_c672f2b1,TCN1,loso_subject_S006,66,0.0005049695836505864,,0.01552919069522442,,0.00017583867446385477
TCN1_c672f2b1,TCN1,loso_subject_S006,67,0.00048291681585321946,,0.015065478962298389,,0.00016631192604065853
TCN1_c672f2b1,TCN1,loso_subject_S006,68,0.00046442051962107523,,0.01492833337603772,,0.00015737679681724137
TCN1_c672f2b1,TCN1,loso_subject_S006,69,0.000483697614815295,,0.015216566210940856,,0.0001490470641152345
TCN1_c672f2b1,TCN1,loso_subject_S006,70,0.00047809676039703956,,0.01508137440944018,,0.00014133557177871338
TCN1_c672f2b1,TCN1,loso_subject_S006,71,0.0004512955557429221,,0.014603359334903941,,0.00013425421036992097
TCN1_c672f2b1,TCN1,loso_subject_S006,72,0.0004568427710024559,,0.014728909690845204,,0.00012781389883488212
TCN1_c672f2b1,TCN1,loso_subject_S006,73,0.0004032482891247631,,0.014327260531331636,,0.0001220245676671809
TCN1_c672f2b1,TCN1,loso_subject_S006,74,0.00039242464477341255,,0.014083906805709652,,0.00011689514359585877
TCN1_c672f2b1,TCN1,loso_subject_S006,75,0.00039445742638675107,,0.014163537941941272,,0.00011243353582104555
TCN1_c672f2b1,TCN1,loso_subject_S006,76,0.00041173228926613534,,0.014040275246706244,,0.0001086466238185463
TCN1_c672f2b1,TCN1,loso_subject_S006,77,0.0003914405851922205,,0.014111279761440013,,0.00010554024673218805
TCN1_c672f2b1,TCN1,loso_subject_S006,78,0.00042286092271331434,,0.014299071638991958,,0.00010311919437028317
TCN1_c672f2b1,TCN1,loso_subject_S006,79,0.000389754541686606,,0.013808746849883612,,0.00010138719982009242
TCN1_c672f2b1,TCN1,loso_subject_S006,80,0.0004191998880781719,,0.013904152582964308,,0.0001003469336916747
TCN1_c672f2b1,TCN1,loso_subject_S007,1,0.2268333079921535,,0.3295655888284057,,0.001
TCN1_c672f2b1,TCN1,loso_subject_S007,2,0.04013250260846007,,0.15137092152124276,,0.0009996530663083252
TCN1_c672f2b1,TCN1,loso_subject_S007,3,0.024674484403558142,,0.11718883248717904,,0.0009986128001799074
TCN1_c672f2b1,TCN1,loso_subject_S007,4,0.015682235702631935,,0.09355615917975602,,0.0009968808056297167
TCN1_c672f2b1,TCN1,loso_subject_S007,5,0.012122814891493914,,0.08096567108091021,,0.0009944597532678117
TCN1_c672f2b1,TCN1,loso_subject_S007,6,0.009309895201709089,,0.07110683212269786,,0.0009913533761814533
TCN1_c672f2b1,TCN1,loso_subject_S007,7,0.007260330628789415,,0.06322281185177064,,0.000987566464178954
TCN1_c672f2b1,TCN1,loso_subject_S007,8,0.006135680903393852,,0.057604020222191236,,0.0009831048564041408
TCN1_c672f2b1,TCN1,loso_subject_S007,9,0.005077267900284085,,0.05298695871688404,,0.0009779754323328187
TCN1_c672f2b1,TCN1,loso_subject_S007,10,0.0046718564832206174,,0.04954079432396595,,0.0009721861011651174
TCN1_c672f2b1,TCN1,loso_subject_S007,11,0.004185765672371316,,0.047350298827432115,,0.0009657457896300785
TCN1_c672f2b1,TCN1,loso_subject_S007,12,0.0039062375281978387,,0.04541254735543581,,0.000958664428221286
TCN1_c672f2b1,TCN1,loso_subject_S007,13,0.003455454634387822,,0.043234743606135294,,0.000950952935884765
TCN1_c672f2b1,TCN1,loso_subject_S007,14,0.0033892315252522917,,0.04189716608774278,,0.0009426232031827582
TCN1_c672f2b1,TCN1,loso_subject_S007,15,0.0029077651062461374,,0.039968511499355264,,0.0009336880739593409
TCN1_c672f2b1,TCN1,loso_subject_S007,16,0.002653053726405561,,0.03756123503282273,,0.0009241613255361449
TCN1_c672f2b1,TCN1,loso_subject_S007,17,0.0026489695839999007,,0.03728723165925996,,0.0009140576474687258
TCN1_c672f2b1,TCN1,loso_subject_S007,18,0.002164289770139889,,0.03402606923559195,,0.0009033926188963346
TCN1_c672f2b1,TCN1,loso_subject_S007,19,0.002068645630681838,,0.03279194545077264,,0.0008921826845200134
TCN1_c672f2b1,TCN1,loso_subject_S007,20,0.0019429752662575796,,0.03249479525468566,,0.000880445129246058
TCN1_c672f2b1,TCN1,loso_subject_S007,21,0.001835088899954498,,0.03100738571273966,,0.0008681980515339459
TCN1_c672f2b1,TCN1,loso_subject_S007,22,0.0016198860538394198,,0.02911793407915799,,0.0008554603354898234
TCN1_c672f2b1,TCN1,loso_subject_S007,23,0.0017125285752909668,,0.02994886677045801,,0.0008422516217485822
TCN1_c672f2b1,TCN1,loso_subject_S007,24,0.001505023055393085,,0.027603919148619923,,0.0008285922771894248
TCN1_c672f2b1,TCN1,loso_subject_S007,25,0.0015409487552252596,,0.027841435113916298,,0.0008145033635316124
TCN1_c672f2b1,TCN1,loso_subject_S007,26,0.0014435526984880331,,0.02737846452294906,,0.0008000066048588205
TCN1_c672f2b1,TCN1,loso_subject_S007,27,0.001275170965890381,,0.026089554767280032,,0.0007851243541221765
TCN1_c672f2b1,TCN1,loso_subject_S007,28,0.001300949694129947,,0.025890583339586985,,0.0007698795586736293
TCN1_c672f2b1,TCN1,loso_subject_S007,29,0.0011885508712616004,,0.0246980442515304,,0.0007542957248827956
TCN1_c672f2b1,TCN1,loso_subject_S007,30,0.001161538630920596,,0.024509754428459752,,0.0007383968818918422
TCN1_c672f2b1,TCN1,loso_subject_S007,31,0.0011265421005258135,,0.02411402970814635,,0.00072220754456429
TCN1_c672f2b1,TCN1,loso_subject_S007,32,0.0011371601589400967,,0.024619949613411057,,0.0007057526756848715
TCN1_c672f2b1,TCN1,loso_subject_S007,33,0.001058690565094745,,0.023477832577532685,,0.000689057647468726
TCN1_c672f2b1,TCN1,loso_subject_S007,34,0.0008913898823476912,,0.02188666701054643,,0.000672148202439283
TCN1_c672f2b1,TCN1,loso_subject_S007,35,0.0009581391482827011,,0.02217788907789415,,0.0006550504137351571
TCN1_c672f2b1,TCN1,loso_subject_S007,36,0.0009669759247965477,,0.022392867718580182,,0.0006377906449072574
TCN1_c672f2b1,TCN1,loso_subject_S007,37,0.0009588803518003623,,0.022318879519302476,,0.0006203955092681036
TCN1_c672f2b1,TCN1,loso_subject_S007,38,0.0007897385471169987,,0.020177943811170166,,0.0006028918288560267
TCN1_c672f2b1,TCN1,loso_subject_S007,39,0.0009145467909451716,,0.02108668214327429,,0.00058530659307753
TCN1_c672f2b1,TCN1,loso_subject_S007,40,0.0008607776718804083,,0.02095277292593833,,0.0005676669170915806
TCN1_c672f2b1,TCN1,loso_subject_S007,41,0.00084740612099406,,0.020820087355034444,,0.0005499999999999997
TCN1_c672f2b1,TCN1,loso_subject_S007,42,0.0007779709778349202,,0.019994910934235343,,0.000532333082908419
TCN1_c672f2b1,TCN1,loso_subject_S007,43,0.0007349911918098932,,0.01950226718467002,,0.0005146934069224697
TCN1_c672f2b1,TCN1,loso_subject_S007,44,0.0006788156550074449,,0.018989162305451907,,0.000497108171143973
TCN1_c672f2b1,TCN1,loso_subject_S007,45,0.0007099523605052327,,0.019216000544360654,,0.00047960449073189616
TCN1_c672f2b1,TCN1,loso_subject_S007,46,0.0006601381041191496,,0.018520305035881632,,0.00046220935509274226
TCN1_c672f2b1,TCN1,loso_subject_S007,47,0.0006641463509725293,,0.01838798741004334,,0.00044494958626484254
TCN1_c672f2b1,TCN1,loso_subject_S007,48,0.0006708095915672913,,0.018222881498530814,,0.00042785179756071645
TCN1_c672f2b1,TCN1,loso_subject_S007,49,0.000642451718709052,,0.017775686888182617,,0.0004109423525312737
TCN1_c672f2b1,TCN1,loso_subject_S007,50,0.0005850549524836379,,0.017422702969147486,,0.0003942473243151282
TCN1_c672f2b1,TCN1,loso_subject_S007,51,0.0005990151848843392,,0.017455517912496568,,0.0003777924554357096
TCN1_c672f2b1,TCN1,loso_subject_S007,52,0.0005695369026672827,,0.017025731914728618,,0.0003616031181081575
TCN1_c672f2b1,TCN1,loso_subject_S007,53,0.0006169477662022425,,0.017694260570004887,,0.000345704275117204
TCN1_c672f2b1,TCN1,loso_subject_S007,54,0.0006157024232315615,,0.017109087371756253,,0.00033012044132637024
TCN1_c672f2b1,TCN1,loso_subject_S007,55,0.0005233271883205235,,0.01634997437077184,,0.00031487564587782306
TCN1_c672f2b1,TCN1,loso_subject_S007,56,0.0005194944822873997,,0.016322818061997812,,0.00029999339514117897
TCN1_c672f2b1,TCN1,loso_subject_S007,57,0.0004971201350223519,,0.01579627442088994,,0.0002854966364683872
TCN1_c672f2b1,TCN1,loso_subject_S007,58,0.0005155794087953079,,0.015975149310142062,,0.0002714077228105749
TCN1_c672f2b1,TCN1,loso_subject_S007,59,0.0004929230349750157,,0.015678156963672456,,0.00025774837825141746
TCN1_c672f2b1,TCN1,loso_subject_S007,60,0.0004713212453816195,,0.015687556783299993,,0.0002445396645101764
TCN1_c672f2b1,TCN1,loso_subject_S007,61,0.0004804414844132217,,0.015563803099510956,,0.0002318019484660537
TCN1_c672f2b1,TCN1,loso_subject_S007,62,0.00047100218522630065,,0.015670401339154264,,0.00021955487075394156
TCN1_c672f2b1,TCN1,loso_subject_S007,63,0.0005132134591230626,,0.015852658498125515,,0.0002078173154799862
TCN1_c672f2b1,TCN1,loso_subject_S007,64,0.00046843727323420543,,0.015280803118196051,,0.00019660738110366478
TCN1_c672f2b1,TCN1,loso_subject_S007,65,0.00040170949054342526,,0.014526505197488493,,0.00018594235253127373
TCN1_c672f2b1,TCN1,loso_subject_S007,66,0.0004781154887184031,,0.015108112087391339,,0.00017583867446385477
TCN1_c672f2b1,TCN1,loso_subject_S007,67,0.00043452398763946324,,0.014830376420312088,,0.00016631192604065853
TCN1_c672f2b1,TCN1,loso_subject_S007,68,0.00046102157933910614,,0.01493641536824864,,0.00015737679681724137
TCN1_c672f2b1,TCN1,loso_subject_S007,69,0.0004265188010439517,,0.014799373058869867,,0.0001490470641152345
TCN1_c672f2b1,TCN1,loso_subject_S007,70,0.00041712235571964045,,0.014502332625020285,,0.00014133557177871338
TCN1_c672f2b1,TCN1,loso_subject_S007,71,0.0004318033306807542,,0.014580106395474277,,0.00013425421036992097
TCN1_c672f2b1,TCN1,loso_subject_S007,72,0.00042329992101421235,,0.014340473772668418,,0.00012781389883488212
TCN1_c672f2b1,TCN1,loso_subject_S007,73,0.00040911234248855596,,0.014314228439392233,,0.0001220245676671809
TCN1_c672f2b1,TCN1,loso_subject_S007,74,0.0004250081567212535,,0.01461007817159475,,0.00011689514359585877
TCN1_c672f2b1,TCN1,loso_subject_S007,75,0.000423747538763052,,0.014249241083336016,,0.00011243353582104555
TCN1_c672f2b1,TCN1,loso_subject_S007,76,0.00043112786488110457,,0.014449249597981878,,0.0001086466238185463
TCN1_c672f2b1,TCN1,loso_subject_S007,77,0.00043182202029011903,,0.014319880030874458,,0.00010554024673218805
TCN1_c672f2b1,TCN1,loso_subject_S007,78,0.000418262908244922,,0.014146835792842498,,0.00010311919437028317
TCN1_c672f2b1,TCN1,loso_subject_S007,79,0.00040849084255614667,,0.01408309213751572,,0.00010138719982009242
TCN1_c672f2b1,TCN1,loso_subject_S007,80,0.00038436352537502466,,0.014142228316111474,,0.0001003469336916747
TCN1_c672f2b1,TCN1,loso_subject_S008,1,0.23318100565948835,,0.3309480930070396,,0.001
TCN1_c672f2b1,TCN1,loso_subject_S008,2,0.042063449089852586,,0.1530694338194716,,0.0009996530663083252
TCN1_c672f2b1,TCN1,loso_subject_S008,3,0.02695998996373342,,0.12241598941516083,,0.0009986128001799074
TCN1_c672f2b1,TCN1,loso_subject_S008,4,0.016964049408907257,,0.09761454330787708,,0.0009968808056297167
TCN1_c672f2b1,TCN1,loso_subject_S008,5,0.013141068551664815,,0.08493600059263269,,0.0009944597532678117
TCN1_c672f2b1,TCN1,loso_subject_S008,6,0.010434726896023542,,0.0748472354616003,,0.0009913533761814533
TCN1_c672f2b1,TCN1,loso_subject_S008,7,0.008854404848751619,,0.06963170675338083,,0.000987566464178954
TCN1_c672f2b1,TCN1,loso_subject_S008,8,0.007483732232256147,,0.06282630077330062,,0.0009831048564041408
TCN1_c672f2b1,TCN1,loso_subject_S008,9,0.006164764150002812,,0.05585136366481934,,0.0009779754323328187
TCN1_c672f2b1,TCN1,loso_subject_S008,10,0.005147092510682483,,0.052305882885851286,,0.0009721861011651174
TCN1_c672f2b1,TCN1,loso_subject_S008,11,0.0047566453985825015,,0.049768682335299616,,0.0009657457896300785
TCN1_c672f2b1,TCN1,loso_subject_S008,12,0.0043390579279944845,,0.0474112078853022,,0.000958664428221286
TCN1_c672f2b1,TCN1,loso_subject_S008,13,0.004040373008509129,,0.045362632548591963,,0.000950952935884765
TCN1_c672f2b1,TCN1,loso_subject_S008,14,0.0034712700516194885,,0.04163846401975802,,0.0009426232031827582
TCN1_c672f2b1,TCN1,loso_subject_S008,15,0.0030304852147018555,,0.038789126069605745,,0.0009336880739593409
TCN1_c672f2b1,TCN1,loso_subject_S008,16,0.002959135287487519,,0.03859654506858078,,0.0009241613255361449
TCN1_c672f2b1,TCN1,loso_subject_S008,17,0.003087769563730239,,0.03836143194800091,,0.0009140576474687258
TCN1_c672f2b1,TCN1,loso_subject_S008,18,0.0023388046561493288,,0.03443654235810306,,0.0009033926188963346
TCN1_c672f2b1,TCN1,loso_subject_S008,19,0.0022560190199426974,,0.0334451212615826,,0.0008921826845200134
TCN1_c672f2b1,TCN1,loso_subject_S008,20,0.002171758173718933,,0.03224542835507791,,0.000880445129246058
TCN1_c672f2b1,TCN1,loso_subject_S008,21,0.002150359341115131,,0.03240366166301022,,0.0008681980515339459
TCN1_c672f2b1,TCN1,loso_subject_S008,22,0.001957373078223419,,0.030671693494686056,,0.0008554603354898234
TCN1_c672f2b1,TCN1,loso_subject_S008,23,0.0018618573628420478,,0.02993199169627226,,0.0008422516217485822
TCN1_c672f2b1,TCN1,loso_subject_S008,24,0.0016869691836448445,,0.028552072008915196,,0.0008285922771894248
TCN1_c672f2b1,TCN1,loso_subject_S008,25,0.00157242132027497,,0.027495575569311526,,0.0008145033635316124
TCN1_c672f2b1,TCN1,loso_subject_S008,26,0.0015354378820696896,,0.027012631196687856,,0.0008000066048588205
TCN1_c672f2b1,TCN1,loso_subject_S008,27,0.0016373205886393088,,0.027642042540891962,,0.0007851243541221765
TCN1_c672f2b1,TCN1,loso_subject_S008,28,0.0017174834189608004,,0.028393253023811765,,0.0007698795586736293
TCN1_c672f2b1,TCN1,loso_subject_S008,29,0.0013612020328732548,,0.025718346060792388,,0.0007542957248827956
TCN1_c672f2b1,TCN1,loso_subject_S008,30,0.0013455647130652777,,0.025193516738180755,,0.0007383968818918422
TCN1_c672f2b1,TCN1,loso_subject_S008,31,0.00143130969003501,,0.026494357596034815,,0.00072220754456429
TCN1_c672f2b1,TCN1,loso_subject_S008,32,0.0014006419154458285,,0.025376120751554317,,0.0007057526756848715
TCN1_c672f2b1,TCN1,loso_subject_S008,33,0.0012169869082359155,,0.024357835577113397,,0.000689057647468726
TCN1_c672f2b1,TCN1,loso_subject_S008,34,0.0010879407216163668,,0.023047025003242124,,0.000672148202439283
TCN1_c672f2b1,TCN1,loso_subject_S008,35,0.001148145876650984,,0.02316911346197624,,0.0006550504137351571
TCN1_c672f2b1,TCN1,loso_subject_S008,36,0.0010730805434900888,,0.02271021546537961,,0.0006377906449072574
TCN1_c672f2b1,TCN1,loso_subject_S008,37,0.0010049611968430336,,0.022138852368081954,,0.0006203955092681036
TCN1_c672f2b1,TCN1,loso_subject_S008,38,0.0009872517137191838,,0.021970338938885444,,0.0006028918288560267
TCN1_c672f2b1,TCN1,loso_subject_S008,39,0.0010251422204835229,,0.021631072683712286,,0.00058530659307753
TCN1_c672f2b1,TCN1,loso_subject_S008,40,0.0009195186243295576,,0.021336154477547397,,0.0005676669170915806
TCN1_c672f2b1,TCN1,loso_subject_S008,41,0.0009016159157255883,,0.02082053677384307,,0.0005499999999999997
TCN1_c672f2b1,TCN1,loso_subject_S008,42,0.000890135789797664,,0.02087300101197361,,0.000532333082908419
TCN1_c672f2b1,TCN1,loso_subject_S008,43,0.0008559450302009957,,0.01964715128625092,,0.0005146934069224697
TCN1_c672f2b1,TCN1,loso_subject_S008,44,0.0008063276568449717,,0.02012394316700654,,0.000497108171143973
TCN1_c672f2b1,TCN1,loso_subject_S008,45,0.0008368347924037622,,0.019579351891140934,,0.00047960449073189616
TCN1_c672f2b1,TCN1,loso_subject_S008,46,0.000777450206139076,,0.019049491437383322,,0.00046220935509274226
TCN1_c672f2b1,TCN1,loso_subject_S008,47,0.0007297107584615312,,0.018910504388269054,,0.00044494958626484254
TCN1_c672f2b1,TCN1,loso_subject_S008,48,0.0007771850804262,,0.018961272914745694,,0.00042785179756071645
TCN1_c672f2b1,TCN1,loso_subject_S008,49,0.0007746963763282617,,0.01905991121964192,,0.0004109423525312737
TCN1_c672f2b1,TCN1,loso_subject_S008,50,0.0007701118693344219,,0.01878642437780334,,0.0003942473243151282
TCN1_c672f2b1,TCN1,loso_subject_S008,51,0.0006772142740213297,,0.018078431968369148,,0.0003777924554357096
TCN1_c672f2b1,TCN1,loso_subject_S008,52,0.0006810726827280401,,0.017856489572912276,,0.0003616031181081575
TCN1_c672f2b1,TCN1,loso_subject_S008,53,0.0006807177996001567,,0.01794505666312154,,0.000345704275117204
TCN1_c672f2b1,TCN1,loso_subject_S008,54,0.0006505801679087353,,0.017963851162918598,,0.00033012044132637024
TCN1_c672f2b1,TCN1,loso_subject_S008,55,0.0006093180243682799,,0.017225782178365845,,0.00031487564587782306
TCN1_c672f2b1,TCN1,loso_subject_S008,56,0.0005978526267897314,,0.017175645514059912,,0.00029999339514117897
TCN1_c672f2b1,TCN1,loso_subject_S008,57,0.0005772346749544947,,0.016723027114697912,,0.0002854966364683872
TCN1_c672f2b1,TCN1,loso_subject_S008,58,0.0005756148630189612,,0.016654778611110452,,0.0002714077228105749
TCN1_c672f2b1,TCN1,loso_subject_S008,59,0.0005934921043190105,,0.01640521772131046,,0.00025774837825141746
TCN1_c672f2b1,TCN1,loso_subject_S008,60,0.000562326940351305,,0.016298585088460448,,0.0002445396645101764
TCN1_c672f2b1,TCN1,loso_subject_S008,61,0.000558473607537916,,0.016312676918051085,,0.0002318019484660537
TCN1_c672f2b1,TCN1,loso_subject_S008,62,0.0005466172764333382,,0.016305540109831537,,0.00021955487075394156
TCN1_c672f2b1,TCN1,loso_subject_S008,63,0.0005417097308682313,,0.015913556205978924,,0.0002078173154799862
TCN1_c672f2b1,TCN1,loso_subject_S008,64,0.0005525526992807335,,0.016035990021932695,,0.00019660738110366478
TCN1_c672f2b1,TCN1,loso_subject_S008,65,0.0005639982809608637,,0.015731385528693013,,0.00018594235253127373
TCN1_c672f2b1,TCN1,loso_subject_S008,66,0.0005522786408035415,,0.01616521388375643,,0.00017583867446385477
TCN1_c672f2b1,TCN1,loso_subject_S008,67,0.0005313792365699233,,0.016019858055058168,,0.00016631192604065853
TCN1_c672f2b1,TCN1,loso_subject_S008,68,0.00045944380682831935,,0.014887206709898574,,0.00015737679681724137
TCN1_c672f2b1,TCN1,loso_subject_S008,69,0.0005205631857076331,,0.015252007686449971,,0.0001490470641152345
TCN1_c672f2b1,TCN1,loso_subject_S008,70,0.00047859837724604213,,0.015198552185642299,,0.00014133557177871338
TCN1_c672f2b1,TCN1,loso_subject_S008,71,0.0005091009438206135,,0.015155541940515042,,0.00013425421036992097
TCN1_c672f2b1,TCN1,loso_subject_S008,72,0.0005150004329021907,,0.015135579175471507,,0.00012781389883488212
TCN1_c672f2b1,TCN1,loso_subject_S008,73,0.0004883574732825142,,0.015156069582695175,,0.0001220245676671809
TCN1_c672f2b1,TCN1,loso_subject_S008,74,0.00047137497446421244,,0.014899029240497194,,0.00011689514359585877
TCN1_c672f2b1,TCN1,loso_subject_S008,75,0.0004511041660576253,,0.01470834554280153,,0.00011243353582104555
TCN1_c672f2b1,TCN1,loso_subject_S008,76,0.0005160865083805963,,0.015078822074974544,,0.0001086466238185463
TCN1_c672f2b1,TCN1,loso_subject_S008,77,0.0004680443182600978,,0.014715413542922157,,0.00010554024673218805
TCN1_c672f2b1,TCN1,loso_subject_S008,78,0.00044962281949742283,,0.014534306344139497,,0.00010311919437028317
TCN1_c672f2b1,TCN1,loso_subject_S008,79,0.0004627343944945205,,0.014911358713449877,,0.00010138719982009242
TCN1_c672f2b1,TCN1,loso_subject_S008,80,0.0004286588331504055,,0.01433191281976512,,0.0001003469336916747
TCN1_c672f2b1,TCN1,loso_subject_S009,1,0.168277795934361,,0.28703495159322845,,0.001
TCN1_c672f2b1,TCN1,loso_subject_S009,2,0.036770059163115876,,0.14280225858387516,,0.0009996530663083252
TCN1_c672f2b1,TCN1,loso_subject_S009,3,0.021072476684163798,,0.10816441713646395,,0.0009986128001799074
TCN1_c672f2b1,TCN1,loso_subject_S009,4,0.014846048850074515,,0.0908820189442514,,0.0009968808056297167
TCN1_c672f2b1,TCN1,loso_subject_S009,5,0.010720788277242831,,0.07711643163831232,,0.0009944597532678117
TCN1_c672f2b1,TCN1,loso_subject_S009,6,0.009153688046030974,,0.07001874002740718,,0.0009913533761814533
TCN1_c672f2b1,TCN1,loso_subject_S009,7,0.007686168743233307,,0.06384900772273631,,0.000987566464178954
TCN1_c672f2b1,TCN1,loso_subject_S009,8,0.006862486538277693,,0.05943063749877537,,0.0009831048564041408
TCN1_c672f2b1,TCN1,loso_subject_S009,9,0.005861950493456,,0.05603476374414918,,0.0009779754323328187
TCN1_c672f2b1,TCN1,loso_subject_S009,10,0.005275001830010653,,0.05160282707453246,,0.0009721861011651174
TCN1_c672f2b1,TCN1,loso_subject_S009,11,0.004459852957629696,,0.04849682524073636,,0.0009657457896300785
TCN1_c672f2b1,TCN1,loso_subject_S009,12,0.004213467522980449,,0.04547077836113999,,0.000958664428221286
TCN1_c672f2b1,TCN1,loso_subject_S009,13,0.0034881078102221414,,0.04297000241512135,,0.000950952935884765
TCN1_c672f2b1,TCN1,loso_subject_S009,14,0.003281347417119063,,0.04109772068699007,,0.0009426232031827582
TCN1_c672f2b1,TCN1,loso_subject_S009,15,0.0029781191192251705,,0.03862246779366733,,0.0009336880739593409
TCN1_c672f2b1,TCN1,loso_subject_S009,16,0.0029209244783987036,,0.03845460858810278,,0.0009241613255361449
TCN1_c672f2b1,TCN1,loso_subject_S009,17,0.0027641529969289714,,0.03739764641530991,,0.0009140576474687258
TCN1_c672f2b1,TCN1,loso_subject_S009,18,0.002495408202505891,,0.034935593523291765,,0.0009033926188963346
TCN1_c672f2b1,TCN1,loso_subject_S009,19,0.0023050642756422195,,0.0339360400984397,,0.0008921826845200134
TCN1_c672f2b1,TCN1,loso_subject_S009,20,0.002038417574298829,,0.032899419627504645,,0.000880445129246058
TCN1_c672f2b1,TCN1,loso_subject_S009,21,0.0018938629098815053,,0.031092455978506732,,0.0008681980515339459
TCN1_c672f2b1,TCN1,loso_subject_S009,22,0.0017844507646822439,,0.029980762351017032,,0.0008554603354898234
TCN1_c672f2b1,TCN1,loso_subject_S009,23,0.001686932245088887,,0.02894138320553815,,0.0008422516217485822
TCN1_c672f2b1,TCN1,loso_subject_S009,24,0.0017486823394976066,,0.030555442677278846,,0.0008285922771894248
TCN1_c672f2b1,TCN1,loso_subject_S009,25,0.00150983118705045,,0.027739548702014363,,0.0008145033635316124
TCN1_c672f2b1,TCN1,loso_subject_S009,26,0.0014325142685134907,,0.026554339293689125,,0.0008000066048588205
TCN1_c672f2b1,TCN1,loso_subject_S009,27,0.0015328389587891604,,0.027085959243155842,,0.0007851243541221765
TCN1_c672f2b1,TCN1,loso_subject_S009,28,0.0013369499266185083,,0.025866567348242168,,0.0007698795586736293
TCN1_c672f2b1,TCN1,loso_subject_S009,29,0.0012408359487109846,,0.025140717815231965,,0.0007542957248827956
TCN1_c672f2b1,TCN1,loso_subject_S009,30,0.0012719102086898432,,0.0252616130592201,,0.0007383968818918422
TCN1_c672f2b1,TCN1,loso_subject_S009,31,0.0011821916148478675,,0.02416968445785523,,0.00072220754456429
TCN1_c672f2b1,TCN1,loso_subject_S009,32,0.0010693048213606291,,0.02306463507182058,,0.0007057526756848715
TCN1_c672f2b1,TCN1,loso_subject_S009,33,0.0010289509531943067,,0.022778013631410805,,0.000689057647468726
TCN1_c672f2b1,TCN1,loso_subject_S009,34,0.0011152015623457148,,0.023788198415406844,,0.000672148202439283
TCN1_c672f2b1,TCN1,loso_subject_S009,35,0.0011034844368264757,,0.02361632165172884,,0.0006550504137351571
TCN1_c672f2b1,TCN1,loso_subject_S009,36,0.0010694519966193276,,0.02297833283607533,,0.0006377906449072574
TCN1_c672f2b1,TCN1,loso_subject_S009,37,0.0009227515263505637,,0.021642761163615628,,0.0006203955092681036
TCN1_c672f2b1,TCN1,loso_subject_S009,38,0.00096014228377506,,0.02176743417215289,,0.0006028918288560267
TCN1_c672f2b1,TCN1,loso_subject_S009,39,0.0008865889273397255,,0.021121693641646757,,0.00058530659307753
TCN1_c672f2b1,TCN1,loso_subject_S009,40,0.0008525113752284944,,0.020351078311882344,,0.0005676669170915806
TCN1_c672f2b1,TCN1,loso_subject_S009,41,0.0007879412721132043,,0.020159620945522132,,0.0005499999999999997
TCN1_c672f2b1,TCN1,loso_subject_S009,42,0.0007491609824540906,,0.019307257649873368,,0.000532333082908419
TCN1_c672f2b1,TCN1,loso_subject_S009,43,0.0007832809740263618,,0.019707256761748265,,0.0005146934069224697
TCN1_c672f2b1,TCN1,loso_subject_S009,44,0.0008176128360556643,,0.019462613717598075,,0.000497108171143973
TCN1_c672f2b1,TCN1,loso_subject_S009,45,0.000771476782832683,,0.01972368107731115,,0.00047960449073189616
TCN1_c672f2b1,TCN1,loso_subject_S009,46,0.0007220175003996803,,0.018974551575639306,,0.00046220935509274226
TCN1_c672f2b1,TCN1,loso_subject_S009,47,0.0007200272635077613,,0.018378664762422066,,0.00044494958626484254
TCN1_c672f2b1,TCN1,loso_subject_S009,48,0.0007103547613796146,,0.018303624222594968,,0.00042785179756071645
TCN1_c672f2b1,TCN1,loso_subject_S009,49,0.0006777665989096789,,0.01817927940889707,,0.0004109423525312737
TCN1_c672f2b1,TCN1,loso_subject_S009,50,0.0006259272121319775,,0.017596288955736655,,0.0003942473243151282
TCN1_c672f2b1,TCN1,loso_subject_S009,51,0.0006475246246032421,,0.017896914548651905,,0.0003777924554357096
TCN1_c672f2b1,TCN1,loso_subject_S009,52,0.0006206664893647309,,0.017658897737169985,,0.0003616031181081575
TCN1_c672f2b1,TCN1,loso_subject_S009,53,0.000597591838114692,,0.01741355346105323,,0.000345704275117204
TCN1_c672f2b1,TCN1,loso_subject_S009,54,0.0005623952824506297,,0.016614543743538296,,0.00033012044132637024
TCN1_c672f2b1,TCN1,loso_subject_S009,55,0.0005726268523878962,,0.016792853251020107,,0.00031487564587782306
TCN1_c672f2b1,TCN1,loso_subject_S009,56,0.0005672638932840785,,0.016654311590457573,,0.00029999339514117897
TCN1_c672f2b1,TCN1,loso_subject_S009,57,0.0006059386416010036,,0.01741850420722499,,0.0002854966364683872
TCN1_c672f2b1,TCN1,loso_subject_S009,58,0.0005717091122542811,,0.016719154601406303,,0.0002714077228105749
TCN1_c672f2b1,TCN1,loso_subject_S009,59,0.0005341314951277797,,0.01626914302985667,,0.00025774837825141746
TCN1_c672f2b1,TCN1,loso_subject_S009,60,0.0005232917335040809,,0.015905209335860992,,0.0002445396645101764
TCN1_c672f2b1,TCN1,loso_subject_S009,61,0.0005206040966913362,,0.016142453356818867,,0.0002318019484660537
TCN1_c672f2b1,TCN1,loso_subject_S009,62,0.000549652528871661,,0.016295833682884932,,0.00021955487075394156
TCN1_c672f2b1,TCN1,loso_subject_S009,63,0.00046423974345865095,,0.015213720807314592,,0.0002078173154799862
TCN1_c672f2b1,TCN1,loso_subject_S009,64,0.0004886222416898352,,0.01538925555031389,,0.00019660738110366478
TCN1_c672f2b1,TCN1,loso_subject_S009,65,0.0004964508188716558,,0.015227082300975496,,0.00018594235253127373
TCN1_c672f2b1,TCN1,loso_subject_S009,66,0.0004699395078601113,,0.01512369315552388,,0.00017583867446385477
TCN1_c672f2b1,TCN1,loso_subject_S009,67,0.00048210568882465924,,0.015439803372297625,,0.00016631192604065853
TCN1_c672f2b1,TCN1,loso_subject_S009,68,0.0004896863598181506,,0.015142737945421954,,0.00015737679681724137
TCN1_c672f2b1,TCN1,loso_subject_S009,69,0.00046167453748377816,,0.01459491214522208,,0.0001490470641152345
TCN1_c672f2b1,TCN1,loso_subject_S009,70,0.0004104099472594657,,0.014074732412387415,,0.00014133557177871338
TCN1_c672f2b1,TCN1,loso_subject_S009,71,0.0004180308432948141,,0.014261968047248812,,0.00013425421036992097
TCN1_c672f2b1,TCN1,loso_subject_S009,72,0.0004520842101672878,,0.014826164206762988,,0.00012781389883488212
TCN1_c672f2b1,TCN1,loso_subject_S009,73,0.0004504357837931801,,0.014716268666099935,,0.0001220245676671809
TCN1_c672f2b1,TCN1,loso_subject_S009,74,0.00044330707283566246,,0.014627409098043706,,0.00011689514359585877
TCN1_c672f2b1,TCN1,loso_subject_S009,75,0.0004285230978248506,,0.014349401524277385,,0.00011243353582104555
TCN1_c672f2b1,TCN1,loso_subject_S009,76,0.00042311770089658435,,0.01422459832814155,,0.0001086466238185463
TCN1_c672f2b1,TCN1,loso_subject_S009,77,0.0004337618788364362,,0.014501229919781594,,0.00010554024673218805
TCN1_c672f2b1,TCN1,loso_subject_S009,78,0.0004767698535594336,,0.014548123805366141,,0.00010311919437028317
TCN1_c672f2b1,TCN1,loso_subject_S009,79,0.0004563006111678288,,0.014567791153607264,,0.00010138719982009242
TCN1_c672f2b1,TCN1,loso_subject_S009,80,0.00041852520483532334,,0.014181748698773507,,0.0001003469336916747
TCN1_c672f2b1,TCN1,loso_subject_S010,1,0.2467849670960165,,0.33146059826658836,,0.001
TCN1_c672f2b1,TCN1,loso_subject_S010,2,0.04270571285456123,,0.15096366937382594,,0.0009996530663083252
TCN1_c672f2b1,TCN1,loso_subject_S010,3,0.023179345931279433,,0.11199810229890994,,0.0009986128001799074
TCN1_c672f2b1,TCN1,loso_subject_S010,4,0.016744586675606705,,0.09396917227389477,,0.0009968808056297167
TCN1_c672f2b1,TCN1,loso_subject_S010,5,0.012390686981020596,,0.08149880571989974,,0.0009944597532678117
TCN1_c672f2b1,TCN1,loso_subject_S010,6,0.009947078045736128,,0.0723477365145275,,0.0009913533761814533
TCN1_c672f2b1,TCN1,loso_subject_S010,7,0.008655565209071302,,0.06734259907501018,,0.000987566464178954
TCN1_c672f2b1,TCN1,loso_subject_S010,8,0.007267438164326192,,0.06126350620163468,,0.0009831048564041408
TCN1_c672f2b1,TCN1,loso_subject_S010,9,0.0066521959178563,,0.05776572832599044,,0.0009779754323328187
TCN1_c672f2b1,TCN1,loso_subject_S010,10,0.005390328388264695,,0.052218155573210086,,0.0009721861011651174
TCN1_c672f2b1,TCN1,loso_subject_S010,11,0.005069190614306746,,0.050235081718993685,,0.0009657457896300785
TCN1_c672f2b1,TCN1,loso_subject_S010,12,0.004655904846812295,,0.04833738299528626,,0.000958664428221286
TCN1_c672f2b1,TCN1,loso_subject_S010,13,0.004058774661627661,,0.045109093692383924,,0.000950952935884765
TCN1_c672f2b1,TCN1,loso_subject_S010,14,0.003836596291849178,,0.044649201178266804,,0.0009426232031827582
TCN1_c672f2b1,TCN1,loso_subject_S010,15,0.003445112545064007,,0.04113442964575576,,0.0009336880739593409
TCN1_c672f2b1,TCN1,loso_subject_S010,16,0.0033036873596283796,,0.04068451969894724,,0.0009241613255361449
TCN1_c672f2b1,TCN1,loso_subject_S010,17,0.00310183621893581,,0.03932828033544552,,0.0009140576474687258
TCN1_c672f2b1,TCN1,loso_subject_S010,18,0.0027151486794538696,,0.036243383975669785,,0.0009033926188963346
TCN1_c672f2b1,TCN1,loso_subject_S010,19,0.002790467998008408,,0.037539097869345894,,0.0008921826845200134
TCN1_c672f2b1,TCN1,loso_subject_S010,20,0.0025301568293935577,,0.035180563254819275,,0.000880445129246058
TCN1_c672f2b1,TCN1,loso_subject_S010,21,0.002572040923331736,,0.03575196977562131,,0.0008681980515339459
TCN1_c672f2b1,TCN1,loso_subject_S010,22,0.0022061197315998327,,0.03307905652186024,,0.0008554603354898234
TCN1_c672f2b1,TCN1,loso_subject_S010,23,0.0020645753787097657,,0.031459717250145236,,0.0008422516217485822
TCN1_c672f2b1,TCN1,loso_subject_S010,24,0.001843008646995047,,0.02980027013122227,,0.0008285922771894248
TCN1_c672f2b1,TCN1,loso_subject_S010,25,0.001686218660324812,,0.028821632788281575,,0.0008145033635316124
TCN1_c672f2b1,TCN1,loso_subject_S010,26,0.0015946228827445584,,0.02786298792495906,,0.0008000066048588205
TCN1_c672f2b1,TCN1,loso_subject_S010,27,0.001595097865119244,,0.02799420944171603,,0.0007851243541221765
TCN1_c672f2b1,TCN1,loso_subject_S010,28,0.001639589333411487,,0.028033471731134917,,0.0007698795586736293
TCN1_c672f2b1,TCN1,loso_subject_S010,29,0.0014699726180512629,,0.026743314107938957,,0.0007542957248827956
TCN1_c672f2b1,TCN1,loso_subject_S010,30,0.0015219958757525121,,0.02694230428583783,,0.0007383968818918422
TCN1_c672f2b1,TCN1,loso_subject_S010,31,0.0014650740054328493,,0.026626901929641584,,0.00072220754456429
TCN1_c672f2b1,TCN1,loso_subject_S010,32,0.0013150902198462496,,0.02561092126259863,,0.0007057526756848715
TCN1_c672f2b1,TCN1,loso_subject_S010,33,0.0013735428751198665,,0.02599646747595203,,0.000689057647468726
TCN1_c672f2b1,TCN1,loso_subject_S010,34,0.001184119194133793,,0.02374325063779281,,0.000672148202439283
TCN1_c672f2b1,TCN1,loso_subject_S010,35,0.0012852051906722306,,0.02470672917197115,,0.0006550504137351571
TCN1_c672f2b1,TCN1,loso_subject_S010,36,0.001183273758428137,,0.023937427113941718,,0.0006377906449072574
TCN1_c672f2b1,TCN1,loso_subject_S010,37,0.001070573887418403,,0.023064039694187438,,0.0006203955092681036
TCN1_c672f2b1,TCN1,loso_subject_S010,38,0.0010488623106921805,,0.022593608321461973,,0.0006028918288560267
TCN1_c672f2b1,TCN1,loso_subject_S010,39,0.000956416155633769,,0.021866678229101027,,0.00058530659307753
TCN1_c672f2b1,TCN1,loso_subject_S010,40,0.001074522816130197,,0.02331212312510961,,0.0005676669170915806
TCN1_c672f2b1,TCN1,loso_subject_S010,41,0.00106891550765678,,0.023093164202419973,,0.0005499999999999997
TCN1_c672f2b1,TCN1,loso_subject_S010,42,0.0010094855736231024,,0.02204556255984601,,0.000532333082908419
TCN1_c672f2b1,TCN1,loso_subject_S010,43,0.0008431943442147727,,0.020114360007134267,,0.0005146934069224697
TCN1_c672f2b1,TCN1,loso_subject_S010,44,0.000849810468155373,,0.02035225486511436,,0.000497108171143973
TCN1_c672f2b1,TCN1,loso_subject_S010,45,0.0008205658380522816,,0.019840951547372546,,0.00047960449073189616
TCN1_c672f2b1,TCN1,loso_subject_S010,46,0.0008291980332883346,,0.019814645924305284,,0.00046220935509274226
TCN1_c672f2b1,TCN1,loso_subject_S010,47,0.0008144981472017084,,0.020117536015900675,,0.00044494958626484254
TCN1_c672f2b1,TCN1,loso_subject_S010,48,0.0008583616774952062,,0.02009201181823944,,0.00042785179756071645
TCN1_c672f2b1,TCN1,loso_subject_S010,49,0.0008876348385649947,,0.020049249569730726,,0.0004109423525312737
TCN1_c672f2b1,TCN1,loso_subject_S010,50,0.0007600795849933119,,0.019016922512483374,,0.0003942473243151282
TCN1_c672f2b1,TCN1,loso_subject_S010,51,0.0006999812438082538,,0.01901246464334233,,0.0003777924554357096
TCN1_c672f2b1,TCN1,loso_subject_S010,52,0.0006672460925391909,,0.017946584115379326,,0.0003616031181081575
TCN1_c672f2b1,TCN1,loso_subject_S010,53,0.0007059807082609225,,0.01845295332823671,,0.000345704275117204
TCN1_c672f2b1,TCN1,loso_subject_S010,54,0.000635078558785687,,0.01771520713570519,,0.00033012044132637024
TCN1_c672f2b1,TCN1,loso_subject_S010,55,0.000626235061659533,,0.01783747968474784,,0.00031487564587782306
TCN1_c672f2b1,TCN1,loso_subject_S010,56,0.0006721603317297984,,0.018068121093667018,,0.00029999339514117897
TCN1_c672f2b1,TCN1,loso_subject_S010,57,0.0007957423757561666,,0.01898707162093552,,0.0002854966364683872
TCN1_c672f2b1,TCN1,loso_subject_S010,58,0.000629812162079592,,0.017290471080114476,,0.0002714077228105749
TCN1_c672f2b1,TCN1,loso_subject_S010,59,0.0005954577879407992,,0.01661403791320263,,0.00025774837825141746
TCN1_c672f2b1,TCN1,loso_subject_S010,60,0.0005732981219725166,,0.016877411872840337,,0.0002445396645101764
TCN1_c672f2b1,TCN1,loso_subject_S010,61,0.0005730749772714054,,0.016376825346576904,,0.0002318019484660537
TCN1_c672f2b1,TCN1,loso_subject_S010,62,0.0005793885445729896,,0.01691630735930492,,0.00021955487075394156
TCN1_c672f2b1,TCN1,loso_subject_S010,63,0.0005744218178305978,,0.016822080472402808,,0.0002078173154799862
TCN1_c672f2b1,TCN1,loso_subject_S010,64,0.0005389716900028187,,0.015989282262506777,,0.00019660738110366478
TCN1_c672f2b1,TCN1,loso_subject_S010,65,0.0005420443659218998,,0.016455366294454803,,0.00018594235253127373
TCN1_c672f2b1,TCN1,loso_subject_S010,66,0.0005525496987250283,,0.016333361512585184,,0.00017583867446385477
TCN1_c672f2b1,TCN1,loso_subject_S010,67,0.0005415617070324497,,0.01611226634985807,,0.00016631192604065853
TCN1_c672f2b1,TCN1,loso_subject_S010,68,0.0005797157453125714,,0.016326015311432848,,0.00015737679681724137
TCN1_c672f2b1,TCN1,loso_subject_S010,69,0.0005433319391231261,,0.016053505771688698,,0.0001490470641152345
TCN1_c672f2b1,TCN1,loso_subject_S010,70,0.0005327202032949413,,0.01599692524418365,,0.00014133557177871338
TCN1_c672f2b1,TCN1,loso_subject_S010,71,0.0005210205385930901,,0.015897886255935155,,0.00013425421036992097
TCN1_c672f2b1,TCN1,loso_subject_S010,72,0.0005052128054696043,,0.015540781503620189,,0.00012781389883488212
TCN1_c672f2b1,TCN1,loso_subject_S010,73,0.0005810423231041264,,0.016099386169320495,,0.0001220245676671809
TCN1_c672f2b1,TCN1,loso_subject_S010,74,0.0005320589671097864,,0.015589537334291196,,0.00011689514359585877
TCN1_c672f2b1,TCN1,loso_subject_S010,75,0.0004678712002218459,,0.014986284859119084,,0.00011243353582104555
TCN1_c672f2b1,TCN1,loso_subject_S010,76,0.0004889086099582415,,0.015436993791691719,,0.0001086466238185463
TCN1_c672f2b1,TCN1,loso_subject_S010,77,0.0004709180150053865,,0.01520763929452627,,0.00010554024673218805
TCN1_c672f2b1,TCN1,loso_subject_S010,78,0.0004966236989371204,,0.015552805044556603,,0.00010311919437028317
TCN1_c672f2b1,TCN1,loso_subject_S010,79,0.0005167086849136956,,0.015232906797561062,,0.00010138719982009242
TCN1_c672f2b1,TCN1,loso_subject_S010,80,0.0004842015443272037,,0.015344718066295443,,0.0001003469336916747
TCN1_c672f2b1,TCN1,loso_subject_S011,1,0.2151622973624067,,0.32648249767768156,,0.001
TCN1_c672f2b1,TCN1,loso_subject_S011,2,0.04020927425260377,,0.15164324854347977,,0.0009996530663083252
TCN1_c672f2b1,TCN1,loso_subject_S011,3,0.025942644552496483,,0.11978981628384146,,0.0009986128001799074
TCN1_c672f2b1,TCN1,loso_subject_S011,4,0.015906471562246643,,0.09467582586240271,,0.0009968808056297167
TCN1_c672f2b1,TCN1,loso_subject_S011,5,0.011275820685394181,,0.0791259987175154,,0.0009944597532678117
TCN1_c672f2b1,TCN1,loso_subject_S011,6,0.009950583153547202,,0.07375404949676942,,0.0009913533761814533
TCN1_c672f2b1,TCN1,loso_subject_S011,7,0.007666505581726815,,0.06469980572724039,,0.000987566464178954
TCN1_c672f2b1,TCN1,loso_subject_S011,8,0.00709723467956398,,0.061268977128448136,,0.0009831048564041408
TCN1_c672f2b1,TCN1,loso_subject_S011,9,0.00595136856515722,,0.0561848260854874,,0.0009779754323328187
TCN1_c672f2b1,TCN1,loso_subject_S011,10,0.0055479479953107385,,0.053899699570767505,,0.0009721861011651174
TCN1_c672f2b1,TCN1,loso_subject_S011,11,0.004404572943914693,,0.04859299210968498,,0.0009657457896300785
TCN1_c672f2b1,TCN1,loso_subject_S011,12,0.004243154167432228,,0.04685335022412978,,0.000958664428221286
TCN1_c672f2b1,TCN1,loso_subject_S011,13,0.003993203848941207,,0.04555382813177636,,0.000950952935884765
TCN1_c672f2b1,TCN1,loso_subject_S011,14,0.00336104695300707,,0.04183538063937829,,0.0009426232031827582
TCN1_c672f2b1,TCN1,loso_subject_S011,15,0.0029743989920389224,,0.03974838311323971,,0.0009336880739593409
TCN1_c672f2b1,TCN1,loso_subject_S011,16,0.0028474273485820214,,0.03909042009735425,,0.0009241613255361449
TCN1_c672f2b1,TCN1,loso_subject_S011,17,0.002478416454069614,,0.03680629921903414,,0.0009140576474687258
TCN1_c672f2b1,TCN1,loso_subject_S011,18,0.002549926434213767,,0.03631458838956164,,0.0009033926188963346
TCN1_c672f2b1,TCN1,loso_subject_S011,19,0.0023015354366727136,,0.03480055196546169,,0.0008921826845200134
TCN1_c672f2b1,TCN1,loso_subject_S011,20,0.002324908794096407,,0.034317470623205074,,0.000880445129246058
TCN1_c672f2b1,TCN1,loso_subject_S011,21,0.002262234608060343,,0.03415948806247514,,0.0008681980515339459
TCN1_c672f2b1,TCN1,loso_subject_S011,22,0.0019251237150586895,,0.031731914685738175,,0.0008554603354898234
TCN1_c672f2b1,TCN1,loso_subject_S011,23,0.0017262727560634014,,0.030109573308794775,,0.0008422516217485822
TCN1_c672f2b1,TCN1,loso_subject_S011,24,0.001643553001875706,,0.0292216392744119,,0.0008285922771894248
TCN1_c672f2b1,TCN1,loso_subject_S011,25,0.0019168263469371335,,0.03201042022717848,,0.0008145033635316124
TCN1_c672f2b1,TCN1,loso_subject_S011,26,0.001671440001888838,,0.029198888068038324,,0.0008000066048588205
TCN1_c672f2b1,TCN1,loso_subject_S011,27,0.0014474517362462987,,0.02721629177662908,,0.0007851243541221765
TCN1_c672f2b1,TCN1,loso_subject_S011,28,0.001535034979535585,,0.02847361622661887,,0.0007698795586736293
TCN1_c672f2b1,TCN1,loso_subject_S011,29,0.001423819778194801,,0.02704679961011599,,0.0007542957248827956
TCN1_c672f2b1,TCN1,loso_subject_S011,30,0.0015106785520841112,,0.027834917185154,,0.0007383968818918422
TCN1_c672f2b1,TCN1,loso_subject_S011,31,0.0011650845027578855,,0.024495146738297346,,0.00072220754456429
TCN1_c672f2b1,TCN1,loso_subject_S011,32,0.001272788218054845,,0.02554996002446073,,0.0007057526756848715
TCN1_c672f2b1,TCN1,loso_subject_S011,33,0.0011455382296079947,,0.024512624206289985,,0.000689057647468726
TCN1_c672f2b1,TCN1,loso_subject_S011,34,0.0010622569569346096,,0.023655485949620872,,0.000672148202439283
TCN1_c672f2b1,TCN1,loso_subject_S011,35,0.0010119667253146928,,0.022896429233697363,,0.0006550504137351571
TCN1_c672f2b1,TCN1,loso_subject_S011,36,0.0011021872672571068,,0.023726913252911198,,0.0006377906449072574
TCN1_c672f2b1,TCN1,loso_subject_S011,37,0.0009738557969856862,,0.02223474880519739,,0.0006203955092681036
TCN1_c672f2b1,TCN1,loso_subject_S011,38,0.0008517613559103877,,0.021160562968687232,,0.0006028918288560267
TCN1_c672f2b1,TCN1,loso_subject_S011,39,0.0009374136707007229,,0.021969349510195493,,0.00058530659307753
TCN1_c672f2b1,TCN1,loso_subject_S011,40,0.000888456331353503,,0.021249518402408296,,0.0005676669170915806
TCN1_c672f2b1,TCN1,loso_subject_S011,41,0.0008972404965134278,,0.021361132074184132,,0.0005499999999999997
TCN1_c672f2b1,TCN1,loso_subject_S011,42,0.0008812685241355422,,0.02128261065441677,,0.000532333082908419
TCN1_c672f2b1,TCN1,loso_subject_S011,43,0.0007992025227695768,,0.02024895655768899,,0.0005146934069224697
TCN1_c672f2b1,TCN1,loso_subject_S011,44,0.0008232437351774629,,0.020565415878705227,,0.000497108171143973
TCN1_c672f2b1,TCN1,loso_subject_S011,45,0.0006981770296731547,,0.019138950609710426,,0.00047960449073189616
TCN1_c672f2b1,TCN1,loso_subject_S011,46,0.0007914540481718055,,0.01951552607382248,,0.00046220935509274226
TCN1_c672f2b1,TCN1,loso_subject_S011,47,0.0006926844093207643,,0.01857112984851943,,0.00044494958626484254
TCN1_c672f2b1,TCN1,loso_subject_S011,48,0.0006804711363827308,,0.018622380799436473,,0.00042785179756071645
TCN1_c672f2b1,TCN1,loso_subject_S011,49,0.0006202599556132996,,0.018054904086169096,,0.0004109423525312737
TCN1_c672f2b1,TCN1,loso_subject_S011,50,0.0007248636943568029,,0.019129464997072475,,0.0003942473243151282
TCN1_c672f2b1,TCN1,loso_subject_S011,51,0.0006959314599664765,,0.01876581598830382,,0.0003777924554357096
TCN1_c672f2b1,TCN1,loso_subject_S011,52,0.0006352129270180793,,0.017709161771313608,,0.0003616031181081575
TCN1_c672f2b1,TCN1,loso_subject_S011,53,0.0006163711924190549,,0.017442644455647565,,0.000345704275117204
TCN1_c672f2b1,TCN1,loso_subject_S011,54,0.0005828520329210737,,0.017547226246159477,,0.00033012044132637024
TCN1_c672f2b1,TCN1,loso_subject_S011,55,0.0006050552866655144,,0.01725209422180883,,0.00031487564587782306
TCN1_c672f2b1,TCN1,loso_subject_S011,56,0.0006181357564462849,,0.01745131964076442,,0.00029999339514117897
TCN1_c672f2b1,TCN1,loso_subject_S011,57,0.0006084403269806932,,0.017117661450405514,,0.0002854966364683872
TCN1_c672f2b1,TCN1,loso_subject_S011,58,0.0005258329693763503,,0.016687153633651565,,0.0002714077228105749
TCN1_c672f2b1,TCN1,loso_subject_S011,59,0.0005644510323892239,,0.016549305551370998,,0.00025774837825141746
TCN1_c672f2b1,TCN1,loso_subject_S011,60,0.0005489485137451486,,0.016274529086457178,,0.0002445396645101764
TCN1_c672f2b1,TCN1,loso_subject_S011,61,0.0005071279591295359,,0.016240208665880773,,0.0002318019484660537
TCN1_c672f2b1,TCN1,loso_subject_S011,62,0.000481083901747619,,0.015573994124434418,,0.00021955487075394156
TCN1_c672f2b1,TCN1,loso_subject_S011,63,0.00045337361018278556,,0.015519102744123945,,0.0002078173154799862
TCN1_c672f2b1,TCN1,loso_subject_S011,64,0.0005089857847889272,,0.015895700468840836,,0.00019660738110366478
TCN1_c672f2b1,TCN1,loso_subject_S011,65,0.0004817839088641025,,0.015445346177189455,,0.00018594235253127373
TCN1_c672f2b1,TCN1,loso_subject_S011,66,0.0005381467629170944,,0.016101741863465337,,0.00017583867446385477
TCN1_c672f2b1,TCN1,loso_subject_S011,67,0.0004464289111197944,,0.015205774662264455,,0.00016631192604065853
TCN1_c672f2b1,TCN1,loso_subject_S011,68,0.0004706915639904147,,0.015227015012660569,,0.00015737679681724137
TCN1_c672f2b1,TCN1,loso_subject_S011,69,0.000491464925580321,,0.015295204135401096,,0.0001490470641152345
TCN1_c672f2b1,TCN1,loso_subject_S011,70,0.0004956443952078342,,0.015294759353643286,,0.00014133557177871338
TCN1_c672f2b1,TCN1,loso_subject_S011,71,0.00045044784909103455,,0.015125495116870806,,0.00013425421036992097
TCN1_c672f2b1,TCN1,loso_subject_S011,72,0.00044711565787725467,,0.014833710759287116,,0.00012781389883488212
TCN1_c672f2b1,TCN1,loso_subject_S011,73,0.0004258843379346093,,0.014608101862669854,,0.0001220245676671809
TCN1_c672f2b1,TCN1,loso_subject_S011,74,0.0004234665673259553,,0.014360125732597893,,0.00011689514359585877
TCN1_c672f2b1,TCN1,loso_subject_S011,75,0.000457338666228969,,0.015115759731283854,,0.00011243353582104555
TCN1_c672f2b1,TCN1,loso_subject_S011,76,0.00042144813124288884,,0.01459321584099538,,0.0001086466238185463
TCN1_c672f2b1,TCN1,loso_subject_S011,77,0.0004699180328124594,,0.014636820743047025,,0.00010554024673218805
TCN1_c672f2b1,TCN1,loso_subject_S011,78,0.0004077364355107294,,0.014480234528759621,,0.00010311919437028317
TCN1_c672f2b1,TCN1,loso_subject_S011,79,0.0004238668809081069,,0.014426269281610251,,0.00010138719982009242
TCN1_c672f2b1,TCN1,loso_subject_S011,80,0.0004331692276019916,,0.014696921023999119,,0.0001003469336916747
TCN1_c672f2b1,TCN1,loso_subject_S012,1,0.15818785521736348,,0.27515576142446707,,0.001
TCN1_c672f2b1,TCN1,loso_subject_S012,2,0.03370480955818054,,0.1349166845436335,,0.0009996530663083252
TCN1_c672f2b1,TCN1,loso_subject_S012,3,0.01886730354491602,,0.1003221354061801,,0.0009986128001799074
TCN1_c672f2b1,TCN1,loso_subject_S012,4,0.013679942529258212,,0.0849312243744019,,0.0009968808056297167
TCN1_c672f2b1,TCN1,loso_subject_S012,5,0.010568492192824339,,0.07459533067659256,,0.0009944597532678117
TCN1_c672f2b1,TCN1,loso_subject_S012,6,0.008102890699201091,,0.06539107060030952,,0.0009913533761814533
TCN1_c672f2b1,TCN1,loso_subject_S012,7,0.0068539183385236966,,0.059511920403974385,,0.000987566464178954
TCN1_c672f2b1,TCN1,loso_subject_S012,8,0.00552954147588601,,0.054130741355916036,,0.0009831048564041408
TCN1_c672f2b1,TCN1,loso_subject_S012,9,0.004799216131588029,,0.04948195782916328,,0.0009779754323328187
TCN1_c672f2b1,TCN1,loso_subject_S012,10,0.005119945512946199,,0.050748289886070656,,0.0009721861011651174
TCN1_c672f2b1,TCN1,loso_subject_S012,11,0.004129274910456347,,0.04613800062468221,,0.0009657457896300785
TCN1_c672f2b1,TCN1,loso_subject_S012,12,0.003714769244114678,,0.04313923938604148,,0.000958664428221286
TCN1_c672f2b1,TCN1,loso_subject_S012,13,0.0031863161133228015,,0.040760989751823344,,0.000950952935884765
TCN1_c672f2b1,TCN1,loso_subject_S012,14,0.003059217021100879,,0.03930029258449392,,0.0009426232031827582
TCN1_c672f2b1,TCN1,loso_subject_S012,15,0.0026620141602891768,,0.03743493575206006,,0.0009336880739593409
TCN1_c672f2b1,TCN1,loso_subject_S012,16,0.0027007317433490807,,0.03695601897038601,,0.0009241613255361449
TCN1_c672f2b1,TCN1,loso_subject_S012,17,0.0025103794091537158,,0.035466623152072704,,0.0009140576474687258
TCN1_c672f2b1,TCN1,loso_subject_S012,18,0.0022398880948288455,,0.03341943355010169,,0.0009033926188963346
TCN1_c672f2b1,TCN1,loso_subject_S012,19,0.002329532172724982,,0.03398806734946725,,0.0008921826845200134
TCN1_c672f2b1,TCN1,loso_subject_S012,20,0.002041686009658553,,0.03209860765932275,,0.000880445129246058
TCN1_c672f2b1,TCN1,loso_subject_S012,21,0.002021890740024508,,0.03221477416306991,,0.0008681980515339459
TCN1_c672f2b1,TCN1,loso_subject_S012,22,0.001912199137247155,,0.030502700502622312,,0.0008554603354898234
TCN1_c672f2b1,TCN1,loso_subject_S012,23,0.0018636127117210028,,0.031073495002531017,,0.0008422516217485822
TCN1_c672f2b1,TCN1,loso_subject_S012,24,0.0017081422486788045,,0.029708077913395754,,0.0008285922771894248
TCN1_c672f2b1,TCN1,loso_subject_S012,25,0.0016823920624241637,,0.029298631912960563,,0.0008145033635316124
TCN1_c672f2b1,TCN1,loso_subject_S012,26,0.0014805487609346692,,0.02749222564946905,,0.0008000066048588205
TCN1_c672f2b1,TCN1,loso_subject_S012,27,0.001274548754271358,,0.02536937092990112,,0.0007851243541221765
TCN1_c672f2b1,TCN1,loso_subject_S012,28,0.0012648524534032038,,0.025194207382231316,,0.0007698795586736293
TCN1_c672f2b1,TCN1,loso_subject_S012,29,0.0012776058922008657,,0.02551959572219444,,0.0007542957248827956
TCN1_c672f2b1,TCN1,loso_subject_S012,30,0.0013841582331433784,,0.025729066744300918,,0.0007383968818918422
TCN1_c672f2b1,TCN1,loso_subject_S012,31,0.0012082470222775732,,0.02455551638796059,,0.00072220754456429
TCN1_c672f2b1,TCN1,loso_subject_S012,32,0.001299283667860277,,0.025768750175087358,,0.0007057526756848715
TCN1_c672f2b1,TCN1,loso_subject_S012,33,0.0011784039227593268,,0.02451203630944402,,0.000689057647468726
TCN1_c672f2b1,TCN1,loso_subject_S012,34,0.0009729134693777185,,0.022540720508883724,,0.000672148202439283
TCN1_c672f2b1,TCN1,loso_subject_S012,35,0.0010511390162972604,,0.023054090883447717,,0.0006550504137351571
TCN1_c672f2b1,TCN1,loso_subject_S012,36,0.0009865494411857986,,0.021830675158398757,,0.0006377906449072574
TCN1_c672f2b1,TCN1,loso_subject_S012,37,0.0009731804442599471,,0.02206922402507832,,0.0006203955092681036
TCN1_c672f2b1,TCN1,loso_subject_S012,38,0.0010074832404024844,,0.02208294068765009,,0.0006028918288560267
TCN1_c672f2b1,TCN1,loso_subject_S012,39,0.0009614452473051464,,0.021671077415613037,,0.00058530659307753
TCN1_c672f2b1,TCN1,loso_subject_S012,40,0.0008838604264072301,,0.021042367833772127,,0.0005676669170915806
TCN1_c672f2b1,TCN1,loso_subject_S012,41,0.0008382760433997009,,0.020156538646901964,,0.0005499999999999997
TCN1_c672f2b1,TCN1,loso_subject_S012,42,0.0009000019691297414,,0.021369133775149807,,0.000532333082908419
TCN1_c672f2b1,TCN1,loso_subject_S012,43,0.0007669617430034598,,0.019730327469680113,,0.0005146934069224697
TCN1_c672f2b1,TCN1,loso_subject_S012,44,0.0007660624513640639,,0.01954027156361095,,0.000497108171143973
TCN1_c672f2b1,TCN1,loso_subject_S012,45,0.0007553943889279928,,0.019225813067750334,,0.00047960449073189616
TCN1_c672f2b1,TCN1,loso_subject_S012,46,0.0008606986385076074,,0.020338133505074265,,0.00046220935509274226
TCN1_c672f2b1,TCN1,loso_subject_S012,47,0.000714523639547637,,0.0189451480088096,,0.00044494958626484254
TCN1_c672f2b1,TCN1,loso_subject_S012,48,0.0007693302878062039,,0.019354211783093423,,0.00042785179756071645
TCN1_c672f2b1,TCN1,loso_subject_S012,49,0.0006642335305426315,,0.01811952936148328,,0.0004109423525312737
TCN1_c672f2b1,TCN1,loso_subject_S012,50,0.0006652023873069936,,0.018018317235677695,,0.0003942473243151282
TCN1_c672f2b1,TCN1,loso_subject_S012,51,0.0007254206020520141,,0.0190661088249844,,0.0003777924554357096
TCN1_c672f2b1,TCN1,loso_subject_S012,52,0.0006708381520600311,,0.017963138800897196,,0.0003616031181081575
TCN1_c672f2b1,TCN1,loso_subject_S012,53,0.0006692458422382447,,0.017997977390851037,,0.000345704275117204
TCN1_c672f2b1,TCN1,loso_subject_S012,54,0.0006541681556731074,,0.017673281932364403,,0.00033012044132637024
TCN1_c672f2b1,TCN1,loso_subject_S012,55,0.0006102408844194545,,0.016986275278353526,,0.00031487564587782306
TCN1_c672f2b1,TCN1,loso_subject_S012,56,0.0005753395197485189,,0.016849492950537594,,0.00029999339514117897
TCN1_c672f2b1,TCN1,loso_subject_S012,57,0.000560338074093707,,0.016970716628085695,,0.0002854966364683872
TCN1_c672f2b1,TCN1,loso_subject_S012,58,0.0006028195718709737,,0.016828469285997738,,0.0002714077228105749
TCN1_c672f2b1,TCN1,loso_subject_S012,59,0.0005269590110443511,,0.01622924992195923,,0.00025774837825141746
TCN1_c672f2b1,TCN1,loso_subject_S012,60,0.0005345750704250059,,0.016283310040462684,,0.0002445396645101764
TCN1_c672f2b1,TCN1,loso_subject_S012,61,0.0005658995540422281,,0.016269612204332803,,0.0002318019484660537
TCN1_c672f2b1,TCN1,loso_subject_S012,62,0.00047768305429974847,,0.015719644057258286,,0.00021955487075394156
TCN1_c672f2b1,TCN1,loso_subject_S012,63,0.0005193142162806959,,0.015971876561821845,,0.0002078173154799862
TCN1_c672f2b1,TCN1,loso_subject_S012,64,0.0004931527713544787,,0.01546151194749341,,0.00019660738110366478
TCN1_c672f2b1,TCN1,loso_subject_S012,65,0.0004953724746611109,,0.01570358420746314,,0.00018594235253127373
TCN1_c672f2b1,TCN1,loso_subject_S012,66,0.0004584471063184936,,0.015178625064939003,,0.00017583867446385477
TCN1_c672f2b1,TCN1,loso_subject_S012,67,0.0004577705733448982,,0.015042447139201798,,0.00016631192604065853
TCN1_c672f2b1,TCN1,loso_subject_S012,68,0.00047697619958333006,,0.015131128296174568,,0.00015737679681724137
TCN1_c672f2b1,TCN1,loso_subject_S012,69,0.0004413099936873126,,0.014837908793924935,,0.0001490470641152345
TCN1_c672f2b1,TCN1,loso_subject_S012,70,0.0004874709008058354,,0.015087138318816478,,0.00014133557177871338
TCN1_c672f2b1,TCN1,loso_subject_S012,71,0.0004308855614936431,,0.014603740685267153,,0.00013425421036992097
TCN1_c672f2b1,TCN1,loso_subject_S012,72,0.0004536806395796525,,0.014946726199065775,,0.00012781389883488212
TCN1_c672f2b1,TCN1,loso_subject_S012,73,0.00045959576870046426,,0.01474615605682066,,0.0001220245676671809
TCN1_c672f2b1,TCN1,loso_subject_S012,74,0.00044824582330471575,,0.014609870862239348,,0.00011689514359585877
TCN1_c672f2b1,TCN1,loso_subject_S012,75,0.0004863618896785152,,0.014862976080395397,,0.00011243353582104555
TCN1_c672f2b1,TCN1,loso_subject_S012,76,0.0004493817914403046,,0.014650518369523698,,0.0001086466238185463
TCN1_c672f2b1,TCN1,loso_subject_S012,77,0.0004173714771977249,,0.014315362007420984,,0.00010554024673218805
TCN1_c672f2b1,TCN1,loso_subject_S012,78,0.0004294299296518009,,0.014575875084900828,,0.00010311919437028317
TCN1_c672f2b1,TCN1,loso_subject_S012,79,0.00042310747028171384,,0.014429058178307067,,0.00010138719982009242
TCN1_c672f2b1,TCN1,loso_subject_S012,80,0.0004352091304047991,,0.014758240577384667,,0.0001003469336916747
TCN1_c672f2b1,TCN1,loso_subject_S013,1,0.19852942332165804,,0.3111591010331259,,0.001
TCN1_c672f2b1,TCN1,loso_subject_S013,2,0.03799544173609885,,0.14431909604322868,,0.0009996530663083252
TCN1_c672f2b1,TCN1,loso_subject_S013,3,0.021848340305551658,,0.10932650258002333,,0.0009986128001799074
TCN1_c672f2b1,TCN1,loso_subject_S013,4,0.014748571229566106,,0.09113325734544338,,0.0009968808056297167
TCN1_c672f2b1,TCN1,loso_subject_S013,5,0.011049752592077106,,0.07878096211670697,,0.0009944597532678117
TCN1_c672f2b1,TCN1,loso_subject_S013,6,0.009063188731228472,,0.06888579966087217,,0.0009913533761814533
TCN1_c672f2b1,TCN1,loso_subject_S013,7,0.007138125909976263,,0.0626929871128123,,0.000987566464178954
TCN1_c672f2b1,TCN1,loso_subject_S013,8,0.006336933777425637,,0.05925555684529731,,0.0009831048564041408
TCN1_c672f2b1,TCN1,loso_subject_S013,9,0.006011287139315481,,0.056817764440641995,,0.0009779754323328187
TCN1_c672f2b1,TCN1,loso_subject_S013,10,0.0051755816548673846,,0.05339560101818501,,0.0009721861011651174
TCN1_c672f2b1,TCN1,loso_subject_S013,11,0.004105057884979891,,0.04743930617455627,,0.0009657457896300785
TCN1_c672f2b1,TCN1,loso_subject_S013,12,0.0040551790738895905,,0.046006017993176676,,0.000958664428221286
TCN1_c672f2b1,TCN1,loso_subject_S013,13,0.0035879715812013597,,0.04401630431873235,,0.000950952935884765
TCN1_c672f2b1,TCN1,loso_subject_S013,14,0.0032722162602586433,,0.042050924527758236,,0.0009426232031827582
TCN1_c672f2b1,TCN1,loso_subject_S013,15,0.0028152486493353635,,0.039548376091222325,,0.0009336880739593409
TCN1_c672f2b1,TCN1,loso_subject_S013,16,0.002677893236252973,,0.03797439311234411,,0.0009241613255361449
TCN1_c672f2b1,TCN1,loso_subject_S013,17,0.002562589810007779,,0.03673208142992016,,0.0009140576474687258
TCN1_c672f2b1,TCN1,loso_subject_S013,18,0.002331688260070732,,0.035254817367625264,,0.0009033926188963346
TCN1_c672f2b1,TCN1,loso_subject_S013,19,0.002150225932273488,,0.033967240659402924,,0.0008921826845200134
TCN1_c672f2b1,TCN1,loso_subject_S013,20,0.002140996746237203,,0.03387287309921368,,0.000880445129246058
TCN1_c672f2b1,TCN1,loso_subject_S013,21,0.002014696752444829,,0.032918405150143985,,0.0008681980515339459
TCN1_c672f2b1,TCN1,loso_subject_S013,22,0.0019666131871419906,,0.03220925888230015,,0.0008554603354898234
TCN1_c672f2b1,TCN1,loso_subject_S013,23,0.0016509774454492602,,0.02968705256391109,,0.0008422516217485822
TCN1_c672f2b1,TCN1,loso_subject_S013,24,0.001685810045445225,,0.02994275054853511,,0.0008285922771894248
TCN1_c672f2b1,TCN1,loso_subject_S013,25,0.0015479519583222988,,0.028412342067114117,,0.0008145033635316124
TCN1_c672f2b1,TCN1,loso_subject_S013,26,0.0014550213587126769,,0.027330766857324405,,0.0008000066048588205
TCN1_c672f2b1,TCN1,loso_subject_S013,27,0.001388884508404505,,0.027330232971963225,,0.0007851243541221765
TCN1_c672f2b1,TCN1,loso_subject_S013,28,0.0013415668230704865,,0.026812075039599433,,0.0007698795586736293
TCN1_c672f2b1,TCN1,loso_subject_S013,29,0.0014236106182098354,,0.02675282236847094,,0.0007542957248827956
TCN1_c672f2b1,TCN1,loso_subject_S013,30,0.0012412971951186764,,0.025507234869920344,,0.0007383968818918422
TCN1_c672f2b1,TCN1,loso_subject_S013,31,0.0012129584882764118,,0.024729770662380142,,0.00072220754456429
TCN1_c672f2b1,TCN1,loso_subject_S013,32,0.001182185367403236,,0.024856995073095193,,0.0007057526756848715
TCN1_c672f2b1,TCN1,loso_subject_S013,33,0.0011713521973912694,,0.02459450198883193,,0.000689057647468726
TCN1_c672f2b1,TCN1,loso_subject_S013,34,0.0010362774098329555,,0.023498751240763657,,0.000672148202439283
TCN1_c672f2b1,TCN1,loso_subject_S013,35,0.0010475317540458123,,0.023270020234892375,,0.0006550504137351571
TCN1_c672f2b1,TCN1,loso_subject_S013,36,0.001012572032799403,,0.022913773034832937,,0.0006377906449072574
TCN1_c672f2b1,TCN1,loso_subject_S013,37,0.0009510934600481722,,0.022171749241765,,0.0006203955092681036
TCN1_c672f2b1,TCN1,loso_subject_S013,38,0.0008778809754825325,,0.02152595628375543,,0.0006028918288560267
TCN1_c672f2b1,TCN1,loso_subject_S013,39,0.0009043001588312456,,0.021621770054225678,,0.00058530659307753
TCN1_c672f2b1,TCN1,loso_subject_S013,40,0.0009614213336367394,,0.0220630454851816,,0.0005676669170915806
TCN1_c672f2b1,TCN1,loso_subject_S013,41,0.0009031295879939538,,0.021574775044268277,,0.0005499999999999997
TCN1_c672f2b1,TCN1,loso_subject_S013,42,0.000770676429568506,,0.020327110192600376,,0.000532333082908419
TCN1_c672f2b1,TCN1,loso_subject_S013,43,0.0008023527281277085,,0.020392147919178576,,0.0005146934069224697
TCN1_c672f2b1,TCN1,loso_subject_S013,44,0.0007660212902537816,,0.019904567174003643,,0.000497108171143973
TCN1_c672f2b1,TCN1,loso_subject_S013,45,0.0007119272958596645,,0.019347266202366084,,0.00047960449073189616
TCN1_c672f2b1,TCN1,loso_subject_S013,46,0.0006853979147063659,,0.019146624428892898,,0.00046220935509274226
TCN1_c672f2b1,TCN1,loso_subject_S013,47,0.0007633073793305471,,0.019575997875519495,,0.00044494958626484254
TCN1_c672f2b1,TCN1,loso_subject_S013,48,0.0006735499146336984,,0.018161052528631785,,0.00042785179756071645
TCN1_c672f2b1,TCN1,loso_subject_S013,49,0.0006539190152421382,,0.018406118762326975,,0.0004109423525312737
TCN1_c672f2b1,TCN1,loso_subject_S013,50,0.0006041740102379683,,0.01783643338016167,,0.0003942473243151282
TCN1_c672f2b1,TCN1,loso_subject_S013,51,0.0005831102950250993,,0.01756020368453588,,0.0003777924554357096
TCN1_c672f2b1,TCN1,loso_subject_S013,52,0.0006709329243683094,,0.01875009471031341,,0.0003616031181081575
TCN1_c672f2b1,TCN1,loso_subject_S013,53,0.0006671182716387951,,0.018395598888317672,,0.000345704275117204
TCN1_c672f2b1,TCN1,loso_subject_S013,54,0.000602103077087326,,0.017679547981612056,,0.00033012044132637024
TCN1_c672f2b1,TCN1,loso_subject_S013,55,0.000663950485064099,,0.017995437291204435,,0.00031487564587782306
TCN1_c672f2b1,TCN1,loso_subject_S013,56,0.0006410498970242334,,0.018085947479005385,,0.00029999339514117897
TCN1_c672f2b1,TCN1,loso_subject_S013,57,0.0005249734745611694,,0.016563158559647177,,0.0002854966364683872
TCN1_c672f2b1,TCN1,loso_subject_S013,58,0.0005097723831693296,,0.01616769183254751,,0.0002714077228105749
TCN1_c672f2b1,TCN1,loso_subject_S013,59,0.000516524465103089,,0.016206058493482826,,0.00025774837825141746
TCN1_c672f2b1,TCN1,loso_subject_S013,60,0.00050298310640215,,0.015989863606499042,,0.0002445396645101764
TCN1_c672f2b1,TCN1,loso_subject_S013,61,0.00047228499804540566,,0.015881183743918777,,0.0002318019484660537
TCN1_c672f2b1,TCN1,loso_subject_S013,62,0.0005008049447626353,,0.016088636336828253,,0.00021955487075394156
TCN1_c672f2b1,TCN1,loso_subject_S013,63,0.0005623851688733392,,0.016358499532324634,,0.0002078173154799862
TCN1_c672f2b1,TCN1,loso_subject_S013,64,0.000501417114387221,,0.01589911828239582,,0.00019660738110366478
TCN1_c672f2b1,TCN1,loso_subject_S013,65,0.0005523383670982552,,0.016289105563737177,,0.00018594235253127373
TCN1_c672f2b1,TCN1,loso_subject_S013,66,0.00048047157425946014,,0.015822287726250266,,0.00017583867446385477
TCN1_c672f2b1,TCN1,loso_subject_S013,67,0.0005124282921953867,,0.015951195656634592,,0.00016631192604065853
TCN1_c672f2b1,TCN1,loso_subject_S013,68,0.0005064490177706745,,0.01613443696811742,,0.00015737679681724137
TCN1_c672f2b1,TCN1,loso_subject_S013,69,0.0004682232717478544,,0.015330920427869718,,0.0001490470641152345
TCN1_c672f2b1,TCN1,loso_subject_S013,70,0.0004828650518022212,,0.015463956935532293,,0.00014133557177871338
TCN1_c672f2b1,TCN1,loso_subject_S013,71,0.00043580282000606067,,0.015138580864858798,,0.00013425421036992097
TCN1_c672f2b1,TCN1,loso_subject_S013,72,0.0004344009395196044,,0.014893916385824994,,0.00012781389883488212
TCN1_c672f2b1,TCN1,loso_subject_S013,73,0.00041596574863073143,,0.014803383138123568,,0.0001220245676671809
TCN1_c672f2b1,TCN1,loso_subject_S013,74,0.0004378253673653484,,0.014980300275491791,,0.00011689514359585877
TCN1_c672f2b1,TCN1,loso_subject_S013,75,0.0004389378379462541,,0.014806213573257693,,0.00011243353582104555
TCN1_c672f2b1,TCN1,loso_subject_S013,76,0.00042684140167318393,,0.014852245986762137,,0.0001086466238185463
TCN1_c672f2b1,TCN1,loso_subject_S013,77,0.00041507306713931273,,0.014484048318360906,,0.00010554024673218805
TCN1_c672f2b1,TCN1,loso_subject_S013,78,0.0004587598050377483,,0.014860668020767038,,0.00010311919437028317
TCN1_c672f2b1,TCN1,loso_subject_S013,79,0.0004605592427262097,,0.015015102359482826,,0.00010138719982009242
TCN1_c672f2b1,TCN1,loso_subject_S013,80,0.0004106008838416129,,0.014421154457682463,,0.0001003469336916747
TCN1_c672f2b1,TCN1,loso_subject_S014,1,0.23076736788508478,,0.3294542259659585,,0.001
TCN1_c672f2b1,TCN1,loso_subject_S014,2,0.04145998778449825,,0.1478444167945392,,0.0009996530663083252
TCN1_c672f2b1,TCN1,loso_subject_S014,3,0.025803984991135485,,0.11638965871938863,,0.0009986128001799074
TCN1_c672f2b1,TCN1,loso_subject_S014,4,0.015921875397480828,,0.09165871585569074,,0.0009968808056297167
TCN1_c672f2b1,TCN1,loso_subject_S014,5,0.012308080458898873,,0.08107830772826399,,0.0009944597532678117
TCN1_c672f2b1,TCN1,loso_subject_S014,6,0.00992356896553396,,0.0733466748530564,,0.0009913533761814533
TCN1_c672f2b1,TCN1,loso_subject_S014,7,0.00791751102754666,,0.06449582484985027,,0.000987566464178954
TCN1_c672f2b1,TCN1,loso_subject_S014,8,0.006524573996816038,,0.059007351367005155,,0.0009831048564041408
TCN1_c672f2b1,TCN1,loso_subject_S014,9,0.005890760101143085,,0.05545601590681286,,0.0009779754323328187
TCN1_c672f2b1,TCN1,loso_subject_S014,10,0.005037603074209519,,0.05071195873521989,,0.0009721861011651174
TCN1_c672f2b1,TCN1,loso_subject_S014,11,0.004530057725646804,,0.04874620405066747,,0.0009657457896300785
TCN1_c672f2b1,TCN1,loso_subject_S014,12,0.00378602491555151,,0.04469912236343381,,0.000958664428221286
TCN1_c672f2b1,TCN1,loso_subject_S014,13,0.003811890379828879,,0.04403848994599759,,0.000950952935884765
TCN1_c672f2b1,TCN1,loso_subject_S014,14,0.003263121437079265,,0.04095547629678704,,0.0009426232031827582
TCN1_c672f2b1,TCN1,loso_subject_S014,15,0.003262738975466849,,0.040756485134887555,,0.0009336880739593409
TCN1_c672f2b1,TCN1,loso_subject_S014,16,0.002684722976524197,,0.03763556480189223,,0.0009241613255361449
TCN1_c672f2b1,TCN1,loso_subject_S014,17,0.0025843041514038295,,0.03531103766799148,,0.0009140576474687258
TCN1_c672f2b1,TCN1,loso_subject_S014,18,0.002492324764843036,,0.03500681069851621,,0.0009033926188963346
TCN1_c672f2b1,TCN1,loso_subject_S014,19,0.0023986747487013903,,0.03508406660118061,,0.0008921826845200134
TCN1_c672f2b1,TCN1,loso_subject_S014,20,0.0023486077943898715,,0.0342975095504365,,0.000880445129246058
TCN1_c672f2b1,TCN1,loso_subject_S014,21,0.0020212628232052993,,0.03209933726843501,,0.0008681980515339459
TCN1_c672f2b1,TCN1,loso_subject_S014,22,0.00178048306389212,,0.030073831079642444,,0.0008554603354898234
TCN1_c672f2b1,TCN1,loso_subject_S014,23,0.0014905509536217384,,0.027595539224986806,,0.0008422516217485822
TCN1_c672f2b1,TCN1,loso_subject_S014,24,0.0016430959791351994,,0.02845263648505085,,0.0008285922771894248
TCN1_c672f2b1,TCN1,loso_subject_S014,25,0.0015189057963018106,,0.02780309714420625,,0.0008145033635316124
TCN1_c672f2b1,TCN1,loso_subject_S014,26,0.0014710595242711892,,0.02738805748959266,,0.0008000066048588205
TCN1_c672f2b1,TCN1,loso_subject_S014,27,0.0013041701414308283,,0.02534907147659759,,0.0007851243541221765
TCN1_c672f2b1,TCN1,loso_subject_S014,28,0.0013899225707485442,,0.025748102017336925,,0.0007698795586736293
TCN1_c672f2b1,TCN1,loso_subject_S014,29,0.0011839171359793465,,0.02433540452042283,,0.0007542957248827956
TCN1_c672f2b1,TCN1,loso_subject_S014,30,0.0013069878548419218,,0.02534365892585072,,0.0007383968818918422
TCN1_c672f2b1,TCN1,loso_subject_S014,31,0.0011922026266783607,,0.02446907477294944,,0.00072220754456429
TCN1_c672f2b1,TCN1,loso_subject_S014,32,0.0010602719098591735,,0.023390392384483667,,0.0007057526756848715
TCN1_c672f2b1,TCN1,loso_subject_S014,33,0.0010381397931519731,,0.022813755811309535,,0.000689057647468726
TCN1_c672f2b1,TCN1,loso_subject_S014,34,0.0008881914289053693,,0.02154203599914253,,0.000672148202439283
TCN1_c672f2b1,TCN1,loso_subject_S014,35,0.0009710032677911549,,0.02213290768000912,,0.0006550504137351571
TCN1_c672f2b1,TCN1,loso_subject_S014,36,0.0009784252058832067,,0.021912826274322277,,0.0006377906449072574
TCN1_c672f2b1,TCN1,loso_subject_S014,37,0.0008679582228709307,,0.020556031258181392,,0.0006203955092681036
TCN1_c672f2b1,TCN1,loso_subject_S014,38,0.0009511754451363274,,0.021516156081885885,,0.0006028918288560267
TCN1_c672f2b1,TCN1,loso_subject_S014,39,0.0008303802491157504,,0.02051558209217189,,0.00058530659307753
TCN1_c672f2b1,TCN1,loso_subject_S014,40,0.0008293764361540877,,0.020341253397532923,,0.0005676669170915806
TCN1_c672f2b1,TCN1,loso_subject_S014,41,0.0008346495107621982,,0.020620386685924797,,0.0005499999999999997
TCN1_c672f2b1,TCN1,loso_subject_S014,42,0.0008610007687949076,,0.020605534646671014,,0.000532333082908419
TCN1_c672f2b1,TCN1,loso_subject_S014,43,0.0008262935341704538,,0.019693667312696183,,0.0005146934069224697
TCN1_c672f2b1,TCN1,loso_subject_S014,44,0.0007320574738079807,,0.01879207705122984,,0.000497108171143973
TCN1_c672f2b1,TCN1,loso_subject_S014,45,0.0007628919801516376,,0.019458966509403545,,0.00047960449073189616
TCN1_c672f2b1,TCN1,loso_subject_S014,46,0.0006787747600801355,,0.01825945067309564,,0.00046220935509274226
TCN1_c672f2b1,TCN1,loso_subject_S014,47,0.0007316825958856455,,0.01868836617321213,,0.00044494958626484254
TCN1_c672f2b1,TCN1,loso_subject_S014,48,0.000668162588628222,,0.018114138096352476,,0.00042785179756071645
TCN1_c672f2b1,TCN1,loso_subject_S014,49,0.000732910766589245,,0.01933272402525997,,0.0004109423525312737
TCN1_c672f2b1,TCN1,loso_subject_S014,50,0.0006275222730301211,,0.017498855659863817,,0.0003942473243151282
TCN1_c672f2b1,TCN1,loso_subject_S014,51,0.0006527021975028451,,0.018074386951423462,,0.0003777924554357096
TCN1_c672f2b1,TCN1,loso_subject_S014,52,0.0006003231895798025,,0.017080100434572816,,0.0003616031181081575
TCN1_c672f2b1,TCN1,loso_subject_S014,53,0.0005707082220508862,,0.01675537447404127,,0.000345704275117204
TCN1_c672f2b1,TCN1,loso_subject_S014,54,0.0006096853374823098,,0.01725772769679247,,0.00033012044132637024
TCN1_c672f2b1,TCN1,loso_subject_S014,55,0.0005421053135376342,,0.016336744489514235,,0.00031487564587782306
TCN1_c672f2b1,TCN1,loso_subject_S014,56,0.0005584216571844502,,0.01617886785122831,,0.00029999339514117897
TCN1_c672f2b1,TCN1,loso_subject_S014,57,0.0005308567522410467,,0.01587037579415918,,0.0002854966364683872
TCN1_c672f2b1,TCN1,loso_subject_S014,58,0.0005291326733475382,,0.016041395411201236,,0.0002714077228105749
TCN1_c672f2b1,TCN1,loso_subject_S014,59,0.0005382566410663082,,0.016095840244873528,,0.00025774837825141746
TCN1_c672f2b1,TCN1,loso_subject_S014,60,0.0005525842141288352,,0.016123952852054077,,0.0002445396645101764
TCN1_c672f2b1,TCN1,loso_subject_S014,61,0.00046604690377537677,,0.015266441575680311,,0.0002318019484660537
TCN1_c672f2b1,TCN1,loso_subject_S014,62,0.0004963939141310052,,0.015371576257465172,,0.00021955487075394156
TCN1_c672f2b1,TCN1,loso_subject_S014,63,0.0004894844717735321,,0.015558262854333847,,0.0002078173154799862
TCN1_c672f2b1,TCN1,loso_subject_S014,64,0.00047284350119383673,,0.015273088217327847,,0.00019660738110366478
TCN1_c672f2b1,TCN1,loso_subject_S014,65,0.0005199249523153796,,0.015340860910123743,,0.00018594235253127373
TCN1_c672f2b1,TCN1,loso_subject_S014,66,0.0004911721846712835,,0.015086426448262682,,0.00017583867446385477
TCN1_c672f2b1,TCN1,loso_subject_S014,67,0.0004632271367433833,,0.01480002084479304,,0.00016631192604065853
TCN1_c672f2b1,TCN1,loso_subject_S014,68,0.0004724700092624796,,0.015118575657655068,,0.00015737679681724137
TCN1_c672f2b1,TCN1,loso_subject_S014,69,0.00046379500105594697,,0.014799965228721543,,0.0001490470641152345
TCN1_c672f2b1,TCN1,loso_subject_S014,70,0.0004744931598005494,,0.015180512701224022,,0.00014133557177871338
TCN1_c672f2b1,TCN1,loso_subject_S014,71,0.0004518333248776326,,0.014812800788001056,,0.00013425421036992097
TCN1_c672f2b1,TCN1,loso_subject_S014,72,0.00043725511188894684,,0.014508239011610708,,0.00012781389883488212
TCN1_c672f2b1,TCN1,loso_subject_S014,73,0.00046277382640479424,,0.014588483737623238,,0.0001220245676671809
TCN1_c672f2b1,TCN1,loso_subject_S014,74,0.00039903890014464946,,0.01409825323657556,,0.00011689514359585877
TCN1_c672f2b1,TCN1,loso_subject_S014,75,0.00040469441932962,,0.014201147225070909,,0.00011243353582104555
TCN1_c672f2b1,TCN1,loso_subject_S014,76,0.0004782353236976345,,0.01448815344966664,,0.0001086466238185463
TCN1_c672f2b1,TCN1,loso_subject_S014,77,0.0004079244162885969,,0.014132402921395917,,0.00010554024673218805
TCN1_c672f2b1,TCN1,loso_subject_S014,78,0.0004164351791189847,,0.014167641341424059,,0.00010311919437028317
TCN1_c672f2b1,TCN1,loso_subject_S014,79,0.00043916188008384096,,0.014220890520779617,,0.00010138719982009242
TCN1_c672f2b1,TCN1,loso_subject_S014,80,0.0004148286227560179,,0.013861579328906502,,0.0001003469336916747
TCN1_c672f2b1,TCN1,loso_subject_S016,1,0.25120464742300336,,0.3463796916976463,,0.001
TCN1_c672f2b1,TCN1,loso_subject_S016,2,0.04113600439632084,,0.152743972375639,,0.0009996530663083252
TCN1_c672f2b1,TCN1,loso_subject_S016,3,0.0219320876409901,,0.1113258999140237,,0.0009986128001799074
TCN1_c672f2b1,TCN1,loso_subject_S016,4,0.015449404403800618,,0.09270290546518853,,0.0009968808056297167
TCN1_c672f2b1,TCN1,loso_subject_S016,5,0.01126742845865074,,0.07925802533195896,,0.0009944597532678117
TCN1_c672f2b1,TCN1,loso_subject_S016,6,0.009740727756493211,,0.073821011134665,,0.0009913533761814533
TCN1_c672f2b1,TCN1,loso_subject_S016,7,0.007928460303647565,,0.0652689214122921,,0.000987566464178954
TCN1_c672f2b1,TCN1,loso_subject_S016,8,0.006273825661943257,,0.05828617696365988,,0.0009831048564041408
TCN1_c672f2b1,TCN1,loso_subject_S016,9,0.005883266116206492,,0.056392364804469595,,0.0009779754323328187
TCN1_c672f2b1,TCN1,loso_subject_S016,10,0.005087867469377502,,0.05233212303349715,,0.0009721861011651174
TCN1_c672f2b1,TCN1,loso_subject_S016,11,0.004733978823868563,,0.050135139732360494,,0.0009657457896300785
TCN1_c672f2b1,TCN1,loso_subject_S016,12,0.004324093948975184,,0.04771547258833451,,0.000958664428221286
TCN1_c672f2b1,TCN1,loso_subject_S016,13,0.0038160727616960103,,0.04518998217158436,,0.000950952935884765
TCN1_c672f2b1,TCN1,loso_subject_S016,14,0.0033124296646619205,,0.042256338078454116,,0.0009426232031827582
TCN1_c672f2b1,TCN1,loso_subject_S016,15,0.00273446441548651,,0.039093166624300374,,0.0009336880739593409
TCN1_c672f2b1,TCN1,loso_subject_S016,16,0.0026287481389404054,,0.037153761993762066,,0.0009241613255361449
TCN1_c672f2b1,TCN1,loso_subject_S016,17,0.0024314645306383028,,0.03596968898670108,,0.0009140576474687258
TCN1_c672f2b1,TCN1,loso_subject_S016,18,0.0022974793067313763,,0.035157250050886296,,0.0009033926188963346
TCN1_c672f2b1,TCN1,loso_subject_S016,19,0.002210799448173758,,0.03416676825697127,,0.0008921826845200134
TCN1_c672f2b1,TCN1,loso_subject_S016,20,0.0020675102833936044,,0.03270235522786546,,0.000880445129246058
TCN1_c672f2b1,TCN1,loso_subject_S016,21,0.0022293643643968857,,0.03432279952447219,,0.0008681980515339459
TCN1_c672f2b1,TCN1,loso_subject_S016,22,0.0019776935848602136,,0.03301243055757663,,0.0008554603354898234
TCN1_c672f2b1,TCN1,loso_subject_S016,23,0.0017637550507416417,,0.030971244230291815,,0.0008422516217485822
TCN1_c672f2b1,TCN1,loso_subject_S016,24,0.0016736256688896422,,0.030368716931513304,,0.0008285922771894248
TCN1_c672f2b1,TCN1,loso_subject_S016,25,0.0015384123994309697,,0.029188100370627343,,0.0008145033635316124
TCN1_c672f2b1,TCN1,loso_subject_S016,26,0.0014324541587183274,,0.027482027319176504,,0.0008000066048588205
TCN1_c672f2b1,TCN1,loso_subject_S016,27,0.0012835543266521586,,0.02595147310123474,,0.0007851243541221765
TCN1_c672f2b1,TCN1,loso_subject_S016,28,0.0012844655488675233,,0.025980321581889388,,0.0007698795586736293
TCN1_c672f2b1,TCN1,loso_subject_S016,29,0.001349000808506503,,0.02649195197668325,,0.0007542957248827956
TCN1_c672f2b1,TCN1,loso_subject_S016,30,0.001324596708758188,,0.026043179042898733,,0.0007383968818918422
TCN1_c672f2b1,TCN1,loso_subject_S016,31,0.0011711680770412338,,0.02505012676357428,,0.00072220754456429
TCN1_c672f2b1,TCN1,loso_subject_S016,32,0.0010939253878661708,,0.023863762415131128,,0.0007057526756848715
TCN1_c672f2b1,TCN1,loso_subject_S016,33,0.001120406288249787,,0.024330094639750867,,0.000689057647468726
TCN1_c672f2b1,TCN1,loso_subject_S016,34,0.0011093984047481809,,0.02403866303676918,,0.000672148202439283
TCN1_c672f2b1,TCN1,loso_subject_S016,35,0.0009904288361834621,,0.022561979326442484,,0.0006550504137351571
TCN1_c672f2b1,TCN1,loso_subject_S016,36,0.0009826782213040097,,0.022245005072869747,,0.0006377906449072574
TCN1_c672f2b1,TCN1,loso_subject_S016,37,0.0009114136963596129,,0.021709709826000328,,0.0006203955092681036
TCN1_c672f2b1,TCN1,loso_subject_S016,38,0.0009864883046547558,,0.02270263757002582,,0.0006028918288560267
TCN1_c672f2b1,TCN1,loso_subject_S016,39,0.0009019007847519366,,0.021839172691409225,,0.00058530659307753
TCN1_c672f2b1,TCN1,loso_subject_S016,40,0.0008730924001635126,,0.02117505913212027,,0.0005676669170915806
TCN1_c672f2b1,TCN1,loso_subject_S016,41,0.0009422075917696428,,0.021254384220532142,,0.0005499999999999997
TCN1_c672f2b1,TCN1,loso_subject_S016,42,0.0007646665228097371,,0.020024575778032325,,0.000532333082908419
TCN1_c672f2b1,TCN1,loso_subject_S016,43,0.0007152588742064994,,0.019506769087387014,,0.0005146934069224697
TCN1_c672f2b1,TCN1,loso_subject_S016,44,0.0007705175262282741,,0.019543606254887012,,0.000497108171143973
TCN1_c672f2b1,TCN1,loso_subject_S016,45,0.0007550077088816898,,0.01950049535397016,,0.00047960449073189616
TCN1_c672f2b1,TCN1,loso_subject_S016,46,0.0007053086741793135,,0.01958780537585429,,0.00046220935509274226
TCN1_c672f2b1,TCN1,loso_subject_S016,47,0.0006347489853199327,,0.018362441770656796,,0.00044494958626484254
TCN1_c672f2b1,TCN1,loso_subject_S016,48,0.0006737106948167196,,0.018463272350241082,,0.00042785179756071645
TCN1_c672f2b1,TCN1,loso_subject_S016,49,0.0006918499912733412,,0.018883347811021297,,0.0004109423525312737
TCN1_c672f2b1,TCN1,loso_subject_S016,50,0.0006237245345324554,,0.01808412969987283,,0.0003942473243151282
TCN1_c672f2b1,TCN1,loso_subject_S016,51,0.0005918721280916829,,0.017505358016211836,,0.0003777924554357096
TCN1_c672f2b1,TCN1,loso_subject_S016,52,0.0006482181288716436,,0.01764556469660923,,0.0003616031181081575
TCN1_c672f2b1,TCN1,loso_subject_S016,53,0.0005835227697785802,,0.01729660062996952,,0.000345704275117204
TCN1_c672f2b1,TCN1,loso_subject_S016,54,0.000637242885995181,,0.017820794909229033,,0.00033012044132637024
TCN1_c672f2b1,TCN1,loso_subject_S016,55,0.0006400028326491661,,0.017984713275697343,,0.00031487564587782306
TCN1_c672f2b1,TCN1,loso_subject_S016,56,0.0005771521235175272,,0.01700330030623468,,0.00029999339514117897
TCN1_c672f2b1,TCN1,loso_subject_S016,57,0.000522679666186977,,0.0164708199563295,,0.0002854966364683872
TCN1_c672f2b1,TCN1,loso_subject_S016,58,0.0005519466068211264,,0.01662410949198888,,0.0002714077228105749
TCN1_c672f2b1,TCN1,loso_subject_S016,59,0.0005504674836547673,,0.016607184998343287,,0.00025774837825141746
TCN1_c672f2b1,TCN1,loso_subject_S016,60,0.0005445915147105638,,0.016439809581379885,,0.0002445396645101764
TCN1_c672f2b1,TCN1,loso_subject_S016,61,0.00058758431658698,,0.01693409910194941,,0.0002318019484660537
TCN1_c672f2b1,TCN1,loso_subject_S016,62,0.0005376276310572304,,0.01626272006762325,,0.00021955487075394156
TCN1_c672f2b1,TCN1,loso_subject_S016,63,0.0004930902699965964,,0.015623422825066862,,0.0002078173154799862
TCN1_c672f2b1,TCN1,loso_subject_S016,64,0.0004988515592671236,,0.01564511372152879,,0.00019660738110366478
TCN1_c672f2b1,TCN1,loso_subject_S016,65,0.0004605635978423532,,0.015370207960766255,,0.00018594235253127373
TCN1_c672f2b1,TCN1,loso_subject_S016,66,0.0005028286296803403,,0.01559063445595243,,0.00017583867446385477
TCN1_c672f2b1,TCN1,loso_subject_S016,67,0.0005101765094246099,,0.016047522406209616,,0.00016631192604065853
TCN1_c672f2b1,TCN1,loso_subject_S016,68,0.000429767505941177,,0.014789246769055452,,0.00015737679681724137
TCN1_c672f2b1,TCN1,loso_subject_S016,69,0.0004450958430915304,,0.015085164881501726,,0.0001490470641152345
TCN1_c672f2b1,TCN1,loso_subject_S016,70,0.0005378067321735403,,0.015781101925964457,,0.00014133557177871338
TCN1_c672f2b1,TCN1,loso_subject_S016,71,0.00047295329248207,,0.015379143742183977,,0.00013425421036992097
TCN1_c672f2b1,TCN1,loso_subject_S016,72,0.00045282703002919646,,0.014963195254179957,,0.00012781389883488212
TCN1_c672f2b1,TCN1,loso_subject_S016,73,0.00045226852110115596,,0.01491825448559199,,0.0001220245676671809
TCN1_c672f2b1,TCN1,loso_subject_S016,74,0.0004727326631531169,,0.015062516030527934,,0.00011689514359585877
TCN1_c672f2b1,TCN1,loso_subject_S016,75,0.000442083456545958,,0.01478705308072012,,0.00011243353582104555
TCN1_c672f2b1,TCN1,loso_subject_S016,76,0.00044271478966250046,,0.014842368455786797,,0.0001086466238185463
TCN1_c672f2b1,TCN1,loso_subject_S016,77,0.0004552890287630398,,0.01487435614725288,,0.00010554024673218805
TCN1_c672f2b1,TCN1,loso_subject_S016,78,0.00043556660280045026,,0.014694950658375455,,0.00010311919437028317
TCN1_c672f2b1,TCN1,loso_subject_S016,79,0.00041124252658657337,,0.014637755082904533,,0.00010138719982009242
TCN1_c672f2b1,TCN1,loso_subject_S016,80,0.00044959699891323465,,0.01464174864405945,,0.0001003469336916747
TCN1_c672f2b1,TCN1,loso_subject_S017,1,0.19167916241169533,,0.3047237854442217,,0.001
TCN1_c672f2b1,TCN1,loso_subject_S017,2,0.03752974289048472,,0.14130825036373296,,0.0009996530663083252
TCN1_c672f2b1,TCN1,loso_subject_S017,3,0.020859182541819173,,0.10606804399356351,,0.0009986128001799074
TCN1_c672f2b1,TCN1,loso_subject_S017,4,0.015400021086148132,,0.09195382575519749,,0.0009968808056297167
TCN1_c672f2b1,TCN1,loso_subject_S017,5,0.01155886668668279,,0.0785632599014309,,0.0009944597532678117
TCN1_c672f2b1,TCN1,loso_subject_S017,6,0.00861272501019844,,0.0678250213749096,,0.0009913533761814533
TCN1_c672f2b1,TCN1,loso_subject_S017,7,0.007024604748646604,,0.06185359802681612,,0.000987566464178954
TCN1_c672f2b1,TCN1,loso_subject_S017,8,0.006357018202237907,,0.058011773162340394,,0.0009831048564041408
TCN1_c672f2b1,TCN1,loso_subject_S017,9,0.0055725793288780735,,0.05411263678301414,,0.0009779754323328187
TCN1_c672f2b1,TCN1,loso_subject_S017,10,0.004425869517429651,,0.048090183091038005,,0.0009721861011651174
TCN1_c672f2b1,TCN1,loso_subject_S017,11,0.004045359875932685,,0.045900943128509876,,0.0009657457896300785
TCN1_c672f2b1,TCN1,loso_subject_S017,12,0.003966113745477007,,0.0462336505586565,,0.000958664428221286
TCN1_c672f2b1,TCN1,loso_subject_S017,13,0.0033486554883333224,,0.04200714845777395,,0.000950952935884765
TCN1_c672f2b1,TCN1,loso_subject_S017,14,0.002914512642840277,,0.039854494684683356,,0.0009426232031827582
TCN1_c672f2b1,TCN1,loso_subject_S017,15,0.0029812437505079585,,0.039261257332647154,,0.0009336880739593409
TCN1_c672f2b1,TCN1,loso_subject_S017,16,0.0026477571501586352,,0.036433804710450164,,0.0009241613255361449
TCN1_c672f2b1,TCN1,loso_subject_S017,17,0.0023887268582738464,,0.0355161399573995,,0.0009140576474687258
TCN1_c672f2b1,TCN1,loso_subject_S017,18,0.0023788566765456137,,0.03524633212586477,,0.0009033926188963346
TCN1_c672f2b1,TCN1,loso_subject_S017,19,0.002074286537692038,,0.032766616983945535,,0.0008921826845200134
TCN1_c672f2b1,TCN1,loso_subject_S017,20,0.0019572501872890833,,0.032121093263217104,,0.000880445129246058
TCN1_c672f2b1,TCN1,loso_subject_S017,21,0.0016894141210469938,,0.02987750569048754,,0.0008681980515339459
TCN1_c672f2b1,TCN1,loso_subject_S017,22,0.0016759313537741398,,0.029427175185440295,,0.0008554603354898234
TCN1_c672f2b1,TCN1,loso_subject_S017,23,0.0016901575697398368,,0.02915883825031879,,0.0008422516217485822
TCN1_c672f2b1,TCN1,loso_subject_S017,24,0.001468018764156665,,0.02750756694069372,,0.0008285922771894248
TCN1_c672f2b1,TCN1,loso_subject_S017,25,0.0014475433908913294,,0.02754964887554947,,0.0008145033635316124
TCN1_c672f2b1,TCN1,loso_subject_S017,26,0.0013651454134733009,,0.02667376068387992,,0.0008000066048588205
TCN1_c672f2b1,TCN1,loso_subject_S017,27,0.0014173354715244098,,0.02681502511842608,,0.0007851243541221765
TCN1_c672f2b1,TCN1,loso_subject_S017,28,0.0014793464098239112,,0.027656454649651357,,0.0007698795586736293
TCN1_c672f2b1,TCN1,loso_subject_S017,29,0.0012543907272356805,,0.025413606638651543,,0.0007542957248827956
TCN1_c672f2b1,TCN1,loso_subject_S017,30,0.001245613068541778,,0.025257041259064607,,0.0007383968818918422
TCN1_c672f2b1,TCN1,loso_subject_S017,31,0.001269065704364635,,0.025235414190928885,,0.00072220754456429
TCN1_c672f2b1,TCN1,loso_subject_S017,32,0.0009946599963259616,,0.02283882655953635,,0.0007057526756848715
TCN1_c672f2b1,TCN1,loso_subject_S017,33,0.0009833360956469223,,0.022700113242173643,,0.000689057647468726
TCN1_c672f2b1,TCN1,loso_subject_S017,34,0.0009497253118471114,,0.02236439317325239,,0.000672148202439283
TCN1_c672f2b1,TCN1,loso_subject_S017,35,0.0009721572174466013,,0.022316934750251805,,0.0006550504137351571
TCN1_c672f2b1,TCN1,loso_subject_S017,36,0.0009285911333701405,,0.02164237047229355,,0.0006377906449072574
TCN1_c672f2b1,TCN1,loso_subject_S017,37,0.0009505178357324012,,0.021618297594038886,,0.0006203955092681036
TCN1_c672f2b1,TCN1,loso_subject_S017,38,0.0010134682094185357,,0.023029047690454076,,0.0006028918288560267
TCN1_c672f2b1,TCN1,loso_subject_S017,39,0.0007907702598177699,,0.020363720247316974,,0.00058530659307753
TCN1_c672f2b1,TCN1,loso_subject_S017,40,0.0008762423435729913,,0.020792710091002652,,0.0005676669170915806
TCN1_c672f2b1,TCN1,loso_subject_S017,41,0.0007970884613544447,,0.02014374743876608,,0.0005499999999999997
TCN1_c672f2b1,TCN1,loso_subject_S017,42,0.0007823239019537558,,0.019774363387105615,,0.000532333082908419
TCN1_c672f2b1,TCN1,loso_subject_S017,43,0.0007691801489119264,,0.019933871964136665,,0.0005146934069224697
TCN1_c672f2b1,TCN1,loso_subject_S017,44,0.0007283038286458422,,0.019044179124735838,,0.000497108171143973
TCN1_c672f2b1,TCN1,loso_subject_S017,45,0.0007357977787894251,,0.01914870785658337,,0.00047960449073189616
TCN1_c672f2b1,TCN1,loso_subject_S017,46,0.0007395279311997035,,0.019368311588759304,,0.00046220935509274226
TCN1_c672f2b1,TCN1,loso_subject_S017,47,0.0006469661995345417,,0.0177305919495553,,0.00044494958626484254
TCN1_c672f2b1,TCN1,loso_subject_S017,48,0.0006433269961854875,,0.017889229482611253,,0.00042785179756071645
TCN1_c672f2b1,TCN1,loso_subject_S017,49,0.0006291863885577289,,0.017914628479149916,,0.0004109423525312737
TCN1_c672f2b1,TCN1,loso_subject_S017,50,0.0006813166062025881,,0.01869326751391279,,0.0003942473243151282
TCN1_c672f2b1,TCN1,loso_subject_S017,51,0.0006298119254329567,,0.018051600598444423,,0.0003777924554357096
TCN1_c672f2b1,TCN1,loso_subject_S017,52,0.0005467843736818527,,0.01713976770883701,,0.0003616031181081575
TCN1_c672f2b1,TCN1,loso_subject_S017,53,0.0005676302721067409,,0.017297859493407487,,0.000345704275117204
TCN1_c672f2b1,TCN1,loso_subject_S017,54,0.0005823664539777162,,0.01714122777399051,,0.00033012044132637024
TCN1_c672f2b1,TCN1,loso_subject_S017,55,0.0005757097079608353,,0.016960079256070022,,0.00031487564587782306
TCN1_c672f2b1,TCN1,loso_subject_S017,56,0.0005297455779223352,,0.01630764585468194,,0.00029999339514117897
TCN1_c672f2b1,TCN1,loso_subject_S017,57,0.0005333028531025886,,0.016134975131260845,,0.0002854966364683872
TCN1_c672f2b1,TCN1,loso_subject_S017,58,0.0004925201210766961,,0.015992520198191078,,0.0002714077228105749
TCN1_c672f2b1,TCN1,loso_subject_S017,59,0.0005274689647279663,,0.016238937357253017,,0.00025774837825141746
TCN1_c672f2b1,TCN1,loso_subject_S017,60,0.0004803823810577855,,0.015712786365553424,,0.0002445396645101764
TCN1_c672f2b1,TCN1,loso_subject_S017,61,0.0005102750976936373,,0.015916600862661903,,0.0002318019484660537
TCN1_c672f2b1,TCN1,loso_subject_S017,62,0.0004677273674821154,,0.015536962508876095,,0.00021955487075394156
TCN1_c672f2b1,TCN1,loso_subject_S017,63,0.0004937827335757834,,0.015606456041440751,,0.0002078173154799862
TCN1_c672f2b1,TCN1,loso_subject_S017,64,0.00046327956477769014,,0.015348072885699239,,0.00019660738110366478
TCN1_c672f2b1,TCN1,loso_subject_S017,65,0.0004410800711901758,,0.01467449392957626,,0.00018594235253127373
TCN1_c672f2b1,TCN1,loso_subject_S017,66,0.00043749134097165437,,0.015014941147604927,,0.00017583867446385477
TCN1_c672f2b1,TCN1,loso_subject_S017,67,0.0004273370601917318,,0.014816344133305605,,0.00016631192604065853
TCN1_c672f2b1,TCN1,loso_subject_S017,68,0.0004335430614182407,,0.014954176489307395,,0.00015737679681724137
TCN1_c672f2b1,TCN1,loso_subject_S017,69,0.0004439522624446572,,0.01490694351616453,,0.0001490470641152345
TCN1_c672f2b1,TCN1,loso_subject_S017,70,0.00043012434316785957,,0.01466731942178075,,0.00014133557177871338
TCN1_c672f2b1,TCN1,loso_subject_S017,71,0.00042747622475778333,,0.014651466985462143,,0.00013425421036992097
TCN1_c672f2b1,TCN1,loso_subject_S017,72,0.0004256329809580504,,0.014508316295539886,,0.00012781389883488212
TCN1_c672f2b1,TCN1,loso_subject_S017,73,0.0004313595263291242,,0.01440369660379387,,0.0001220245676671809
TCN1_c672f2b1,TCN1,loso_subject_S017,74,0.0003958779402988891,,0.014143661318883404,,0.00011689514359585877
TCN1_c672f2b1,TCN1,loso_subject_S017,75,0.00041132490736796616,,0.014247600394857292,,0.00011243353582104555
TCN1_c672f2b1,TCN1,loso_subject_S017,76,0.0004125894317228949,,0.014192142425676419,,0.0001086466238185463
TCN1_c672f2b1,TCN1,loso_subject_S017,77,0.00040507229591394827,,0.014207142821798838,,0.00010554024673218805
TCN1_c672f2b1,TCN1,loso_subject_S017,78,0.0003897151717901409,,0.01399687007156831,,0.00010311919437028317
TCN1_c672f2b1,TCN1,loso_subject_S017,79,0.00039681458246754593,,0.014204665985769773,,0.00010138719982009242
TCN1_c672f2b1,TCN1,loso_subject_S017,80,0.00040466645029122643,,0.014177558766961517,,0.0001003469336916747
TCN1_c672f2b1,TCN1,loso_subject_S018,1,0.1876324475944391,,0.31027178471548517,,0.001
TCN1_c672f2b1,TCN1,loso_subject_S018,2,0.03870016032971485,,0.14426475597752464,,0.0009996530663083252
TCN1_c672f2b1,TCN1,loso_subject_S018,3,0.02174717286460058,,0.10992338467411131,,0.0009986128001799074
TCN1_c672f2b1,TCN1,loso_subject_S018,4,0.016108807594629758,,0.0928842675180463,,0.0009968808056297167
TCN1_c672f2b1,TCN1,loso_subject_S018,5,0.01116240192041324,,0.0781175614187592,,0.0009944597532678117
TCN1_c672f2b1,TCN1,loso_subject_S018,6,0.008876671042968656,,0.06749914217064952,,0.0009913533761814533
TCN1_c672f2b1,TCN1,loso_subject_S018,7,0.007317486321499125,,0.061432874211442404,,0.000987566464178954
TCN1_c672f2b1,TCN1,loso_subject_S018,8,0.006202754507396827,,0.058349993467679495,,0.0009831048564041408
TCN1_c672f2b1,TCN1,loso_subject_S018,9,0.005354332503977052,,0.05419825063637126,,0.0009779754323328187
TCN1_c672f2b1,TCN1,loso_subject_S018,10,0.004660742094860091,,0.050037781480285856,,0.0009721861011651174
TCN1_c672f2b1,TCN1,loso_subject_S018,11,0.004426166038328444,,0.048106946347401154,,0.0009657457896300785
TCN1_c672f2b1,TCN1,loso_subject_S018,12,0.0037759305184914007,,0.04472205757397657,,0.000958664428221286
TCN1_c672f2b1,TCN1,loso_subject_S018,13,0.0035081817049598483,,0.043784837337613805,,0.000950952935884765
TCN1_c672f2b1,TCN1,loso_subject_S018,14,0.003124322118755016,,0.040906901884148694,,0.0009426232031827582
TCN1_c672f2b1,TCN1,loso_subject_S018,15,0.0028456842841319088,,0.038770404009268296,,0.0009336880739593409
TCN1_c672f2b1,TCN1,loso_subject_S018,16,0.0027528700384730747,,0.03786260147758743,,0.0009241613255361449
TCN1_c672f2b1,TCN1,loso_subject_S018,17,0.002571507434398807,,0.036799240648223645,,0.0009140576474687258
TCN1_c672f2b1,TCN1,loso_subject_S018,18,0.0022232502335355732,,0.03467813382981814,,0.0009033926188963346
TCN1_c672f2b1,TCN1,loso_subject_S018,19,0.0022554202393318215,,0.03418007367753494,,0.0008921826845200134
TCN1_c672f2b1,TCN1,loso_subject_S018,20,0.0020413066603635487,,0.033204724134234656,,0.000880445129246058
TCN1_c672f2b1,TCN1,loso_subject_S018,21,0.00193594475372079,,0.03164908005828746,,0.0008681980515339459
TCN1_c672f2b1,TCN1,loso_subject_S018,22,0.0017698900041589786,,0.03044778804855737,,0.0008554603354898234
TCN1_c672f2b1,TCN1,loso_subject_S018,23,0.0016032661111175753,,0.02896188233069509,,0.0008422516217485822
TCN1_c672f2b1,TCN1,loso_subject_S018,24,0.0015313442132016371,,0.02801485306730396,,0.0008285922771894248
TCN1_c672f2b1,TCN1,loso_subject_S018,25,0.001604336352163806,,0.028660530840967133,,0.0008145033635316124
TCN1_c672f2b1,TCN1,loso_subject_S018,26,0.0012958481169866715,,0.02659077684868846,,0.0008000066048588205
TCN1_c672f2b1,TCN1,loso_subject_S018,27,0.0013462608388750351,,0.02689537560207802,,0.0007851243541221765
TCN1_c672f2b1,TCN1,loso_subject_S018,28,0.0014403554537382565,,0.02706701185837475,,0.0007698795586736293
TCN1_c672f2b1,TCN1,loso_subject_S018,29,0.0012012625772135647,,0.02519891627830023,,0.0007542957248827956
TCN1_c672f2b1,TCN1,loso_subject_S018,30,0.00113056396789119,,0.02432500244014793,,0.0007383968818918422
TCN1_c672f2b1,TCN1,loso_subject_S018,31,0.0010442311860544727,,0.023355452546425032,,0.00072220754456429
TCN1_c672f2b1,TCN1,loso_subject_S018,32,0.0011520935995885503,,0.02438252229047449,,0.0007057526756848715
TCN1_c672f2b1,TCN1,loso_subject_S018,33,0.0010262347345256753,,0.023527408384701663,,0.000689057647468726
TCN1_c672f2b1,TCN1,loso_subject_S018,34,0.0009746523548124565,,0.022825684773120268,,0.000672148202439283
TCN1_c672f2b1,TCN1,loso_subject_S018,35,0.0009197998612884933,,0.022003961846842404,,0.0006550504137351571
TCN1_c672f2b1,TCN1,loso_subject_S018,36,0.0010436064841454489,,0.023396757977050646,,0.0006377906449072574
TCN1_c672f2b1,TCN1,loso_subject_S018,37,0.0008214360628582058,,0.021209322924763834,,0.0006203955092681036
TCN1_c672f2b1,TCN1,loso_subject_S018,38,0.0007815834392156255,,0.020548255957270924,,0.0006028918288560267
TCN1_c672f2b1,TCN1,loso_subject_S018,39,0.0008487443338224544,,0.020783768691209674,,0.00058530659307753
TCN1_c672f2b1,TCN1,loso_subject_S018,40,0.0008386169176968087,,0.02102475219694843,,0.0005676669170915806
TCN1_c672f2b1,TCN1,loso_subject_S018,41,0.0007283077566416073,,0.019637611209910515,,0.0005499999999999997
TCN1_c672f2b1,TCN1,loso_subject_S018,42,0.0007872735504850702,,0.020331867673156555,,0.000532333082908419
TCN1_c672f2b1,TCN1,loso_subject_S018,43,0.0006937305583231892,,0.019035399637637083,,0.0005146934069224697
TCN1_c672f2b1,TCN1,loso_subject_S018,44,0.0007448221526887508,,0.01943598363483161,,0.000497108171143973
TCN1_c672f2b1,TCN1,loso_subject_S018,45,0.0006638025850662145,,0.018666215759446048,,0.00047960449073189616
TCN1_c672f2b1,TCN1,loso_subject_S018,46,0.0006392252578383737,,0.01829357005830048,,0.00046220935509274226
TCN1_c672f2b1,TCN1,loso_subject_S018,47,0.000611387999464175,,0.018123547517155347,,0.00044494958626484254
TCN1_c672f2b1,TCN1,loso_subject_S018,48,0.0005795359960076405,,0.017546056417955293,,0.00042785179756071645
TCN1_c672f2b1,TCN1,loso_subject_S018,49,0.0006135040269865061,,0.01827749423900543,,0.0004109423525312737
TCN1_c672f2b1,TCN1,loso_subject_S018,50,0.000602804778834086,,0.01764138910527292,,0.0003942473243151282
TCN1_c672f2b1,TCN1,loso_subject_S018,51,0.0005542776558265002,,0.017271643981598972,,0.0003777924554357096
TCN1_c672f2b1,TCN1,loso_subject_S018,52,0.0005765484521718292,,0.01778770740530644,,0.0003616031181081575
TCN1_c672f2b1,TCN1,loso_subject_S018,53,0.000580480893153414,,0.017553909756896788,,0.000345704275117204
TCN1_c672f2b1,TCN1,loso_subject_S018,54,0.0005139781376932427,,0.01632408506035456,,0.00033012044132637024
TCN1_c672f2b1,TCN1,loso_subject_S018,55,0.0005441868012602175,,0.01699409031728555,,0.00031487564587782306
TCN1_c672f2b1,TCN1,loso_subject_S018,56,0.0005342787462872131,,0.01696049708502683,,0.00029999339514117897
TCN1_c672f2b1,TCN1,loso_subject_S018,57,0.0005138549694658001,,0.01623535908932923,,0.0002854966364683872
TCN1_c672f2b1,TCN1,loso_subject_S018,58,0.0005128984493734479,,0.016394838165731458,,0.0002714077228105749
TCN1_c672f2b1,TCN1,loso_subject_S018,59,0.0004708646239756405,,0.015916549061474047,,0.00025774837825141746
TCN1_c672f2b1,TCN1,loso_subject_S018,60,0.0004640448735672872,,0.01585711610029664,,0.0002445396645101764
TCN1_c672f2b1,TCN1,loso_subject_S018,61,0.000476574039662649,,0.01568537485399093,,0.0002318019484660537
TCN1_c672f2b1,TCN1,loso_subject_S018,62,0.00046829195068168796,,0.015768294530915238,,0.00021955487075394156
TCN1_c672f2b1,TCN1,loso_subject_S018,63,0.00043840432319686644,,0.015451111945143918,,0.0002078173154799862
TCN1_c672f2b1,TCN1,loso_subject_S018,64,0.0004489923699020969,,0.015369101232516835,,0.00019660738110366478
TCN1_c672f2b1,TCN1,loso_subject_S018,65,0.00043239870319028564,,0.015131847530995545,,0.00018594235253127373
TCN1_c672f2b1,TCN1,loso_subject_S018,66,0.0004087449171259041,,0.014762839188047668,,0.00017583867446385477
TCN1_c672f2b1,TCN1,loso_subject_S018,67,0.00043255925683675017,,0.015142527640911571,,0.00016631192604065853
TCN1_c672f2b1,TCN1,loso_subject_S018,68,0.000454107004630363,,0.015347966903613673,,0.00015737679681724137
TCN1_c672f2b1,TCN1,loso_subject_S018,69,0.0004010956605749303,,0.014701409173900622,,0.0001490470641152345
TCN1_c672f2b1,TCN1,loso_subject_S018,70,0.00040565835979524783,,0.014721756420855285,,0.00014133557177871338
TCN1_c672f2b1,TCN1,loso_subject_S018,71,0.00040370905424647947,,0.014479784205643057,,0.00013425421036992097
TCN1_c672f2b1,TCN1,loso_subject_S018,72,0.00042648250294974544,,0.014829173566479432,,0.00012781389883488212
TCN1_c672f2b1,TCN1,loso_subject_S018,73,0.00038154276437806894,,0.014166304732710994,,0.0001220245676671809
TCN1_c672f2b1,TCN1,loso_subject_S018,74,0.0003934381241714092,,0.01415466903245937,,0.00011689514359585877
TCN1_c672f2b1,TCN1,loso_subject_S018,75,0.0003612818598763592,,0.01402802877237051,,0.00011243353582104555
TCN1_c672f2b1,TCN1,loso_subject_S018,76,0.00037586091308206406,,0.01404831935678832,,0.0001086466238185463
TCN1_c672f2b1,TCN1,loso_subject_S018,77,0.00036426294642318127,,0.013756257801028023,,0.00010554024673218805
TCN1_c672f2b1,TCN1,loso_subject_S018,78,0.00036645377155567643,,0.01388044518729051,,0.00010311919437028317
TCN1_c672f2b1,TCN1,loso_subject_S018,79,0.00038521277809472023,,0.014138808894401405,,0.00010138719982009242
TCN1_c672f2b1,TCN1,loso_subject_S018,80,0.0003493707479496503,,0.013702259788954119,,0.0001003469336916747
TCN1_c672f2b1,TCN1,loso_subject_S019,1,0.18403201953986814,,0.29754465163616334,,0.001
TCN1_c672f2b1,TCN1,loso_subject_S019,2,0.03413377462865503,,0.13923853016029,,0.0009996530663083252
TCN1_c672f2b1,TCN1,loso_subject_S019,3,0.02018229250873048,,0.10583978191224691,,0.0009986128001799074
TCN1_c672f2b1,TCN1,loso_subject_S019,4,0.01449146991929083,,0.08899910464622372,,0.0009968808056297167
TCN1_c672f2b1,TCN1,loso_subject_S019,5,0.010155319412490954,,0.07443786553495113,,0.0009944597532678117
TCN1_c672f2b1,TCN1,loso_subject_S019,6,0.008318660182641475,,0.06723926228714176,,0.0009913533761814533
TCN1_c672f2b1,TCN1,loso_subject_S019,7,0.007042599354397378,,0.062080118412206946,,0.000987566464178954
TCN1_c672f2b1,TCN1,loso_subject_S019,8,0.005652759408588381,,0.05609464572406878,,0.0009831048564041408
TCN1_c672f2b1,TCN1,loso_subject_S019,9,0.004820846875589465,,0.05184139626133219,,0.0009779754323328187
TCN1_c672f2b1,TCN1,loso_subject_S019,10,0.0044479370642073945,,0.04881624906868946,,0.0009721861011651174
TCN1_c672f2b1,TCN1,loso_subject_S019,11,0.003969180957240745,,0.046116497351901944,,0.0009657457896300785
TCN1_c672f2b1,TCN1,loso_subject_S019,12,0.003868864878401331,,0.0451262792961974,,0.000958664428221286
TCN1_c672f2b1,TCN1,loso_subject_S019,13,0.003416621895880854,,0.04242666089495239,,0.000950952935884765
TCN1_c672f2b1,TCN1,loso_subject_S019,14,0.0033786007480481398,,0.042296995443076954,,0.0009426232031827582
TCN1_c672f2b1,TCN1,loso_subject_S019,15,0.002779768396033094,,0.03879863399430669,,0.0009336880739593409
TCN1_c672f2b1,TCN1,loso_subject_S019,16,0.0026308560175254195,,0.037888941681208994,,0.0009241613255361449
TCN1_c672f2b1,TCN1,loso_subject_S019,17,0.0022845193235660585,,0.03509453859465391,,0.0009140576474687258
TCN1_c672f2b1,TCN1,loso_subject_S019,18,0.0022626233659347834,,0.03456796803402211,,0.0009033926188963346
TCN1_c672f2b1,TCN1,loso_subject_S019,19,0.0021793179765833186,,0.03375584583206303,,0.0008921826845200134
TCN1_c672f2b1,TCN1,loso_subject_S019,20,0.002108691674794703,,0.03392143274706268,,0.000880445129246058
TCN1_c672f2b1,TCN1,loso_subject_S019,21,0.0018634919762457573,,0.031085440458986972,,0.0008681980515339459
TCN1_c672f2b1,TCN1,loso_subject_S019,22,0.0018527515506514445,,0.030897548055077547,,0.0008554603354898234
TCN1_c672f2b1,TCN1,loso_subject_S019,23,0.001655667010333216,,0.029815124549901293,,0.0008422516217485822
TCN1_c672f2b1,TCN1,loso_subject_S019,24,0.001518733630483412,,0.028046984039134762,,0.0008285922771894248
TCN1_c672f2b1,TCN1,loso_subject_S019,25,0.0015459399897158326,,0.028488177653444753,,0.0008145033635316124
TCN1_c672f2b1,TCN1,loso_subject_S019,26,0.0014835114597419818,,0.027778807057448365,,0.0008000066048588205
TCN1_c672f2b1,TCN1,loso_subject_S019,27,0.0013818394637207998,,0.027088155773495822,,0.0007851243541221765
TCN1_c672f2b1,TCN1,loso_subject_S019,28,0.0013907280524057515,,0.026975620674972004,,0.0007698795586736293
TCN1_c672f2b1,TCN1,loso_subject_S019,29,0.0012437747151440995,,0.025249978708189753,,0.0007542957248827956
TCN1_c672f2b1,TCN1,loso_subject_S019,30,0.0011930575399859424,,0.025467464345551673,,0.0007383968818918422
TCN1_c672f2b1,TCN1,loso_subject_S019,31,0.0011521177703903167,,0.024716704669551653,,0.00072220754456429
TCN1_c672f2b1,TCN1,loso_subject_S019,32,0.0011517285646375599,,0.02417981772581952,,0.0007057526756848715
TCN1_c672f2b1,TCN1,loso_subject_S019,33,0.0010985359607765146,,0.02380650735619091,,0.000689057647468726
TCN1_c672f2b1,TCN1,loso_subject_S019,34,0.0009743130743119589,,0.02226232866980607,,0.000672148202439283
TCN1_c672f2b1,TCN1,loso_subject_S019,35,0.0009410745489386917,,0.022587314894790027,,0.0006550504137351571
TCN1_c672f2b1,TCN1,loso_subject_S019,36,0.0010141301991371972,,0.023264100880661307,,0.0006377906449072574
TCN1_c672f2b1,TCN1,loso_subject_S019,37,0.0009783818415967347,,0.022207944191915935,,0.0006203955092681036
TCN1_c672f2b1,TCN1,loso_subject_S019,38,0.0009671323614126501,,0.021804587981782093,,0.0006028918288560267
TCN1_c672f2b1,TCN1,loso_subject_S019,39,0.0009356060586285886,,0.021686910142456287,,0.00058530659307753
TCN1_c672f2b1,TCN1,loso_subject_S019,40,0.0008653669012205214,,0.02147036028162516,,0.0005676669170915806
TCN1_c672f2b1,TCN1,loso_subject_S019,41,0.0008702114525787485,,0.021184848733762793,,0.0005499999999999997
TCN1_c672f2b1,TCN1,loso_subject_S019,42,0.0008384462283456035,,0.020871461360676594,,0.000532333082908419
TCN1_c672f2b1,TCN1,loso_subject_S019,43,0.0008385292222600424,,0.020448425698255186,,0.0005146934069224697
TCN1_c672f2b1,TCN1,loso_subject_S019,44,0.0007221350460939194,,0.019479340919130103,,0.000497108171143973
TCN1_c672f2b1,TCN1,loso_subject_S019,45,0.0007420433492210569,,0.01969914925422221,,0.00047960449073189616
TCN1_c672f2b1,TCN1,loso_subject_S019,46,0.0008116924751835138,,0.020295923180550318,,0.00046220935509274226
TCN1_c672f2b1,TCN1,loso_subject_S019,47,0.0007981071907565483,,0.0197956065527731,,0.00044494958626484254
TCN1_c672f2b1,TCN1,loso_subject_S019,48,0.0007030216973070606,,0.01870454201219921,,0.00042785179756071645
TCN1_c672f2b1,TCN1,loso_subject_S019,49,0.0006395853812595231,,0.018343565571265024,,0.0004109423525312737
TCN1_c672f2b1,TCN1,loso_subject_S019,50,0.000660334140346669,,0.01822739551118909,,0.0003942473243151282
TCN1_c672f2b1,TCN1,loso_subject_S019,51,0.0006829309999306179,,0.01848662453083262,,0.0003777924554357096
TCN1_c672f2b1,TCN1,loso_subject_S019,52,0.0006733722011505381,,0.017994306730067175,,0.0003616031181081575
TCN1_c672f2b1,TCN1,loso_subject_S019,53,0.0006234712903362583,,0.01757617392018662,,0.000345704275117204
TCN1_c672f2b1,TCN1,loso_subject_S019,54,0.0005909459590824851,,0.01719157944527141,,0.00033012044132637024
TCN1_c672f2b1,TCN1,loso_subject_S019,55,0.0006243484372620018,,0.017679013473539198,,0.00031487564587782306
TCN1_c672f2b1,TCN1,loso_subject_S019,56,0.0005596543443067849,,0.01720978677578185,,0.00029999339514117897
TCN1_c672f2b1,TCN1,loso_subject_S019,57,0.0005926341243296516,,0.016994724488037405,,0.0002854966364683872
TCN1_c672f2b1,TCN1,loso_subject_S019,58,0.0005323323169438255,,0.01634502939311782,,0.0002714077228105749
TCN1_c672f2b1,TCN1,loso_subject_S019,59,0.000569285286956474,,0.016917231986708962,,0.00025774837825141746
TCN1_c672f2b1,TCN1,loso_subject_S019,60,0.0005511447169841562,,0.016929381736399827,,0.0002445396645101764
TCN1_c672f2b1,TCN1,loso_subject_S019,61,0.0005548224155903379,,0.016244710324811534,,0.0002318019484660537
TCN1_c672f2b1,TCN1,loso_subject_S019,62,0.0005296429181776013,,0.016334496449730784,,0.00021955487075394156
TCN1_c672f2b1,TCN1,loso_subject_S019,63,0.0004768912638203567,,0.015679221719867173,,0.0002078173154799862
TCN1_c672f2b1,TCN1,loso_subject_S019,64,0.0005117950102720228,,0.01621006752323357,,0.00019660738110366478
TCN1_c672f2b1,TCN1,loso_subject_S019,65,0.0004926112382852367,,0.015742611028860317,,0.00018594235253127373
TCN1_c672f2b1,TCN1,loso_subject_S019,66,0.0004780328019413785,,0.01558055289228901,,0.00017583867446385477
TCN1_c672f2b1,TCN1,loso_subject_S019,67,0.0004960559412909727,,0.015341460915880796,,0.00016631192604065853
TCN1_c672f2b1,TCN1,loso_subject_S019,68,0.0004840573517554016,,0.015368313596523835,,0.00015737679681724137
TCN1_c672f2b1,TCN1,loso_subject_S019,69,0.0005008638345941254,,0.01555296058433648,,0.0001490470641152345
TCN1_c672f2b1,TCN1,loso_subject_S019,70,0.00042156674885477323,,0.014955278847539475,,0.00014133557177871338
TCN1_c672f2b1,TCN1,loso_subject_S019,71,0.00045021592242985116,,0.014972708798212915,,0.00013425421036992097
TCN1_c672f2b1,TCN1,loso_subject_S019,72,0.00043800319294457006,,0.014978807063626193,,0.00012781389883488212
TCN1_c672f2b1,TCN1,loso_subject_S019,73,0.0004202261215694487,,0.014776120442872381,,0.0001220245676671809
TCN1_c672f2b1,TCN1,loso_subject_S019,74,0.0004527501555186634,,0.014974129594516654,,0.00011689514359585877
TCN1_c672f2b1,TCN1,loso_subject_S019,75,0.00041602372949423115,,0.014688658106998013,,0.00011243353582104555
TCN1_c672f2b1,TCN1,loso_subject_S019,76,0.00045915398429341014,,0.014853444078408357,,0.0001086466238185463
TCN1_c672f2b1,TCN1,loso_subject_S019,77,0.0004422748375755879,,0.014881802712706933,,0.00010554024673218805
TCN1_c672f2b1,TCN1,loso_subject_S019,78,0.0004217071160326042,,0.014579648017263542,,0.00010311919437028317
TCN1_c672f2b1,TCN1,loso_subject_S019,79,0.0003988007597720409,,0.014330027303296338,,0.00010138719982009242
TCN1_c672f2b1,TCN1,loso_subject_S019,80,0.0004473085976020512,,0.014618966347836026,,0.0001003469336916747
