model_id,architecture_id,fold_id,epoch,train_loss,val_loss,train_mae,val_mae,lr
TCN1_df38a6ea,TCN1,loso_subject_S001,1,0.2251123151239473,,0.32196687931631324,,0.001
TCN1_df38a6ea,TCN1,loso_subject_S001,2,0.0345613752554028,,0.13471048879188754,,0.0009996530663083252
TCN1_df38a6ea,TCN1,loso_subject_S001,3,0.019758480370854665,,0.10261703760518487,,0.0009986128001799074
TCN1_df38a6ea,TCN1,loso_subject_S001,4,0.012000195161048964,,0.08089588387321572,,0.0009968808056297167
TCN1_df38a6ea,TCN1,loso_subject_S001,5,0.008819491691147855,,0.06871301646594016,,0.0009944597532678117
TCN1_df38a6ea,TCN1,loso_subject_S001,6,0.007771134189443862,,0.06449868955135668,,0.0009913533761814533
TCN1_df38a6ea,TCN1,loso_subject_S001,7,0.005845534136037139,,0.05595701511831078,,0.000987566464178954
TCN1_df38a6ea,TCN1,loso_subject_S001,8,0.0058137250614241215,,0.055080023996033914,,0.0009831048564041408
TCN1_df38a6ea,TCN1,loso_subject_S001,9,0.004600674641846222,,0.04860643468480268,,0.0009779754323328187
TCN1_df38a6ea,TCN1,loso_subject_S001,10,0.003588983833734487,,0.04408359655872702,,0.0009721861011651174
TCN1_df38a6ea,TCN1,loso_subject_S001,11,0.0034722405366956746,,0.042695537108895266,,0.0009657457896300785
TCN1_df38a6ea,TCN1,loso_subject_S001,12,0.002786493624446085,,0.0380277392994625,,0.000958664428221286
TCN1_df38a6ea,TCN1,loso_subject_S001,13,0.002813370240513288,,0.03769800176241565,,0.000950952935884765
TCN1_df38a6ea,TCN1,loso_subject_S001,14,0.002533472621116025,,0.03566691988876629,,0.0009426232031827582
TCN1_df38a6ea,TCN1,loso_subject_S001,15,0.0022557189293170524,,0.03357260310261496,,0.0009336880739593409
TCN1_df38a6ea,TCN1,loso_subject_S001,16,0.002032739688830348,,0.032341714852830994,,0.0009241613255361449
TCN1_df38a6ea,TCN1,loso_subject_S001,17,0.0020029805261851776,,0.03194509475799447,,0.0009140576474687258
TCN1_df38a6ea,TCN1,loso_subject_S001,18,0.0017987504861821282,,0.030872420356895053,,0.0009033926188963346
TCN1_df38a6ea,TCN1,loso_subject_S001,19,0.0018363640667866867,,0.030172905462726718,,0.0008921826845200134
TCN1_df38a6ea,TCN1,loso_subject_S001,20,0.001825776152142338,,0.03011618557107521,,0.000880445129246058
TCN1_df38a6ea,TCN1,loso_subject_S001,21,0.0015046672983117688,,0.026767453631533312,,0.0008681980515339459
TCN1_df38a6ea,TCN1,loso_subject_S001,22,0.001421647162615604,,0.027151646879850652,,0.0008554603354898234
TCN1_df38a6ea,TCN1,loso_subject_S001,23,0.0013953787412218986,,0.026117442947970217,,0.0008422516217485822
TCN1_df38a6ea,TCN1,loso_subject_S001,24,0.0013609509858517209,,0.026076839387839425,,0.0008285922771894248
TCN1_df38a6ea,TCN1,loso_subject_S001,25,0.0012392315658747617,,0.024667298855168204,,0.0008145033635316124
TCN1_df38a6ea,TCN1,loso_subject_S001,26,0.0011433457829870012,,0.023636005495616424,,0.0008000066048588205
TCN1_df38a6ea,TCN1,loso_subject_S001,27,0.0011996782626054305,,0.024622730045484417,,0.0007851243541221765
TCN1_df38a6ea,TCN1,loso_subject_S001,28,0.0011117713495077796,,0.023131266450113257,,0.0007698795586736293
TCN1_df38a6ea,TCN1,loso_subject_S001,29,0.0011035506998721427,,0.023537595379672527,,0.0007542957248827956
TCN1_df38a6ea,TCN1,loso_subject_S001,30,0.0009924558816962812,,0.022115386753348704,,0.0007383968818918422
TCN1_df38a6ea,TCN1,loso_subject_S001,31,0.0009653612851903502,,0.021719926312958205,,0.00072220754456429
TCN1_df38a6ea,TCN1,loso_subject_S001,32,0.0009502089109333392,,0.02128613329065522,,0.0007057526756848715
TCN1_df38a6ea,TCN1,loso_subject_S001,33,0.0008832869873929877,,0.020455654969616245,,0.000689057647468726
TCN1_df38a6ea,TCN1,loso_subject_S001,34,0.0008811593137239404,,0.02058299698166997,,0.000672148202439283
TCN1_df38a6ea,TCN1,loso_subject_S001,35,0.0008092924681631125,,0.019713276740638972,,0.0006550504137351571
TCN1_df38a6ea,TCN1,loso_subject_S001,36,0.0008342464981210128,,0.019366543670860922,,0.0006377906449072574
TCN1_df38a6ea,TCN1,loso_subject_S001,37,0.0007741371632517793,,0.019503669827109972,,0.0006203955092681036
TCN1_df38a6ea,TCN1,loso_subject_S001,38,0.000871642100546763,,0.020596975049382526,,0.0006028918288560267
TCN1_df38a6ea,TCN1,loso_subject_S001,39,0.000808074276618896,,0.01970332513068432,,0.00058530659307753
TCN1_df38a6ea,TCN1,loso_subject_S001,40,0.0008155281062723388,,0.019662005117491322,,0.0005676669170915806
TCN1_df38a6ea,TCN1,loso_subject_S001,41,0.0007290418323981189,,0.01882622733204088,,0.0005499999999999997
TCN1_df38a6ea,TCN1,loso_subject_S001,42,0.0006943399530010403,,0.017781493896058813,,0.000532333082908419
TCN1_df38a6ea,TCN1,loso_subject_S001,43,0.0006999490559535009,,0.017934677464627156,,0.0005146934069224697
TCN1_df38a6ea,TCN1,loso_subject_S001,44,0.0007238814894645742,,0.018232554362069345,,0.000497108171143973
TCN1_df38a6ea,TCN1,loso_subject_S001,45,0.0006370175018929232,,0.01683086516419872,,0.00047960449073189616
TCN1_df38a6ea,TCN1,loso_subject_S001,46,0.0006215992577972644,,0.0169911875259345,,0.00046220935509274226
TCN1_df38a6ea,TCN1,loso_subject_S001,47,0.0006248337796157897,,0.01692705709489715,,0.00044494958626484254
TCN1_df38a6ea,TCN1,loso_subject_S001,48,0.0006515976807333977,,0.017338049040879655,,0.00042785179756071645
TCN1_df38a6ea,TCN1,loso_subject_S001,49,0.0006007056379372255,,0.016576415110205897,,0.0004109423525312737
TCN1_df38a6ea,TCN1,loso_subject_S001,50,0.0006326793423859474,,0.016591772508784214,,0.0003942473243151282
TCN1_df38a6ea,TCN1,loso_subject_S001,51,0.0005893887213900104,,0.01685661191572256,,0.0003777924554357096
TCN1_df38a6ea,TCN1,loso_subject_S001,52,0.0005398975047902289,,0.015625857565096712,,0.0003616031181081575
TCN1_df38a6ea,TCN1,loso_subject_S001,53,0.0005784226055934606,,0.01679175432801629,,0.000345704275117204
TCN1_df38a6ea,TCN1,loso_subject_S001,54,0.0005210788267817736,,0.015357136244682506,,0.00033012044132637024
TCN1_df38a6ea,TCN1,loso_subject_S001,55,0.0005024930948890233,,0.015233100856642397,,0.00031487564587782306
TCN1_df38a6ea,TCN1,loso_subject_S001,56,0.0005345727475190247,,0.015381593311269648,,0.00029999339514117897
TCN1_df38a6ea,TCN1,loso_subject_S001,57,0.0005328098437514604,,0.015202730861388696,,0.0002854966364683872
TCN1_df38a6ea,TCN1,loso_subject_S001,58,0.0004898761482412532,,0.014678020142194872,,0.0002714077228105749
TCN1_df38a6ea,TCN1,loso_subject_S001,59,0.0005413104940099223,,0.015369268423506008,,0.00025774837825141746
TCN1_df38a6ea,TCN1,loso_subject_S001,60,0.0005145829506903877,,0.014891942048660409,,0.0002445396645101764
TCN1_df38a6ea,TCN1,loso_subject_S001,61,0.00048489307992255904,,0.014544071504502865,,0.0002318019484660537
TCN1_df38a6ea,TCN1,loso_subject_S001,62,0.00046807563918954605,,0.014451855779760677,,0.00021955487075394156
TCN1_df38a6ea,TCN1,loso_subject_S001,63,0.0004368483707814048,,0.014086288047211144,,0.0002078173154799862
TCN1_df38a6ea,TCN1,loso_subject_S001,64,0.00046233343447676174,,0.014348749453069833,,0.00019660738110366478
TCN1_df38a6ea,TCN1,loso_subject_S001,65,0.0004801507802239313,,0.014216495275366637,,0.00018594235253127373
TCN1_df38a6ea,TCN1,loso_subject_S001,66,0.0005038539746337288,,0.014465431145101203,,0.00017583867446385477
TCN1_df38a6ea,TCN1,loso_subject_S001,67,0.0005095429024758141,,0.014864284047136267,,0.00016631192604065853
TCN1_df38a6ea,TCN1,loso_subject_S001,68,0.00039621077844707056,,0.013317484967033257,,0.00015737679681724137
TCN1_df38a6ea,TCN1,loso_subject_S001,69,0.00042900280140835233,,0.013659582154512163,,0.0001490470641152345
TCN1_df38a6ea,TCN1,loso_subject_S001,70,0.00040708575180581103,,0.01333170604139345,,0.00014133557177871338
TCN1_df38a6ea,TCN1,loso_subject_S001,71,0.00041506136594633247,,0.013669613864496702,,0.00013425421036992097
TCN1_df38a6ea,TCN1,loso_subject_S001,72,0.0004001091294264003,,0.013447437896962346,,0.00012781389883488212
TCN1_df38a6ea,TCN1,loso_subject_S001,73,0.0004636508214257904,,0.013564168679314759,,0.0001220245676671809
TCN1_df38a6ea,TCN1,loso_subject_S001,74,0.0004065756918292569,,0.013355951817237107,,0.00011689514359585877
TCN1_df38a6ea,TCN1,loso_subject_S001,75,0.00042366687895665367,,0.013514303546310839,,0.00011243353582104555
TCN1_df38a6ea,TCN1,loso_subject_S001,76,0.0003991518932806421,,0.013132339027747362,,0.0001086466238185463
TCN1_df38a6ea,TCN1,loso_subject_S001,77,0.00037198589395586736,,0.012868906904557805,,0.00010554024673218805
TCN1_df38a6ea,TCN1,loso_subject_S001,78,0.0003869716988456392,,0.012825305765440623,,0.00010311919437028317
TCN1_df38a6ea,TCN1,loso_subject_S001,79,0.0004036686708950227,,0.013122517089840531,,0.00010138719982009242
TCN1_df38a6ea,TCN1,loso_subject_S001,80,0.0003939300828704838,,0.013113707325381656,,0.0001003469336916747
TCN1_df38a6ea,TCN1,loso_subject_S002,1,0.247048931245739,,0.3485497820835847,,0.001
TCN1_df38a6ea,TCN1,loso_subject_S002,2,0.03525159044551913,,0.13909404912583076,,0.0009996530663083252
TCN1_df38a6ea,TCN1,loso_subject_S002,3,0.01899974076793744,,0.10403329633986602,,0.0009986128001799074
TCN1_df38a6ea,TCN1,loso_subject_S002,4,0.013625381657710442,,0.08792877997659562,,0.0009968808056297167
TCN1_df38a6ea,TCN1,loso_subject_S002,5,0.010117183886567224,,0.07440470795416389,,0.0009944597532678117
TCN1_df38a6ea,TCN1,loso_subject_S002,6,0.008574623747948627,,0.06829410927760506,,0.0009913533761814533
TCN1_df38a6ea,TCN1,loso_subject_S002,7,0.006298793985295932,,0.05896679936495637,,0.000987566464178954
TCN1_df38a6ea,TCN1,loso_subject_S002,8,0.005255085269152249,,0.053525012510208615,,0.0009831048564041408
TCN1_df38a6ea,TCN1,loso_subject_S002,9,0.0052132066932138775,,0.05328584531574097,,0.0009779754323328187
TCN1_df38a6ea,TCN1,loso_subject_S002,10,0.00445855243269858,,0.04888104677042215,,0.0009721861011651174
TCN1_df38a6ea,TCN1,loso_subject_S002,11,0.003830031130527114,,0.04642836295997116,,0.0009657457896300785
TCN1_df38a6ea,TCN1,loso_subject_S002,12,0.0032472035536339964,,0.042543383053348295,,0.000958664428221286
TCN1_df38a6ea,TCN1,loso_subject_S002,13,0.002966600861795622,,0.040108919262253635,,0.000950952935884765
TCN1_df38a6ea,TCN1,loso_subject_S002,14,0.003029031327009122,,0.040910197011830005,,0.0009426232031827582
TCN1_df38a6ea,TCN1,loso_subject_S002,15,0.0024452755282959094,,0.03589795660276944,,0.0009336880739593409
TCN1_df38a6ea,TCN1,loso_subject_S002,16,0.0022442574929001317,,0.03491373864108751,,0.0009241613255361449
TCN1_df38a6ea,TCN1,loso_subject_S002,17,0.0021207756980443347,,0.033973949479645695,,0.0009140576474687258
TCN1_df38a6ea,TCN1,loso_subject_S002,18,0.002214076174101953,,0.03445616066060585,,0.0009033926188963346
TCN1_df38a6ea,TCN1,loso_subject_S002,19,0.0019081794324550846,,0.03199545901752909,,0.0008921826845200134
TCN1_df38a6ea,TCN1,loso_subject_S002,20,0.0018863027003798783,,0.03208556464954776,,0.000880445129246058
TCN1_df38a6ea,TCN1,loso_subject_S002,21,0.001667976114449316,,0.029655594586219334,,0.0008681980515339459
TCN1_df38a6ea,TCN1,loso_subject_S002,22,0.001478903142572319,,0.02850493472514165,,0.0008554603354898234
TCN1_df38a6ea,TCN1,loso_subject_S002,23,0.0014677242911976592,,0.027394430756331755,,0.0008422516217485822
TCN1_df38a6ea,TCN1,loso_subject_S002,24,0.0014949712101913573,,0.027935974556824256,,0.0008285922771894248
TCN1_df38a6ea,TCN1,loso_subject_S002,25,0.0012789459421054833,,0.02559738926372098,,0.0008145033635316124
TCN1_df38a6ea,TCN1,loso_subject_S002,26,0.0012901836414253266,,0.025337559069736566,,0.0008000066048588205
TCN1_df38a6ea,TCN1,loso_subject_S002,27,0.0011748584183130602,,0.024765191120478456,,0.0007851243541221765
TCN1_df38a6ea,TCN1,loso_subject_S002,28,0.001156119457124893,,0.024413295925177377,,0.0007698795586736293
TCN1_df38a6ea,TCN1,loso_subject_S002,29,0.0009980361108280302,,0.02244671402543546,,0.0007542957248827956
TCN1_df38a6ea,TCN1,loso_subject_S002,30,0.0010864481770566884,,0.02405132847376148,,0.0007383968818918422
TCN1_df38a6ea,TCN1,loso_subject_S002,31,0.001068086823478183,,0.023608675483485747,,0.00072220754456429
TCN1_df38a6ea,TCN1,loso_subject_S002,32,0.0010011454430267966,,0.023135674667769467,,0.0007057526756848715
TCN1_df38a6ea,TCN1,loso_subject_S002,33,0.000972285216726086,,0.022331806808828677,,0.000689057647468726
TCN1_df38a6ea,TCN1,loso_subject_S002,34,0.00087662281428985,,0.020599617289295248,,0.000672148202439283
TCN1_df38a6ea,TCN1,loso_subject_S002,35,0.0008321510407386906,,0.020183645756989322,,0.0006550504137351571
TCN1_df38a6ea,TCN1,loso_subject_S002,36,0.0007868847854198291,,0.020256686372687394,,0.0006377906449072574
TCN1_df38a6ea,TCN1,loso_subject_S002,37,0.000779551902257242,,0.01979097775344191,,0.0006203955092681036
TCN1_df38a6ea,TCN1,loso_subject_S002,38,0.0008411572761932482,,0.020124921140406746,,0.0006028918288560267
TCN1_df38a6ea,TCN1,loso_subject_S002,39,0.0007211335492968826,,0.0187548324959822,,0.00058530659307753
TCN1_df38a6ea,TCN1,loso_subject_S002,40,0.0007300432808499596,,0.019002101243293254,,0.0005676669170915806
TCN1_df38a6ea,TCN1,loso_subject_S002,41,0.0007485470234908025,,0.01907627610119173,,0.0005499999999999997
TCN1_df38a6ea,TCN1,loso_subject_S002,42,0.000681565183619981,,0.018106400838186,,0.000532333082908419
TCN1_df38a6ea,TCN1,loso_subject_S002,43,0.000634325810260972,,0.01781901825881447,,0.0005146934069224697
TCN1_df38a6ea,TCN1,loso_subject_S002,44,0.0006588867031411757,,0.017470793418131708,,0.000497108171143973
TCN1_df38a6ea,TCN1,loso_subject_S002,45,0.000626391237749859,,0.01730583305285369,,0.00047960449073189616
TCN1_df38a6ea,TCN1,loso_subject_S002,46,0.0006046824455841763,,0.016580258305888593,,0.00046220935509274226
TCN1_df38a6ea,TCN1,loso_subject_S002,47,0.0006023519326411175,,0.01662809330233884,,0.00044494958626484254
TCN1_df38a6ea,TCN1,loso_subject_S002,48,0.0005512779200062359,,0.016261707954306343,,0.00042785179756071645
TCN1_df38a6ea,TCN1,loso_subject_S002,49,0.0005449910854441497,,0.016270860950573687,,0.0004109423525312737
TCN1_df38a6ea,TCN1,loso_subject_S002,50,0.0005851537112729619,,0.016881535857402045,,0.0003942473243151282
TCN1_df38a6ea,TCN1,loso_subject_S002,51,0.0005368814493013195,,0.016079977841489512,,0.0003777924554357096
TCN1_df38a6ea,TCN1,loso_subject_S002,52,0.0005301452230721396,,0.01553911683137284,,0.0003616031181081575
TCN1_df38a6ea,TCN1,loso_subject_S002,53,0.0005418770669882904,,0.01581255414718342,,0.000345704275117204
TCN1_df38a6ea,TCN1,loso_subject_S002,54,0.0005662795701261797,,0.01620901312767985,,0.00033012044132637024
TCN1_df38a6ea,TCN1,loso_subject_S002,55,0.0004911097410426473,,0.01503734812338093,,0.00031487564587782306
TCN1_df38a6ea,TCN1,loso_subject_S002,56,0.0005096802517304825,,0.01529935504302422,,0.00029999339514117897
TCN1_df38a6ea,TCN1,loso_subject_S002,57,0.000478027773982739,,0.014930038623986099,,0.0002854966364683872
TCN1_df38a6ea,TCN1,loso_subject_S002,58,0.0005079421964511078,,0.015259062046239483,,0.0002714077228105749
TCN1_df38a6ea,TCN1,loso_subject_S002,59,0.0005081746451166367,,0.01538003024099202,,0.00025774837825141746
TCN1_df38a6ea,TCN1,loso_subject_S002,60,0.00043869595933768564,,0.014414956457221224,,0.0002445396645101764
TCN1_df38a6ea,TCN1,loso_subject_S002,61,0.0005059894908881012,,0.01517084677671564,,0.0002318019484660537
TCN1_df38a6ea,TCN1,loso_subject_S002,62,0.00045316960460034544,,0.014209986824927658,,0.00021955487075394156
TCN1_df38a6ea,TCN1,loso_subject_S002,63,0.0004360055823945342,,0.013796770772266768,,0.0002078173154799862
TCN1_df38a6ea,TCN1,loso_subject_S002,64,0.00043360007304910677,,0.013678969721500059,,0.00019660738110366478
TCN1_df38a6ea,TCN1,loso_subject_S002,65,0.0004304839161950947,,0.014294647075611337,,0.00018594235253127373
TCN1_df38a6ea,TCN1,loso_subject_S002,66,0.0004376394842320248,,0.014067334214358811,,0.00017583867446385477
TCN1_df38a6ea,TCN1,loso_subject_S002,67,0.00041899180238317966,,0.013591629312193362,,0.00016631192604065853
TCN1_df38a6ea,TCN1,loso_subject_S002,68,0.00039054725891342313,,0.013266522970930018,,0.00015737679681724137
TCN1_df38a6ea,TCN1,loso_subject_S002,69,0.00039783817886860316,,0.013128070489303345,,0.0001490470641152345
TCN1_df38a6ea,TCN1,loso_subject_S002,70,0.0004181549820304164,,0.013212123327451296,,0.00014133557177871338
TCN1_df38a6ea,TCN1,loso_subject_S002,71,0.00039054496943782667,,0.013048855439618982,,0.00013425421036992097
TCN1_df38a6ea,TCN1,loso_subject_S002,72,0.0004029107716131217,,0.013225447633538384,,0.00012781389883488212
TCN1_df38a6ea,TCN1,loso_subject_S002,73,0.000402272423307488,,0.013325670351143383,,0.0001220245676671809
TCN1_df38a6ea,TCN1,loso_subject_S002,74,0.0004080276325189407,,0.012954780332921988,,0.00011689514359585877
TCN1_df38a6ea,TCN1,loso_subject_S002,75,0.0003563472728225815,,0.012459913352677297,,0.00011243353582104555
TCN1_df38a6ea,TCN1,loso_subject_S002,76,0.0003636439966373837,,0.012903306786395827,,0.0001086466238185463
TCN1_df38a6ea,TCN1,loso_subject_S002,77,0.00040953804942855205,,0.013424116604287049,,0.00010554024673218805
TCN1_df38a6ea,TCN1,loso_subject_S002,78,0.00038287627794199303,,0.013002325956084684,,0.00010311919437028317
TCN1_df38a6ea,TCN1,loso_subject_S002,79,0.000361503654472105,,0.012724002363748196,,0.00010138719982009242
TCN1_df38a6ea,TCN1,loso_subject_S002,80,0.0003558723328558516,,0.01270594826309055,,0.0001003469336916747
TCN1_df38a6ea,TCN1,loso_subject_S003,1,0.28008436178643975,,0.3730791266487154,,0.001
TCN1_df38a6ea,TCN1,loso_subject_S003,2,0.039335838715967,,0.14752549243748456,,0.0009996530663083252
TCN1_df38a6ea,TCN1,loso_subject_S003,3,0.021994942250504457,,0.11165212129736489,,0.0009986128001799074
TCN1_df38a6ea,TCN1,loso_subject_S003,4,0.01435178516014367,,0.0909582653454601,,0.0009968808056297167
TCN1_df38a6ea,TCN1,loso_subject_S003,5,0.010037166151921989,,0.07572595561042084,,0.0009944597532678117
TCN1_df38a6ea,TCN1,loso_subject_S003,6,0.00770331576894474,,0.06634750866394448,,0.0009913533761814533
TCN1_df38a6ea,TCN1,loso_subject_S003,7,0.005754609684459544,,0.058049271438976285,,0.000987566464178954
TCN1_df38a6ea,TCN1,loso_subject_S003,8,0.005123661769340062,,0.05459065349832326,,0.0009831048564041408
TCN1_df38a6ea,TCN1,loso_subject_S003,9,0.004849961238729158,,0.052438445932836766,,0.0009779754323328187
TCN1_df38a6ea,TCN1,loso_subject_S003,10,0.003909608223753403,,0.04719527492511063,,0.0009721861011651174
TCN1_df38a6ea,TCN1,loso_subject_S003,11,0.003248857638967956,,0.04290308093471583,,0.0009657457896300785
TCN1_df38a6ea,TCN1,loso_subject_S003,12,0.002937980247426954,,0.04076395774528091,,0.000958664428221286
TCN1_df38a6ea,TCN1,loso_subject_S003,13,0.0028461441828552202,,0.04013969202497964,,0.000950952935884765
TCN1_df38a6ea,TCN1,loso_subject_S003,14,0.002472022393351808,,0.03728527934896037,,0.0009426232031827582
TCN1_df38a6ea,TCN1,loso_subject_S003,15,0.002131478927956291,,0.034980332457677954,,0.0009336880739593409
TCN1_df38a6ea,TCN1,loso_subject_S003,16,0.0020485744831592705,,0.03426427940159224,,0.0009241613255361449
TCN1_df38a6ea,TCN1,loso_subject_S003,17,0.002030715495037964,,0.03420900377801839,,0.0009140576474687258
TCN1_df38a6ea,TCN1,loso_subject_S003,18,0.0018504706024497146,,0.03246797055581719,,0.0009033926188963346
TCN1_df38a6ea,TCN1,loso_subject_S003,19,0.0016010672447299595,,0.029859668795930473,,0.0008921826845200134
TCN1_df38a6ea,TCN1,loso_subject_S003,20,0.0014268614396082816,,0.028570083350652496,,0.000880445129246058
TCN1_df38a6ea,TCN1,loso_subject_S003,21,0.001411681665226794,,0.028185192480164177,,0.0008681980515339459
TCN1_df38a6ea,TCN1,loso_subject_S003,22,0.0012923415004588643,,0.02689744955717119,,0.0008554603354898234
TCN1_df38a6ea,TCN1,loso_subject_S003,23,0.00116212921758883,,0.025601256077208985,,0.0008422516217485822
TCN1_df38a6ea,TCN1,loso_subject_S003,24,0.001108308084957718,,0.025060617746274487,,0.0008285922771894248
TCN1_df38a6ea,TCN1,loso_subject_S003,25,0.001148133690858651,,0.025152646807009862,,0.0008145033635316124
TCN1_df38a6ea,TCN1,loso_subject_S003,26,0.000977421884089914,,0.02354345886372788,,0.0008000066048588205
TCN1_df38a6ea,TCN1,loso_subject_S003,27,0.0010429309438830534,,0.024146321923871953,,0.0007851243541221765
TCN1_df38a6ea,TCN1,loso_subject_S003,28,0.0007842977028447722,,0.021223249774851564,,0.0007698795586736293
TCN1_df38a6ea,TCN1,loso_subject_S003,29,0.0008053414380803021,,0.02142593850551617,,0.0007542957248827956
TCN1_df38a6ea,TCN1,loso_subject_S003,30,0.0008873660341865747,,0.02195788924937291,,0.0007383968818918422
TCN1_df38a6ea,TCN1,loso_subject_S003,31,0.0007764487816642478,,0.0207524046265861,,0.00072220754456429
TCN1_df38a6ea,TCN1,loso_subject_S003,32,0.0007268009157300383,,0.020161773510233582,,0.0007057526756848715
TCN1_df38a6ea,TCN1,loso_subject_S003,33,0.000662001138431749,,0.018978007054248732,,0.000689057647468726
TCN1_df38a6ea,TCN1,loso_subject_S003,34,0.0006861508359795899,,0.019516992865874976,,0.000672148202439283
TCN1_df38a6ea,TCN1,loso_subject_S003,35,0.0006762557925871519,,0.019302643936419124,,0.0006550504137351571
TCN1_df38a6ea,TCN1,loso_subject_S003,36,0.0006420380465419518,,0.01867280315598791,,0.0006377906449072574
TCN1_df38a6ea,TCN1,loso_subject_S003,37,0.0006417696608258421,,0.018952298362647182,,0.0006203955092681036
TCN1_df38a6ea,TCN1,loso_subject_S003,38,0.000600307379023144,,0.018229280564087184,,0.0006028918288560267
TCN1_df38a6ea,TCN1,loso_subject_S003,39,0.0005458297895681384,,0.01730585022835577,,0.00058530659307753
TCN1_df38a6ea,TCN1,loso_subject_S003,40,0.000575026341756692,,0.017814024427675018,,0.0005676669170915806
TCN1_df38a6ea,TCN1,loso_subject_S003,41,0.0006075063021411839,,0.017835791909276266,,0.0005499999999999997
TCN1_df38a6ea,TCN1,loso_subject_S003,42,0.0005514518417526909,,0.017376169432230904,,0.000532333082908419
TCN1_df38a6ea,TCN1,loso_subject_S003,43,0.0004927006244698617,,0.016344616251922798,,0.0005146934069224697
TCN1_df38a6ea,TCN1,loso_subject_S003,44,0.0004886973894382086,,0.016258403737895978,,0.000497108171143973
TCN1_df38a6ea,TCN1,loso_subject_S003,45,0.00048794250274692265,,0.016125614609647697,,0.00047960449073189616
TCN1_df38a6ea,TCN1,loso_subject_S003,46,0.0004777137877030228,,0.01587055305487413,,0.00046220935509274226
TCN1_df38a6ea,TCN1,loso_subject_S003,47,0.00046373512332461626,,0.015850467697009523,,0.00044494958626484254
TCN1_df38a6ea,TCN1,loso_subject_S003,48,0.0004495468395259379,,0.015342912956990017,,0.00042785179756071645
TCN1_df38a6ea,TCN1,loso_subject_S003,49,0.0004220906513625523,,0.014987551607834076,,0.0004109423525312737
TCN1_df38a6ea,TCN1,loso_subject_S003,50,0.00043831299912109304,,0.015384961372590262,,0.0003942473243151282
TCN1_df38a6ea,TCN1,loso_subject_S003,51,0.00040244517348984285,,0.014492057089730146,,0.0003777924554357096
TCN1_df38a6ea,TCN1,loso_subject_S003,52,0.00044221260588846314,,0.015065864297468505,,0.0003616031181081575
TCN1_df38a6ea,TCN1,loso_subject_S003,53,0.0003850672191354517,,0.014318139256961532,,0.000345704275117204
TCN1_df38a6ea,TCN1,loso_subject_S003,54,0.00037992422927714557,,0.014008584341388318,,0.00033012044132637024
TCN1_df38a6ea,TCN1,loso_subject_S003,55,0.0003921436566044938,,0.014313585367779786,,0.00031487564587782306
TCN1_df38a6ea,TCN1,loso_subject_S003,56,0.00035058821040864557,,0.013592985251782866,,0.00029999339514117897
TCN1_df38a6ea,TCN1,loso_subject_S003,57,0.00035353039972451663,,0.013759950229852477,,0.0002854966364683872
TCN1_df38a6ea,TCN1,loso_subject_S003,58,0.00032515822403472163,,0.013121046521998081,,0.0002714077228105749
TCN1_df38a6ea,TCN1,loso_subject_S003,59,0.00034064489572828427,,0.013371043077182692,,0.00025774837825141746
TCN1_df38a6ea,TCN1,loso_subject_S003,60,0.0003615429726673117,,0.013566703160067558,,0.0002445396645101764
TCN1_df38a6ea,TCN1,loso_subject_S003,61,0.00031830481195918895,,0.013049824127015696,,0.0002318019484660537
TCN1_df38a6ea,TCN1,loso_subject_S003,62,0.0003195494786756214,,0.012933630808846071,,0.00021955487075394156
TCN1_df38a6ea,TCN1,loso_subject_S003,63,0.00031636627837125676,,0.013022055645435071,,0.0002078173154799862
TCN1_df38a6ea,TCN1,loso_subject_S003,64,0.00032705354781611913,,0.012972017883786706,,0.00019660738110366478
TCN1_df38a6ea,TCN1,loso_subject_S003,65,0.00030879237041826334,,0.012850269650839328,,0.00018594235253127373
TCN1_df38a6ea,TCN1,loso_subject_S003,66,0.00032064478151735065,,0.012694067960375649,,0.00017583867446385477
TCN1_df38a6ea,TCN1,loso_subject_S003,67,0.0002960082254860526,,0.012489759974263893,,0.00016631192604065853
TCN1_df38a6ea,TCN1,loso_subject_S003,68,0.0002984603961610069,,0.012580394290937621,,0.00015737679681724137
TCN1_df38a6ea,TCN1,loso_subject_S003,69,0.0002923791865143082,,0.012306020871735145,,0.0001490470641152345
TCN1_df38a6ea,TCN1,loso_subject_S003,70,0.0002688985172195425,,0.01191143339763904,,0.00014133557177871338
TCN1_df38a6ea,TCN1,loso_subject_S003,71,0.00033175319804624944,,0.013130626012514936,,0.00013425421036992097
TCN1_df38a6ea,TCN1,loso_subject_S003,72,0.0002851257010679239,,0.01232947098176699,,0.00012781389883488212
TCN1_df38a6ea,TCN1,loso_subject_S003,73,0.00027713555643137734,,0.012033529416441136,,0.0001220245676671809
TCN1_df38a6ea,TCN1,loso_subject_S003,74,0.00027375594204776877,,0.012009817393057795,,0.00011689514359585877
TCN1_df38a6ea,TCN1,loso_subject_S003,75,0.00027531983553657287,,0.011990451483327733,,0.00011243353582104555
TCN1_df38a6ea,TCN1,loso_subject_S003,76,0.00027667668754038623,,0.01193780272687641,,0.0001086466238185463
TCN1_df38a6ea,TCN1,loso_subject_S003,77,0.0002960910291213651,,0.01253227856769649,,0.00010554024673218805
TCN1_df38a6ea,TCN1,loso_subject_S003,78,0.0002781935356183989,,0.011817472925195718,,0.00010311919437028317
TCN1_df38a6ea,TCN1,loso_subject_S003,79,0.00024857078709726506,,0.011643480176376593,,0.00010138719982009242
TCN1_df38a6ea,TCN1,loso_subject_S003,80,0.0002985135197195569,,0.01233699429370964,,0.0001003469336916747
TCN1_df38a6ea,TCN1,loso_subject_S004,1,0.18401153195712694,,0.3015915061316463,,0.001
TCN1_df38a6ea,TCN1,loso_subject_S004,2,0.03192627880075541,,0.13158680776414058,,0.0009996530663083252
TCN1_df38a6ea,TCN1,loso_subject_S004,3,0.01618066230048362,,0.09540667234163053,,0.0009986128001799074
TCN1_df38a6ea,TCN1,loso_subject_S004,4,0.01193917914976759,,0.08258425107462253,,0.0009968808056297167
TCN1_df38a6ea,TCN1,loso_subject_S004,5,0.008840549396464564,,0.07148341898847048,,0.0009944597532678117
TCN1_df38a6ea,TCN1,loso_subject_S004,6,0.00656104580614367,,0.061376617513212196,,0.0009913533761814533
TCN1_df38a6ea,TCN1,loso_subject_S004,7,0.006039345037236795,,0.05773163690259361,,0.000987566464178954
TCN1_df38a6ea,TCN1,loso_subject_S004,8,0.005030816338362991,,0.05284103862407485,,0.0009831048564041408
TCN1_df38a6ea,TCN1,loso_subject_S004,9,0.004636291306657032,,0.05062557729342825,,0.0009779754323328187
TCN1_df38a6ea,TCN1,loso_subject_S004,10,0.004004344407447931,,0.04683542123603765,,0.0009721861011651174
TCN1_df38a6ea,TCN1,loso_subject_S004,11,0.0035009798552699434,,0.04267223776801949,,0.0009657457896300785
TCN1_df38a6ea,TCN1,loso_subject_S004,12,0.003014977177343108,,0.040141028606248116,,0.000958664428221286
TCN1_df38a6ea,TCN1,loso_subject_S004,13,0.002606072888490196,,0.037464806748574594,,0.000950952935884765
TCN1_df38a6ea,TCN1,loso_subject_S004,14,0.002525950094176936,,0.036842780588061286,,0.0009426232031827582
TCN1_df38a6ea,TCN1,loso_subject_S004,15,0.0023329084232773523,,0.03509835889566068,,0.0009336880739593409
TCN1_df38a6ea,TCN1,loso_subject_S004,16,0.0021108491334214468,,0.033273587077831235,,0.0009241613255361449
TCN1_df38a6ea,TCN1,loso_subject_S004,17,0.0020123288336109713,,0.03228287224777934,,0.0009140576474687258
TCN1_df38a6ea,TCN1,loso_subject_S004,18,0.0019121561680837563,,0.03172517111428735,,0.0009033926188963346
TCN1_df38a6ea,TCN1,loso_subject_S004,19,0.0017045574790777334,,0.029561444572664942,,0.0008921826845200134
TCN1_df38a6ea,TCN1,loso_subject_S004,20,0.0016869959534418677,,0.029580149602210747,,0.000880445129246058
TCN1_df38a6ea,TCN1,loso_subject_S004,21,0.0014663071514602896,,0.0275086390511845,,0.0008681980515339459
TCN1_df38a6ea,TCN1,loso_subject_S004,22,0.0014717993345105401,,0.02729754165492726,,0.0008554603354898234
TCN1_df38a6ea,TCN1,loso_subject_S004,23,0.0011902665843136959,,0.024567804454153318,,0.0008422516217485822
TCN1_df38a6ea,TCN1,loso_subject_S004,24,0.0011790313868358562,,0.02440308903364768,,0.0008285922771894248
TCN1_df38a6ea,TCN1,loso_subject_S004,25,0.0013483238448724038,,0.02599627515490414,,0.0008145033635316124
TCN1_df38a6ea,TCN1,loso_subject_S004,26,0.0012218135598013832,,0.024735184899670647,,0.0008000066048588205
TCN1_df38a6ea,TCN1,loso_subject_S004,27,0.001150155899737754,,0.02409171151237482,,0.0007851243541221765
TCN1_df38a6ea,TCN1,loso_subject_S004,28,0.0011433973732385481,,0.02374331392062302,,0.0007698795586736293
TCN1_df38a6ea,TCN1,loso_subject_S004,29,0.0010795008431834885,,0.023109688942147787,,0.0007542957248827956
TCN1_df38a6ea,TCN1,loso_subject_S004,30,0.0009911450573916788,,0.02196145280686687,,0.0007383968818918422
TCN1_df38a6ea,TCN1,loso_subject_S004,31,0.0009465060384648641,,0.021569473843963214,,0.00072220754456429
TCN1_df38a6ea,TCN1,loso_subject_S004,32,0.0009672236786714591,,0.022113731716253963,,0.0007057526756848715
TCN1_df38a6ea,TCN1,loso_subject_S004,33,0.0009093812317568039,,0.02136326500924378,,0.000689057647468726
TCN1_df38a6ea,TCN1,loso_subject_S004,34,0.0008818749297365716,,0.020929807609320183,,0.000672148202439283
TCN1_df38a6ea,TCN1,loso_subject_S004,35,0.000946139843654358,,0.021362144327469565,,0.0006550504137351571
TCN1_df38a6ea,TCN1,loso_subject_S004,36,0.0008501036857174581,,0.020245369911375086,,0.0006377906449072574
TCN1_df38a6ea,TCN1,loso_subject_S004,37,0.0008075643097167175,,0.01993665635344963,,0.0006203955092681036
TCN1_df38a6ea,TCN1,loso_subject_S004,38,0.0007845954446218875,,0.018679006117054996,,0.0006028918288560267
TCN1_df38a6ea,TCN1,loso_subject_S004,39,0.0007225533401969385,,0.0184591692813071,,0.00058530659307753
TCN1_df38a6ea,TCN1,loso_subject_S004,40,0.0007182716406178585,,0.0185033957548725,,0.0005676669170915806
TCN1_df38a6ea,TCN1,loso_subject_S004,41,0.0006974113938143872,,0.01821719871393862,,0.0005499999999999997
TCN1_df38a6ea,TCN1,loso_subject_S004,42,0.0006889189302824159,,0.01799312192029315,,0.000532333082908419
TCN1_df38a6ea,TCN1,loso_subject_S004,43,0.0006253435614813487,,0.017310185123313192,,0.0005146934069224697
TCN1_df38a6ea,TCN1,loso_subject_S004,44,0.000668542582355269,,0.017779200866952494,,0.000497108171143973
TCN1_df38a6ea,TCN1,loso_subject_S004,45,0.000614859526109162,,0.017188456052245796,,0.00047960449073189616
TCN1_df38a6ea,TCN1,loso_subject_S004,46,0.0006185389446103632,,0.016784192431905556,,0.00046220935509274226
TCN1_df38a6ea,TCN1,loso_subject_S004,47,0.0005765915386493901,,0.016667497636963232,,0.00044494958626484254
TCN1_df38a6ea,TCN1,loso_subject_S004,48,0.0006161243747209901,,0.016960290227096525,,0.00042785179756071645
TCN1_df38a6ea,TCN1,loso_subject_S004,49,0.0005377190457295436,,0.01582240798007554,,0.0004109423525312737
TCN1_df38a6ea,TCN1,loso_subject_S004,50,0.0005908508071137771,,0.015753067376620272,,0.0003942473243151282
TCN1_df38a6ea,TCN1,loso_subject_S004,51,0.0005602902900643265,,0.016072658203127622,,0.0003777924554357096
TCN1_df38a6ea,TCN1,loso_subject_S004,52,0.000582844598743424,,0.015886195075984638,,0.0003616031181081575
TCN1_df38a6ea,TCN1,loso_subject_S004,53,0.0004946602800744159,,0.015231662161427312,,0.000345704275117204
TCN1_df38a6ea,TCN1,loso_subject_S004,54,0.0005494616957138063,,0.015672683764853625,,0.00033012044132637024
TCN1_df38a6ea,TCN1,loso_subject_S004,55,0.0005248247561461154,,0.015741299460767726,,0.00031487564587782306
TCN1_df38a6ea,TCN1,loso_subject_S004,56,0.0005082851801338671,,0.01488747648827754,,0.00029999339514117897
TCN1_df38a6ea,TCN1,loso_subject_S004,57,0.0005049889985251935,,0.014724610241174062,,0.0002854966364683872
TCN1_df38a6ea,TCN1,loso_subject_S004,58,0.00047161527322509824,,0.014754272217191049,,0.0002714077228105749
TCN1_df38a6ea,TCN1,loso_subject_S004,59,0.0004727311133817012,,0.014260833837794527,,0.00025774837825141746
TCN1_df38a6ea,TCN1,loso_subject_S004,60,0.0004821499986786635,,0.014211644339091238,,0.0002445396645101764
TCN1_df38a6ea,TCN1,loso_subject_S004,61,0.000494950963479058,,0.014460094945281199,,0.0002318019484660537
TCN1_df38a6ea,TCN1,loso_subject_S004,62,0.0004618852943349884,,0.014060301546991784,,0.00021955487075394156
TCN1_df38a6ea,TCN1,loso_subject_S004,63,0.0004787186832137416,,0.014231870023819832,,0.0002078173154799862
TCN1_df38a6ea,TCN1,loso_subject_S004,64,0.0004285834408569237,,0.013516131511360894,,0.00019660738110366478
TCN1_df38a6ea,TCN1,loso_subject_S004,65,0.00042708340445302194,,0.013533985211834515,,0.00018594235253127373
TCN1_df38a6ea,TCN1,loso_subject_S004,66,0.00046087902528497613,,0.013965879775203891,,0.00017583867446385477
TCN1_df38a6ea,TCN1,loso_subject_S004,67,0.00041474239775777995,,0.01344445284787455,,0.00016631192604065853
TCN1_df38a6ea,TCN1,loso_subject_S004,68,0.0004492606171866105,,0.013700886100706897,,0.00015737679681724137
TCN1_df38a6ea,TCN1,loso_subject_S004,69,0.00044704402694280016,,0.013676492999761215,,0.0001490470641152345
TCN1_df38a6ea,TCN1,loso_subject_S004,70,0.0004070008508303233,,0.013166455524361896,,0.00014133557177871338
TCN1_df38a6ea,TCN1,loso_subject_S004,71,0.0004040240315272467,,0.01316451145164105,,0.00013425421036992097
TCN1_df38a6ea,TCN1,loso_subject_S004,72,0.00040741269517831455,,0.01287061738837802,,0.00012781389883488212
TCN1_df38a6ea,TCN1,loso_subject_S004,73,0.0004136174423610019,,0.013269245393340864,,0.0001220245676671809
TCN1_df38a6ea,TCN1,loso_subject_S004,74,0.0003923800627206617,,0.013056375486642787,,0.00011689514359585877
TCN1_df38a6ea,TCN1,loso_subject_S004,75,0.00039820942009595293,,0.012887831746300472,,0.00011243353582104555
TCN1_df38a6ea,TCN1,loso_subject_S004,76,0.0003852719752198602,,0.012885597840780737,,0.0001086466238185463
TCN1_df38a6ea,TCN1,loso_subject_S004,77,0.000387212397339895,,0.012987300275363493,,0.00010554024673218805
TCN1_df38a6ea,TCN1,loso_subject_S004,78,0.0003524340386855454,,0.012612295006201668,,0.00010311919437028317
TCN1_df38a6ea,TCN1,loso_subject_S004,79,0.00037963157988501594,,0.012380746814525652,,0.00010138719982009242
TCN1_df38a6ea,TCN1,loso_subject_S004,80,0.0003710000421620672,,0.012653658684170552,,0.0001003469336916747
TCN1_df38a6ea,TCN1,loso_subject_S005,1,0.20932374098703724,,0.32606166812747006,,0.001
TCN1_df38a6ea,TCN1,loso_subject_S005,2,0.03784096207558702,,0.14195522501200133,,0.0009996530663083252
TCN1_df38a6ea,TCN1,loso_subject_S005,3,0.01910457771856325,,0.10306207129267703,,0.0009986128001799074
TCN1_df38a6ea,TCN1,loso_subject_S005,4,0.013775055308161945,,0.08592611804553674,,0.0009968808056297167
TCN1_df38a6ea,TCN1,loso_subject_S005,5,0.010257302029153694,,0.07455420574688261,,0.0009944597532678117
TCN1_df38a6ea,TCN1,loso_subject_S005,6,0.00720516053781727,,0.06295535461436766,,0.0009913533761814533
TCN1_df38a6ea,TCN1,loso_subject_S005,7,0.006129892450143859,,0.05777062756921651,,0.000987566464178954
TCN1_df38a6ea,TCN1,loso_subject_S005,8,0.005369771572955131,,0.053943516797173144,,0.0009831048564041408
TCN1_df38a6ea,TCN1,loso_subject_S005,9,0.005087960790207057,,0.05143104830801284,,0.0009779754323328187
TCN1_df38a6ea,TCN1,loso_subject_S005,10,0.0037069037138665597,,0.0452962034569462,,0.0009721861011651174
TCN1_df38a6ea,TCN1,loso_subject_S005,11,0.0040182963026363285,,0.04580767153676459,,0.0009657457896300785
TCN1_df38a6ea,TCN1,loso_subject_S005,12,0.0033271150329744655,,0.04197555691919229,,0.000958664428221286
TCN1_df38a6ea,TCN1,loso_subject_S005,13,0.003103459491187853,,0.04030076661766999,,0.000950952935884765
TCN1_df38a6ea,TCN1,loso_subject_S005,14,0.0027100844019483585,,0.03778670640223669,,0.0009426232031827582
TCN1_df38a6ea,TCN1,loso_subject_S005,15,0.002560360124811479,,0.03629798970531685,,0.0009336880739593409
TCN1_df38a6ea,TCN1,loso_subject_S005,16,0.002201531903576678,,0.03368544379700573,,0.0009241613255361449
TCN1_df38a6ea,TCN1,loso_subject_S005,17,0.0022037690460885344,,0.03341634555786543,,0.0009140576474687258
TCN1_df38a6ea,TCN1,loso_subject_S005,18,0.0021308254855827973,,0.0327648393835224,,0.0009033926188963346
TCN1_df38a6ea,TCN1,loso_subject_S005,19,0.001883459521883482,,0.03082236234772531,,0.0008921826845200134
TCN1_df38a6ea,TCN1,loso_subject_S005,20,0.001642655097456719,,0.02875728688549263,,0.000880445129246058
TCN1_df38a6ea,TCN1,loso_subject_S005,21,0.0019248545885009775,,0.03042747777959796,,0.0008681980515339459
TCN1_df38a6ea,TCN1,loso_subject_S005,22,0.0018448760904651452,,0.030270612865381272,,0.0008554603354898234
TCN1_df38a6ea,TCN1,loso_subject_S005,23,0.0014639502798871426,,0.026978249858060386,,0.0008422516217485822
TCN1_df38a6ea,TCN1,loso_subject_S005,24,0.0014142976247359055,,0.02599091561886231,,0.0008285922771894248
TCN1_df38a6ea,TCN1,loso_subject_S005,25,0.0014319208788339036,,0.026163643917685483,,0.0008145033635316124
TCN1_df38a6ea,TCN1,loso_subject_S005,26,0.0012441971242338826,,0.024262285775444613,,0.0008000066048588205
TCN1_df38a6ea,TCN1,loso_subject_S005,27,0.0012323421749537461,,0.024706863675508076,,0.0007851243541221765
TCN1_df38a6ea,TCN1,loso_subject_S005,28,0.0010708252174633558,,0.022243954307390155,,0.0007698795586736293
TCN1_df38a6ea,TCN1,loso_subject_S005,29,0.0010446280534236148,,0.022631289254327277,,0.0007542957248827956
TCN1_df38a6ea,TCN1,loso_subject_S005,30,0.0009394782212318109,,0.02093954909681867,,0.0007383968818918422
TCN1_df38a6ea,TCN1,loso_subject_S005,31,0.0010222140117151085,,0.021639214562881523,,0.00072220754456429
TCN1_df38a6ea,TCN1,loso_subject_S005,32,0.0010108485826253002,,0.021931207739452452,,0.0007057526756848715
TCN1_df38a6ea,TCN1,loso_subject_S005,33,0.0009165238221922933,,0.020813585067670094,,0.000689057647468726
TCN1_df38a6ea,TCN1,loso_subject_S005,34,0.0008615096161259599,,0.020650505040591082,,0.000672148202439283
TCN1_df38a6ea,TCN1,loso_subject_S005,35,0.0008201799345712906,,0.01965035281871976,,0.0006550504137351571
TCN1_df38a6ea,TCN1,loso_subject_S005,36,0.0007341223046161336,,0.01853472337050446,,0.0006377906449072574
TCN1_df38a6ea,TCN1,loso_subject_S005,37,0.0007928794232807393,,0.018722031784240704,,0.0006203955092681036
TCN1_df38a6ea,TCN1,loso_subject_S005,38,0.0007343746535003236,,0.01786915970769148,,0.0006028918288560267
TCN1_df38a6ea,TCN1,loso_subject_S005,39,0.0007594985564186877,,0.018535349230717472,,0.00058530659307753
TCN1_df38a6ea,TCN1,loso_subject_S005,40,0.0007403940152306962,,0.01844163764611446,,0.0005676669170915806
TCN1_df38a6ea,TCN1,loso_subject_S005,41,0.0006958942460857726,,0.017778949512632838,,0.0005499999999999997
TCN1_df38a6ea,TCN1,loso_subject_S005,42,0.0006802277815919179,,0.01762382925103447,,0.000532333082908419
TCN1_df38a6ea,TCN1,loso_subject_S005,43,0.0006218272784395849,,0.017212881431390402,,0.0005146934069224697
TCN1_df38a6ea,TCN1,loso_subject_S005,44,0.0006287948501776307,,0.017128102639022542,,0.000497108171143973
TCN1_df38a6ea,TCN1,loso_subject_S005,45,0.0006212946855734856,,0.01703822786694094,,0.00047960449073189616
TCN1_df38a6ea,TCN1,loso_subject_S005,46,0.0006204726697349406,,0.017163319637801867,,0.00046220935509274226
TCN1_df38a6ea,TCN1,loso_subject_S005,47,0.0006325068242717598,,0.01668336802693052,,0.00044494958626484254
TCN1_df38a6ea,TCN1,loso_subject_S005,48,0.0005822486435253898,,0.016055715428633495,,0.00042785179756071645
TCN1_df38a6ea,TCN1,loso_subject_S005,49,0.0005143652798817732,,0.015184020608307558,,0.0004109423525312737
TCN1_df38a6ea,TCN1,loso_subject_S005,50,0.0005971061693561667,,0.01616720562425693,,0.0003942473243151282
TCN1_df38a6ea,TCN1,loso_subject_S005,51,0.0005079606019116227,,0.015437615248326963,,0.0003777924554357096
TCN1_df38a6ea,TCN1,loso_subject_S005,52,0.0006114572676775958,,0.01621205279088671,,0.0003616031181081575
TCN1_df38a6ea,TCN1,loso_subject_S005,53,0.000590484423655063,,0.016112406161508868,,0.000345704275117204
TCN1_df38a6ea,TCN1,loso_subject_S005,54,0.0005299461059671201,,0.014805988686432611,,0.00033012044132637024
TCN1_df38a6ea,TCN1,loso_subject_S005,55,0.0005193594474037123,,0.015208548505761924,,0.00031487564587782306
TCN1_df38a6ea,TCN1,loso_subject_S005,56,0.0004499748852795289,,0.01460527758218933,,0.00029999339514117897
TCN1_df38a6ea,TCN1,loso_subject_S005,57,0.0005301247417621645,,0.015022185003645591,,0.0002854966364683872
TCN1_df38a6ea,TCN1,loso_subject_S005,58,0.0005431176378207326,,0.015001336256290052,,0.0002714077228105749
TCN1_df38a6ea,TCN1,loso_subject_S005,59,0.0004806990877871398,,0.014627878313229353,,0.00025774837825141746
TCN1_df38a6ea,TCN1,loso_subject_S005,60,0.0004758554570370516,,0.01424518176211432,,0.0002445396645101764
TCN1_df38a6ea,TCN1,loso_subject_S005,61,0.0004743543641646504,,0.01428175956748248,,0.0002318019484660537
TCN1_df38a6ea,TCN1,loso_subject_S005,62,0.00047871004493069537,,0.013792197790263862,,0.00021955487075394156
TCN1_df38a6ea,TCN1,loso_subject_S005,63,0.0004827948947478429,,0.0142077727147947,,0.0002078173154799862
TCN1_df38a6ea,TCN1,loso_subject_S005,64,0.0004445083774093844,,0.01371074035865455,,0.00019660738110366478
TCN1_df38a6ea,TCN1,loso_subject_S005,65,0.0004428716393310017,,0.01386979559290226,,0.00018594235253127373
TCN1_df38a6ea,TCN1,loso_subject_S005,66,0.0004482289168303483,,0.01403430030830586,,0.00017583867446385477
TCN1_df38a6ea,TCN1,loso_subject_S005,67,0.0004286386521112765,,0.013130471198708327,,0.00016631192604065853
TCN1_df38a6ea,TCN1,loso_subject_S005,68,0.00041125843610531897,,0.013334588464921651,,0.00015737679681724137
TCN1_df38a6ea,TCN1,loso_subject_S005,69,0.00041026059433233006,,0.012992388257318186,,0.0001490470641152345
TCN1_df38a6ea,TCN1,loso_subject_S005,70,0.00040795555252441976,,0.013515843133165568,,0.00014133557177871338
TCN1_df38a6ea,TCN1,loso_subject_S005,71,0.0004688702218167789,,0.013727068675383163,,0.00013425421036992097
TCN1_df38a6ea,TCN1,loso_subject_S005,72,0.0004192118650165612,,0.013192427384034562,,0.00012781389883488212
TCN1_df38a6ea,TCN1,loso_subject_S005,73,0.0004683182948887183,,0.013713734503517582,,0.0001220245676671809
TCN1_df38a6ea,TCN1,loso_subject_S005,74,0.00040776778109659324,,0.012848793769910067,,0.00011689514359585877
TCN1_df38a6ea,TCN1,loso_subject_S005,75,0.0004294912904340443,,0.013351761417482493,,0.00011243353582104555
TCN1_df38a6ea,TCN1,loso_subject_S005,76,0.00042169907836739367,,0.01320026052333796,,0.0001086466238185463
TCN1_df38a6ea,TCN1,loso_subject_S005,77,0.0004374840099335912,,0.013104069450990942,,0.00010554024673218805
TCN1_df38a6ea,TCN1,loso_subject_S005,78,0.000410521494289431,,0.013113948954555362,,0.00010311919437028317
TCN1_df38a6ea,TCN1,loso_subject_S005,79,0.00041511039600831555,,0.012931265404810271,,0.00010138719982009242
TCN1_df38a6ea,TCN1,loso_subject_S005,80,0.00040566717922519064,,0.012886089843033523,,0.0001003469336916747
TCN1_df38a6ea,TCN1,loso_subject_S006,1,0.20816906526099727,,0.32571405990904057,,0.001
TCN1_df38a6ea,TCN1,loso_subject_S006,2,0.035836600992584025,,0.13831754153669962,,0.0009996530663083252
TCN1_df38a6ea,TCN1,loso_subject_S006,3,0.019749951810357557,,0.10315521383926601,,0.0009986128001799074
TCN1_df38a6ea,TCN1,loso_subject_S006,4,0.012141234735509362,,0.08280495344776401,,0.0009968808056297167
TCN1_df38a6ea,TCN1,loso_subject_S006,5,0.010217326525162447,,0.07431652182077111,,0.0009944597532678117
TCN1_df38a6ea,TCN1,loso_subject_S006,6,0.007817174836345501,,0.06576954570566022,,0.0009913533761814533
TCN1_df38a6ea,TCN1,loso_subject_S006,7,0.0056534650855698,,0.05569272370734297,,0.000987566464178954
TCN1_df38a6ea,TCN1,loso_subject_S006,8,0.00601250933823079,,0.05615545578573805,,0.0009831048564041408
TCN1_df38a6ea,TCN1,loso_subject_S006,9,0.004810160064208836,,0.05127314202357188,,0.0009779754323328187
TCN1_df38a6ea,TCN1,loso_subject_S006,10,0.004077318024458084,,0.047102042684329694,,0.0009721861011651174
TCN1_df38a6ea,TCN1,loso_subject_S006,11,0.003212488417709397,,0.04241989730451415,,0.0009657457896300785
TCN1_df38a6ea,TCN1,loso_subject_S006,12,0.0031010945905546906,,0.040457338592481865,,0.000958664428221286
TCN1_df38a6ea,TCN1,loso_subject_S006,13,0.002639119995356034,,0.03810034719941365,,0.000950952935884765
TCN1_df38a6ea,TCN1,loso_subject_S006,14,0.0024569385244253886,,0.0364837843908783,,0.0009426232031827582
TCN1_df38a6ea,TCN1,loso_subject_S006,15,0.0023082722643579575,,0.034873645911832056,,0.0009336880739593409
TCN1_df38a6ea,TCN1,loso_subject_S006,16,0.0021078740227773924,,0.03348140557290736,,0.0009241613255361449
TCN1_df38a6ea,TCN1,loso_subject_S006,17,0.0019541109262383965,,0.032482190226631485,,0.0009140576474687258
TCN1_df38a6ea,TCN1,loso_subject_S006,18,0.0017948185656150894,,0.031366814118393656,,0.0009033926188963346
TCN1_df38a6ea,TCN1,loso_subject_S006,19,0.0016943619748072331,,0.029442103366397937,,0.0008921826845200134
TCN1_df38a6ea,TCN1,loso_subject_S006,20,0.001580780437778459,,0.029110785215449034,,0.000880445129246058
TCN1_df38a6ea,TCN1,loso_subject_S006,21,0.0013732753004015344,,0.026932172215454887,,0.0008681980515339459
TCN1_df38a6ea,TCN1,loso_subject_S006,22,0.0013950508509903005,,0.02675576925004858,,0.0008554603354898234
TCN1_df38a6ea,TCN1,loso_subject_S006,23,0.0012772296901129515,,0.025731833155120374,,0.0008422516217485822
TCN1_df38a6ea,TCN1,loso_subject_S006,24,0.0011764587518761837,,0.025031115990642155,,0.0008285922771894248
TCN1_df38a6ea,TCN1,loso_subject_S006,25,0.0011630272944927178,,0.024247602838930696,,0.0008145033635316124
TCN1_df38a6ea,TCN1,loso_subject_S006,26,0.001071765169584881,,0.023113789127820673,,0.0008000066048588205
TCN1_df38a6ea,TCN1,loso_subject_S006,27,0.0010825960785486985,,0.022814074456224697,,0.0007851243541221765
TCN1_df38a6ea,TCN1,loso_subject_S006,28,0.0010503577245125888,,0.022577193768769356,,0.0007698795586736293
TCN1_df38a6ea,TCN1,loso_subject_S006,29,0.001124139190009291,,0.023522640430653934,,0.0007542957248827956
TCN1_df38a6ea,TCN1,loso_subject_S006,30,0.0009615742851491786,,0.021729543145115483,,0.0007383968818918422
TCN1_df38a6ea,TCN1,loso_subject_S006,31,0.0009886954937516445,,0.021897338406333077,,0.00072220754456429
TCN1_df38a6ea,TCN1,loso_subject_S006,32,0.0008389846182514181,,0.020085161867087843,,0.0007057526756848715
TCN1_df38a6ea,TCN1,loso_subject_S006,33,0.0007964518020955488,,0.019609228045692227,,0.000689057647468726
TCN1_df38a6ea,TCN1,loso_subject_S006,34,0.0008796930543329237,,0.020055506067766543,,0.000672148202439283
TCN1_df38a6ea,TCN1,loso_subject_S006,35,0.0008147613090141582,,0.019874256474178877,,0.0006550504137351571
TCN1_df38a6ea,TCN1,loso_subject_S006,36,0.000841618802306878,,0.020205583033148546,,0.0006377906449072574
TCN1_df38a6ea,TCN1,loso_subject_S006,37,0.0007200402380644025,,0.018615446360403853,,0.0006203955092681036
TCN1_df38a6ea,TCN1,loso_subject_S006,38,0.0008065223498772296,,0.01899518281791675,,0.0006028918288560267
TCN1_df38a6ea,TCN1,loso_subject_S006,39,0.0007427579307567951,,0.018985584265783218,,0.00058530659307753
TCN1_df38a6ea,TCN1,loso_subject_S006,40,0.0007120726483333849,,0.01852552845111748,,0.0005676669170915806
TCN1_df38a6ea,TCN1,loso_subject_S006,41,0.000658049205199335,,0.01700000096934733,,0.0005499999999999997
TCN1_df38a6ea,TCN1,loso_subject_S006,42,0.0006628872312255713,,0.017178053772540936,,0.000532333082908419
TCN1_df38a6ea,TCN1,loso_subject_S006,43,0.0006945036635018212,,0.018273903713913412,,0.0005146934069224697
TCN1_df38a6ea,TCN1,loso_subject_S006,44,0.0006517978115109832,,0.017551540003807403,,0.000497108171143973
TCN1_df38a6ea,TCN1,loso_subject_S006,45,0.0005812683046585872,,0.01646311689230897,,0.00047960449073189616
TCN1_df38a6ea,TCN1,loso_subject_S006,46,0.0005921466408154695,,0.016142883247698015,,0.00046220935509274226
TCN1_df38a6ea,TCN1,loso_subject_S006,47,0.0005602952099818655,,0.01569740356080399,,0.00044494958626484254
TCN1_df38a6ea,TCN1,loso_subject_S006,48,0.0005500986028521951,,0.01590227684499564,,0.00042785179756071645
TCN1_df38a6ea,TCN1,loso_subject_S006,49,0.0006164577021632258,,0.016452895359116808,,0.0004109423525312737
TCN1_df38a6ea,TCN1,loso_subject_S006,50,0.0005167701050543286,,0.01548371173770799,,0.0003942473243151282
TCN1_df38a6ea,TCN1,loso_subject_S006,51,0.0005054957891705485,,0.015168312899842096,,0.0003777924554357096
TCN1_df38a6ea,TCN1,loso_subject_S006,52,0.0005798180451643838,,0.01547664392423665,,0.0003616031181081575
TCN1_df38a6ea,TCN1,loso_subject_S006,53,0.0004982196750620633,,0.015228151087810482,,0.000345704275117204
TCN1_df38a6ea,TCN1,loso_subject_S006,54,0.0004968667393866376,,0.014820364863417873,,0.00033012044132637024
TCN1_df38a6ea,TCN1,loso_subject_S006,55,0.0005313993161963622,,0.015441668815345448,,0.00031487564587782306
TCN1_df38a6ea,TCN1,loso_subject_S006,56,0.00047983231870969126,,0.014597034857662764,,0.00029999339514117897
TCN1_df38a6ea,TCN1,loso_subject_S006,57,0.0005309207571783487,,0.015253163920853722,,0.0002854966364683872
TCN1_df38a6ea,TCN1,loso_subject_S006,58,0.0004922041807911186,,0.01472671886433453,,0.0002714077228105749
TCN1_df38a6ea,TCN1,loso_subject_S006,59,0.0004959658258738988,,0.01466088961682051,,0.00025774837825141746
TCN1_df38a6ea,TCN1,loso_subject_S006,60,0.0004974328269648908,,0.015038692425286286,,0.0002445396645101764
TCN1_df38a6ea,TCN1,loso_subject_S006,61,0.0004766721984986689,,0.014783615956813618,,0.0002318019484660537
TCN1_df38a6ea,TCN1,loso_subject_S006,62,0.0004339666367635679,,0.014003009098133054,,0.00021955487075394156
TCN1_df38a6ea,TCN1,loso_subject_S006,63,0.0004317447204883012,,0.013465392299141479,,0.0002078173154799862
TCN1_df38a6ea,TCN1,loso_subject_S006,64,0.00044463006909371296,,0.013842428272700042,,0.00019660738110366478
TCN1_df38a6ea,TCN1,loso_subject_S006,65,0.00044880509802761124,,0.01393664197757206,,0.00018594235253127373
TCN1_df38a6ea,TCN1,loso_subject_S006,66,0.00040590963385639243,,0.01333728881847176,,0.00017583867446385477
TCN1_df38a6ea,TCN1,loso_subject_S006,67,0.0004075591945235658,,0.013163528143339466,,0.00016631192604065853
TCN1_df38a6ea,TCN1,loso_subject_S006,68,0.00041008493846530635,,0.013255641103732296,,0.00015737679681724137
TCN1_df38a6ea,TCN1,loso_subject_S006,69,0.00039614836804962683,,0.012972221460288034,,0.0001490470641152345
TCN1_df38a6ea,TCN1,loso_subject_S006,70,0.0004330402727816724,,0.013130684020332635,,0.00014133557177871338
TCN1_df38a6ea,TCN1,loso_subject_S006,71,0.0004321802876563543,,0.013308856733381768,,0.00013425421036992097
TCN1_df38a6ea,TCN1,loso_subject_S006,72,0.0003790594717379074,,0.012711848921678082,,0.00012781389883488212
TCN1_df38a6ea,TCN1,loso_subject_S006,73,0.0003766112629306453,,0.012804508271296203,,0.0001220245676671809
TCN1_df38a6ea,TCN1,loso_subject_S006,74,0.0004186651788162469,,0.013097616465327784,,0.00011689514359585877
TCN1_df38a6ea,TCN1,loso_subject_S006,75,0.00039015296226796296,,0.012622871424195319,,0.00011243353582104555
TCN1_df38a6ea,TCN1,loso_subject_S006,76,0.000410316002004264,,0.012820956565461825,,0.0001086466238185463
TCN1_df38a6ea,TCN1,loso_subject_S006,77,0.00037781942497658647,,0.012696534015130127,,0.00010554024673218805
TCN1_df38a6ea,TCN1,loso_subject_S006,78,0.0004205612834707838,,0.013033492678081349,,0.00010311919437028317
TCN1_df38a6ea,TCN1,loso_subject_S006,79,0.0004110959565120785,,0.01310833094685198,,0.00010138719982009242
TCN1_df38a6ea,TCN1,loso_subject_S006,80,0.00035947026730566835,,0.012353640339140331,,0.0001003469336916747
TCN1_df38a6ea,TCN1,loso_subject_S008,1,0.18782524153600064,,0.3144555447769828,,0.001
TCN1_df38a6ea,TCN1,loso_subject_S008,2,0.03804530203095893,,0.14388124462313245,,0.0009996530663083252
TCN1_df38a6ea,TCN1,loso_subject_S008,3,0.018826108465302787,,0.10255284479207191,,0.0009986128001799074
TCN1_df38a6ea,TCN1,loso_subject_S008,4,0.012739330196098568,,0.08410510004631815,,0.0009968808056297167
TCN1_df38a6ea,TCN1,loso_subject_S008,5,0.009840222473134867,,0.07455096317887859,,0.0009944597532678117
TCN1_df38a6ea,TCN1,loso_subject_S008,6,0.007748182214892696,,0.06602756653663971,,0.0009913533761814533
TCN1_df38a6ea,TCN1,loso_subject_S008,7,0.006237101394739828,,0.059127558044926525,,0.000987566464178954
TCN1_df38a6ea,TCN1,loso_subject_S008,8,0.005531951634541233,,0.05446799050382949,,0.0009831048564041408
TCN1_df38a6ea,TCN1,loso_subject_S008,9,0.0045865183359617276,,0.04996721063383678,,0.0009779754323328187
TCN1_df38a6ea,TCN1,loso_subject_S008,10,0.004007539489848291,,0.04671428102844603,,0.0009721861011651174
TCN1_df38a6ea,TCN1,loso_subject_S008,11,0.003762248185143358,,0.04502330206378969,,0.0009657457896300785
TCN1_df38a6ea,TCN1,loso_subject_S008,12,0.004058171535948751,,0.04700031039544796,,0.000958664428221286
TCN1_df38a6ea,TCN1,loso_subject_S008,13,0.003144511022290041,,0.041090577976404634,,0.000950952935884765
TCN1_df38a6ea,TCN1,loso_subject_S008,14,0.0027719026964286024,,0.03816362540407105,,0.0009426232031827582
TCN1_df38a6ea,TCN1,loso_subject_S008,15,0.0024309980728947646,,0.03590577066161631,,0.0009336880739593409
TCN1_df38a6ea,TCN1,loso_subject_S008,16,0.0023459374764718457,,0.03519233968540346,,0.0009241613255361449
TCN1_df38a6ea,TCN1,loso_subject_S008,17,0.0022070671927583267,,0.03383163167478074,,0.0009140576474687258
TCN1_df38a6ea,TCN1,loso_subject_S008,18,0.002134088960597643,,0.03339644483630228,,0.0009033926188963346
TCN1_df38a6ea,TCN1,loso_subject_S008,19,0.001856821369284839,,0.030672022615498378,,0.0008921826845200134
TCN1_df38a6ea,TCN1,loso_subject_S008,20,0.001822203326329939,,0.030334570393962312,,0.000880445129246058
TCN1_df38a6ea,TCN1,loso_subject_S008,21,0.0015123972307439478,,0.02785869688535273,,0.0008681980515339459
TCN1_df38a6ea,TCN1,loso_subject_S008,22,0.0016011260477237373,,0.02809572598911097,,0.0008554603354898234
TCN1_df38a6ea,TCN1,loso_subject_S008,23,0.0014431166133154886,,0.02670329957855292,,0.0008422516217485822
TCN1_df38a6ea,TCN1,loso_subject_S008,24,0.0013958017838271958,,0.026647405133075387,,0.0008285922771894248
TCN1_df38a6ea,TCN1,loso_subject_S008,25,0.0012668300255785452,,0.025265143758942163,,0.0008145033635316124
TCN1_df38a6ea,TCN1,loso_subject_S008,26,0.0012852786964669695,,0.025135715362017395,,0.0008000066048588205
TCN1_df38a6ea,TCN1,loso_subject_S008,27,0.0011918360909160773,,0.024652619276646942,,0.0007851243541221765
TCN1_df38a6ea,TCN1,loso_subject_S008,28,0.0011276455574824884,,0.024109418976689553,,0.0007698795586736293
TCN1_df38a6ea,TCN1,loso_subject_S008,29,0.0011180564486880835,,0.023581272553255588,,0.0007542957248827956
TCN1_df38a6ea,TCN1,loso_subject_S008,30,0.0009940710635412014,,0.022641804561137284,,0.0007383968818918422
TCN1_df38a6ea,TCN1,loso_subject_S008,31,0.0009288107830798253,,0.021915259542995183,,0.00072220754456429
TCN1_df38a6ea,TCN1,loso_subject_S008,32,0.0009370220226704431,,0.021953306381524713,,0.0007057526756848715
TCN1_df38a6ea,TCN1,loso_subject_S008,33,0.0009300861780625391,,0.021575333283687766,,0.000689057647468726
TCN1_df38a6ea,TCN1,loso_subject_S008,34,0.0009548131157388303,,0.021357643822963707,,0.000672148202439283
TCN1_df38a6ea,TCN1,loso_subject_S008,35,0.0009293264208927326,,0.02147218642582529,,0.0006550504137351571
TCN1_df38a6ea,TCN1,loso_subject_S008,36,0.000879152000533179,,0.020888470324689507,,0.0006377906449072574
TCN1_df38a6ea,TCN1,loso_subject_S008,37,0.0008085977408140011,,0.019789708680876986,,0.0006203955092681036
TCN1_df38a6ea,TCN1,loso_subject_S008,38,0.0007828201190129349,,0.020107288029436874,,0.0006028918288560267
TCN1_df38a6ea,TCN1,loso_subject_S008,39,0.0007675534054647125,,0.019151399803331245,,0.00058530659307753
TCN1_df38a6ea,TCN1,loso_subject_S008,40,0.0007058178203092293,,0.01866724651644634,,0.0005676669170915806
TCN1_df38a6ea,TCN1,loso_subject_S008,41,0.0007706735195535957,,0.01891891346673631,,0.0005499999999999997
TCN1_df38a6ea,TCN1,loso_subject_S008,42,0.0006720333468846355,,0.017801162884783304,,0.000532333082908419
TCN1_df38a6ea,TCN1,loso_subject_S008,43,0.0006715337006442377,,0.017765159993589633,,0.0005146934069224697
TCN1_df38a6ea,TCN1,loso_subject_S008,44,0.0006912799169476471,,0.018314868429938267,,0.000497108171143973
TCN1_df38a6ea,TCN1,loso_subject_S008,45,0.000597796435192077,,0.017064600746553516,,0.00047960449073189616
TCN1_df38a6ea,TCN1,loso_subject_S008,46,0.0006408561646311484,,0.017554231996393457,,0.00046220935509274226
TCN1_df38a6ea,TCN1,loso_subject_S008,47,0.0006573306427074967,,0.017636127372393735,,0.00044494958626484254
TCN1_df38a6ea,TCN1,loso_subject_S008,48,0.0006258224697265383,,0.017086283596569066,,0.00042785179756071645
TCN1_df38a6ea,TCN1,loso_subject_S008,49,0.0006188705118146832,,0.016987867242256628,,0.0004109423525312737
TCN1_df38a6ea,TCN1,loso_subject_S008,50,0.0006156322324952366,,0.01664759368098863,,0.0003942473243151282
TCN1_df38a6ea,TCN1,loso_subject_S008,51,0.0006654390366131614,,0.017938962415807457,,0.0003777924554357096
TCN1_df38a6ea,TCN1,loso_subject_S008,52,0.000530672197376238,,0.016047247259586082,,0.0003616031181081575
TCN1_df38a6ea,TCN1,loso_subject_S008,53,0.0005457235129551948,,0.01571685681027107,,0.000345704275117204
TCN1_df38a6ea,TCN1,loso_subject_S008,54,0.0005775585562084116,,0.01619915445325964,,0.00033012044132637024
TCN1_df38a6ea,TCN1,loso_subject_S008,55,0.000560577227903914,,0.01591171566421606,,0.00031487564587782306
TCN1_df38a6ea,TCN1,loso_subject_S008,56,0.0005385713657468029,,0.015033055647892087,,0.00029999339514117897
TCN1_df38a6ea,TCN1,loso_subject_S008,57,0.000520928277410499,,0.015437008228096285,,0.0002854966364683872
TCN1_df38a6ea,TCN1,loso_subject_S008,58,0.0004525380451202918,,0.014834261258347865,,0.0002714077228105749
TCN1_df38a6ea,TCN1,loso_subject_S008,59,0.0004876124355781757,,0.014933424069244762,,0.00025774837825141746
TCN1_df38a6ea,TCN1,loso_subject_S008,60,0.0005029165694293764,,0.015415575953162244,,0.0002445396645101764
TCN1_df38a6ea,TCN1,loso_subject_S008,61,0.0004862298976557858,,0.01489246233590169,,0.0002318019484660537
TCN1_df38a6ea,TCN1,loso_subject_S008,62,0.0004636754559297213,,0.014694897941184865,,0.00021955487075394156
TCN1_df38a6ea,TCN1,loso_subject_S008,63,0.0005142274359479968,,0.015161538797398027,,0.0002078173154799862
TCN1_df38a6ea,TCN1,loso_subject_S008,64,0.00046841428998414266,,0.015083803597425957,,0.00019660738110366478
TCN1_df38a6ea,TCN1,loso_subject_S008,65,0.0004301501251880417,,0.014316589069200776,,0.00018594235253127373
TCN1_df38a6ea,TCN1,loso_subject_S008,66,0.0004130372793414007,,0.014184221301121794,,0.00017583867446385477
TCN1_df38a6ea,TCN1,loso_subject_S008,67,0.00043329705311167887,,0.01448259421351195,,0.00016631192604065853
TCN1_df38a6ea,TCN1,loso_subject_S008,68,0.0004241257747497334,,0.01379931915716609,,0.00015737679681724137
TCN1_df38a6ea,TCN1,loso_subject_S008,69,0.0004582673260460723,,0.014183727912185683,,0.0001490470641152345
TCN1_df38a6ea,TCN1,loso_subject_S008,70,0.00042660329013990153,,0.013956265851934171,,0.00014133557177871338
TCN1_df38a6ea,TCN1,loso_subject_S008,71,0.0004453644572346071,,0.014137901078532421,,0.00013425421036992097
TCN1_df38a6ea,TCN1,loso_subject_S008,72,0.00042451317547097825,,0.013951699220477391,,0.00012781389883488212
TCN1_df38a6ea,TCN1,loso_subject_S008,73,0.00042001534056739447,,0.013869548238651157,,0.0001220245676671809
TCN1_df38a6ea,TCN1,loso_subject_S008,74,0.000461161446426012,,0.014485257485429039,,0.00011689514359585877
TCN1_df38a6ea,TCN1,loso_subject_S008,75,0.0003974746538393636,,0.013752406209085967,,0.00011243353582104555
TCN1_df38a6ea,TCN1,loso_subject_S008,76,0.00041859023943900924,,0.01350782331126088,,0.0001086466238185463
TCN1_df38a6ea,TCN1,loso_subject_S008,77,0.00042678869883656196,,0.01387877389542083,,0.00010554024673218805
TCN1_df38a6ea,TCN1,loso_subject_S008,78,0.00040432894198315784,,0.013597755710773717,,0.00010311919437028317
TCN1_df38a6ea,TCN1,loso_subject_S008,79,0.00043724216573947484,,0.013709994129131441,,0.00010138719982009242
TCN1_df38a6ea,TCN1,loso_subject_S008,80,0.0003990325113873396,,0.01349151324761833,,0.0001003469336916747
TCN1_df38a6ea,TCN1,loso_subject_S009,1,0.2451747523790056,,0.35048680820248346,,0.001
TCN1_df38a6ea,TCN1,loso_subject_S009,2,0.042948301415890455,,0.15041487037458204,,0.0009996530663083252
TCN1_df38a6ea,TCN1,loso_subject_S009,3,0.023887230125679212,,0.11287751726128838,,0.0009986128001799074
TCN1_df38a6ea,TCN1,loso_subject_S009,4,0.015571902760050514,,0.09221934069964019,,0.0009968808056297167
TCN1_df38a6ea,TCN1,loso_subject_S009,5,0.011409918745895002,,0.07849602655253628,,0.0009944597532678117
TCN1_df38a6ea,TCN1,loso_subject_S009,6,0.008980289800092578,,0.06974237894808705,,0.0009913533761814533
TCN1_df38a6ea,TCN1,loso_subject_S009,7,0.008429154531437565,,0.06691695377230644,,0.000987566464178954
TCN1_df38a6ea,TCN1,loso_subject_S009,8,0.006447143720420586,,0.05806085314940323,,0.0009831048564041408
TCN1_df38a6ea,TCN1,loso_subject_S009,9,0.00575653970008716,,0.05482563994486223,,0.0009779754323328187
TCN1_df38a6ea,TCN1,loso_subject_S009,10,0.0045400332416069104,,0.0497444337233901,,0.0009721861011651174
TCN1_df38a6ea,TCN1,loso_subject_S009,11,0.004110331091479483,,0.046150399879975754,,0.0009657457896300785
TCN1_df38a6ea,TCN1,loso_subject_S009,12,0.004246242939685048,,0.046011707914823834,,0.000958664428221286
TCN1_df38a6ea,TCN1,loso_subject_S009,13,0.0034106883077501234,,0.04226963505656882,,0.000950952935884765
TCN1_df38a6ea,TCN1,loso_subject_S009,14,0.0030259990731296552,,0.04013595755466006,,0.0009426232031827582
TCN1_df38a6ea,TCN1,loso_subject_S009,15,0.002820280351443216,,0.03895671073008667,,0.0009336880739593409
TCN1_df38a6ea,TCN1,loso_subject_S009,16,0.0026885157488074833,,0.03695903726938096,,0.0009241613255361449
TCN1_df38a6ea,TCN1,loso_subject_S009,17,0.002410060675835914,,0.03499661373313178,,0.0009140576474687258
TCN1_df38a6ea,TCN1,loso_subject_S009,18,0.002415243112905459,,0.035132913596250794,,0.0009033926188963346
TCN1_df38a6ea,TCN1,loso_subject_S009,19,0.0021116087975149803,,0.03276006991721012,,0.0008921826845200134
TCN1_df38a6ea,TCN1,loso_subject_S009,20,0.002078211158566939,,0.0329496614550325,,0.000880445129246058
TCN1_df38a6ea,TCN1,loso_subject_S009,21,0.0019374596939252858,,0.03146913554519415,,0.0008681980515339459
TCN1_df38a6ea,TCN1,loso_subject_S009,22,0.0017481530945091931,,0.03014455016025088,,0.0008554603354898234
TCN1_df38a6ea,TCN1,loso_subject_S009,23,0.0017091666086344048,,0.029364595909348944,,0.0008422516217485822
TCN1_df38a6ea,TCN1,loso_subject_S009,24,0.0016981472356498919,,0.028657222632318735,,0.0008285922771894248
TCN1_df38a6ea,TCN1,loso_subject_S009,25,0.001452970864854499,,0.026621176649562338,,0.0008145033635316124
TCN1_df38a6ea,TCN1,loso_subject_S009,26,0.0014080418821487745,,0.026177046608857134,,0.0008000066048588205
TCN1_df38a6ea,TCN1,loso_subject_S009,27,0.0013430473455545407,,0.025866516908122736,,0.0007851243541221765
TCN1_df38a6ea,TCN1,loso_subject_S009,28,0.0013856698999668217,,0.026007894384251398,,0.0007698795586736293
TCN1_df38a6ea,TCN1,loso_subject_S009,29,0.0012006870978935199,,0.024620751807974142,,0.0007542957248827956
TCN1_df38a6ea,TCN1,loso_subject_S009,30,0.001261286798663522,,0.02484683489257639,,0.0007383968818918422
TCN1_df38a6ea,TCN1,loso_subject_S009,31,0.0013600289437983354,,0.02554699613458731,,0.00072220754456429
TCN1_df38a6ea,TCN1,loso_subject_S009,32,0.001308570111921819,,0.025220945731482723,,0.0007057526756848715
TCN1_df38a6ea,TCN1,loso_subject_S009,33,0.0011271165461618114,,0.023406325246800076,,0.000689057647468726
TCN1_df38a6ea,TCN1,loso_subject_S009,34,0.0010260820616332983,,0.021729796659201384,,0.000672148202439283
TCN1_df38a6ea,TCN1,loso_subject_S009,35,0.0010481969141189686,,0.022401604208756577,,0.0006550504137351571
TCN1_df38a6ea,TCN1,loso_subject_S009,36,0.0010132779981094327,,0.022161556767638434,,0.0006377906449072574
TCN1_df38a6ea,TCN1,loso_subject_S009,37,0.000899482865696138,,0.020684314087371935,,0.0006203955092681036
TCN1_df38a6ea,TCN1,loso_subject_S009,38,0.0009384623408550397,,0.020731799008155413,,0.0006028918288560267
TCN1_df38a6ea,TCN1,loso_subject_S009,39,0.0009526091982314193,,0.02106127574701201,,0.00058530659307753
TCN1_df38a6ea,TCN1,loso_subject_S009,40,0.0008104241999469443,,0.019879966487430713,,0.0005676669170915806
TCN1_df38a6ea,TCN1,loso_subject_S009,41,0.0008314128393645991,,0.019662591417066076,,0.0005499999999999997
TCN1_df38a6ea,TCN1,loso_subject_S009,42,0.0010024453592698344,,0.021048900607804007,,0.000532333082908419
TCN1_df38a6ea,TCN1,loso_subject_S009,43,0.0008069610405734486,,0.019366442945531824,,0.0005146934069224697
TCN1_df38a6ea,TCN1,loso_subject_S009,44,0.0008914192869931205,,0.02001385771754113,,0.000497108171143973
TCN1_df38a6ea,TCN1,loso_subject_S009,45,0.0008011443126385777,,0.01997331301258369,,0.00047960449073189616
TCN1_df38a6ea,TCN1,loso_subject_S009,46,0.0007787681944054467,,0.018815298395400696,,0.00046220935509274226
TCN1_df38a6ea,TCN1,loso_subject_S009,47,0.0007260646578453651,,0.01900848384353925,,0.00044494958626484254
TCN1_df38a6ea,TCN1,loso_subject_S009,48,0.0007043791993055493,,0.01816468908112835,,0.00042785179756071645
TCN1_df38a6ea,TCN1,loso_subject_S009,49,0.0007068780694019304,,0.0185824269217185,,0.0004109423525312737
TCN1_df38a6ea,TCN1,loso_subject_S009,50,0.0007268632305733098,,0.018074447267942807,,0.0003942473243151282
TCN1_df38a6ea,TCN1,loso_subject_S009,51,0.000710693390415558,,0.017698867987333375,,0.0003777924554357096
TCN1_df38a6ea,TCN1,loso_subject_S009,52,0.0007763665840188464,,0.018125963778319685,,0.0003616031181081575
TCN1_df38a6ea,TCN1,loso_subject_S009,53,0.0006584276422720657,,0.017479107545858078,,0.000345704275117204
TCN1_df38a6ea,TCN1,loso_subject_S009,54,0.0006404131232887845,,0.01719110592437739,,0.00033012044132637024
TCN1_df38a6ea,TCN1,loso_subject_S009,55,0.0006449114410894584,,0.016764186216856946,,0.00031487564587782306
TCN1_df38a6ea,TCN1,loso_subject_S009,56,0.0006650869069165889,,0.016813923414288598,,0.00029999339514117897
TCN1_df38a6ea,TCN1,loso_subject_S009,57,0.0006113506004277787,,0.01676093031313609,,0.0002854966364683872
TCN1_df38a6ea,TCN1,loso_subject_S009,58,0.0006451297158491798,,0.016927195437760514,,0.0002714077228105749
TCN1_df38a6ea,TCN1,loso_subject_S009,59,0.0006478963312640025,,0.016735405851663512,,0.00025774837825141746
TCN1_df38a6ea,TCN1,loso_subject_S009,60,0.0005748555343994998,,0.015867657176303594,,0.0002445396645101764
TCN1_df38a6ea,TCN1,loso_subject_S009,61,0.0006600442595134319,,0.016581076620654625,,0.0002318019484660537
TCN1_df38a6ea,TCN1,loso_subject_S009,62,0.0006054252001128837,,0.016109456519850275,,0.00021955487075394156
TCN1_df38a6ea,TCN1,loso_subject_S009,63,0.0005625452808585992,,0.015699658056043765,,0.0002078173154799862
TCN1_df38a6ea,TCN1,loso_subject_S009,64,0.0005568839822610079,,0.015784790019758722,,0.00019660738110366478
TCN1_df38a6ea,TCN1,loso_subject_S009,65,0.0005704513830344447,,0.01559612654488195,,0.00018594235253127373
TCN1_df38a6ea,TCN1,loso_subject_S009,66,0.0005725550078998574,,0.015529513761231845,,0.00017583867446385477
TCN1_df38a6ea,TCN1,loso_subject_S009,67,0.0005420864330186636,,0.015230318319729784,,0.00016631192604065853
TCN1_df38a6ea,TCN1,loso_subject_S009,68,0.0005196762755407359,,0.015024205712093548,,0.00015737679681724137
TCN1_df38a6ea,TCN1,loso_subject_S009,69,0.0005074786981408993,,0.014994611773131923,,0.0001490470641152345
TCN1_df38a6ea,TCN1,loso_subject_S009,70,0.0005452741454725831,,0.015132800570096482,,0.00014133557177871338
TCN1_df38a6ea,TCN1,loso_subject_S009,71,0.000504635476152709,,0.014864411670714617,,0.00013425421036992097
TCN1_df38a6ea,TCN1,loso_subject_S009,72,0.00053029810938328,,0.015285680705512112,,0.00012781389883488212
TCN1_df38a6ea,TCN1,loso_subject_S009,73,0.000514605173851702,,0.014926039253954183,,0.0001220245676671809
TCN1_df38a6ea,TCN1,loso_subject_S009,74,0.0005224621226344342,,0.014805455459281802,,0.00011689514359585877
TCN1_df38a6ea,TCN1,loso_subject_S009,75,0.0005540194976095914,,0.014955726282840425,,0.00011243353582104555
TCN1_df38a6ea,TCN1,loso_subject_S009,76,0.0005514499720117204,,0.014998608226464554,,0.0001086466238185463
TCN1_df38a6ea,TCN1,loso_subject_S009,77,0.0005092772070466625,,0.014670449880544435,,0.00010554024673218805
TCN1_df38a6ea,TCN1,loso_subject_S009,78,0.000519335514003284,,0.014760937901552428,,0.00010311919437028317
TCN1_df38a6ea,TCN1,loso_subject_S009,79,0.0005268762129575903,,0.014894775030287829,,0.00010138719982009242
TCN1_df38a6ea,TCN1,loso_subject_S009,80,0.0004657326694128146,,0.01442724864252589,,0.0001003469336916747
TCN1_df38a6ea,TCN1,loso_subject_S010,1,0.23167869797679183,,0.33145331441938125,,0.001
TCN1_df38a6ea,TCN1,loso_subject_S010,2,0.03530213235110713,,0.13747171699206592,,0.0009996530663083252
TCN1_df38a6ea,TCN1,loso_subject_S010,3,0.02075199958663251,,0.10601940662253956,,0.0009986128001799074
TCN1_df38a6ea,TCN1,loso_subject_S010,4,0.014783473617461252,,0.08849969765414363,,0.0009968808056297167
TCN1_df38a6ea,TCN1,loso_subject_S010,5,0.01065921533635986,,0.07593914795390018,,0.0009944597532678117
TCN1_df38a6ea,TCN1,loso_subject_S010,6,0.00831301139633669,,0.06688678886370439,,0.0009913533761814533
TCN1_df38a6ea,TCN1,loso_subject_S010,7,0.006415327625586893,,0.05921252413037616,,0.000987566464178954
TCN1_df38a6ea,TCN1,loso_subject_S010,8,0.0059275279647107715,,0.05606365246700873,,0.0009831048564041408
TCN1_df38a6ea,TCN1,loso_subject_S010,9,0.004992456571166344,,0.05120444429978248,,0.0009779754323328187
TCN1_df38a6ea,TCN1,loso_subject_S010,10,0.003999196733890146,,0.04589973587077764,,0.0009721861011651174
TCN1_df38a6ea,TCN1,loso_subject_S010,11,0.003493746823590735,,0.04280618061984237,,0.0009657457896300785
TCN1_df38a6ea,TCN1,loso_subject_S010,12,0.0031133398765026687,,0.04070701013837757,,0.000958664428221286
TCN1_df38a6ea,TCN1,loso_subject_S010,13,0.0030289392420031957,,0.03962326369563125,,0.000950952935884765
TCN1_df38a6ea,TCN1,loso_subject_S010,14,0.002584328322340231,,0.037257599789351434,,0.0009426232031827582
TCN1_df38a6ea,TCN1,loso_subject_S010,15,0.002180997403090373,,0.03414092110770364,,0.0009336880739593409
TCN1_df38a6ea,TCN1,loso_subject_S010,16,0.002245106571549902,,0.03417739626359806,,0.0009241613255361449
TCN1_df38a6ea,TCN1,loso_subject_S010,17,0.0018956062686335698,,0.031075943595772874,,0.0009140576474687258
TCN1_df38a6ea,TCN1,loso_subject_S010,18,0.0017633197891498494,,0.030636127664593962,,0.0009033926188963346
TCN1_df38a6ea,TCN1,loso_subject_S010,19,0.0017677685110353007,,0.02989620803156541,,0.0008921826845200134
TCN1_df38a6ea,TCN1,loso_subject_S010,20,0.0017891590361683244,,0.030081832104821026,,0.000880445129246058
TCN1_df38a6ea,TCN1,loso_subject_S010,21,0.0015704448061876343,,0.028189197083383924,,0.0008681980515339459
TCN1_df38a6ea,TCN1,loso_subject_S010,22,0.0014458309963860173,,0.0272148069344346,,0.0008554603354898234
TCN1_df38a6ea,TCN1,loso_subject_S010,23,0.0015383597140410734,,0.027893189419202016,,0.0008422516217485822
TCN1_df38a6ea,TCN1,loso_subject_S010,24,0.0013589768423627002,,0.025772023232860118,,0.0008285922771894248
TCN1_df38a6ea,TCN1,loso_subject_S010,25,0.0012935057346451751,,0.02521429804439799,,0.0008145033635316124
TCN1_df38a6ea,TCN1,loso_subject_S010,26,0.0012102589441586134,,0.024519139472369056,,0.0008000066048588205
TCN1_df38a6ea,TCN1,loso_subject_S010,27,0.0010803393907923393,,0.02301283337457986,,0.0007851243541221765
TCN1_df38a6ea,TCN1,loso_subject_S010,28,0.0010226389068619024,,0.02238072410257217,,0.0007698795586736293
TCN1_df38a6ea,TCN1,loso_subject_S010,29,0.0010339165864666456,,0.02272507727804475,,0.0007542957248827956
TCN1_df38a6ea,TCN1,loso_subject_S010,30,0.0009241374253607544,,0.021989564694788143,,0.0007383968818918422
TCN1_df38a6ea,TCN1,loso_subject_S010,31,0.0010739828427753257,,0.02357037723858594,,0.00072220754456429
TCN1_df38a6ea,TCN1,loso_subject_S010,32,0.0009521896269062709,,0.02121629258735317,,0.0007057526756848715
TCN1_df38a6ea,TCN1,loso_subject_S010,33,0.0009944729139926473,,0.022238525910744492,,0.000689057647468726
TCN1_df38a6ea,TCN1,loso_subject_S010,34,0.0009686446122186413,,0.02113053433043258,,0.000672148202439283
TCN1_df38a6ea,TCN1,loso_subject_S010,35,0.0008760585346282688,,0.020670374173561285,,0.0006550504137351571
TCN1_df38a6ea,TCN1,loso_subject_S010,36,0.0008490273574998062,,0.02052035278850986,,0.0006377906449072574
TCN1_df38a6ea,TCN1,loso_subject_S010,37,0.0008182738176814762,,0.02005646158882311,,0.0006203955092681036
TCN1_df38a6ea,TCN1,loso_subject_S010,38,0.0008096355441330735,,0.019600839041915383,,0.0006028918288560267
TCN1_df38a6ea,TCN1,loso_subject_S010,39,0.000809598453035957,,0.01922013662849536,,0.00058530659307753
TCN1_df38a6ea,TCN1,loso_subject_S010,40,0.0007990616398454,,0.01856819084005595,,0.0005676669170915806
TCN1_df38a6ea,TCN1,loso_subject_S010,41,0.000699125681442129,,0.018212911355482912,,0.0005499999999999997
TCN1_df38a6ea,TCN1,loso_subject_S010,42,0.0006935655192124591,,0.018080105861390288,,0.000532333082908419
TCN1_df38a6ea,TCN1,loso_subject_S010,43,0.0006348970176754611,,0.017073961185111154,,0.0005146934069224697
TCN1_df38a6ea,TCN1,loso_subject_S010,44,0.0006854406912774526,,0.017870798829791423,,0.000497108171143973
TCN1_df38a6ea,TCN1,loso_subject_S010,45,0.0005856599003340406,,0.016977200777038702,,0.00047960449073189616
TCN1_df38a6ea,TCN1,loso_subject_S010,46,0.0006095408826908371,,0.016940035187178206,,0.00046220935509274226
TCN1_df38a6ea,TCN1,loso_subject_S010,47,0.0006055503915133266,,0.016166394417073585,,0.00044494958626484254
TCN1_df38a6ea,TCN1,loso_subject_S010,48,0.0006671432167899678,,0.016705479305681642,,0.00042785179756071645
TCN1_df38a6ea,TCN1,loso_subject_S010,49,0.0005677898488233459,,0.016217345655288384,,0.0004109423525312737
TCN1_df38a6ea,TCN1,loso_subject_S010,50,0.0007072628378495182,,0.017811611170657136,,0.0003942473243151282
TCN1_df38a6ea,TCN1,loso_subject_S010,51,0.0005868056666257505,,0.016335546980817055,,0.0003777924554357096
TCN1_df38a6ea,TCN1,loso_subject_S010,52,0.0005810439257557945,,0.015987954557015134,,0.0003616031181081575
TCN1_df38a6ea,TCN1,loso_subject_S010,53,0.0005024334293010358,,0.015364815508437357,,0.000345704275117204
TCN1_df38a6ea,TCN1,loso_subject_S010,54,0.0005368538229061071,,0.015549409511495188,,0.00033012044132637024
TCN1_df38a6ea,TCN1,loso_subject_S010,55,0.0005535603310523599,,0.015331249345788866,,0.00031487564587782306
TCN1_df38a6ea,TCN1,loso_subject_S010,56,0.0005256221556205297,,0.015327938748745648,,0.00029999339514117897
TCN1_df38a6ea,TCN1,loso_subject_S010,57,0.0005201848286992987,,0.014900426525324792,,0.0002854966364683872
TCN1_df38a6ea,TCN1,loso_subject_S010,58,0.0004922017748547629,,0.014705782353898921,,0.0002714077228105749
TCN1_df38a6ea,TCN1,loso_subject_S010,59,0.00045550681064806636,,0.014226861742193201,,0.00025774837825141746
TCN1_df38a6ea,TCN1,loso_subject_S010,60,0.0005538762534993373,,0.015286437720373837,,0.0002445396645101764
TCN1_df38a6ea,TCN1,loso_subject_S010,61,0.0005307882834163195,,0.015081610162265672,,0.0002318019484660537
TCN1_df38a6ea,TCN1,loso_subject_S010,62,0.0004451418748428473,,0.014383209766075537,,0.00021955487075394156
TCN1_df38a6ea,TCN1,loso_subject_S010,63,0.00043441450291412505,,0.013744960072728562,,0.0002078173154799862
TCN1_df38a6ea,TCN1,loso_subject_S010,64,0.0005010980909848964,,0.014336606812876287,,0.00019660738110366478
TCN1_df38a6ea,TCN1,loso_subject_S010,65,0.0004860894340789272,,0.014319619449929218,,0.00018594235253127373
TCN1_df38a6ea,TCN1,loso_subject_S010,66,0.0004647990694314602,,0.014004067299681159,,0.00017583867446385477
TCN1_df38a6ea,TCN1,loso_subject_S010,67,0.0004625070421237415,,0.013675620160254991,,0.00016631192604065853
TCN1_df38a6ea,TCN1,loso_subject_S010,68,0.0004284751378156527,,0.013651629209748325,,0.00015737679681724137
TCN1_df38a6ea,TCN1,loso_subject_S010,69,0.00046758020644795887,,0.013713997651575993,,0.0001490470641152345
TCN1_df38a6ea,TCN1,loso_subject_S010,70,0.00041065283540439064,,0.013395838712460948,,0.00014133557177871338
TCN1_df38a6ea,TCN1,loso_subject_S010,71,0.00045230260798394115,,0.013755213706995796,,0.00013425421036992097
TCN1_df38a6ea,TCN1,loso_subject_S010,72,0.00041634568671168837,,0.012991290506848028,,0.00012781389883488212
TCN1_df38a6ea,TCN1,loso_subject_S010,73,0.00040204421180165873,,0.013089827537473923,,0.0001220245676671809
TCN1_df38a6ea,TCN1,loso_subject_S010,74,0.00037580957163310105,,0.013096738849645075,,0.00011689514359585877
TCN1_df38a6ea,TCN1,loso_subject_S010,75,0.0004117051279074336,,0.013133821024090511,,0.00011243353582104555
TCN1_df38a6ea,TCN1,loso_subject_S010,76,0.0004120454076889166,,0.013345719448344319,,0.0001086466238185463
TCN1_df38a6ea,TCN1,loso_subject_S010,77,0.0004500538544392352,,0.013405307777340917,,0.00010554024673218805
TCN1_df38a6ea,TCN1,loso_subject_S010,78,0.00039341652861876,,0.012940103775948328,,0.00010311919437028317
TCN1_df38a6ea,TCN1,loso_subject_S010,79,0.00037654627919971663,,0.012778466556947496,,0.00010138719982009242
TCN1_df38a6ea,TCN1,loso_subject_S010,80,0.0004006261677059331,,0.012918959204551632,,0.0001003469336916747
TCN1_df38a6ea,TCN1,loso_subject_S011,1,0.16241796453557872,,0.28544016384328635,,0.001
TCN1_df38a6ea,TCN1,loso_subject_S011,2,0.03245289601552602,,0.13311940126243185,,0.0009996530663083252
TCN1_df38a6ea,TCN1,loso_subject_S011,3,0.01860783933532571,,0.1009240351111325,,0.0009986128001799074
TCN1_df38a6ea,TCN1,loso_subject_S011,4,0.010832481914754196,,0.07874494951807882,,0.0009968808056297167
TCN1_df38a6ea,TCN1,loso_subject_S011,5,0.00896597082869051,,0.07114630601564831,,0.0009944597532678117
TCN1_df38a6ea,TCN1,loso_subject_S011,6,0.006173792353891368,,0.0594320112023616,,0.0009913533761814533
TCN1_df38a6ea,TCN1,loso_subject_S011,7,0.005167770142535819,,0.053637380464025546,,0.000987566464178954
TCN1_df38a6ea,TCN1,loso_subject_S011,8,0.004489817513871468,,0.0504633720095499,,0.0009831048564041408
TCN1_df38a6ea,TCN1,loso_subject_S011,9,0.0037182332340574315,,0.04588861707766226,,0.0009779754323328187
TCN1_df38a6ea,TCN1,loso_subject_S011,10,0.0035862985860672272,,0.04419789093494535,,0.0009721861011651174
TCN1_df38a6ea,TCN1,loso_subject_S011,11,0.002792846522078681,,0.03942910186116334,,0.0009657457896300785
TCN1_df38a6ea,TCN1,loso_subject_S011,12,0.002937644767516077,,0.03900714732355081,,0.000958664428221286
TCN1_df38a6ea,TCN1,loso_subject_S011,13,0.0025656141422367405,,0.03705292702464006,,0.000950952935884765
TCN1_df38a6ea,TCN1,loso_subject_S011,14,0.002243731702843356,,0.03442323289863957,,0.0009426232031827582
TCN1_df38a6ea,TCN1,loso_subject_S011,15,0.0022421128480477393,,0.034239807243120236,,0.0009336880739593409
TCN1_df38a6ea,TCN1,loso_subject_S011,16,0.0019205735568172155,,0.03183031887097696,,0.0009241613255361449
TCN1_df38a6ea,TCN1,loso_subject_S011,17,0.0018129286011347567,,0.031272488536843494,,0.0009140576474687258
TCN1_df38a6ea,TCN1,loso_subject_S011,18,0.0016841529912943773,,0.02986280914606678,,0.0009033926188963346
TCN1_df38a6ea,TCN1,loso_subject_S011,19,0.0014723213883764935,,0.027681241198307338,,0.0008921826845200134
TCN1_df38a6ea,TCN1,loso_subject_S011,20,0.001428618719235004,,0.026807990700988597,,0.000880445129246058
TCN1_df38a6ea,TCN1,loso_subject_S011,21,0.0012756274706296443,,0.025521157404134288,,0.0008681980515339459
TCN1_df38a6ea,TCN1,loso_subject_S011,22,0.0011303703407060596,,0.023974180781784444,,0.0008554603354898234
TCN1_df38a6ea,TCN1,loso_subject_S011,23,0.0011688834148954243,,0.023943332687902705,,0.0008422516217485822
TCN1_df38a6ea,TCN1,loso_subject_S011,24,0.0011186011491523162,,0.02344346727257331,,0.0008285922771894248
TCN1_df38a6ea,TCN1,loso_subject_S011,25,0.0010384139966303169,,0.02268295800864856,,0.0008145033635316124
TCN1_df38a6ea,TCN1,loso_subject_S011,26,0.001013848771144536,,0.022395692172458077,,0.0008000066048588205
TCN1_df38a6ea,TCN1,loso_subject_S011,27,0.000953450769348978,,0.021726537063373855,,0.0007851243541221765
TCN1_df38a6ea,TCN1,loso_subject_S011,28,0.000990206175584249,,0.022446922206358192,,0.0007698795586736293
TCN1_df38a6ea,TCN1,loso_subject_S011,29,0.0009553219752112643,,0.021560563657566152,,0.0007542957248827956
TCN1_df38a6ea,TCN1,loso_subject_S011,30,0.0008348900602860005,,0.02056967696394957,,0.0007383968818918422
TCN1_df38a6ea,TCN1,loso_subject_S011,31,0.0008414507434289316,,0.02038989489784046,,0.00072220754456429
TCN1_df38a6ea,TCN1,loso_subject_S011,32,0.0008200475325316873,,0.01960836615576697,,0.0007057526756848715
TCN1_df38a6ea,TCN1,loso_subject_S011,33,0.0007349094573628654,,0.01864312029377937,,0.000689057647468726
TCN1_df38a6ea,TCN1,loso_subject_S011,34,0.0006879462263492045,,0.01830922501387904,,0.000672148202439283
TCN1_df38a6ea,TCN1,loso_subject_S011,35,0.0006706689045045995,,0.01773227191402107,,0.0006550504137351571
TCN1_df38a6ea,TCN1,loso_subject_S011,36,0.0007616685343790686,,0.01857008095974007,,0.0006377906449072574
TCN1_df38a6ea,TCN1,loso_subject_S011,37,0.0007201752387005593,,0.018580357662837374,,0.0006203955092681036
TCN1_df38a6ea,TCN1,loso_subject_S011,38,0.0007021174824233586,,0.018797535457990767,,0.0006028918288560267
TCN1_df38a6ea,TCN1,loso_subject_S011,39,0.0006807365460341872,,0.017860948307549987,,0.00058530659307753
TCN1_df38a6ea,TCN1,loso_subject_S011,40,0.000642047448246327,,0.017674401483485116,,0.0005676669170915806
TCN1_df38a6ea,TCN1,loso_subject_S011,41,0.000608711841825599,,0.016566553931121206,,0.0005499999999999997
TCN1_df38a6ea,TCN1,loso_subject_S011,42,0.0006169912281224,,0.017090571263737107,,0.000532333082908419
TCN1_df38a6ea,TCN1,loso_subject_S011,43,0.000593532686256989,,0.016541157657509267,,0.0005146934069224697
TCN1_df38a6ea,TCN1,loso_subject_S011,44,0.0006015686775994226,,0.016656883675374486,,0.000497108171143973
TCN1_df38a6ea,TCN1,loso_subject_S011,45,0.0005534683219069137,,0.015812358596166188,,0.00047960449073189616
TCN1_df38a6ea,TCN1,loso_subject_S011,46,0.0005490254271462655,,0.015828763495902627,,0.00046220935509274226
TCN1_df38a6ea,TCN1,loso_subject_S011,47,0.0005535268748897901,,0.015412685482841585,,0.00044494958626484254
TCN1_df38a6ea,TCN1,loso_subject_S011,48,0.0005024601532638324,,0.015181319692753836,,0.00042785179756071645
TCN1_df38a6ea,TCN1,loso_subject_S011,49,0.0005047702556000833,,0.01493209917952022,,0.0004109423525312737
TCN1_df38a6ea,TCN1,loso_subject_S011,50,0.0005515342181685261,,0.015629448606696524,,0.0003942473243151282
TCN1_df38a6ea,TCN1,loso_subject_S011,51,0.0005203197925714866,,0.015116329066512696,,0.0003777924554357096
TCN1_df38a6ea,TCN1,loso_subject_S011,52,0.0004893193407896838,,0.015206820313442048,,0.0003616031181081575
TCN1_df38a6ea,TCN1,loso_subject_S011,53,0.0004672389307678464,,0.014472237742338025,,0.000345704275117204
TCN1_df38a6ea,TCN1,loso_subject_S011,54,0.00044753146126094235,,0.014056967043867176,,0.00033012044132637024
TCN1_df38a6ea,TCN1,loso_subject_S011,55,0.000431996884466563,,0.013555928378644179,,0.00031487564587782306
TCN1_df38a6ea,TCN1,loso_subject_S011,56,0.0004331379378509392,,0.01352131808928799,,0.00029999339514117897
TCN1_df38a6ea,TCN1,loso_subject_S011,57,0.0004445951867018421,,0.013830891810980737,,0.0002854966364683872
TCN1_df38a6ea,TCN1,loso_subject_S011,58,0.0004182413866736513,,0.013530007920605895,,0.0002714077228105749
TCN1_df38a6ea,TCN1,loso_subject_S011,59,0.0004483612138528237,,0.013843993326993681,,0.00025774837825141746
TCN1_df38a6ea,TCN1,loso_subject_S011,60,0.0004213278834871149,,0.013287165019300998,,0.0002445396645101764
TCN1_df38a6ea,TCN1,loso_subject_S011,61,0.00042353907194246865,,0.013279940456889792,,0.0002318019484660537
TCN1_df38a6ea,TCN1,loso_subject_S011,62,0.00040199928578533366,,0.013005199900732645,,0.00021955487075394156
TCN1_df38a6ea,TCN1,loso_subject_S011,63,0.0003923001125563645,,0.012992538421393916,,0.0002078173154799862
TCN1_df38a6ea,TCN1,loso_subject_S011,64,0.00040616499470075106,,0.013160237104919552,,0.00019660738110366478
TCN1_df38a6ea,TCN1,loso_subject_S011,65,0.0003885253653710075,,0.012843436627892118,,0.00018594235253127373
TCN1_df38a6ea,TCN1,loso_subject_S011,66,0.0003809804009496742,,0.012875633526751732,,0.00017583867446385477
TCN1_df38a6ea,TCN1,loso_subject_S011,67,0.0004028483461251332,,0.012657415736859242,,0.00016631192604065853
TCN1_df38a6ea,TCN1,loso_subject_S011,68,0.00038854756265996765,,0.012981649080971266,,0.00015737679681724137
TCN1_df38a6ea,TCN1,loso_subject_S011,69,0.0003810037607852511,,0.012288916025680916,,0.0001490470641152345
TCN1_df38a6ea,TCN1,loso_subject_S011,70,0.00036483409336217213,,0.012475003939534497,,0.00014133557177871338
TCN1_df38a6ea,TCN1,loso_subject_S011,71,0.0003441860857654915,,0.012564220761723864,,0.00013425421036992097
TCN1_df38a6ea,TCN1,loso_subject_S011,72,0.0003481552648194777,,0.012308935571540435,,0.00012781389883488212
TCN1_df38a6ea,TCN1,loso_subject_S011,73,0.0003647743626235177,,0.012174193463489219,,0.0001220245676671809
TCN1_df38a6ea,TCN1,loso_subject_S011,74,0.00031134304857413837,,0.01171022326417215,,0.00011689514359585877
TCN1_df38a6ea,TCN1,loso_subject_S011,75,0.0003597792229915362,,0.01208466933008848,,0.00011243353582104555
TCN1_df38a6ea,TCN1,loso_subject_S011,76,0.0003222918800158877,,0.012165719812424956,,0.0001086466238185463
TCN1_df38a6ea,TCN1,loso_subject_S011,77,0.00036397271917125863,,0.012143460068728322,,0.00010554024673218805
TCN1_df38a6ea,TCN1,loso_subject_S011,78,0.0003500634342796263,,0.011817617675581777,,0.00010311919437028317
TCN1_df38a6ea,TCN1,loso_subject_S011,79,0.0003429447441645697,,0.011829877523384432,,0.00010138719982009242
TCN1_df38a6ea,TCN1,loso_subject_S011,80,0.0003466381960896343,,0.011861741621958329,,0.0001003469336916747
TCN1_df38a6ea,TCN1,loso_subject_S012,1,0.15968691209754915,,0.280234255755847,,0.001
TCN1_df38a6ea,TCN1,loso_subject_S012,2,0.029859900427338038,,0.12849070545287178,,0.0009996530663083252
TCN1_df38a6ea,TCN1,loso_subject_S012,3,0.01655191854290892,,0.09596021861660001,,0.0009986128001799074
TCN1_df38a6ea,TCN1,loso_subject_S012,4,0.010721250029533653,,0.07828661584505492,,0.0009968808056297167
TCN1_df38a6ea,TCN1,loso_subject_S012,5,0.008123699113870229,,0.06867334200084783,,0.0009944597532678117
TCN1_df38a6ea,TCN1,loso_subject_S012,6,0.006827860629955095,,0.06175045002017872,,0.0009913533761814533
TCN1_df38a6ea,TCN1,loso_subject_S012,7,0.0056675851529067334,,0.05590364817330591,,0.000987566464178954
TCN1_df38a6ea,TCN1,loso_subject_S012,8,0.005044252257266423,,0.05291422592440726,,0.0009831048564041408
TCN1_df38a6ea,TCN1,loso_subject_S012,9,0.004401364811740046,,0.049260895024525755,,0.0009779754323328187
TCN1_df38a6ea,TCN1,loso_subject_S012,10,0.003763654531589742,,0.04587666854267304,,0.0009721861011651174
TCN1_df38a6ea,TCN1,loso_subject_S012,11,0.0037562893762387245,,0.044384972127658975,,0.0009657457896300785
TCN1_df38a6ea,TCN1,loso_subject_S012,12,0.003982793054601933,,0.045253740796301206,,0.000958664428221286
TCN1_df38a6ea,TCN1,loso_subject_S012,13,0.003187734213289048,,0.04234099146455338,,0.000950952935884765
TCN1_df38a6ea,TCN1,loso_subject_S012,14,0.002608875911104056,,0.03623465521662843,,0.0009426232031827582
TCN1_df38a6ea,TCN1,loso_subject_S012,15,0.0022928450984733154,,0.03480890015899719,,0.0009336880739593409
TCN1_df38a6ea,TCN1,loso_subject_S012,16,0.002120428371895321,,0.03405765970211245,,0.0009241613255361449
TCN1_df38a6ea,TCN1,loso_subject_S012,17,0.002011672460079291,,0.033139027305994766,,0.0009140576474687258
TCN1_df38a6ea,TCN1,loso_subject_S012,18,0.0018985176210242316,,0.031919594657266605,,0.0009033926188963346
TCN1_df38a6ea,TCN1,loso_subject_S012,19,0.0016191525049504523,,0.029251237938118044,,0.0008921826845200134
TCN1_df38a6ea,TCN1,loso_subject_S012,20,0.0018059292059116581,,0.03094577179195953,,0.000880445129246058
TCN1_df38a6ea,TCN1,loso_subject_S012,21,0.0017224897237973712,,0.030600084086595956,,0.0008681980515339459
TCN1_df38a6ea,TCN1,loso_subject_S012,22,0.001608330290897564,,0.029254595715962364,,0.0008554603354898234
TCN1_df38a6ea,TCN1,loso_subject_S012,23,0.0013886625595812042,,0.026968449354171753,,0.0008422516217485822
TCN1_df38a6ea,TCN1,loso_subject_S012,24,0.0012672669415600853,,0.026073249224690988,,0.0008285922771894248
TCN1_df38a6ea,TCN1,loso_subject_S012,25,0.0013304631721206927,,0.025945206938807298,,0.0008145033635316124
TCN1_df38a6ea,TCN1,loso_subject_S012,26,0.0011663384442785604,,0.024464224473548197,,0.0008000066048588205
TCN1_df38a6ea,TCN1,loso_subject_S012,27,0.0021599031696423396,,0.03276983278857073,,0.0007851243541221765
TCN1_df38a6ea,TCN1,loso_subject_S012,28,0.0012073040476837063,,0.02494908597390887,,0.0007698795586736293
TCN1_df38a6ea,TCN1,loso_subject_S012,29,0.0013981861174236594,,0.02723271525274602,,0.0007542957248827956
TCN1_df38a6ea,TCN1,loso_subject_S012,30,0.001145062836763826,,0.024123496809604756,,0.0007383968818918422
TCN1_df38a6ea,TCN1,loso_subject_S012,31,0.0010641626134668327,,0.023116508208465322,,0.00072220754456429
TCN1_df38a6ea,TCN1,loso_subject_S012,32,0.0012173536317389908,,0.024709663901387676,,0.0007057526756848715
TCN1_df38a6ea,TCN1,loso_subject_S012,33,0.0009192178523692282,,0.021547121912904577,,0.000689057647468726
TCN1_df38a6ea,TCN1,loso_subject_S012,34,0.0012193291368637772,,0.025060837630934002,,0.000672148202439283
TCN1_df38a6ea,TCN1,loso_subject_S012,35,0.0008580331394077307,,0.020871825810879638,,0.0006550504137351571
TCN1_df38a6ea,TCN1,loso_subject_S012,36,0.000968663566741175,,0.022320555784885333,,0.0006377906449072574
TCN1_df38a6ea,TCN1,loso_subject_S012,37,0.0011094342675010511,,0.023724899515534366,,0.0006203955092681036
TCN1_df38a6ea,TCN1,loso_subject_S012,38,0.000884795541256504,,0.02073950633956333,,0.0006028918288560267
TCN1_df38a6ea,TCN1,loso_subject_S012,39,0.0009075917120710507,,0.021222373860030525,,0.00058530659307753
TCN1_df38a6ea,TCN1,loso_subject_S012,40,0.0007545713506097435,,0.019078898485335213,,0.0005676669170915806
TCN1_df38a6ea,TCN1,loso_subject_S012,41,0.0007497083660778142,,0.018888479849554527,,0.0005499999999999997
TCN1_df38a6ea,TCN1,loso_subject_S012,42,0.0007084796317593353,,0.018521591654525875,,0.000532333082908419
TCN1_df38a6ea,TCN1,loso_subject_S012,43,0.0009686213826491993,,0.021961573406746912,,0.0005146934069224697
TCN1_df38a6ea,TCN1,loso_subject_S012,44,0.0007616689340703382,,0.019188326101003593,,0.000497108171143973
TCN1_df38a6ea,TCN1,loso_subject_S012,45,0.0007534506198192755,,0.019333723634134777,,0.00047960449073189616
TCN1_df38a6ea,TCN1,loso_subject_S012,46,0.0006975456130663481,,0.017964261696955895,,0.00046220935509274226
TCN1_df38a6ea,TCN1,loso_subject_S012,47,0.0007236513329241004,,0.018506312239562287,,0.00044494958626484254
TCN1_df38a6ea,TCN1,loso_subject_S012,48,0.0006737506523422031,,0.018228072181576786,,0.00042785179756071645
TCN1_df38a6ea,TCN1,loso_subject_S012,49,0.0007045458336718684,,0.018588816963108958,,0.0004109423525312737
TCN1_df38a6ea,TCN1,loso_subject_S012,50,0.0006538190251662299,,0.017780349921371976,,0.0003942473243151282
TCN1_df38a6ea,TCN1,loso_subject_S012,51,0.0006091145672834249,,0.017357302647010953,,0.0003777924554357096
TCN1_df38a6ea,TCN1,loso_subject_S012,52,0.0005829396173877944,,0.016422243619844658,,0.0003616031181081575
TCN1_df38a6ea,TCN1,loso_subject_S012,53,0.0005767389295261258,,0.016467529946078332,,0.000345704275117204
TCN1_df38a6ea,TCN1,loso_subject_S012,54,0.0005491166498560236,,0.015983811899370908,,0.00033012044132637024
TCN1_df38a6ea,TCN1,loso_subject_S012,55,0.0006277863613860886,,0.016973417899801946,,0.00031487564587782306
TCN1_df38a6ea,TCN1,loso_subject_S012,56,0.000581229835886096,,0.016054942565092656,,0.00029999339514117897
TCN1_df38a6ea,TCN1,loso_subject_S012,57,0.0005768440118070949,,0.01620904427800475,,0.0002854966364683872
TCN1_df38a6ea,TCN1,loso_subject_S012,58,0.0005600918619724468,,0.015899710884598173,,0.0002714077228105749
TCN1_df38a6ea,TCN1,loso_subject_S012,59,0.0005060226010901277,,0.015479720344017336,,0.00025774837825141746
TCN1_df38a6ea,TCN1,loso_subject_S012,60,0.0005281184404040068,,0.015592264966657289,,0.0002445396645101764
TCN1_df38a6ea,TCN1,loso_subject_S012,61,0.0005092761843014464,,0.015336918519873602,,0.0002318019484660537
TCN1_df38a6ea,TCN1,loso_subject_S012,62,0.0005879409141743298,,0.01643119572828025,,0.00021955487075394156
TCN1_df38a6ea,TCN1,loso_subject_S012,63,0.000507140312440929,,0.01514898274736414,,0.0002078173154799862
TCN1_df38a6ea,TCN1,loso_subject_S012,64,0.0005184307271621945,,0.015317130778151994,,0.00019660738110366478
TCN1_df38a6ea,TCN1,loso_subject_S012,65,0.0005196150656133839,,0.015375520589542611,,0.00018594235253127373
TCN1_df38a6ea,TCN1,loso_subject_S012,66,0.0004676367816068486,,0.014880418420907626,,0.00017583867446385477
TCN1_df38a6ea,TCN1,loso_subject_S012,67,0.00047519897365619427,,0.014686111305076128,,0.00016631192604065853
TCN1_df38a6ea,TCN1,loso_subject_S012,68,0.00047830508646930665,,0.01431314235670141,,0.00015737679681724137
TCN1_df38a6ea,TCN1,loso_subject_S012,69,0.0004684651890195052,,0.014419032613000588,,0.0001490470641152345
TCN1_df38a6ea,TCN1,loso_subject_S012,70,0.0004881367119608187,,0.01436031649143603,,0.00014133557177871338
TCN1_df38a6ea,TCN1,loso_subject_S012,71,0.0004558756756663151,,0.014474708521314616,,0.00013425421036992097
TCN1_df38a6ea,TCN1,loso_subject_S012,72,0.000460842090531825,,0.01426381045062901,,0.00012781389883488212
TCN1_df38a6ea,TCN1,loso_subject_S012,73,0.0004610413758640681,,0.013883823966536264,,0.0001220245676671809
TCN1_df38a6ea,TCN1,loso_subject_S012,74,0.00046664251394671393,,0.014584457945609735,,0.00011689514359585877
TCN1_df38a6ea,TCN1,loso_subject_S012,75,0.0006595665839138286,,0.016951171771043477,,0.00011243353582104555
TCN1_df38a6ea,TCN1,loso_subject_S012,76,0.0005524429377281698,,0.015658556068010924,,0.0001086466238185463
TCN1_df38a6ea,TCN1,loso_subject_S012,77,0.0006058865235077411,,0.01604315294859694,,0.00010554024673218805
TCN1_df38a6ea,TCN1,loso_subject_S012,78,0.00045212718541540474,,0.01403638324336619,,0.00010311919437028317
TCN1_df38a6ea,TCN1,loso_subject_S012,79,0.00043168870303358903,,0.013881697859546994,,0.00010138719982009242
TCN1_df38a6ea,TCN1,loso_subject_S012,80,0.00044349597771132436,,0.014223214121267383,,0.0001003469336916747
TCN1_df38a6ea,TCN1,loso_subject_S013,1,0.22281325589013257,,0.3297583848791595,,0.001
TCN1_df38a6ea,TCN1,loso_subject_S013,2,0.03630048508964425,,0.14345525785137545,,0.0009996530663083252
TCN1_df38a6ea,TCN1,loso_subject_S013,3,0.020275251333748183,,0.1086401555637211,,0.0009986128001799074
TCN1_df38a6ea,TCN1,loso_subject_S013,4,0.013216732944146254,,0.08618628036834385,,0.0009968808056297167
TCN1_df38a6ea,TCN1,loso_subject_S013,5,0.010105763910909187,,0.07653787656516442,,0.0009944597532678117
TCN1_df38a6ea,TCN1,loso_subject_S013,6,0.008043469125254379,,0.06704721235361631,,0.0009913533761814533
TCN1_df38a6ea,TCN1,loso_subject_S013,7,0.006696875896887924,,0.06149171674922032,,0.000987566464178954
TCN1_df38a6ea,TCN1,loso_subject_S013,8,0.005738042489284958,,0.05661670418823343,,0.0009831048564041408
TCN1_df38a6ea,TCN1,loso_subject_S013,9,0.004895241921870111,,0.05252235755068066,,0.0009779754323328187
TCN1_df38a6ea,TCN1,loso_subject_S013,10,0.004300875945185257,,0.04942209890613984,,0.0009721861011651174
TCN1_df38a6ea,TCN1,loso_subject_S013,11,0.003530475862582458,,0.04438451219556419,,0.0009657457896300785
TCN1_df38a6ea,TCN1,loso_subject_S013,12,0.003132133321445096,,0.041613608575642294,,0.000958664428221286
TCN1_df38a6ea,TCN1,loso_subject_S013,13,0.002843115631011028,,0.039907913407715156,,0.000950952935884765
TCN1_df38a6ea,TCN1,loso_subject_S013,14,0.002761547720811987,,0.037989299268934955,,0.0009426232031827582
TCN1_df38a6ea,TCN1,loso_subject_S013,15,0.0024627788781435437,,0.0359433529341717,,0.0009336880739593409
TCN1_df38a6ea,TCN1,loso_subject_S013,16,0.002128537710164015,,0.033946938756347154,,0.0009241613255361449
TCN1_df38a6ea,TCN1,loso_subject_S013,17,0.0021337701955946027,,0.033493957371749865,,0.0009140576474687258
TCN1_df38a6ea,TCN1,loso_subject_S013,18,0.0018647272856380645,,0.031297824529102465,,0.0009033926188963346
TCN1_df38a6ea,TCN1,loso_subject_S013,19,0.0018279908386247806,,0.03126455422223004,,0.0008921826845200134
TCN1_df38a6ea,TCN1,loso_subject_S013,20,0.001727353196942267,,0.03037319144815217,,0.000880445129246058
TCN1_df38a6ea,TCN1,loso_subject_S013,21,0.0016285624710450832,,0.0293849208669325,,0.0008681980515339459
TCN1_df38a6ea,TCN1,loso_subject_S013,22,0.001515254655440915,,0.02827507383752349,,0.0008554603354898234
TCN1_df38a6ea,TCN1,loso_subject_S013,23,0.0013729603764481553,,0.026981907070457094,,0.0008422516217485822
TCN1_df38a6ea,TCN1,loso_subject_S013,24,0.0012734056440254756,,0.02603233718009884,,0.0008285922771894248
TCN1_df38a6ea,TCN1,loso_subject_S013,25,0.0013080704010746563,,0.02610910086824306,,0.0008145033635316124
TCN1_df38a6ea,TCN1,loso_subject_S013,26,0.0011538348687216153,,0.024039051625884027,,0.0008000066048588205
TCN1_df38a6ea,TCN1,loso_subject_S013,27,0.001074576528049223,,0.023337770399830066,,0.0007851243541221765
TCN1_df38a6ea,TCN1,loso_subject_S013,28,0.0010709586559442754,,0.0234669716820495,,0.0007698795586736293
TCN1_df38a6ea,TCN1,loso_subject_S013,29,0.0010812899402674642,,0.023222276903137867,,0.0007542957248827956
TCN1_df38a6ea,TCN1,loso_subject_S013,30,0.0010356381499688429,,0.02285188611367436,,0.0007383968818918422
TCN1_df38a6ea,TCN1,loso_subject_S013,31,0.0009709614715729541,,0.021553358885177353,,0.00072220754456429
TCN1_df38a6ea,TCN1,loso_subject_S013,32,0.0009910044475012604,,0.021753872587436204,,0.0007057526756848715
TCN1_df38a6ea,TCN1,loso_subject_S013,33,0.0008702790646550784,,0.020815320081667962,,0.000689057647468726
TCN1_df38a6ea,TCN1,loso_subject_S013,34,0.0008777283330667106,,0.02087798706628446,,0.000672148202439283
TCN1_df38a6ea,TCN1,loso_subject_S013,35,0.000856615726213382,,0.020524640146951764,,0.0006550504137351571
TCN1_df38a6ea,TCN1,loso_subject_S013,36,0.000851232450002741,,0.02059941749928803,,0.0006377906449072574
TCN1_df38a6ea,TCN1,loso_subject_S013,37,0.0007467724367339288,,0.018891005875176895,,0.0006203955092681036
TCN1_df38a6ea,TCN1,loso_subject_S013,38,0.0007625818748740235,,0.019291102132043315,,0.0006028918288560267
TCN1_df38a6ea,TCN1,loso_subject_S013,39,0.0007596816827943866,,0.0194587903305514,,0.00058530659307753
TCN1_df38a6ea,TCN1,loso_subject_S013,40,0.0007264016613296621,,0.01817201332890438,,0.0005676669170915806
TCN1_df38a6ea,TCN1,loso_subject_S013,41,0.0006862145427763103,,0.018319137394428253,,0.0005499999999999997
TCN1_df38a6ea,TCN1,loso_subject_S013,42,0.0007056303403789923,,0.018068965425760343,,0.000532333082908419
TCN1_df38a6ea,TCN1,loso_subject_S013,43,0.0006373663323508985,,0.01776844927625257,,0.0005146934069224697
TCN1_df38a6ea,TCN1,loso_subject_S013,44,0.0006609744745886384,,0.017262036466505218,,0.000497108171143973
TCN1_df38a6ea,TCN1,loso_subject_S013,45,0.0006526047323230047,,0.017323640628490695,,0.00047960449073189616
TCN1_df38a6ea,TCN1,loso_subject_S013,46,0.0006574521040051982,,0.01708133178780712,,0.00046220935509274226
TCN1_df38a6ea,TCN1,loso_subject_S013,47,0.0006221739637158782,,0.01702008119264972,,0.00044494958626484254
TCN1_df38a6ea,TCN1,loso_subject_S013,48,0.0005584121611468125,,0.01595015551396404,,0.00042785179756071645
TCN1_df38a6ea,TCN1,loso_subject_S013,49,0.000577688712418774,,0.016379260131913053,,0.0004109423525312737
TCN1_df38a6ea,TCN1,loso_subject_S013,50,0.000557919790126961,,0.01624880356494354,,0.0003942473243151282
TCN1_df38a6ea,TCN1,loso_subject_S013,51,0.0005561339621354275,,0.015779800011446726,,0.0003777924554357096
TCN1_df38a6ea,TCN1,loso_subject_S013,52,0.0005553140661437007,,0.015899105496655883,,0.0003616031181081575
TCN1_df38a6ea,TCN1,loso_subject_S013,53,0.0005764771613249466,,0.01602123565664294,,0.000345704275117204
TCN1_df38a6ea,TCN1,loso_subject_S013,54,0.0005120035716204987,,0.015340922187628064,,0.00033012044132637024
TCN1_df38a6ea,TCN1,loso_subject_S013,55,0.0005416757785612643,,0.015694339839420573,,0.00031487564587782306
TCN1_df38a6ea,TCN1,loso_subject_S013,56,0.0005671846455021235,,0.015514422230817195,,0.00029999339514117897
TCN1_df38a6ea,TCN1,loso_subject_S013,57,0.0005058524315505752,,0.015006744390591277,,0.0002854966364683872
TCN1_df38a6ea,TCN1,loso_subject_S013,58,0.0005082660099977802,,0.015166955991379986,,0.0002714077228105749
TCN1_df38a6ea,TCN1,loso_subject_S013,59,0.0005365758608080931,,0.014969606623681481,,0.00025774837825141746
TCN1_df38a6ea,TCN1,loso_subject_S013,60,0.00048581927638798234,,0.01478642797578763,,0.0002445396645101764
TCN1_df38a6ea,TCN1,loso_subject_S013,61,0.0004377440508345471,,0.014133762835105609,,0.0002318019484660537
TCN1_df38a6ea,TCN1,loso_subject_S013,62,0.0004862801158303503,,0.014325270047369673,,0.00021955487075394156
TCN1_df38a6ea,TCN1,loso_subject_S013,63,0.00044024854642435164,,0.014017695903209094,,0.0002078173154799862
TCN1_df38a6ea,TCN1,loso_subject_S013,64,0.0004611967406134718,,0.014063903338192232,,0.00019660738110366478
TCN1_df38a6ea,TCN1,loso_subject_S013,65,0.0004179150987637803,,0.013492479040003905,,0.00018594235253127373
TCN1_df38a6ea,TCN1,loso_subject_S013,66,0.00044356031497279813,,0.013816937070889677,,0.00017583867446385477
TCN1_df38a6ea,TCN1,loso_subject_S013,67,0.0004299788422622895,,0.013919069915164119,,0.00016631192604065853
TCN1_df38a6ea,TCN1,loso_subject_S013,68,0.00044592626777969016,,0.013684901328117302,,0.00015737679681724137
TCN1_df38a6ea,TCN1,loso_subject_S013,69,0.0003985610347856118,,0.013244204227320817,,0.0001490470641152345
TCN1_df38a6ea,TCN1,loso_subject_S013,70,0.00042655026851882527,,0.013635421826945965,,0.00014133557177871338
TCN1_df38a6ea,TCN1,loso_subject_S013,71,0.0004450541557817831,,0.013827295214614385,,0.00013425421036992097
TCN1_df38a6ea,TCN1,loso_subject_S013,72,0.0004288995383383186,,0.013342265123619957,,0.00012781389883488212
TCN1_df38a6ea,TCN1,loso_subject_S013,73,0.00041382859219048245,,0.013535623086887431,,0.0001220245676671809
TCN1_df38a6ea,TCN1,loso_subject_S013,74,0.00043408593096036535,,0.013398108793737186,,0.00011689514359585877
TCN1_df38a6ea,TCN1,loso_subject_S013,75,0.0004127370663546923,,0.01324707500080411,,0.00011243353582104555
TCN1_df38a6ea,TCN1,loso_subject_S013,76,0.00043047193588710114,,0.01366075183485007,,0.0001086466238185463
TCN1_df38a6ea,TCN1,loso_subject_S013,77,0.0003949244487474826,,0.013128656576799904,,0.00010554024673218805
TCN1_df38a6ea,TCN1,loso_subject_S013,78,0.0004144455762612475,,0.012991897218470152,,0.00010311919437028317
TCN1_df38a6ea,TCN1,loso_subject_S013,79,0.000426954669987374,,0.013461907500914376,,0.00010138719982009242
TCN1_df38a6ea,TCN1,loso_subject_S013,80,0.0004622265268427951,,0.01368051814379912,,0.0001003469336916747
TCN1_df38a6ea,TCN1,loso_subject_S014,1,0.15882357785981055,,0.2779158050216519,,0.001
TCN1_df38a6ea,TCN1,loso_subject_S014,2,0.026414615729450548,,0.12139294187969991,,0.0009996530663083252
TCN1_df38a6ea,TCN1,loso_subject_S014,3,0.01450582768243116,,0.09036584952893605,,0.0009986128001799074
TCN1_df38a6ea,TCN1,loso_subject_S014,4,0.010455394829251822,,0.07737440617663346,,0.0009968808056297167
TCN1_df38a6ea,TCN1,loso_subject_S014,5,0.008279817244114081,,0.06865530507876229,,0.0009944597532678117
TCN1_df38a6ea,TCN1,loso_subject_S014,6,0.006748690904459658,,0.06165223240042785,,0.0009913533761814533
TCN1_df38a6ea,TCN1,loso_subject_S014,7,0.005036416811732566,,0.05361921701245073,,0.000987566464178954
TCN1_df38a6ea,TCN1,loso_subject_S014,8,0.005476203749386407,,0.05487383132474734,,0.0009831048564041408
TCN1_df38a6ea,TCN1,loso_subject_S014,9,0.004177329466632348,,0.048234184731449456,,0.0009779754323328187
TCN1_df38a6ea,TCN1,loso_subject_S014,10,0.003752094873516939,,0.045140700631716456,,0.0009721861011651174
TCN1_df38a6ea,TCN1,loso_subject_S014,11,0.0031195422197282567,,0.04156460003557351,,0.0009657457896300785
TCN1_df38a6ea,TCN1,loso_subject_S014,12,0.002989681948732161,,0.04046631138676901,,0.000958664428221286
TCN1_df38a6ea,TCN1,loso_subject_S014,13,0.002739851278962855,,0.03859298128021189,,0.000950952935884765
TCN1_df38a6ea,TCN1,loso_subject_S014,14,0.002596582279972264,,0.03749181973306756,,0.0009426232031827582
TCN1_df38a6ea,TCN1,loso_subject_S014,15,0.002457045568383789,,0.03713856975979635,,0.0009336880739593409
TCN1_df38a6ea,TCN1,loso_subject_S014,16,0.0018821335174317247,,0.03201834909579952,,0.0009241613255361449
TCN1_df38a6ea,TCN1,loso_subject_S014,17,0.0018708567163695112,,0.03132277246444456,,0.0009140576474687258
TCN1_df38a6ea,TCN1,loso_subject_S014,18,0.0016486005981710497,,0.029981118490593744,,0.0009033926188963346
TCN1_df38a6ea,TCN1,loso_subject_S014,19,0.0015268002646217829,,0.02861137531811596,,0.0008921826845200134
TCN1_df38a6ea,TCN1,loso_subject_S014,20,0.001749796645339509,,0.03004021391348442,,0.000880445129246058
TCN1_df38a6ea,TCN1,loso_subject_S014,21,0.0017031441320422467,,0.029437653520516104,,0.0008681980515339459
TCN1_df38a6ea,TCN1,loso_subject_S014,22,0.0012985492403838777,,0.026139357974452358,,0.0008554603354898234
TCN1_df38a6ea,TCN1,loso_subject_S014,23,0.0016495705135316859,,0.02908771565288356,,0.0008422516217485822
TCN1_df38a6ea,TCN1,loso_subject_S014,24,0.0013057425156463387,,0.025982731712289497,,0.0008285922771894248
TCN1_df38a6ea,TCN1,loso_subject_S014,25,0.002157785732673437,,0.031296251342333034,,0.0008145033635316124
TCN1_df38a6ea,TCN1,loso_subject_S014,26,0.0012102782373187718,,0.02446240520639209,,0.0008000066048588205
TCN1_df38a6ea,TCN1,loso_subject_S014,27,0.0011331226406318525,,0.02402339987520046,,0.0007851243541221765
TCN1_df38a6ea,TCN1,loso_subject_S014,28,0.0011088511391885972,,0.02390921006583196,,0.0007698795586736293
TCN1_df38a6ea,TCN1,loso_subject_S014,29,0.0014352000458996129,,0.026472154922517734,,0.0007542957248827956
TCN1_df38a6ea,TCN1,loso_subject_S014,30,0.0013539279892280992,,0.02595143106928908,,0.0007383968818918422
TCN1_df38a6ea,TCN1,loso_subject_S014,31,0.0010756846569503812,,0.02321155647571706,,0.00072220754456429
TCN1_df38a6ea,TCN1,loso_subject_S014,32,0.0009030637524706582,,0.021215599036581042,,0.0007057526756848715
TCN1_df38a6ea,TCN1,loso_subject_S014,33,0.0008242213151932351,,0.020237603009455474,,0.000689057647468726
TCN1_df38a6ea,TCN1,loso_subject_S014,34,0.0007905564963602678,,0.02020854205146103,,0.000672148202439283
TCN1_df38a6ea,TCN1,loso_subject_S014,35,0.0007601831800894139,,0.01953630174157575,,0.0006550504137351571
TCN1_df38a6ea,TCN1,loso_subject_S014,36,0.0007742905308882246,,0.01922091381254342,,0.0006377906449072574
TCN1_df38a6ea,TCN1,loso_subject_S014,37,0.0007654292695540523,,0.01921950325698723,,0.0006203955092681036
TCN1_df38a6ea,TCN1,loso_subject_S014,38,0.0008797166900519923,,0.02066068507617115,,0.0006028918288560267
TCN1_df38a6ea,TCN1,loso_subject_S014,39,0.0007045877933366214,,0.01824530367889712,,0.00058530659307753
TCN1_df38a6ea,TCN1,loso_subject_S014,40,0.0006997884861118005,,0.018616292938109368,,0.0005676669170915806
TCN1_df38a6ea,TCN1,loso_subject_S014,41,0.0006666615958948555,,0.01779589948508452,,0.0005499999999999997
TCN1_df38a6ea,TCN1,loso_subject_S014,42,0.0008505241245708108,,0.0202059125252612,,0.000532333082908419
TCN1_df38a6ea,TCN1,loso_subject_S014,43,0.0006976475850150763,,0.018045243438719084,,0.0005146934069224697
TCN1_df38a6ea,TCN1,loso_subject_S014,44,0.0006425706441996457,,0.017038272354113024,,0.000497108171143973
TCN1_df38a6ea,TCN1,loso_subject_S014,45,0.0013615270964770923,,0.024416466014292124,,0.00047960449073189616
TCN1_df38a6ea,TCN1,loso_subject_S014,46,0.0006871397049460364,,0.017797533816109285,,0.00046220935509274226
TCN1_df38a6ea,TCN1,loso_subject_S014,47,0.0009519249479852045,,0.020761937630348577,,0.00044494958626484254
TCN1_df38a6ea,TCN1,loso_subject_S014,48,0.0006062678996043442,,0.01706259430264374,,0.00042785179756071645
TCN1_df38a6ea,TCN1,loso_subject_S014,49,0.0006080054133558259,,0.01656899136476889,,0.0004109423525312737
TCN1_df38a6ea,TCN1,loso_subject_S014,50,0.0005670850097987618,,0.016020668327100005,,0.0003942473243151282
TCN1_df38a6ea,TCN1,loso_subject_S014,51,0.0005687165815679274,,0.016344912722074317,,0.0003777924554357096
TCN1_df38a6ea,TCN1,loso_subject_S014,52,0.0005621826844720774,,0.016171632598332923,,0.0003616031181081575
TCN1_df38a6ea,TCN1,loso_subject_S014,53,0.0006464381728630437,,0.017308802545981414,,0.000345704275117204
TCN1_df38a6ea,TCN1,loso_subject_S014,54,0.0005538745867245568,,0.015882213593338867,,0.00033012044132637024
TCN1_df38a6ea,TCN1,loso_subject_S014,55,0.000524973209994734,,0.015420139675836612,,0.00031487564587782306
TCN1_df38a6ea,TCN1,loso_subject_S014,56,0.0005014200423313866,,0.01529982006003375,,0.00029999339514117897
TCN1_df38a6ea,TCN1,loso_subject_S014,57,0.00048556122511818193,,0.014981377681366252,,0.0002854966364683872
TCN1_df38a6ea,TCN1,loso_subject_S014,58,0.0004728633868034177,,0.01466283403552044,,0.0002714077228105749
TCN1_df38a6ea,TCN1,loso_subject_S014,59,0.00048682494503576374,,0.014780684784434242,,0.00025774837825141746
TCN1_df38a6ea,TCN1,loso_subject_S014,60,0.000507868903754113,,0.015579935650266897,,0.0002445396645101764
TCN1_df38a6ea,TCN1,loso_subject_S014,61,0.0004705984617351908,,0.014436363870300138,,0.0002318019484660537
TCN1_df38a6ea,TCN1,loso_subject_S014,62,0.00045760161325273784,,0.014279561860452079,,0.00021955487075394156
TCN1_df38a6ea,TCN1,loso_subject_S014,63,0.00043066437379891883,,0.013928601332957554,,0.0002078173154799862
TCN1_df38a6ea,TCN1,loso_subject_S014,64,0.000475022974242227,,0.014731630060587754,,0.00019660738110366478
TCN1_df38a6ea,TCN1,loso_subject_S014,65,0.0005876587855223256,,0.01622977768828387,,0.00018594235253127373
TCN1_df38a6ea,TCN1,loso_subject_S014,66,0.0004649878498638193,,0.014605543042686474,,0.00017583867446385477
TCN1_df38a6ea,TCN1,loso_subject_S014,67,0.0004604685094645763,,0.014366922091142431,,0.00016631192604065853
TCN1_df38a6ea,TCN1,loso_subject_S014,68,0.0004170888152660514,,0.01368399530598587,,0.00015737679681724137
TCN1_df38a6ea,TCN1,loso_subject_S014,69,0.000451435360842873,,0.014144060567198464,,0.0001490470641152345
TCN1_df38a6ea,TCN1,loso_subject_S014,70,0.00048350512180244157,,0.014478631092453651,,0.00014133557177871338
TCN1_df38a6ea,TCN1,loso_subject_S014,71,0.0004236248303474566,,0.013868775068195647,,0.00013425421036992097
TCN1_df38a6ea,TCN1,loso_subject_S014,72,0.00044644375388326314,,0.013698589078234492,,0.00012781389883488212
TCN1_df38a6ea,TCN1,loso_subject_S014,73,0.00038325405700989255,,0.01301237680713673,,0.0001220245676671809
TCN1_df38a6ea,TCN1,loso_subject_S014,74,0.0004533936685595621,,0.014099279061238106,,0.00011689514359585877
TCN1_df38a6ea,TCN1,loso_subject_S014,75,0.0003858796149444433,,0.013361727994042867,,0.00011243353582104555
TCN1_df38a6ea,TCN1,loso_subject_S014,76,0.00040828194741722185,,0.013442533955306877,,0.0001086466238185463
TCN1_df38a6ea,TCN1,loso_subject_S014,77,0.0003915942874887297,,0.013406067327651589,,0.00010554024673218805
TCN1_df38a6ea,TCN1,loso_subject_S014,78,0.0004668074283531056,,0.01426897275629999,,0.00010311919437028317
TCN1_df38a6ea,TCN1,loso_subject_S014,79,0.0003767040510278856,,0.01320772666882578,,0.00010138719982009242
TCN1_df38a6ea,TCN1,loso_subject_S014,80,0.000371113146920309,,0.013062224303117632,,0.0001003469336916747
TCN1_df38a6ea,TCN1,loso_subject_S016,1,0.19551020884641693,,0.3172957851643856,,0.001
TCN1_df38a6ea,TCN1,loso_subject_S016,2,0.038653005074320144,,0.1446819130441139,,0.0009996530663083252
TCN1_df38a6ea,TCN1,loso_subject_S016,3,0.02090522902580752,,0.10712488239316455,,0.0009986128001799074
TCN1_df38a6ea,TCN1,loso_subject_S016,4,0.012659311943734939,,0.08380848141362136,,0.0009968808056297167
TCN1_df38a6ea,TCN1,loso_subject_S016,5,0.009483342735601174,,0.07300504768422078,,0.0009944597532678117
TCN1_df38a6ea,TCN1,loso_subject_S016,6,0.007306127946314479,,0.06342649837361584,,0.0009913533761814533
TCN1_df38a6ea,TCN1,loso_subject_S016,7,0.005989874324863702,,0.05669153827284999,,0.000987566464178954
TCN1_df38a6ea,TCN1,loso_subject_S016,8,0.005299217636939188,,0.05344239211873458,,0.0009831048564041408
TCN1_df38a6ea,TCN1,loso_subject_S016,9,0.0041731486880987,,0.04787902136510563,,0.0009779754323328187
TCN1_df38a6ea,TCN1,loso_subject_S016,10,0.0036229624159524253,,0.04482780758481243,,0.0009721861011651174
TCN1_df38a6ea,TCN1,loso_subject_S016,11,0.003470606132517831,,0.04351848246025336,,0.0009657457896300785
TCN1_df38a6ea,TCN1,loso_subject_S016,12,0.003036733586266237,,0.040614931357290406,,0.000958664428221286
TCN1_df38a6ea,TCN1,loso_subject_S016,13,0.0026912912595318007,,0.03849741541867921,,0.000950952935884765
TCN1_df38a6ea,TCN1,loso_subject_S016,14,0.0026663419648245896,,0.037546414592310826,,0.0009426232031827582
TCN1_df38a6ea,TCN1,loso_subject_S016,15,0.002620353558832335,,0.03766109431836624,,0.0009336880739593409
TCN1_df38a6ea,TCN1,loso_subject_S016,16,0.002228846974501102,,0.034694381897155464,,0.0009241613255361449
TCN1_df38a6ea,TCN1,loso_subject_S016,17,0.0018242990430169827,,0.03147295388535424,,0.0009140576474687258
TCN1_df38a6ea,TCN1,loso_subject_S016,18,0.001717184264844548,,0.02994423888963285,,0.0009033926188963346
TCN1_df38a6ea,TCN1,loso_subject_S016,19,0.0016880812845629796,,0.030087322486070142,,0.0008921826845200134
TCN1_df38a6ea,TCN1,loso_subject_S016,20,0.0015519101618372162,,0.028091333142354406,,0.000880445129246058
TCN1_df38a6ea,TCN1,loso_subject_S016,21,0.0015039194291632313,,0.028445841155287088,,0.0008681980515339459
TCN1_df38a6ea,TCN1,loso_subject_S016,22,0.0012377751941215897,,0.025463662562197717,,0.0008554603354898234
TCN1_df38a6ea,TCN1,loso_subject_S016,23,0.001330059484563688,,0.025537937609903295,,0.0008422516217485822
TCN1_df38a6ea,TCN1,loso_subject_S016,24,0.0014542271813812188,,0.026849973127845147,,0.0008285922771894248
TCN1_df38a6ea,TCN1,loso_subject_S016,25,0.0011804893215863537,,0.024343476413521945,,0.0008145033635316124
TCN1_df38a6ea,TCN1,loso_subject_S016,26,0.0012357164331619444,,0.024391396725225705,,0.0008000066048588205
TCN1_df38a6ea,TCN1,loso_subject_S016,27,0.0011885932185712093,,0.024520891591227407,,0.0007851243541221765
TCN1_df38a6ea,TCN1,loso_subject_S016,28,0.0009574264096940091,,0.02216024099582002,,0.0007698795586736293
TCN1_df38a6ea,TCN1,loso_subject_S016,29,0.0010149554006478202,,0.0223120938107651,,0.0007542957248827956
TCN1_df38a6ea,TCN1,loso_subject_S016,30,0.0009844518316867224,,0.021579795015161864,,0.0007383968818918422
TCN1_df38a6ea,TCN1,loso_subject_S016,31,0.0008644034334485876,,0.02038412252515954,,0.00072220754456429
TCN1_df38a6ea,TCN1,loso_subject_S016,32,0.0008298059975061736,,0.020239793353441893,,0.0007057526756848715
TCN1_df38a6ea,TCN1,loso_subject_S016,33,0.0008608807690114522,,0.020530137989979647,,0.000689057647468726
TCN1_df38a6ea,TCN1,loso_subject_S016,34,0.0009708796751413285,,0.02138495521155503,,0.000672148202439283
TCN1_df38a6ea,TCN1,loso_subject_S016,35,0.0007434187436054383,,0.01868848705379637,,0.0006550504137351571
TCN1_df38a6ea,TCN1,loso_subject_S016,36,0.0007425740941105556,,0.0184807309046907,,0.0006377906449072574
TCN1_df38a6ea,TCN1,loso_subject_S016,37,0.0007247172902155937,,0.018472575155603663,,0.0006203955092681036
TCN1_df38a6ea,TCN1,loso_subject_S016,38,0.0008103199192040647,,0.019987055078028993,,0.0006028918288560267
TCN1_df38a6ea,TCN1,loso_subject_S016,39,0.0006635216590336676,,0.017623367971533424,,0.00058530659307753
TCN1_df38a6ea,TCN1,loso_subject_S016,40,0.0006517347167795349,,0.017634456682620675,,0.0005676669170915806
TCN1_df38a6ea,TCN1,loso_subject_S016,41,0.000619357310568829,,0.016667910816582376,,0.0005499999999999997
TCN1_df38a6ea,TCN1,loso_subject_S016,42,0.0006442346579542548,,0.017726284683989135,,0.000532333082908419
TCN1_df38a6ea,TCN1,loso_subject_S016,43,0.0006230004562811562,,0.017322020630174923,,0.0005146934069224697
TCN1_df38a6ea,TCN1,loso_subject_S016,44,0.0006113951665601486,,0.01637137458028007,,0.000497108171143973
TCN1_df38a6ea,TCN1,loso_subject_S016,45,0.0006207869063261347,,0.016881462810785775,,0.00047960449073189616
TCN1_df38a6ea,TCN1,loso_subject_S016,46,0.0005362461798265077,,0.01591211764126936,,0.00046220935509274226
TCN1_df38a6ea,TCN1,loso_subject_S016,47,0.0005394996573958776,,0.015825320814234323,,0.00044494958626484254
TCN1_df38a6ea,TCN1,loso_subject_S016,48,0.0005330690588482503,,0.016022357735133684,,0.00042785179756071645
TCN1_df38a6ea,TCN1,loso_subject_S016,49,0.0005745464138781538,,0.015949505703378938,,0.0004109423525312737
TCN1_df38a6ea,TCN1,loso_subject_S016,50,0.000523291012314685,,0.015541235928800726,,0.0003942473243151282
TCN1_df38a6ea,TCN1,loso_subject_S016,51,0.0005184980611823719,,0.015539872108012357,,0.0003777924554357096
TCN1_df38a6ea,TCN1,loso_subject_S016,52,0.0005266783913021942,,0.015035301227192457,,0.0003616031181081575
TCN1_df38a6ea,TCN1,loso_subject_S016,53,0.0005061549320879415,,0.01487460097762439,,0.000345704275117204
TCN1_df38a6ea,TCN1,loso_subject_S016,54,0.0005103481753077608,,0.014658352055514466,,0.00033012044132637024
TCN1_df38a6ea,TCN1,loso_subject_S016,55,0.0005002681473513501,,0.014972983497437139,,0.00031487564587782306
TCN1_df38a6ea,TCN1,loso_subject_S016,56,0.0004623926569421803,,0.014248060402098355,,0.00029999339514117897
TCN1_df38a6ea,TCN1,loso_subject_S016,57,0.00046066713967889887,,0.014249377526922137,,0.0002854966364683872
TCN1_df38a6ea,TCN1,loso_subject_S016,58,0.00047292831894097694,,0.014293296969228552,,0.0002714077228105749
TCN1_df38a6ea,TCN1,loso_subject_S016,59,0.000454212652894496,,0.014196490978787156,,0.00025774837825141746
TCN1_df38a6ea,TCN1,loso_subject_S016,60,0.00047243103357194236,,0.013994563375936755,,0.0002445396645101764
TCN1_df38a6ea,TCN1,loso_subject_S016,61,0.0004512502608356383,,0.013881011279274887,,0.0002318019484660537
TCN1_df38a6ea,TCN1,loso_subject_S016,62,0.00045695449940325944,,0.013845931688678169,,0.00021955487075394156
TCN1_df38a6ea,TCN1,loso_subject_S016,63,0.0004375026038621275,,0.013724305906680091,,0.0002078173154799862
TCN1_df38a6ea,TCN1,loso_subject_S016,64,0.0004176328061073619,,0.013414035753494294,,0.00019660738110366478
TCN1_df38a6ea,TCN1,loso_subject_S016,65,0.0004187284125484546,,0.01345176645492181,,0.00018594235253127373
TCN1_df38a6ea,TCN1,loso_subject_S016,66,0.0004074127742915786,,0.013085680474444784,,0.00017583867446385477
TCN1_df38a6ea,TCN1,loso_subject_S016,67,0.0004257387714148387,,0.013459116140575255,,0.00016631192604065853
TCN1_df38a6ea,TCN1,loso_subject_S016,68,0.0004197081739623499,,0.013097880228395116,,0.00015737679681724137
TCN1_df38a6ea,TCN1,loso_subject_S016,69,0.00036437270835781063,,0.012439835052587712,,0.0001490470641152345
TCN1_df38a6ea,TCN1,loso_subject_S016,70,0.0004111786395431204,,0.012851549739432559,,0.00014133557177871338
TCN1_df38a6ea,TCN1,loso_subject_S016,71,0.00041440488997192666,,0.01309310259602105,,0.00013425421036992097
TCN1_df38a6ea,TCN1,loso_subject_S016,72,0.00040424963782089525,,0.012686095417704404,,0.00012781389883488212
TCN1_df38a6ea,TCN1,loso_subject_S016,73,0.00036637356861222325,,0.012468195627705661,,0.0001220245676671809
TCN1_df38a6ea,TCN1,loso_subject_S016,74,0.0003747687393071594,,0.012301763726882737,,0.00011689514359585877
TCN1_df38a6ea,TCN1,loso_subject_S016,75,0.000403781949252829,,0.012701847553053426,,0.00011243353582104555
TCN1_df38a6ea,TCN1,loso_subject_S016,76,0.0003739862207943778,,0.012505497833359337,,0.0001086466238185463
TCN1_df38a6ea,TCN1,loso_subject_S016,77,0.0003532807148968671,,0.012242505419250309,,0.00010554024673218805
TCN1_df38a6ea,TCN1,loso_subject_S016,78,0.00038206280715046974,,0.012640064784472974,,0.00010311919437028317
TCN1_df38a6ea,TCN1,loso_subject_S016,79,0.00037340200665324485,,0.012662213398068743,,0.00010138719982009242
TCN1_df38a6ea,TCN1,loso_subject_S016,80,0.0003478800629492819,,0.012267640714431257,,0.0001003469336916747
TCN1_df38a6ea,TCN1,loso_subject_S017,1,0.29092112539815157,,0.37600763846518265,,0.001
TCN1_df38a6ea,TCN1,loso_subject_S017,2,0.04255371697383366,,0.15304307667371259,,0.0009996530663083252
TCN1_df38a6ea,TCN1,loso_subject_S017,3,0.02130285618774358,,0.11059207736092558,,0.0009986128001799074
TCN1_df38a6ea,TCN1,loso_subject_S017,4,0.014914178866066193,,0.09126416272135034,,0.0009968808056297167
TCN1_df38a6ea,TCN1,loso_subject_S017,5,0.011139357870117068,,0.07941013418191047,,0.0009944597532678117
TCN1_df38a6ea,TCN1,loso_subject_S017,6,0.009481936400950016,,0.07279415573307475,,0.0009913533761814533
TCN1_df38a6ea,TCN1,loso_subject_S017,7,0.00709928103707799,,0.06381720677396881,,0.000987566464178954
TCN1_df38a6ea,TCN1,loso_subject_S017,8,0.006381153254332642,,0.05934502108143128,,0.0009831048564041408
TCN1_df38a6ea,TCN1,loso_subject_S017,9,0.005348123584298644,,0.054713559700842025,,0.0009779754323328187
TCN1_df38a6ea,TCN1,loso_subject_S017,10,0.004230691860968033,,0.04896975683962963,,0.0009721861011651174
TCN1_df38a6ea,TCN1,loso_subject_S017,11,0.0036687699719532563,,0.04474905638957743,,0.0009657457896300785
TCN1_df38a6ea,TCN1,loso_subject_S017,12,0.003390576604672309,,0.04363154882255226,,0.000958664428221286
TCN1_df38a6ea,TCN1,loso_subject_S017,13,0.003144219229529605,,0.04202638550272375,,0.000950952935884765
TCN1_df38a6ea,TCN1,loso_subject_S017,14,0.0028092963695579773,,0.039364309230347845,,0.0009426232031827582
TCN1_df38a6ea,TCN1,loso_subject_S017,15,0.0026079594180595743,,0.03748709834059268,,0.0009336880739593409
TCN1_df38a6ea,TCN1,loso_subject_S017,16,0.002341455284484622,,0.03586231611772579,,0.0009241613255361449
TCN1_df38a6ea,TCN1,loso_subject_S017,17,0.0022247186895858802,,0.034945740752990104,,0.0009140576474687258
TCN1_df38a6ea,TCN1,loso_subject_S017,18,0.002069026210699742,,0.03372028449588774,,0.0009033926188963346
TCN1_df38a6ea,TCN1,loso_subject_S017,19,0.0019096544057636397,,0.03235237191326131,,0.0008921826845200134
TCN1_df38a6ea,TCN1,loso_subject_S017,20,0.0018084509037365624,,0.03142815447841325,,0.000880445129246058
TCN1_df38a6ea,TCN1,loso_subject_S017,21,0.0015222961543824099,,0.02913119470349048,,0.0008681980515339459
TCN1_df38a6ea,TCN1,loso_subject_S017,22,0.0015475413328207403,,0.028752575334639964,,0.0008554603354898234
TCN1_df38a6ea,TCN1,loso_subject_S017,23,0.0016309188227795672,,0.02946877015122758,,0.0008422516217485822
TCN1_df38a6ea,TCN1,loso_subject_S017,24,0.0015587763583413204,,0.028544259198598237,,0.0008285922771894248
TCN1_df38a6ea,TCN1,loso_subject_S017,25,0.0013798514894840677,,0.027075055630019825,,0.0008145033635316124
TCN1_df38a6ea,TCN1,loso_subject_S017,26,0.001316192786623741,,0.02604648379860834,,0.0008000066048588205
TCN1_df38a6ea,TCN1,loso_subject_S017,27,0.001267902837176714,,0.025583005748545263,,0.0007851243541221765
TCN1_df38a6ea,TCN1,loso_subject_S017,28,0.0011382011049291387,,0.024713802103727037,,0.0007698795586736293
TCN1_df38a6ea,TCN1,loso_subject_S017,29,0.0011640133638507256,,0.024519023400586527,,0.0007542957248827956
TCN1_df38a6ea,TCN1,loso_subject_S017,30,0.0011136954726341396,,0.024446785872879774,,0.0007383968818918422
TCN1_df38a6ea,TCN1,loso_subject_S017,31,0.0011876512993671826,,0.025069400996363636,,0.00072220754456429
TCN1_df38a6ea,TCN1,loso_subject_S017,32,0.00100469935327353,,0.02258709095537117,,0.0007057526756848715
TCN1_df38a6ea,TCN1,loso_subject_S017,33,0.0010475025814500303,,0.02303255835477981,,0.000689057647468726
TCN1_df38a6ea,TCN1,loso_subject_S017,34,0.0009935788378833978,,0.022279677535771758,,0.000672148202439283
TCN1_df38a6ea,TCN1,loso_subject_S017,35,0.000958081149426786,,0.0224181155083049,,0.0006550504137351571
TCN1_df38a6ea,TCN1,loso_subject_S017,36,0.0009309673410521896,,0.021764347755158606,,0.0006377906449072574
TCN1_df38a6ea,TCN1,loso_subject_S017,37,0.000978388294393922,,0.022147388361275742,,0.0006203955092681036
TCN1_df38a6ea,TCN1,loso_subject_S017,38,0.0008487536102116439,,0.020550367273125193,,0.0006028918288560267
TCN1_df38a6ea,TCN1,loso_subject_S017,39,0.0008825268554495712,,0.02089909456325654,,0.00058530659307753
TCN1_df38a6ea,TCN1,loso_subject_S017,40,0.0008192982668071601,,0.020392829887455336,,0.0005676669170915806
TCN1_df38a6ea,TCN1,loso_subject_S017,41,0.0008006243049980938,,0.019496104807502353,,0.0005499999999999997
TCN1_df38a6ea,TCN1,loso_subject_S017,42,0.0007825230228310998,,0.019649297868127906,,0.000532333082908419
TCN1_df38a6ea,TCN1,loso_subject_S017,43,0.0007074726415491624,,0.01924957281785854,,0.0005146934069224697
TCN1_df38a6ea,TCN1,loso_subject_S017,44,0.0007688679827021524,,0.019713051841534,,0.000497108171143973
TCN1_df38a6ea,TCN1,loso_subject_S017,45,0.0007071786721703138,,0.018610136614375824,,0.00047960449073189616
TCN1_df38a6ea,TCN1,loso_subject_S017,46,0.0006243648483943079,,0.01781145504652767,,0.00046220935509274226
TCN1_df38a6ea,TCN1,loso_subject_S017,47,0.0007129838568736304,,0.018559944576396654,,0.00044494958626484254
TCN1_df38a6ea,TCN1,loso_subject_S017,48,0.0007045128100895821,,0.018777868135758716,,0.00042785179756071645
TCN1_df38a6ea,TCN1,loso_subject_S017,49,0.0006669008912469229,,0.017829571573820528,,0.0004109423525312737
TCN1_df38a6ea,TCN1,loso_subject_S017,50,0.0005920965499703822,,0.01699382076636386,,0.0003942473243151282
TCN1_df38a6ea,TCN1,loso_subject_S017,51,0.0006588712348321832,,0.017382043848393005,,0.0003777924554357096
TCN1_df38a6ea,TCN1,loso_subject_S017,52,0.0006704374522881084,,0.017991804109740484,,0.0003616031181081575
TCN1_df38a6ea,TCN1,loso_subject_S017,53,0.0006024603754534789,,0.016820452974175688,,0.000345704275117204
TCN1_df38a6ea,TCN1,loso_subject_S017,54,0.00055820946596258,,0.016603432642437976,,0.00033012044132637024
TCN1_df38a6ea,TCN1,loso_subject_S017,55,0.0005516971289909245,,0.016059126853261184,,0.00031487564587782306
TCN1_df38a6ea,TCN1,loso_subject_S017,56,0.0005256894067024811,,0.015939605147434227,,0.00029999339514117897
TCN1_df38a6ea,TCN1,loso_subject_S017,57,0.0005418165575428725,,0.016089042321400435,,0.0002854966364683872
TCN1_df38a6ea,TCN1,loso_subject_S017,58,0.0005667377048110831,,0.016449507583413677,,0.0002714077228105749
TCN1_df38a6ea,TCN1,loso_subject_S017,59,0.000510986257807897,,0.01565141871291292,,0.00025774837825141746
TCN1_df38a6ea,TCN1,loso_subject_S017,60,0.0005207983419613616,,0.01552746960181921,,0.0002445396645101764
TCN1_df38a6ea,TCN1,loso_subject_S017,61,0.0005255637997381076,,0.015614133366386453,,0.0002318019484660537
TCN1_df38a6ea,TCN1,loso_subject_S017,62,0.0005056822178342516,,0.015320015352904818,,0.00021955487075394156
TCN1_df38a6ea,TCN1,loso_subject_S017,63,0.0005508687832244107,,0.015894691012004438,,0.0002078173154799862
TCN1_df38a6ea,TCN1,loso_subject_S017,64,0.0004836273510122665,,0.014826082838784432,,0.00019660738110366478
TCN1_df38a6ea,TCN1,loso_subject_S017,65,0.0005660420075776602,,0.016166016049190764,,0.00018594235253127373
TCN1_df38a6ea,TCN1,loso_subject_S017,66,0.0004831634420201388,,0.014901674099794204,,0.00017583867446385477
TCN1_df38a6ea,TCN1,loso_subject_S017,67,0.0004668053751213726,,0.014927377733703348,,0.00016631192604065853
TCN1_df38a6ea,TCN1,loso_subject_S017,68,0.0004852967952500861,,0.014271666785315188,,0.00015737679681724137
TCN1_df38a6ea,TCN1,loso_subject_S017,69,0.00045691519747624696,,0.014559309873117689,,0.0001490470641152345
TCN1_df38a6ea,TCN1,loso_subject_S017,70,0.00046661758901164285,,0.01448017732176825,,0.00014133557177871338
TCN1_df38a6ea,TCN1,loso_subject_S017,71,0.00046506641972784784,,0.014668882054427304,,0.00013425421036992097
TCN1_df38a6ea,TCN1,loso_subject_S017,72,0.00042712554091086497,,0.01399487901386852,,0.00012781389883488212
TCN1_df38a6ea,TCN1,loso_subject_S017,73,0.00048532421185969323,,0.014464014948931781,,0.0001220245676671809
TCN1_df38a6ea,TCN1,loso_subject_S017,74,0.00043767376519160986,,0.014006739055282763,,0.00011689514359585877
TCN1_df38a6ea,TCN1,loso_subject_S017,75,0.0004672964993114837,,0.014316762858444415,,0.00011243353582104555
TCN1_df38a6ea,TCN1,loso_subject_S017,76,0.0004278154315208238,,0.014054938155421763,,0.0001086466238185463
TCN1_df38a6ea,TCN1,loso_subject_S017,77,0.00041858433469832835,,0.013895646753234606,,0.00010554024673218805
TCN1_df38a6ea,TCN1,loso_subject_S017,78,0.0004152458302236185,,0.013793155909157716,,0.00010311919437028317
TCN1_df38a6ea,TCN1,loso_subject_S017,79,0.00043402142346173403,,0.01391636988388577,,0.00010138719982009242
TCN1_df38a6ea,TCN1,loso_subject_S017,80,0.00045120607152360616,,0.01385729464376298,,0.0001003469336916747
TCN1_df38a6ea,TCN1,loso_subject_S018,1,0.20353439374769264,,0.3160562188098947,,0.001
TCN1_df38a6ea,TCN1,loso_subject_S018,2,0.03149593674676362,,0.13193286225011566,,0.0009996530663083252
TCN1_df38a6ea,TCN1,loso_subject_S018,3,0.01608117154985425,,0.09279444845566359,,0.0009986128001799074
TCN1_df38a6ea,TCN1,loso_subject_S018,4,0.011511353708926664,,0.07953216826531755,,0.0009968808056297167
TCN1_df38a6ea,TCN1,loso_subject_S018,5,0.008665537723035884,,0.06995649172210817,,0.0009944597532678117
TCN1_df38a6ea,TCN1,loso_subject_S018,6,0.006632338316285637,,0.06068616457628409,,0.0009913533761814533
TCN1_df38a6ea,TCN1,loso_subject_S018,7,0.0053137037640768525,,0.05400502721288514,,0.000987566464178954
TCN1_df38a6ea,TCN1,loso_subject_S018,8,0.004670241797661277,,0.05038514968602354,,0.0009831048564041408
TCN1_df38a6ea,TCN1,loso_subject_S018,9,0.003995538846577264,,0.0465816679658165,,0.0009779754323328187
TCN1_df38a6ea,TCN1,loso_subject_S018,10,0.0034321187416500995,,0.04350512276752437,,0.0009721861011651174
TCN1_df38a6ea,TCN1,loso_subject_S018,11,0.0032428026556011137,,0.0413843642205106,,0.0009657457896300785
TCN1_df38a6ea,TCN1,loso_subject_S018,12,0.003032816130890731,,0.040190096650309995,,0.000958664428221286
TCN1_df38a6ea,TCN1,loso_subject_S018,13,0.0025188676137563085,,0.037213767538321715,,0.000950952935884765
TCN1_df38a6ea,TCN1,loso_subject_S018,14,0.0022577274131400805,,0.03486426115185553,,0.0009426232031827582
TCN1_df38a6ea,TCN1,loso_subject_S018,15,0.0021595236920763992,,0.03339430394465771,,0.0009336880739593409
TCN1_df38a6ea,TCN1,loso_subject_S018,16,0.0020321295133862113,,0.03179819423038429,,0.0009241613255361449
TCN1_df38a6ea,TCN1,loso_subject_S018,17,0.0018288389931393105,,0.03048277321591486,,0.0009140576474687258
TCN1_df38a6ea,TCN1,loso_subject_S018,18,0.0018432860503663022,,0.030926651196230497,,0.0009033926188963346
TCN1_df38a6ea,TCN1,loso_subject_S018,19,0.001518378538185385,,0.028291365000283345,,0.0008921826845200134
TCN1_df38a6ea,TCN1,loso_subject_S018,20,0.0015490940774182825,,0.029007527065502862,,0.000880445129246058
TCN1_df38a6ea,TCN1,loso_subject_S018,21,0.00147372534526913,,0.02715415179707754,,0.0008681980515339459
TCN1_df38a6ea,TCN1,loso_subject_S018,22,0.0014202371033137093,,0.02673253167978997,,0.0008554603354898234
TCN1_df38a6ea,TCN1,loso_subject_S018,23,0.0013850637116675517,,0.026666716796998145,,0.0008422516217485822
TCN1_df38a6ea,TCN1,loso_subject_S018,24,0.0012716452587955484,,0.02504576605166691,,0.0008285922771894248
TCN1_df38a6ea,TCN1,loso_subject_S018,25,0.001228753145877302,,0.025044247340416978,,0.0008145033635316124
TCN1_df38a6ea,TCN1,loso_subject_S018,26,0.001140952471332542,,0.0240265572399586,,0.0008000066048588205
TCN1_df38a6ea,TCN1,loso_subject_S018,27,0.0011655951705642916,,0.023396366624678366,,0.0007851243541221765
TCN1_df38a6ea,TCN1,loso_subject_S018,28,0.0011208722507777087,,0.023110633911356912,,0.0007698795586736293
TCN1_df38a6ea,TCN1,loso_subject_S018,29,0.0010120232761621972,,0.022522320846374868,,0.0007542957248827956
TCN1_df38a6ea,TCN1,loso_subject_S018,30,0.000983917141068207,,0.021336105397991974,,0.0007383968818918422
TCN1_df38a6ea,TCN1,loso_subject_S018,31,0.0009905067299053679,,0.02176892549805307,,0.00072220754456429
TCN1_df38a6ea,TCN1,loso_subject_S018,32,0.0010069352464223394,,0.02238907549601421,,0.0007057526756848715
TCN1_df38a6ea,TCN1,loso_subject_S018,33,0.000876005859044584,,0.020720261382768168,,0.000689057647468726
TCN1_df38a6ea,TCN1,loso_subject_S018,34,0.0008904389527832258,,0.020746726808028144,,0.000672148202439283
TCN1_df38a6ea,TCN1,loso_subject_S018,35,0.0009032106779994519,,0.0203456727214406,,0.0006550504137351571
TCN1_df38a6ea,TCN1,loso_subject_S018,36,0.0007982393295189691,,0.019905000474025377,,0.0006377906449072574
TCN1_df38a6ea,TCN1,loso_subject_S018,37,0.0008280195003962124,,0.019958595072626876,,0.0006203955092681036
TCN1_df38a6ea,TCN1,loso_subject_S018,38,0.0007762626397275562,,0.019249775730056568,,0.0006028918288560267
TCN1_df38a6ea,TCN1,loso_subject_S018,39,0.0007538359238785429,,0.01858979747044245,,0.00058530659307753
TCN1_df38a6ea,TCN1,loso_subject_S018,40,0.0006591128482648095,,0.017831064879474574,,0.0005676669170915806
TCN1_df38a6ea,TCN1,loso_subject_S018,41,0.000641066167960664,,0.01735508602682963,,0.0005499999999999997
TCN1_df38a6ea,TCN1,loso_subject_S018,42,0.0006374036247575039,,0.017107822394734757,,0.000532333082908419
TCN1_df38a6ea,TCN1,loso_subject_S018,43,0.0006077073863217552,,0.017175264111438125,,0.0005146934069224697
TCN1_df38a6ea,TCN1,loso_subject_S018,44,0.0006733936448809146,,0.017494488768002175,,0.000497108171143973
TCN1_df38a6ea,TCN1,loso_subject_S018,45,0.0006577370156328697,,0.017321461258717207,,0.00047960449073189616
TCN1_df38a6ea,TCN1,loso_subject_S018,46,0.0006383075976834592,,0.01713468993125455,,0.00046220935509274226
TCN1_df38a6ea,TCN1,loso_subject_S018,47,0.0005734344126661776,,0.016438444317178304,,0.00044494958626484254
TCN1_df38a6ea,TCN1,loso_subject_S018,48,0.0005605581826846591,,0.015873191147070653,,0.00042785179756071645
TCN1_df38a6ea,TCN1,loso_subject_S018,49,0.0006292530426085623,,0.016579949813775835,,0.0004109423525312737
TCN1_df38a6ea,TCN1,loso_subject_S018,50,0.0006018618179018108,,0.016337349569481064,,0.0003942473243151282
TCN1_df38a6ea,TCN1,loso_subject_S018,51,0.000574537533121589,,0.015896878703613428,,0.0003777924554357096
TCN1_df38a6ea,TCN1,loso_subject_S018,52,0.0006124339399109488,,0.016234545947669703,,0.0003616031181081575
TCN1_df38a6ea,TCN1,loso_subject_S018,53,0.0005731953616087379,,0.015584533474254026,,0.000345704275117204
TCN1_df38a6ea,TCN1,loso_subject_S018,54,0.000523450977611461,,0.015318854309452047,,0.00033012044132637024
TCN1_df38a6ea,TCN1,loso_subject_S018,55,0.000541518785624155,,0.015354939177451433,,0.00031487564587782306
TCN1_df38a6ea,TCN1,loso_subject_S018,56,0.0005243304956363838,,0.01552931357243853,,0.00029999339514117897
TCN1_df38a6ea,TCN1,loso_subject_S018,57,0.0005614653670991201,,0.015424278108587,,0.0002854966364683872
TCN1_df38a6ea,TCN1,loso_subject_S018,58,0.0005406992319622642,,0.014933742316576628,,0.0002714077228105749
TCN1_df38a6ea,TCN1,loso_subject_S018,59,0.0004722210292952535,,0.014759521394746131,,0.00025774837825141746
TCN1_df38a6ea,TCN1,loso_subject_S018,60,0.0005136595664997158,,0.014727694058700957,,0.0002445396645101764
TCN1_df38a6ea,TCN1,loso_subject_S018,61,0.0004793912891838814,,0.014324857248852615,,0.0002318019484660537
TCN1_df38a6ea,TCN1,loso_subject_S018,62,0.00045008836330476015,,0.013988494104230894,,0.00021955487075394156
TCN1_df38a6ea,TCN1,loso_subject_S018,63,0.00045683483331090074,,0.014070997486483727,,0.0002078173154799862
TCN1_df38a6ea,TCN1,loso_subject_S018,64,0.00048193587391039095,,0.014114238481574283,,0.00019660738110366478
TCN1_df38a6ea,TCN1,loso_subject_S018,65,0.0004298167935159967,,0.013638378386275693,,0.00018594235253127373
TCN1_df38a6ea,TCN1,loso_subject_S018,66,0.0004990799445048392,,0.014105672727668505,,0.00017583867446385477
TCN1_df38a6ea,TCN1,loso_subject_S018,67,0.00045579285113268777,,0.013615796946992512,,0.00016631192604065853
TCN1_df38a6ea,TCN1,loso_subject_S018,68,0.0004499377931963623,,0.01358181706549194,,0.00015737679681724137
TCN1_df38a6ea,TCN1,loso_subject_S018,69,0.0004061015438352971,,0.013231144449801729,,0.0001490470641152345
TCN1_df38a6ea,TCN1,loso_subject_S018,70,0.0004408513333276246,,0.013746577176042612,,0.00014133557177871338
TCN1_df38a6ea,TCN1,loso_subject_S018,71,0.0004592836356637249,,0.013690626048523656,,0.00013425421036992097
TCN1_df38a6ea,TCN1,loso_subject_S018,72,0.00042239436370507694,,0.01354609513471392,,0.00012781389883488212
TCN1_df38a6ea,TCN1,loso_subject_S018,73,0.00041287609585798286,,0.013235172854996338,,0.0001220245676671809
TCN1_df38a6ea,TCN1,loso_subject_S018,74,0.00041658684736102346,,0.013406496464255829,,0.00011689514359585877
TCN1_df38a6ea,TCN1,loso_subject_S018,75,0.0003986307041741113,,0.013176522330450621,,0.00011243353582104555
TCN1_df38a6ea,TCN1,loso_subject_S018,76,0.00040170388582687013,,0.012972500792400915,,0.0001086466238185463
TCN1_df38a6ea,TCN1,loso_subject_S018,77,0.00041155784168739237,,0.012854588879215057,,0.00010554024673218805
TCN1_df38a6ea,TCN1,loso_subject_S018,78,0.00041003225563031006,,0.013598780132957978,,0.00010311919437028317
TCN1_df38a6ea,TCN1,loso_subject_S018,79,0.0004131101218456063,,0.013128139581513196,,0.00010138719982009242
TCN1_df38a6ea,TCN1,loso_subject_S018,80,0.00042348145735753847,,0.013112118211718064,,0.0001003469336916747
TCN1_df38a6ea,TCN1,loso_subject_S019,1,0.20133815528456053,,0.31387707969200557,,0.001
TCN1_df38a6ea,TCN1,loso_subject_S019,2,0.04301548355199916,,0.14826154616415563,,0.0009996530663083252
TCN1_df38a6ea,TCN1,loso_subject_S019,3,0.022847443446255843,,0.10850441590071644,,0.0009986128001799074
TCN1_df38a6ea,TCN1,loso_subject_S019,4,0.015026617111018612,,0.08840429369207436,,0.0009968808056297167
TCN1_df38a6ea,TCN1,loso_subject_S019,5,0.011419006658582845,,0.07847520430783535,,0.0009944597532678117
TCN1_df38a6ea,TCN1,loso_subject_S019,6,0.008846727104859523,,0.06862581868339664,,0.0009913533761814533
TCN1_df38a6ea,TCN1,loso_subject_S019,7,0.007028062081651921,,0.06150498510039024,,0.000987566464178954
TCN1_df38a6ea,TCN1,loso_subject_S019,8,0.006004395612583735,,0.05728368820864779,,0.0009831048564041408
TCN1_df38a6ea,TCN1,loso_subject_S019,9,0.005625119728721414,,0.053581979858261054,,0.0009779754323328187
TCN1_df38a6ea,TCN1,loso_subject_S019,10,0.004918140516238717,,0.05053604990922899,,0.0009721861011651174
TCN1_df38a6ea,TCN1,loso_subject_S019,11,0.00393265269581154,,0.04542299276599749,,0.0009657457896300785
TCN1_df38a6ea,TCN1,loso_subject_S019,12,0.0034275023384843003,,0.042563194111955825,,0.000958664428221286
TCN1_df38a6ea,TCN1,loso_subject_S019,13,0.0031262055568069304,,0.04045088529388319,,0.000950952935884765
TCN1_df38a6ea,TCN1,loso_subject_S019,14,0.003106874832606006,,0.039711819853943106,,0.0009426232031827582
TCN1_df38a6ea,TCN1,loso_subject_S019,15,0.0025791053177006713,,0.037015037215486185,,0.0009336880739593409
TCN1_df38a6ea,TCN1,loso_subject_S019,16,0.002398767486246302,,0.03515046068799838,,0.0009241613255361449
TCN1_df38a6ea,TCN1,loso_subject_S019,17,0.002455794684575199,,0.035767816564690386,,0.0009140576474687258
TCN1_df38a6ea,TCN1,loso_subject_S019,18,0.0021660514936692322,,0.033300248684692585,,0.0009033926188963346
TCN1_df38a6ea,TCN1,loso_subject_S019,19,0.0020003854358308292,,0.03195197424758976,,0.0008921826845200134
TCN1_df38a6ea,TCN1,loso_subject_S019,20,0.0018499557350302239,,0.030764000820008405,,0.000880445129246058
TCN1_df38a6ea,TCN1,loso_subject_S019,21,0.0017520640495233563,,0.029965673710744798,,0.0008681980515339459
TCN1_df38a6ea,TCN1,loso_subject_S019,22,0.0015740583194899602,,0.028465170204989374,,0.0008554603354898234
TCN1_df38a6ea,TCN1,loso_subject_S019,23,0.001469623464017015,,0.027503136072087153,,0.0008422516217485822
TCN1_df38a6ea,TCN1,loso_subject_S019,24,0.001705514685170189,,0.028814869486592003,,0.0008285922771894248
TCN1_df38a6ea,TCN1,loso_subject_S019,25,0.0014438249410384377,,0.027121309469765084,,0.0008145033635316124
TCN1_df38a6ea,TCN1,loso_subject_S019,26,0.001514144976923841,,0.027408137350825316,,0.0008000066048588205
TCN1_df38a6ea,TCN1,loso_subject_S019,27,0.0013655126036875684,,0.025994373501767788,,0.0007851243541221765
TCN1_df38a6ea,TCN1,loso_subject_S019,28,0.001390526425782193,,0.026263208087707376,,0.0007698795586736293
TCN1_df38a6ea,TCN1,loso_subject_S019,29,0.0012828647192907733,,0.02575899416151859,,0.0007542957248827956
TCN1_df38a6ea,TCN1,loso_subject_S019,30,0.0012370701876814653,,0.024420262678355616,,0.0007383968818918422
TCN1_df38a6ea,TCN1,loso_subject_S019,31,0.0012301774072838517,,0.024377727848430328,,0.00072220754456429
TCN1_df38a6ea,TCN1,loso_subject_S019,32,0.0012312024620649217,,0.02461298091596275,,0.0007057526756848715
TCN1_df38a6ea,TCN1,loso_subject_S019,33,0.0010968899602266965,,0.023330011249993544,,0.000689057647468726
TCN1_df38a6ea,TCN1,loso_subject_S019,34,0.0011019211542506006,,0.02309021363514706,,0.000672148202439283
TCN1_df38a6ea,TCN1,loso_subject_S019,35,0.0009517996807645025,,0.021702802835030385,,0.0006550504137351571
TCN1_df38a6ea,TCN1,loso_subject_S019,36,0.001071200475743536,,0.022626895628558765,,0.0006377906449072574
TCN1_df38a6ea,TCN1,loso_subject_S019,37,0.0009053838035728961,,0.021165769673228432,,0.0006203955092681036
TCN1_df38a6ea,TCN1,loso_subject_S019,38,0.000887518271585062,,0.020668997773375067,,0.0006028918288560267
TCN1_df38a6ea,TCN1,loso_subject_S019,39,0.0008644301045754232,,0.020321654085340184,,0.00058530659307753
TCN1_df38a6ea,TCN1,loso_subject_S019,40,0.0009076654182843632,,0.021001433339289853,,0.0005676669170915806
TCN1_df38a6ea,TCN1,loso_subject_S019,41,0.0008950374205515136,,0.020394210465698965,,0.0005499999999999997
TCN1_df38a6ea,TCN1,loso_subject_S019,42,0.0008458051320228725,,0.019851324119423298,,0.000532333082908419
TCN1_df38a6ea,TCN1,loso_subject_S019,43,0.0006772287710952708,,0.01840187325979633,,0.0005146934069224697
TCN1_df38a6ea,TCN1,loso_subject_S019,44,0.0008471567290375624,,0.019866212866900053,,0.000497108171143973
TCN1_df38a6ea,TCN1,loso_subject_S019,45,0.0007915412691517126,,0.019561755313915703,,0.00047960449073189616
TCN1_df38a6ea,TCN1,loso_subject_S019,46,0.0007720577855040494,,0.01877600279409155,,0.00046220935509274226
TCN1_df38a6ea,TCN1,loso_subject_S019,47,0.0007635560212314097,,0.01835438845658925,,0.00044494958626484254
TCN1_df38a6ea,TCN1,loso_subject_S019,48,0.0007096827450264513,,0.018248814189805927,,0.00042785179756071645
TCN1_df38a6ea,TCN1,loso_subject_S019,49,0.0006735870972748414,,0.017799238700131094,,0.0004109423525312737
TCN1_df38a6ea,TCN1,loso_subject_S019,50,0.0007154918753747579,,0.01839826316035738,,0.0003942473243151282
TCN1_df38a6ea,TCN1,loso_subject_S019,51,0.0006589749406878254,,0.017351716226035364,,0.0003777924554357096
TCN1_df38a6ea,TCN1,loso_subject_S019,52,0.0006721838426136742,,0.017532534856196456,,0.0003616031181081575
TCN1_df38a6ea,TCN1,loso_subject_S019,53,0.0006031697382007931,,0.016848091592981528,,0.000345704275117204
TCN1_df38a6ea,TCN1,loso_subject_S019,54,0.000639484707481377,,0.016800970179895496,,0.00033012044132637024
TCN1_df38a6ea,TCN1,loso_subject_S019,55,0.0006083534143230516,,0.016655853624030284,,0.00031487564587782306
TCN1_df38a6ea,TCN1,loso_subject_S019,56,0.0006265470435847116,,0.017101074033245428,,0.00029999339514117897
TCN1_df38a6ea,TCN1,loso_subject_S019,57,0.0005807209093265837,,0.01651357769015543,,0.0002854966364683872
TCN1_df38a6ea,TCN1,loso_subject_S019,58,0.0005689861608903054,,0.01651206352906951,,0.0002714077228105749
TCN1_df38a6ea,TCN1,loso_subject_S019,59,0.0005574222422171289,,0.01637368371512361,,0.00025774837825141746
TCN1_df38a6ea,TCN1,loso_subject_S019,60,0.0005859888881570446,,0.016200352942618703,,0.0002445396645101764
TCN1_df38a6ea,TCN1,loso_subject_S019,61,0.0005285837359993617,,0.015396544092184319,,0.0002318019484660537
TCN1_df38a6ea,TCN1,loso_subject_S019,62,0.0005611891382825331,,0.01557919058832544,,0.00021955487075394156
TCN1_df38a6ea,TCN1,loso_subject_S019,63,0.000526570265160634,,0.015477183096364136,,0.0002078173154799862
TCN1_df38a6ea,TCN1,loso_subject_S019,64,0.000529647905053424,,0.01558509889351582,,0.00019660738110366478
TCN1_df38a6ea,TCN1,loso_subject_S019,65,0.0005078267859929276,,0.015170868802156274,,0.00018594235253127373
TCN1_df38a6ea,TCN1,loso_subject_S019,66,0.000531137992507627,,0.015311180311655041,,0.00017583867446385477
TCN1_df38a6ea,TCN1,loso_subject_S019,67,0.0005743848896124967,,0.015505042594334889,,0.00016631192604065853
TCN1_df38a6ea,TCN1,loso_subject_S019,68,0.0005174056704119703,,0.015023579816420456,,0.00015737679681724137
TCN1_df38a6ea,TCN1,loso_subject_S019,69,0.0005292584183549165,,0.015084550547868253,,0.0001490470641152345
TCN1_df38a6ea,TCN1,loso_subject_S019,70,0.000532328155552926,,0.014806062520096124,,0.00014133557177871338
TCN1_df38a6ea,TCN1,loso_subject_S019,71,0.0005179269426211596,,0.01488707595022674,,0.00013425421036992097
TCN1_df38a6ea,TCN1,loso_subject_S019,72,0.0005427797295494593,,0.015083821344163558,,0.00012781389883488212
TCN1_df38a6ea,TCN1,loso_subject_S019,73,0.0005742630526846842,,0.015251712358461695,,0.0001220245676671809
TCN1_df38a6ea,TCN1,loso_subject_S019,74,0.0005093863967650554,,0.014761014331929983,,0.00011689514359585877
TCN1_df38a6ea,TCN1,loso_subject_S019,75,0.0004773192086805943,,0.014391659114599917,,0.00011243353582104555
TCN1_df38a6ea,TCN1,loso_subject_S019,76,0.0004861905209979978,,0.014426597592195962,,0.0001086466238185463
TCN1_df38a6ea,TCN1,loso_subject_S019,77,0.0005043489327988023,,0.014598023108850748,,0.00010554024673218805
TCN1_df38a6ea,TCN1,loso_subject_S019,78,0.0004872007593484788,,0.014449397912213061,,0.00010311919437028317
TCN1_df38a6ea,TCN1,loso_subject_S019,79,0.0004802004570679891,,0.014128695040695758,,0.00010138719982009242
TCN1_df38a6ea,TCN1,loso_subject_S019,80,0.0005072761565265518,,0.014869893176688088,,0.0001003469336916747
