model_id,architecture_id,fold_id,epoch,train_loss,val_loss,train_mae,val_mae,lr
TCN3_dc463846,TCN3,loso_subject_S001,1,0.3204892114116725,,0.4133378285801467,,0.001
TCN3_dc463846,TCN3,loso_subject_S001,2,0.0639589124237823,,0.19019558681659324,,0.0009996530663083252
TCN3_dc463846,TCN3,loso_subject_S001,3,0.03413251791448709,,0.13761827884937444,,0.0009986128001799074
TCN3_dc463846,TCN3,loso_subject_S001,4,0.021383750568106923,,0.10994161325862165,,0.0009968808056297167
TCN3_dc463846,TCN3,loso_subject_S001,5,0.0166328541606232,,0.09597977175855862,,0.0009944597532678117
TCN3_dc463846,TCN3,loso_subject_S001,6,0.012437529077754682,,0.08347425919219821,,0.0009913533761814533
TCN3_dc463846,TCN3,loso_subject_S001,7,0.011181112744824698,,0.0787876900147136,,0.000987566464178954
TCN3_dc463846,TCN3,loso_subject_S001,8,0.009093247065232572,,0.0706690534355671,,0.0009831048564041408
TCN3_dc463846,TCN3,loso_subject_S001,9,0.007095621014611291,,0.06273225673765527,,0.0009779754323328187
TCN3_dc463846,TCN3,loso_subject_S001,10,0.006802315759591401,,0.06085071344982523,,0.0009721861011651174
TCN3_dc463846,TCN3,loso_subject_S001,11,0.005777403340624,,0.05580019066456119,,0.0009657457896300785
TCN3_dc463846,TCN3,loso_subject_S001,12,0.00516499046193515,,0.053010611385509505,,0.000958664428221286
TCN3_dc463846,TCN3,loso_subject_S001,13,0.004260637655924656,,0.04813148503636364,,0.000950952935884765
TCN3_dc463846,TCN3,loso_subject_S001,14,0.003953031770624648,,0.04584436384730851,,0.0009426232031827582
TCN3_dc463846,TCN3,loso_subject_S001,15,0.0035277017342539192,,0.04329584796260854,,0.0009336880739593409
TCN3_dc463846,TCN3,loso_subject_S001,16,0.003748855651981983,,0.0448687504511641,,0.0009241613255361449
TCN3_dc463846,TCN3,loso_subject_S001,17,0.003015831487575907,,0.040554173862980394,,0.0009140576474687258
TCN3_dc463846,TCN3,loso_subject_S001,18,0.002921168842311423,,0.0390465070243867,,0.0009033926188963346
TCN3_dc463846,TCN3,loso_subject_S001,19,0.002815007794318893,,0.037902363391742765,,0.0008921826845200134
TCN3_dc463846,TCN3,loso_subject_S001,20,0.0028645634225297374,,0.03795011159457684,,0.000880445129246058
TCN3_dc463846,TCN3,loso_subject_S001,21,0.0024626877075243567,,0.03497862488101818,,0.0008681980515339459
TCN3_dc463846,TCN3,loso_subject_S001,22,0.002188255952873659,,0.033681096892695744,,0.0008554603354898234
TCN3_dc463846,TCN3,loso_subject_S001,23,0.0021752429304482223,,0.03305021461393687,,0.0008422516217485822
TCN3_dc463846,TCN3,loso_subject_S001,24,0.0020649865625588415,,0.03251077626391008,,0.0008285922771894248
TCN3_dc463846,TCN3,loso_subject_S001,25,0.0018313179318626474,,0.030589816290671402,,0.0008145033635316124
TCN3_dc463846,TCN3,loso_subject_S001,26,0.0018835446112968435,,0.030699461635647393,,0.0008000066048588205
TCN3_dc463846,TCN3,loso_subject_S001,27,0.0016373635672871085,,0.029062954579391325,,0.0007851243541221765
TCN3_dc463846,TCN3,loso_subject_S001,28,0.0016792312075473886,,0.028753261457296096,,0.0007698795586736293
TCN3_dc463846,TCN3,loso_subject_S001,29,0.0015872437653121092,,0.027359344441239934,,0.0007542957248827956
TCN3_dc463846,TCN3,loso_subject_S001,30,0.001496192624509161,,0.02770720676447917,,0.0007383968818918422
TCN3_dc463846,TCN3,loso_subject_S001,31,0.0013689005214961184,,0.02648472431531474,,0.00072220754456429
TCN3_dc463846,TCN3,loso_subject_S001,32,0.0014482357960642718,,0.027113057758500654,,0.0007057526756848715
TCN3_dc463846,TCN3,loso_subject_S001,33,0.0012888529485407248,,0.02514774754019624,,0.000689057647468726
TCN3_dc463846,TCN3,loso_subject_S001,34,0.0013484344699003109,,0.025681736649521534,,0.000672148202439283
TCN3_dc463846,TCN3,loso_subject_S001,35,0.0012747668279152538,,0.02480113667427769,,0.0006550504137351571
TCN3_dc463846,TCN3,loso_subject_S001,36,0.0012543061363764214,,0.024411578298591023,,0.0006377906449072574
TCN3_dc463846,TCN3,loso_subject_S001,37,0.0012178000363253704,,0.024062704037092653,,0.0006203955092681036
TCN3_dc463846,TCN3,loso_subject_S001,38,0.001194059636235076,,0.024096821944790865,,0.0006028918288560267
TCN3_dc463846,TCN3,loso_subject_S001,39,0.0011275923963944923,,0.024007059289123625,,0.00058530659307753
TCN3_dc463846,TCN3,loso_subject_S001,40,0.0011437371498395756,,0.023444176625754688,,0.0005676669170915806
TCN3_dc463846,TCN3,loso_subject_S001,41,0.0010189789620977698,,0.02245422905583908,,0.0005499999999999997
TCN3_dc463846,TCN3,loso_subject_S001,42,0.0010867516607188247,,0.022675610807077213,,0.000532333082908419
TCN3_dc463846,TCN3,loso_subject_S001,43,0.001057637039835173,,0.022179302094777156,,0.0005146934069224697
TCN3_dc463846,TCN3,loso_subject_S001,44,0.0010020537195387022,,0.02169586557097567,,0.000497108171143973
TCN3_dc463846,TCN3,loso_subject_S001,45,0.0009809906585336958,,0.021230587637671983,,0.00047960449073189616
TCN3_dc463846,TCN3,loso_subject_S001,46,0.0009611730448199546,,0.021565061049368596,,0.00046220935509274226
TCN3_dc463846,TCN3,loso_subject_S001,47,0.0008950322791921436,,0.02104819814531808,,0.00044494958626484254
TCN3_dc463846,TCN3,loso_subject_S001,48,0.0009027967149857746,,0.020582427244927738,,0.00042785179756071645
TCN3_dc463846,TCN3,loso_subject_S001,49,0.0008936517138208924,,0.0204993803343364,,0.0004109423525312737
TCN3_dc463846,TCN3,loso_subject_S001,50,0.0008915020854090976,,0.02063786054053957,,0.0003942473243151282
TCN3_dc463846,TCN3,loso_subject_S001,51,0.0008633388747564271,,0.020291343468425645,,0.0003777924554357096
TCN3_dc463846,TCN3,loso_subject_S001,52,0.000878638528701821,,0.020334136909393345,,0.0003616031181081575
TCN3_dc463846,TCN3,loso_subject_S001,53,0.0008214434530918665,,0.020130177897543903,,0.000345704275117204
TCN3_dc463846,TCN3,loso_subject_S001,54,0.0007619224337222347,,0.019314989821757722,,0.00033012044132637024
TCN3_dc463846,TCN3,loso_subject_S001,55,0.0007617991780176768,,0.019354840094106655,,0.00031487564587782306
TCN3_dc463846,TCN3,loso_subject_S001,56,0.0008183390269479491,,0.019617916299891704,,0.00029999339514117897
TCN3_dc463846,TCN3,loso_subject_S001,57,0.0007231509263308406,,0.018622736464795994,,0.0002854966364683872
TCN3_dc463846,TCN3,loso_subject_S001,58,0.0007731494896677005,,0.019087872574210248,,0.0002714077228105749
TCN3_dc463846,TCN3,loso_subject_S001,59,0.0007412126526779858,,0.01887022212882206,,0.00025774837825141746
TCN3_dc463846,TCN3,loso_subject_S001,60,0.0007472905212804828,,0.01900482503225641,,0.0002445396645101764
TCN3_dc463846,TCN3,loso_subject_S001,61,0.000759947177127713,,0.018596317515954384,,0.0002318019484660537
TCN3_dc463846,TCN3,loso_subject_S001,62,0.0007702792453240657,,0.018948289010470014,,0.00021955487075394156
TCN3_dc463846,TCN3,loso_subject_S001,63,0.0006896587000115273,,0.017975131367948875,,0.0002078173154799862
TCN3_dc463846,TCN3,loso_subject_S001,64,0.0007291338769269379,,0.018226944577957552,,0.00019660738110366478
TCN3_dc463846,TCN3,loso_subject_S001,65,0.0007364904910220986,,0.01853039567934187,,0.00018594235253127373
TCN3_dc463846,TCN3,loso_subject_S001,66,0.0007243489884986158,,0.01812570347909103,,0.00017583867446385477
TCN3_dc463846,TCN3,loso_subject_S001,67,0.0006755946863098052,,0.017822090391721137,,0.00016631192604065853
TCN3_dc463846,TCN3,loso_subject_S001,68,0.0006610894986273624,,0.017503600147509398,,0.00015737679681724137
TCN3_dc463846,TCN3,loso_subject_S001,69,0.0006953532377397548,,0.017931272800833207,,0.0001490470641152345
TCN3_dc463846,TCN3,loso_subject_S001,70,0.0006341259247265098,,0.017380315531233852,,0.00014133557177871338
TCN3_dc463846,TCN3,loso_subject_S001,71,0.0006917954707794284,,0.017465641876779483,,0.00013425421036992097
TCN3_dc463846,TCN3,loso_subject_S001,72,0.000637545319784849,,0.017355079501666062,,0.00012781389883488212
TCN3_dc463846,TCN3,loso_subject_S001,73,0.000656711921371912,,0.017636550835646303,,0.0001220245676671809
TCN3_dc463846,TCN3,loso_subject_S001,74,0.000668605019558211,,0.017466415378851796,,0.00011689514359585877
TCN3_dc463846,TCN3,loso_subject_S001,75,0.0006357626692058801,,0.01707285807633384,,0.00011243353582104555
TCN3_dc463846,TCN3,loso_subject_S001,76,0.0006752760970341211,,0.017420386656575474,,0.0001086466238185463
TCN3_dc463846,TCN3,loso_subject_S001,77,0.0006727258686434068,,0.017487882912551368,,0.00010554024673218805
TCN3_dc463846,TCN3,loso_subject_S001,78,0.000631415376117092,,0.017207817312211784,,0.00010311919437028317
TCN3_dc463846,TCN3,loso_subject_S001,79,0.0006404650696065305,,0.017349251876110406,,0.00010138719982009242
TCN3_dc463846,TCN3,loso_subject_S001,80,0.0005842679777059384,,0.01674990249064466,,0.0001003469336916747
TCN3_dc463846,TCN3,loso_subject_S002,1,0.2994314701807752,,0.40218356463178717,,0.001
TCN3_dc463846,TCN3,loso_subject_S002,2,0.05533090307913345,,0.17196028978027778,,0.0009996530663083252
TCN3_dc463846,TCN3,loso_subject_S002,3,0.02898801407166596,,0.12522334639052182,,0.0009986128001799074
TCN3_dc463846,TCN3,loso_subject_S002,4,0.01744721422777252,,0.09858295677195177,,0.0009968808056297167
TCN3_dc463846,TCN3,loso_subject_S002,5,0.013927335146844229,,0.08865863118389873,,0.0009944597532678117
TCN3_dc463846,TCN3,loso_subject_S002,6,0.01037436650092627,,0.07668535893570523,,0.0009913533761814533
TCN3_dc463846,TCN3,loso_subject_S002,7,0.007818936349315178,,0.06645705594387231,,0.000987566464178954
TCN3_dc463846,TCN3,loso_subject_S002,8,0.006706777386940443,,0.061633756883264536,,0.0009831048564041408
TCN3_dc463846,TCN3,loso_subject_S002,9,0.005982123085591616,,0.05804353989957182,,0.0009779754323328187
TCN3_dc463846,TCN3,loso_subject_S002,10,0.004756092416265836,,0.051999690638613004,,0.0009721861011651174
TCN3_dc463846,TCN3,loso_subject_S002,11,0.004514762874203549,,0.050118052279601366,,0.0009657457896300785
TCN3_dc463846,TCN3,loso_subject_S002,12,0.004041590756892328,,0.04721547383568015,,0.000958664428221286
TCN3_dc463846,TCN3,loso_subject_S002,13,0.003641368651426637,,0.04457920411260754,,0.000950952935884765
TCN3_dc463846,TCN3,loso_subject_S002,14,0.0033385174933188554,,0.04248059317173155,,0.0009426232031827582
TCN3_dc463846,TCN3,loso_subject_S002,15,0.0028774189696071633,,0.03950926337381257,,0.0009336880739593409
TCN3_dc463846,TCN3,loso_subject_S002,16,0.0029369746569534194,,0.03979058503926749,,0.0009241613255361449
TCN3_dc463846,TCN3,loso_subject_S002,17,0.0025885579267650133,,0.03719669108128358,,0.0009140576474687258
TCN3_dc463846,TCN3,loso_subject_S002,18,0.0024406370488847715,,0.035974700488051306,,0.0009033926188963346
TCN3_dc463846,TCN3,loso_subject_S002,19,0.002230082161166268,,0.03427293486596735,,0.0008921826845200134
TCN3_dc463846,TCN3,loso_subject_S002,20,0.0021496568275343833,,0.033730123607090996,,0.000880445129246058
TCN3_dc463846,TCN3,loso_subject_S002,21,0.0019466279945966221,,0.031675913210572865,,0.0008681980515339459
TCN3_dc463846,TCN3,loso_subject_S002,22,0.0018740405263107478,,0.03151353962462524,,0.0008554603354898234
TCN3_dc463846,TCN3,loso_subject_S002,23,0.001792410471036892,,0.03087712964660609,,0.0008422516217485822
TCN3_dc463846,TCN3,loso_subject_S002,24,0.0017205714908939853,,0.030105801966209312,,0.0008285922771894248
TCN3_dc463846,TCN3,loso_subject_S002,25,0.0016768796576942943,,0.02945439203763356,,0.0008145033635316124
TCN3_dc463846,TCN3,loso_subject_S002,26,0.0015923251777415508,,0.028517521710310436,,0.0008000066048588205
TCN3_dc463846,TCN3,loso_subject_S002,27,0.0014781947391273192,,0.027452313541298835,,0.0007851243541221765
TCN3_dc463846,TCN3,loso_subject_S002,28,0.0014043722222361525,,0.027042049751555254,,0.0007698795586736293
TCN3_dc463846,TCN3,loso_subject_S002,29,0.0013391291883228153,,0.02643257079137099,,0.0007542957248827956
TCN3_dc463846,TCN3,loso_subject_S002,30,0.0013793369023924796,,0.026389131742462872,,0.0007383968818918422
TCN3_dc463846,TCN3,loso_subject_S002,31,0.0012835389888161096,,0.025528544258691905,,0.00072220754456429
TCN3_dc463846,TCN3,loso_subject_S002,32,0.0011991098324276646,,0.024792425937219385,,0.0007057526756848715
TCN3_dc463846,TCN3,loso_subject_S002,33,0.0011716532742972695,,0.024402190217209747,,0.000689057647468726
TCN3_dc463846,TCN3,loso_subject_S002,34,0.0011349863835007684,,0.02407100620810486,,0.000672148202439283
TCN3_dc463846,TCN3,loso_subject_S002,35,0.0011372030213961887,,0.02363379146478853,,0.0006550504137351571
TCN3_dc463846,TCN3,loso_subject_S002,36,0.0010308171514377235,,0.022913492909714145,,0.0006377906449072574
TCN3_dc463846,TCN3,loso_subject_S002,37,0.0010425566732068237,,0.023002090683547825,,0.0006203955092681036
TCN3_dc463846,TCN3,loso_subject_S002,38,0.0009428453149980512,,0.022040645428871443,,0.0006028918288560267
TCN3_dc463846,TCN3,loso_subject_S002,39,0.0009128537117960598,,0.021035730715258053,,0.00058530659307753
TCN3_dc463846,TCN3,loso_subject_S002,40,0.0009185572677299341,,0.021436391961550838,,0.0005676669170915806
TCN3_dc463846,TCN3,loso_subject_S002,41,0.0009141824103518826,,0.02157360191311223,,0.0005499999999999997
TCN3_dc463846,TCN3,loso_subject_S002,42,0.0008975982376366893,,0.021084168090902525,,0.000532333082908419
TCN3_dc463846,TCN3,loso_subject_S002,43,0.0008672065010778507,,0.020823280537001967,,0.0005146934069224697
TCN3_dc463846,TCN3,loso_subject_S002,44,0.0008754592666165306,,0.020559972507844554,,0.000497108171143973
TCN3_dc463846,TCN3,loso_subject_S002,45,0.0008540580466646573,,0.02060404002903627,,0.00047960449073189616
TCN3_dc463846,TCN3,loso_subject_S002,46,0.0008314608633938178,,0.02019070733131085,,0.00046220935509274226
TCN3_dc463846,TCN3,loso_subject_S002,47,0.0007424789163733607,,0.019575556596884362,,0.00044494958626484254
TCN3_dc463846,TCN3,loso_subject_S002,48,0.0007954812719825092,,0.01977647560344767,,0.00042785179756071645
TCN3_dc463846,TCN3,loso_subject_S002,49,0.00077139785289715,,0.019825675364198356,,0.0004109423525312737
TCN3_dc463846,TCN3,loso_subject_S002,50,0.0007361977002015263,,0.01903768331899409,,0.0003942473243151282
TCN3_dc463846,TCN3,loso_subject_S002,51,0.0007460072578859839,,0.018855209316593898,,0.0003777924554357096
TCN3_dc463846,TCN3,loso_subject_S002,52,0.0007243760692700496,,0.018640542481914754,,0.0003616031181081575
TCN3_dc463846,TCN3,loso_subject_S002,53,0.0007144124467921411,,0.018825278708844664,,0.000345704275117204
TCN3_dc463846,TCN3,loso_subject_S002,54,0.0006791309322155172,,0.01846886036388912,,0.00033012044132637024
TCN3_dc463846,TCN3,loso_subject_S002,55,0.0006971784509299694,,0.018412857318904734,,0.00031487564587782306
TCN3_dc463846,TCN3,loso_subject_S002,56,0.0006938359129800898,,0.018257730613297114,,0.00029999339514117897
TCN3_dc463846,TCN3,loso_subject_S002,57,0.0006722371211733708,,0.01815568071738162,,0.0002854966364683872
TCN3_dc463846,TCN3,loso_subject_S002,58,0.0006364516932264079,,0.017543596499636573,,0.0002714077228105749
TCN3_dc463846,TCN3,loso_subject_S002,59,0.0006537523964575593,,0.017438805417530734,,0.00025774837825141746
TCN3_dc463846,TCN3,loso_subject_S002,60,0.0006204914651806182,,0.017182057664114538,,0.0002445396645101764
TCN3_dc463846,TCN3,loso_subject_S002,61,0.0006193592536092714,,0.01739215073657447,,0.0002318019484660537
TCN3_dc463846,TCN3,loso_subject_S002,62,0.0006002422152902308,,0.01717945503994862,,0.00021955487075394156
TCN3_dc463846,TCN3,loso_subject_S002,63,0.0005823021191999869,,0.017146459298914875,,0.0002078173154799862
TCN3_dc463846,TCN3,loso_subject_S002,64,0.0006294715471765822,,0.017376048287836246,,0.00019660738110366478
TCN3_dc463846,TCN3,loso_subject_S002,65,0.0005756546767145662,,0.016464782587255027,,0.00018594235253127373
TCN3_dc463846,TCN3,loso_subject_S002,66,0.0006320383221396451,,0.017063329347090633,,0.00017583867446385477
TCN3_dc463846,TCN3,loso_subject_S002,67,0.000582453761118852,,0.016677376905589583,,0.00016631192604065853
TCN3_dc463846,TCN3,loso_subject_S002,68,0.000585054751147148,,0.01660493469799545,,0.00015737679681724137
TCN3_dc463846,TCN3,loso_subject_S002,69,0.0005731288518059371,,0.016421790595415892,,0.0001490470641152345
TCN3_dc463846,TCN3,loso_subject_S002,70,0.0005539816613395548,,0.0162103109960926,,0.00014133557177871338
TCN3_dc463846,TCN3,loso_subject_S002,71,0.0005560281718290591,,0.016091313563899905,,0.00013425421036992097
TCN3_dc463846,TCN3,loso_subject_S002,72,0.0005721562896053547,,0.016526836775915217,,0.00012781389883488212
TCN3_dc463846,TCN3,loso_subject_S002,73,0.0005646289273137993,,0.01646898120681234,,0.0001220245676671809
TCN3_dc463846,TCN3,loso_subject_S002,74,0.0005467590352209082,,0.015805463467178673,,0.00011689514359585877
TCN3_dc463846,TCN3,loso_subject_S002,75,0.0005659880352809295,,0.016389550606594163,,0.00011243353582104555
TCN3_dc463846,TCN3,loso_subject_S002,76,0.0005435639790405052,,0.01604997310342776,,0.0001086466238185463
TCN3_dc463846,TCN3,loso_subject_S002,77,0.0005384751659863078,,0.01569632458591967,,0.00010554024673218805
TCN3_dc463846,TCN3,loso_subject_S002,78,0.0005478665154070324,,0.015996978931939253,,0.00010311919437028317
TCN3_dc463846,TCN3,loso_subject_S002,79,0.0005488692663856399,,0.016143860058261166,,0.00010138719982009242
TCN3_dc463846,TCN3,loso_subject_S002,80,0.0005466044463269136,,0.01573899007385068,,0.0001003469336916747
TCN3_dc463846,TCN3,loso_subject_S003,1,0.2229922770652001,,0.3430240171896914,,0.001
TCN3_dc463846,TCN3,loso_subject_S003,2,0.053393201236222765,,0.17080445059746371,,0.0009996530663083252
TCN3_dc463846,TCN3,loso_subject_S003,3,0.02831050964016448,,0.12402770808336035,,0.0009986128001799074
TCN3_dc463846,TCN3,loso_subject_S003,4,0.017884540998368233,,0.09975626296259363,,0.0009968808056297167
TCN3_dc463846,TCN3,loso_subject_S003,5,0.012766586482350108,,0.08342300847599365,,0.0009944597532678117
TCN3_dc463846,TCN3,loso_subject_S003,6,0.009167598539892045,,0.0718006732359287,,0.0009913533761814533
TCN3_dc463846,TCN3,loso_subject_S003,7,0.007461532134570441,,0.06400330786449657,,0.000987566464178954
TCN3_dc463846,TCN3,loso_subject_S003,8,0.0061796887304856165,,0.05822298887804814,,0.0009831048564041408
TCN3_dc463846,TCN3,loso_subject_S003,9,0.005072999556467616,,0.0530839675035753,,0.0009779754323328187
TCN3_dc463846,TCN3,loso_subject_S003,10,0.004315773540530797,,0.048723545055238904,,0.0009721861011651174
TCN3_dc463846,TCN3,loso_subject_S003,11,0.004012663140327571,,0.046494277694659955,,0.0009657457896300785
TCN3_dc463846,TCN3,loso_subject_S003,12,0.0036587013467319408,,0.04353097974662947,,0.000958664428221286
TCN3_dc463846,TCN3,loso_subject_S003,13,0.0032100318788887148,,0.041174093705337596,,0.000950952935884765
TCN3_dc463846,TCN3,loso_subject_S003,14,0.0029335302828334686,,0.03873451627153555,,0.0009426232031827582
TCN3_dc463846,TCN3,loso_subject_S003,15,0.0026212362525767797,,0.03772403795507272,,0.0009336880739593409
TCN3_dc463846,TCN3,loso_subject_S003,16,0.0024485999569968265,,0.036565281349873906,,0.0009241613255361449
TCN3_dc463846,TCN3,loso_subject_S003,17,0.0021724559792930084,,0.03379981720928654,,0.0009140576474687258
TCN3_dc463846,TCN3,loso_subject_S003,18,0.0022176390034463044,,0.034111614992810596,,0.0009033926188963346
TCN3_dc463846,TCN3,loso_subject_S003,19,0.0019924835680697078,,0.03217661832904211,,0.0008921826845200134
TCN3_dc463846,TCN3,loso_subject_S003,20,0.001819388299340992,,0.031852574303242495,,0.000880445129246058
TCN3_dc463846,TCN3,loso_subject_S003,21,0.0017117588787165185,,0.02997386817013695,,0.0008681980515339459
TCN3_dc463846,TCN3,loso_subject_S003,22,0.0015655433033937064,,0.02854887425524278,,0.0008554603354898234
TCN3_dc463846,TCN3,loso_subject_S003,23,0.0015871135467397087,,0.028723117130512656,,0.0008422516217485822
TCN3_dc463846,TCN3,loso_subject_S003,24,0.0014725039670839468,,0.027963951611059336,,0.0008285922771894248
TCN3_dc463846,TCN3,loso_subject_S003,25,0.0013616754035405986,,0.026713882551424747,,0.0008145033635316124
TCN3_dc463846,TCN3,loso_subject_S003,26,0.0013111135149750474,,0.026670208660851638,,0.0008000066048588205
TCN3_dc463846,TCN3,loso_subject_S003,27,0.0012347905292400911,,0.025711020710484533,,0.0007851243541221765
TCN3_dc463846,TCN3,loso_subject_S003,28,0.0013131215303741773,,0.026229385814715272,,0.0007698795586736293
TCN3_dc463846,TCN3,loso_subject_S003,29,0.0011806955422740911,,0.02465242769012742,,0.0007542957248827956
TCN3_dc463846,TCN3,loso_subject_S003,30,0.0011033121293726133,,0.02419743214346142,,0.0007383968818918422
TCN3_dc463846,TCN3,loso_subject_S003,31,0.0010032928205008815,,0.023033912326059863,,0.00072220754456429
TCN3_dc463846,TCN3,loso_subject_S003,32,0.0010175644726987682,,0.0229940251416741,,0.0007057526756848715
TCN3_dc463846,TCN3,loso_subject_S003,33,0.0010398921639233328,,0.023127972501419708,,0.000689057647468726
TCN3_dc463846,TCN3,loso_subject_S003,34,0.0009445139004273206,,0.022081650102208424,,0.000672148202439283
TCN3_dc463846,TCN3,loso_subject_S003,35,0.0009714966345745967,,0.02237002837634541,,0.0006550504137351571
TCN3_dc463846,TCN3,loso_subject_S003,36,0.0008963464819565968,,0.021754440518366586,,0.0006377906449072574
TCN3_dc463846,TCN3,loso_subject_S003,37,0.0009251810398385528,,0.02220811303505798,,0.0006203955092681036
TCN3_dc463846,TCN3,loso_subject_S003,38,0.00081229443509593,,0.020724369081269876,,0.0006028918288560267
TCN3_dc463846,TCN3,loso_subject_S003,39,0.0008631305479633784,,0.021270450476393817,,0.00058530659307753
TCN3_dc463846,TCN3,loso_subject_S003,40,0.0007926070923017799,,0.020360965556077974,,0.0005676669170915806
TCN3_dc463846,TCN3,loso_subject_S003,41,0.0007177544378641146,,0.019475085130742024,,0.0005499999999999997
TCN3_dc463846,TCN3,loso_subject_S003,42,0.0007616568670941247,,0.019781563152173914,,0.000532333082908419
TCN3_dc463846,TCN3,loso_subject_S003,43,0.0007076491622646828,,0.019524610060048374,,0.0005146934069224697
TCN3_dc463846,TCN3,loso_subject_S003,44,0.0006538569002619309,,0.018729989858946233,,0.000497108171143973
TCN3_dc463846,TCN3,loso_subject_S003,45,0.0007172943702145573,,0.01960433037805738,,0.00047960449073189616
TCN3_dc463846,TCN3,loso_subject_S003,46,0.0006792158700669362,,0.018872241776471264,,0.00046220935509274226
TCN3_dc463846,TCN3,loso_subject_S003,47,0.0006693416717936095,,0.01851695159366004,,0.00044494958626484254
TCN3_dc463846,TCN3,loso_subject_S003,48,0.0006591637165607064,,0.018676207287776116,,0.00042785179756071645
TCN3_dc463846,TCN3,loso_subject_S003,49,0.0006052502419932245,,0.017716799179370257,,0.0004109423525312737
TCN3_dc463846,TCN3,loso_subject_S003,50,0.0006352527727277451,,0.01825531085721169,,0.0003942473243151282
TCN3_dc463846,TCN3,loso_subject_S003,51,0.0005779974650888453,,0.017539049868503083,,0.0003777924554357096
TCN3_dc463846,TCN3,loso_subject_S003,52,0.0005946007764664687,,0.01782076000889732,,0.0003616031181081575
TCN3_dc463846,TCN3,loso_subject_S003,53,0.0005917930591855649,,0.01775860767419604,,0.000345704275117204
TCN3_dc463846,TCN3,loso_subject_S003,54,0.0005327814084393553,,0.01708034206748461,,0.00033012044132637024
TCN3_dc463846,TCN3,loso_subject_S003,55,0.0005433261085893713,,0.01680158269111351,,0.00031487564587782306
TCN3_dc463846,TCN3,loso_subject_S003,56,0.0005467709278337343,,0.017121016500545354,,0.00029999339514117897
TCN3_dc463846,TCN3,loso_subject_S003,57,0.0005630994249219103,,0.01685943018880208,,0.0002854966364683872
TCN3_dc463846,TCN3,loso_subject_S003,58,0.0005329172008686286,,0.016627283363688832,,0.0002714077228105749
TCN3_dc463846,TCN3,loso_subject_S003,59,0.0005132849031961168,,0.016433494659632227,,0.00025774837825141746
TCN3_dc463846,TCN3,loso_subject_S003,60,0.0005242078050729447,,0.01662922143183132,,0.0002445396645101764
TCN3_dc463846,TCN3,loso_subject_S003,61,0.0004932008623124639,,0.016292020956728326,,0.0002318019484660537
TCN3_dc463846,TCN3,loso_subject_S003,62,0.0005004512764062208,,0.01625746387793005,,0.00021955487075394156
TCN3_dc463846,TCN3,loso_subject_S003,63,0.0004993646620718487,,0.016062379151932246,,0.0002078173154799862
TCN3_dc463846,TCN3,loso_subject_S003,64,0.0004929143948503056,,0.015912419488951023,,0.00019660738110366478
TCN3_dc463846,TCN3,loso_subject_S003,65,0.00048608394429150605,,0.015867930718431927,,0.00018594235253127373
TCN3_dc463846,TCN3,loso_subject_S003,66,0.0004635024504781363,,0.015547160978007209,,0.00017583867446385477
TCN3_dc463846,TCN3,loso_subject_S003,67,0.0004745371014764195,,0.01580391579801387,,0.00016631192604065853
TCN3_dc463846,TCN3,loso_subject_S003,68,0.00045267949740955923,,0.015400196221618867,,0.00015737679681724137
TCN3_dc463846,TCN3,loso_subject_S003,69,0.00041906280469495666,,0.015222306096320443,,0.0001490470641152345
TCN3_dc463846,TCN3,loso_subject_S003,70,0.00041788744772675186,,0.015087452376272277,,0.00014133557177871338
TCN3_dc463846,TCN3,loso_subject_S003,71,0.000465450300539517,,0.015484577793372258,,0.00013425421036992097
TCN3_dc463846,TCN3,loso_subject_S003,72,0.00042586017619042934,,0.014859170294724978,,0.00012781389883488212
TCN3_dc463846,TCN3,loso_subject_S003,73,0.00042759881740737617,,0.015008438119639731,,0.0001220245676671809
TCN3_dc463846,TCN3,loso_subject_S003,74,0.0004221271947504925,,0.014842633729483823,,0.00011689514359585877
TCN3_dc463846,TCN3,loso_subject_S003,75,0.00042837462269515697,,0.015038657896529091,,0.00011243353582104555
TCN3_dc463846,TCN3,loso_subject_S003,76,0.00042103351352118897,,0.014952098637197337,,0.0001086466238185463
TCN3_dc463846,TCN3,loso_subject_S003,77,0.00041579058282078916,,0.014806897774603438,,0.00010554024673218805
TCN3_dc463846,TCN3,loso_subject_S003,78,0.00042104286557379417,,0.014660701367370566,,0.00010311919437028317
TCN3_dc463846,TCN3,loso_subject_S003,79,0.0004303255415591917,,0.01484529070026733,,0.00010138719982009242
TCN3_dc463846,TCN3,loso_subject_S003,80,0.00042170691407514044,,0.014776405448845108,,0.0001003469336916747
TCN3_dc463846,TCN3,loso_subject_S004,1,0.25835808082019757,,0.37143110503498133,,0.001
TCN3_dc463846,TCN3,loso_subject_S004,2,0.058073910087923016,,0.17602288004002226,,0.0009996530663083252
TCN3_dc463846,TCN3,loso_subject_S004,3,0.03054019483163213,,0.1266670199542473,,0.0009986128001799074
TCN3_dc463846,TCN3,loso_subject_S004,4,0.018610236292996036,,0.0974540940173385,,0.0009968808056297167
TCN3_dc463846,TCN3,loso_subject_S004,5,0.01412589871130638,,0.08569218241415671,,0.0009944597532678117
TCN3_dc463846,TCN3,loso_subject_S004,6,0.010783502993740883,,0.07583454371700284,,0.0009913533761814533
TCN3_dc463846,TCN3,loso_subject_S004,7,0.008410422384189004,,0.06569959495746665,,0.000987566464178954
TCN3_dc463846,TCN3,loso_subject_S004,8,0.007282169397655963,,0.0605190208343735,,0.0009831048564041408
TCN3_dc463846,TCN3,loso_subject_S004,9,0.006463443993158472,,0.057272484521693444,,0.0009779754323328187
TCN3_dc463846,TCN3,loso_subject_S004,10,0.00555770520415059,,0.052405365994426654,,0.0009721861011651174
TCN3_dc463846,TCN3,loso_subject_S004,11,0.004823573783998368,,0.04895835812118243,,0.0009657457896300785
TCN3_dc463846,TCN3,loso_subject_S004,12,0.003914034348483961,,0.0449757278350364,,0.000958664428221286
TCN3_dc463846,TCN3,loso_subject_S004,13,0.0037367499764898206,,0.042657216572038574,,0.000950952935884765
TCN3_dc463846,TCN3,loso_subject_S004,14,0.0034613148538940094,,0.04239328556390891,,0.0009426232031827582
TCN3_dc463846,TCN3,loso_subject_S004,15,0.0028714904290403935,,0.03819468766897768,,0.0009336880739593409
TCN3_dc463846,TCN3,loso_subject_S004,16,0.002798570011379629,,0.0380452709463051,,0.0009241613255361449
TCN3_dc463846,TCN3,loso_subject_S004,17,0.0027925121874611495,,0.03738847651116374,,0.0009140576474687258
TCN3_dc463846,TCN3,loso_subject_S004,18,0.0024892819534226263,,0.035832730495246476,,0.0009033926188963346
TCN3_dc463846,TCN3,loso_subject_S004,19,0.0020976713858544827,,0.03301321821624301,,0.0008921826845200134
TCN3_dc463846,TCN3,loso_subject_S004,20,0.002101158262228904,,0.03241564616218323,,0.000880445129246058
TCN3_dc463846,TCN3,loso_subject_S004,21,0.0018244537503776036,,0.030593302473922404,,0.0008681980515339459
TCN3_dc463846,TCN3,loso_subject_S004,22,0.0017081715649686522,,0.029493797777772387,,0.0008554603354898234
TCN3_dc463846,TCN3,loso_subject_S004,23,0.0017295068265514566,,0.02950479387206679,,0.0008422516217485822
TCN3_dc463846,TCN3,loso_subject_S004,24,0.001578250687678929,,0.02865233402904055,,0.0008285922771894248
TCN3_dc463846,TCN3,loso_subject_S004,25,0.0014241905236676937,,0.02660883713720918,,0.0008145033635316124
TCN3_dc463846,TCN3,loso_subject_S004,26,0.001396450323481901,,0.02678454228264417,,0.0008000066048588205
TCN3_dc463846,TCN3,loso_subject_S004,27,0.0012859363270714328,,0.025506976419009,,0.0007851243541221765
TCN3_dc463846,TCN3,loso_subject_S004,28,0.001328632872145448,,0.025832051828985254,,0.0007698795586736293
TCN3_dc463846,TCN3,loso_subject_S004,29,0.0011866021339192873,,0.02449740600169837,,0.0007542957248827956
TCN3_dc463846,TCN3,loso_subject_S004,30,0.0011677680901673482,,0.023970637844130026,,0.0007383968818918422
TCN3_dc463846,TCN3,loso_subject_S004,31,0.001152604141343051,,0.0239025094875025,,0.00072220754456429
TCN3_dc463846,TCN3,loso_subject_S004,32,0.0010705482883776715,,0.02281550866803381,,0.0007057526756848715
TCN3_dc463846,TCN3,loso_subject_S004,33,0.0010536185934983246,,0.023197539135198005,,0.000689057647468726
TCN3_dc463846,TCN3,loso_subject_S004,34,0.0009542223920993525,,0.021738951747088144,,0.000672148202439283
TCN3_dc463846,TCN3,loso_subject_S004,35,0.0009933730603423204,,0.022238508481327513,,0.0006550504137351571
TCN3_dc463846,TCN3,loso_subject_S004,36,0.0009491861727577781,,0.02148953026799272,,0.0006377906449072574
TCN3_dc463846,TCN3,loso_subject_S004,37,0.000863657664338959,,0.02079315552527072,,0.0006203955092681036
TCN3_dc463846,TCN3,loso_subject_S004,38,0.0008382259350636542,,0.020315067832051257,,0.0006028918288560267
TCN3_dc463846,TCN3,loso_subject_S004,39,0.000809161571204856,,0.019848073729348357,,0.00058530659307753
TCN3_dc463846,TCN3,loso_subject_S004,40,0.0008561594805432567,,0.020372545375168742,,0.0005676669170915806
TCN3_dc463846,TCN3,loso_subject_S004,41,0.0007925385519116124,,0.019651271536280934,,0.0005499999999999997
TCN3_dc463846,TCN3,loso_subject_S004,42,0.0008542448145227854,,0.02059100051148261,,0.000532333082908419
TCN3_dc463846,TCN3,loso_subject_S004,43,0.0007165557419083968,,0.01860461080113537,,0.0005146934069224697
TCN3_dc463846,TCN3,loso_subject_S004,44,0.0007286495367933707,,0.018671487643942362,,0.000497108171143973
TCN3_dc463846,TCN3,loso_subject_S004,45,0.0006787985743584234,,0.018357063413053622,,0.00047960449073189616
TCN3_dc463846,TCN3,loso_subject_S004,46,0.0006925892652754424,,0.018548663270494335,,0.00046220935509274226
TCN3_dc463846,TCN3,loso_subject_S004,47,0.0006940365235266294,,0.017867528086466734,,0.00044494958626484254
TCN3_dc463846,TCN3,loso_subject_S004,48,0.0007014566280780393,,0.018330359072987735,,0.00042785179756071645
TCN3_dc463846,TCN3,loso_subject_S004,49,0.0006600534701861083,,0.01777046924237856,,0.0004109423525312737
TCN3_dc463846,TCN3,loso_subject_S004,50,0.0006162466916615024,,0.017428212407486057,,0.0003942473243151282
TCN3_dc463846,TCN3,loso_subject_S004,51,0.0006405980022414967,,0.017301785865452876,,0.0003777924554357096
TCN3_dc463846,TCN3,loso_subject_S004,52,0.0006326324761771001,,0.017318748972964898,,0.0003616031181081575
TCN3_dc463846,TCN3,loso_subject_S004,53,0.0005813227796110752,,0.017039429217946902,,0.000345704275117204
TCN3_dc463846,TCN3,loso_subject_S004,54,0.0005774463477386369,,0.016622438915731785,,0.00033012044132637024
TCN3_dc463846,TCN3,loso_subject_S004,55,0.0006327910587306096,,0.017196144241441173,,0.00031487564587782306
TCN3_dc463846,TCN3,loso_subject_S004,56,0.0005696478246903448,,0.016895273445879804,,0.00029999339514117897
TCN3_dc463846,TCN3,loso_subject_S004,57,0.0005685241956708184,,0.016311734016973528,,0.0002854966364683872
TCN3_dc463846,TCN3,loso_subject_S004,58,0.0005595443023113308,,0.016311344361352904,,0.0002714077228105749
TCN3_dc463846,TCN3,loso_subject_S004,59,0.0005400708696224765,,0.01583083561363716,,0.00025774837825141746
TCN3_dc463846,TCN3,loso_subject_S004,60,0.0005577562764933738,,0.016222570057969538,,0.0002445396645101764
TCN3_dc463846,TCN3,loso_subject_S004,61,0.0005557128302611768,,0.01590482893895503,,0.0002318019484660537
TCN3_dc463846,TCN3,loso_subject_S004,62,0.0005146138246406412,,0.0154844114332845,,0.00021955487075394156
TCN3_dc463846,TCN3,loso_subject_S004,63,0.0005470237422398403,,0.016215227243901092,,0.0002078173154799862
TCN3_dc463846,TCN3,loso_subject_S004,64,0.0005126740459615897,,0.015383047970636849,,0.00019660738110366478
TCN3_dc463846,TCN3,loso_subject_S004,65,0.000536304427002349,,0.01572138872165177,,0.00018594235253127373
TCN3_dc463846,TCN3,loso_subject_S004,66,0.0005005088026081552,,0.015617160021052167,,0.00017583867446385477
TCN3_dc463846,TCN3,loso_subject_S004,67,0.0005296274229604223,,0.015413800769624253,,0.00016631192604065853
TCN3_dc463846,TCN3,loso_subject_S004,68,0.00048106519815486245,,0.014802762598633489,,0.00015737679681724137
TCN3_dc463846,TCN3,loso_subject_S004,69,0.0004834223483882004,,0.01493131285002632,,0.0001490470641152345
TCN3_dc463846,TCN3,loso_subject_S004,70,0.0005124383211888122,,0.015099608790910232,,0.00014133557177871338
TCN3_dc463846,TCN3,loso_subject_S004,71,0.0004645978557356341,,0.015210096364029643,,0.00013425421036992097
TCN3_dc463846,TCN3,loso_subject_S004,72,0.0004769524814088055,,0.014932972224791103,,0.00012781389883488212
TCN3_dc463846,TCN3,loso_subject_S004,73,0.00047659396774989577,,0.014913237738084471,,0.0001220245676671809
TCN3_dc463846,TCN3,loso_subject_S004,74,0.00047717101777547155,,0.014692894736430876,,0.00011689514359585877
TCN3_dc463846,TCN3,loso_subject_S004,75,0.00046402540714106025,,0.014756246293022588,,0.00011243353582104555
TCN3_dc463846,TCN3,loso_subject_S004,76,0.00045913733705164173,,0.014489240785492774,,0.0001086466238185463
TCN3_dc463846,TCN3,loso_subject_S004,77,0.000448676168920782,,0.014459108962978136,,0.00010554024673218805
TCN3_dc463846,TCN3,loso_subject_S004,78,0.0004453729950804735,,0.01460731735807415,,0.00010311919437028317
TCN3_dc463846,TCN3,loso_subject_S004,79,0.0004634638872045387,,0.014401009342310747,,0.00010138719982009242
TCN3_dc463846,TCN3,loso_subject_S004,80,0.0004478086658385084,,0.01444054121335907,,0.0001003469336916747
TCN3_dc463846,TCN3,loso_subject_S005,1,0.35689602122473635,,0.4397797421994063,,0.001
TCN3_dc463846,TCN3,loso_subject_S005,2,0.05457200756226587,,0.17753780848337114,,0.0009996530663083252
TCN3_dc463846,TCN3,loso_subject_S005,3,0.02967493994854416,,0.12847437462912484,,0.0009986128001799074
TCN3_dc463846,TCN3,loso_subject_S005,4,0.018953944839308286,,0.10386470687979317,,0.0009968808056297167
TCN3_dc463846,TCN3,loso_subject_S005,5,0.013210388964022997,,0.0863880520845436,,0.0009944597532678117
TCN3_dc463846,TCN3,loso_subject_S005,6,0.010279644453904429,,0.07643696270603369,,0.0009913533761814533
TCN3_dc463846,TCN3,loso_subject_S005,7,0.008600367911465135,,0.06965760710703228,,0.000987566464178954
TCN3_dc463846,TCN3,loso_subject_S005,8,0.007602940533475461,,0.06511815648030096,,0.0009831048564041408
TCN3_dc463846,TCN3,loso_subject_S005,9,0.006194438480171327,,0.05850785175789745,,0.0009779754323328187
TCN3_dc463846,TCN3,loso_subject_S005,10,0.005397260152820637,,0.055007502802809756,,0.0009721861011651174
TCN3_dc463846,TCN3,loso_subject_S005,11,0.004764136086844239,,0.050421816919240525,,0.0009657457896300785
TCN3_dc463846,TCN3,loso_subject_S005,12,0.004247694039469388,,0.04918455839563962,,0.000958664428221286
TCN3_dc463846,TCN3,loso_subject_S005,13,0.0036524377637717604,,0.04445730043708668,,0.000950952935884765
TCN3_dc463846,TCN3,loso_subject_S005,14,0.003377100829759759,,0.042728732330502096,,0.0009426232031827582
TCN3_dc463846,TCN3,loso_subject_S005,15,0.0031356426334142075,,0.04034099347202851,,0.0009336880739593409
TCN3_dc463846,TCN3,loso_subject_S005,16,0.002943368721753359,,0.039725705284510866,,0.0009241613255361449
TCN3_dc463846,TCN3,loso_subject_S005,17,0.0027308387289287795,,0.03807415137315366,,0.0009140576474687258
TCN3_dc463846,TCN3,loso_subject_S005,18,0.0024428610976009848,,0.03639161913519019,,0.0009033926188963346
TCN3_dc463846,TCN3,loso_subject_S005,19,0.0023045222692941745,,0.03562824002915275,,0.0008921826845200134
TCN3_dc463846,TCN3,loso_subject_S005,20,0.0022489415789213756,,0.03478098641254593,,0.000880445129246058
TCN3_dc463846,TCN3,loso_subject_S005,21,0.0019967452789825283,,0.03273015778524477,,0.0008681980515339459
TCN3_dc463846,TCN3,loso_subject_S005,22,0.001844663294699717,,0.031237582372876563,,0.0008554603354898234
TCN3_dc463846,TCN3,loso_subject_S005,23,0.0016512459926720415,,0.02923384566406748,,0.0008422516217485822
TCN3_dc463846,TCN3,loso_subject_S005,24,0.0014896649612215547,,0.02801688885246324,,0.0008285922771894248
TCN3_dc463846,TCN3,loso_subject_S005,25,0.0015982467969625222,,0.028072374575984355,,0.0008145033635316124
TCN3_dc463846,TCN3,loso_subject_S005,26,0.0014605609314681473,,0.027494170112414573,,0.0008000066048588205
TCN3_dc463846,TCN3,loso_subject_S005,27,0.0013544201664547134,,0.02609248648400803,,0.0007851243541221765
TCN3_dc463846,TCN3,loso_subject_S005,28,0.0014239630681373585,,0.026866626764930557,,0.0007698795586736293
TCN3_dc463846,TCN3,loso_subject_S005,29,0.001310379575515236,,0.02508739394488595,,0.0007542957248827956
TCN3_dc463846,TCN3,loso_subject_S005,30,0.0012758362192800427,,0.02533024569572849,,0.0007383968818918422
TCN3_dc463846,TCN3,loso_subject_S005,31,0.0011441075855726218,,0.024270856390634088,,0.00072220754456429
TCN3_dc463846,TCN3,loso_subject_S005,32,0.0011345421268013482,,0.02393496496278678,,0.0007057526756848715
TCN3_dc463846,TCN3,loso_subject_S005,33,0.0010629461496137083,,0.023428484574977447,,0.000689057647468726
TCN3_dc463846,TCN3,loso_subject_S005,34,0.0010615816088345653,,0.02258220020643477,,0.000672148202439283
TCN3_dc463846,TCN3,loso_subject_S005,35,0.0010292507506233129,,0.02268992569996839,,0.0006550504137351571
TCN3_dc463846,TCN3,loso_subject_S005,36,0.0010128893291914626,,0.02243387762825847,,0.0006377906449072574
TCN3_dc463846,TCN3,loso_subject_S005,37,0.0009614807294932775,,0.02192809488306477,,0.0006203955092681036
TCN3_dc463846,TCN3,loso_subject_S005,38,0.0009645854696669575,,0.021930077089689696,,0.0006028918288560267
TCN3_dc463846,TCN3,loso_subject_S005,39,0.0009137445552204656,,0.021227703008279458,,0.00058530659307753
TCN3_dc463846,TCN3,loso_subject_S005,40,0.000894853734465335,,0.020753087487338753,,0.0005676669170915806
TCN3_dc463846,TCN3,loso_subject_S005,41,0.0008716408742604453,,0.02054717990827235,,0.0005499999999999997
TCN3_dc463846,TCN3,loso_subject_S005,42,0.0008028163936596249,,0.019671427358081722,,0.000532333082908419
TCN3_dc463846,TCN3,loso_subject_S005,43,0.0008479237364551034,,0.02070841728725531,,0.0005146934069224697
TCN3_dc463846,TCN3,loso_subject_S005,44,0.0008552688021378102,,0.02019409893951522,,0.000497108171143973
TCN3_dc463846,TCN3,loso_subject_S005,45,0.0008573477616559066,,0.019596047312936685,,0.00047960449073189616
TCN3_dc463846,TCN3,loso_subject_S005,46,0.0007727527209405021,,0.01934354324593072,,0.00046220935509274226
TCN3_dc463846,TCN3,loso_subject_S005,47,0.0007871761506442425,,0.01916038952640706,,0.00044494958626484254
TCN3_dc463846,TCN3,loso_subject_S005,48,0.0007130900723303417,,0.01884454495747138,,0.00042785179756071645
TCN3_dc463846,TCN3,loso_subject_S005,49,0.0007174895570133479,,0.0186035336398936,,0.0004109423525312737
TCN3_dc463846,TCN3,loso_subject_S005,50,0.0006952494117645897,,0.018456799151700103,,0.0003942473243151282
TCN3_dc463846,TCN3,loso_subject_S005,51,0.0006830920210209875,,0.018254860798246623,,0.0003777924554357096
TCN3_dc463846,TCN3,loso_subject_S005,52,0.0006879885293584661,,0.01798708588266332,,0.0003616031181081575
TCN3_dc463846,TCN3,loso_subject_S005,53,0.0007040373618244082,,0.018483334263538743,,0.000345704275117204
TCN3_dc463846,TCN3,loso_subject_S005,54,0.0006747653648263613,,0.017973391419282954,,0.00033012044132637024
TCN3_dc463846,TCN3,loso_subject_S005,55,0.0006401234539225697,,0.017613978976377447,,0.00031487564587782306
TCN3_dc463846,TCN3,loso_subject_S005,56,0.0006441957939498813,,0.017320635857588196,,0.00029999339514117897
TCN3_dc463846,TCN3,loso_subject_S005,57,0.0006401707148878698,,0.01737525093435936,,0.0002854966364683872
TCN3_dc463846,TCN3,loso_subject_S005,58,0.0005927561523643904,,0.016995092151438622,,0.0002714077228105749
TCN3_dc463846,TCN3,loso_subject_S005,59,0.00063863190577553,,0.017165990611188647,,0.00025774837825141746
TCN3_dc463846,TCN3,loso_subject_S005,60,0.0005938548617757882,,0.01692105974658764,,0.0002445396645101764
TCN3_dc463846,TCN3,loso_subject_S005,61,0.0005786122463575211,,0.01659637519981674,,0.0002318019484660537
TCN3_dc463846,TCN3,loso_subject_S005,62,0.0005935067753744575,,0.01639370173724438,,0.00021955487075394156
TCN3_dc463846,TCN3,loso_subject_S005,63,0.0006224030770644317,,0.016733497950811027,,0.0002078173154799862
TCN3_dc463846,TCN3,loso_subject_S005,64,0.0005588359128343698,,0.016382553525040176,,0.00019660738110366478
TCN3_dc463846,TCN3,loso_subject_S005,65,0.0005723925132968752,,0.016351809128864633,,0.00018594235253127373
TCN3_dc463846,TCN3,loso_subject_S005,66,0.0005620161964599386,,0.01599815521427389,,0.00017583867446385477
TCN3_dc463846,TCN3,loso_subject_S005,67,0.000551397584691809,,0.01601394082168467,,0.00016631192604065853
TCN3_dc463846,TCN3,loso_subject_S005,68,0.0005318514221393958,,0.015925624011777367,,0.00015737679681724137
TCN3_dc463846,TCN3,loso_subject_S005,69,0.0005338961081921025,,0.01590069817258331,,0.0001490470641152345
TCN3_dc463846,TCN3,loso_subject_S005,70,0.0005644334088804346,,0.016008119634749945,,0.00014133557177871338
TCN3_dc463846,TCN3,loso_subject_S005,71,0.0005527889419191297,,0.01576786757074932,,0.00013425421036992097
TCN3_dc463846,TCN3,loso_subject_S005,72,0.000577956083693157,,0.015979106855855258,,0.00012781389883488212
TCN3_dc463846,TCN3,loso_subject_S005,73,0.0005444977394743813,,0.015927398630732562,,0.0001220245676671809
TCN3_dc463846,TCN3,loso_subject_S005,74,0.0005181584379686608,,0.015337508676554562,,0.00011689514359585877
TCN3_dc463846,TCN3,loso_subject_S005,75,0.0005418385399478478,,0.015665505733658835,,0.00011243353582104555
TCN3_dc463846,TCN3,loso_subject_S005,76,0.0005445120430236791,,0.015535352700755458,,0.0001086466238185463
TCN3_dc463846,TCN3,loso_subject_S005,77,0.0005403834426896361,,0.01547218909099342,,0.00010554024673218805
TCN3_dc463846,TCN3,loso_subject_S005,78,0.0005525726496810951,,0.015575388822793555,,0.00010311919437028317
TCN3_dc463846,TCN3,loso_subject_S005,79,0.0005101957211708778,,0.015185467422059371,,0.00010138719982009242
TCN3_dc463846,TCN3,loso_subject_S005,80,0.0004950926972890063,,0.015180056081264702,,0.0001003469336916747
TCN3_dc463846,TCN3,loso_subject_S006,1,0.27639151748770024,,0.3873759363447625,,0.001
TCN3_dc463846,TCN3,loso_subject_S006,2,0.04828197107484723,,0.16322689222221679,,0.0009996530663083252
TCN3_dc463846,TCN3,loso_subject_S006,3,0.025115978699122195,,0.119586811708523,,0.0009986128001799074
TCN3_dc463846,TCN3,loso_subject_S006,4,0.016711545064652056,,0.09697090007711345,,0.0009968808056297167
TCN3_dc463846,TCN3,loso_subject_S006,5,0.011688107234115197,,0.08104870447975619,,0.0009944597532678117
TCN3_dc463846,TCN3,loso_subject_S006,6,0.008663086015368523,,0.06922874708344386,,0.0009913533761814533
TCN3_dc463846,TCN3,loso_subject_S006,7,0.007353326070995978,,0.06400304690067306,,0.000987566464178954
TCN3_dc463846,TCN3,loso_subject_S006,8,0.006284914665902479,,0.05913120422651177,,0.0009831048564041408
TCN3_dc463846,TCN3,loso_subject_S006,9,0.005243758745344017,,0.054046056138401334,,0.0009779754323328187
TCN3_dc463846,TCN3,loso_subject_S006,10,0.00473527076519861,,0.05064611155349246,,0.0009721861011651174
TCN3_dc463846,TCN3,loso_subject_S006,11,0.004105152636772579,,0.04643461572424841,,0.0009657457896300785
TCN3_dc463846,TCN3,loso_subject_S006,12,0.0037875094887174,,0.04455708973945485,,0.000958664428221286
TCN3_dc463846,TCN3,loso_subject_S006,13,0.0031350854134690404,,0.04068189901055498,,0.000950952935884765
TCN3_dc463846,TCN3,loso_subject_S006,14,0.0029741678540866805,,0.03956400410830483,,0.0009426232031827582
TCN3_dc463846,TCN3,loso_subject_S006,15,0.0027856897491379757,,0.038072292764552235,,0.0009336880739593409
TCN3_dc463846,TCN3,loso_subject_S006,16,0.0025363579609516437,,0.036621429516523044,,0.0009241613255361449
TCN3_dc463846,TCN3,loso_subject_S006,17,0.0023892953906162803,,0.034884684822693864,,0.0009140576474687258
TCN3_dc463846,TCN3,loso_subject_S006,18,0.002203477491956193,,0.03346826144654202,,0.0009033926188963346
TCN3_dc463846,TCN3,loso_subject_S006,19,0.0020573025444723453,,0.03226702229412662,,0.0008921826845200134
TCN3_dc463846,TCN3,loso_subject_S006,20,0.002074346232645248,,0.03245704058227131,,0.000880445129246058
TCN3_dc463846,TCN3,loso_subject_S006,21,0.002003061006124356,,0.03230746632674786,,0.0008681980515339459
TCN3_dc463846,TCN3,loso_subject_S006,22,0.0018222498486549184,,0.03077004588243199,,0.0008554603354898234
TCN3_dc463846,TCN3,loso_subject_S006,23,0.0015887569441223172,,0.028908552208018752,,0.0008422516217485822
TCN3_dc463846,TCN3,loso_subject_S006,24,0.0016041859381465615,,0.0289063267692486,,0.0008285922771894248
TCN3_dc463846,TCN3,loso_subject_S006,25,0.0014299532624114585,,0.026354912588577466,,0.0008145033635316124
TCN3_dc463846,TCN3,loso_subject_S006,26,0.00138600142551288,,0.02670592728280777,,0.0008000066048588205
TCN3_dc463846,TCN3,loso_subject_S006,27,0.0013873153618490493,,0.02640146902307293,,0.0007851243541221765
TCN3_dc463846,TCN3,loso_subject_S006,28,0.0013342122544255815,,0.025675431914634925,,0.0007698795586736293
TCN3_dc463846,TCN3,loso_subject_S006,29,0.0013240106974650666,,0.026283596461335844,,0.0007542957248827956
TCN3_dc463846,TCN3,loso_subject_S006,30,0.0011719296821855508,,0.02429769776026552,,0.0007383968818918422
TCN3_dc463846,TCN3,loso_subject_S006,31,0.0010934464526843588,,0.02343126421801055,,0.00072220754456429
TCN3_dc463846,TCN3,loso_subject_S006,32,0.001130285700103692,,0.023834040202876397,,0.0007057526756848715
TCN3_dc463846,TCN3,loso_subject_S006,33,0.0010846534153032975,,0.0229867253930645,,0.000689057647468726
TCN3_dc463846,TCN3,loso_subject_S006,34,0.0011968390537136738,,0.024569997527700806,,0.000672148202439283
TCN3_dc463846,TCN3,loso_subject_S006,35,0.000998173609837006,,0.022123747601114515,,0.0006550504137351571
TCN3_dc463846,TCN3,loso_subject_S006,36,0.0009422442672123714,,0.021661565396645918,,0.0006377906449072574
TCN3_dc463846,TCN3,loso_subject_S006,37,0.000960414812164839,,0.0216344773931615,,0.0006203955092681036
TCN3_dc463846,TCN3,loso_subject_S006,38,0.0009055372751362472,,0.02085977261784603,,0.0006028918288560267
TCN3_dc463846,TCN3,loso_subject_S006,39,0.0008721440532616534,,0.020678630427474906,,0.00058530659307753
TCN3_dc463846,TCN3,loso_subject_S006,40,0.0008398066551553,,0.020120463044886856,,0.0005676669170915806
TCN3_dc463846,TCN3,loso_subject_S006,41,0.0008126363658569925,,0.020167308727710092,,0.0005499999999999997
TCN3_dc463846,TCN3,loso_subject_S006,42,0.0008156189302622249,,0.0196946589936816,,0.000532333082908419
TCN3_dc463846,TCN3,loso_subject_S006,43,0.0008074130649171113,,0.019877736004704258,,0.0005146934069224697
TCN3_dc463846,TCN3,loso_subject_S006,44,0.0007494120884804084,,0.018891954275861465,,0.000497108171143973
TCN3_dc463846,TCN3,loso_subject_S006,45,0.0007635415049767719,,0.019505792836059795,,0.00047960449073189616
TCN3_dc463846,TCN3,loso_subject_S006,46,0.0006968919870874429,,0.018352151727620346,,0.00046220935509274226
TCN3_dc463846,TCN3,loso_subject_S006,47,0.0007705821138178282,,0.019226431295998377,,0.00044494958626484254
TCN3_dc463846,TCN3,loso_subject_S006,48,0.0007740187514616353,,0.01923301311456225,,0.00042785179756071645
TCN3_dc463846,TCN3,loso_subject_S006,49,0.0007196227298279489,,0.018292784494821367,,0.0004109423525312737
TCN3_dc463846,TCN3,loso_subject_S006,50,0.0006975406377341387,,0.018191034470831393,,0.0003942473243151282
TCN3_dc463846,TCN3,loso_subject_S006,51,0.0007117935878249867,,0.01836241526558076,,0.0003777924554357096
TCN3_dc463846,TCN3,loso_subject_S006,52,0.0006575342922035761,,0.018096995379570508,,0.0003616031181081575
TCN3_dc463846,TCN3,loso_subject_S006,53,0.0006586164685444927,,0.017646017081541458,,0.000345704275117204
TCN3_dc463846,TCN3,loso_subject_S006,54,0.0006914173585169308,,0.018443620193741062,,0.00033012044132637024
TCN3_dc463846,TCN3,loso_subject_S006,55,0.0006607762595969866,,0.017647825017404296,,0.00031487564587782306
TCN3_dc463846,TCN3,loso_subject_S006,56,0.0006249908007133976,,0.017280229666285372,,0.00029999339514117897
TCN3_dc463846,TCN3,loso_subject_S006,57,0.0006283448690426247,,0.017349786528563466,,0.0002854966364683872
TCN3_dc463846,TCN3,loso_subject_S006,58,0.0006015852095386556,,0.016740541629854583,,0.0002714077228105749
TCN3_dc463846,TCN3,loso_subject_S006,59,0.0006353082527659701,,0.01721131779727901,,0.00025774837825141746
TCN3_dc463846,TCN3,loso_subject_S006,60,0.0005898665881361437,,0.016527997390977014,,0.0002445396645101764
TCN3_dc463846,TCN3,loso_subject_S006,61,0.0006086370931613818,,0.01681825376405491,,0.0002318019484660537
TCN3_dc463846,TCN3,loso_subject_S006,62,0.0005923255357527364,,0.016534020636612946,,0.00021955487075394156
TCN3_dc463846,TCN3,loso_subject_S006,63,0.0005492485121698483,,0.01610803483124713,,0.0002078173154799862
TCN3_dc463846,TCN3,loso_subject_S006,64,0.0005481735073737936,,0.01626830107859065,,0.00019660738110366478
TCN3_dc463846,TCN3,loso_subject_S006,65,0.0005457953477752463,,0.016136328918359748,,0.00018594235253127373
TCN3_dc463846,TCN3,loso_subject_S006,66,0.0005466211987788387,,0.01592918618080424,,0.00017583867446385477
TCN3_dc463846,TCN3,loso_subject_S006,67,0.0005629285433144054,,0.01613372326307724,,0.00016631192604065853
TCN3_dc463846,TCN3,loso_subject_S006,68,0.0005365098359620033,,0.0160190089811924,,0.00015737679681724137
TCN3_dc463846,TCN3,loso_subject_S006,69,0.0005551637328081282,,0.015968008032938172,,0.0001490470641152345
TCN3_dc463846,TCN3,loso_subject_S006,70,0.0005102292458829139,,0.015645513413655252,,0.00014133557177871338
TCN3_dc463846,TCN3,loso_subject_S006,71,0.000488907457330101,,0.015264103543388198,,0.00013425421036992097
TCN3_dc463846,TCN3,loso_subject_S006,72,0.0005292317921860209,,0.015421534169444409,,0.00012781389883488212
TCN3_dc463846,TCN3,loso_subject_S006,73,0.0005197979562296107,,0.015126144454492787,,0.0001220245676671809
TCN3_dc463846,TCN3,loso_subject_S006,74,0.0005071265882324963,,0.015189410651275345,,0.00011689514359585877
TCN3_dc463846,TCN3,loso_subject_S006,75,0.0005290852624846021,,0.015600068071879832,,0.00011243353582104555
TCN3_dc463846,TCN3,loso_subject_S006,76,0.0005162033926079056,,0.015356872694124998,,0.0001086466238185463
TCN3_dc463846,TCN3,loso_subject_S006,77,0.0005085588190175703,,0.015309634225160936,,0.00010554024673218805
TCN3_dc463846,TCN3,loso_subject_S006,78,0.0005260914899359655,,0.015315857394811973,,0.00010311919437028317
TCN3_dc463846,TCN3,loso_subject_S006,79,0.0004936725679676395,,0.015112357589879255,,0.00010138719982009242
TCN3_dc463846,TCN3,loso_subject_S006,80,0.0005018149845714456,,0.015050766842715696,,0.0001003469336916747
TCN3_dc463846,TCN3,loso_subject_S008,1,0.27021059848018075,,0.3786515805853036,,0.001
TCN3_dc463846,TCN3,loso_subject_S008,2,0.05168250982706946,,0.1643930286030987,,0.0009996530663083252
TCN3_dc463846,TCN3,loso_subject_S008,3,0.027513704322460943,,0.11954976176481859,,0.0009986128001799074
TCN3_dc463846,TCN3,loso_subject_S008,4,0.01873894497964218,,0.09967524372904132,,0.0009968808056297167
TCN3_dc463846,TCN3,loso_subject_S008,5,0.012798661817281867,,0.08399956323783339,,0.0009944597532678117
TCN3_dc463846,TCN3,loso_subject_S008,6,0.010511063163191534,,0.07613523760077023,,0.0009913533761814533
TCN3_dc463846,TCN3,loso_subject_S008,7,0.008385693836244702,,0.06735590872466367,,0.000987566464178954
TCN3_dc463846,TCN3,loso_subject_S008,8,0.006408790813069877,,0.05934026324782523,,0.0009831048564041408
TCN3_dc463846,TCN3,loso_subject_S008,9,0.005560285187804668,,0.054532830811134636,,0.0009779754323328187
TCN3_dc463846,TCN3,loso_subject_S008,10,0.0050091602519637774,,0.052498508651551624,,0.0009721861011651174
TCN3_dc463846,TCN3,loso_subject_S008,11,0.004409857595389959,,0.04892974746278546,,0.0009657457896300785
TCN3_dc463846,TCN3,loso_subject_S008,12,0.0041421759010105835,,0.04726827487319925,,0.000958664428221286
TCN3_dc463846,TCN3,loso_subject_S008,13,0.003402675284272458,,0.04298544624077019,,0.000950952935884765
TCN3_dc463846,TCN3,loso_subject_S008,14,0.0030416036597135632,,0.04021428307379065,,0.0009426232031827582
TCN3_dc463846,TCN3,loso_subject_S008,15,0.0029430712645960953,,0.039495362256099495,,0.0009336880739593409
TCN3_dc463846,TCN3,loso_subject_S008,16,0.0029089585348654324,,0.039411036274257204,,0.0009241613255361449
TCN3_dc463846,TCN3,loso_subject_S008,17,0.002446391591004051,,0.03623502286216386,,0.0009140576474687258
TCN3_dc463846,TCN3,loso_subject_S008,18,0.0023345059050619357,,0.034806769736934626,,0.0009033926188963346
TCN3_dc463846,TCN3,loso_subject_S008,19,0.0021468327738360694,,0.03405350673891984,,0.0008921826845200134
TCN3_dc463846,TCN3,loso_subject_S008,20,0.0019976705253249975,,0.03312344716468605,,0.000880445129246058
TCN3_dc463846,TCN3,loso_subject_S008,21,0.001936512284796293,,0.03181508668925808,,0.0008681980515339459
TCN3_dc463846,TCN3,loso_subject_S008,22,0.0019032205016617889,,0.031523174818908435,,0.0008554603354898234
TCN3_dc463846,TCN3,loso_subject_S008,23,0.0018892101090602345,,0.03185179037819194,,0.0008422516217485822
TCN3_dc463846,TCN3,loso_subject_S008,24,0.001695654565939331,,0.029820098984841083,,0.0008285922771894248
TCN3_dc463846,TCN3,loso_subject_S008,25,0.0016545982354010556,,0.029893228864330556,,0.0008145033635316124
TCN3_dc463846,TCN3,loso_subject_S008,26,0.0014532409383160938,,0.027687874654077443,,0.0008000066048588205
TCN3_dc463846,TCN3,loso_subject_S008,27,0.0013396656700033352,,0.026386844497211005,,0.0007851243541221765
TCN3_dc463846,TCN3,loso_subject_S008,28,0.001375700649778401,,0.026413170600459127,,0.0007698795586736293
TCN3_dc463846,TCN3,loso_subject_S008,29,0.0013184265108300776,,0.026149701066980845,,0.0007542957248827956
TCN3_dc463846,TCN3,loso_subject_S008,30,0.0012765329185235952,,0.025530115004153066,,0.0007383968818918422
TCN3_dc463846,TCN3,loso_subject_S008,31,0.0012392412081717074,,0.025852020432979045,,0.00072220754456429
TCN3_dc463846,TCN3,loso_subject_S008,32,0.0012179715510348041,,0.02463382563888435,,0.0007057526756848715
TCN3_dc463846,TCN3,loso_subject_S008,33,0.0011302385143911026,,0.02425447897769851,,0.000689057647468726
TCN3_dc463846,TCN3,loso_subject_S008,34,0.001076707803167484,,0.023872594449553246,,0.000672148202439283
TCN3_dc463846,TCN3,loso_subject_S008,35,0.0010980788908324381,,0.023493063306370607,,0.0006550504137351571
TCN3_dc463846,TCN3,loso_subject_S008,36,0.000951457809204449,,0.022157526966418595,,0.0006377906449072574
TCN3_dc463846,TCN3,loso_subject_S008,37,0.0009351651255758806,,0.021958697355499653,,0.0006203955092681036
TCN3_dc463846,TCN3,loso_subject_S008,38,0.0010389298726479425,,0.02263833373084832,,0.0006028918288560267
TCN3_dc463846,TCN3,loso_subject_S008,39,0.0009328981645052117,,0.02178011741797353,,0.00058530659307753
TCN3_dc463846,TCN3,loso_subject_S008,40,0.0009367210281400157,,0.022110433630216288,,0.0005676669170915806
TCN3_dc463846,TCN3,loso_subject_S008,41,0.0009244152568271451,,0.0214673297616581,,0.0005499999999999997
TCN3_dc463846,TCN3,loso_subject_S008,42,0.000835337654612268,,0.020609728390416273,,0.000532333082908419
TCN3_dc463846,TCN3,loso_subject_S008,43,0.0008708281859876939,,0.02072409059406116,,0.0005146934069224697
TCN3_dc463846,TCN3,loso_subject_S008,44,0.0008305738920676888,,0.02013472435979911,,0.000497108171143973
TCN3_dc463846,TCN3,loso_subject_S008,45,0.0007958465471831696,,0.020133799250150738,,0.00047960449073189616
TCN3_dc463846,TCN3,loso_subject_S008,46,0.0007868025356824778,,0.01974479703776277,,0.00046220935509274226
TCN3_dc463846,TCN3,loso_subject_S008,47,0.0007931746589913619,,0.01967497144638999,,0.00044494958626484254
TCN3_dc463846,TCN3,loso_subject_S008,48,0.0008071272347053398,,0.020318758232650933,,0.00042785179756071645
TCN3_dc463846,TCN3,loso_subject_S008,49,0.0007148726767908737,,0.01907121916600484,,0.0004109423525312737
TCN3_dc463846,TCN3,loso_subject_S008,50,0.0007020134940423862,,0.01864212205846782,,0.0003942473243151282
TCN3_dc463846,TCN3,loso_subject_S008,51,0.0006892948814274522,,0.018287671462421305,,0.0003777924554357096
TCN3_dc463846,TCN3,loso_subject_S008,52,0.0006949573459102471,,0.018579103670210574,,0.0003616031181081575
TCN3_dc463846,TCN3,loso_subject_S008,53,0.0006995196574032282,,0.01841513264473111,,0.000345704275117204
TCN3_dc463846,TCN3,loso_subject_S008,54,0.0006632800937254564,,0.017944421502684497,,0.00033012044132637024
TCN3_dc463846,TCN3,loso_subject_S008,55,0.000701426500696467,,0.017890384815224033,,0.00031487564587782306
TCN3_dc463846,TCN3,loso_subject_S008,56,0.000652315597112915,,0.01776931344634409,,0.00029999339514117897
TCN3_dc463846,TCN3,loso_subject_S008,57,0.0006458622110651777,,0.01750555020047587,,0.0002854966364683872
TCN3_dc463846,TCN3,loso_subject_S008,58,0.000661205604336823,,0.01779121166424275,,0.0002714077228105749
TCN3_dc463846,TCN3,loso_subject_S008,59,0.0006081975717898791,,0.017385248656919032,,0.00025774837825141746
TCN3_dc463846,TCN3,loso_subject_S008,60,0.0006192650921870218,,0.017284589892957166,,0.0002445396645101764
TCN3_dc463846,TCN3,loso_subject_S008,61,0.0005918938653792601,,0.016712285048179797,,0.0002318019484660537
TCN3_dc463846,TCN3,loso_subject_S008,62,0.0005952511053633446,,0.016613605005073674,,0.00021955487075394156
TCN3_dc463846,TCN3,loso_subject_S008,63,0.0006100240494106101,,0.016857697836152374,,0.0002078173154799862
TCN3_dc463846,TCN3,loso_subject_S008,64,0.000560890316713107,,0.016833119803187784,,0.00019660738110366478
TCN3_dc463846,TCN3,loso_subject_S008,65,0.0005880334816679227,,0.016874670221770464,,0.00018594235253127373
TCN3_dc463846,TCN3,loso_subject_S008,66,0.0006136496296392238,,0.016558255032592464,,0.00017583867446385477
TCN3_dc463846,TCN3,loso_subject_S008,67,0.0005698512315002475,,0.01672776261545486,,0.00016631192604065853
TCN3_dc463846,TCN3,loso_subject_S008,68,0.000543873488852504,,0.016225289873911954,,0.00015737679681724137
TCN3_dc463846,TCN3,loso_subject_S008,69,0.0005629429386661793,,0.016226792598326895,,0.0001490470641152345
TCN3_dc463846,TCN3,loso_subject_S008,70,0.0005491203039084529,,0.01615682147408778,,0.00014133557177871338
TCN3_dc463846,TCN3,loso_subject_S008,71,0.000535418730279835,,0.016102975722547794,,0.00013425421036992097
TCN3_dc463846,TCN3,loso_subject_S008,72,0.0005294592472909371,,0.01577330586666267,,0.00012781389883488212
TCN3_dc463846,TCN3,loso_subject_S008,73,0.0005069921721483878,,0.01547028369706033,,0.0001220245676671809
TCN3_dc463846,TCN3,loso_subject_S008,74,0.0005720102284929556,,0.016177155603213984,,0.00011689514359585877
TCN3_dc463846,TCN3,loso_subject_S008,75,0.0005307122801692785,,0.015954173868367956,,0.00011243353582104555
TCN3_dc463846,TCN3,loso_subject_S008,76,0.0005225050585733666,,0.015837732170573493,,0.0001086466238185463
TCN3_dc463846,TCN3,loso_subject_S008,77,0.0005283370407243197,,0.015736353438788892,,0.00010554024673218805
TCN3_dc463846,TCN3,loso_subject_S008,78,0.0004976850593478611,,0.015466542224184636,,0.00010311919437028317
TCN3_dc463846,TCN3,loso_subject_S008,79,0.0005276370728477801,,0.015518260852838691,,0.00010138719982009242
TCN3_dc463846,TCN3,loso_subject_S008,80,0.000499099067140039,,0.015513696649847126,,0.0001003469336916747
TCN3_dc463846,TCN3,loso_subject_S009,1,0.28356097130612895,,0.3902212245897813,,0.001
TCN3_dc463846,TCN3,loso_subject_S009,2,0.05590337282046676,,0.17554051107303661,,0.0009996530663083252
TCN3_dc463846,TCN3,loso_subject_S009,3,0.029479851565239103,,0.12690305151045322,,0.0009986128001799074
TCN3_dc463846,TCN3,loso_subject_S009,4,0.01939013629982417,,0.10362676107747988,,0.0009968808056297167
TCN3_dc463846,TCN3,loso_subject_S009,5,0.013777877447534014,,0.08702827922322533,,0.0009944597532678117
TCN3_dc463846,TCN3,loso_subject_S009,6,0.010365317109972239,,0.0754019281911579,,0.0009913533761814533
TCN3_dc463846,TCN3,loso_subject_S009,7,0.008105884782377292,,0.06840183772146702,,0.000987566464178954
TCN3_dc463846,TCN3,loso_subject_S009,8,0.006661131925118918,,0.06049479374831373,,0.0009831048564041408
TCN3_dc463846,TCN3,loso_subject_S009,9,0.00633832122283903,,0.05918759767982093,,0.0009779754323328187
TCN3_dc463846,TCN3,loso_subject_S009,10,0.0052057836173017595,,0.052957987328144634,,0.0009721861011651174
TCN3_dc463846,TCN3,loso_subject_S009,11,0.004722071673975072,,0.049935098737478256,,0.0009657457896300785
TCN3_dc463846,TCN3,loso_subject_S009,12,0.0038805675364776766,,0.046606874516741795,,0.000958664428221286
TCN3_dc463846,TCN3,loso_subject_S009,13,0.003606130705024539,,0.04382181345400485,,0.000950952935884765
TCN3_dc463846,TCN3,loso_subject_S009,14,0.003166958496546034,,0.04121517356146465,,0.0009426232031827582
TCN3_dc463846,TCN3,loso_subject_S009,15,0.003129076008917764,,0.04071953443979675,,0.0009336880739593409
TCN3_dc463846,TCN3,loso_subject_S009,16,0.002915609704690393,,0.03852661834521727,,0.0009241613255361449
TCN3_dc463846,TCN3,loso_subject_S009,17,0.002691708182365718,,0.03714375219053843,,0.0009140576474687258
TCN3_dc463846,TCN3,loso_subject_S009,18,0.00241591108285568,,0.03530021185394038,,0.0009033926188963346
TCN3_dc463846,TCN3,loso_subject_S009,19,0.002013356797926297,,0.03262204033407298,,0.0008921826845200134
TCN3_dc463846,TCN3,loso_subject_S009,20,0.002010783307592977,,0.03183586163107644,,0.000880445129246058
TCN3_dc463846,TCN3,loso_subject_S009,21,0.002150341249282726,,0.03246776488694278,,0.0008681980515339459
TCN3_dc463846,TCN3,loso_subject_S009,22,0.0019957600928716024,,0.03120646405626427,,0.0008554603354898234
TCN3_dc463846,TCN3,loso_subject_S009,23,0.0017524293983693826,,0.029451186176050793,,0.0008422516217485822
TCN3_dc463846,TCN3,loso_subject_S009,24,0.0017118817142380233,,0.0295473804528063,,0.0008285922771894248
TCN3_dc463846,TCN3,loso_subject_S009,25,0.001724056035692973,,0.029230985409495504,,0.0008145033635316124
TCN3_dc463846,TCN3,loso_subject_S009,26,0.00154007504302585,,0.02778526878153736,,0.0008000066048588205
TCN3_dc463846,TCN3,loso_subject_S009,27,0.0014196044926806776,,0.027020960284227676,,0.0007851243541221765
TCN3_dc463846,TCN3,loso_subject_S009,28,0.0014516035616080362,,0.027387657414444468,,0.0007698795586736293
TCN3_dc463846,TCN3,loso_subject_S009,29,0.0014644327761330219,,0.02588947917419401,,0.0007542957248827956
TCN3_dc463846,TCN3,loso_subject_S009,30,0.0012952100197170776,,0.025803977496583353,,0.0007383968818918422
TCN3_dc463846,TCN3,loso_subject_S009,31,0.0012797862926328723,,0.025005592879923908,,0.00072220754456429
TCN3_dc463846,TCN3,loso_subject_S009,32,0.001204047321648845,,0.02418018056249077,,0.0007057526756848715
TCN3_dc463846,TCN3,loso_subject_S009,33,0.0011626830528257415,,0.024159275630319662,,0.000689057647468726
TCN3_dc463846,TCN3,loso_subject_S009,34,0.0011942525452468544,,0.02397733490744775,,0.000672148202439283
TCN3_dc463846,TCN3,loso_subject_S009,35,0.0011548711666943166,,0.023867951579053293,,0.0006550504137351571
TCN3_dc463846,TCN3,loso_subject_S009,36,0.0010795075425200841,,0.02311676372350617,,0.0006377906449072574
TCN3_dc463846,TCN3,loso_subject_S009,37,0.0010564767918284897,,0.022127353162928062,,0.0006203955092681036
TCN3_dc463846,TCN3,loso_subject_S009,38,0.0009506148304684426,,0.022011689672415905,,0.0006028918288560267
TCN3_dc463846,TCN3,loso_subject_S009,39,0.0009280616815720515,,0.021883783607997677,,0.00058530659307753
TCN3_dc463846,TCN3,loso_subject_S009,40,0.0009662890833252194,,0.021887187253345142,,0.0005676669170915806
TCN3_dc463846,TCN3,loso_subject_S009,41,0.0009049028912241655,,0.021316788836636326,,0.0005499999999999997
TCN3_dc463846,TCN3,loso_subject_S009,42,0.0008490176035345278,,0.02080396736379374,,0.000532333082908419
TCN3_dc463846,TCN3,loso_subject_S009,43,0.00092452680043855,,0.02081991152160547,,0.0005146934069224697
TCN3_dc463846,TCN3,loso_subject_S009,44,0.0008637712770988318,,0.020829704801805994,,0.000497108171143973
TCN3_dc463846,TCN3,loso_subject_S009,45,0.0008394722925996492,,0.019635466668246823,,0.00047960449073189616
TCN3_dc463846,TCN3,loso_subject_S009,46,0.0009619756052746776,,0.02110468177124858,,0.00046220935509274226
TCN3_dc463846,TCN3,loso_subject_S009,47,0.0008521443067531271,,0.02020058319480582,,0.00044494958626484254
TCN3_dc463846,TCN3,loso_subject_S009,48,0.0007882347325159407,,0.01929038117470389,,0.00042785179756071645
TCN3_dc463846,TCN3,loso_subject_S009,49,0.0008062328872090967,,0.01950542311268774,,0.0004109423525312737
TCN3_dc463846,TCN3,loso_subject_S009,50,0.0008455874022646723,,0.019842877095057207,,0.0003942473243151282
TCN3_dc463846,TCN3,loso_subject_S009,51,0.0007339087248758667,,0.018724727211520076,,0.0003777924554357096
TCN3_dc463846,TCN3,loso_subject_S009,52,0.0007565194623153234,,0.018627886025404387,,0.0003616031181081575
TCN3_dc463846,TCN3,loso_subject_S009,53,0.0007098567829499106,,0.018477815796028484,,0.000345704275117204
TCN3_dc463846,TCN3,loso_subject_S009,54,0.0006944270803201521,,0.01831597760743038,,0.00033012044132637024
TCN3_dc463846,TCN3,loso_subject_S009,55,0.0007048440093058161,,0.018024758837947793,,0.00031487564587782306
TCN3_dc463846,TCN3,loso_subject_S009,56,0.0006897574567119591,,0.017960673303936015,,0.00029999339514117897
TCN3_dc463846,TCN3,loso_subject_S009,57,0.0006839478473094376,,0.017832997741855004,,0.0002854966364683872
TCN3_dc463846,TCN3,loso_subject_S009,58,0.0006688414339970967,,0.01787610292773355,,0.0002714077228105749
TCN3_dc463846,TCN3,loso_subject_S009,59,0.0006728723952123387,,0.017922987526451998,,0.00025774837825141746
TCN3_dc463846,TCN3,loso_subject_S009,60,0.0006644608246543529,,0.017624009760435332,,0.0002445396645101764
TCN3_dc463846,TCN3,loso_subject_S009,61,0.0006997688363877718,,0.017528724200515586,,0.0002318019484660537
TCN3_dc463846,TCN3,loso_subject_S009,62,0.0006479553419260562,,0.017525789539583704,,0.00021955487075394156
TCN3_dc463846,TCN3,loso_subject_S009,63,0.0006799908832445825,,0.018087949307466097,,0.0002078173154799862
TCN3_dc463846,TCN3,loso_subject_S009,64,0.000650061751498883,,0.01716181709939106,,0.00019660738110366478
TCN3_dc463846,TCN3,loso_subject_S009,65,0.000609236323891144,,0.01674061710946262,,0.00018594235253127373
TCN3_dc463846,TCN3,loso_subject_S009,66,0.0006332736408115703,,0.01688428328965198,,0.00017583867446385477
TCN3_dc463846,TCN3,loso_subject_S009,67,0.0005743966232165059,,0.016522516919807953,,0.00016631192604065853
TCN3_dc463846,TCN3,loso_subject_S009,68,0.0006477238321994347,,0.01675590364770456,,0.00015737679681724137
TCN3_dc463846,TCN3,loso_subject_S009,69,0.0005971276649771343,,0.016820925584232264,,0.0001490470641152345
TCN3_dc463846,TCN3,loso_subject_S009,70,0.0006209606911976483,,0.01653121051971208,,0.00014133557177871338
TCN3_dc463846,TCN3,loso_subject_S009,71,0.0005923340762489137,,0.016467725731093775,,0.00013425421036992097
TCN3_dc463846,TCN3,loso_subject_S009,72,0.0005997214532478458,,0.01641574561257254,,0.00012781389883488212
TCN3_dc463846,TCN3,loso_subject_S009,73,0.0005605417549800636,,0.01643471074798568,,0.0001220245676671809
TCN3_dc463846,TCN3,loso_subject_S009,74,0.0005402789776615629,,0.015983366703783922,,0.00011689514359585877
TCN3_dc463846,TCN3,loso_subject_S009,75,0.0005721728448406793,,0.016033639983189376,,0.00011243353582104555
TCN3_dc463846,TCN3,loso_subject_S009,76,0.0005564164305476218,,0.016115638660266995,,0.0001086466238185463
TCN3_dc463846,TCN3,loso_subject_S009,77,0.0005681448158363557,,0.015947105998004026,,0.00010554024673218805
TCN3_dc463846,TCN3,loso_subject_S009,78,0.0005558952765237667,,0.01583343803543936,,0.00010311919437028317
TCN3_dc463846,TCN3,loso_subject_S009,79,0.0006030486487857574,,0.01623415826311843,,0.00010138719982009242
TCN3_dc463846,TCN3,loso_subject_S009,80,0.000556945784575708,,0.01596547697078098,,0.0001003469336916747
TCN3_dc463846,TCN3,loso_subject_S010,1,0.20839325192829836,,0.3288087573785434,,0.001
TCN3_dc463846,TCN3,loso_subject_S010,2,0.046288280628966415,,0.16119358683368099,,0.0009996530663083252
TCN3_dc463846,TCN3,loso_subject_S010,3,0.02616444057138404,,0.12029545483549046,,0.0009986128001799074
TCN3_dc463846,TCN3,loso_subject_S010,4,0.017334676466537392,,0.09823492177739886,,0.0009968808056297167
TCN3_dc463846,TCN3,loso_subject_S010,5,0.012467444128504476,,0.08315800611049898,,0.0009944597532678117
TCN3_dc463846,TCN3,loso_subject_S010,6,0.009174783559983694,,0.07051112742109687,,0.0009913533761814533
TCN3_dc463846,TCN3,loso_subject_S010,7,0.007307058155829241,,0.06334487050458225,,0.000987566464178954
TCN3_dc463846,TCN3,loso_subject_S010,8,0.006377261584601136,,0.05905682335478393,,0.0009831048564041408
TCN3_dc463846,TCN3,loso_subject_S010,9,0.0055319494045330386,,0.05529099595203975,,0.0009779754323328187
TCN3_dc463846,TCN3,loso_subject_S010,10,0.004759644821735535,,0.050559412395427474,,0.0009721861011651174
TCN3_dc463846,TCN3,loso_subject_S010,11,0.004282060605349727,,0.04855430206129795,,0.0009657457896300785
TCN3_dc463846,TCN3,loso_subject_S010,12,0.0040016892198917325,,0.04595811210499572,,0.000958664428221286
TCN3_dc463846,TCN3,loso_subject_S010,13,0.003609395611425143,,0.043926672145285416,,0.000950952935884765
TCN3_dc463846,TCN3,loso_subject_S010,14,0.0031418511591757665,,0.040721207831007904,,0.0009426232031827582
TCN3_dc463846,TCN3,loso_subject_S010,15,0.002978589015112874,,0.03933466447394493,,0.0009336880739593409
TCN3_dc463846,TCN3,loso_subject_S010,16,0.0027774516388585826,,0.03837343102104199,,0.0009241613255361449
TCN3_dc463846,TCN3,loso_subject_S010,17,0.0025301655930131256,,0.03608164814565994,,0.0009140576474687258
TCN3_dc463846,TCN3,loso_subject_S010,18,0.0023572875022219407,,0.03491346585090164,,0.0009033926188963346
TCN3_dc463846,TCN3,loso_subject_S010,19,0.002176306878091169,,0.033542177487075914,,0.0008921826845200134
TCN3_dc463846,TCN3,loso_subject_S010,20,0.002116887392293333,,0.03275994778849801,,0.000880445129246058
TCN3_dc463846,TCN3,loso_subject_S010,21,0.0017908582268583199,,0.030700162011309727,,0.0008681980515339459
TCN3_dc463846,TCN3,loso_subject_S010,22,0.0018239390636633605,,0.030927524169146764,,0.0008554603354898234
TCN3_dc463846,TCN3,loso_subject_S010,23,0.0017962855654918859,,0.030448929886078935,,0.0008422516217485822
TCN3_dc463846,TCN3,loso_subject_S010,24,0.0016403314642814545,,0.0288690333561593,,0.0008285922771894248
TCN3_dc463846,TCN3,loso_subject_S010,25,0.0014838892702002805,,0.027753204070710868,,0.0008145033635316124
TCN3_dc463846,TCN3,loso_subject_S010,26,0.0015269497685071714,,0.027883259237314172,,0.0008000066048588205
TCN3_dc463846,TCN3,loso_subject_S010,27,0.0014873390562106107,,0.026882534384267694,,0.0007851243541221765
TCN3_dc463846,TCN3,loso_subject_S010,28,0.0012883072381651064,,0.025704315094196278,,0.0007698795586736293
TCN3_dc463846,TCN3,loso_subject_S010,29,0.0013145678622783965,,0.025924258989505313,,0.0007542957248827956
TCN3_dc463846,TCN3,loso_subject_S010,30,0.00134300592199992,,0.026222546369380737,,0.0007383968818918422
TCN3_dc463846,TCN3,loso_subject_S010,31,0.0012564111001682461,,0.02514771430336493,,0.00072220754456429
TCN3_dc463846,TCN3,loso_subject_S010,32,0.001199613023238442,,0.024348207800368272,,0.0007057526756848715
TCN3_dc463846,TCN3,loso_subject_S010,33,0.0012072265845511846,,0.023715586481200528,,0.000689057647468726
TCN3_dc463846,TCN3,loso_subject_S010,34,0.0010513340361053215,,0.023105115228728358,,0.000672148202439283
TCN3_dc463846,TCN3,loso_subject_S010,35,0.0010261899930605245,,0.02274997292548878,,0.0006550504137351571
TCN3_dc463846,TCN3,loso_subject_S010,36,0.0009551672140844323,,0.022099288637641434,,0.0006377906449072574
TCN3_dc463846,TCN3,loso_subject_S010,37,0.0009400961598313478,,0.02149771084959343,,0.0006203955092681036
TCN3_dc463846,TCN3,loso_subject_S010,38,0.0009224562036124324,,0.02129138139864171,,0.0006028918288560267
TCN3_dc463846,TCN3,loso_subject_S010,39,0.0009670539288539936,,0.02202678052512576,,0.00058530659307753
TCN3_dc463846,TCN3,loso_subject_S010,40,0.0009531599695945804,,0.021728071730275644,,0.0005676669170915806
TCN3_dc463846,TCN3,loso_subject_S010,41,0.0009593998301914027,,0.021871291414467517,,0.0005499999999999997
TCN3_dc463846,TCN3,loso_subject_S010,42,0.0008327816953447609,,0.020404267878510674,,0.000532333082908419
TCN3_dc463846,TCN3,loso_subject_S010,43,0.0008160739351419254,,0.02007444963632426,,0.0005146934069224697
TCN3_dc463846,TCN3,loso_subject_S010,44,0.0008660259853844722,,0.02050788868558273,,0.000497108171143973
TCN3_dc463846,TCN3,loso_subject_S010,45,0.0007811441026800436,,0.01947307820218977,,0.00047960449073189616
TCN3_dc463846,TCN3,loso_subject_S010,46,0.0008358957885495461,,0.019964984055153952,,0.00046220935509274226
TCN3_dc463846,TCN3,loso_subject_S010,47,0.0008212062220812774,,0.01994257012766173,,0.00044494958626484254
TCN3_dc463846,TCN3,loso_subject_S010,48,0.0007461030424806337,,0.019104268644814907,,0.00042785179756071645
TCN3_dc463846,TCN3,loso_subject_S010,49,0.0007812523846037759,,0.019026555604240002,,0.0004109423525312737
TCN3_dc463846,TCN3,loso_subject_S010,50,0.0007273205456377476,,0.01875155710133229,,0.0003942473243151282
TCN3_dc463846,TCN3,loso_subject_S010,51,0.0006905564845903407,,0.018336555587459582,,0.0003777924554357096
TCN3_dc463846,TCN3,loso_subject_S010,52,0.0006772749365808972,,0.018421673528108154,,0.0003616031181081575
TCN3_dc463846,TCN3,loso_subject_S010,53,0.0006698098741546874,,0.017963176501750278,,0.000345704275117204
TCN3_dc463846,TCN3,loso_subject_S010,54,0.0006814935874209582,,0.018105460607758913,,0.00033012044132637024
TCN3_dc463846,TCN3,loso_subject_S010,55,0.0006611406580096981,,0.017751321081610247,,0.00031487564587782306
TCN3_dc463846,TCN3,loso_subject_S010,56,0.0006723070973047116,,0.017742313695405344,,0.00029999339514117897
TCN3_dc463846,TCN3,loso_subject_S010,57,0.0006202848260467258,,0.017409772038731466,,0.0002854966364683872
TCN3_dc463846,TCN3,loso_subject_S010,58,0.0006561025245742792,,0.017486151980515702,,0.0002714077228105749
TCN3_dc463846,TCN3,loso_subject_S010,59,0.0006598647462457502,,0.017621505780858714,,0.00025774837825141746
TCN3_dc463846,TCN3,loso_subject_S010,60,0.0006095903831224518,,0.01701538509272593,,0.0002445396645101764
TCN3_dc463846,TCN3,loso_subject_S010,61,0.0005762961487054595,,0.01657691420294961,,0.0002318019484660537
TCN3_dc463846,TCN3,loso_subject_S010,62,0.0005805673402865374,,0.016535256137656044,,0.00021955487075394156
TCN3_dc463846,TCN3,loso_subject_S010,63,0.0005964650982320779,,0.01675551233429143,,0.0002078173154799862
TCN3_dc463846,TCN3,loso_subject_S010,64,0.0005411595215274446,,0.016205731285592283,,0.00019660738110366478
TCN3_dc463846,TCN3,loso_subject_S010,65,0.0005577533444792012,,0.016009184721266907,,0.00018594235253127373
TCN3_dc463846,TCN3,loso_subject_S010,66,0.0005679136135766928,,0.016077143360885462,,0.00017583867446385477
TCN3_dc463846,TCN3,loso_subject_S010,67,0.0005658816319126518,,0.016181299307476336,,0.00016631192604065853
TCN3_dc463846,TCN3,loso_subject_S010,68,0.0005580647998351635,,0.016179105667932923,,0.00015737679681724137
TCN3_dc463846,TCN3,loso_subject_S010,69,0.0005729086837926579,,0.016081672965132254,,0.0001490470641152345
TCN3_dc463846,TCN3,loso_subject_S010,70,0.0005360508000371693,,0.0159983358817465,,0.00014133557177871338
TCN3_dc463846,TCN3,loso_subject_S010,71,0.0005580908895619109,,0.016179854745178537,,0.00013425421036992097
TCN3_dc463846,TCN3,loso_subject_S010,72,0.0005271653190018742,,0.01560129309242897,,0.00012781389883488212
TCN3_dc463846,TCN3,loso_subject_S010,73,0.000549902577274172,,0.01584532272023623,,0.0001220245676671809
TCN3_dc463846,TCN3,loso_subject_S010,74,0.0004978839648125999,,0.01574434987354245,,0.00011689514359585877
TCN3_dc463846,TCN3,loso_subject_S010,75,0.0005833277726829376,,0.016113350094723165,,0.00011243353582104555
TCN3_dc463846,TCN3,loso_subject_S010,76,0.0005409112789564953,,0.01566699345244766,,0.0001086466238185463
TCN3_dc463846,TCN3,loso_subject_S010,77,0.000542598913507314,,0.01550777333816004,,0.00010554024673218805
TCN3_dc463846,TCN3,loso_subject_S010,78,0.0005249225022712119,,0.0156914772149724,,0.00010311919437028317
TCN3_dc463846,TCN3,loso_subject_S010,79,0.0004972965892653802,,0.015337022985390494,,0.00010138719982009242
TCN3_dc463846,TCN3,loso_subject_S010,80,0.0005191886566267812,,0.015527735485174127,,0.0001003469336916747
TCN3_dc463846,TCN3,loso_subject_S011,1,0.27462084532312503,,0.38877592814850065,,0.001
TCN3_dc463846,TCN3,loso_subject_S011,2,0.05013618613887726,,0.1659562875441621,,0.0009996530663083252
TCN3_dc463846,TCN3,loso_subject_S011,3,0.028011391532609557,,0.12591388008244742,,0.0009986128001799074
TCN3_dc463846,TCN3,loso_subject_S011,4,0.017495920950177324,,0.099235508308019,,0.0009968808056297167
TCN3_dc463846,TCN3,loso_subject_S011,5,0.012249093881645263,,0.0817358414189159,,0.0009944597532678117
TCN3_dc463846,TCN3,loso_subject_S011,6,0.00985244274209199,,0.0738221599395437,,0.0009913533761814533
TCN3_dc463846,TCN3,loso_subject_S011,7,0.007510382272820333,,0.06407197744935482,,0.000987566464178954
TCN3_dc463846,TCN3,loso_subject_S011,8,0.007089176512014541,,0.06159626163464998,,0.0009831048564041408
TCN3_dc463846,TCN3,loso_subject_S011,9,0.005758824589976641,,0.0554809851098934,,0.0009779754323328187
TCN3_dc463846,TCN3,loso_subject_S011,10,0.004795659672625938,,0.05124193189529202,,0.0009721861011651174
TCN3_dc463846,TCN3,loso_subject_S011,11,0.004383104487533213,,0.04842240765426581,,0.0009657457896300785
TCN3_dc463846,TCN3,loso_subject_S011,12,0.003923053348448792,,0.04560830492455252,,0.000958664428221286
TCN3_dc463846,TCN3,loso_subject_S011,13,0.0032882592661070084,,0.04236936361450103,,0.000950952935884765
TCN3_dc463846,TCN3,loso_subject_S011,14,0.0031533432064572327,,0.040626679101878484,,0.0009426232031827582
TCN3_dc463846,TCN3,loso_subject_S011,15,0.0027792124208854308,,0.03830824544863304,,0.0009336880739593409
TCN3_dc463846,TCN3,loso_subject_S011,16,0.0026197868235195514,,0.037877833011428344,,0.0009241613255361449
TCN3_dc463846,TCN3,loso_subject_S011,17,0.0024172361215246876,,0.035814495512317676,,0.0009140576474687258
TCN3_dc463846,TCN3,loso_subject_S011,18,0.0024616076689968794,,0.03593203259146545,,0.0009033926188963346
TCN3_dc463846,TCN3,loso_subject_S011,19,0.0019877634433248634,,0.03209834814186318,,0.0008921826845200134
TCN3_dc463846,TCN3,loso_subject_S011,20,0.0019266744309867424,,0.031014478133848656,,0.000880445129246058
TCN3_dc463846,TCN3,loso_subject_S011,21,0.002037089753708425,,0.0328525714283356,,0.0008681980515339459
TCN3_dc463846,TCN3,loso_subject_S011,22,0.0018230081709116129,,0.030259580277567047,,0.0008554603354898234
TCN3_dc463846,TCN3,loso_subject_S011,23,0.0016974629064294014,,0.029450364746140892,,0.0008422516217485822
TCN3_dc463846,TCN3,loso_subject_S011,24,0.0014925140097790904,,0.027675355941944594,,0.0008285922771894248
TCN3_dc463846,TCN3,loso_subject_S011,25,0.0014609606462499946,,0.027719298312823763,,0.0008145033635316124
TCN3_dc463846,TCN3,loso_subject_S011,26,0.0013818006063074585,,0.026438297184141195,,0.0008000066048588205
TCN3_dc463846,TCN3,loso_subject_S011,27,0.0012837020908465235,,0.025614282288287906,,0.0007851243541221765
TCN3_dc463846,TCN3,loso_subject_S011,28,0.0013143042002827323,,0.02583006588264168,,0.0007698795586736293
TCN3_dc463846,TCN3,loso_subject_S011,29,0.0012088487287450491,,0.024902530175291922,,0.0007542957248827956
TCN3_dc463846,TCN3,loso_subject_S011,30,0.0010957885785174782,,0.023963767464352755,,0.0007383968818918422
TCN3_dc463846,TCN3,loso_subject_S011,31,0.0011646899002251785,,0.024158094104475385,,0.00072220754456429
TCN3_dc463846,TCN3,loso_subject_S011,32,0.0010709345065990157,,0.023573302396212626,,0.0007057526756848715
TCN3_dc463846,TCN3,loso_subject_S011,33,0.0010383492057199546,,0.02300744803791243,,0.000689057647468726
TCN3_dc463846,TCN3,loso_subject_S011,34,0.0010647635783508792,,0.022861782956199127,,0.000672148202439283
TCN3_dc463846,TCN3,loso_subject_S011,35,0.0009771324655792949,,0.02215807426592485,,0.0006550504137351571
TCN3_dc463846,TCN3,loso_subject_S011,36,0.0009492008946095984,,0.02206935313542418,,0.0006377906449072574
TCN3_dc463846,TCN3,loso_subject_S011,37,0.0009581543085021682,,0.021260332481299368,,0.0006203955092681036
TCN3_dc463846,TCN3,loso_subject_S011,38,0.0009137599612313564,,0.021550271480617493,,0.0006028918288560267
TCN3_dc463846,TCN3,loso_subject_S011,39,0.0008256241039121533,,0.02032838975864236,,0.00058530659307753
TCN3_dc463846,TCN3,loso_subject_S011,40,0.0007962971112035606,,0.01997048051217082,,0.0005676669170915806
TCN3_dc463846,TCN3,loso_subject_S011,41,0.0007872475624223439,,0.02011989556345185,,0.0005499999999999997
TCN3_dc463846,TCN3,loso_subject_S011,42,0.0008076230064930264,,0.01970111791576658,,0.000532333082908419
TCN3_dc463846,TCN3,loso_subject_S011,43,0.0007306903733855675,,0.018949338750631445,,0.0005146934069224697
TCN3_dc463846,TCN3,loso_subject_S011,44,0.0007646918089922633,,0.01964553330914956,,0.000497108171143973
TCN3_dc463846,TCN3,loso_subject_S011,45,0.0007725384419238835,,0.01954026000655866,,0.00047960449073189616
TCN3_dc463846,TCN3,loso_subject_S011,46,0.0006912808671581826,,0.01817740422762948,,0.00046220935509274226
TCN3_dc463846,TCN3,loso_subject_S011,47,0.0006947835801635405,,0.018406481900544978,,0.00044494958626484254
TCN3_dc463846,TCN3,loso_subject_S011,48,0.0006662984323135102,,0.018176853590089966,,0.00042785179756071645
TCN3_dc463846,TCN3,loso_subject_S011,49,0.0006883745221740495,,0.018743540996336027,,0.0004109423525312737
TCN3_dc463846,TCN3,loso_subject_S011,50,0.0006505609965141939,,0.017876834683082862,,0.0003942473243151282
TCN3_dc463846,TCN3,loso_subject_S011,51,0.0006640695839576291,,0.017836901367672832,,0.0003777924554357096
TCN3_dc463846,TCN3,loso_subject_S011,52,0.0006383933411557794,,0.01750436440788212,,0.0003616031181081575
TCN3_dc463846,TCN3,loso_subject_S011,53,0.0006052827201486095,,0.017399991931335786,,0.000345704275117204
TCN3_dc463846,TCN3,loso_subject_S011,54,0.0006334839153716414,,0.017420354802454345,,0.00033012044132637024
TCN3_dc463846,TCN3,loso_subject_S011,55,0.0005868408791505874,,0.01719008609602666,,0.00031487564587782306
TCN3_dc463846,TCN3,loso_subject_S011,56,0.0005861187482492013,,0.01670165854082753,,0.00029999339514117897
TCN3_dc463846,TCN3,loso_subject_S011,57,0.0005992583573885279,,0.01653207346794497,,0.0002854966364683872
TCN3_dc463846,TCN3,loso_subject_S011,58,0.0005693437037185612,,0.016583299327251624,,0.0002714077228105749
TCN3_dc463846,TCN3,loso_subject_S011,59,0.0005642846939828548,,0.01642549922269158,,0.00025774837825141746
TCN3_dc463846,TCN3,loso_subject_S011,60,0.0005299130243912286,,0.01599168965007827,,0.0002445396645101764
TCN3_dc463846,TCN3,loso_subject_S011,61,0.0005243183594933462,,0.016009609051691864,,0.0002318019484660537
TCN3_dc463846,TCN3,loso_subject_S011,62,0.0005759592706682806,,0.015915919203397202,,0.00021955487075394156
TCN3_dc463846,TCN3,loso_subject_S011,63,0.0005286029222401563,,0.0158676166005131,,0.0002078173154799862
TCN3_dc463846,TCN3,loso_subject_S011,64,0.0005298679846118639,,0.01560182846252557,,0.00019660738110366478
TCN3_dc463846,TCN3,loso_subject_S011,65,0.0005192203805076164,,0.015601452689290087,,0.00018594235253127373
TCN3_dc463846,TCN3,loso_subject_S011,66,0.0005415881990634874,,0.015673006916846786,,0.00017583867446385477
TCN3_dc463846,TCN3,loso_subject_S011,67,0.0004902081069430257,,0.015154834528565506,,0.00016631192604065853
TCN3_dc463846,TCN3,loso_subject_S011,68,0.0005044722550244196,,0.015172873766685897,,0.00015737679681724137
TCN3_dc463846,TCN3,loso_subject_S011,69,0.000512203620555887,,0.015441017639167375,,0.0001490470641152345
TCN3_dc463846,TCN3,loso_subject_S011,70,0.0005000722030398625,,0.01523225938956767,,0.00014133557177871338
TCN3_dc463846,TCN3,loso_subject_S011,71,0.00047935839547994105,,0.015041002993745802,,0.00013425421036992097
TCN3_dc463846,TCN3,loso_subject_S011,72,0.0005002253120699658,,0.015027556736639169,,0.00012781389883488212
TCN3_dc463846,TCN3,loso_subject_S011,73,0.0004900146868195498,,0.014573020268856044,,0.0001220245676671809
TCN3_dc463846,TCN3,loso_subject_S011,74,0.00048115302929087637,,0.014750267267750633,,0.00011689514359585877
TCN3_dc463846,TCN3,loso_subject_S011,75,0.0004971696973465789,,0.014818589457934838,,0.00011243353582104555
TCN3_dc463846,TCN3,loso_subject_S011,76,0.0004861563658234269,,0.01471082539496742,,0.0001086466238185463
TCN3_dc463846,TCN3,loso_subject_S011,77,0.0004599039766903376,,0.014588396481212445,,0.00010554024673218805
TCN3_dc463846,TCN3,loso_subject_S011,78,0.0004582985671828029,,0.014567083853937863,,0.00010311919437028317
TCN3_dc463846,TCN3,loso_subject_S011,79,0.000463608295785113,,0.01458121007436113,,0.00010138719982009242
TCN3_dc463846,TCN3,loso_subject_S011,80,0.000466733087265821,,0.01457195576933434,,0.0001003469336916747
TCN3_dc463846,TCN3,loso_subject_S012,1,0.25358851490693646,,0.36400240243729187,,0.001
TCN3_dc463846,TCN3,loso_subject_S012,2,0.04753655940851388,,0.16232439659686926,,0.0009996530663083252
TCN3_dc463846,TCN3,loso_subject_S012,3,0.026644499126168918,,0.1214817417801001,,0.0009986128001799074
TCN3_dc463846,TCN3,loso_subject_S012,4,0.0179151487463993,,0.10142419448363182,,0.0009968808056297167
TCN3_dc463846,TCN3,loso_subject_S012,5,0.012971240917305189,,0.08579375919966097,,0.0009944597532678117
TCN3_dc463846,TCN3,loso_subject_S012,6,0.009459326253380923,,0.07357725498089168,,0.0009913533761814533
TCN3_dc463846,TCN3,loso_subject_S012,7,0.008001164673290893,,0.06764518462762796,,0.000987566464178954
TCN3_dc463846,TCN3,loso_subject_S012,8,0.006633637484632576,,0.06156136340657593,,0.0009831048564041408
TCN3_dc463846,TCN3,loso_subject_S012,9,0.006072141217571105,,0.05770272537496408,,0.0009779754323328187
TCN3_dc463846,TCN3,loso_subject_S012,10,0.005429754374341729,,0.05529148413203273,,0.0009721861011651174
TCN3_dc463846,TCN3,loso_subject_S012,11,0.0043783737198520205,,0.04938751564108283,,0.0009657457896300785
TCN3_dc463846,TCN3,loso_subject_S012,12,0.0038141943269832342,,0.045650222286428475,,0.000958664428221286
TCN3_dc463846,TCN3,loso_subject_S012,13,0.004227526397097171,,0.04788829255991499,,0.000950952935884765
TCN3_dc463846,TCN3,loso_subject_S012,14,0.0032474329426139346,,0.04227669264201351,,0.0009426232031827582
TCN3_dc463846,TCN3,loso_subject_S012,15,0.0035233171316651126,,0.044014675647327375,,0.0009336880739593409
TCN3_dc463846,TCN3,loso_subject_S012,16,0.0027864144701393364,,0.03914884787613706,,0.0009241613255361449
TCN3_dc463846,TCN3,loso_subject_S012,17,0.0029464038475808135,,0.04010064768688193,,0.0009140576474687258
TCN3_dc463846,TCN3,loso_subject_S012,18,0.002579173856896456,,0.03799052930187252,,0.0009033926188963346
TCN3_dc463846,TCN3,loso_subject_S012,19,0.0023272998485374973,,0.03568575708285326,,0.0008921826845200134
TCN3_dc463846,TCN3,loso_subject_S012,20,0.0021551958602889798,,0.03406510265137358,,0.000880445129246058
TCN3_dc463846,TCN3,loso_subject_S012,21,0.0018470537928160528,,0.031673936629540975,,0.0008681980515339459
TCN3_dc463846,TCN3,loso_subject_S012,22,0.0020519717575559885,,0.03293318429948801,,0.0008554603354898234
TCN3_dc463846,TCN3,loso_subject_S012,23,0.001924560015853164,,0.031989844663866576,,0.0008422516217485822
TCN3_dc463846,TCN3,loso_subject_S012,24,0.0016247866070673725,,0.029626838429578715,,0.0008285922771894248
TCN3_dc463846,TCN3,loso_subject_S012,25,0.0016363766087710006,,0.029401549293813455,,0.0008145033635316124
TCN3_dc463846,TCN3,loso_subject_S012,26,0.001955996506787666,,0.031601411217112366,,0.0008000066048588205
TCN3_dc463846,TCN3,loso_subject_S012,27,0.0013685269966180198,,0.026919252672794453,,0.0007851243541221765
TCN3_dc463846,TCN3,loso_subject_S012,28,0.0015030428552093222,,0.027976785111403536,,0.0007698795586736293
TCN3_dc463846,TCN3,loso_subject_S012,29,0.0014498139697713725,,0.02789494113971245,,0.0007542957248827956
TCN3_dc463846,TCN3,loso_subject_S012,30,0.0013993638380480336,,0.026994134627849647,,0.0007383968818918422
TCN3_dc463846,TCN3,loso_subject_S012,31,0.001307930099784764,,0.025631926154012732,,0.00072220754456429
TCN3_dc463846,TCN3,loso_subject_S012,32,0.0012710780997046548,,0.02535753014001311,,0.0007057526756848715
TCN3_dc463846,TCN3,loso_subject_S012,33,0.0015976798164348118,,0.028559603418532142,,0.000689057647468726
TCN3_dc463846,TCN3,loso_subject_S012,34,0.0011639378020284479,,0.024831883926235507,,0.000672148202439283
TCN3_dc463846,TCN3,loso_subject_S012,35,0.0010583810955254688,,0.023065363783383138,,0.0006550504137351571
TCN3_dc463846,TCN3,loso_subject_S012,36,0.0010662566905460323,,0.022956829960063353,,0.0006377906449072574
TCN3_dc463846,TCN3,loso_subject_S012,37,0.0010093723108424645,,0.022629625498555198,,0.0006203955092681036
TCN3_dc463846,TCN3,loso_subject_S012,38,0.0010047159290031062,,0.02255505737413715,,0.0006028918288560267
TCN3_dc463846,TCN3,loso_subject_S012,39,0.0009026773626479389,,0.02171605181638566,,0.00058530659307753
TCN3_dc463846,TCN3,loso_subject_S012,40,0.0014049208076282638,,0.026452489239347857,,0.0005676669170915806
TCN3_dc463846,TCN3,loso_subject_S012,41,0.0011137406381078302,,0.024220774858328305,,0.0005499999999999997
TCN3_dc463846,TCN3,loso_subject_S012,42,0.0009869991407979461,,0.022755208701618332,,0.000532333082908419
TCN3_dc463846,TCN3,loso_subject_S012,43,0.0009840197374525175,,0.022390056108073486,,0.0005146934069224697
TCN3_dc463846,TCN3,loso_subject_S012,44,0.0008498776740285894,,0.02091308646758318,,0.000497108171143973
TCN3_dc463846,TCN3,loso_subject_S012,45,0.000877093214257464,,0.021011368891217456,,0.00047960449073189616
TCN3_dc463846,TCN3,loso_subject_S012,46,0.0008722446136287701,,0.020875115262640992,,0.00046220935509274226
TCN3_dc463846,TCN3,loso_subject_S012,47,0.0009065542947940451,,0.021540162327797478,,0.00044494958626484254
TCN3_dc463846,TCN3,loso_subject_S012,48,0.000794941084854826,,0.019846071485131633,,0.00042785179756071645
TCN3_dc463846,TCN3,loso_subject_S012,49,0.0007854785113941596,,0.019430889713680993,,0.0004109423525312737
TCN3_dc463846,TCN3,loso_subject_S012,50,0.0007735837463582917,,0.01943094877853628,,0.0003942473243151282
TCN3_dc463846,TCN3,loso_subject_S012,51,0.0007791596227803696,,0.01966578905350269,,0.0003777924554357096
TCN3_dc463846,TCN3,loso_subject_S012,52,0.0008175693575853662,,0.020416041353922342,,0.0003616031181081575
TCN3_dc463846,TCN3,loso_subject_S012,53,0.000760216277025415,,0.01982008741321101,,0.000345704275117204
TCN3_dc463846,TCN3,loso_subject_S012,54,0.0006834700099852671,,0.01854313069619622,,0.00033012044132637024
TCN3_dc463846,TCN3,loso_subject_S012,55,0.000673848042560668,,0.018007326652021968,,0.00031487564587782306
TCN3_dc463846,TCN3,loso_subject_S012,56,0.0007115752339954531,,0.018686237189412393,,0.00029999339514117897
TCN3_dc463846,TCN3,loso_subject_S012,57,0.0006617894400320766,,0.01794248559856066,,0.0002854966364683872
TCN3_dc463846,TCN3,loso_subject_S012,58,0.0006899399563214247,,0.018264665308288658,,0.0002714077228105749
TCN3_dc463846,TCN3,loso_subject_S012,59,0.0007524369290313968,,0.019016291838462426,,0.00025774837825141746
TCN3_dc463846,TCN3,loso_subject_S012,60,0.0007894834383576087,,0.019705023939683215,,0.0002445396645101764
TCN3_dc463846,TCN3,loso_subject_S012,61,0.0006134264515862197,,0.017465022551969817,,0.0002318019484660537
TCN3_dc463846,TCN3,loso_subject_S012,62,0.0006492799210609543,,0.01792945725928117,,0.00021955487075394156
TCN3_dc463846,TCN3,loso_subject_S012,63,0.000609267146000685,,0.01739628616461686,,0.0002078173154799862
TCN3_dc463846,TCN3,loso_subject_S012,64,0.0006415266002947449,,0.017936171586824912,,0.00019660738110366478
TCN3_dc463846,TCN3,loso_subject_S012,65,0.000669286629598589,,0.018086748627896877,,0.00018594235253127373
TCN3_dc463846,TCN3,loso_subject_S012,66,0.0006347217958432664,,0.0174738824387332,,0.00017583867446385477
TCN3_dc463846,TCN3,loso_subject_S012,67,0.0005854928544754996,,0.01666633018666068,,0.00016631192604065853
TCN3_dc463846,TCN3,loso_subject_S012,68,0.0008270108117907683,,0.019678194287529257,,0.00015737679681724137
TCN3_dc463846,TCN3,loso_subject_S012,69,0.0006246006399242658,,0.01770549877888739,,0.0001490470641152345
TCN3_dc463846,TCN3,loso_subject_S012,70,0.0005957918874035951,,0.017357851112748585,,0.00014133557177871338
TCN3_dc463846,TCN3,loso_subject_S012,71,0.0005736303603633788,,0.016759133043777272,,0.00013425421036992097
TCN3_dc463846,TCN3,loso_subject_S012,72,0.0005708760892054273,,0.016548758638226024,,0.00012781389883488212
TCN3_dc463846,TCN3,loso_subject_S012,73,0.0005722056943674852,,0.016600511564531767,,0.0001220245676671809
TCN3_dc463846,TCN3,loso_subject_S012,74,0.0005744176930667453,,0.01657041319979905,,0.00011689514359585877
TCN3_dc463846,TCN3,loso_subject_S012,75,0.0006237998691824815,,0.017112655981746216,,0.00011243353582104555
TCN3_dc463846,TCN3,loso_subject_S012,76,0.000595577507369746,,0.016570881789072917,,0.0001086466238185463
TCN3_dc463846,TCN3,loso_subject_S012,77,0.0005504042542737315,,0.016552070360636943,,0.00010554024673218805
TCN3_dc463846,TCN3,loso_subject_S012,78,0.0005561912469149768,,0.016365798536270865,,0.00010311919437028317
TCN3_dc463846,TCN3,loso_subject_S012,79,0.0005428548999440098,,0.015976622507555535,,0.00010138719982009242
TCN3_dc463846,TCN3,loso_subject_S012,80,0.0005614711636813938,,0.01620605711764218,,0.0001003469336916747
TCN3_dc463846,TCN3,loso_subject_S013,1,0.36918513705722644,,0.44313015246210863,,0.001
TCN3_dc463846,TCN3,loso_subject_S013,2,0.053862340219695624,,0.17443675835660777,,0.0009996530663083252
TCN3_dc463846,TCN3,loso_subject_S013,3,0.028706029784107356,,0.12622113399256288,,0.0009986128001799074
TCN3_dc463846,TCN3,loso_subject_S013,4,0.017455002389102404,,0.09861554063172286,,0.0009968808056297167
TCN3_dc463846,TCN3,loso_subject_S013,5,0.011910215568176744,,0.08193976770398294,,0.0009944597532678117
TCN3_dc463846,TCN3,loso_subject_S013,6,0.008866848732275286,,0.07004388172396032,,0.0009913533761814533
TCN3_dc463846,TCN3,loso_subject_S013,7,0.006984625363291222,,0.062915183921573,,0.000987566464178954
TCN3_dc463846,TCN3,loso_subject_S013,8,0.0061163686652865494,,0.05796722981516217,,0.0009831048564041408
TCN3_dc463846,TCN3,loso_subject_S013,9,0.0048205500200620205,,0.05155407729881262,,0.0009779754323328187
TCN3_dc463846,TCN3,loso_subject_S013,10,0.00453290184219709,,0.049534357289678255,,0.0009721861011651174
TCN3_dc463846,TCN3,loso_subject_S013,11,0.004117233694236601,,0.04698824593018821,,0.0009657457896300785
TCN3_dc463846,TCN3,loso_subject_S013,12,0.0035613328800736927,,0.044102288924841936,,0.000958664428221286
TCN3_dc463846,TCN3,loso_subject_S013,13,0.0034834612855728746,,0.04332084578885157,,0.000950952935884765
TCN3_dc463846,TCN3,loso_subject_S013,14,0.0029629427567380664,,0.039309879868074424,,0.0009426232031827582
TCN3_dc463846,TCN3,loso_subject_S013,15,0.0026979873028635405,,0.03768657390598501,,0.0009336880739593409
TCN3_dc463846,TCN3,loso_subject_S013,16,0.0025570420388133616,,0.03698901453039102,,0.0009241613255361449
TCN3_dc463846,TCN3,loso_subject_S013,17,0.0024108904831003784,,0.03564045091275296,,0.0009140576474687258
TCN3_dc463846,TCN3,loso_subject_S013,18,0.002166018604887518,,0.033400253414861684,,0.0009033926188963346
TCN3_dc463846,TCN3,loso_subject_S013,19,0.0020132583425366514,,0.032179254705312535,,0.0008921826845200134
TCN3_dc463846,TCN3,loso_subject_S013,20,0.0018902581183020042,,0.03158352407811022,,0.000880445129246058
TCN3_dc463846,TCN3,loso_subject_S013,21,0.0019351478894652832,,0.03148084474291164,,0.0008681980515339459
TCN3_dc463846,TCN3,loso_subject_S013,22,0.001693827675246689,,0.02962887237289947,,0.0008554603354898234
TCN3_dc463846,TCN3,loso_subject_S013,23,0.001615336201274476,,0.02869321638862415,,0.0008422516217485822
TCN3_dc463846,TCN3,loso_subject_S013,24,0.001657484485197519,,0.028660314694549317,,0.0008285922771894248
TCN3_dc463846,TCN3,loso_subject_S013,25,0.0015795418710230315,,0.02879596998934939,,0.0008145033635316124
TCN3_dc463846,TCN3,loso_subject_S013,26,0.0014533418244968986,,0.027355933288323087,,0.0008000066048588205
TCN3_dc463846,TCN3,loso_subject_S013,27,0.0015233585376393064,,0.02809985181413486,,0.0007851243541221765
TCN3_dc463846,TCN3,loso_subject_S013,28,0.0013362321446242537,,0.026395784936381405,,0.0007698795586736293
TCN3_dc463846,TCN3,loso_subject_S013,29,0.0012477369764614702,,0.025276572067107293,,0.0007542957248827956
TCN3_dc463846,TCN3,loso_subject_S013,30,0.0012129209087679428,,0.02460686300535525,,0.0007383968818918422
TCN3_dc463846,TCN3,loso_subject_S013,31,0.0011945833050338972,,0.0244087093020525,,0.00072220754456429
TCN3_dc463846,TCN3,loso_subject_S013,32,0.0011458920144630095,,0.024034331689483324,,0.0007057526756848715
TCN3_dc463846,TCN3,loso_subject_S013,33,0.001134031216564611,,0.02400818989731661,,0.000689057647468726
TCN3_dc463846,TCN3,loso_subject_S013,34,0.001098868722382979,,0.02347124752014783,,0.000672148202439283
TCN3_dc463846,TCN3,loso_subject_S013,35,0.001040878692765358,,0.023126986832462063,,0.0006550504137351571
TCN3_dc463846,TCN3,loso_subject_S013,36,0.000961920912496074,,0.021921825097020977,,0.0006377906449072574
TCN3_dc463846,TCN3,loso_subject_S013,37,0.0009667546205055373,,0.0219298305818417,,0.0006203955092681036
TCN3_dc463846,TCN3,loso_subject_S013,38,0.0009852455826843043,,0.02205981554397509,,0.0006028918288560267
TCN3_dc463846,TCN3,loso_subject_S013,39,0.0008902764137665154,,0.021332571703952162,,0.00058530659307753
TCN3_dc463846,TCN3,loso_subject_S013,40,0.0009958131698872938,,0.02208294745279642,,0.0005676669170915806
TCN3_dc463846,TCN3,loso_subject_S013,41,0.0008918018933525934,,0.021152653463894777,,0.0005499999999999997
TCN3_dc463846,TCN3,loso_subject_S013,42,0.0009262262312371808,,0.021208619989780245,,0.000532333082908419
TCN3_dc463846,TCN3,loso_subject_S013,43,0.0008116377148191606,,0.020030829842747958,,0.0005146934069224697
TCN3_dc463846,TCN3,loso_subject_S013,44,0.0008382225722073868,,0.020573743514903722,,0.000497108171143973
TCN3_dc463846,TCN3,loso_subject_S013,45,0.0007885642460889225,,0.019826255395295984,,0.00047960449073189616
TCN3_dc463846,TCN3,loso_subject_S013,46,0.0007706319284717458,,0.019440484984473833,,0.00046220935509274226
TCN3_dc463846,TCN3,loso_subject_S013,47,0.0007504683318232337,,0.019656779388709703,,0.00044494958626484254
TCN3_dc463846,TCN3,loso_subject_S013,48,0.0007590910084111507,,0.019611758501296154,,0.00042785179756071645
TCN3_dc463846,TCN3,loso_subject_S013,49,0.0007344614602453971,,0.0191602964760908,,0.0004109423525312737
TCN3_dc463846,TCN3,loso_subject_S013,50,0.0006608872015119217,,0.018146168504975222,,0.0003942473243151282
TCN3_dc463846,TCN3,loso_subject_S013,51,0.0007067587249796187,,0.018559472356664383,,0.0003777924554357096
TCN3_dc463846,TCN3,loso_subject_S013,52,0.0006851950522747992,,0.018349587001703555,,0.0003616031181081575
TCN3_dc463846,TCN3,loso_subject_S013,53,0.000701747052753546,,0.01864868939809673,,0.000345704275117204
TCN3_dc463846,TCN3,loso_subject_S013,54,0.0006476265280102234,,0.017856775460387365,,0.00033012044132637024
TCN3_dc463846,TCN3,loso_subject_S013,55,0.0006351001708820209,,0.01785054875683202,,0.00031487564587782306
TCN3_dc463846,TCN3,loso_subject_S013,56,0.0006365622957842569,,0.017643805966486032,,0.00029999339514117897
TCN3_dc463846,TCN3,loso_subject_S013,57,0.0006520200464208132,,0.017672280121965016,,0.0002854966364683872
TCN3_dc463846,TCN3,loso_subject_S013,58,0.000615700424727633,,0.017336354210670354,,0.0002714077228105749
TCN3_dc463846,TCN3,loso_subject_S013,59,0.0006271903833804,,0.01738129225811025,,0.00025774837825141746
TCN3_dc463846,TCN3,loso_subject_S013,60,0.0005980661989741206,,0.017135562190012624,,0.0002445396645101764
TCN3_dc463846,TCN3,loso_subject_S013,61,0.0006269214622649782,,0.017283418976054964,,0.0002318019484660537
TCN3_dc463846,TCN3,loso_subject_S013,62,0.0006076548844662382,,0.01695964588246417,,0.00021955487075394156
TCN3_dc463846,TCN3,loso_subject_S013,63,0.0005710688366278036,,0.016591080200756215,,0.0002078173154799862
TCN3_dc463846,TCN3,loso_subject_S013,64,0.0006030111332536275,,0.017076391277570144,,0.00019660738110366478
TCN3_dc463846,TCN3,loso_subject_S013,65,0.0005986340785705676,,0.016763089769008872,,0.00018594235253127373
TCN3_dc463846,TCN3,loso_subject_S013,66,0.000546468896959134,,0.016317869190896832,,0.00017583867446385477
TCN3_dc463846,TCN3,loso_subject_S013,67,0.0005501569053508972,,0.016182638558046202,,0.00016631192604065853
TCN3_dc463846,TCN3,loso_subject_S013,68,0.0005710581651081689,,0.01639636138971161,,0.00015737679681724137
TCN3_dc463846,TCN3,loso_subject_S013,69,0.0005702806021095522,,0.01624240104133397,,0.0001490470641152345
TCN3_dc463846,TCN3,loso_subject_S013,70,0.000532918625016574,,0.015986709199694575,,0.00014133557177871338
TCN3_dc463846,TCN3,loso_subject_S013,71,0.0005532664950154684,,0.01597931520263067,,0.00013425421036992097
TCN3_dc463846,TCN3,loso_subject_S013,72,0.0005471323756805432,,0.016113920184701303,,0.00012781389883488212
TCN3_dc463846,TCN3,loso_subject_S013,73,0.0005279141844866658,,0.015805148962650627,,0.0001220245676671809
TCN3_dc463846,TCN3,loso_subject_S013,74,0.0005513732423378737,,0.01596372279953333,,0.00011689514359585877
TCN3_dc463846,TCN3,loso_subject_S013,75,0.0005421354171177158,,0.016090009577116135,,0.00011243353582104555
TCN3_dc463846,TCN3,loso_subject_S013,76,0.0005658073620801029,,0.01636286224371529,,0.0001086466238185463
TCN3_dc463846,TCN3,loso_subject_S013,77,0.0005047131242933912,,0.015528045470387738,,0.00010554024673218805
TCN3_dc463846,TCN3,loso_subject_S013,78,0.0005100958005766732,,0.015883171045720207,,0.00010311919437028317
TCN3_dc463846,TCN3,loso_subject_S013,79,0.0005236107262375159,,0.015911724164987148,,0.00010138719982009242
TCN3_dc463846,TCN3,loso_subject_S013,80,0.0004884618698134903,,0.015135239329192907,,0.0001003469336916747
TCN3_dc463846,TCN3,loso_subject_S014,1,0.2765444079847257,,0.3866996267959096,,0.001
TCN3_dc463846,TCN3,loso_subject_S014,2,0.05185971276515206,,0.16906693022198507,,0.0009996530663083252
TCN3_dc463846,TCN3,loso_subject_S014,3,0.025562489799507763,,0.1197705716754868,,0.0009986128001799074
TCN3_dc463846,TCN3,loso_subject_S014,4,0.01580306992064434,,0.09391930491895951,,0.0009968808056297167
TCN3_dc463846,TCN3,loso_subject_S014,5,0.013272165796436457,,0.086253005033438,,0.0009944597532678117
TCN3_dc463846,TCN3,loso_subject_S014,6,0.009632684776309644,,0.07342758534416076,,0.0009913533761814533
TCN3_dc463846,TCN3,loso_subject_S014,7,0.0074038890878241415,,0.06380845719160977,,0.000987566464178954
TCN3_dc463846,TCN3,loso_subject_S014,8,0.007742727264850472,,0.06525746505005453,,0.0009831048564041408
TCN3_dc463846,TCN3,loso_subject_S014,9,0.006287078571988899,,0.05837379149801662,,0.0009779754323328187
TCN3_dc463846,TCN3,loso_subject_S014,10,0.005103305452114636,,0.05250545632859442,,0.0009721861011651174
TCN3_dc463846,TCN3,loso_subject_S014,11,0.004408176333116959,,0.04887407769169184,,0.0009657457896300785
TCN3_dc463846,TCN3,loso_subject_S014,12,0.004914287621817901,,0.05158692389878433,,0.000958664428221286
TCN3_dc463846,TCN3,loso_subject_S014,13,0.00403851500938841,,0.04721433901827283,,0.000950952935884765
TCN3_dc463846,TCN3,loso_subject_S014,14,0.00332678254092498,,0.04228341528839086,,0.0009426232031827582
TCN3_dc463846,TCN3,loso_subject_S014,15,0.0029227782402680524,,0.03949087957372487,,0.0009336880739593409
TCN3_dc463846,TCN3,loso_subject_S014,16,0.002777716034443429,,0.038466423517172124,,0.0009241613255361449
TCN3_dc463846,TCN3,loso_subject_S014,17,0.0025282909107593745,,0.036411788670033064,,0.0009140576474687258
TCN3_dc463846,TCN3,loso_subject_S014,18,0.0025853517327334334,,0.03673250104454053,,0.0009033926188963346
TCN3_dc463846,TCN3,loso_subject_S014,19,0.0022998157516082333,,0.03433894520603335,,0.0008921826845200134
TCN3_dc463846,TCN3,loso_subject_S014,20,0.002343304785345355,,0.0349343367060093,,0.000880445129246058
TCN3_dc463846,TCN3,loso_subject_S014,21,0.0019201149535483992,,0.03198847665446723,,0.0008681980515339459
TCN3_dc463846,TCN3,loso_subject_S014,22,0.0020895390488493534,,0.0327867074409446,,0.0008554603354898234
TCN3_dc463846,TCN3,loso_subject_S014,23,0.0019242497638649828,,0.031582092894763006,,0.0008422516217485822
TCN3_dc463846,TCN3,loso_subject_S014,24,0.0019206525634110996,,0.031666184847949926,,0.0008285922771894248
TCN3_dc463846,TCN3,loso_subject_S014,25,0.001689546193367883,,0.02930533149246449,,0.0008145033635316124
TCN3_dc463846,TCN3,loso_subject_S014,26,0.0016657474042948998,,0.028798634289480835,,0.0008000066048588205
TCN3_dc463846,TCN3,loso_subject_S014,27,0.0017287460567475812,,0.029621093362215623,,0.0007851243541221765
TCN3_dc463846,TCN3,loso_subject_S014,28,0.0014680278669340703,,0.02722775215608762,,0.0007698795586736293
TCN3_dc463846,TCN3,loso_subject_S014,29,0.0015145893846347956,,0.02796610318541729,,0.0007542957248827956
TCN3_dc463846,TCN3,loso_subject_S014,30,0.001398961342426874,,0.026697596244779628,,0.0007383968818918422
TCN3_dc463846,TCN3,loso_subject_S014,31,0.0014428016220508792,,0.02730290072073556,,0.00072220754456429
TCN3_dc463846,TCN3,loso_subject_S014,32,0.001318049897368229,,0.026291519879080443,,0.0007057526756848715
TCN3_dc463846,TCN3,loso_subject_S014,33,0.0012641099854000862,,0.025139727475080507,,0.000689057647468726
TCN3_dc463846,TCN3,loso_subject_S014,34,0.0018317406249575708,,0.02964711330944897,,0.000672148202439283
TCN3_dc463846,TCN3,loso_subject_S014,35,0.0012849408926158441,,0.025488485261823204,,0.0006550504137351571
TCN3_dc463846,TCN3,loso_subject_S014,36,0.0012740441040010018,,0.025383868525105137,,0.0006377906449072574
TCN3_dc463846,TCN3,loso_subject_S014,37,0.0011420524809375113,,0.02383684830673684,,0.0006203955092681036
TCN3_dc463846,TCN3,loso_subject_S014,38,0.0011320658321946596,,0.02370535936238203,,0.0006028918288560267
TCN3_dc463846,TCN3,loso_subject_S014,39,0.0010406789025181116,,0.022463928160521698,,0.00058530659307753
TCN3_dc463846,TCN3,loso_subject_S014,40,0.001703762746072024,,0.02872392746710008,,0.0005676669170915806
TCN3_dc463846,TCN3,loso_subject_S014,41,0.0010933786618771547,,0.02286850355679394,,0.0005499999999999997
TCN3_dc463846,TCN3,loso_subject_S014,42,0.001134983388152043,,0.02377257585930298,,0.000532333082908419
TCN3_dc463846,TCN3,loso_subject_S014,43,0.001033511164073211,,0.0225768358679093,,0.0005146934069224697
TCN3_dc463846,TCN3,loso_subject_S014,44,0.0010619993413207936,,0.02277194423465049,,0.000497108171143973
TCN3_dc463846,TCN3,loso_subject_S014,45,0.0009592378303916008,,0.021470810035291065,,0.00047960449073189616
TCN3_dc463846,TCN3,loso_subject_S014,46,0.0009494394884588662,,0.021431329132947936,,0.00046220935509274226
TCN3_dc463846,TCN3,loso_subject_S014,47,0.0012472034812283188,,0.025145921217363032,,0.00044494958626484254
TCN3_dc463846,TCN3,loso_subject_S014,48,0.0008534493477881059,,0.020579480598656958,,0.00042785179756071645
TCN3_dc463846,TCN3,loso_subject_S014,49,0.0009218491636829254,,0.02140151893748492,,0.0004109423525312737
TCN3_dc463846,TCN3,loso_subject_S014,50,0.0008144706306609061,,0.020127265765023352,,0.0003942473243151282
TCN3_dc463846,TCN3,loso_subject_S014,51,0.0010602034324802244,,0.022460151649695302,,0.0003777924554357096
TCN3_dc463846,TCN3,loso_subject_S014,52,0.001072332555256588,,0.023369221452541385,,0.0003616031181081575
TCN3_dc463846,TCN3,loso_subject_S014,53,0.0009132282933622687,,0.02134718403650261,,0.000345704275117204
TCN3_dc463846,TCN3,loso_subject_S014,54,0.0008028606580197179,,0.020093162914387033,,0.00033012044132637024
TCN3_dc463846,TCN3,loso_subject_S014,55,0.0007642643850390422,,0.018917406677997375,,0.00031487564587782306
TCN3_dc463846,TCN3,loso_subject_S014,56,0.0007837517729348461,,0.01948715098746159,,0.00029999339514117897
TCN3_dc463846,TCN3,loso_subject_S014,57,0.0008382368083588276,,0.020689686469999354,,0.0002854966364683872
TCN3_dc463846,TCN3,loso_subject_S014,58,0.0007268345194152463,,0.018735175687307412,,0.0002714077228105749
TCN3_dc463846,TCN3,loso_subject_S014,59,0.000829833248908456,,0.02037805988752174,,0.00025774837825141746
TCN3_dc463846,TCN3,loso_subject_S014,60,0.0007429927466152605,,0.018894664793953627,,0.0002445396645101764
TCN3_dc463846,TCN3,loso_subject_S014,61,0.0007423012834767683,,0.018864375646328885,,0.0002318019484660537
TCN3_dc463846,TCN3,loso_subject_S014,62,0.0007216914139485623,,0.018601627787021707,,0.00021955487075394156
TCN3_dc463846,TCN3,loso_subject_S014,63,0.000925841326166161,,0.021265088965411096,,0.0002078173154799862
TCN3_dc463846,TCN3,loso_subject_S014,64,0.0007142049173471883,,0.018643642595142177,,0.00019660738110366478
TCN3_dc463846,TCN3,loso_subject_S014,65,0.0007885303969711622,,0.019469538346211252,,0.00018594235253127373
TCN3_dc463846,TCN3,loso_subject_S014,66,0.0007484919294230292,,0.019014529562563158,,0.00017583867446385477
TCN3_dc463846,TCN3,loso_subject_S014,67,0.0006688732078203264,,0.017857515650006022,,0.00016631192604065853
TCN3_dc463846,TCN3,loso_subject_S014,68,0.0006945134130470986,,0.018079050688518936,,0.00015737679681724137
TCN3_dc463846,TCN3,loso_subject_S014,69,0.000639241198088051,,0.01765486364251284,,0.0001490470641152345
TCN3_dc463846,TCN3,loso_subject_S014,70,0.0006545024623825366,,0.017574462238920566,,0.00014133557177871338
TCN3_dc463846,TCN3,loso_subject_S014,71,0.0006217507190697199,,0.01722093383403707,,0.00013425421036992097
TCN3_dc463846,TCN3,loso_subject_S014,72,0.0006799898960221249,,0.017939394803524827,,0.00012781389883488212
TCN3_dc463846,TCN3,loso_subject_S014,73,0.0006841529804876419,,0.018047247386848986,,0.0001220245676671809
TCN3_dc463846,TCN3,loso_subject_S014,74,0.0006814798163700729,,0.017938397927225548,,0.00011689514359585877
TCN3_dc463846,TCN3,loso_subject_S014,75,0.0006606104497888509,,0.017651345273432383,,0.00011243353582104555
TCN3_dc463846,TCN3,loso_subject_S014,76,0.0006636371725537161,,0.017639138469874152,,0.0001086466238185463
TCN3_dc463846,TCN3,loso_subject_S014,77,0.0006587980371320396,,0.01735796427989856,,0.00010554024673218805
TCN3_dc463846,TCN3,loso_subject_S014,78,0.0006295607481454223,,0.01716158645059945,,0.00010311919437028317
TCN3_dc463846,TCN3,loso_subject_S014,79,0.0006160801585440735,,0.016924362089516552,,0.00010138719982009242
TCN3_dc463846,TCN3,loso_subject_S014,80,0.0006236846194754145,,0.016979481128055494,,0.0001003469336916747
TCN3_dc463846,TCN3,loso_subject_S016,1,0.3229357154375746,,0.4132091339887307,,0.001
TCN3_dc463846,TCN3,loso_subject_S016,2,0.06281205582315097,,0.1826723477635882,,0.0009996530663083252
TCN3_dc463846,TCN3,loso_subject_S016,3,0.03472935942178917,,0.1347876518525323,,0.0009986128001799074
TCN3_dc463846,TCN3,loso_subject_S016,4,0.02298745391116385,,0.11273317027028061,,0.0009968808056297167
TCN3_dc463846,TCN3,loso_subject_S016,5,0.015529864515120478,,0.09359130732735105,,0.0009944597532678117
TCN3_dc463846,TCN3,loso_subject_S016,6,0.010849247973701908,,0.077650016418411,,0.0009913533761814533
TCN3_dc463846,TCN3,loso_subject_S016,7,0.00843086385170632,,0.06879781165607174,,0.000987566464178954
TCN3_dc463846,TCN3,loso_subject_S016,8,0.007234781770779684,,0.06395150646167849,,0.0009831048564041408
TCN3_dc463846,TCN3,loso_subject_S016,9,0.006091595284051534,,0.058639686564657706,,0.0009779754323328187
TCN3_dc463846,TCN3,loso_subject_S016,10,0.005021556040856378,,0.05351988744519991,,0.0009721861011651174
TCN3_dc463846,TCN3,loso_subject_S016,11,0.004533785047014581,,0.050925984719004135,,0.0009657457896300785
TCN3_dc463846,TCN3,loso_subject_S016,12,0.003957262613508481,,0.04661294066874016,,0.000958664428221286
TCN3_dc463846,TCN3,loso_subject_S016,13,0.0036889138780084835,,0.0445739905831801,,0.000950952935884765
TCN3_dc463846,TCN3,loso_subject_S016,14,0.003192679343580321,,0.041375219921803666,,0.0009426232031827582
TCN3_dc463846,TCN3,loso_subject_S016,15,0.0030615084408844844,,0.04060932917984817,,0.0009336880739593409
TCN3_dc463846,TCN3,loso_subject_S016,16,0.0029028395812548996,,0.03944572142198003,,0.0009241613255361449
TCN3_dc463846,TCN3,loso_subject_S016,17,0.00248129939006257,,0.03669662297211448,,0.0009140576474687258
TCN3_dc463846,TCN3,loso_subject_S016,18,0.0024362651933354123,,0.03561074307672779,,0.0009033926188963346
TCN3_dc463846,TCN3,loso_subject_S016,19,0.0022537231566409402,,0.03430864185933773,,0.0008921826845200134
TCN3_dc463846,TCN3,loso_subject_S016,20,0.002303715591161604,,0.03497678020484646,,0.000880445129246058
TCN3_dc463846,TCN3,loso_subject_S016,21,0.0019361616712158432,,0.03158998325087589,,0.0008681980515339459
TCN3_dc463846,TCN3,loso_subject_S016,22,0.0018051709285650112,,0.030886114462610862,,0.0008554603354898234
TCN3_dc463846,TCN3,loso_subject_S016,23,0.0017828391680753623,,0.030409862604441656,,0.0008422516217485822
TCN3_dc463846,TCN3,loso_subject_S016,24,0.0015498741193432312,,0.028379803798074057,,0.0008285922771894248
TCN3_dc463846,TCN3,loso_subject_S016,25,0.0016102499157519905,,0.0289709961426322,,0.0008145033635316124
TCN3_dc463846,TCN3,loso_subject_S016,26,0.0015965830348993854,,0.029552208958817872,,0.0008000066048588205
TCN3_dc463846,TCN3,loso_subject_S016,27,0.0013811142138897095,,0.02672290328101083,,0.0007851243541221765
TCN3_dc463846,TCN3,loso_subject_S016,28,0.0013465634834310964,,0.026458162729486066,,0.0007698795586736293
TCN3_dc463846,TCN3,loso_subject_S016,29,0.0013611748803347029,,0.026626570554744784,,0.0007542957248827956
TCN3_dc463846,TCN3,loso_subject_S016,30,0.0013160491078198155,,0.025818092034425557,,0.0007383968818918422
TCN3_dc463846,TCN3,loso_subject_S016,31,0.0011968107657799193,,0.02479251049678703,,0.00072220754456429
TCN3_dc463846,TCN3,loso_subject_S016,32,0.0011540639250733997,,0.024501738126012657,,0.0007057526756848715
TCN3_dc463846,TCN3,loso_subject_S016,33,0.0012041828373506986,,0.024388163992211262,,0.000689057647468726
TCN3_dc463846,TCN3,loso_subject_S016,34,0.0010857657231665128,,0.023073992035264303,,0.000672148202439283
TCN3_dc463846,TCN3,loso_subject_S016,35,0.0011281572396544884,,0.02371155541020648,,0.0006550504137351571
TCN3_dc463846,TCN3,loso_subject_S016,36,0.0010163077990020108,,0.022448270848824895,,0.0006377906449072574
TCN3_dc463846,TCN3,loso_subject_S016,37,0.001031202673612427,,0.022815771825391868,,0.0006203955092681036
TCN3_dc463846,TCN3,loso_subject_S016,38,0.0010944328721220688,,0.023666023998334004,,0.0006028918288560267
TCN3_dc463846,TCN3,loso_subject_S016,39,0.0009316143415301499,,0.02155195980584973,,0.00058530659307753
TCN3_dc463846,TCN3,loso_subject_S016,40,0.0009364211952423642,,0.02174222758963664,,0.0005676669170915806
TCN3_dc463846,TCN3,loso_subject_S016,41,0.0009614572658680439,,0.02185618304635021,,0.0005499999999999997
TCN3_dc463846,TCN3,loso_subject_S016,42,0.0008631845397485205,,0.02098298645590809,,0.000532333082908419
TCN3_dc463846,TCN3,loso_subject_S016,43,0.0008910361781339323,,0.020735286126267814,,0.0005146934069224697
TCN3_dc463846,TCN3,loso_subject_S016,44,0.0009073453420715721,,0.02130248840029374,,0.000497108171143973
TCN3_dc463846,TCN3,loso_subject_S016,45,0.0008328209090266307,,0.020287389964384624,,0.00047960449073189616
TCN3_dc463846,TCN3,loso_subject_S016,46,0.0007773360325492939,,0.019438987667734758,,0.00046220935509274226
TCN3_dc463846,TCN3,loso_subject_S016,47,0.0007659655481629354,,0.019723211961920714,,0.00044494958626484254
TCN3_dc463846,TCN3,loso_subject_S016,48,0.0007562690877028549,,0.019548512321095363,,0.00042785179756071645
TCN3_dc463846,TCN3,loso_subject_S016,49,0.000736550904246142,,0.018997320271129582,,0.0004109423525312737
TCN3_dc463846,TCN3,loso_subject_S016,50,0.0007654612823220934,,0.019458194280757343,,0.0003942473243151282
TCN3_dc463846,TCN3,loso_subject_S016,51,0.0007419531616249969,,0.018962486989136995,,0.0003777924554357096
TCN3_dc463846,TCN3,loso_subject_S016,52,0.0007008130507026837,,0.0186143045191311,,0.0003616031181081575
TCN3_dc463846,TCN3,loso_subject_S016,53,0.0007752486128995479,,0.01942696856789231,,0.000345704275117204
TCN3_dc463846,TCN3,loso_subject_S016,54,0.0007099557587447459,,0.018344994684326744,,0.00033012044132637024
TCN3_dc463846,TCN3,loso_subject_S016,55,0.0006932908517430879,,0.018280103203438564,,0.00031487564587782306
TCN3_dc463846,TCN3,loso_subject_S016,56,0.0007138093651007691,,0.018280563558933722,,0.00029999339514117897
TCN3_dc463846,TCN3,loso_subject_S016,57,0.0006484776721573148,,0.017762406616803787,,0.0002854966364683872
TCN3_dc463846,TCN3,loso_subject_S016,58,0.000643505463822952,,0.017686400327821518,,0.0002714077228105749
TCN3_dc463846,TCN3,loso_subject_S016,59,0.0006342197231724909,,0.01741906397054646,,0.00025774837825141746
TCN3_dc463846,TCN3,loso_subject_S016,60,0.000621942102508969,,0.01730852225051329,,0.0002445396645101764
TCN3_dc463846,TCN3,loso_subject_S016,61,0.0006241182240797332,,0.017157607175030273,,0.0002318019484660537
TCN3_dc463846,TCN3,loso_subject_S016,62,0.000575899771254275,,0.016942219224436353,,0.00021955487075394156
TCN3_dc463846,TCN3,loso_subject_S016,63,0.0006157068480130774,,0.016776586310992932,,0.0002078173154799862
TCN3_dc463846,TCN3,loso_subject_S016,64,0.0006461776075160615,,0.017350999873141502,,0.00019660738110366478
TCN3_dc463846,TCN3,loso_subject_S016,65,0.0005939311172186469,,0.016865461919926127,,0.00018594235253127373
TCN3_dc463846,TCN3,loso_subject_S016,66,0.0005631015881653825,,0.016429317595771747,,0.00017583867446385477
TCN3_dc463846,TCN3,loso_subject_S016,67,0.0005905558139799867,,0.0166891166246209,,0.00016631192604065853
TCN3_dc463846,TCN3,loso_subject_S016,68,0.0005855637430225876,,0.01658052286437785,,0.00015737679681724137
TCN3_dc463846,TCN3,loso_subject_S016,69,0.0006027460738394819,,0.01647219720518781,,0.0001490470641152345
TCN3_dc463846,TCN3,loso_subject_S016,70,0.0005457813372609552,,0.016009358731635295,,0.00014133557177871338
TCN3_dc463846,TCN3,loso_subject_S016,71,0.000554271535317466,,0.01627086616563174,,0.00013425421036992097
TCN3_dc463846,TCN3,loso_subject_S016,72,0.0005626800752821661,,0.016155120349881157,,0.00012781389883488212
TCN3_dc463846,TCN3,loso_subject_S016,73,0.0005296185536524806,,0.015808078972248226,,0.0001220245676671809
TCN3_dc463846,TCN3,loso_subject_S016,74,0.000539217647052702,,0.015865932386018956,,0.00011689514359585877
TCN3_dc463846,TCN3,loso_subject_S016,75,0.0005155383725026398,,0.015574041267122883,,0.00011243353582104555
TCN3_dc463846,TCN3,loso_subject_S016,76,0.000526793614147236,,0.015840471225313783,,0.0001086466238185463
TCN3_dc463846,TCN3,loso_subject_S016,77,0.0005137613474674792,,0.015631022675826785,,0.00010554024673218805
TCN3_dc463846,TCN3,loso_subject_S016,78,0.000544948261805458,,0.016003855354284953,,0.00010311919437028317
TCN3_dc463846,TCN3,loso_subject_S016,79,0.0005303370771335373,,0.01565749830399058,,0.00010138719982009242
TCN3_dc463846,TCN3,loso_subject_S016,80,0.00054113555546031,,0.015890859242219068,,0.0001003469336916747
TCN3_dc463846,TCN3,loso_subject_S017,1,0.2833948582360317,,0.38937001303469515,,0.001
TCN3_dc463846,TCN3,loso_subject_S017,2,0.053360589664089846,,0.1663005371460952,,0.0009996530663083252
TCN3_dc463846,TCN3,loso_subject_S017,3,0.028143781388790094,,0.1215733731299972,,0.0009986128001799074
TCN3_dc463846,TCN3,loso_subject_S017,4,0.019710969705650946,,0.10328290205523347,,0.0009968808056297167
TCN3_dc463846,TCN3,loso_subject_S017,5,0.013145843562419154,,0.08444713555107235,,0.0009944597532678117
TCN3_dc463846,TCN3,loso_subject_S017,6,0.010057458712786287,,0.07393180061622782,,0.0009913533761814533
TCN3_dc463846,TCN3,loso_subject_S017,7,0.00831744584997517,,0.06592551492071282,,0.000987566464178954
TCN3_dc463846,TCN3,loso_subject_S017,8,0.007196656333756614,,0.06006972486186698,,0.0009831048564041408
TCN3_dc463846,TCN3,loso_subject_S017,9,0.006009279348218756,,0.056292049863234654,,0.0009779754323328187
TCN3_dc463846,TCN3,loso_subject_S017,10,0.005544824468788367,,0.054156832270745865,,0.0009721861011651174
TCN3_dc463846,TCN3,loso_subject_S017,11,0.004314205391658833,,0.04765586208732643,,0.0009657457896300785
TCN3_dc463846,TCN3,loso_subject_S017,12,0.0040115587456232005,,0.0464209685943483,,0.000958664428221286
TCN3_dc463846,TCN3,loso_subject_S017,13,0.0037409274766514516,,0.04413038415513031,,0.000950952935884765
TCN3_dc463846,TCN3,loso_subject_S017,14,0.0031249720329606244,,0.040393099302419036,,0.0009426232031827582
TCN3_dc463846,TCN3,loso_subject_S017,15,0.0027974302156095216,,0.038182285292719796,,0.0009336880739593409
TCN3_dc463846,TCN3,loso_subject_S017,16,0.002660797823178517,,0.037030681103003386,,0.0009241613255361449
TCN3_dc463846,TCN3,loso_subject_S017,17,0.002611165585533486,,0.03724571027717563,,0.0009140576474687258
TCN3_dc463846,TCN3,loso_subject_S017,18,0.0023883922099805195,,0.03540150230287779,,0.0009033926188963346
TCN3_dc463846,TCN3,loso_subject_S017,19,0.0021237205131792395,,0.033298006894774496,,0.0008921826845200134
TCN3_dc463846,TCN3,loso_subject_S017,20,0.0019522263356708547,,0.03137448779488773,,0.000880445129246058
TCN3_dc463846,TCN3,loso_subject_S017,21,0.001884166230262967,,0.030938655045230645,,0.0008681980515339459
TCN3_dc463846,TCN3,loso_subject_S017,22,0.0018532281558138865,,0.030679423216842708,,0.0008554603354898234
TCN3_dc463846,TCN3,loso_subject_S017,23,0.001657877072265232,,0.029848850403840724,,0.0008422516217485822
TCN3_dc463846,TCN3,loso_subject_S017,24,0.0015645020922108782,,0.0282946887363906,,0.0008285922771894248
TCN3_dc463846,TCN3,loso_subject_S017,25,0.0014090381310391136,,0.02743871264937307,,0.0008145033635316124
TCN3_dc463846,TCN3,loso_subject_S017,26,0.0013424392286582364,,0.026554763408630874,,0.0008000066048588205
TCN3_dc463846,TCN3,loso_subject_S017,27,0.0013007629466668669,,0.025708530250316917,,0.0007851243541221765
TCN3_dc463846,TCN3,loso_subject_S017,28,0.0012207167897957606,,0.025270737392019314,,0.0007698795586736293
TCN3_dc463846,TCN3,loso_subject_S017,29,0.0011743317356499455,,0.025222827279286965,,0.0007542957248827956
TCN3_dc463846,TCN3,loso_subject_S017,30,0.0011609067711138088,,0.024287439687086017,,0.0007383968818918422
TCN3_dc463846,TCN3,loso_subject_S017,31,0.0012001471921169744,,0.024614880461736842,,0.00072220754456429
TCN3_dc463846,TCN3,loso_subject_S017,32,0.0011879870091815537,,0.025198524473193984,,0.0007057526756848715
TCN3_dc463846,TCN3,loso_subject_S017,33,0.0011122773767687868,,0.023780625066724684,,0.000689057647468726
TCN3_dc463846,TCN3,loso_subject_S017,34,0.0010839950366520713,,0.023767291933363754,,0.000672148202439283
TCN3_dc463846,TCN3,loso_subject_S017,35,0.0009729576284026866,,0.022295997505840288,,0.0006550504137351571
TCN3_dc463846,TCN3,loso_subject_S017,36,0.0009238367885222102,,0.02195502762654017,,0.0006377906449072574
TCN3_dc463846,TCN3,loso_subject_S017,37,0.0008926316236153053,,0.02180029565903321,,0.0006203955092681036
TCN3_dc463846,TCN3,loso_subject_S017,38,0.0008848150353768278,,0.02157806269685643,,0.0006028918288560267
TCN3_dc463846,TCN3,loso_subject_S017,39,0.0009856476161412542,,0.022576891206317243,,0.00058530659307753
TCN3_dc463846,TCN3,loso_subject_S017,40,0.0008375986043957287,,0.020609145595871042,,0.0005676669170915806
TCN3_dc463846,TCN3,loso_subject_S017,41,0.00078959605505749,,0.019753326109908105,,0.0005499999999999997
TCN3_dc463846,TCN3,loso_subject_S017,42,0.0008470871364975538,,0.020322203334460054,,0.000532333082908419
TCN3_dc463846,TCN3,loso_subject_S017,43,0.0007646121968653606,,0.019856363792768963,,0.0005146934069224697
TCN3_dc463846,TCN3,loso_subject_S017,44,0.0007391195259422603,,0.019316846769276575,,0.000497108171143973
TCN3_dc463846,TCN3,loso_subject_S017,45,0.0006747917221241003,,0.018643816893901998,,0.00047960449073189616
TCN3_dc463846,TCN3,loso_subject_S017,46,0.0007761468689496825,,0.019395164582374662,,0.00046220935509274226
TCN3_dc463846,TCN3,loso_subject_S017,47,0.0007221832531106682,,0.018918607334733533,,0.00044494958626484254
TCN3_dc463846,TCN3,loso_subject_S017,48,0.0007928972941336024,,0.02003782948082037,,0.00042785179756071645
TCN3_dc463846,TCN3,loso_subject_S017,49,0.0007251696002900648,,0.018952352313248436,,0.0004109423525312737
TCN3_dc463846,TCN3,loso_subject_S017,50,0.0006978728651690512,,0.018468274044075566,,0.0003942473243151282
TCN3_dc463846,TCN3,loso_subject_S017,51,0.0006403233752605199,,0.017895219507347886,,0.0003777924554357096
TCN3_dc463846,TCN3,loso_subject_S017,52,0.0006901492087848381,,0.01851221869763723,,0.0003616031181081575
TCN3_dc463846,TCN3,loso_subject_S017,53,0.0006456671134358565,,0.018157982890740648,,0.000345704275117204
TCN3_dc463846,TCN3,loso_subject_S017,54,0.0006668235699831429,,0.01810234629365094,,0.00033012044132637024
TCN3_dc463846,TCN3,loso_subject_S017,55,0.0006454921944343186,,0.01789531595651496,,0.00031487564587782306
TCN3_dc463846,TCN3,loso_subject_S017,56,0.0006187454760659256,,0.017538742196055963,,0.00029999339514117897
TCN3_dc463846,TCN3,loso_subject_S017,57,0.0006319953050994868,,0.017483524397149383,,0.0002854966364683872
TCN3_dc463846,TCN3,loso_subject_S017,58,0.0005997153592580139,,0.017005014958529806,,0.0002714077228105749
TCN3_dc463846,TCN3,loso_subject_S017,59,0.0005791068857160793,,0.016798639951525644,,0.00025774837825141746
TCN3_dc463846,TCN3,loso_subject_S017,60,0.0005679257721616105,,0.016739008495642832,,0.0002445396645101764
TCN3_dc463846,TCN3,loso_subject_S017,61,0.0006095483267609748,,0.016861681603286598,,0.0002318019484660537
TCN3_dc463846,TCN3,loso_subject_S017,62,0.0005698226724946332,,0.016593918103632564,,0.00021955487075394156
TCN3_dc463846,TCN3,loso_subject_S017,63,0.0005661475132778492,,0.016543258129237508,,0.0002078173154799862
TCN3_dc463846,TCN3,loso_subject_S017,64,0.0005506942000363012,,0.01622190871738309,,0.00019660738110366478
TCN3_dc463846,TCN3,loso_subject_S017,65,0.0005516795351681899,,0.016207920062008226,,0.00018594235253127373
TCN3_dc463846,TCN3,loso_subject_S017,66,0.0005608139927315162,,0.016170114915349632,,0.00017583867446385477
TCN3_dc463846,TCN3,loso_subject_S017,67,0.000549192206309373,,0.016172626494770533,,0.00016631192604065853
TCN3_dc463846,TCN3,loso_subject_S017,68,0.0005235358407981763,,0.01620581825852384,,0.00015737679681724137
TCN3_dc463846,TCN3,loso_subject_S017,69,0.0005531495737768892,,0.015942231159921078,,0.0001490470641152345
TCN3_dc463846,TCN3,loso_subject_S017,70,0.0005270986725090678,,0.015820896128960704,,0.00014133557177871338
TCN3_dc463846,TCN3,loso_subject_S017,71,0.0005230462083914169,,0.015841297965316258,,0.00013425421036992097
TCN3_dc463846,TCN3,loso_subject_S017,72,0.0004959839927917835,,0.015410202576187719,,0.00012781389883488212
TCN3_dc463846,TCN3,loso_subject_S017,73,0.000518802363900149,,0.015797915972923272,,0.0001220245676671809
TCN3_dc463846,TCN3,loso_subject_S017,74,0.0004981013081592035,,0.015395366763478314,,0.00011689514359585877
TCN3_dc463846,TCN3,loso_subject_S017,75,0.0004990840542336651,,0.015337672947092668,,0.00011243353582104555
TCN3_dc463846,TCN3,loso_subject_S017,76,0.0005002127136812124,,0.015307456071124678,,0.0001086466238185463
TCN3_dc463846,TCN3,loso_subject_S017,77,0.00048733957720185423,,0.015385718143888144,,0.00010554024673218805
TCN3_dc463846,TCN3,loso_subject_S017,78,0.00048150043928547897,,0.015108509196245602,,0.00010311919437028317
TCN3_dc463846,TCN3,loso_subject_S017,79,0.000507965470091476,,0.01554444078255037,,0.00010138719982009242
TCN3_dc463846,TCN3,loso_subject_S017,80,0.00047759271064449403,,0.015092573219058786,,0.0001003469336916747
TCN3_dc463846,TCN3,loso_subject_S018,1,0.21576137116915126,,0.3350015969849899,,0.001
TCN3_dc463846,TCN3,loso_subject_S018,2,0.04135265549980695,,0.15211280369959282,,0.0009996530663083252
TCN3_dc463846,TCN3,loso_subject_S018,3,0.02246646288638846,,0.11058082980760751,,0.0009986128001799074
TCN3_dc463846,TCN3,loso_subject_S018,4,0.014907484930509134,,0.09028199351733075,,0.0009968808056297167
TCN3_dc463846,TCN3,loso_subject_S018,5,0.011015187820203194,,0.07631444342750375,,0.0009944597532678117
TCN3_dc463846,TCN3,loso_subject_S018,6,0.008821670898284876,,0.06814078391611325,,0.0009913533761814533
TCN3_dc463846,TCN3,loso_subject_S018,7,0.006941537038408348,,0.06092532935671993,,0.000987566464178954
TCN3_dc463846,TCN3,loso_subject_S018,8,0.006302014172502892,,0.057226137719703515,,0.0009831048564041408
TCN3_dc463846,TCN3,loso_subject_S018,9,0.005141580462809706,,0.051182381069488456,,0.0009779754323328187
TCN3_dc463846,TCN3,loso_subject_S018,10,0.00439037230753998,,0.047725919881330875,,0.0009721861011651174
TCN3_dc463846,TCN3,loso_subject_S018,11,0.003992844646520413,,0.045369808411050205,,0.0009657457896300785
TCN3_dc463846,TCN3,loso_subject_S018,12,0.0032161631405548917,,0.04118718681679107,,0.000958664428221286
TCN3_dc463846,TCN3,loso_subject_S018,13,0.003331404280486704,,0.040637458465069616,,0.000950952935884765
TCN3_dc463846,TCN3,loso_subject_S018,14,0.002944134524307347,,0.038108726257296124,,0.0009426232031827582
TCN3_dc463846,TCN3,loso_subject_S018,15,0.0027255853984773874,,0.03753388368917461,,0.0009336880739593409
TCN3_dc463846,TCN3,loso_subject_S018,16,0.002507956415431694,,0.03548257198702096,,0.0009241613255361449
TCN3_dc463846,TCN3,loso_subject_S018,17,0.0024324458933494323,,0.03522512065195447,,0.0009140576474687258
TCN3_dc463846,TCN3,loso_subject_S018,18,0.0022110209566492474,,0.032937085374770095,,0.0009033926188963346
TCN3_dc463846,TCN3,loso_subject_S018,19,0.0018871064041790185,,0.031455752511854576,,0.0008921826845200134
TCN3_dc463846,TCN3,loso_subject_S018,20,0.0018158440569574878,,0.030651926574640654,,0.000880445129246058
TCN3_dc463846,TCN3,loso_subject_S018,21,0.0017813753537766156,,0.029573999289827232,,0.0008681980515339459
TCN3_dc463846,TCN3,loso_subject_S018,22,0.0017077535778729082,,0.029537403592450908,,0.0008554603354898234
TCN3_dc463846,TCN3,loso_subject_S018,23,0.0016655714853189454,,0.029049292642125114,,0.0008422516217485822
TCN3_dc463846,TCN3,loso_subject_S018,24,0.0016763597478388814,,0.02900664562732705,,0.0008285922771894248
TCN3_dc463846,TCN3,loso_subject_S018,25,0.0015318031271216517,,0.026968475782145725,,0.0008145033635316124
TCN3_dc463846,TCN3,loso_subject_S018,26,0.001440708901859487,,0.02652367670722149,,0.0008000066048588205
TCN3_dc463846,TCN3,loso_subject_S018,27,0.001365373868459951,,0.0260139480866335,,0.0007851243541221765
TCN3_dc463846,TCN3,loso_subject_S018,28,0.0013421768357899787,,0.026212107943109842,,0.0007698795586736293
TCN3_dc463846,TCN3,loso_subject_S018,29,0.0013139345785477805,,0.02500488587608998,,0.0007542957248827956
TCN3_dc463846,TCN3,loso_subject_S018,30,0.0012010898584362472,,0.024084280396658806,,0.0007383968818918422
TCN3_dc463846,TCN3,loso_subject_S018,31,0.0013908192902193192,,0.02627578665833714,,0.00072220754456429
TCN3_dc463846,TCN3,loso_subject_S018,32,0.0011766213249018993,,0.0239032380440863,,0.0007057526756848715
TCN3_dc463846,TCN3,loso_subject_S018,33,0.001166613538700975,,0.023851527508339784,,0.000689057647468726
TCN3_dc463846,TCN3,loso_subject_S018,34,0.001229032559156618,,0.02452484877432153,,0.000672148202439283
TCN3_dc463846,TCN3,loso_subject_S018,35,0.0011224767587442517,,0.023298790225534233,,0.0006550504137351571
TCN3_dc463846,TCN3,loso_subject_S018,36,0.0010289649421938744,,0.021932582430331672,,0.0006377906449072574
TCN3_dc463846,TCN3,loso_subject_S018,37,0.0010321987420124539,,0.022449972048310177,,0.0006203955092681036
TCN3_dc463846,TCN3,loso_subject_S018,38,0.000957995842718367,,0.02171184035550529,,0.0006028918288560267
TCN3_dc463846,TCN3,loso_subject_S018,39,0.0009474248701503621,,0.021248059342447976,,0.00058530659307753
TCN3_dc463846,TCN3,loso_subject_S018,40,0.0010172021169947776,,0.021684370016605,,0.0005676669170915806
TCN3_dc463846,TCN3,loso_subject_S018,41,0.0009142400714172024,,0.020960861978001406,,0.0005499999999999997
TCN3_dc463846,TCN3,loso_subject_S018,42,0.0009365408008543708,,0.02039599529349638,,0.000532333082908419
TCN3_dc463846,TCN3,loso_subject_S018,43,0.0008872121923511764,,0.020654192395139256,,0.0005146934069224697
TCN3_dc463846,TCN3,loso_subject_S018,44,0.0009019278882595377,,0.020702450085454252,,0.000497108171143973
TCN3_dc463846,TCN3,loso_subject_S018,45,0.0008924664226193288,,0.02065103967677393,,0.00047960449073189616
TCN3_dc463846,TCN3,loso_subject_S018,46,0.0008586200120201284,,0.019959604831315352,,0.00046220935509274226
TCN3_dc463846,TCN3,loso_subject_S018,47,0.0008149407997723777,,0.019481787378467105,,0.00044494958626484254
TCN3_dc463846,TCN3,loso_subject_S018,48,0.0007976717939900338,,0.01968007277505573,,0.00042785179756071645
TCN3_dc463846,TCN3,loso_subject_S018,49,0.0008504252090928645,,0.020315360649033304,,0.0004109423525312737
TCN3_dc463846,TCN3,loso_subject_S018,50,0.0007888685467789554,,0.019321672897574853,,0.0003942473243151282
TCN3_dc463846,TCN3,loso_subject_S018,51,0.0008400389106270962,,0.020257025020056538,,0.0003777924554357096
TCN3_dc463846,TCN3,loso_subject_S018,52,0.0008032446893808809,,0.01955018500478166,,0.0003616031181081575
TCN3_dc463846,TCN3,loso_subject_S018,53,0.0007133282103427128,,0.01826097475899659,,0.000345704275117204
TCN3_dc463846,TCN3,loso_subject_S018,54,0.0007539045622806868,,0.01843925991676586,,0.00033012044132637024
TCN3_dc463846,TCN3,loso_subject_S018,55,0.0007035087592025158,,0.018253498383568267,,0.00031487564587782306
TCN3_dc463846,TCN3,loso_subject_S018,56,0.0007540614310741788,,0.018610450710803417,,0.00029999339514117897
TCN3_dc463846,TCN3,loso_subject_S018,57,0.0006882628071998925,,0.018092708868978864,,0.0002854966364683872
TCN3_dc463846,TCN3,loso_subject_S018,58,0.000694943939850977,,0.018090733411692036,,0.0002714077228105749
TCN3_dc463846,TCN3,loso_subject_S018,59,0.0006849815228755121,,0.017822937170986066,,0.00025774837825141746
TCN3_dc463846,TCN3,loso_subject_S018,60,0.0007236021743355003,,0.018096195877577617,,0.0002445396645101764
TCN3_dc463846,TCN3,loso_subject_S018,61,0.0006339213849565719,,0.017449709509917546,,0.0002318019484660537
TCN3_dc463846,TCN3,loso_subject_S018,62,0.0006687690430744704,,0.01773463603134447,,0.00021955487075394156
TCN3_dc463846,TCN3,loso_subject_S018,63,0.0006556543660836759,,0.01729165938978019,,0.0002078173154799862
TCN3_dc463846,TCN3,loso_subject_S018,64,0.0006416489712139619,,0.017228069040151273,,0.00019660738110366478
TCN3_dc463846,TCN3,loso_subject_S018,65,0.0006788891728686433,,0.017357508295241898,,0.00018594235253127373
TCN3_dc463846,TCN3,loso_subject_S018,66,0.0006268307699376579,,0.016949776385803174,,0.00017583867446385477
TCN3_dc463846,TCN3,loso_subject_S018,67,0.000645024948661837,,0.01692637398039428,,0.00016631192604065853
TCN3_dc463846,TCN3,loso_subject_S018,68,0.0006861617060859985,,0.017524618938246875,,0.00015737679681724137
TCN3_dc463846,TCN3,loso_subject_S018,69,0.0006270293995951188,,0.016645399028089834,,0.0001490470641152345
TCN3_dc463846,TCN3,loso_subject_S018,70,0.0006137025809871542,,0.016652560741307474,,0.00014133557177871338
TCN3_dc463846,TCN3,loso_subject_S018,71,0.0006596506316234095,,0.017241285156305457,,0.00013425421036992097
TCN3_dc463846,TCN3,loso_subject_S018,72,0.0006275215685833698,,0.016752069767150882,,0.00012781389883488212
TCN3_dc463846,TCN3,loso_subject_S018,73,0.0006103796176692274,,0.016395885005289393,,0.0001220245676671809
TCN3_dc463846,TCN3,loso_subject_S018,74,0.0005933574173721135,,0.016604965018134417,,0.00011689514359585877
TCN3_dc463846,TCN3,loso_subject_S018,75,0.0005866399657410259,,0.01630751429503743,,0.00011243353582104555
TCN3_dc463846,TCN3,loso_subject_S018,76,0.0005820823607073271,,0.01618507406597444,,0.0001086466238185463
TCN3_dc463846,TCN3,loso_subject_S018,77,0.0006007914833966298,,0.016423773053067522,,0.00010554024673218805
TCN3_dc463846,TCN3,loso_subject_S018,78,0.0005897278439943392,,0.016252427824099653,,0.00010311919437028317
TCN3_dc463846,TCN3,loso_subject_S018,79,0.0005591451838346787,,0.015937824270758245,,0.00010138719982009242
TCN3_dc463846,TCN3,loso_subject_S018,80,0.000547822845368643,,0.01594228905017523,,0.0001003469336916747
TCN3_dc463846,TCN3,loso_subject_S019,1,0.300436624240612,,0.39752956780892607,,0.001
TCN3_dc463846,TCN3,loso_subject_S019,2,0.06501579522639983,,0.19036337166836584,,0.0009996530663083252
TCN3_dc463846,TCN3,loso_subject_S019,3,0.032459245567055615,,0.13429402149208294,,0.0009986128001799074
TCN3_dc463846,TCN3,loso_subject_S019,4,0.021440648377826978,,0.10966037326096402,,0.0009968808056297167
TCN3_dc463846,TCN3,loso_subject_S019,5,0.01575179480648212,,0.09223264631548557,,0.0009944597532678117
TCN3_dc463846,TCN3,loso_subject_S019,6,0.01232090165911721,,0.0831438734503303,,0.0009913533761814533
TCN3_dc463846,TCN3,loso_subject_S019,7,0.00989104214242225,,0.07412681877978676,,0.000987566464178954
TCN3_dc463846,TCN3,loso_subject_S019,8,0.007668845907187947,,0.06485449440471758,,0.0009831048564041408
TCN3_dc463846,TCN3,loso_subject_S019,9,0.006864838839123072,,0.061574251688377005,,0.0009779754323328187
TCN3_dc463846,TCN3,loso_subject_S019,10,0.0055326365069589024,,0.055020947744459425,,0.0009721861011651174
TCN3_dc463846,TCN3,loso_subject_S019,11,0.005244858521978572,,0.05277264741557212,,0.0009657457896300785
TCN3_dc463846,TCN3,loso_subject_S019,12,0.004666375195267396,,0.05010841583818083,,0.000958664428221286
TCN3_dc463846,TCN3,loso_subject_S019,13,0.003930256043910416,,0.04606421105628928,,0.000950952935884765
TCN3_dc463846,TCN3,loso_subject_S019,14,0.0037849749669581494,,0.04437008225892746,,0.0009426232031827582
TCN3_dc463846,TCN3,loso_subject_S019,15,0.0033750974457636552,,0.042772074977880686,,0.0009336880739593409
TCN3_dc463846,TCN3,loso_subject_S019,16,0.003147500811394107,,0.040970345178884746,,0.0009241613255361449
TCN3_dc463846,TCN3,loso_subject_S019,17,0.0029018492170792666,,0.038388054794411555,,0.0009140576474687258
TCN3_dc463846,TCN3,loso_subject_S019,18,0.0025242919150786913,,0.03672437149413711,,0.0009033926188963346
TCN3_dc463846,TCN3,loso_subject_S019,19,0.0025297902315388875,,0.03581648029823116,,0.0008921826845200134
TCN3_dc463846,TCN3,loso_subject_S019,20,0.0022648206261230474,,0.03428019009219777,,0.000880445129246058
TCN3_dc463846,TCN3,loso_subject_S019,21,0.00225132434658936,,0.03448206784848034,,0.0008681980515339459
TCN3_dc463846,TCN3,loso_subject_S019,22,0.002074800136956444,,0.03319663735145107,,0.0008554603354898234
TCN3_dc463846,TCN3,loso_subject_S019,23,0.002138557663589554,,0.03277216864899297,,0.0008422516217485822
TCN3_dc463846,TCN3,loso_subject_S019,24,0.0018642459930512563,,0.03113212589470913,,0.0008285922771894248
TCN3_dc463846,TCN3,loso_subject_S019,25,0.0017266839443481714,,0.029328737807480694,,0.0008145033635316124
TCN3_dc463846,TCN3,loso_subject_S019,26,0.0017476844550082652,,0.029598975966071146,,0.0008000066048588205
TCN3_dc463846,TCN3,loso_subject_S019,27,0.0015841031534701085,,0.02863313168903589,,0.0007851243541221765
TCN3_dc463846,TCN3,loso_subject_S019,28,0.0016858528506583992,,0.02919756045876429,,0.0007698795586736293
TCN3_dc463846,TCN3,loso_subject_S019,29,0.0014340366621897057,,0.027069469353022846,,0.0007542957248827956
TCN3_dc463846,TCN3,loso_subject_S019,30,0.001445678456051845,,0.027125973201559545,,0.0007383968818918422
TCN3_dc463846,TCN3,loso_subject_S019,31,0.0013398675438706412,,0.026060391314095294,,0.00072220754456429
TCN3_dc463846,TCN3,loso_subject_S019,32,0.0016216237424496434,,0.029078076232865825,,0.0007057526756848715
TCN3_dc463846,TCN3,loso_subject_S019,33,0.0013920609742798672,,0.026603246052203326,,0.000689057647468726
TCN3_dc463846,TCN3,loso_subject_S019,34,0.0012958194315237641,,0.02522564277541228,,0.000672148202439283
TCN3_dc463846,TCN3,loso_subject_S019,35,0.0012020519678138165,,0.02519722891428932,,0.0006550504137351571
TCN3_dc463846,TCN3,loso_subject_S019,36,0.0011279055677705908,,0.023834192810682636,,0.0006377906449072574
TCN3_dc463846,TCN3,loso_subject_S019,37,0.0011798666167124202,,0.023965735660909645,,0.0006203955092681036
TCN3_dc463846,TCN3,loso_subject_S019,38,0.0011519939534459492,,0.024076288589496717,,0.0006028918288560267
TCN3_dc463846,TCN3,loso_subject_S019,39,0.0010415545489553845,,0.023298633697808647,,0.00058530659307753
TCN3_dc463846,TCN3,loso_subject_S019,40,0.0009922364288748428,,0.022527081819425497,,0.0005676669170915806
TCN3_dc463846,TCN3,loso_subject_S019,41,0.0010205443917985521,,0.022645399597911845,,0.0005499999999999997
TCN3_dc463846,TCN3,loso_subject_S019,42,0.001022404560255676,,0.02241359727931804,,0.000532333082908419
TCN3_dc463846,TCN3,loso_subject_S019,43,0.0009997690064588393,,0.022388776862857385,,0.0005146934069224697
TCN3_dc463846,TCN3,loso_subject_S019,44,0.0009594973616753801,,0.02195843124662288,,0.000497108171143973
TCN3_dc463846,TCN3,loso_subject_S019,45,0.000953245399679102,,0.021713333020931456,,0.00047960449073189616
TCN3_dc463846,TCN3,loso_subject_S019,46,0.0009049115559449201,,0.021480106249519536,,0.00046220935509274226
TCN3_dc463846,TCN3,loso_subject_S019,47,0.0009410356419643108,,0.0220174040629692,,0.00044494958626484254
TCN3_dc463846,TCN3,loso_subject_S019,48,0.0008553187637872239,,0.020879537117191878,,0.00042785179756071645
TCN3_dc463846,TCN3,loso_subject_S019,49,0.0008020530151391955,,0.02009905497564732,,0.0004109423525312737
TCN3_dc463846,TCN3,loso_subject_S019,50,0.0008100738838963639,,0.020403991182733953,,0.0003942473243151282
TCN3_dc463846,TCN3,loso_subject_S019,51,0.0007700800771522735,,0.019567334414040294,,0.0003777924554357096
TCN3_dc463846,TCN3,loso_subject_S019,52,0.0007922475256337212,,0.020187380593407165,,0.0003616031181081575
TCN3_dc463846,TCN3,loso_subject_S019,53,0.0008306343390497314,,0.020483953424537137,,0.000345704275117204
TCN3_dc463846,TCN3,loso_subject_S019,54,0.0007965111406193573,,0.019614645115746517,,0.00033012044132637024
TCN3_dc463846,TCN3,loso_subject_S019,55,0.0007890115601075582,,0.019782665729799524,,0.00031487564587782306
TCN3_dc463846,TCN3,loso_subject_S019,56,0.0007487955849841002,,0.01957835935714305,,0.00029999339514117897
TCN3_dc463846,TCN3,loso_subject_S019,57,0.0007620346211465784,,0.019526029691815668,,0.0002854966364683872
TCN3_dc463846,TCN3,loso_subject_S019,58,0.0007094302573721154,,0.018786024846739822,,0.0002714077228105749
TCN3_dc463846,TCN3,loso_subject_S019,59,0.0007049182063872676,,0.018819604681715334,,0.00025774837825141746
TCN3_dc463846,TCN3,loso_subject_S019,60,0.0007232722184936462,,0.018972201979253277,,0.0002445396645101764
TCN3_dc463846,TCN3,loso_subject_S019,61,0.0007261119274010564,,0.018743887198635185,,0.0002318019484660537
TCN3_dc463846,TCN3,loso_subject_S019,62,0.0006352188836037591,,0.01784503184548813,,0.00021955487075394156
TCN3_dc463846,TCN3,loso_subject_S019,63,0.0006842202714001619,,0.018472827570770775,,0.0002078173154799862
TCN3_dc463846,TCN3,loso_subject_S019,64,0.0006850436991589066,,0.01849056856006206,,0.00019660738110366478
TCN3_dc463846,TCN3,loso_subject_S019,65,0.0006766326661746266,,0.01816218883606099,,0.00018594235253127373
TCN3_dc463846,TCN3,loso_subject_S019,66,0.000658007828409637,,0.01826095009660704,,0.00017583867446385477
TCN3_dc463846,TCN3,loso_subject_S019,67,0.0006462283631670983,,0.017933474167139436,,0.00016631192604065853
TCN3_dc463846,TCN3,loso_subject_S019,68,0.0006692397447033301,,0.017978091367422136,,0.00015737679681724137
TCN3_dc463846,TCN3,loso_subject_S019,69,0.0005835111756205801,,0.01713737256791021,,0.0001490470641152345
TCN3_dc463846,TCN3,loso_subject_S019,70,0.0006004862573801332,,0.017405320018336643,,0.00014133557177871338
TCN3_dc463846,TCN3,loso_subject_S019,71,0.000632496199474624,,0.017668688010399565,,0.00013425421036992097
TCN3_dc463846,TCN3,loso_subject_S019,72,0.0006170438618398876,,0.01764291299123786,,0.00012781389883488212
TCN3_dc463846,TCN3,loso_subject_S019,73,0.0006426233772191363,,0.017452633164397383,,0.0001220245676671809
TCN3_dc463846,TCN3,loso_subject_S019,74,0.0006234811892028855,,0.017491011831699193,,0.00011689514359585877
TCN3_dc463846,TCN3,loso_subject_S019,75,0.0006372465030559496,,0.01751112622981568,,0.00011243353582104555
TCN3_dc463846,TCN3,loso_subject_S019,76,0.0006289539331993982,,0.017378989689684085,,0.0001086466238185463
TCN3_dc463846,TCN3,loso_subject_S019,77,0.0006625660009374675,,0.01763234182583776,,0.00010554024673218805
TCN3_dc463846,TCN3,loso_subject_S019,78,0.0005956938464727933,,0.01728975763325728,,0.00010311919437028317
TCN3_dc463846,TCN3,loso_subject_S019,79,0.0005864431543613249,,0.01685174884156432,,0.00010138719982009242
TCN3_dc463846,TCN3,loso_subject_S019,80,0.0005783323948992997,,0.01687958953027929,,0.0001003469336916747
